지점,지점명,일시,평균기온(°C),최저기온(°C),최고기온(°C),일강수량(mm),평균 풍속(m/s),평균 상대습도(%),합계 일조시간(hr),합계 일사량(MJ/m2)
90,속초,2024-05-20,14.4,12.8,15.8,.9,1.7,78,0,6.7
90,속초,2024-05-21,15.6,12.3,19.2,,2.7,75.5,9.7,27.32
90,속초,2024-05-22,17.9,11.9,23,,2.9,75.3,13.7,30.05
90,속초,2024-05-23,26.7,17.5,33.2,,2.3,36.8,12.6,29.2
90,속초,2024-05-24,16.6,13.3,20.9,.2,2.5,74.8,2.4,11.64
90,속초,2024-05-25,16.3,11.9,21,,3.2,71.6,5.9,21.54
90,속초,2024-05-26,17.8,14.5,23,,1.9,77.8,1,13.39
90,속초,2024-05-27,20.4,16.9,23.8,,3.2,44.6,10.5,21.97
90,속초,2024-05-28,16.8,12.5,20.5,,2.4,62.4,7,24.27
90,속초,2024-05-29,19.6,11.4,30.3,,1.6,59.5,12.4,27.28
90,속초,2024-05-30,18.6,16.9,21.3,,1.4,68.6,.4,11.8
90,속초,2024-05-31,18,16.1,21.1,,1.8,81.6,8.3,24.71
90,속초,2024-06-01,16.2,14.1,17.7,1.3,2.1,84,1,8.01
90,속초,2024-06-02,15.9,12,19.7,.6,1.6,81.6,6.9,20.28
90,속초,2024-06-03,16.7,11.2,20.4,,2,76.4,13.8,30.91
90,속초,2024-06-04,18,13.3,22.2,,2.9,75,13.6,30.58
90,속초,2024-06-05,19.1,14.3,22.6,,2.1,82,11.4,27.34
90,속초,2024-06-06,19.9,16.8,23.5,,2.1,82.9,10.4,25.82
90,속초,2024-06-07,20.8,17.2,23.6,,2,76.9,8.3,22.03
90,속초,2024-06-08,18.8,17.2,21.1,10.9,1.9,88.3,.7,8.64
90,속초,2024-06-09,22.4,16,26.7,,2.4,70.5,13.4,28.45
90,속초,2024-06-10,23,19.7,27.9,,1.9,69.1,12.4,26.47
90,속초,2024-06-11,24.9,18.7,29.9,,2.1,66.6,13.5,28.78
90,속초,2024-06-12,26.5,21.6,34.2,,1.5,47.9,9.3,24.81
90,속초,2024-06-13,23.2,20.2,26.8,,1.6,73.3,13.6,28.9
90,속초,2024-06-14,22.7,19.8,26.1,,2.6,82.4,9.4,25.66
90,속초,2024-06-15,22.1,20.2,25.5,10,1.7,83.4,2.2,11.87
90,속초,2024-06-16,24.1,18.8,27.4,,2.1,57.8,13.7,30.11
90,속초,2024-06-17,28.6,22.4,34.1,,2.7,34,13.4,29.11
90,속초,2024-06-18,25.8,21.8,30.9,,2.2,57.6,13.7,28.73
90,속초,2024-06-19,24.5,20.2,28.6,,1.9,73.9,13.4,28.83
90,속초,2024-06-20,25.6,21.5,30.5,,1.6,62.4,10.6,26.12
90,속초,2024-06-21,23.8,20.8,28,,2.6,76.5,12.9,28.91
90,속초,2024-06-22,22,21.5,23.2,8.3,1.6,90.1,0,4.91
90,속초,2024-06-23,21.4,20.5,23.7,17.7,1.9,93.3,1,11.73
90,속초,2024-06-24,22.7,20.1,25,,2.4,82,2.4,16.9
90,속초,2024-06-25,22.7,18.5,27,,2.4,57.1,5.2,10.13
90,속초,2024-06-26,23.1,18.2,26.6,,2.2,72.3,13.8,30.63
90,속초,2024-06-27,24.9,19.7,31.3,,2.2,67,12.2,26.62
90,속초,2024-06-28,23.7,20,27.4,,2.3,72,13.5,28.09
90,속초,2024-06-29,24.4,19.6,28.4,20.2,2.2,78.8,11.6,27.44
90,속초,2024-06-30,22.4,20.9,24.4,64.8,2.3,90.9,2.4,10.68
90,속초,2024-07-01,24.7,20.5,31.4,,2.3,80.3,10.6,23.83
90,속초,2024-07-02,21.4,20.9,22.4,44.5,2.2,93.4,0,1.8
90,속초,2024-07-03,26.5,20.7,30.1,.5,3.6,65.3,3.8,16.69
90,속초,2024-07-04,27.8,24.8,31.9,.8,2.8,62.4,7.5,23.31
90,속초,2024-07-05,28,24.5,31.9,1.4,3.6,56.9,10.4,27.14
90,속초,2024-07-06,26.8,23.1,33.1,.1,2.4,69.4,1.3,10.37
90,속초,2024-07-07,27.5,25.3,30.2,,4.1,60.5,1,12.35
90,속초,2024-07-08,25.9,23.5,30.1,2.5,1.5,82.4,1.3,11.08
90,속초,2024-07-09,24.3,22.6,27.3,2.1,1.9,87,3.3,17.45
90,속초,2024-07-10,22.7,21,25,4.4,2.5,90.4,2.3,14.19
90,속초,2024-07-11,24.1,19.2,28.4,,2.3,79,13.1,27.89
90,속초,2024-07-12,24.2,21.9,26.8,,1.7,86.9,9,22.22
90,속초,2024-07-13,23.6,22.2,26.1,,1.5,89.8,0,11.74
90,속초,2024-07-14,22.2,20.4,23.3,.1,1.4,90.3,0,6.22
90,속초,2024-07-15,22.7,21.2,24.8,.2,1.6,90.8,0,6.79
90,속초,2024-07-16,24.5,22.4,27.8,1.1,1.8,89.9,4.4,20.31
90,속초,2024-07-17,25,23.2,28.9,31.6,1.7,88,.3,4.76
90,속초,2024-07-18,24.7,22.1,26.9,6.4,2,87.1,0,3.3
90,속초,2024-07-19,28.4,24.9,32.6,,2.2,64.8,11.8,25.17
90,속초,2024-07-20,27.8,24.9,31.5,0,1.9,69,5.2,13.75
90,속초,2024-07-21,30.4,26.7,32.8,0,4.5,55.3,6.9,18.44
90,속초,2024-07-22,29.8,26.3,33,.3,2.8,64,1.3,7.74
90,속초,2024-07-23,30.3,25,32.6,3.3,3.8,57.8,3.5,12.49
90,속초,2024-07-24,29.6,25.6,34.7,,2.4,65.8,9.4,22.78
90,속초,2024-07-25,29,26.6,33.1,,1.6,73.5,3.2,16.24
90,속초,2024-07-26,27,25.2,29.4,5.4,1.6,89.3,5.1,18.67
90,속초,2024-07-27,27.5,25.8,32.1,4.4,1.1,89.3,.4,9
90,속초,2024-07-28,31.3,26.5,36.5,,2.9,62.8,6.5,21.65
90,속초,2024-07-29,31.8,30.3,34.3,.2,4.5,59.4,6,18.08
90,속초,2024-07-30,32,30,35.2,,2.7,60.1,9.7,24.79
90,속초,2024-07-31,30.3,27.4,34.2,,2.3,67.1,13.2,28.05
90,속초,2024-08-01,31.5,27.1,36.6,,1.9,63.4,12.1,24.64
90,속초,2024-08-02,29.8,27.6,34.2,0,2,74.4,6.8,18.08
90,속초,2024-08-03,31.4,27.2,35.2,,2,66.1,12.8,24.95
90,속초,2024-08-04,28.5,26.5,32.1,,2.4,82.5,4.6,17.37
90,속초,2024-08-05,28.1,26.1,31.8,3.3,2.9,84.3,4.6,17.1
90,속초,2024-08-06,27.3,24.8,30.5,0,2.1,85.5,4.8,16.25
90,속초,2024-08-07,28.5,24.9,31.9,0,1.6,77.4,6.8,18.11
90,속초,2024-08-08,28.2,25.5,30.6,,1.6,78.3,2.8,12.7
90,속초,2024-08-09,28,24.2,31.9,,2.2,82.5,11.3,25.78
90,속초,2024-08-10,27.9,24.1,31.9,,3,81,9.6,23.7
90,속초,2024-08-11,27.1,22.5,31.1,,3.4,80.4,7.1,20.08
90,속초,2024-08-12,26.5,21.9,30.9,,1.7,82.9,9.9,23.5
90,속초,2024-08-13,26.8,23.3,30.4,,1.7,80.5,12.1,25.28
90,속초,2024-08-14,26.9,22.9,30.4,,1.5,80.1,11.5,24.99
90,속초,2024-08-15,26.9,22.6,31.1,,1.8,75.5,12.2,25.52
90,속초,2024-08-16,26.7,23,30.8,,1.7,79.4,7.8,18.64
90,속초,2024-08-17,27.6,23.6,31.7,,2.1,78.6,12.5,25.81
90,속초,2024-08-18,27.5,24.2,31.7,,2.5,79.4,10.3,24.12
90,속초,2024-08-19,28,24.4,31.8,,1.9,79.9,11.7,24.32
90,속초,2024-08-20,27.9,25.2,31.4,23.8,2,86,4.2,17.16
90,속초,2024-08-21,26.7,25.8,27.6,14.7,1.1,93.5,0,2.09
90,속초,2024-08-22,30,26,33.9,.5,2.8,72.1,5,15.25
90,속초,2024-08-23,31.3,28.1,35.3,,3.8,52.5,11.4,24.21
90,속초,2024-08-24,27.4,25,30.3,,1.8,77.8,7.8,19.48
90,속초,2024-08-25,26.5,24.4,29.6,,1.5,83.8,7,19.56
90,속초,2024-08-26,26.2,24.2,29.4,,1.6,86.6,.3,8.74
90,속초,2024-08-27,24.9,22.2,27.7,.4,1.7,84.6,2.3,7.46
90,속초,2024-08-28,25.4,22.3,29.8,.1,2,79.6,6.5,20.02
90,속초,2024-08-29,25.2,21.4,27.7,2.6,2.7,82.3,.7,9.43
90,속초,2024-08-30,24.9,21.9,28.4,1,1.8,81.6,3.7,13.2
90,속초,2024-08-31,24.6,20.7,29.1,,2.5,72.8,8.8,21.34
90,속초,2024-09-01,25.8,20,31.3,,2,75.8,11,23.32
90,속초,2024-09-02,22.3,20.6,25.8,23,1.9,88.4,0,2.46
90,속초,2024-09-03,22.4,19,26.8,,2,74.6,10.5,23.49
90,속초,2024-09-04,23.4,18.4,27.7,,2.8,77.4,11.6,23.24
90,속초,2024-09-05,26.3,21.1,30,,1.8,72.8,4.3,9.7
90,속초,2024-09-06,23.3,21.5,26.1,6,1.9,76.9,0,5.12
90,속초,2024-09-07,23.7,21.2,27.1,.2,1.5,81.5,4,15.4
90,속초,2024-09-08,24.3,20.9,27.7,1.4,1.5,86.8,4.1,15.2
90,속초,2024-09-09,25.4,22.9,29.1,,1.8,86.9,1.8,11.09
90,속초,2024-09-10,26.6,22.6,30.3,,1.9,84,11.4,21.48
90,속초,2024-09-11,24.9,22.4,28.6,.6,1.9,84.8,3.4,8.84
90,속초,2024-09-12,21.9,21.3,23,5.9,1.5,93.5,0,2.52
90,속초,2024-09-13,23.3,21.2,24.8,10.7,1.3,93,0,4.94
90,속초,2024-09-14,22.1,21.2,23.8,18.4,2.1,91.8,0,7.29
90,속초,2024-09-15,20.4,19.3,21.8,39.5,2.4,96.4,0,3.52
90,속초,2024-09-16,21.3,19.4,23.4,.4,1.6,88.1,.1,7.35
90,속초,2024-09-17,24.3,20.8,28.2,0,1.6,87.6,5.4,15.79
90,속초,2024-09-18,23.4,22.4,24.7,70.4,1.2,93.3,0,3.87
90,속초,2024-09-19,24.1,23.1,26.1,.6,1.5,92,.5,8.56
90,속초,2024-09-20,21.9,16.7,26,128.2,3.2,93.3,0,2.3
90,속초,2024-09-21,17.9,17.3,18.4,89.2,6.1,95.4,0,2.53
90,속초,2024-09-22,17.4,15.6,19.8,53,4.1,89.1,0,2.95
90,속초,2024-09-23,17.8,14.2,22.2,,2.2,70.3,7.4,19.69
90,속초,2024-09-24,17.8,13.4,22.6,,2.2,75.3,7.1,17.17
90,속초,2024-09-25,19.7,15.2,23.2,,1.5,85,3.7,13.81
90,속초,2024-09-26,20.8,18.7,24.1,3.8,1.6,89.8,3.1,11.27
90,속초,2024-09-27,20.6,18.3,22.5,6.6,3.2,84.6,.6,5.52
90,속초,2024-09-28,20,16.9,23.5,,2.2,73.4,9.3,18.85
90,속초,2024-09-29,19,15.5,23.5,,1.7,81.5,4.3,10.33
90,속초,2024-09-30,20.5,14,25.8,,2.4,72.3,10.6,19.35
93,북춘천,2024-05-20,18.5,15,23,1.1,.7,82.8,.9,8.26
93,북춘천,2024-05-21,20.4,14.6,28,,1,66.8,12.1,22.66
93,북춘천,2024-05-22,20.1,12.8,27.8,,1.7,68.8,11.5,27.84
93,북춘천,2024-05-23,20.9,12.8,29,,1.6,62.9,12.7,29.3
93,북춘천,2024-05-24,18.7,14.7,22.5,0,1.1,79,1.7,10.82
93,북춘천,2024-05-25,18.6,13.6,24.6,0,1,72.8,3.5,15.84
93,북춘천,2024-05-26,19.5,15.5,24.9,9.2,1.6,79.5,4.6,15.11
93,북춘천,2024-05-27,17.4,12.7,22.5,,2.4,66.8,8.1,20.35
93,북춘천,2024-05-28,17.6,10.7,24.7,,1.5,61.6,12.8,29.45
93,북춘천,2024-05-29,18.6,9.7,28.3,,1.4,64.8,12.6,28.34
93,북춘천,2024-05-30,18.2,12.2,23.1,,.7,72,2.2,13.6
93,북춘천,2024-05-31,20.9,14.6,27.3,,2.2,58.5,10.5,28.59
93,북춘천,2024-06-01,20.4,17.1,26,0,1.2,59.4,8.2,21.32
93,북춘천,2024-06-02,18.5,12.2,24.9,0,1.2,66.9,7.9,22.01
93,북춘천,2024-06-03,18.8,11.1,27.3,,1.6,56,13,29.89
93,북춘천,2024-06-04,20,9.9,29.4,,1.1,58.9,12.2,29.89
93,북춘천,2024-06-05,22.3,13.6,31,,1.1,62.1,11.9,28.01
93,북춘천,2024-06-06,23,16.8,31,,1.1,63,9.9,27.57
93,북춘천,2024-06-07,21.6,14.7,28.6,.1,.9,66.8,9.8,20.93
93,북춘천,2024-06-08,19.1,17.4,23,17,.9,91.6,2.1,8.28
93,북춘천,2024-06-09,22.7,17.4,29.2,,1.3,73.1,11.1,28.52
93,북춘천,2024-06-10,23.7,16.4,30.3,,1.5,72.8,12.2,27.45
93,북춘천,2024-06-11,25.2,19.5,31.8,,1.4,69.1,10.1,25.97
93,북춘천,2024-06-12,24.2,16.2,32.2,,1,67.5,11.9,26.67
93,북춘천,2024-06-13,25.1,17.6,33.9,,1,63.4,13.2,29.38
93,북춘천,2024-06-14,25.6,17.4,33.1,,1.3,61.8,11.7,26.63
93,북춘천,2024-06-15,22.9,19.3,28,3.1,1.1,80,6.1,16.41
93,북춘천,2024-06-16,23.1,16.1,30.1,,1.4,62.8,12.4,29.89
93,북춘천,2024-06-17,22.8,14.3,31.1,,1.6,57.3,12.7,27.88
93,북춘천,2024-06-18,24.4,14.3,34.1,,1.1,60,13.2,28.74
93,북춘천,2024-06-19,26.5,17.4,36,,1.1,60.9,12.6,29.07
93,북춘천,2024-06-20,27,18.9,36.1,,1.1,62.9,12.5,26.89
93,북춘천,2024-06-21,27,18.6,35.3,,1.4,62.6,12.8,27.98
93,북춘천,2024-06-22,23.1,22,25.7,13.7,.6,87.8,0,4.11
93,북춘천,2024-06-23,24.8,21.1,30.4,3,1.5,81,6.5,18.14
93,북춘천,2024-06-24,24,19.7,29.2,0,2,74.8,8.9,22.16
93,북춘천,2024-06-25,21.8,16.2,27.2,,2.1,67.6,8.1,19.26
93,북춘천,2024-06-26,23.3,15.4,30.9,,1,68.6,13,30.17
93,북춘천,2024-06-27,24.1,17.3,31.5,,1.2,67.3,13.3,26.25
93,북춘천,2024-06-28,24.9,16.4,32.9,,1.1,63.8,12.7,28.78
93,북춘천,2024-06-29,25.2,18.1,33.7,26.1,1.1,73.6,9.4,24.4
93,북춘천,2024-06-30,23.4,22.2,24.8,61.5,1.5,93.4,.2,4.6
93,북춘천,2024-07-01,25.3,21.7,30.5,,.9,82.3,6.1,19.84
93,북춘천,2024-07-02,22.4,21.4,24.7,31.2,.9,93,0,2.84
93,북춘천,2024-07-03,23.9,21.3,26.1,5.7,1.8,87.1,.5,7.96
93,북춘천,2024-07-04,25.8,21.2,29.8,7.8,1.9,81,8.4,20.64
93,북춘천,2024-07-05,24.5,21.1,27.9,9.1,3.2,81,8.8,24.15
93,북춘천,2024-07-06,24.1,20.6,29.1,4.5,1.2,90.4,.3,4.87
93,북춘천,2024-07-07,24.1,20.5,27.4,6.3,1.6,87.3,2.4,13.72
93,북춘천,2024-07-08,24,22.9,26.2,21.9,.8,95.4,.2,6.46
93,북춘천,2024-07-09,24.6,22.4,28.3,.1,1,89.6,1.6,11.09
93,북춘천,2024-07-10,25.8,21.9,31.9,2,1.2,79.6,8.9,22.28
93,북춘천,2024-07-11,25.5,20.7,32,,1,82.5,5.7,20.39
93,북춘천,2024-07-12,26.2,22.6,31.1,,.9,82.3,7.5,21.15
93,북춘천,2024-07-13,26.6,22.3,33.3,,1,79,8.6,22.66
93,북춘천,2024-07-14,25.9,20.5,31.3,,1.4,71.9,7.8,19.53
93,북춘천,2024-07-15,26.8,21.7,32,0,1.7,71.8,11,23.85
93,북춘천,2024-07-16,26.3,22.6,32.5,12.9,1.3,82.4,7.9,20.34
93,북춘천,2024-07-17,23.8,22.2,25.6,98.4,.7,97,.2,2.75
93,북춘천,2024-07-18,23.9,23.1,24.7,74.8,1.1,97.4,0,2.33
93,북춘천,2024-07-19,26.6,21.8,32.3,,1.4,81.9,10.5,26.87
93,북춘천,2024-07-20,25.8,22.4,29,22.9,1.3,88.1,2,10.57
93,북춘천,2024-07-21,25.9,22.3,30.6,4.8,2.3,86.9,5.3,15.67
93,북춘천,2024-07-22,26.4,25,28.6,8.8,.8,92.9,1.4,5.54
93,북춘천,2024-07-23,26.3,24.2,28.5,13.4,1.4,90.1,.3,6.57
93,북춘천,2024-07-24,26.9,22.7,31.5,22.6,1.2,88.4,5.8,16.64
93,북춘천,2024-07-25,28.3,23.2,33.3,23,1.3,83.5,7.2,20.11
93,북춘천,2024-07-26,27.7,23.4,34.1,26,1,85.8,6.8,18.46
93,북춘천,2024-07-27,27.9,25.5,33.2,12.7,1,90,4.2,15.49
93,북춘천,2024-07-28,28.7,25.1,32.7,0,1.5,80,6.1,16.57
93,북춘천,2024-07-29,26.9,25.8,28.4,0,2.1,89.8,.4,6.26
93,북춘천,2024-07-30,27.6,25.5,31.5,2.2,2,86.8,4.2,10.28
93,북춘천,2024-07-31,28.6,24.9,33.1,0,1.3,81.9,9,21.84
93,북춘천,2024-08-01,28.8,25.6,33.3,,1.4,84.1,5.7,17.91
93,북춘천,2024-08-02,28.6,26,32.6,0,1.1,86.8,5.1,11.33
93,북춘천,2024-08-03,29.4,25,35.4,,.8,80.6,10.2,20.73
93,북춘천,2024-08-04,30.1,24.1,36.2,,1,74.6,12.3,26.23
93,북춘천,2024-08-05,29,23.8,35,32.8,1.2,82.1,8.3,19.52
93,북춘천,2024-08-06,26,23.3,30.7,6.7,.8,91.6,6.6,13.91
93,북춘천,2024-08-07,27.6,24.8,32.8,.4,.8,88,6.2,15.93
93,북춘천,2024-08-08,27.1,24.3,31.4,0,.9,87.9,4.5,13.81
93,북춘천,2024-08-09,28.3,24.2,34.8,,.9,79.5,9.2,25.01
93,북춘천,2024-08-10,28.5,23.8,34.6,,.9,81.3,9.1,23.26
93,북춘천,2024-08-11,28.8,25.3,34.1,,.8,81.3,7.2,20.92
93,북춘천,2024-08-12,29.6,24.5,35.4,0,1,78,10.2,24.53
93,북춘천,2024-08-13,29.7,24.6,35.6,0,1,77.3,12,23.8
93,북춘천,2024-08-14,29.8,24.9,35.7,,1.1,75.4,11.5,24.89
93,북춘천,2024-08-15,29,23.6,35.3,,1.1,73.3,11.3,23.9
93,북춘천,2024-08-16,29.1,23.8,35.3,,1.1,69,10.8,25.41
93,북춘천,2024-08-17,29.7,24.3,35.7,,1,70.8,12.2,26.14
93,북춘천,2024-08-18,28.9,25.6,35.6,.2,1.1,79.1,9,21.89
93,북춘천,2024-08-19,29.1,24.5,35.7,,1,77.9,9.6,22.97
93,북춘천,2024-08-20,30,24.2,36.2,,1.4,73.5,9.2,20.04
93,북춘천,2024-08-21,26.7,25.3,29.7,51.1,1,95.4,.4,3.27
93,북춘천,2024-08-22,27.7,25.4,30.9,1.5,1.6,87.6,.9,6.64
93,북춘천,2024-08-23,27.5,23.7,32.4,,1.6,81,9.1,18.6
93,북춘천,2024-08-24,26.9,23.4,32.1,,1,83.9,6.9,18.31
93,북춘천,2024-08-25,27.6,23.8,32.5,,.8,81.4,9.5,20.64
93,북춘천,2024-08-26,26.8,23.7,30.9,0,.6,87.3,1.1,11.26
93,북춘천,2024-08-27,25.1,21.2,29.4,0,.9,83.3,4.4,8.99
93,북춘천,2024-08-28,26.1,19,32.8,,1.4,70.6,12,25.05
93,북춘천,2024-08-29,25.4,19.1,30.8,,1.7,73.3,9.1,20.24
93,북춘천,2024-08-30,26.2,20.1,33.8,,1.2,72.6,12,22.57
93,북춘천,2024-08-31,24.7,18.5,32.2,,.8,76.4,11.7,23.02
93,북춘천,2024-09-01,25,20,31.5,,1.2,76.6,10.2,22.07
93,북춘천,2024-09-02,22.8,19.2,26.6,1.5,1,82.6,1.4,7.71
93,북춘천,2024-09-03,23.8,18.5,30.9,,1,65,11.6,22.68
93,북춘천,2024-09-04,24.6,18.3,31.8,,.9,74.5,11.8,23.34
93,북춘천,2024-09-05,24.5,21,28.3,0,.9,87.3,1.2,7.28
93,북춘천,2024-09-06,22.5,20.7,24.3,1.1,.9,81.8,0,3.55
93,북춘천,2024-09-07,23.6,19.9,30.4,.4,.7,81.1,7,18.1
93,북춘천,2024-09-08,24.8,18.8,32,,.8,77.5,10.9,21.38
93,북춘천,2024-09-09,26.9,22.3,33,,.8,79,8.4,19.25
93,북춘천,2024-09-10,27.3,22.1,33.8,,.8,80.6,10.3,18.21
93,북춘천,2024-09-11,28,22.1,35.4,0,1,75.8,9.8,21.1
93,북춘천,2024-09-12,23.4,22.8,25.4,12.1,.7,95.8,0,3.31
93,북춘천,2024-09-13,24.4,22.5,27.4,20.7,.5,95.1,0,4.98
93,북춘천,2024-09-14,26.1,23.2,30.3,34.4,.8,87.5,4.3,12.99
93,북춘천,2024-09-15,25.2,22.8,28,,1.4,74.8,4.1,9.96
93,북춘천,2024-09-16,23.4,19.5,28.5,10,.7,88.4,4.5,12.12
93,북춘천,2024-09-17,26.1,22.4,31,0,.5,89.8,3.2,10.8
93,북춘천,2024-09-18,27.6,24.6,32.4,.5,.6,87.5,5.8,12.46
93,북춘천,2024-09-19,26.8,23.8,31.9,,.7,89.3,5.9,13.94
93,북춘천,2024-09-20,23.6,16.4,28.1,43.2,1.1,92.6,.8,5.4
93,북춘천,2024-09-21,18.8,16,22.3,48.8,1.8,80.1,.2,5.52
93,북춘천,2024-09-22,19.8,15.8,24.4,0,1.9,69.6,6.3,13.65
93,북춘천,2024-09-23,18.4,12.8,23.8,,1.7,64.5,11.3,21.78
93,북춘천,2024-09-24,17,10.4,25,,.7,77,10.9,21.54
93,북춘천,2024-09-25,19.6,13.1,26.6,,.7,82.5,6.4,16.1
93,북춘천,2024-09-26,21.2,18,27.2,12.2,.8,87.5,6.5,14.2
93,북춘천,2024-09-27,21,16,27.5,,1.3,76.1,8.4,17.62
93,북춘천,2024-09-28,20.8,15.4,26.2,,2,66.9,10.1,18.87
93,북춘천,2024-09-29,20.2,13.9,27.2,,1.2,74.4,10.6,19.62
93,북춘천,2024-09-30,19.2,13.4,26.5,,.8,81,9.9,18.87
95,철원,2024-05-20,18,15.9,21.7,.5,.9,86,1.2,5.65
95,철원,2024-05-21,20.1,13.8,27.4,,1.3,69.3,13.2,30.25
95,철원,2024-05-22,18.8,13.8,25.1,,1.3,76.4,8.7,25.4
95,철원,2024-05-23,18.4,11.7,25.4,,1.4,75.1,10.3,27.86
95,철원,2024-05-24,18.1,15.2,22.7,,1.2,86.1,4,11.6
95,철원,2024-05-25,18.9,14.2,24.2,,1.2,75.5,5.3,18.37
95,철원,2024-05-26,18.8,15.3,23.3,6.2,1.8,82.6,3.5,11.63
95,철원,2024-05-27,16.9,12.6,21,,2.1,65.1,8.3,21.73
95,철원,2024-05-28,17.6,10.3,24.4,,1.9,61.9,13.3,30.88
95,철원,2024-05-29,18.8,10.8,26.9,,1.3,63.6,12.7,29.18
95,철원,2024-05-30,17.8,11.9,22.7,,.7,68.1,3.4,13.92
95,철원,2024-05-31,19,12.7,25.1,,1.7,61.9,12,28.73
95,철원,2024-06-01,19.3,15.6,24.6,.2,1.4,64.4,8.8,26.3
95,철원,2024-06-02,17.5,11.6,24.6,.6,1.1,71.4,9.1,24.52
95,철원,2024-06-03,18.6,10.4,26.4,,2,57.1,13.6,31.37
95,철원,2024-06-04,20.2,10.9,28,,1.1,54.9,12.5,30.04
95,철원,2024-06-05,21.8,13.3,29.1,,1,65.4,11.8,27.56
95,철원,2024-06-06,22.8,16,29.7,0,1.2,63.9,10.2,28.04
95,철원,2024-06-07,21.5,15.4,27.3,0,.9,69.9,7.4,19.43
95,철원,2024-06-08,18.1,15.8,21.8,11.8,.8,93.8,1.4,6.71
95,철원,2024-06-09,21,14.7,27.9,,1.1,75.6,8.9,27.28
95,철원,2024-06-10,23,15.9,29.3,,1.2,74.9,12.3,27.87
95,철원,2024-06-11,24.3,19.2,30.6,,1.4,71.9,11.5,27.87
95,철원,2024-06-12,23.4,16.1,30.1,,1.2,68.8,11.5,26.4
95,철원,2024-06-13,24.2,16.2,32.2,,1,65.9,13.3,29.94
95,철원,2024-06-14,24.5,16.8,31.8,,1.3,60.1,11.4,24.7
95,철원,2024-06-15,22.2,19,26.9,0,1.1,78.5,6.1,15.64
95,철원,2024-06-16,22.8,15.9,28.9,,1.4,64.9,11.8,29.31
95,철원,2024-06-17,22.6,13.9,29.5,,1.6,56.6,13.3,28.7
95,철원,2024-06-18,24.4,14.6,32.9,,1.3,63.5,13.2,28.85
95,철원,2024-06-19,25.5,16.6,34.3,,.9,62.6,12.6,29.37
95,철원,2024-06-20,26.5,18.3,35.8,,1.3,58.8,12.7,28.67
95,철원,2024-06-21,26.1,17.4,34.2,,1.2,61.4,12.8,28.42
95,철원,2024-06-22,22.9,21.8,24.7,7,1.2,87.3,0,5.46
95,철원,2024-06-23,24.4,19.3,30.5,27.5,1.8,79.6,7,21.04
95,철원,2024-06-24,22.9,19,28.2,.1,1.4,75,6.5,21.28
95,철원,2024-06-25,21.7,15,26.1,,1.6,66.8,9.6,22.81
95,철원,2024-06-26,23.1,15.2,30,,1.1,68.3,13.1,30.27
95,철원,2024-06-27,23.7,15.8,30.9,,1,68,10.9,26.85
95,철원,2024-06-28,24.5,16.8,31.5,,1.1,63.8,13,28.98
95,철원,2024-06-29,24.6,16.7,32.9,11.8,1,72.3,9.3,23
95,철원,2024-06-30,23.1,21.7,26.1,39.1,2,94.5,3.3,8.72
95,철원,2024-07-01,24.4,21.6,28.8,,1.5,80.3,6.7,18.5
95,철원,2024-07-02,21.8,20.8,24.1,37.8,1.6,93.5,0,2.63
95,철원,2024-07-03,23.2,22.2,24.1,3,2.5,86.9,.1,6.05
95,철원,2024-07-04,25,22,28.2,7.8,1.7,82.6,4.7,16.7
95,철원,2024-07-05,23.5,20.7,27,5.3,2.6,83.1,7.1,20.2
95,철원,2024-07-06,23,19.9,27.4,9.5,1.8,92.6,0,3.49
95,철원,2024-07-07,24.4,20.3,28,2.9,1.7,83.6,4.5,17.1
95,철원,2024-07-08,23.7,22.1,25.3,13.5,1,95.8,.5,5.65
95,철원,2024-07-09,24.2,21.6,28.1,4.2,1.1,89.4,3.2,13.47
95,철원,2024-07-10,24.8,21,30.2,.1,2,82.8,7.8,24.17
95,철원,2024-07-11,24.9,19,30.7,,1.2,83.1,11.6,28.4
95,철원,2024-07-12,25.6,22.3,29.9,,1,83,7.5,21.06
95,철원,2024-07-13,25.9,20.8,32,,1.3,79,10.2,24.17
95,철원,2024-07-14,25.5,20.2,31.3,,2.1,73.1,9,23.45
95,철원,2024-07-15,26.3,21,31,,1.9,71.6,11,21.48
95,철원,2024-07-16,25.8,21.6,32.1,2.2,1.3,83.6,8.1,19.5
95,철원,2024-07-17,23.4,22.2,26.5,194.9,1.4,97.1,.2,2.93
95,철원,2024-07-18,23.8,22.4,24.8,160.3,1.6,95.9,0,4.44
95,철원,2024-07-19,26,21.4,30.5,,1.2,84.6,8.4,23.01
95,철원,2024-07-20,25.5,21.8,29.1,6.8,1.6,87.4,1.9,10.18
95,철원,2024-07-21,24.6,21.5,28.5,15,2.5,89.4,3,10.63
95,철원,2024-07-22,25.3,23.9,27.7,172.5,1.8,94.3,1,4.96
95,철원,2024-07-23,25.6,24,28,10.3,2,90.5,.7,8.46
95,철원,2024-07-24,26.7,23.5,30.5,6.8,1.5,90.6,5.3,16.79
95,철원,2024-07-25,27.4,23.7,31.9,12.1,1.3,86.8,5,18.68
95,철원,2024-07-26,26.8,23.2,33.4,40.1,1,90,5.9,18.85
95,철원,2024-07-27,27.4,25.2,31.6,47,1.3,91.3,3.6,15.57
95,철원,2024-07-28,28.2,25.6,31.2,0,2.1,80.8,4,14.31
95,철원,2024-07-29,25.6,25.1,27.3,5.3,2.8,96.1,0,4.07
95,철원,2024-07-30,26.6,24.4,30.4,2.1,1.8,92.1,4.1,9.96
95,철원,2024-07-31,28,25.3,31.8,,1.3,82.8,6.1,19.15
95,철원,2024-08-01,28.3,25.3,31.5,0,1.4,85,4.6,14.61
95,철원,2024-08-02,28.1,25.8,30.9,.5,1.4,87.6,4.4,11.1
95,철원,2024-08-03,29,25.4,33.3,,1,82.3,10.1,22.19
95,철원,2024-08-04,29,23.9,34.8,,1,82,9.9,24.35
95,철원,2024-08-05,28.5,24.8,33.6,5.1,1,85.4,7.6,19.94
95,철원,2024-08-06,26,23.1,32.3,90.5,1,92,6.2,15.97
95,철원,2024-08-07,26.3,23.7,31.8,14,.8,91,5,16.11
95,철원,2024-08-08,26.9,23.9,31.6,,.8,88.1,5.5,15.77
95,철원,2024-08-09,27.5,23.6,32.1,,1,82.3,8.9,22.86
95,철원,2024-08-10,27.7,22.6,33.6,,.8,83.9,8.4,20.7
95,철원,2024-08-11,28.1,24,33.4,,.9,83.8,6.9,20.5
95,철원,2024-08-12,28.7,23.9,33.9,,.9,83.4,8.8,22.54
95,철원,2024-08-13,28.7,23.9,34,,1,80.9,11.5,23.98
95,철원,2024-08-14,28.6,23.9,35.7,10.3,1.1,80.8,10.4,24.45
95,철원,2024-08-15,27.8,23.1,33.6,,1,80.9,10,24.26
95,철원,2024-08-16,27.8,23.6,33.8,4.3,1,81.5,8.7,22.43
95,철원,2024-08-17,28.4,23.2,33.9,,.8,79.1,10.7,24.57
95,철원,2024-08-18,27.5,23.9,33.4,.3,.9,85.9,7.2,18.85
95,철원,2024-08-19,27.8,23.4,34.3,,.8,82.4,8.8,20.93
95,철원,2024-08-20,29,23.1,35,0,1.2,77.5,9.2,18.43
95,철원,2024-08-21,26.5,24.5,28.1,85.2,1.3,93.4,.1,2.34
95,철원,2024-08-22,27,25.3,31.4,22,2.1,89.8,2.4,10.5
95,철원,2024-08-23,27.2,24.3,31.1,.7,1.8,81.6,6.9,20.53
95,철원,2024-08-24,26.3,22.2,31,0,.8,85.1,7.5,19.29
95,철원,2024-08-25,26.6,22.5,31.7,,.8,84.9,9.3,20.65
95,철원,2024-08-26,25.9,22.5,29.8,0,.7,89.9,2.5,11.81
95,철원,2024-08-27,24.7,21.8,29.7,0,1.4,83.1,5.7,12.56
95,철원,2024-08-28,25.8,19.9,32.5,,2.1,73.1,11,23.75
95,철원,2024-08-29,25.2,20.4,31.3,,3.1,73.3,11.6,22.45
95,철원,2024-08-30,24.9,18.7,31.9,,1.3,74,12.1,24.79
95,철원,2024-08-31,24.2,17.8,31.4,,1,77.9,11.9,24.29
95,철원,2024-09-01,24,18.6,30.4,,1,77.9,8.8,21.93
95,철원,2024-09-02,21.3,18.2,24.8,2.2,1.8,85.9,.4,5.8
95,철원,2024-09-03,23.7,18.7,30,,2.4,63.3,11.3,22.26
95,철원,2024-09-04,24.5,17.6,31.2,,.8,75.6,11.4,23.18
95,철원,2024-09-05,23.7,21.9,26.7,7.5,1,91.4,.7,4.25
95,철원,2024-09-06,22.7,20.5,26.7,,1.6,79.8,1.6,8.82
95,철원,2024-09-07,23.4,19.7,29.6,0,.7,83.3,7,16.77
95,철원,2024-09-08,24.2,18.2,30.8,,.8,81.5,10.7,20.72
95,철원,2024-09-09,25.5,20,31.7,,.7,83,10.8,19.06
95,철원,2024-09-10,26.7,21.5,32.8,,.8,80.6,10.7,20.29
95,철원,2024-09-11,26.6,20.9,33.9,0,1.6,77.8,10.5,21.85
95,철원,2024-09-12,23.5,21.5,26.7,6,1.6,92.1,0,5.53
95,철원,2024-09-13,23.8,21.7,27.5,49.1,.7,97.5,0,4.21
95,철원,2024-09-14,25.1,21.5,29.6,8.6,1.5,87.8,7.5,17.04
95,철원,2024-09-15,23.3,20.7,26.6,,3.8,81.3,6,14.17
95,철원,2024-09-16,22.8,19.5,26.6,.5,2,84.8,2.9,8.6
95,철원,2024-09-17,25.8,21.7,30.4,0,.7,89.1,3.8,12.46
95,철원,2024-09-18,26.1,23.7,30.6,14.5,.6,92.9,4.4,10.35
95,철원,2024-09-19,26.9,24.1,30.7,0,.7,89.9,4.2,11.06
95,철원,2024-09-20,22.2,15.7,26.4,81,2,95.4,.2,4.42
95,철원,2024-09-21,17.8,15.7,21.3,9.6,3.8,83.3,1,7.21
95,철원,2024-09-22,18.3,15.2,23.2,,3.5,76.6,8.4,15.47
95,철원,2024-09-23,17.9,13.2,24.5,,2.4,70.1,10.6,21.79
95,철원,2024-09-24,16.8,10.2,24.6,,.7,80.5,10.5,21.26
95,철원,2024-09-25,19.7,12.8,26.7,,.7,82.9,6.5,15.85
95,철원,2024-09-26,20.5,16.7,26.9,.2,.8,87.9,5,13.09
95,철원,2024-09-27,20,15.4,26,,2.4,78.6,10.4,18.59
95,철원,2024-09-28,20.6,16.5,26.9,,3.1,68.9,10,18.69
95,철원,2024-09-29,19.7,14,28,,.9,78.3,8.8,17.92
95,철원,2024-09-30,20.2,13.8,26.4,,.8,78.5,8.7,17.36
98,동두천,2024-05-20,18.3,16.1,21.5,.1,1.1,87.4,0,6.38
98,동두천,2024-05-21,20.7,14.6,27.6,,.9,74.4,10.7,27.12
98,동두천,2024-05-22,19.4,14.8,25.8,,1.2,79.5,7.3,22.89
98,동두천,2024-05-23,19,12.6,26.2,,1.3,81,10.2,27.9
98,동두천,2024-05-24,18.1,15.1,22.6,,.7,91,1.3,10.92
98,동두천,2024-05-25,19.4,15.3,24.4,.1,.9,79.8,2.3,16.6
98,동두천,2024-05-26,19,16.5,24,10,1.9,84.5,3.1,11.25
98,동두천,2024-05-27,17.5,12.8,22.5,,1.9,72.3,6.6,19.73
98,동두천,2024-05-28,18.5,10.6,25.6,,1,63.3,11.7,29.29
98,동두천,2024-05-29,19.6,12.1,27.2,,1.2,63,12,27.7
98,동두천,2024-05-30,18.5,13,23.7,,.5,65,.7,13.3
98,동두천,2024-05-31,19.2,13.1,25.7,,1.7,68.5,10,26.89
98,동두천,2024-06-01,20.1,16.7,26,0,1.3,64.4,8.1,24.18
98,동두천,2024-06-02,18.8,12.1,25.5,0,1.1,67.3,8.6,22.9
98,동두천,2024-06-03,20,12,27.8,,.9,53.6,11.3,29.54
98,동두천,2024-06-04,20.6,11.6,28.9,,1,50.9,12,29.75
98,동두천,2024-06-05,22,14,29.7,,.9,64.4,11.3,25.8
98,동두천,2024-06-06,22.8,16.3,30.7,0,.9,64.3,10.4,27.17
98,동두천,2024-06-07,21.6,15.8,26.8,0,.7,70,5.6,18.98
98,동두천,2024-06-08,18.3,15.8,22.2,10.9,.8,94.8,.9,7.29
98,동두천,2024-06-09,21,14.3,28.7,,1,82.3,9,26.67
98,동두천,2024-06-10,23.2,16.3,29.8,,1.2,80.1,11.8,25.9
98,동두천,2024-06-11,24.6,20.3,31.2,,1.2,76.9,9.8,26.18
98,동두천,2024-06-12,23.1,16.2,31.2,,1.1,74.6,11.3,25.14
98,동두천,2024-06-13,24.4,16.3,32.7,,1,60.3,12.1,29.02
98,동두천,2024-06-14,24.5,16.7,31.9,,1.2,64.3,9.4,23.53
98,동두천,2024-06-15,22.7,19.7,28.3,.7,.9,83.6,4.2,15.12
98,동두천,2024-06-16,22.8,16.6,29.9,,1.4,67.1,10.8,26.8
98,동두천,2024-06-17,22.9,15.1,29.6,,1.5,56.6,12.1,27.24
98,동두천,2024-06-18,24.3,16.2,32.9,,1.2,66.6,12.1,28.1
98,동두천,2024-06-19,26.3,17.2,35.1,,.8,60.1,12,28.38
98,동두천,2024-06-20,27.3,19.7,35.2,,1,51.9,11.9,27.07
98,동두천,2024-06-21,25.8,19.2,33.7,,1.1,61.9,11.3,24.38
98,동두천,2024-06-22,22.7,21.2,24.7,15.6,.5,89.3,0,3.89
98,동두천,2024-06-23,24.1,20,30.2,4.7,1.5,86.6,4.9,19.74
98,동두천,2024-06-24,23.3,19.3,29.1,.1,1.6,81.5,8.6,23.79
98,동두천,2024-06-25,21.6,16,27.5,0,1.5,74.9,8.5,24.29
98,동두천,2024-06-26,23.7,16.3,31,,.8,67.3,11.2,27.35
98,동두천,2024-06-27,24.5,17.1,31.4,,.8,65.8,10.9,24.75
98,동두천,2024-06-28,25,17.7,32.9,,1.1,63.3,11.6,28.38
98,동두천,2024-06-29,25.2,18.2,32.8,36.7,1.2,74.8,8.5,23.17
98,동두천,2024-06-30,23.2,21.7,26.8,28,2.1,96.8,1.3,6.47
98,동두천,2024-07-01,24.6,21.5,29.6,,.9,83,7.9,22.08
98,동두천,2024-07-02,22.5,20.8,24.2,51.8,1.1,95.3,0,2.62
98,동두천,2024-07-03,23.6,21.8,25.4,2.1,3,89.8,.9,10.06
98,동두천,2024-07-04,24.9,22.1,29.2,18.8,1.6,89.8,4.8,18.21
98,동두천,2024-07-05,23.2,20.7,26.3,3.2,2.7,89.1,4.6,17
98,동두천,2024-07-06,23.7,20.6,28.5,4.5,2.3,94.9,0,4.8
98,동두천,2024-07-07,24,21.1,27.3,5.1,1,91.6,2.3,13.35
98,동두천,2024-07-08,23.3,22.2,25,12.2,.9,99.4,0,4.23
98,동두천,2024-07-09,24,22.1,28.2,2.2,.9,94.8,1.1,12.18
98,동두천,2024-07-10,25.2,21.5,30.7,.9,.8,89.1,6.1,19.82
98,동두천,2024-07-11,25,21.6,30.5,,1.1,89.8,7,22.05
98,동두천,2024-07-12,25.5,21.8,30.4,,.7,88.5,7.2,19.86
98,동두천,2024-07-13,26.7,22.1,32.4,,.7,83.4,9,21.5
98,동두천,2024-07-14,26.9,22.8,31.5,0,1.1,77,8.1,20.87
98,동두천,2024-07-15,26.8,22.1,31.3,,1.1,77,7.1,20.53
98,동두천,2024-07-16,26,23.6,30.5,6.9,1.4,85.8,3.2,14.55
98,동두천,2024-07-17,,21.7,26,71.1,1.4,,0,1.57
98,동두천,2024-07-18,,22.6,24.6,,1,,0,3.18
98,동두천,2024-07-19,26,22.7,30.5,0,1,90.9,7.5,20.09
98,동두천,2024-07-20,26,24,30.1,6.4,1.8,91,2.2,12.03
98,동두천,2024-07-21,25.1,21.2,28.3,15.2,2.6,93.9,1,10.56
98,동두천,2024-07-22,25.4,23,27,114.9,2.1,97.4,0,3.35
98,동두천,2024-07-23,25.2,24.1,26.7,9.9,1.9,97.1,0,5.93
98,동두천,2024-07-24,27.1,24,30.6,6.8,1.4,95.1,3.4,14.93
98,동두천,2024-07-25,27.6,24.1,31.9,15.7,1,91,2.3,15.01
98,동두천,2024-07-26,27.4,24,32.8,22,1,93.8,5.1,16.78
98,동두천,2024-07-27,27.8,26.1,31.5,7.9,1.5,93.9,1.3,12.4
98,동두천,2024-07-28,28.4,26.3,31.6,,2.6,86.6,2.6,14.52
98,동두천,2024-07-29,26,25.3,27.5,.6,2.6,96,0,1.82
98,동두천,2024-07-30,27.1,25.2,30.5,,1.7,93.3,.7,10.7
98,동두천,2024-07-31,27.8,25.2,32.2,0,1.2,89.9,3.1,16.11
98,동두천,2024-08-01,28.3,25.8,31.5,0,1.2,91.1,1.9,12.23
98,동두천,2024-08-02,28.3,26.3,31.7,,1.4,92.5,2.8,10.1
98,동두천,2024-08-03,28.7,26.2,33.5,0,1,89.4,7.1,20.39
98,동두천,2024-08-04,29.7,25.1,35.2,,.7,84.8,10.6,25.39
98,동두천,2024-08-05,28.5,25.7,33.1,3.8,1,89.9,5.2,17.12
98,동두천,2024-08-06,27.7,24.6,32.5,.5,.8,89.9,6.2,17.89
98,동두천,2024-08-07,27.8,24.7,32.4,2.4,1,89.5,6.7,19.49
98,동두천,2024-08-08,27.5,25.6,31.2,.1,.7,90.9,3.5,12.52
98,동두천,2024-08-09,28,24.2,32.4,,.6,85.6,9.9,21.13
98,동두천,2024-08-10,28,23.6,33.3,,.8,87.8,6.9,18.45
98,동두천,2024-08-11,28.8,25.3,32.7,,.8,86.4,8,19.92
98,동두천,2024-08-12,28.7,25.2,33,.3,.6,89.4,5.2,13.84
98,동두천,2024-08-13,29.5,25.2,34.9,,.6,84.1,9.7,21.98
98,동두천,2024-08-14,27.9,24.7,35.2,23.2,.7,88.3,7.6,19.01
98,동두천,2024-08-15,26.8,24.1,33.2,4.4,.7,92.1,5.8,18.26
98,동두천,2024-08-16,28,24.2,33.4,0,.7,86.1,6.5,18.1
98,동두천,2024-08-17,27.8,24,33.5,,.8,87,7.2,18.79
98,동두천,2024-08-18,28.4,24.7,33.9,0,.7,87.4,6.1,18.78
98,동두천,2024-08-19,28.6,24.2,34.1,,.8,85.3,8.2,20.8
98,동두천,2024-08-20,29.8,24.2,34.6,,1,79.9,8.9,19.84
98,동두천,2024-08-21,26.8,25.4,29.9,107.2,1.9,96.4,0,3.41
98,동두천,2024-08-22,27.1,25.3,30,2.7,2.3,93.5,1.8,7.5
98,동두천,2024-08-23,27.1,24.7,31.2,1.7,1.7,87.5,5.7,16.52
98,동두천,2024-08-24,26.9,23.1,30.9,,.7,89.6,5.2,15.31
98,동두천,2024-08-25,27.1,23.5,32.5,,.6,88.6,6.9,19.45
98,동두천,2024-08-26,26.4,23.5,30.7,0,.6,92.1,1.6,10.76
98,동두천,2024-08-27,24.5,21.6,29.2,.2,.9,89.6,3.4,10.26
98,동두천,2024-08-28,25,24.2,31.2,,.9,78.4,9.6,21.45
98,동두천,2024-08-29,25.9,20.2,31.8,,.9,78,10.5,22.34
98,동두천,2024-08-30,26,20.6,32.5,,.8,77.5,11.1,23.91
98,동두천,2024-08-31,25,19.7,32.1,,.7,79.6,11.3,24.04
98,동두천,2024-09-01,24.5,20.1,30.5,,1,79.1,7.8,19.48
98,동두천,2024-09-02,21.6,17.5,24.8,2.4,.9,88.6,0,5.86
98,동두천,2024-09-03,24.2,19.8,30.5,,.8,70.4,7.6,19.54
98,동두천,2024-09-04,25.5,19.2,31.4,,.8,78.3,11,22
98,동두천,2024-09-05,24.9,23.2,27.6,.9,1,90.6,.4,4.79
98,동두천,2024-09-06,22.9,21.1,25.3,.4,.7,88.8,0,4.05
98,동두천,2024-09-07,24.4,20.5,30.4,0,.5,83.9,9,18.83
98,동두천,2024-09-08,25.1,19.8,31.9,,.6,83.9,9.9,20.42
98,동두천,2024-09-09,26,20.9,31.8,,.6,85.4,6.9,16.77
98,동두천,2024-09-10,27,22.7,33.4,,.8,85,9.7,18.44
98,동두천,2024-09-11,27.1,21.8,35,.9,.6,86.3,7.3,17.2
98,동두천,2024-09-12,23.9,22.6,26.2,21,.5,98.6,0,4.17
98,동두천,2024-09-13,24.6,23.2,27.8,28.7,.9,99,0,4.8
98,동두천,2024-09-14,26.4,22.8,30.6,,.7,92.9,4.6,12.71
98,동두천,2024-09-15,24.8,21.8,29,,.8,87.4,4.6,12.71
98,동두천,2024-09-16,23.5,19.8,29.3,10.5,.7,92,4.5,12.38
98,동두천,2024-09-17,26.2,23.2,31.4,.2,.4,94.4,1.4,9.59
98,동두천,2024-09-18,27.2,24.5,31.8,,.4,92.1,3.8,12.06
98,동두천,2024-09-19,27.4,24.8,30.7,0,.6,90.9,2.4,11.14
98,동두천,2024-09-20,22.7,16.2,27.6,85.1,1,99.6,0,4.32
98,동두천,2024-09-21,18.2,15.6,22.9,27.3,1.2,88.8,.4,8.58
98,동두천,2024-09-22,19.1,15.8,25.1,,1.1,82.3,4.8,15.26
98,동두천,2024-09-23,18.6,14,24.5,,1,74,10.7,21.36
98,동두천,2024-09-24,18.3,12.1,25.6,,.6,72.5,10.7,21.15
98,동두천,2024-09-25,20.8,14.1,26.3,0,.7,83.4,5.9,14.06
98,동두천,2024-09-26,21.3,18.2,27.2,.6,.6,90.9,5.4,13.31
98,동두천,2024-09-27,20.8,16.7,27.1,,.8,83.3,9,17.9
98,동두천,2024-09-28,21.4,16.9,27.2,,.9,72.5,8.3,16.67
98,동두천,2024-09-29,22,17.1,28.1,,.7,74.6,8.5,18.65
98,동두천,2024-09-30,21,15.6,27.5,,.8,80.3,8.5,17.45
99,파주,2024-05-20,18,14.3,22.4,0,1.2,88,.5,11.46
99,파주,2024-05-21,19.9,15.1,27.3,,1.1,82,11.1,28.17
99,파주,2024-05-22,18.1,13.8,24.1,,1,85.4,7.5,22
99,파주,2024-05-23,17.6,13.5,24.1,,1.1,86.3,6.8,22.25
99,파주,2024-05-24,18.1,15.1,22.7,,.8,89.3,2.8,11.52
99,파주,2024-05-25,19.1,14.8,24.9,.2,1.3,82.8,2.1,17.14
99,파주,2024-05-26,18.1,14.6,22.9,9.1,1.6,89.8,1.8,7.8
99,파주,2024-05-27,17.3,11.8,22.7,,1.7,71.5,9.2,25.88
99,파주,2024-05-28,18.1,10.5,25.1,,1.7,72.1,11.9,28.57
99,파주,2024-05-29,18.4,11,26.3,,1.1,71.1,12.3,28.08
99,파주,2024-05-30,17.7,11.6,23.1,,.7,78,.8,13.44
99,파주,2024-05-31,18.5,12.1,24.5,,1.6,76.4,10.4,27.92
99,파주,2024-06-01,19.5,14.8,25.8,.3,1.3,69.9,11.1,28.47
99,파주,2024-06-02,18.3,11,26.2,,1.3,72,11.7,29.35
99,파주,2024-06-03,19.7,12.7,27.2,,1.7,63.1,12.5,30.24
99,파주,2024-06-04,19.6,11.3,28,,1.1,63.4,12.6,29.71
99,파주,2024-06-05,20.4,12.6,28.9,,.8,72.9,9.3,25.44
99,파주,2024-06-06,21.7,14.3,30,,1,69.6,11.6,27.9
99,파주,2024-06-07,20.6,14.1,26.6,.1,.8,70.8,5.4,20.1
99,파주,2024-06-08,18.8,16.2,24.4,7.8,.9,92.3,3.1,10.97
99,파주,2024-06-09,20.2,16,27.6,,1,85.4,8.2,24.2
99,파주,2024-06-10,22.1,15.8,28.8,,1.2,83.4,12,26.05
99,파주,2024-06-11,23.4,18,29.7,,1.2,81.3,9.3,25
99,파주,2024-06-12,21.7,15.6,29.1,0,1.1,81.4,8.8,24.24
99,파주,2024-06-13,22.8,15.3,30.8,,.9,74.9,12.6,29.1
99,파주,2024-06-14,23.7,16.7,31.2,,1.1,76.6,6.6,22.37
99,파주,2024-06-15,22.6,19.1,27.8,.2,1,86.5,4.8,16.01
99,파주,2024-06-16,22.3,16.1,30.1,,1.2,73,12,29.13
99,파주,2024-06-17,21.9,14,29.2,,1.4,70.4,12.6,27.27
99,파주,2024-06-18,23.5,16.6,31,,1.2,76.1,12.4,28.14
99,파주,2024-06-19,25,16.8,33.9,,.7,73.5,12.5,28.44
99,파주,2024-06-20,25.6,18.1,34,,.8,67.6,12.5,27.64
99,파주,2024-06-21,24.6,17.3,31.9,,.9,71.3,7.8,17.61
99,파주,2024-06-22,22.4,21.3,24.1,10.4,1,93.3,0,4.28
99,파주,2024-06-23,24.3,20.1,30.1,7,1.6,83.3,6.5,22.2
99,파주,2024-06-24,22.8,17.2,27.9,.6,1.5,78.6,9,23.97
99,파주,2024-06-25,21.2,14.7,27.6,,1.7,75.1,9.8,25.4
99,파주,2024-06-26,22.9,15.6,30.3,,1.1,73.6,12.4,29.11
99,파주,2024-06-27,23.7,16.2,31.1,,.9,73.8,12.2,27.02
99,파주,2024-06-28,23.4,16.6,31.9,,.9,72.5,11.8,28.24
99,파주,2024-06-29,24.5,17.1,32.7,19.2,1.2,78.3,6.8,21.37
99,파주,2024-06-30,23.5,21.4,28.1,11.1,2.4,93.6,2.3,9.02
99,파주,2024-07-01,24.6,20.4,29.6,,.8,81.3,8.4,23.52
99,파주,2024-07-02,22.2,21,24.8,53.2,2,96.5,0,2.49
99,파주,2024-07-03,23.5,21.7,25,2.1,2.3,88.9,0,8.35
99,파주,2024-07-04,24.5,21.7,28.9,13.7,1.6,89.8,3.4,17.67
99,파주,2024-07-05,23.2,21,26.8,1.5,2.3,88.4,5.3,20.65
99,파주,2024-07-06,23.2,20.6,29,6,2.2,94.6,0,5.4
99,파주,2024-07-07,24.1,21,28.2,12.4,1.2,89.5,2.9,16.74
99,파주,2024-07-08,23.4,21.7,25.5,6.8,1,97.6,.1,5.62
99,파주,2024-07-09,23.6,21.7,27.8,1.4,.8,94.9,.2,9.81
99,파주,2024-07-10,25.1,21.7,31.1,.3,1.5,87.8,8.4,23.59
99,파주,2024-07-11,24.1,20.7,28.4,,1,91.5,4.5,17.94
99,파주,2024-07-12,24.9,20.8,30.1,,.6,87.8,6.9,20.36
99,파주,2024-07-13,26.3,21.6,32,,.8,88.5,7.8,20.71
99,파주,2024-07-14,26.2,21.6,31.5,.3,1.9,80.9,8.2,23.35
99,파주,2024-07-15,26.4,20.8,31.2,,1.4,79.5,8,20.69
99,파주,2024-07-16,25.2,22,30.2,13.3,1.2,91.5,3.7,13.25
99,파주,2024-07-17,23.4,22.1,25.4,385.7,2,99.8,0,1.95
99,파주,2024-07-18,23.5,22.3,24.9,215.2,1.8,99.9,0,4.75
99,파주,2024-07-19,25.9,22.9,29.9,0,1.2,88.4,8,22.17
99,파주,2024-07-20,25.6,22.7,29.6,6.4,1.7,91.1,.4,8.89
99,파주,2024-07-21,25.2,21.5,28.9,12.1,2.2,93.1,1.9,13.93
99,파주,2024-07-22,25.4,24.2,26.7,92.3,2.3,98,0,2.49
99,파주,2024-07-23,25.2,23.7,27.8,8.3,1.6,95.5,.4,7.91
99,파주,2024-07-24,27,24,30.8,8.7,1.4,93.6,4.1,17.65
99,파주,2024-07-25,27.6,24.4,31.9,1.4,1.1,91.3,1.9,16.08
99,파주,2024-07-26,27.1,23.7,33.2,29.3,1.3,92.4,4.5,16.94
99,파주,2024-07-27,28.3,25.7,32,.2,1.4,89.1,1.6,14.57
99,파주,2024-07-28,28.4,26.7,31.8,0,2.3,85.6,2.9,16.84
99,파주,2024-07-29,25.9,24.8,26.8,.1,2,95.6,0,2.38
99,파주,2024-07-30,26.9,24.5,30.9,.3,1.6,91.9,3.1,16.86
99,파주,2024-07-31,27.9,24.7,32.1,,1.5,87,6.5,21.08
99,파주,2024-08-01,28,25.7,31.8,0,1.4,89.4,4.7,18.29
99,파주,2024-08-02,28,26.1,31.4,.1,1.5,90.6,3.8,13.92
99,파주,2024-08-03,28.1,25.1,33.2,,.9,88.8,8.9,22.79
99,파주,2024-08-04,28.8,24.3,34.3,,.7,87.3,9.7,22.1
99,파주,2024-08-05,28.9,25.3,33.8,3.5,.8,86.6,7.4,21.26
99,파주,2024-08-06,28.3,25.1,33.3,.7,.8,87.4,7.4,20.12
99,파주,2024-08-07,27.4,24.2,32.2,.5,.9,88.6,8.3,20.77
99,파주,2024-08-08,27,24.5,30.9,0,.7,90.8,4.5,14.44
99,파주,2024-08-09,27.7,23.7,32.6,,.7,86.4,9.7,22.1
99,파주,2024-08-10,27.2,23.7,32.2,0,.6,88.8,5,14.81
99,파주,2024-08-11,28.4,24,33.4,,.9,84.1,8,20.94
99,파주,2024-08-12,28.7,24.8,34.3,,.7,86,9.9,23.11
99,파주,2024-08-13,29.1,25,34.7,,.8,83.6,11.7,24.51
99,파주,2024-08-14,28.6,25,35.4,,1.1,84.3,9.2,22.31
99,파주,2024-08-15,27.5,24.5,33.8,7.3,1,87.1,8.5,21.52
99,파주,2024-08-16,28,23.7,33.7,.3,1.2,84.3,9.9,23.76
99,파주,2024-08-17,28.1,23.5,33.5,,.8,85.8,9.8,22.95
99,파주,2024-08-18,28.2,24.3,34.1,,.7,85.4,5.8,17.98
99,파주,2024-08-19,28.2,24.2,34.5,,.7,85,6.5,18.98
99,파주,2024-08-20,29,24.1,35.3,,1.2,84.9,9.1,20.26
99,파주,2024-08-21,26.9,25.5,29.3,75.9,2.1,96.1,.1,3.99
99,파주,2024-08-22,27.3,25,30,3.1,2.3,91.4,3,9.97
99,파주,2024-08-23,27.3,24.1,31.6,.4,1.5,86.5,9,21.34
99,파주,2024-08-24,26.6,23.3,31.3,,.7,89.3,5.5,16.45
99,파주,2024-08-25,26.7,23.2,32.1,,.6,88.9,7.5,20.09
99,파주,2024-08-26,25.8,23.7,31.1,0,.8,93.3,1.6,11.83
99,파주,2024-08-27,24.6,21.8,29.2,.3,1.4,89.5,4.7,11.89
99,파주,2024-08-28,25.7,20.2,31.5,,2.1,80.3,11.9,24.47
99,파주,2024-08-29,25.3,20,31.5,,1.9,80,11.8,24.7
99,파주,2024-08-30,25.1,20,31.7,,1.3,80.8,11.6,23.53
99,파주,2024-08-31,24.5,18.6,31.4,,.6,83.4,11.7,23.6
99,파주,2024-09-01,24,20.1,30.1,,.9,83.8,8.6,21.1
99,파주,2024-09-02,21.3,18.7,24.5,1.3,2.1,91.4,0,5.93
99,파주,2024-09-03,23,19.2,29.2,0,1.7,78.3,7.9,18.12
99,파주,2024-09-04,25,18.7,32,,1,79.8,11.5,22.38
99,파주,2024-09-05,24.5,21.8,28.4,1,1,90.8,.1,7.04
99,파주,2024-09-06,23,20.6,26.1,.3,1.6,88.8,0,5.69
99,파주,2024-09-07,24.1,20.6,30.2,0,.9,83.8,8.3,20.33
99,파주,2024-09-08,24.2,19.6,30.5,,.7,85.9,9.7,19.12
99,파주,2024-09-09,25.8,20.5,32.2,,.7,85.6,10.3,19.27
99,파주,2024-09-10,26.6,22.5,32.7,,.8,83.4,10.9,20.82
99,파주,2024-09-11,27,21.3,34.5,.3,.9,84.3,9.8,20.99
99,파주,2024-09-12,23.9,22.5,26.5,2,1.6,95.3,0,4.96
99,파주,2024-09-13,24.2,22.6,26.9,22.9,1,99.3,0,3.97
99,파주,2024-09-14,26.1,22.6,31,0,.8,89.5,5.5,15.3
99,파주,2024-09-15,24.3,21,29.1,,2,85,7,16.68
99,파주,2024-09-16,23.4,20,28.7,.8,2.1,87.9,4.4,12.38
99,파주,2024-09-17,25.6,22.3,30.1,1.7,.5,92.5,.2,8.47
99,파주,2024-09-18,26.9,24.1,31.6,,.6,92.4,3.8,12.58
99,파주,2024-09-19,27,24.2,30.8,,.5,91.6,1.6,11.59
99,파주,2024-09-20,23,16.1,27,69.2,1.5,99.6,.1,3.82
99,파주,2024-09-21,18.3,15.7,23.5,13.2,2.7,85.3,1,9.96
99,파주,2024-09-22,18.7,14.6,25.2,,2.1,79.4,6.7,16.99
99,파주,2024-09-23,17.8,12.3,24.7,,1.7,77.9,10.4,21.16
99,파주,2024-09-24,17.6,12,25.2,,1.8,80.9,10.3,20.77
99,파주,2024-09-25,20.8,14.5,27.4,,1,82.3,6.1,16.77
99,파주,2024-09-26,21.1,17.5,27.2,1.5,.6,89,6.6,15.88
99,파주,2024-09-27,20.4,16.8,27.2,,1.8,82.5,10.2,19.21
99,파주,2024-09-28,20.3,15.8,26.7,,1.9,75.9,7.2,15.53
99,파주,2024-09-29,21,16.1,27.7,,1.7,79,8.8,18.7
99,파주,2024-09-30,20.6,15.5,27.2,,.9,81.1,8.4,17.54
100,대관령,2024-05-20,14.2,8.3,19.2,0,2.9,67.8,1.5,12.8
100,대관령,2024-05-21,12.2,6.6,19,,2.3,74.4,8.5,25.49
100,대관령,2024-05-22,16.2,4.5,25.3,,3.1,64,13.3,
100,대관령,2024-05-23,19.5,12.8,26.5,,3.6,56.3,12.6,
100,대관령,2024-05-24,11.5,8.8,16.3,,2.1,85.5,0,
100,대관령,2024-05-25,12.8,7.5,19.2,,1.7,74.6,5.4,
100,대관령,2024-05-26,16.7,10.3,23.2,3.7,4,77,5,
100,대관령,2024-05-27,13.4,9.1,18.6,.3,6.5,67.6,8.9,
100,대관령,2024-05-28,10.1,4.1,15.2,0,2.1,79.4,6.6,19.85
100,대관령,2024-05-29,15.1,3,23.6,,2.7,60.1,13.2,29.72
100,대관령,2024-05-30,15,9.1,22.4,,1.4,62.5,1.4,13.74
100,대관령,2024-05-31,16.5,9.5,24,0,2.7,63.1,11.7,30.38
100,대관령,2024-06-01,12.2,9.4,16.2,1.8,1.9,85.8,1.3,10.02
100,대관령,2024-06-02,10.9,6.9,14.1,3.2,1.7,87.6,4,15.39
100,대관령,2024-06-03,10.9,4.4,16.9,,1.7,78.8,10.2,25.45
100,대관령,2024-06-04,13.1,2,21.3,,1.4,66.1,13.5,31.92
100,대관령,2024-06-05,16.3,5.8,24.4,,1.4,68.5,10.6,27.79
100,대관령,2024-06-06,16.8,9.6,24.1,,1.5,71.3,11,23.13
100,대관령,2024-06-07,16.5,6.9,23.6,,1.1,70,10.3,22.22
100,대관령,2024-06-08,16.2,15,17.7,2.7,2,87.4,.2,5.56
100,대관령,2024-06-09,19.6,14,26.7,,2.8,70.3,13.1,28.58
100,대관령,2024-06-10,20.9,14.2,26.3,,3.8,68.4,13,29.64
100,대관령,2024-06-11,22.3,15.6,29.5,,3,66,12.9,29.93
100,대관령,2024-06-12,21.4,14.8,30,,2.5,56,12.4,30.1
100,대관령,2024-06-13,20.1,12.3,28.1,,1.5,69.5,13.3,29.92
100,대관령,2024-06-14,21.6,12.5,28.9,0,1.8,64.4,12.8,24.89
100,대관령,2024-06-15,19.4,16.7,23.3,6.2,2.2,79.8,4,14.47
100,대관령,2024-06-16,19.3,14.3,25.1,,3.3,63,12.1,28.07
100,대관령,2024-06-17,19.8,12.3,26.5,,3.5,55.3,12.5,27.95
100,대관령,2024-06-18,22,11.5,30,,2.6,55.4,13.5,30.38
100,대관령,2024-06-19,22.5,14.1,30.6,,1.7,61,13.3,30.31
100,대관령,2024-06-20,21.2,13.1,29.8,,1.3,67.9,12.1,25.35
100,대관령,2024-06-21,20.8,11.3,27.3,,1.8,70.5,12.4,28.95
100,대관령,2024-06-22,18.7,17.3,22.6,16.5,1.1,91.5,0,4.37
100,대관령,2024-06-23,19.7,17.5,24.6,11.2,2.1,89.5,3.3,12.22
100,대관령,2024-06-24,20.4,16.2,25.6,19.6,4,71.3,11.1,26.91
100,대관령,2024-06-25,17.2,14,22,,3.8,70.4,10.4,22.25
100,대관령,2024-06-26,18.2,11.6,24.6,,1.4,73.8,13.1,29.12
100,대관령,2024-06-27,19.2,11.5,25.4,,1,74.6,9.8,21.24
100,대관령,2024-06-28,19,10.8,26.6,,1.3,70.1,13.5,30.29
100,대관령,2024-06-29,21.8,13.6,29.2,23.8,1.7,73.6,9.6,25.12
100,대관령,2024-06-30,20.8,18.7,22.6,25.9,4.7,89.5,.1,4.42
100,대관령,2024-07-01,21.5,17.7,26.9,,2.3,79.1,10.6,23.11
100,대관령,2024-07-02,18,17.3,19.1,47.5,2,94.9,0,2.15
100,대관령,2024-07-03,21.1,18,23.3,8.1,5.6,83.8,1.6,10.47
100,대관령,2024-07-04,22.8,19.7,25.7,,5.3,75.3,6.8,20.39
100,대관령,2024-07-05,21.2,18.7,25.3,1.6,7.4,77.5,8.4,24.93
100,대관령,2024-07-06,22.8,18.3,29.1,7,5.8,81.9,1.9,12.98
100,대관령,2024-07-07,20.9,19.2,24.5,1.7,5.1,85,.3,8.67
100,대관령,2024-07-08,20.6,19.1,21.5,19.4,3.3,92.4,0,4.55
100,대관령,2024-07-09,20.7,19,24.8,1.3,2.5,89.8,3,13.28
100,대관령,2024-07-10,19.5,16.4,22.6,15.3,1.8,91.8,3.4,14.18
100,대관령,2024-07-11,20.5,14.5,27.4,,1.2,85.3,9.5,25.01
100,대관령,2024-07-12,21.2,17.3,26.3,1.1,1.3,89.1,8.4,23.75
100,대관령,2024-07-13,20.1,15.4,25.7,.1,1.7,87.3,10.8,24.62
100,대관령,2024-07-14,17.8,13.6,20.3,.4,1.4,93.8,0,9.63
100,대관령,2024-07-15,19.2,17.7,22.1,.6,1.6,94.1,.7,10.37
100,대관령,2024-07-16,21.2,18,25.8,7.9,1.4,90.8,2.8,15.33
100,대관령,2024-07-17,21.7,19.7,25.2,12.4,4.8,88.4,.8,5.94
100,대관령,2024-07-18,22,20.2,23.7,43.1,4.3,87.4,0,3.94
100,대관령,2024-07-19,22.6,20,26.5,,3.4,81.8,11.5,21.69
100,대관령,2024-07-20,22.9,19,25.3,,3.8,82.8,5.5,14.08
100,대관령,2024-07-21,22.7,19.5,26.2,7.4,8.2,83.5,6,16.61
100,대관령,2024-07-22,24.1,22.2,25.2,.3,5.1,80.8,.6,8.96
100,대관령,2024-07-23,22.6,21.5,25.1,21.4,6.6,88.3,2.3,9.22
100,대관령,2024-07-24,23.3,19.3,27.2,9.3,4.5,86.8,8.6,18.49
100,대관령,2024-07-25,24.7,22.2,29.3,,2.6,83.3,8.3,19.42
100,대관령,2024-07-26,25.8,21.6,30.8,,2.1,79.4,9.9,22.75
100,대관령,2024-07-27,24.9,23,29.1,4.3,3.8,85.5,3.6,14.57
100,대관령,2024-07-28,25,23.1,28.5,.5,5.8,80.9,8.8,22.86
100,대관령,2024-07-29,23.8,22.2,25.2,.1,8.2,85.4,1.3,12.02
100,대관령,2024-07-30,23.3,22.1,25.1,.8,4.9,90.1,0,5.11
100,대관령,2024-07-31,24.6,21,29.2,,3.3,79.6,13,29.07
100,대관령,2024-08-01,25.5,22.2,29.1,,3.9,80.9,8.7,20.5
100,대관령,2024-08-02,25.9,23.7,30,,3.5,82.6,8,19.68
100,대관령,2024-08-03,25.3,20.7,31.3,,2.5,79.4,10.1,24.57
100,대관령,2024-08-04,23.6,18.7,28.2,0,1.7,87.3,9.5,24.23
100,대관령,2024-08-05,23.5,20.2,30.7,25.7,1.2,89.6,4,13.36
100,대관령,2024-08-06,23.9,19.8,30.1,.3,1.4,82.1,8.1,17.82
100,대관령,2024-08-07,24.1,18.5,29.2,.4,2.1,80.5,10,23.09
100,대관령,2024-08-08,23.3,19.5,27.5,.1,2.2,84.5,5,14.82
100,대관령,2024-08-09,23.1,19,29,,1.4,84.4,8,24.04
100,대관령,2024-08-10,23.4,18.3,28.8,,1.7,83.4,11,26.73
100,대관령,2024-08-11,23.8,19.5,29.9,,1.4,83.9,7.9,20.02
100,대관령,2024-08-12,22.9,17.8,28.7,,1.5,84.4,11.7,26.1
100,대관령,2024-08-13,22.4,15.1,28.9,,1.4,76.5,12.4,26.62
100,대관령,2024-08-14,22,16.8,27.5,,1.6,82.3,12.6,26.46
100,대관령,2024-08-15,21.4,16.6,27.3,,1.5,84.1,11.3,23.34
100,대관령,2024-08-16,21.1,16,26.5,0,1.4,85.8,7.4,16.96
100,대관령,2024-08-17,22,16.6,27.5,,1.6,84,11.7,24.15
100,대관령,2024-08-18,22.8,16.7,29.3,,1.3,81.8,10.6,25.54
100,대관령,2024-08-19,23.7,18.7,29.4,,1.5,82.8,10,24.47
100,대관령,2024-08-20,22.8,18.6,27.2,.7,1.2,91.1,2.4,11.73
100,대관령,2024-08-21,23.8,22.2,25.3,5.3,2.4,89.3,.1,4.44
100,대관령,2024-08-22,25.4,22.8,30.4,1.1,4.8,78.6,7.5,19.62
100,대관령,2024-08-23,23.8,21.3,28.6,,5.4,77.4,9.6,22.15
100,대관령,2024-08-24,23.6,19,30.2,,2,79.5,10.2,24.85
100,대관령,2024-08-25,22.3,19.7,27.4,,1.6,88.1,6.6,17.02
100,대관령,2024-08-26,21.6,18.9,26,6.7,1.4,91.5,.7,11
100,대관령,2024-08-27,19.2,15,21.5,11.4,1.1,93,1.2,5.84
100,대관령,2024-08-28,19.4,14.6,24.1,0,1.8,90,3.9,13.93
100,대관령,2024-08-29,20.1,18.5,21.2,38,2.9,93.8,0,5.7
100,대관령,2024-08-30,20.9,18.2,24.4,5.5,2.5,91.4,4.7,16.64
100,대관령,2024-08-31,19.6,15.6,25.2,,1.9,85.4,8.4,20.59
100,대관령,2024-09-01,21.1,15.9,27.1,,2.6,79.6,10.5,24.74
100,대관령,2024-09-02,18.5,16.2,22.8,2.4,1.8,92.1,.5,8.68
100,대관령,2024-09-03,17.6,13.5,21.7,,2.1,82.1,10.2,21.16
100,대관령,2024-09-04,18.2,10.5,25.6,,1.4,81.5,11.3,24.71
100,대관령,2024-09-05,20.4,14.3,25.8,.3,3.1,83.4,6.4,15.94
100,대관령,2024-09-06,17.6,16.5,19.2,7.4,1.5,92.9,0,3.79
100,대관령,2024-09-07,19,16.2,26.7,0,1.3,91.5,5,13.59
100,대관령,2024-09-08,19.4,14,25.3,,1.5,90.8,7.4,19.21
100,대관령,2024-09-09,21,17.7,26.5,2.3,1.3,90.8,4.6,13.14
100,대관령,2024-09-10,23.1,18.7,30.5,,1.4,82.1,9.8,21.43
100,대관령,2024-09-11,21.6,17.2,26.7,1.6,1.6,91.1,6.2,16.12
100,대관령,2024-09-12,19.5,18.6,21,25.7,1.3,96.8,0,3.75
100,대관령,2024-09-13,22.1,19.3,26.5,4.7,1.7,93.8,1.9,10.48
100,대관령,2024-09-14,20.5,18.6,24.7,3.2,1.9,95,2.2,9.47
100,대관령,2024-09-15,18.4,16.7,19.9,18.8,2.2,96.6,.4,6.34
100,대관령,2024-09-16,19.4,17,22.9,2.2,1.6,94.8,4.5,12.63
100,대관령,2024-09-17,23.5,19.8,29,,.9,90.4,6.4,13.61
100,대관령,2024-09-18,22.7,20.1,29.7,3.8,1.4,93,4.1,11.54
100,대관령,2024-09-19,23.5,20.2,27.8,,1.9,88.4,4.9,13.24
100,대관령,2024-09-20,19.8,13.1,25.7,42.6,2,94.5,0,5.51
100,대관령,2024-09-21,15.2,13.5,16.2,92.2,3.7,96.9,0,2.55
100,대관령,2024-09-22,13.6,11.5,15.6,11.6,2.9,95.4,1.3,10.31
100,대관령,2024-09-23,12.5,8.3,16.6,.3,2.3,84,5.8,14.31
100,대관령,2024-09-24,12.5,6.3,18.7,,1.5,89,9.6,20.65
100,대관령,2024-09-25,15.9,10.6,22.3,,1.1,89,4.8,11.92
100,대관령,2024-09-26,17.4,13.6,24.3,0,1.4,89.3,5.3,14.53
100,대관령,2024-09-27,16.5,13.8,21.2,27.5,1.9,91.8,5.7,14.84
100,대관령,2024-09-28,15,12.6,18.1,2.2,2.5,88.5,4.8,11.1
100,대관령,2024-09-29,14.1,9.8,19.2,.2,1.3,92.9,3.2,8.21
100,대관령,2024-09-30,13.9,5.9,23.4,,.9,79.6,10.5,19.17
101,춘천,2024-05-20,18.5,15.3,23,.5,1,73.3,.6,8.05
101,춘천,2024-05-21,20.5,15.2,27.7,,1.6,60.8,12.6,29.44
101,춘천,2024-05-22,20.1,12.9,27.1,,1.8,65.1,11.2,27.33
101,춘천,2024-05-23,21,12.8,28.2,,1.8,58.5,13,28.79
101,춘천,2024-05-24,18.7,15.4,22.3,0,1.5,72.1,.7,11.05
101,춘천,2024-05-25,18.9,14.9,24.3,,1.6,66.4,1.1,15.24
101,춘천,2024-05-26,19.5,15.4,24.9,6.3,1.5,74.5,3.4,13.83
101,춘천,2024-05-27,17.8,12.9,22.7,,2.7,57.4,7.3,22.59
101,춘천,2024-05-28,17.7,11,24,,1.9,57.8,12.4,29.68
101,춘천,2024-05-29,19,10.1,27.7,,1.4,58.9,12.7,27.6
101,춘천,2024-05-30,18.5,12.6,23.9,,1,65.1,.9,13.34
101,춘천,2024-05-31,20.8,14.5,26.3,,2.1,54.1,10.1,27.53
101,춘천,2024-06-01,20.5,16.8,25.8,0,1.7,55.9,7.8,21.28
101,춘천,2024-06-02,19.1,12.4,24.7,0,1.5,59.5,7.8,21.9
101,춘천,2024-06-03,19.2,12,26.2,,2.3,52.5,13.3,29.17
101,춘천,2024-06-04,20.5,11.2,28.6,,1.7,53,13.4,29.95
101,춘천,2024-06-05,22.5,13.8,30.7,,1.2,58.4,11,27.12
101,춘천,2024-06-06,23,16.7,30.9,0,1.2,58.3,10.4,26.79
101,춘천,2024-06-07,21.9,14.6,28.4,.1,1.1,62.5,7.2,20.08
101,춘천,2024-06-08,19.5,17.5,23.6,19.1,1.1,84,1.9,9.96
101,춘천,2024-06-09,23,17.6,28.8,,1.3,66.1,10.8,27.07
101,춘천,2024-06-10,23.9,16.5,29.9,,1.4,66.6,9.1,17.18
101,춘천,2024-06-11,25.2,19.4,31.2,,1.4,62.8,9.4,25.18
101,춘천,2024-06-12,24.2,16.4,31.7,,1.4,62.1,9.3,25.76
101,춘천,2024-06-13,25.3,17.4,33.4,,1,58,12.6,28.22
101,춘천,2024-06-14,25.7,17.3,33.1,,1.3,55.1,10.7,25.58
101,춘천,2024-06-15,23,19.4,28,3,1.2,72.3,4.3,15.26
101,춘천,2024-06-16,23.4,16.6,29.4,,1.6,58.9,11.5,28.36
101,춘천,2024-06-17,23.1,14.6,30.6,,1.5,52.5,12.9,27.49
101,춘천,2024-06-18,24.8,14.5,33.3,,1.1,52.9,13.6,28.16
101,춘천,2024-06-19,26.6,17.8,35.5,,.8,55,12.9,28.38
101,춘천,2024-06-20,27,18.9,35.2,,.9,56.5,11.5,26.09
101,춘천,2024-06-21,27.1,18.6,34.8,,1.1,57.4,13,27.31
101,춘천,2024-06-22,22.9,21.5,25.4,15.6,1.2,82.3,0,3.87
101,춘천,2024-06-23,24.8,21,30.3,4.5,1.4,74.8,6.2,20.23
101,춘천,2024-06-24,24.2,19.8,28.9,0,2,67.3,8.7,21.09
101,춘천,2024-06-25,22.1,16.4,26.2,,2,61.1,7.4,20.04
101,춘천,2024-06-26,23.4,15.4,30.1,,1.1,64.4,13.6,29.59
101,춘천,2024-06-27,24.2,17.4,31.6,,1.3,62.8,11.7,25.47
101,춘천,2024-06-28,25.1,16.4,32.8,,1.1,59.3,13.1,28.05
101,춘천,2024-06-29,25.4,18.2,32.7,26.6,1.1,68.3,8.5,22.34
101,춘천,2024-06-30,23.1,22.1,24.6,72.9,1.5,87.5,.4,5.18
101,춘천,2024-07-01,25.4,21,30.4,,1,73.9,6.1,19.49
101,춘천,2024-07-02,22.1,21.1,23.8,33.9,1.9,88.3,0,2.66
101,춘천,2024-07-03,23.9,21,26.3,6,1.7,77.5,.1,8
101,춘천,2024-07-04,25.6,20.9,30.2,5.1,1.5,74.8,4.8,19.41
101,춘천,2024-07-05,24.6,21.7,27.9,10.2,2.8,72,8.2,25.49
101,춘천,2024-07-06,24,20.6,29,4.5,1.3,82.3,0,5.88
101,춘천,2024-07-07,24.3,21,27.4,4.9,1.5,79.3,1.3,13.5
101,춘천,2024-07-08,23.7,22.6,25.2,32.6,.9,90.9,0,5.31
101,춘천,2024-07-09,24.5,22,28.4,0,1,83.3,.4,10.8
101,춘천,2024-07-10,25.9,21.9,31,2.1,1.1,75,7.8,23.42
101,춘천,2024-07-11,25.7,21,31.7,,1.1,75.5,7,22.41
101,춘천,2024-07-12,26.1,22.4,31,,.6,76,6.7,20.91
101,춘천,2024-07-13,26.5,22.6,32.9,,1.3,73.3,8.5,21.56
101,춘천,2024-07-14,25.7,21.1,31,,2,67.6,5.2,21.17
101,춘천,2024-07-15,26.4,21.6,31.2,.4,2,67.5,10.1,23.85
101,춘천,2024-07-16,26.2,22.6,31.8,25.4,1.6,76.5,4.7,19.29
101,춘천,2024-07-17,23.5,22.1,25.6,82.4,.7,92.9,.1,3.1
101,춘천,2024-07-18,23.5,22.8,24.9,83.6,1.3,93,0,2.47
101,춘천,2024-07-19,26.6,21.6,32.2,,.5,76.1,9.5,24.6
101,춘천,2024-07-20,25.8,22.3,29.8,19,.9,80.9,1.2,12.27
101,춘천,2024-07-21,26,22.3,30.4,3.8,2.3,78,2.9,13.41
101,춘천,2024-07-22,26.4,24.7,28.7,3.5,1,85.1,.2,5.98
101,춘천,2024-07-23,26.3,24,28.5,21.6,1.4,82,0,6.73
101,춘천,2024-07-24,26.9,22.4,31.8,45.7,.7,81,5.3,18.41
101,춘천,2024-07-25,28.1,24.3,32.4,12.5,.5,76.9,4.4,19.25
101,춘천,2024-07-26,27.6,23.4,33.2,28.3,.5,79.3,5.2,18.68
101,춘천,2024-07-27,27.8,25.6,32.1,13.7,.7,83.6,2,14.48
101,춘천,2024-07-28,28.5,25.3,31.5,,1.4,75.1,3.4,15.69
101,춘천,2024-07-29,27,26.3,27.7,.7,2.1,79.5,.1,6.87
101,춘천,2024-07-30,27.7,25.9,31.2,0,1.6,77.9,2.8,10.86
101,춘천,2024-07-31,28.5,25.1,32.7,,.6,74.5,6.2,21.89
101,춘천,2024-08-01,29.1,25.8,32.9,,.5,74.4,4.9,19.23
101,춘천,2024-08-02,29.1,26.5,32.7,0,.4,76.9,4.9,15.55
101,춘천,2024-08-03,29.5,25.5,34.3,,.3,72.9,9.6,22.76
101,춘천,2024-08-04,29.8,24.9,35.3,,.4,70.1,11.5,25.58
101,춘천,2024-08-05,28.9,24.2,35.1,14.8,.6,,6.7,20.75
101,춘천,2024-08-06,26.1,23.7,30.2,10.2,.8,81,4.7,13.68
101,춘천,2024-08-07,27.7,25.4,32.1,0,.5,,3.9,14.35
101,춘천,2024-08-08,27.3,24.6,31.1,0,.7,,3.8,14.43
101,춘천,2024-08-09,28.5,24.7,33.7,,.7,74.8,9.3,24.46
101,춘천,2024-08-10,28.6,24.5,33.9,,.7,77.4,7.2,20.16
101,춘천,2024-08-11,28.8,25.4,33.5,,.6,76.8,5.8,20.18
101,춘천,2024-08-12,29.5,25.2,34.8,,.7,73.6,9.4,23.69
101,춘천,2024-08-13,29.9,25.5,35.4,0,.7,71.1,11.4,24.2
101,춘천,2024-08-14,30.2,25.9,35.3,,.8,67.3,10.9,24.4
101,춘천,2024-08-15,29.4,24.7,34.6,,.9,67,10.1,24.31
101,춘천,2024-08-16,29.1,24.8,34.4,,.8,64.5,10.4,24.17
101,춘천,2024-08-17,29.6,24.6,35.2,,.8,66,11.7,24.48
101,춘천,2024-08-18,29.4,26.1,35,,.9,71.5,9,22.96
101,춘천,2024-08-19,29,25,35.1,,1,73.5,9.2,22.59
101,춘천,2024-08-20,28.9,24.7,34.6,1.4,1.1,75.4,6,17.99
101,춘천,2024-08-21,26.8,25.4,28.6,49.2,1.2,89.8,.2,3.9
101,춘천,2024-08-22,27.6,25.6,30.5,.6,1.4,83.9,1.2,9.14
101,춘천,2024-08-23,27.7,24.5,31.9,.1,.9,76.3,7.7,18.27
101,춘천,2024-08-24,26.6,23.3,31.1,,.9,79.4,3.7,17.14
101,춘천,2024-08-25,27.5,24.1,32.5,,.9,78.6,8.2,21.04
101,춘천,2024-08-26,26.8,24.3,29.8,0,1,82.9,.5,10.42
101,춘천,2024-08-27,24.9,22.1,28.3,.1,1.4,80.4,2.9,9.12
101,춘천,2024-08-28,26,20.5,31.9,,1.7,68.9,11.8,24.36
101,춘천,2024-08-29,25.4,20.5,30.4,,2.1,71.6,8.8,22.9
101,춘천,2024-08-30,26.4,20.7,33.4,,.7,68.6,11.3,24.19
101,춘천,2024-08-31,25.2,19.8,31.9,,.9,70.6,10.5,23.07
101,춘천,2024-09-01,25.4,21,31.2,,1,70.8,8.6,21.28
101,춘천,2024-09-02,22.6,19.3,25.5,1.5,1.8,79.1,0,7.36
101,춘천,2024-09-03,23.9,19,29.8,,1.9,64.5,10.2,22.54
101,춘천,2024-09-04,24.8,19.2,31.5,,1,70.4,11.3,22.84
101,춘천,2024-09-05,24.7,21.7,27.7,,1.1,81.9,.9,7.19
101,춘천,2024-09-06,22.2,20.7,24.7,1.8,1.8,81.3,0,3.72
101,춘천,2024-09-07,23.9,20.2,30.2,0,.8,75.6,6.8,17.69
101,춘천,2024-09-08,25.2,20.1,31.6,,1,73.8,9.7,21.2
101,춘천,2024-09-09,26.8,22.6,32.2,,1.1,75.6,5.5,17.15
101,춘천,2024-09-10,27.6,23.1,33.8,,1,76,9.8,20.76
101,춘천,2024-09-11,28,23.3,34.7,.2,1.2,72.9,7.9,19.87
101,춘천,2024-09-12,23.6,23,25.5,25.6,1.2,90.4,0,3.37
101,춘천,2024-09-13,24.5,23,27,12.1,.5,91.3,0,5.85
101,춘천,2024-09-14,25.8,22.9,29.8,25,1.2,86,3.2,13.22
101,춘천,2024-09-15,24.6,21.8,27.9,,2.6,74.6,2.4,11.96
101,춘천,2024-09-16,23.2,20.2,27.8,4,1.8,84.3,4.1,12.02
101,춘천,2024-09-17,26.3,23,30.3,,.5,85.9,.8,10.34
101,춘천,2024-09-18,27.6,25.1,31.6,18.2,.5,84.4,2.1,12.14
101,춘천,2024-09-19,27,24.2,31.1,0,.4,85.8,2.2,12.26
101,춘천,2024-09-20,23.7,16.5,27.3,38.5,1.4,90.4,.1,5.15
101,춘천,2024-09-21,18,16,20.7,76.3,2.4,84.1,0,5.06
101,춘천,2024-09-22,19.1,15.6,23.6,,2.3,71.6,4.3,15.36
101,춘천,2024-09-23,17.9,13.6,23.4,,2.7,68.8,10.9,21.18
101,춘천,2024-09-24,17.5,11.5,24.8,,1.4,73.1,10.8,20.97
101,춘천,2024-09-25,20,14.2,26.4,.1,1.1,77.1,4.9,14.99
101,춘천,2024-09-26,21.8,19.1,27.3,4.1,1,82.6,6,14.76
101,춘천,2024-09-27,21.1,17.4,26.8,,1.8,76.1,7.4,17.03
101,춘천,2024-09-28,20.6,16.2,25.4,,2.5,67,8.7,18.37
101,춘천,2024-09-29,20.4,15.5,26.7,,2.2,70.6,10,19.46
101,춘천,2024-09-30,20,14.6,26.8,,.9,75.6,9.6,18.2
102,백령도,2024-05-20,14.8,12.4,18.2,,3.5,90,5.4,21.45
102,백령도,2024-05-21,14.7,12,18.6,,2,91.4,2.1,18.08
102,백령도,2024-05-22,14.7,12.8,16.4,,2.4,92,0,10.65
102,백령도,2024-05-23,15.6,14.1,17.8,,2.9,87.5,1.2,17.51
102,백령도,2024-05-24,15.7,13.7,18.7,,2.1,86.5,8.2,25.82
102,백령도,2024-05-25,16.1,13.8,20.3,.1,3.3,86.4,2.7,18.68
102,백령도,2024-05-26,15.3,14.2,17.5,2.7,5.3,94,0,3.15
102,백령도,2024-05-27,15.9,13.2,19.5,,5.4,72.6,13.7,31.5
102,백령도,2024-05-28,16,13,21,,3.6,69.3,13.8,31.93
102,백령도,2024-05-29,17.5,13.2,22.6,,3.3,64.8,13.4,29.86
102,백령도,2024-05-30,16,14,18.1,0,3.2,88.3,1.4,11.73
102,백령도,2024-05-31,16.2,12.7,20.5,,3.8,86.9,6.6,24.43
102,백령도,2024-06-01,16.4,13.3,20.1,,4.3,77.5,13.7,31.28
102,백령도,2024-06-02,18.4,14.2,23.6,,2.7,57.6,13.7,31.29
102,백령도,2024-06-03,18.5,15.1,24,,2.6,59.4,13.9,31.43
102,백령도,2024-06-04,19.7,14.6,25,,2.4,53.3,13.8,31.89
102,백령도,2024-06-05,19.8,14.9,25,,1.3,59.1,10,24.28
102,백령도,2024-06-06,18.8,14.3,23.9,,2.2,80.4,12.9,31.13
102,백령도,2024-06-07,18.3,15.7,22.1,.2,1.9,86.1,3.7,18.61
102,백령도,2024-06-08,18,15.3,22.1,7.4,2.9,89.1,5.9,19.15
102,백령도,2024-06-09,18.2,15.3,21.5,,3.4,91.4,4.7,23.29
102,백령도,2024-06-10,19.1,16,23.1,,3.1,93,4.2,16.43
102,백령도,2024-06-11,18.9,16.1,22.8,,4.4,91.4,4.5,21.04
102,백령도,2024-06-12,18.6,16.6,22,0,3.1,93.8,3.3,16.1
102,백령도,2024-06-13,20.1,16.4,23.9,,2.8,86.3,8.4,26.6
102,백령도,2024-06-14,19.5,16.7,22.2,.9,2.9,94.5,2.9,11.73
102,백령도,2024-06-15,20.2,17.8,24.3,.1,2.9,90,7.7,25.55
102,백령도,2024-06-16,21.5,17.5,26.7,,3.5,69.4,13.3,31.92
102,백령도,2024-06-17,22.5,16.8,27,,3.1,68.5,13.7,30.52
102,백령도,2024-06-18,22.9,17.9,27.9,,2.2,72,13.6,30.16
102,백령도,2024-06-19,22.4,16.3,28.9,,1.9,66.4,13,30.91
102,백령도,2024-06-20,22.2,17.4,28,,2.3,70.1,10.1,28.92
102,백령도,2024-06-21,22.9,19.3,27.8,0,1.6,77.3,8.6,24.07
102,백령도,2024-06-22,20.8,19.2,24.3,4.9,3.1,93.4,.2,7.92
102,백령도,2024-06-23,22,19.1,26.5,6.1,2.4,89.8,4.7,20.17
102,백령도,2024-06-24,20.1,17,23.3,,4.5,78.4,12.5,30.35
102,백령도,2024-06-25,21.2,17.6,25.1,,3.1,68.6,13.9,31.53
102,백령도,2024-06-26,21.7,17.4,27.1,,2.3,76.4,13.9,31.5
102,백령도,2024-06-27,22.1,17.8,27.6,,1.8,70,10.3,29.04
102,백령도,2024-06-28,23.2,18.6,28.8,,1.6,52.5,13.6,31.43
102,백령도,2024-06-29,22.3,18.7,25.5,21.1,4,82.4,2.1,15.03
102,백령도,2024-06-30,22,18.1,25.6,4.9,4.3,88.3,11.9,29.59
102,백령도,2024-07-01,21.5,18.8,24.3,,2.2,94.1,.4,14.67
102,백령도,2024-07-02,21.3,19.6,23,29.9,5.7,94.9,0,2.45
102,백령도,2024-07-03,21.8,20.1,24.7,0,4.5,86.6,2.7,15.36
102,백령도,2024-07-04,21.6,19.6,24,46.7,4.1,93.6,.5,9.27
102,백령도,2024-07-05,21.5,18.5,26.6,,4.7,88.5,7.7,25.35
102,백령도,2024-07-06,22.1,20.4,25.9,15.2,6.5,89.8,3.6,12.77
102,백령도,2024-07-07,21.7,18.7,24.6,,2.7,91.3,4.4,16.12
102,백령도,2024-07-08,22.1,20.3,24.8,,1.8,93.5,1.4,16.08
102,백령도,2024-07-09,21.1,19.8,23.7,.1,2,95.9,.2,8.33
102,백령도,2024-07-10,20.8,19.1,24.4,14.8,3.9,95.5,4.8,22.43
102,백령도,2024-07-11,23,19.2,27.6,,1.9,83.8,12.3,29.12
102,백령도,2024-07-12,22.8,19.3,27.2,,1.1,85.4,11.5,28.5
102,백령도,2024-07-13,23.9,20.5,27.9,,1.6,83.8,9.2,24.85
102,백령도,2024-07-14,24.8,20.8,28.6,,2.2,79.6,10.8,26.71
102,백령도,2024-07-15,25.1,22.6,28.6,,3.6,79.4,12.1,28.9
102,백령도,2024-07-16,23.4,22.5,24.8,8.7,4,95.1,0,4.78
102,백령도,2024-07-17,24.2,22.7,25.9,12.7,5.1,91.5,.3,7.23
102,백령도,2024-07-18,23.7,22,26.3,5.1,2.9,94.4,1.8,11.32
102,백령도,2024-07-19,23.3,21.5,25.2,0,3.8,93.9,1.4,12.85
102,백령도,2024-07-20,23.1,21.6,25.2,24.2,6.5,94.1,.2,2.9
102,백령도,2024-07-21,23.9,21.6,27,.1,4.6,88.9,8,25.83
102,백령도,2024-07-22,23.7,22.8,24.9,14.5,4.8,95,.2,5.78
102,백령도,2024-07-23,24,21.6,26.1,,3.7,90.5,5,17.03
102,백령도,2024-07-24,24.3,23.1,25.5,.2,3.5,96.5,0,6.95
102,백령도,2024-07-25,24.8,23.2,26.6,.1,3.6,93.1,.3,10.64
102,백령도,2024-07-26,25.3,24,26.2,5.6,6.1,90.5,1.7,10.55
102,백령도,2024-07-27,25.9,25,27.3,.2,7.5,90.6,.7,12.47
102,백령도,2024-07-28,26,25.3,27.3,0,8.3,89.9,0,9.18
102,백령도,2024-07-29,24.9,23.8,26.6,,5.1,92.3,.7,14.47
102,백령도,2024-07-30,24.7,23.7,26.6,.1,3,95,.1,14.67
102,백령도,2024-07-31,25.6,24,27.2,.1,5.5,93,.7,13.91
102,백령도,2024-08-01,26.2,25.1,28.2,7.7,4.6,91.9,3.7,19.43
102,백령도,2024-08-02,26.4,24.4,29,5.4,2.4,92.3,1.5,13.68
102,백령도,2024-08-03,26.6,24,30.2,,1.2,89,9.4,24.48
102,백령도,2024-08-04,26.9,23.8,29.7,,2.9,89.1,10.1,26.32
102,백령도,2024-08-05,26.5,23.9,29.2,14.3,4.2,88.9,3.5,17.06
102,백령도,2024-08-06,26.9,24.9,29.6,,2.6,86.4,6.8,22.03
102,백령도,2024-08-07,26.2,23.7,29.1,.4,1.6,87.3,7.4,23
102,백령도,2024-08-08,25.9,23.9,29,0,1.3,89.9,5.1,15.91
102,백령도,2024-08-09,25.7,22.9,30,,1.2,82.1,11.3,26.45
102,백령도,2024-08-10,26.4,22.9,28.6,,4.2,87.5,3.3,17.02
102,백령도,2024-08-11,27.2,25.8,29.2,12.5,6,91.4,.3,8.43
102,백령도,2024-08-12,27.6,26.3,29.6,0,4.6,90.8,2.8,15.56
102,백령도,2024-08-13,27.3,25.9,30.4,,1.7,91.5,4.1,15.53
102,백령도,2024-08-14,27.1,24.7,31.2,,2.2,83,12.6,26.54
102,백령도,2024-08-15,26.6,23.9,30.2,,2.1,81.4,11.8,24.97
102,백령도,2024-08-16,27.1,24.2,30.5,,1.7,81.4,12.2,25.89
102,백령도,2024-08-17,27.3,24.4,31.1,,1.3,82.6,11,24.58
102,백령도,2024-08-18,27.5,24.2,30.7,,1.6,83,10.8,25.37
102,백령도,2024-08-19,27.7,25.3,30.4,0,2.1,84.9,11,25.44
102,백령도,2024-08-20,27.8,24.9,30.8,,2.6,83.6,6.3,18.54
102,백령도,2024-08-21,26.9,24.8,29.5,31.4,2.2,92.1,1.6,9.45
102,백령도,2024-08-22,26.6,25.3,29.3,57.9,4.4,89,4.9,14.51
102,백령도,2024-08-23,26.9,24.4,29.8,,2.6,81.9,10.3,22.22
102,백령도,2024-08-24,26.1,23.5,29.3,,1.4,86.8,4.2,15.48
102,백령도,2024-08-25,25.6,22.8,29.7,,2,83.6,10.3,23.64
102,백령도,2024-08-26,24.5,22.4,28.8,0,1.8,80.3,.8,9.05
102,백령도,2024-08-27,24.1,21,28.4,1.2,2.6,75.6,6.7,18.11
102,백령도,2024-08-28,25.1,22.7,29.8,,2.6,77.9,12.3,26.02
102,백령도,2024-08-29,25.2,22.6,29.7,,2.2,77.9,12.2,25.07
102,백령도,2024-08-30,24.7,22,28.5,,2.7,79.8,11.7,25.03
102,백령도,2024-08-31,24.1,20.6,26.7,,3.4,78,11.5,25.69
102,백령도,2024-09-01,24.7,19.6,28.5,15.6,2.3,77.4,8.5,20.86
102,백령도,2024-09-02,23.4,21.2,25.3,,3.3,80.8,5.2,18.98
102,백령도,2024-09-03,24.7,22.6,27.7,,3.4,73.1,7.4,20.87
102,백령도,2024-09-04,24.9,22.8,27.4,.4,3.3,85.5,4,13.75
102,백령도,2024-09-05,24.7,22.8,26.6,,3.6,83.6,.7,6.15
102,백령도,2024-09-06,23.4,21.1,27.1,,2.4,75.9,9.7,22.75
102,백령도,2024-09-07,23.5,20.8,26.3,,2,82.4,10.7,21.99
102,백령도,2024-09-08,22.8,19.6,26.5,,2.4,73.9,10.1,22.08
102,백령도,2024-09-09,24.1,20.7,27.9,,1.3,78.4,11.6,22.7
102,백령도,2024-09-10,24.4,21.3,28.6,,2.1,85.8,11.6,22.46
102,백령도,2024-09-11,24.9,21,29,,1.7,78.8,11.2,23.18
102,백령도,2024-09-12,24.6,23.5,26.1,9.7,2.7,93.4,0,5.94
102,백령도,2024-09-13,24.8,23.5,27.2,41.3,4.2,93.6,.6,9.17
102,백령도,2024-09-14,23.9,22.1,27.5,0,2.7,89.9,.7,10.99
102,백령도,2024-09-15,23.5,21.3,25.9,,3.1,86,9.3,20.75
102,백령도,2024-09-16,24.9,22.5,28,,2.9,79.9,6.3,17.29
102,백령도,2024-09-17,24.4,22.5,27.2,1.2,1.2,91.4,.2,5.78
102,백령도,2024-09-18,24.1,22.1,27.6,.2,1.5,84.1,3.6,13.23
102,백령도,2024-09-19,24.6,22.2,27.2,0,1.1,83.9,.7,8.88
102,백령도,2024-09-20,23.7,20.7,26.6,6.3,2.6,94.3,.2,7.14
102,백령도,2024-09-21,18.8,17.4,20.8,.1,3.6,83.4,.1,7.52
102,백령도,2024-09-22,18.8,17,20.3,,4.7,72.8,11.6,22.86
102,백령도,2024-09-23,19.1,16.6,23,,2.6,73.1,11.6,22.34
102,백령도,2024-09-24,20.5,17,23.6,,3.2,70.5,11.4,21.76
102,백령도,2024-09-25,21,18.1,24.6,2.7,2,86.1,1.4,8.76
102,백령도,2024-09-26,20.8,19.2,23.4,,2.7,86,9.9,19.29
102,백령도,2024-09-27,21,17.9,23.4,,3.3,82.1,10.9,20.27
102,백령도,2024-09-28,21,18.1,25.4,,2,78.1,10.2,20.25
102,백령도,2024-09-29,22,20.2,25.1,,3.5,78,10.8,19.98
102,백령도,2024-09-30,22.4,19.8,25,0,2.1,83.6,3,12.56
104,북강릉,2024-05-20,14.2,12.2,16.3,.4,1,82.5,.1,7.92
104,북강릉,2024-05-21,14.8,11.8,18.5,,1,80.4,8.1,23.37
104,북강릉,2024-05-22,20.2,11.2,27.2,,.9,67.4,13.6,29
104,북강릉,2024-05-23,25.7,18.5,31.9,,1.3,42.1,12.9,28.78
104,북강릉,2024-05-24,15.9,13.2,18.5,.4,1,80.1,0,5.45
104,북강릉,2024-05-25,16.4,12,21.9,0,1.2,68.4,5.9,19.36
104,북강릉,2024-05-26,19.3,12.9,24.3,0,1.1,71.5,1.3,13.47
104,북강릉,2024-05-27,20.5,15.6,25.5,,2,45.4,12.2,28.88
104,북강릉,2024-05-28,16.1,11.6,19.8,,1.4,66.6,7.8,22.48
104,북강릉,2024-05-29,22,11.5,29.1,,1.3,45.9,13.2,28.42
104,북강릉,2024-05-30,19.5,17.1,22.9,,.8,55.6,.6,12.67
104,북강릉,2024-05-31,19,15.4,23.8,,.9,77.3,11.7,29.11
104,북강릉,2024-06-01,15.6,14,18.5,15,.8,90.8,.4,5.12
104,북강릉,2024-06-02,15.2,11.6,19,3.1,.6,86.5,4.3,15.74
104,북강릉,2024-06-03,16.1,11.3,21.1,,.9,78.1,14,30.5
104,북강릉,2024-06-04,17.6,12.7,22.8,,.9,72.9,13.8,30.29
104,북강릉,2024-06-05,18.8,13.2,23.6,,.9,79,11.4,27.28
104,북강릉,2024-06-06,20.4,17.3,25,,.9,73.5,9.7,22.18
104,북강릉,2024-06-07,20.8,15.4,25.6,,.7,69.3,10.7,22.7
104,북강릉,2024-06-08,19.5,17.1,23.2,2.7,.8,84,.9,6.25
104,북강릉,2024-06-09,22.1,16.2,27,,1,69.4,13.3,28.5
104,북강릉,2024-06-10,24.5,19.2,28.1,,1.1,59.3,12.2,27.33
104,북강릉,2024-06-11,27.2,21.3,31.7,,1.4,55,13.2,28.42
104,북강릉,2024-06-12,27.5,21.6,33.7,,1.2,42.4,11.9,28.43
104,북강릉,2024-06-13,23.7,19.8,27.9,,1,64.6,13.1,28.69
104,북강릉,2024-06-14,22.7,18.8,26.8,0,1,79.4,11.1,26.64
104,북강릉,2024-06-15,21.5,19.2,24.3,13.6,.7,89.8,.8,8.46
104,북강릉,2024-06-16,22.7,17,26.6,,1.4,61.3,14.1,30.3
104,북강릉,2024-06-17,26.5,19.8,32.4,,1.6,41.9,12.4,27.26
104,북강릉,2024-06-18,25.6,22.2,30.1,,1.2,51.6,13.8,28.75
104,북강릉,2024-06-19,26.2,21.4,32.5,,1,56.9,13.6,28.59
104,북강릉,2024-06-20,26.4,21.3,32.1,,.7,58.4,10.7,25.29
104,북강릉,2024-06-21,23.8,18.7,29.3,,1,69.8,13.1,28.45
104,북강릉,2024-06-22,21.5,20.3,24.3,12.1,.6,91.4,.1,4.56
104,북강릉,2024-06-23,21.6,20.3,24.5,10.9,1.1,93.6,1.4,11.51
104,북강릉,2024-06-24,21.7,19.2,24.3,5.5,.9,86.1,6,18.65
104,북강릉,2024-06-25,22.2,18.6,28,,1.5,61,11.9,24.38
104,북강릉,2024-06-26,22.9,19.1,27.4,,1,64,13.9,29.72
104,북강릉,2024-06-27,25.5,19.7,30,,1,59.1,8.2,22.52
104,북강릉,2024-06-28,24,20.3,28.9,,1,65.3,13.6,27.94
104,북강릉,2024-06-29,24.5,20.4,28.8,19.1,.9,71,11,26.41
104,북강릉,2024-06-30,22.1,19.6,29.4,7.1,1.3,94.3,2.5,12.31
104,북강릉,2024-07-01,25.1,19.2,31,,1.2,75.1,13.6,29.31
104,북강릉,2024-07-02,21.3,20.2,22.6,45.5,.9,94.3,0,1.86
104,북강릉,2024-07-03,26.6,20,29.4,0,2.5,65.3,2.9,14.73
104,북강릉,2024-07-04,28.3,22.7,31.7,,1.3,60.6,9.7,24.93
104,북강릉,2024-07-05,28,24.1,31.3,.1,3.1,53.5,10.3,25.46
104,북강릉,2024-07-06,27.6,22.2,32.7,.1,1.5,66.6,1.7,10.14
104,북강릉,2024-07-07,26.4,22.8,30.5,1.2,1.4,70,.5,11.7
104,북강릉,2024-07-08,23.9,22.1,26.3,12.3,.8,93.1,0,4.4
104,북강릉,2024-07-09,23.3,21.5,26.7,.6,.9,90.4,3.5,14.21
104,북강릉,2024-07-10,22.2,20.6,24.9,7,1.2,91.9,1.7,11.5
104,북강릉,2024-07-11,24.2,18.9,29,,.7,78.1,12.3,27.45
104,북강릉,2024-07-12,24.4,21.7,27.3,,.8,82.8,9.8,23.07
104,북강릉,2024-07-13,22.7,20.9,25.5,0,.7,92.9,.2,11.42
104,북강릉,2024-07-14,21.4,19.5,22.6,3.7,.6,95.4,0,4.92
104,북강릉,2024-07-15,22,21.1,23.6,2.9,.8,94,0,5.78
104,북강릉,2024-07-16,23.4,21.2,26.1,5.9,.7,92.9,3,17.4
104,북강릉,2024-07-17,25.7,22.4,29.7,9.9,1.1,80.8,0,4.91
104,북강릉,2024-07-18,24.7,23.1,28.8,14.3,1.1,87.6,0,2.6
104,북강릉,2024-07-19,28.5,23.2,32.5,,1.1,64.5,8.9,20.33
104,북강릉,2024-07-20,27.3,22.2,30.9,0,1,71.3,3.4,10.91
104,북강릉,2024-07-21,29,26.3,34.1,0,2.5,60,7.3,18.69
104,북강릉,2024-07-22,29.3,25.7,31.8,2,1.7,66,2.4,11.28
104,북강릉,2024-07-23,29,24.9,31.9,3.5,2.1,64.8,4.9,13.58
104,북강릉,2024-07-24,29.1,24.5,33,0,1.2,66.4,7,17.48
104,북강릉,2024-07-25,29.1,26.1,33.3,,.7,72.1,4.6,17.82
104,북강릉,2024-07-26,27.6,25.2,31.2,.7,1,86,10.2,23.13
104,북강릉,2024-07-27,28.4,25.7,34,5.9,.9,82.4,1.5,10.16
104,북강릉,2024-07-28,31,28,35.8,,2,61,9.9,24.07
104,북강릉,2024-07-29,31.1,27.9,34.7,0,2.4,60.1,10.1,23.3
104,북강릉,2024-07-30,30.4,26.1,34.7,1,1.5,66.8,9.4,21.64
104,북강릉,2024-07-31,30.6,26.6,34.4,,1.2,62.6,13.3,27.62
104,북강릉,2024-08-01,31.3,26.5,36,,1.3,62.1,12.1,23.23
104,북강릉,2024-08-02,29.9,27.5,35.5,,1.3,72.5,9.8,21.03
104,북강릉,2024-08-03,30.1,25.4,36.1,,.9,66.3,13,25.99
104,북강릉,2024-08-04,27.5,24.8,30.7,,1,83.3,8.2,21.67
104,북강릉,2024-08-05,27.2,24.8,31.2,,.7,86.6,5.1,17.96
104,북강릉,2024-08-06,27.5,24.6,31.4,0,.9,82.8,6.2,17.41
104,북강릉,2024-08-07,28.1,24.2,32.8,1.3,.7,74.9,8.2,19.4
104,북강릉,2024-08-08,27.7,24,31.5,0,.6,75.5,2.3,11.28
104,북강릉,2024-08-09,27,22.8,31,,.9,80,11.6,25.59
104,북강릉,2024-08-10,27.2,23.3,30.9,,1.2,78.9,11.5,25.64
104,북강릉,2024-08-11,27.2,23.6,32.1,,1,78.8,11.1,23.87
104,북강릉,2024-08-12,26,22.6,30.6,,.9,81.8,11,24.83
104,북강릉,2024-08-13,26.4,23,30.2,,1,78.6,12.4,25.31
104,북강릉,2024-08-14,26.1,22.5,30.2,,.8,79.5,11.7,25.5
104,북강릉,2024-08-15,26.1,22.7,30.1,,.9,79.4,12.7,25.88
104,북강릉,2024-08-16,26.5,22.7,30.8,,.9,79.6,12.5,25.49
104,북강릉,2024-08-17,26.8,22.6,31.1,,.9,79.3,12.3,24.86
104,북강릉,2024-08-18,26.7,22.7,31.3,,1.3,79.1,11.4,24.94
104,북강릉,2024-08-19,27,23.2,31.3,,1.1,82.8,11.6,24.78
104,북강릉,2024-08-20,27.1,24.4,30.7,4.1,.8,88.8,2.5,12.36
104,북강릉,2024-08-21,26.8,25.2,29.1,5.4,.6,92,0,3.37
104,북강릉,2024-08-22,30.8,25.5,36.5,1.5,1.9,64.8,8.5,19.46
104,북강릉,2024-08-23,30,27.1,35,,1.9,56.1,8.8,16.35
104,북강릉,2024-08-24,28,25.1,31.1,0,1.1,70.6,9.3,22.36
104,북강릉,2024-08-25,25.7,23.3,29.8,7.1,.8,88.3,3.5,14.05
104,북강릉,2024-08-26,25.1,22.6,28.3,.5,.6,90,.2,9.31
104,북강릉,2024-08-27,23.6,20.8,26,10.5,.5,92,1.1,5.76
104,북강릉,2024-08-28,23.7,20,27.4,.5,.4,85.6,2.2,11.62
104,북강릉,2024-08-29,23.9,21.4,27.3,40.7,.8,92.9,.5,6.5
104,북강릉,2024-08-30,24.2,21.3,27.7,5.8,.9,87.9,3.8,13.99
104,북강릉,2024-08-31,24,20,28.2,,.9,76.9,9.1,20.25
104,북강릉,2024-09-01,25.9,21.3,30.8,,1,69.9,11.5,23.69
104,북강릉,2024-09-02,22.7,20.7,25.4,11.9,1.2,86.3,.1,5.19
104,북강릉,2024-09-03,21.9,18.9,25.6,,.9,76.8,10.7,22.58
104,북강릉,2024-09-04,22.6,16.9,27.3,,1,76.1,11.5,23.54
104,북강릉,2024-09-05,26.7,20.2,32.9,,1.2,67,6.8,16.35
104,북강릉,2024-09-06,21.7,20.2,25.1,28.7,1.1,91.5,0,3.7
104,북강릉,2024-09-07,22.3,20.7,25.9,.3,.5,87.3,1.9,10.1
104,북강릉,2024-09-08,23.5,19.7,27.4,1.4,.8,88.9,5.3,14.83
104,북강릉,2024-09-09,24.3,21.6,26.7,,.7,89.9,1.9,8.59
104,북강릉,2024-09-10,26.5,21.5,32.1,,.7,81.4,11.7,21.73
104,북강릉,2024-09-11,24.8,21.8,30.1,13.8,1.3,87.1,6.6,15.3
104,북강릉,2024-09-12,21.4,20.9,22.5,13.5,1,97.8,0,2.72
104,북강릉,2024-09-13,23.4,20.5,25.9,6.5,.5,94.8,.3,8.41
104,북강릉,2024-09-14,22.2,20.9,23.9,1.9,1.1,94.4,.2,4.89
104,북강릉,2024-09-15,20.6,19.4,22.2,60.6,1.1,98.9,0,3.43
104,북강릉,2024-09-16,21.4,19.6,24.7,2.2,.9,90.8,1.4,10.49
104,북강릉,2024-09-17,25.1,20.6,31.3,,.7,88.5,6.4,15.53
104,북강릉,2024-09-18,23.8,22.9,26.1,3.9,.7,93.4,.4,5.88
104,북강릉,2024-09-19,24.4,22.7,26.9,0,.6,94,1.4,9.97
104,북강릉,2024-09-20,22.7,16.2,27.7,86.9,1.1,94,0,4.85
104,북강릉,2024-09-21,18.7,16.8,19.6,178.7,1.4,98.5,0,2.17
104,북강릉,2024-09-22,17,15.4,18.9,73.7,1.3,97.3,0,4.73
104,북강릉,2024-09-23,17.6,14.5,21.8,.3,1,72.8,6.2,17.16
104,북강릉,2024-09-24,17.4,12.2,21.6,,.6,78,7.2,16.73
104,북강릉,2024-09-25,19.2,14.9,23.1,,.5,87.4,5.8,13.62
104,북강릉,2024-09-26,20.8,18.2,25.2,1.3,.5,88,3.2,10.51
104,북강릉,2024-09-27,20.2,18.1,24.2,55.4,1.2,91.8,2.1,10.62
104,북강릉,2024-09-28,19.7,17.4,23.5,5.3,1.5,77.3,8.3,17.15
104,북강릉,2024-09-29,19,15.9,23.3,0,1,80.9,4.1,9.78
104,북강릉,2024-09-30,20.6,14.1,26.9,,1,69.6,10.7,19.68
105,강릉,2024-05-20,15,13.6,16.7,.5,1.5,79.1,0,6.97
105,강릉,2024-05-21,16.2,13.6,20.5,,1.6,74.1,6.1,20.26
105,강릉,2024-05-22,22,11.3,29.7,,1.9,60.3,13,27.51
105,강릉,2024-05-23,27.4,21,33.3,,3,38.1,12.3,27.75
105,강릉,2024-05-24,17.1,14.6,21,,1.9,74.3,0,5.18
105,강릉,2024-05-25,17.4,13,22.8,,1.9,63.8,5.7,18.26
105,강릉,2024-05-26,20.3,14.6,24.5,0,1.3,70.8,1,12.96
105,강릉,2024-05-27,21.8,18.4,26.4,,3.5,44.8,12.5,26.57
105,강릉,2024-05-28,17.4,14,20.7,,2.3,62.8,6,20.71
105,강릉,2024-05-29,23.3,12.6,29.6,,1.9,44.6,13,27.11
105,강릉,2024-05-30,21.5,18.9,24.4,,1.6,50.1,.4,12.33
105,강릉,2024-05-31,21,17.6,25,,1.5,66.9,11.2,27.49
105,강릉,2024-06-01,16.9,15.2,20,5.1,1.5,83.9,.3,5.43
105,강릉,2024-06-02,16.4,12.6,20,3.6,1.3,79.6,3.9,14.78
105,강릉,2024-06-03,17.5,12.3,21.9,,2.1,69.8,13.5,29.24
105,강릉,2024-06-04,19.5,13.5,24.7,,1.8,63.8,13.3,29.26
105,강릉,2024-06-05,20.4,15.1,25.1,,1.4,73.9,11.3,25.99
105,강릉,2024-06-06,22.6,18.5,27.5,,1.5,64.8,9.1,21.94
105,강릉,2024-06-07,22.8,18.3,27.2,,1.3,60,10.1,21.34
105,강릉,2024-06-08,20.7,18.5,23.5,.8,1.5,78.5,.8,5.85
105,강릉,2024-06-09,24.3,17.3,29.1,,1.5,63.4,11.6,
105,강릉,2024-06-10,27.5,23.7,30.4,,2.1,50.5,11.5,24.89
105,강릉,2024-06-11,29.7,25,34.4,,2.5,48.8,12.8,26.78
105,강릉,2024-06-12,29.5,25.1,35.3,,2.5,38.6,12.4,27.14
105,강릉,2024-06-13,26.1,22.3,29.7,,2,57.6,12.8,26.19
105,강릉,2024-06-14,25.3,20.7,29.7,,1.6,70.5,10.7,25.64
105,강릉,2024-06-15,23.6,21.6,26.3,13.1,1.1,80.6,0,6.99
105,강릉,2024-06-16,24.4,20.2,27.7,,2,59.5,12.5,27.61
105,강릉,2024-06-17,28.5,23.3,33.5,,3.3,37.9,12.4,25.47
105,강릉,2024-06-18,27.8,24.4,32.1,,2.1,46.5,13.4,27.45
105,강릉,2024-06-19,29.1,26,34.7,,2.2,49.9,13.3,27.38
105,강릉,2024-06-20,28.4,23.8,34.4,,2.2,52.1,10.2,23.73
105,강릉,2024-06-21,25.9,20.7,31.6,,1.8,60.9,13.2,27.36
105,강릉,2024-06-22,22.3,21.2,24.6,15.8,1.2,88,0,3.36
105,강릉,2024-06-23,22.4,21.1,24.8,14.8,1.5,91.5,.1,8.89
105,강릉,2024-06-24,23.6,19.8,26.6,8.2,1.8,79.1,7.8,22.38
105,강릉,2024-06-25,23.6,20.7,29,,2.1,57.5,10.2,22.72
105,강릉,2024-06-26,25.1,20.7,29.4,,2,55,13.5,28.39
105,강릉,2024-06-27,27.1,22.4,31.5,,2,55.9,7.9,21.23
105,강릉,2024-06-28,26.4,21.8,30.8,,1.9,56.8,13,27.47
105,강릉,2024-06-29,26.6,22.8,31.9,19.6,1.9,64.8,11,25.16
105,강릉,2024-06-30,23.8,21.7,29.7,12.8,1.7,87.5,.7,8.47
105,강릉,2024-07-01,27.2,21,32.4,,2.3,67.6,13.4,27.83
105,강릉,2024-07-02,22.2,21.1,23.7,43.8,1.4,91.3,0,1.98
105,강릉,2024-07-03,27.1,21,30,0,3.1,67.1,1.4,12.77
105,강릉,2024-07-04,29.1,26.7,33.1,,3,59.4,9.1,24.72
105,강릉,2024-07-05,28.9,26.7,31.5,,4.7,53.8,9.9,24.3
105,강릉,2024-07-06,29.7,25.3,33.5,0,2.4,59.9,1.5,10.26
105,강릉,2024-07-07,28.2,24.5,32.3,2.9,3.8,63.1,1.1,11.5
105,강릉,2024-07-08,25.6,23.3,27.8,14.1,1.4,84.3,0,3.76
105,강릉,2024-07-09,24.6,22.5,28,3.4,1.4,86.4,2.9,13.51
105,강릉,2024-07-10,23.6,22.3,26,9.2,2.1,87.3,2.4,14.37
105,강릉,2024-07-11,25.9,19.9,30.7,,1.3,72.8,11.7,25.08
105,강릉,2024-07-12,26.3,24.3,28.5,,1.7,75.8,9.4,21.62
105,강릉,2024-07-13,24.1,22.3,27.1,,1.3,85.9,.9,12.47
105,강릉,2024-07-14,22.2,20.8,23.7,2.4,1.3,91.3,0,4.21
105,강릉,2024-07-15,22.6,21.8,23.6,4.2,1,93.8,0,4.69
105,강릉,2024-07-16,24.7,21.7,28.4,4.7,1.2,88.4,3.2,17.73
105,강릉,2024-07-17,26.1,23.4,30.7,6.7,1.7,82.5,0,5.22
105,강릉,2024-07-18,25.9,24.4,29.5,17.6,1.5,84.3,0,2.82
105,강릉,2024-07-19,30.3,27,33.4,,3.1,57.5,6.9,19.29
105,강릉,2024-07-20,29.6,27.4,31.9,0,2,63.4,3.4,10.21
105,강릉,2024-07-21,30.3,27.3,33.9,.1,4,59.6,5.9,16.29
105,강릉,2024-07-22,30.9,27.5,33.2,1.2,2.9,62.1,1.9,11.58
105,강릉,2024-07-23,30,26.5,32.6,2,3.7,63.6,4.5,12.67
105,강릉,2024-07-24,30.8,27.1,34.3,0,2.6,61.5,6.7,15.33
105,강릉,2024-07-25,31.2,28.8,35.5,,2,64.6,3.7,16.95
105,강릉,2024-07-26,29.7,26.9,33.6,.2,1.5,78,10.2,24.81
105,강릉,2024-07-27,30.1,27.8,35,1.3,1.2,76.6,.9,9.81
105,강릉,2024-07-28,32.3,27.6,36.1,,2.7,59.1,9.4,22.82
105,강릉,2024-07-29,32,29.7,34.3,.2,4.7,59.5,10.3,25.08
105,강릉,2024-07-30,31.9,29,34,1.7,3.9,61.8,8.7,22.49
105,강릉,2024-07-31,33,30.4,37,,2.6,55,13,26.71
105,강릉,2024-08-01,33.3,30,37,,2.7,56.5,12.2,25.47
105,강릉,2024-08-02,32.9,29.8,37.6,,2.5,62.6,9.9,22.1
105,강릉,2024-08-03,32.2,28.3,36.2,,2.1,59.5,9.8,21.36
105,강릉,2024-08-04,29,26.5,32.6,,1.8,78.4,5.8,19.93
105,강릉,2024-08-05,29,26.4,32.9,,1.4,80.3,5.8,17.6
105,강릉,2024-08-06,29,26.4,33,0,1.5,76,4.7,16.03
105,강릉,2024-08-07,30.6,26.7,35.3,.4,1.9,64.4,9,20.72
105,강릉,2024-08-08,29.6,25.9,33,.3,1.8,66.3,1.8,11.38
105,강릉,2024-08-09,29.1,24.8,33,,1.8,71.9,11.7,24.7
105,강릉,2024-08-10,28.9,24.8,32.9,,2,73.3,11.7,24.67
105,강릉,2024-08-11,29,25,33.9,,1.8,73,10.6,23.29
105,강릉,2024-08-12,28.1,23.9,32.7,,1.8,73.1,11.7,23.92
105,강릉,2024-08-13,28,24.3,32.4,,1.7,71.8,12.3,24.21
105,강릉,2024-08-14,27.6,23.7,31.7,,1.6,73.1,11.7,24.03
105,강릉,2024-08-15,27.6,24,31.7,,1.9,74.1,12.2,24.35
105,강릉,2024-08-16,28.1,24.4,32,,1.8,73.6,11.2,23.97
105,강릉,2024-08-17,28.2,24.3,32.7,,1.9,72.9,11.9,23.36
105,강릉,2024-08-18,28.5,24.1,33.5,,1.9,72.6,11.5,23.89
105,강릉,2024-08-19,29.1,24.7,34.2,,1.7,74.6,12.1,23.98
105,강릉,2024-08-20,28.6,26.1,31.8,0,1.5,81.4,1.1,9.77
105,강릉,2024-08-21,27.8,26.3,29.9,3.7,.8,89.1,0,3.79
105,강릉,2024-08-22,31.8,25.6,37.4,1,2.7,64.5,10.3,22.48
105,강릉,2024-08-23,31.4,29.1,35.1,,3.5,54.9,7.8,14.89
105,강릉,2024-08-24,29.8,27.1,33.5,,2.1,65.6,9.6,21.43
105,강릉,2024-08-25,27.1,24.8,31.5,19.7,1.5,83.4,2.7,13.26
105,강릉,2024-08-26,26,23.7,29,4.1,1.4,85.3,.1,8.58
105,강릉,2024-08-27,24.3,21.6,26.3,10.8,1.3,88,.7,5.33
105,강릉,2024-08-28,24.7,20.7,28.7,.2,1.5,81.9,1.8,11.11
105,강릉,2024-08-29,,22.4,26.9,40.4,1.8,,0,4.54
105,강릉,2024-08-30,25.2,22.4,29.2,6.6,2,86,2.2,11.87
105,강릉,2024-08-31,25.1,21.9,28.9,,2.6,73.3,8,19.57
105,강릉,2024-09-01,27.7,20.9,33.6,,2,63.5,11.1,22.72
105,강릉,2024-09-02,23.9,21.7,26.2,6.4,2.1,81.8,0,5.36
105,강릉,2024-09-03,22.9,19.9,27.4,,1.6,74.8,6.9,17.79
105,강릉,2024-09-04,24.1,18.6,29.1,,2.1,71.6,11.6,22.61
105,강릉,2024-09-05,28.3,21.8,33.1,,2.6,60.3,6.5,15.88
105,강릉,2024-09-06,22.9,21.2,27.3,29.8,1.5,88.6,0,3.82
105,강릉,2024-09-07,23.6,21.7,27.1,,1.2,82.4,1.2,10.44
105,강릉,2024-09-08,24.9,20.9,28.9,,1.7,81.5,4.9,15.06
105,강릉,2024-09-09,25.7,22.7,29.3,,1.4,83.1,2.3,10.84
105,강릉,2024-09-10,28.3,22.7,34.2,,1.4,74.3,11.7,20.64
105,강릉,2024-09-11,26.2,23,30.1,43.7,2.5,82.8,5.4,12.96
105,강릉,2024-09-12,22.3,21.9,23.4,16.4,1.6,95.4,0,2.81
105,강릉,2024-09-13,24.5,21.4,28.3,6,1,92.4,1.2,9.78
105,강릉,2024-09-14,23.2,22.1,24.9,1.9,1.8,90.5,0,4.71
105,강릉,2024-09-15,21.4,20.1,23.2,44,1.6,99,0,3.73
105,강릉,2024-09-16,22.2,20.3,25.1,5,1,89.4,.4,8.59
105,강릉,2024-09-17,26.6,21.3,32.7,.2,1.3,81.9,6.8,16.5
105,강릉,2024-09-18,24.6,23.8,26.4,3.4,1.2,90.9,.4,5.33
105,강릉,2024-09-19,25.7,23.6,28,,1.1,89.3,.5,9.6
105,강릉,2024-09-20,23.8,17,28.7,84.6,2.3,89.8,.2,5.8
105,강릉,2024-09-21,19.3,17.2,20.4,137.4,2,99.6,0,2.44
105,강릉,2024-09-22,17.9,16.2,20.2,57.4,2.3,96.9,0,5.48
105,강릉,2024-09-23,17.9,14.9,22.7,,1.6,75.5,4.6,14.45
105,강릉,2024-09-24,18.5,13.8,22.9,,2.4,72.9,6.6,16.29
105,강릉,2024-09-25,20.5,16,24.7,,1.2,82.3,4.4,12.93
105,강릉,2024-09-26,21.8,19.5,26.8,.5,1.3,82.5,3.5,13.14
105,강릉,2024-09-27,21.2,19,24.8,36.5,2.1,87.5,2.7,11.01
105,강릉,2024-09-28,20.3,18,23.5,6.2,2.3,77,5.7,14.17
105,강릉,2024-09-29,19.9,16.8,24.4,.1,1.6,80.6,4.1,9.97
105,강릉,2024-09-30,21.7,15.6,28.7,,2.1,65.6,10.9,19.01
106,동해,2024-05-20,15,11.9,18.6,1.1,2.8,82.9,0,8.21
106,동해,2024-05-21,15.2,11.6,19.6,,2,78.5,4.5,18.1
106,동해,2024-05-22,18.5,10.4,23.4,,1.5,70.8,12.3,28.8
106,동해,2024-05-23,25.2,19.2,30.9,,2,40.6,11.5,27.87
106,동해,2024-05-24,17.4,16.3,21.5,,2.9,72.6,0,7.16
106,동해,2024-05-25,16.3,13.2,20.4,,2.8,71.6,5.5,18.31
106,동해,2024-05-26,18.1,12.5,23.3,.1,1.4,76.9,.8,13.97
106,동해,2024-05-27,21.4,17.6,27.2,,2.9,45.5,10.1,23.93
106,동해,2024-05-28,16.6,11,21.8,0,3.5,67.3,6.4,20.48
106,동해,2024-05-29,19.5,10.4,26.9,,2.1,53.5,12.1,28.04
106,동해,2024-05-30,20.6,17.5,25.1,,2.1,54.4,1.6,14.27
106,동해,2024-05-31,19.5,15.8,24.5,,1.5,65.5,12.2,28.76
106,동해,2024-06-01,16.5,14.5,20.6,4,2.4,83.1,1.9,9.82
106,동해,2024-06-02,16.2,11.9,20,.1,1.6,82,5.2,19.09
106,동해,2024-06-03,16.7,11.7,21.7,,2.8,78.9,12.2,30.08
106,동해,2024-06-04,17.2,12.4,21.9,,2,76.9,12.7,30.43
106,동해,2024-06-05,18.4,12.3,22.6,,2.1,78.6,11.5,28.04
106,동해,2024-06-06,19.1,15.6,23.2,,1.4,83.8,11.5,25.86
106,동해,2024-06-07,19.3,13.8,24.9,,1.4,77,9.1,21.63
106,동해,2024-06-08,20.2,16.9,24,,1.9,78.6,.8,9.22
106,동해,2024-06-09,21.2,16,26.1,,2.1,74.8,11,26.31
106,동해,2024-06-10,23.5,18.5,27.9,,1.5,62.1,12.5,27.58
106,동해,2024-06-11,25.8,21.9,30.9,,1.9,56.1,12.3,27.67
106,동해,2024-06-12,25.7,21.2,33.9,0,2.4,48.6,12.1,28.29
106,동해,2024-06-13,24,20.6,29.6,,2.1,68.3,12.1,27.81
106,동해,2024-06-14,22.9,18.4,26.3,,1.9,79,11.7,24.66
106,동해,2024-06-15,22.2,20.1,27,15.9,1.5,86.3,1.1,9.09
106,동해,2024-06-16,22.5,18.5,28.1,0,2,70.9,12.4,28.28
106,동해,2024-06-17,27.3,21.3,31.6,,2.8,39.5,10.1,24.21
106,동해,2024-06-18,25.6,21.5,31.8,,2.2,55.5,12.7,27.61
106,동해,2024-06-19,25.9,22.5,29.6,,2.1,60,12.7,27.23
106,동해,2024-06-20,25.3,20.2,32.1,,1.8,65.1,10.5,24.4
106,동해,2024-06-21,22.4,17.7,27,,2.1,73.6,12,27.51
106,동해,2024-06-22,21.4,20.1,24.2,30.3,1.4,91.5,0,4.28
106,동해,2024-06-23,22.2,20.8,25.3,11,1.6,92.8,.7,10.53
106,동해,2024-06-24,22.9,19.9,25.7,2.1,2.7,83,11.7,25.96
106,동해,2024-06-25,23.1,19.4,30.1,,2.5,59.6,10.8,24.68
106,동해,2024-06-26,23.3,18.5,27.4,,1.9,63.5,12.6,28.8
106,동해,2024-06-27,24.4,19.6,30.2,,1.8,66.9,7.2,21.23
106,동해,2024-06-28,22.4,18.4,26.5,,1.9,76.9,12.4,29.37
106,동해,2024-06-29,24.1,19.8,30,15,2,73,10.9,25.78
106,동해,2024-06-30,22.5,20.2,30,3.3,2.2,88.9,1.4,10.91
106,동해,2024-07-01,23.6,18.8,27.7,,1.7,81.3,11.2,28.49
106,동해,2024-07-02,21.7,20.4,23.1,49.6,1.5,93.6,0,2.66
106,동해,2024-07-03,25.8,20.3,30.1,.2,2.1,74.5,.6,12.09
106,동해,2024-07-04,28.5,24,33.7,,1.6,62,10.2,25.35
106,동해,2024-07-05,28.5,25.2,32.8,1,4.2,55.9,10.6,26.44
106,동해,2024-07-06,27.7,22.6,32.6,2,1.6,67.5,1.6,11.55
106,동해,2024-07-07,26.3,24.5,32.4,3,2.3,75.9,.3,7.97
106,동해,2024-07-08,23.9,22.6,25.7,26.2,1.4,91.6,0,3.44
106,동해,2024-07-09,23.5,21.4,27.7,1.6,1.4,92.6,1.2,9.14
106,동해,2024-07-10,23.6,21.5,28.4,22.7,2.8,88.1,5.7,21.09
106,동해,2024-07-11,23.6,20.7,27.5,,1.4,85.5,11.8,26.46
106,동해,2024-07-12,24.2,21.2,27.6,,1.7,87.3,10.1,23.27
106,동해,2024-07-13,22.6,21.4,25.6,,1.2,91.8,3.1,16.35
106,동해,2024-07-14,22.3,20.4,25.2,1.7,1.4,92.9,0,4.79
106,동해,2024-07-15,23.1,22,24.9,2.6,1.7,91.4,0,8.14
106,동해,2024-07-16,24.3,22.4,26.8,3.4,1.1,91,2.3,17
106,동해,2024-07-17,25.3,23.4,29.8,9,1.6,88.6,.1,6.32
106,동해,2024-07-18,24.7,23.7,26,7.5,1.3,90.4,0,2.83
106,동해,2024-07-19,27.5,23.8,31.9,,1.6,71,8.4,22.29
106,동해,2024-07-20,26.3,23.1,30.6,,1.3,75.3,3.7,11.44
106,동해,2024-07-21,30.2,25.2,33.9,0,3,58.3,4.3,13.87
106,동해,2024-07-22,29.1,26.2,33.7,0,1.7,68.5,3.2,13.81
106,동해,2024-07-23,29.7,26,33.4,.2,2.9,64,2,11.09
106,동해,2024-07-24,27.8,24.2,32.4,1.3,1.6,74.6,5.5,15.54
106,동해,2024-07-25,28.7,25.5,35.5,,1.5,74.9,6.8,20.78
106,동해,2024-07-26,29.1,25.2,33.1,,1.5,75,9.8,24.69
106,동해,2024-07-27,27.4,25.5,31,3.3,1.2,85.3,1.7,9.74
106,동해,2024-07-28,30.1,25.8,36.2,,1.5,70.3,9.7,24.41
106,동해,2024-07-29,32.2,29.8,35.9,,3.1,56.1,9.1,21.48
106,동해,2024-07-30,31.9,28.5,36.6,0,2.6,61.1,10,25.98
106,동해,2024-07-31,30,26.8,35.6,,2.1,68.1,12.4,27.5
106,동해,2024-08-01,30.6,26.3,35.6,,1.7,65.5,10.4,23.68
106,동해,2024-08-02,30.4,27.1,37.2,,1.6,73.1,9.9,22.91
106,동해,2024-08-03,31,27.1,37.3,,1.7,66.5,11.6,25.69
106,동해,2024-08-04,28.7,25.5,32.8,,1.8,81.6,9.3,23.56
106,동해,2024-08-05,27.7,25.7,30.6,,2.1,86.3,7,21.73
106,동해,2024-08-06,27.7,24.8,30.8,.2,1.9,82.6,6.3,16.36
106,동해,2024-08-07,28.1,24,32.9,2,1.6,78,10.7,23.11
106,동해,2024-08-08,26.7,23.3,32.6,15.8,1.6,82.5,1.2,10.57
106,동해,2024-08-09,27.1,22.9,31.1,,1.6,83.1,11.6,25.99
106,동해,2024-08-10,27.3,22.8,31.1,,2,82.5,11,25.21
106,동해,2024-08-11,26.4,23.6,29.6,,2.4,82.5,11.8,25.53
106,동해,2024-08-12,26.3,23,30,,1.2,83.9,10.3,24.58
106,동해,2024-08-13,26.9,22.9,30.5,,1.5,80.4,11.9,25.37
106,동해,2024-08-14,26.8,23,30.9,,1.8,80.6,11.8,25.18
106,동해,2024-08-15,27.4,24.1,31.3,,1.7,78.4,11.6,26.14
106,동해,2024-08-16,27.6,24.6,32.1,,1.9,79.9,10.7,25.24
106,동해,2024-08-17,27.4,23.6,30.9,,1.5,81.8,5.9,18.51
106,동해,2024-08-18,27.3,23.4,31.3,,2.1,79.9,10.4,24.51
106,동해,2024-08-19,28,23.5,32.2,,1.7,81.1,11.7,24.65
106,동해,2024-08-20,28.4,25.4,32.4,0,1.7,85.9,3.8,13.75
106,동해,2024-08-21,27.3,25.5,29.2,2,1.1,90.5,0,5.88
106,동해,2024-08-22,31.4,26.1,38.5,,2.6,64.9,9.5,22.88
106,동해,2024-08-23,30.8,27.2,34.6,,2.2,56,9.7,21.89
106,동해,2024-08-24,29,25.9,32.9,,1.5,69.5,10.4,23.27
106,동해,2024-08-25,27.4,24.7,31.7,,1.7,82.1,5,17.54
106,동해,2024-08-26,26.4,24.6,29.6,6.4,1.3,86.5,0,7.65
106,동해,2024-08-27,23.4,20.9,25.6,19.2,1.5,92.5,0,4.36
106,동해,2024-08-28,23.4,20.4,27.6,2.7,1.6,91.3,1.4,8.35
106,동해,2024-08-29,24.9,22.4,26.1,24,3.8,93.3,.2,4.92
106,동해,2024-08-30,25.6,22.6,29.4,.4,3.4,87.8,5.9,16.64
106,동해,2024-08-31,24.6,20.6,29.7,,2.7,80,7.9,20.21
106,동해,2024-09-01,25.6,19.9,30.3,,2.3,76.9,10.7,23.33
106,동해,2024-09-02,24.2,21.8,28.7,3.7,3.1,79.8,.2,6.89
106,동해,2024-09-03,23.1,18.9,28,,2.4,75.9,9.8,22.78
106,동해,2024-09-04,23.2,18,27.9,,2.5,76.4,10.7,23.4
106,동해,2024-09-05,26.9,19.6,33.5,,1.5,71.8,7.1,17.45
106,동해,2024-09-06,23.1,21.5,26.5,25.6,2.3,88.5,0,4.67
106,동해,2024-09-07,24.1,21.1,27.9,0,1.4,82.5,2.3,12.92
106,동해,2024-09-08,24.4,21,28.6,.2,1.6,87.3,6.1,15.95
106,동해,2024-09-09,25.3,22,29.4,,2.1,86.5,5,15.47
106,동해,2024-09-10,26.4,22,31,,1.6,83.9,10.7,21.63
106,동해,2024-09-11,26.7,23.3,31.9,1.8,2.7,83.5,6.3,16.1
106,동해,2024-09-12,23.1,21.9,24.9,7.8,2.2,92,0,3.37
106,동해,2024-09-13,25.1,21.6,28.3,,1.3,91.3,2.4,12.59
106,동해,2024-09-14,24,22.5,26.7,.4,2.3,89.5,.3,5.67
106,동해,2024-09-15,22.1,21,23.6,61.5,2.5,97,0,3.64
106,동해,2024-09-16,23,20.8,26.8,1.1,1.9,88.8,1.2,12.61
106,동해,2024-09-17,26.2,21.7,31.5,,1.3,89,3.9,14.11
106,동해,2024-09-18,25,24.2,26,.4,1.5,92.3,.1,4.84
106,동해,2024-09-19,25.5,23.7,29.5,0,1.3,90.9,1.8,11.1
106,동해,2024-09-20,24.2,17.4,29.4,31.8,2.6,89.5,.2,6.12
106,동해,2024-09-21,19.8,17.5,20.8,109.3,5.3,97,0,2.56
106,동해,2024-09-22,17.8,15.7,20,79.5,3.8,96.9,0,5.77
106,동해,2024-09-23,17.6,13.7,23.3,.1,2.3,77,5.1,16.39
106,동해,2024-09-24,18,12.9,22.8,,1.9,79.4,5.6,15.97
106,동해,2024-09-25,20.4,15.8,24.6,,1.6,87.6,5.3,14.62
106,동해,2024-09-26,21.8,18.9,25.7,1.2,2.2,86.8,5.4,13.93
106,동해,2024-09-27,21.4,18.1,26,26.6,3.4,88.4,5.8,16.41
106,동해,2024-09-28,20.5,17.4,24.9,62.4,3.2,82.3,2.7,12.5
106,동해,2024-09-29,19.9,16.3,24.8,0,1.8,82.8,5.6,14.24
106,동해,2024-09-30,19.9,14.4,25.1,,2.4,78.9,10.4,19.67
108,서울,2024-05-20,19.4,16.8,22.8,,2.3,75,.5,11.45
108,서울,2024-05-21,21.7,16.3,28.3,,1.9,68.1,9.4,26.37
108,서울,2024-05-22,20.5,16.4,25.5,,2.3,68.9,10,27.4
108,서울,2024-05-23,20.2,15.8,26.4,,2.5,67.9,12.7,30.1
108,서울,2024-05-24,20.1,15.7,24.7,,2.1,75.1,4.7,20.51
108,서울,2024-05-25,21.4,18.7,24.7,,1.8,62.8,2.3,17.34
108,서울,2024-05-26,19.9,17,23.7,8.7,2.7,74.3,3.1,10.2
108,서울,2024-05-27,18.5,14.1,22.6,,3.3,63.4,9.9,26.89
108,서울,2024-05-28,20.4,14.3,26.1,,2.5,54.8,11.1,27.55
108,서울,2024-05-29,21.2,15.4,26.8,,2.1,51.6,13.2,29.38
108,서울,2024-05-30,20.7,16.2,24.6,,1.6,49.1,.6,12.97
108,서울,2024-05-31,20.4,16.9,25.4,1,2.6,60,11.8,30.31
108,서울,2024-06-01,20.7,17.5,25.2,0,2.8,61.3,9.4,27.02
108,서울,2024-06-02,20.4,15.7,25.8,,2.7,51.9,12.4,28.7
108,서울,2024-06-03,22.2,15.7,28.7,,2.4,47.4,11.2,29.95
108,서울,2024-06-04,22.8,16.3,29.3,,2.4,42.1,13.5,31.17
108,서울,2024-06-05,23.6,18.1,30.1,,1.9,53.9,10.4,25.14
108,서울,2024-06-06,24.1,19.3,31.4,,2,54.3,9.3,24.47
108,서울,2024-06-07,23.1,18.3,28,.8,1.9,54.3,7.1,20.41
108,서울,2024-06-08,20.3,17.9,25,16.9,1.6,79.5,2.5,9.7
108,서울,2024-06-09,22.9,17.4,28.8,,1.8,68.9,12.3,28.38
108,서울,2024-06-10,24.7,19,31.1,,2.2,66.3,11.9,26.57
108,서울,2024-06-11,25.4,21.7,31.6,,2.4,62.4,10.2,27.17
108,서울,2024-06-12,24.8,19.2,31.8,,2.1,60.8,11.3,27.73
108,서울,2024-06-13,26.4,20,32.8,,1.8,51.4,13.3,29.8
108,서울,2024-06-14,26.3,21.4,33,,2.3,56,9.1,24.24
108,서울,2024-06-15,24.2,21.8,28.2,6.1,1.9,72.3,3.4,15.71
108,서울,2024-06-16,24.3,19.9,29.5,,2.8,58.4,13.2,30.02
108,서울,2024-06-17,24.8,18.9,30.2,,2.4,48.4,13.1,28.17
108,서울,2024-06-18,26,20.4,32.9,,2.1,59.5,13.4,29.22
108,서울,2024-06-19,28.8,21.4,35.8,,1.6,54.3,13,28.25
108,서울,2024-06-20,29.4,23.4,35.4,,2,45.1,12.1,25.99
108,서울,2024-06-21,28.1,22.9,33.9,,2,49.8,10.3,24.75
108,서울,2024-06-22,24.2,22.6,26.1,16.5,2,80.6,0,3.59
108,서울,2024-06-23,25.1,22.5,30.1,5.1,2.2,79.5,3.8,18.84
108,서울,2024-06-24,24.3,21.2,27.9,0,2.9,70.4,7,19.62
108,서울,2024-06-25,22.9,19.1,27.2,,3,61.9,10.7,25.24
108,서울,2024-06-26,24.9,18.9,31.6,,1.9,61,12.3,27.64
108,서울,2024-06-27,26.3,20.6,31.6,,1.6,55,9.3,23.84
108,서울,2024-06-28,26.6,21.3,32.5,,2.1,54.6,13.2,28.84
108,서울,2024-06-29,26.7,21.6,32.3,38.3,2.2,65.1,6.9,20.46
108,서울,2024-06-30,23.5,22,24.9,32.2,3.7,88.5,0,3.89
108,서울,2024-07-01,26.3,22,31.3,,1.8,69.1,8.3,24.69
108,서울,2024-07-02,23.2,21.9,25.2,65.1,2.8,90,0,1.93
108,서울,2024-07-03,24.7,23.6,25.9,.8,3.6,80.3,.6,8.91
108,서울,2024-07-04,26.8,23.2,30.6,3.6,3,74.8,3.4,18.81
108,서울,2024-07-05,23.4,21.3,26.1,4.1,3.3,80.5,1.4,11.25
108,서울,2024-07-06,25.1,22.1,30,2.8,3.2,84.1,.1,6.84
108,서울,2024-07-07,24.4,21.5,28.2,28.7,1.8,85.1,.6,11.09
108,서울,2024-07-08,23.8,23.1,24.5,21.1,1.8,93.4,0,3.36
108,서울,2024-07-09,24.5,22.7,26.7,.3,1.8,86.9,.1,7.77
108,서울,2024-07-10,26.6,22.7,31.1,1.4,2.2,77.1,7.1,20.04
108,서울,2024-07-11,25.7,23.3,28.9,,2.1,79.6,5.9,21.74
108,서울,2024-07-12,25.6,21.8,30.2,,1.6,79.5,3.7,13.33
108,서울,2024-07-13,28.1,23.5,33.3,0,1.9,70,9.9,23.54
108,서울,2024-07-14,28.4,24.9,32.1,.4,2.4,65.9,7.6,22.34
108,서울,2024-07-15,28.4,24.5,31.3,0,2.4,64.6,6.3,18.13
108,서울,2024-07-16,27,24.6,30.7,17,2.3,78.4,4.2,12.32
108,서울,2024-07-17,25.4,24.1,28.1,98.8,2.5,91.6,.1,3.48
108,서울,2024-07-18,24.3,23.1,25.6,128.8,2.2,95.3,0,2.47
108,서울,2024-07-19,27,24.2,30.8,.1,2.2,80.1,6.4,21.69
108,서울,2024-07-20,27.2,25.1,30.6,14.9,2.7,80.4,1.9,13.42
108,서울,2024-07-21,26.5,22.5,29.8,8.5,3.6,83.6,1.5,11.48
108,서울,2024-07-22,26.6,24.3,27.9,79.9,3.1,89,0,4.09
108,서울,2024-07-23,26.4,25.8,27.3,2,3.2,87.9,0,4.92
108,서울,2024-07-24,28.1,26,30.9,14.7,2.6,85,3,15.31
108,서울,2024-07-25,28.8,25.4,32.2,25.3,1.8,79.8,2.4,14.15
108,서울,2024-07-26,28.7,25.2,32.7,5.5,2.3,81.9,6.7,18.29
108,서울,2024-07-27,28.9,27.5,31.7,33.5,1.7,83.6,1.7,12.73
108,서울,2024-07-28,29.2,27.3,32.2,0,3.2,76,5.1,18.33
108,서울,2024-07-29,27.4,26.8,27.8,0,3.8,84,0,2.61
108,서울,2024-07-30,28.6,26.3,31.9,,2.8,78.8,3.6,15.95
108,서울,2024-07-31,29.4,27,33.3,,2.6,74.5,4.7,17.42
108,서울,2024-08-01,29.9,27.3,33.2,.3,2.6,75.5,3.6,14.95
108,서울,2024-08-02,29.6,28.2,32.5,,2.6,79.4,2.4,10.36
108,서울,2024-08-03,30.2,27.2,34.2,,2.2,75,7.8,21.64
108,서울,2024-08-04,31.8,27.3,36.2,,1.6,69.3,10.9,24.4
108,서울,2024-08-05,30,26.9,33.7,1.3,1.9,75.5,3.4,12.92
108,서울,2024-08-06,29.5,25.6,33.5,0,1.9,74.8,6.2,18.84
108,서울,2024-08-07,29.6,27.2,33.4,3.4,1.7,72,7.6,20.7
108,서울,2024-08-08,28.5,26.9,31.6,0,1.6,77.5,2.4,10.94
108,서울,2024-08-09,29.3,25.6,33.6,,1.6,74.1,6,15.55
108,서울,2024-08-10,30,26.4,33.6,,1.7,70.8,4.3,15.76
108,서울,2024-08-11,30.8,27.8,34.4,,1.8,67.8,4.4,17.14
108,서울,2024-08-12,31.1,28.2,34.1,,1.9,70.5,4.1,13.51
108,서울,2024-08-13,31.3,28.1,36.4,0,1.8,70,7.5,20.81
108,서울,2024-08-14,30,27.3,34.9,3,1.9,73,4.7,12.59
108,서울,2024-08-15,29.2,26.7,34.6,6.4,1.8,74.6,4.1,15.98
108,서울,2024-08-16,29.8,26.8,34.3,0,2,69.4,6.7,17.24
108,서울,2024-08-17,29.8,27.2,34,11,1.7,71,5.3,14.73
108,서울,2024-08-18,29.5,27,33.9,0,2,73.8,6.4,17.64
108,서울,2024-08-19,29.7,26.3,35.3,2.3,1.9,72.3,7.1,20.08
108,서울,2024-08-20,31.4,27,35.4,0,2.3,68.3,7.7,19.09
108,서울,2024-08-21,28.4,26.9,30.8,42.2,3.2,85.9,0,4.68
108,서울,2024-08-22,28.6,27.1,30.3,.6,3.4,79.9,1.8,7.27
108,서울,2024-08-23,28.4,26.4,31.8,0,2.7,73.5,5.6,17.48
108,서울,2024-08-24,27.6,25.1,30.9,2,1.4,78.8,2.4,12.04
108,서울,2024-08-25,28.5,24.9,32.7,,1.4,76.6,5.1,15.82
108,서울,2024-08-26,28.1,25.6,30.6,0,1.5,77.8,.3,8.21
108,서울,2024-08-27,26.5,24.6,30.3,.3,1.9,69.8,3.7,10.04
108,서울,2024-08-28,28.2,23,33.2,,2.9,62.1,11.5,23.98
108,서울,2024-08-29,28.4,23.4,33.5,,3.1,61,12,24.86
108,서울,2024-08-30,28,23.7,32.9,,2.4,64,12,24.53
108,서울,2024-08-31,27.6,22.6,33,,1.9,65.6,12,24.15
108,서울,2024-09-01,27.1,24.6,31.6,,2,64.9,6.9,20.05
108,서울,2024-09-02,24.5,22.2,26.9,2.7,2.6,73.6,.1,5.82
108,서울,2024-09-03,27,23.2,32,,2.9,54.5,7.4,20.85
108,서울,2024-09-04,27.9,23.2,33.3,,2.2,61.4,10.6,22.99
108,서울,2024-09-05,26.3,25.6,28.8,6.9,2.4,79.1,.9,6.91
108,서울,2024-09-06,24,23.3,25.7,.7,2.6,79.3,0,4.41
108,서울,2024-09-07,26.5,22.8,31.3,0,1.9,68.9,7.6,18.81
108,서울,2024-09-08,27.2,22.6,32.8,,1.6,69.6,9.1,20.01
108,서울,2024-09-09,28.5,24.1,34.1,,1.9,69,6,16.38
108,서울,2024-09-10,29.4,25.6,33.9,,1.8,67.3,9,17.2
108,서울,2024-09-11,29,25.4,34.6,.4,1.8,71.5,5.2,12.49
108,서울,2024-09-12,25.4,24.8,27.1,32.7,2.1,91.5,0,3.78
108,서울,2024-09-13,25.9,24.2,28,7.6,2.2,91.4,0,4.86
108,서울,2024-09-14,28,25.2,32.2,0,1.7,80.3,5.1,14.61
108,서울,2024-09-15,27.5,24.2,32.4,,2.8,73.6,8.2,18.89
108,서울,2024-09-16,26.8,21.3,32.2,9.5,2.8,74,6.2,17.09
108,서울,2024-09-17,28.6,25.8,33.2,,1.7,77,3.5,14.62
108,서울,2024-09-18,29.4,26.5,33.6,.7,1.6,76.8,6.5,17.53
108,서울,2024-09-19,29.1,25.6,32.6,,1.7,77.4,1.4,11.47
108,서울,2024-09-20,25,17.9,28.6,54.5,2.4,89.8,.1,3.58
108,서울,2024-09-21,19.3,17.1,21.9,27,4.3,82.3,0,6.31
108,서울,2024-09-22,21,16.9,26.7,,2.7,67.4,7.2,19.34
108,서울,2024-09-23,20.8,16.6,26.1,,3.1,58.3,11.4,22.31
108,서울,2024-09-24,21,15.6,26.9,,2.2,57.9,11.1,22.03
108,서울,2024-09-25,23.3,18.6,27.3,0,1.7,65.6,6.1,13.51
108,서울,2024-09-26,23.6,21.1,28,1.2,1.6,75.1,5.9,14.01
108,서울,2024-09-27,22.7,19.1,28,,2.4,72.8,7.9,16.45
108,서울,2024-09-28,23.2,19.2,27.9,,3.4,59.3,8.2,18.07
108,서울,2024-09-29,23.5,19.1,29,,2.7,61.5,7.3,18.06
108,서울,2024-09-30,23,18.3,28.5,,2.1,63,8,16.77
112,인천,2024-05-20,17.7,14.8,21.1,,2.3,82.8,2.6,16.44
112,인천,2024-05-21,18.6,14.9,23.6,,1.9,82.9,8.5,23.86
112,인천,2024-05-22,17.5,14.3,21.9,,1.7,82,10.4,25.43
112,인천,2024-05-23,17.5,14.8,21.9,,2.2,80.3,12,29.32
112,인천,2024-05-24,17.5,14.8,21.3,,1.9,85.5,3.3,16.92
112,인천,2024-05-25,18.4,16.3,21,,1.7,84.9,.4,12.91
112,인천,2024-05-26,18.3,15.7,21.7,4.8,3.1,80.3,1.9,8.07
112,인천,2024-05-27,17.5,14.4,21,,3.5,68.9,12.8,28
112,인천,2024-05-28,19.9,14.8,25.1,,2.4,57.5,11.8,27.47
112,인천,2024-05-29,19.4,15.7,23.5,,2.2,62.4,13.4,29.1
112,인천,2024-05-30,19.5,16.3,23.3,,1.5,57.5,.7,13.6
112,인천,2024-05-31,18.3,15.9,21.4,,2.8,76.8,11.4,29.51
112,인천,2024-06-01,19.3,16.7,23.5,,3.1,67.4,12.5,29.98
112,인천,2024-06-02,19.2,16,22.7,,2.7,60.8,13.7,29.98
112,인천,2024-06-03,21.7,15.8,27,,2,55.1,12.4,29.13
112,인천,2024-06-04,22.3,18.4,26.4,,2.3,43.8,13.8,30.37
112,인천,2024-06-05,21,17.7,25.2,,2.1,65.9,10.2,24.58
112,인천,2024-06-06,21,18,26.6,,2.2,70.3,12.2,27.32
112,인천,2024-06-07,21,17,25.1,.1,1.9,65.1,7.3,20.89
112,인천,2024-06-08,19.7,17.7,23.1,9.9,2,86.1,6.4,17.94
112,인천,2024-06-09,20.8,17.5,24.8,,1.9,78.9,11.2,26.51
112,인천,2024-06-10,22.8,18.9,27.9,,2.6,76.1,11.7,25.94
112,인천,2024-06-11,22.3,19.9,26.2,,2.6,80.9,9.7,26.32
112,인천,2024-06-12,22.7,19,27.8,,2.3,70.8,10.3,26
112,인천,2024-06-13,23.8,19.9,28.1,,1.9,70.6,13.4,29.47
112,인천,2024-06-14,23.8,20.4,28.4,,2,74,7.6,21.66
112,인천,2024-06-15,22.7,20.5,26.3,4.4,2.1,81.6,4.6,17.71
112,인천,2024-06-16,22,19.4,25.1,,2.7,75.8,13.8,30.3
112,인천,2024-06-17,22.4,18.8,26.3,,2.6,69.1,13.6,28.72
112,인천,2024-06-18,22.8,20.3,26.5,,2.5,77.3,13.3,29.69
112,인천,2024-06-19,25.8,20.8,31.7,,1.9,68.8,13,28.28
112,인천,2024-06-20,26,21.9,30.7,,1.8,56.1,12,25.45
112,인천,2024-06-21,24.9,22,27.9,,2,67.3,10.4,25.32
112,인천,2024-06-22,23.6,22.5,24.9,23.1,1.9,84.5,0,4.22
112,인천,2024-06-23,23.9,22.3,26.7,1.1,2.5,83.6,6.5,23.23
112,인천,2024-06-24,22.5,21.1,25.5,.1,3.1,79.9,8.2,20.98
112,인천,2024-06-25,22.3,20.1,25.3,,3.1,67.3,11.1,26.39
112,인천,2024-06-26,23.8,19.6,29,,2,65.4,13.8,29.75
112,인천,2024-06-27,24.3,21.2,28,,1.9,66.9,11.4,23.79
112,인천,2024-06-28,24.8,21.7,29,,2.1,58.8,12.2,28.47
112,인천,2024-06-29,25.8,21.6,31,57.7,2.3,69.9,6.5,19.48
112,인천,2024-06-30,22.7,20.9,24.8,5.4,4.6,92.3,3.1,13.38
112,인천,2024-07-01,24.5,21.2,27.6,,2,78.5,12.6,28.48
112,인천,2024-07-02,23.3,21.1,24.7,57.8,3,91.5,0,2.05
112,인천,2024-07-03,23.5,22.5,25,.2,3.7,89.8,2.3,14.51
112,인천,2024-07-04,25.1,22,28.6,1.6,3.3,84.3,5.7,21.99
112,인천,2024-07-05,22.4,20.6,24.5,.1,3.8,85.1,3.4,15.59
112,인천,2024-07-06,24.4,22.3,28.5,2.7,4,88,.3,9.24
112,인천,2024-07-07,23.6,21.5,27.7,12.8,2.3,88.6,.6,10.35
112,인천,2024-07-08,23.2,22.5,23.8,14.6,2.2,96.6,0,3.55
112,인천,2024-07-09,23.2,21.9,25,.5,1.8,94.3,.6,8.28
112,인천,2024-07-10,26,22.7,30.5,.6,2.4,79.5,12.4,28.21
112,인천,2024-07-11,23.2,21.6,25.7,0,2.2,87.9,4.6,16.22
112,인천,2024-07-12,24.3,21.9,27.7,,1.7,85.4,4.8,16.83
112,인천,2024-07-13,26.1,23.4,30.2,8.1,1.8,82.3,9.6,21.95
112,인천,2024-07-14,27.7,23.9,31.5,0,2,72.1,6.2,20.9
112,인천,2024-07-15,27.7,24.9,30.8,,2.1,70.6,6.9,18.93
112,인천,2024-07-16,26.1,24,30.6,5.2,2.6,84.3,2.6,12.14
112,인천,2024-07-17,24.8,23.7,25.9,52.7,4.3,95,0,2.49
112,인천,2024-07-18,23.8,22.6,25.5,124.9,3.2,98,0,2.96
112,인천,2024-07-19,25.2,23.5,27.9,.3,2.4,93.8,6.3,22.28
112,인천,2024-07-20,26.1,23.9,29.1,5,3.7,87.9,1.6,13.52
112,인천,2024-07-21,25.6,22.5,28.6,2.1,4.4,89.8,1.7,13.09
112,인천,2024-07-22,26.1,24,26.9,45,4.7,94.6,0,3.71
112,인천,2024-07-23,25.3,24.5,26.1,.8,3.6,95.5,.2,5.23
112,인천,2024-07-24,26.7,25.2,29.3,1.9,2.7,94.3,6.3,20.12
112,인천,2024-07-25,28.6,26.2,31.4,2,2.1,84,5.8,19.3
112,인천,2024-07-26,28.8,26,33.3,4,2.8,81.8,6,19
112,인천,2024-07-27,29.3,27.4,31.5,0,3.6,80.6,4.5,18.32
112,인천,2024-07-28,28.9,27.2,31.8,,4.4,79.3,8.2,21.52
112,인천,2024-07-29,26.5,25.6,27.2,0,4,91.4,0,5.05
112,인천,2024-07-30,27,25.4,29.5,,2.7,89.5,3.9,16.8
112,인천,2024-07-31,28.3,26.3,31.3,,2.8,82.6,8.2,22.41
112,인천,2024-08-01,28.7,27.2,31.6,0,2.7,84.6,6.6,20.88
112,인천,2024-08-02,28.4,27.2,30.7,,2.8,88.4,5.2,18.17
112,인천,2024-08-03,28.7,26,32,,1.5,80.5,11,24.66
112,인천,2024-08-04,30,26.5,33.5,,1.5,75.3,12.6,26.29
112,인천,2024-08-05,29.9,27.3,33.1,.5,2,78,8.4,22.1
112,인천,2024-08-06,28.9,26.7,31.8,.5,1.8,80.3,9.3,23.82
112,인천,2024-08-07,28.8,26.8,31.9,4.4,1.5,80.9,8.5,21.84
112,인천,2024-08-08,27.4,25.6,30.5,2,1.7,86.1,3.7,15.65
112,인천,2024-08-09,28.2,25.6,31.8,,1.5,82,9.9,23.01
112,인천,2024-08-10,29,26.3,32.6,,1.4,76,6.9,19.65
112,인천,2024-08-11,30,27.4,33.7,,2.2,73.1,6.8,20.53
112,인천,2024-08-12,30.2,28.3,33.4,,1.9,74.4,9.3,22.6
112,인천,2024-08-13,30.6,27.7,35,,1.7,76,10.3,23.36
112,인천,2024-08-14,29.5,26.3,32.5,9.1,2.2,79.9,7.1,18.43
112,인천,2024-08-15,29.7,27.4,33.5,2.7,1.7,76,8.9,23.49
112,인천,2024-08-16,29.7,27.3,33.2,0,2,72.8,8.7,22.49
112,인천,2024-08-17,29.5,27.4,32.9,,1.9,76.8,7.4,19.3
112,인천,2024-08-18,29.3,27.2,32.7,,1.8,77,6,18.71
112,인천,2024-08-19,29.9,27.6,33.2,,1.9,77.1,10,21.68
112,인천,2024-08-20,31.4,27.9,35.6,0,2.1,70.9,7.8,19.33
112,인천,2024-08-21,27.8,26.1,30.8,66.3,4.8,90.8,.7,7.35
112,인천,2024-08-22,27.9,26.9,30,.6,5,86.1,3.9,12.41
112,인천,2024-08-23,27.4,24.6,30.4,.4,2.8,83.9,8.1,20.5
112,인천,2024-08-24,27.9,26,30.3,,1.9,80.4,5.6,16.61
112,인천,2024-08-25,28.6,26,32,0,1.5,79.6,7.6,19.11
112,인천,2024-08-26,28.1,26.9,31,,1.6,83.5,.9,10.49
112,인천,2024-08-27,26.9,25,30,.2,2.5,67.4,3.4,10.55
112,인천,2024-08-28,28.7,23.9,33.1,,2.3,60.3,10,22.42
112,인천,2024-08-29,28.8,23.9,33,,2.9,60.6,11.3,24.35
112,인천,2024-08-30,27.6,24.2,31.9,,2.6,69.1,10.9,24.43
112,인천,2024-08-31,26.7,22.8,30.8,,2.3,73.1,11.3,23.98
112,인천,2024-09-01,26,24.5,29,,2.2,73.3,6.8,20.49
112,인천,2024-09-02,24.6,22,26.6,3.9,2.1,78,0,4.85
112,인천,2024-09-03,27.2,23.7,32,,2.6,58.6,9.4,22.15
112,인천,2024-09-04,27.3,23.3,31.3,,2.2,64.8,10.9,22.39
112,인천,2024-09-05,25.9,24.7,27.7,4.5,3.1,85.6,1.4,7.09
112,인천,2024-09-06,24.6,23.4,25.9,.1,2.4,82,.2,6.97
112,인천,2024-09-07,26,23,29.7,,1.8,76.9,9.3,21.35
112,인천,2024-09-08,26.1,23,29.8,,1.6,77.4,8.8,18.64
112,인천,2024-09-09,27.8,24.1,31.7,,1.8,74.1,10.5,20.86
112,인천,2024-09-10,28.6,26.1,32.3,,1.9,72,11,21.14
112,인천,2024-09-11,28.6,25.9,34.4,3.9,1.9,77.1,7.7,18.5
112,인천,2024-09-12,26.3,25,27.8,16.8,1.1,92.9,0,5
112,인천,2024-09-13,26,24.8,27.4,10.6,2.9,93.9,0,4.87
112,인천,2024-09-14,26.8,24.9,29.2,,2,86.5,6.7,15.95
112,인천,2024-09-15,27.7,25.3,31.4,,2.2,77.3,3.7,11.5
112,인천,2024-09-16,26.9,21.6,31.7,12.1,2.4,75.8,6.1,17.75
112,인천,2024-09-17,28.1,26.1,32.5,,1.9,81.6,4.5,15.79
112,인천,2024-09-18,28.9,26.2,32.3,,1.7,82.1,8.8,18.62
112,인천,2024-09-19,28.5,26.3,31.9,,1.7,80.4,2.2,13.09
112,인천,2024-09-20,24.8,18.5,28.3,56.9,3.1,94.5,.2,3.69
112,인천,2024-09-21,19.2,17.3,22,13.7,4.5,83.1,.4,8
112,인천,2024-09-22,20.9,17.6,25.6,,3.2,69.3,5.4,16.86
112,인천,2024-09-23,21.2,17.1,25.7,,2.4,57.8,10.7,21.11
112,인천,2024-09-24,21.8,17.1,26.6,,1.9,56.5,10.7,21.17
112,인천,2024-09-25,23.6,19.8,27.1,0,1.8,65.8,6.3,15.49
112,인천,2024-09-26,23.8,21.5,27.2,.4,1.8,75.3,9,18.92
112,인천,2024-09-27,22.8,19.4,26.8,,2.4,73.9,8.4,16.21
112,인천,2024-09-28,23.4,18.5,27.8,,2.8,61.1,7.6,16.93
112,인천,2024-09-29,24.1,20,28.6,,2.2,62.9,7.7,16.11
112,인천,2024-09-30,23.4,19.3,27.1,,2,63.1,9,18.48
114,원주,2024-05-20,19.1,14.1,23.3,0,.7,64.9,.2,10.93
114,원주,2024-05-21,21.7,16.6,27.5,,.9,63.9,9.4,25.92
114,원주,2024-05-22,21.3,15.4,27.5,,1,63.3,10.7,26.58
114,원주,2024-05-23,21.9,15.6,28.4,,1,56.3,12.8,28.98
114,원주,2024-05-24,21.2,15.8,26.9,,1.1,62.5,5.4,22.62
114,원주,2024-05-25,21.5,19.1,25.6,0,1.9,45.1,5,19.67
114,원주,2024-05-26,21.2,17.9,25.8,14.1,1.5,64.6,4.9,16.01
114,원주,2024-05-27,18.7,15.6,23.1,.3,1.9,61.6,8.4,23.62
114,원주,2024-05-28,18.8,13.1,24.4,,1.6,57,13,30.66
114,원주,2024-05-29,20.2,12.2,27.4,,1,52.5,13.2,28.58
114,원주,2024-05-30,20.2,14.9,25,,.7,55.1,1,14.71
114,원주,2024-05-31,21.2,16.3,26.9,.1,1.4,50.5,10.3,27.99
114,원주,2024-06-01,20.5,17.7,25.8,.1,1.6,54.5,6.7,18.99
114,원주,2024-06-02,19.1,14.5,25,.1,1.1,62.6,8,21.64
114,원주,2024-06-03,20.2,13.8,27.2,,1.3,51.5,11.5,28.59
114,원주,2024-06-04,20.7,12.3,28.3,,1,45,13.8,30.94
114,원주,2024-06-05,23.2,15.4,29.6,,1,50.5,11.7,26.7
114,원주,2024-06-06,22.5,18.5,29.4,0,1.2,60.5,9.7,25.86
114,원주,2024-06-07,22.1,15.4,27.8,1,1,64,8.1,21.51
114,원주,2024-06-08,20.4,17.7,23.8,5,.8,82.5,1.5,8.18
114,원주,2024-06-09,23.1,18.7,28.5,,.9,68.4,10.2,25.18
114,원주,2024-06-10,24.5,17.8,30.1,,1,61.8,10.3,23.75
114,원주,2024-06-11,25.2,20.3,30.7,,1,59.9,9.4,26.03
114,원주,2024-06-12,25.8,18.5,32.7,,1,49.8,13.2,29.4
114,원주,2024-06-13,26.5,19.3,33.4,,1,49.4,13.2,28.96
114,원주,2024-06-14,27,20.3,33.2,,1.2,49.8,12.9,27.34
114,원주,2024-06-15,23.8,21.5,28,6.3,1,68.9,3.4,15.54
114,원주,2024-06-16,24.3,20.5,29.4,0,1.5,57.1,11.6,27.9
114,원주,2024-06-17,23.6,16.8,29.5,,.9,48.3,12.7,26.27
114,원주,2024-06-18,25.4,17,32.5,,1,46.9,13.4,28.94
114,원주,2024-06-19,27.6,19.5,35.6,,.8,44.4,13.5,29.35
114,원주,2024-06-20,27.5,21.3,34.1,,1,48.5,11.2,24.47
114,원주,2024-06-21,26.8,20,32.6,,1,53.1,11.1,25.25
114,원주,2024-06-22,23.4,22.2,25.8,55.9,.8,81.9,0,2.9
114,원주,2024-06-23,24.2,21.4,28.9,8.5,1.1,81.5,3.2,11.94
114,원주,2024-06-24,24.9,20.5,30.4,.4,1.9,63.6,9.3,24.13
114,원주,2024-06-25,22.6,18.1,27.5,,1.6,57.5,8.5,23.74
114,원주,2024-06-26,23.8,17.6,29.8,,1.1,56.8,13.6,29.69
114,원주,2024-06-27,24,18.9,28.9,,.9,65.4,7,19.82
114,원주,2024-06-28,25,18.5,31.6,,.9,57,13.4,28.36
114,원주,2024-06-29,25.6,19.9,32.4,33.2,1.5,65.8,8,19.68
114,원주,2024-06-30,25,23.3,26.8,14.5,1.8,77.9,.9,6.75
114,원주,2024-07-01,25.4,22.3,30,,1,70.1,6.6,19.73
114,원주,2024-07-02,23.4,21.5,26.4,66.7,1.3,84,0,2.05
114,원주,2024-07-03,25.1,24.1,26.9,3.2,1.7,77.3,.6,7.7
114,원주,2024-07-04,27.2,23.6,30.2,0,1.6,67,4.6,18.21
114,원주,2024-07-05,24.6,22.1,29.3,3.7,2,72.6,2,11.96
114,원주,2024-07-06,26,21.2,31.4,15.5,1.5,79.9,2.6,15.08
114,원주,2024-07-07,23.8,22.4,25.6,1.8,.7,86.8,.1,5.35
114,원주,2024-07-08,23.8,22.3,25.3,46.8,.7,90.1,0,3.21
114,원주,2024-07-09,23.7,22.3,26.1,7.7,.6,89.1,0,6.65
114,원주,2024-07-10,25.5,21.4,31.9,56,1.2,76.5,8.2,23.93
114,원주,2024-07-11,26.3,23.1,30.7,,.9,74,6.4,21.24
114,원주,2024-07-12,26.1,23.5,30.3,,1,75.8,5.2,18.87
114,원주,2024-07-13,27.4,22.5,33.1,,1,63,11.3,24.84
114,원주,2024-07-14,26.5,22.8,30.8,0,1,64.9,5.4,17.81
114,원주,2024-07-15,26.7,23,30.8,7.3,.8,70.1,4.5,13.92
114,원주,2024-07-16,26.1,23.3,30.9,25.1,1.2,77.5,6.8,18.67
114,원주,2024-07-17,27,23.1,31,10.5,.9,76.6,1.4,10.53
114,원주,2024-07-18,25.3,23,28.2,98.4,1.3,84.4,0,1.96
114,원주,2024-07-19,27,23.3,31.3,0,.8,74.8,6.4,19.77
114,원주,2024-07-20,27,23.9,30.3,5.3,1.1,76.4,2.9,12.77
114,원주,2024-07-21,27.4,24.5,30.7,5,1.7,73,3.2,14.95
114,원주,2024-07-22,28.6,25.7,30.9,4.3,1.2,72.5,1.2,10.64
114,원주,2024-07-23,26.3,24.7,29.3,36.2,1.3,83.9,.1,6.02
114,원주,2024-07-24,26.2,22.1,31.6,78.1,.9,85.8,4.4,13.98
114,원주,2024-07-25,28.8,25.3,33.2,1,.9,72.8,7.8,21.57
114,원주,2024-07-26,29.4,24.8,33.9,.5,1.4,70.8,8.4,20.73
114,원주,2024-07-27,29.1,26.5,32.8,16.3,1.2,75.9,3.4,16.26
114,원주,2024-07-28,28.8,25.2,33.1,1.3,1.1,73.8,7.1,18.31
114,원주,2024-07-29,27.8,26.8,29.4,0,1.5,75.4,.3,5.97
114,원주,2024-07-30,27.4,25.8,30.1,0,1.2,79,1.8,6.87
114,원주,2024-07-31,29.4,25.8,33.4,0,1.1,67.8,9.5,24.9
114,원주,2024-08-01,29.6,27.2,32.8,,1.1,71.4,5.1,17.6
114,원주,2024-08-02,29.2,27.7,33.7,4.6,1,78,5.1,16.32
114,원주,2024-08-03,30.1,27.2,34.5,,.9,72,9.6,23.7
114,원주,2024-08-04,30.4,25.7,35,,1,69.1,10.6,22.24
114,원주,2024-08-05,29.3,23.6,34.7,67.5,1.3,70.9,8.1,21.44
114,원주,2024-08-06,27.5,23.7,32.5,,.8,76.6,5.7,18.07
114,원주,2024-08-07,28.4,24.6,32.6,0,.8,72.8,8.4,18.82
114,원주,2024-08-08,27,24.8,29.7,3.2,.7,79.6,1.9,12.68
114,원주,2024-08-09,28.8,25.3,33.6,0,.7,70.3,8.7,21.66
114,원주,2024-08-10,29,24.8,34.2,,.7,72.1,8.5,20.4
114,원주,2024-08-11,29.4,26,33.9,,.8,66.6,10.6,24.29
114,원주,2024-08-12,29.9,25.6,35.3,.1,.8,71,9.4,21.81
114,원주,2024-08-13,28.6,25.4,34.4,.6,.8,71.3,7.6,18.17
114,원주,2024-08-14,29,24.5,34.7,.8,.7,71.1,7.6,19.45
114,원주,2024-08-15,28.8,26.1,33.6,0,.8,69.5,6.6,17.16
114,원주,2024-08-16,28.5,24.6,33.6,0,.9,68.4,7.7,19.45
114,원주,2024-08-17,28.5,24.9,33.5,9.5,1,70.8,9.4,20.31
114,원주,2024-08-18,28.9,25.1,34.1,,1,69.8,9.4,22.93
114,원주,2024-08-19,29.5,25.2,34.7,,.9,66,11.6,22.02
114,원주,2024-08-20,30.2,25.5,34.7,0,1.1,67.3,8.2,18.04
114,원주,2024-08-21,28,26.1,30.4,13.7,1.2,80.9,.7,6.1
114,원주,2024-08-22,28.3,25.9,32.7,3.9,1.6,77.1,4.4,13.05
114,원주,2024-08-23,27.3,25.3,31,2,1.5,75.9,5.1,16.03
114,원주,2024-08-24,27.3,23.8,31.6,,.8,75.1,6,17.9
114,원주,2024-08-25,27.7,24.1,32.6,,.9,71.8,8.3,21.09
114,원주,2024-08-26,27.2,24.2,31,0,.7,75.6,1,11.19
114,원주,2024-08-27,25.2,22.8,28.2,.6,.8,81.4,1.7,6.41
114,원주,2024-08-28,26.7,20.3,32.5,,1,62.9,8.9,18.89
114,원주,2024-08-29,26.7,21.3,32.8,,1.5,64.5,10.1,23.41
114,원주,2024-08-30,27.5,22.2,33.4,,.9,65.3,10.8,22.34
114,원주,2024-08-31,26.2,21.7,31.5,,.9,68.6,8.8,21.48
114,원주,2024-09-01,26.3,22.4,31.1,,1,64.4,7.9,21.07
114,원주,2024-09-02,25.1,21.7,28.6,0,.9,71.8,1.3,9.97
114,원주,2024-09-03,26.3,22,31.7,,1.2,55.3,8.4,21.38
114,원주,2024-09-04,25.6,20,32.1,,1,59.4,11.2,23.5
114,원주,2024-09-05,25.5,22.2,30.6,6.6,.7,75.4,5.3,13.79
114,원주,2024-09-06,23.4,21.5,25.2,8.2,1,83.3,0,3.97
114,원주,2024-09-07,24.9,21.4,30.1,.1,.8,74.6,7.7,18.4
114,원주,2024-09-08,26.1,20.7,31.8,,.7,70.9,11.2,22.68
114,원주,2024-09-09,27.8,24,32.4,,.8,69.8,6.9,16.12
114,원주,2024-09-10,28.4,23.5,34.2,,.8,68.5,11.4,22.06
114,원주,2024-09-11,28.3,23.9,34.1,.6,.9,71.6,6.2,16.02
114,원주,2024-09-12,24.8,24.2,25.9,75.1,.7,92.9,0,1.89
114,원주,2024-09-13,26.4,24,30.6,.6,.7,82.8,1.6,11.24
114,원주,2024-09-14,26.4,24.5,29.8,28.1,.5,86,1.3,8.68
114,원주,2024-09-15,26.9,23.6,31.6,,1.1,71.4,5.3,14.52
114,원주,2024-09-16,27.1,22.7,31.7,0,.9,68.6,5.7,16.64
114,원주,2024-09-17,28.5,25,33.4,0,.7,74.9,6.1,16.44
114,원주,2024-09-18,26.9,24.4,33.5,18.2,.9,81.6,7.1,16.14
114,원주,2024-09-19,27.4,24,31.6,,.6,77.1,2.3,12.42
114,원주,2024-09-20,24.7,17.9,28.3,30,1.1,84.5,.1,5.44
114,원주,2024-09-21,19,17.4,21,51.1,1.7,87,0,2.29
114,원주,2024-09-22,20.4,16.8,24.8,0,1.3,69.5,4.6,13.52
114,원주,2024-09-23,19.5,14.6,25.3,,1.2,61.9,10.5,20.52
114,원주,2024-09-24,19.3,13.5,26.5,,1,65.3,10.4,21.31
114,원주,2024-09-25,21.4,15.9,27.2,,.7,72.8,6.1,15.46
114,원주,2024-09-26,22.5,20,27.3,.7,.6,78.4,3.7,11.17
114,원주,2024-09-27,23,20,28,,1,72.3,5.8,14.16
114,원주,2024-09-28,22.5,19.6,27.2,,1.5,60.8,5.9,14.56
114,원주,2024-09-29,21.3,16.6,27.7,,.9,65,9.2,17.7
114,원주,2024-09-30,20.4,14.3,27,,.8,66.8,10.6,19.92
115,울릉도,2024-05-20,15.9,13.6,18.8,0,1.6,82.4,3.6,13.5
115,울릉도,2024-05-21,14.5,12.1,17.1,,2.7,81.8,12.7,28.54
115,울릉도,2024-05-22,16.7,12.4,20.1,,4.8,80.1,10.1,25.33
115,울릉도,2024-05-23,22.3,17.9,26.2,,3.8,55.1,12.5,27.93
115,울릉도,2024-05-24,16.3,14,19.7,,6.2,65.1,2.6,16.94
115,울릉도,2024-05-25,15.4,13.3,17.7,,3.1,64.9,8,20.26
115,울릉도,2024-05-26,17.3,13.5,20.6,19.4,5.2,89,3.6,15.77
115,울릉도,2024-05-27,19,16.9,21.6,2.7,5.6,69.6,9.1,24.53
115,울릉도,2024-05-28,15.9,13.9,17.9,,5.3,70.9,5.9,19.31
115,울릉도,2024-05-29,16.8,12.8,20,,4.4,71.6,12.2,27.37
115,울릉도,2024-05-30,19.4,17.4,23.9,,4.6,66.4,3.6,17.02
115,울릉도,2024-05-31,19.2,16.9,22.9,,2.2,72.9,9.9,25.93
115,울릉도,2024-06-01,17,14.7,20,,2.7,88,3.5,18.62
115,울릉도,2024-06-02,15.7,13.3,20,0,2.4,79.9,11.6,28.59
115,울릉도,2024-06-03,16.4,13.7,19.8,0,3.5,81.6,7.9,24.44
115,울릉도,2024-06-04,15.9,13.8,18.8,0,3.7,83.3,9.7,26.77
115,울릉도,2024-06-05,17.1,13.4,21.2,,2.5,86.8,12,27.58
115,울릉도,2024-06-06,18.3,15.4,21.8,,3,87.3,7,19.29
115,울릉도,2024-06-07,19.1,16.3,22.6,,4,87.3,8.8,21.76
115,울릉도,2024-06-08,19.2,17.2,22.6,9.5,6.2,94.8,1.4,10.09
115,울릉도,2024-06-09,19,17.8,22,.1,5,98.6,1,8.62
115,울릉도,2024-06-10,21.2,17.7,24.8,0,3.9,90.1,10.1,24.89
115,울릉도,2024-06-11,25,21.2,29,,3.2,73.4,12.6,26.59
115,울릉도,2024-06-12,24.8,20.4,28.2,,3.1,63,12.6,26.82
115,울릉도,2024-06-13,24.8,20.9,28.2,,2.1,67.5,12.4,27.55
115,울릉도,2024-06-14,23.7,20.1,27.7,,4.9,76.1,12,26.94
115,울릉도,2024-06-15,23,20.2,27.4,1.4,3.2,83.5,7.7,20.74
115,울릉도,2024-06-16,23.1,19.9,26.1,.1,3.4,66.9,12.7,28.92
115,울릉도,2024-06-17,24.2,21.7,27.5,,4.8,53.8,9.2,22.14
115,울릉도,2024-06-18,24.3,20.5,29,,3.4,69.9,12.9,27.91
115,울릉도,2024-06-19,26.6,21.8,30.5,,2.6,62,12.6,26.11
115,울릉도,2024-06-20,24.3,21.6,28.4,,5.7,71.6,10,23.22
115,울릉도,2024-06-21,23.9,21.7,27.6,,2.8,75.8,12,27.46
115,울릉도,2024-06-22,21.9,21.2,23.2,37.3,2.7,95.6,0,2.9
115,울릉도,2024-06-23,21.9,21.1,22.9,3.1,2.6,97,0,4.66
115,울릉도,2024-06-24,24,21,26.7,0,3.3,84.3,8.1,22.03
115,울릉도,2024-06-25,22.9,20.5,25.6,,3.6,61.6,10.7,24.16
115,울릉도,2024-06-26,22.4,19.8,25.6,,2.2,73.3,13.1,26.98
115,울릉도,2024-06-27,22.2,19.9,25.6,,4.3,82.5,8.5,20.96
115,울릉도,2024-06-28,22.3,19,26.5,,2.5,89.8,8.4,23.85
115,울릉도,2024-06-29,22.8,21.4,25.2,.4,5,94,1.7,9.38
115,울릉도,2024-06-30,22.6,21.2,23.5,35,7.1,99.4,0,2.55
115,울릉도,2024-07-01,23.4,20.2,26.5,0,2,89.9,12.8,27.71
115,울릉도,2024-07-02,21.7,20.2,22.5,34.3,1.9,98.8,0,1.62
115,울릉도,2024-07-03,24.8,21.9,28,3.3,7.8,91.5,5.9,17.31
115,울릉도,2024-07-04,25.6,22.7,29.3,,5.4,80.5,12.8,27.08
115,울릉도,2024-07-05,25,22.1,28.1,.2,8.1,82.1,9.4,25.61
115,울릉도,2024-07-06,24.6,23.3,27.3,0,5.7,84.4,3.5,15.03
115,울릉도,2024-07-07,24.4,22.2,26.4,28.3,8.5,95.8,.6,7.71
115,울릉도,2024-07-08,23.7,23,24.5,19.1,7.2,99.4,0,5.33
115,울릉도,2024-07-09,23.6,22.2,26.4,34.2,3.2,95.9,1.4,10.91
115,울릉도,2024-07-10,21.8,20.8,24.5,31.6,3.9,98.5,3,11.6
115,울릉도,2024-07-11,22.9,20.8,25.8,,2.4,94.4,7.2,21.63
115,울릉도,2024-07-12,22.3,20.4,25.3,,3.3,95.8,5.9,17.91
115,울릉도,2024-07-13,23.2,20.7,26,,2,92.4,8.1,20.92
115,울릉도,2024-07-14,22.4,21.1,23.4,4.3,2.6,98.9,0,3.28
115,울릉도,2024-07-15,23.1,22.3,24.3,1.7,2,98.9,0,6.3
115,울릉도,2024-07-16,24.3,22.5,26.9,7.2,1.9,97.3,5.2,20.85
115,울릉도,2024-07-17,24.5,22.5,26.5,6.7,7,96.5,2,11.84
115,울릉도,2024-07-18,24,23.4,24.7,37.3,8.3,99.4,0,1.43
115,울릉도,2024-07-19,25.7,24.4,28.8,,4.8,89.1,6.2,20.67
115,울릉도,2024-07-20,26.3,24.3,29,,5,84.3,8.6,21.79
115,울릉도,2024-07-21,26.8,23.7,29.7,,8.7,84.5,9.7,24.53
115,울릉도,2024-07-22,28.2,25.3,30.7,,7.2,82.1,10.6,25.14
115,울릉도,2024-07-23,26.9,24.6,29.6,0,9.4,86,7.2,20.1
115,울릉도,2024-07-24,28.3,26.2,30.9,0,6.7,81.1,10,23.22
115,울릉도,2024-07-25,28.8,26.6,32.2,,3.9,80.8,9.1,21.78
115,울릉도,2024-07-26,28.1,25.6,30.9,,4.7,87.4,10.7,23.35
115,울릉도,2024-07-27,27.8,25.8,29.9,0,7.1,90.1,6,19.03
115,울릉도,2024-07-28,29.5,27.9,31.4,,6.8,78.5,12,25.37
115,울릉도,2024-07-29,29.5,27.7,32.1,,7.4,72.6,7.1,20.61
115,울릉도,2024-07-30,29.9,27.5,32.9,,4.5,73.3,6.6,18.56
115,울릉도,2024-07-31,29.5,26.4,32.3,,2.4,74.3,10.1,23.67
115,울릉도,2024-08-01,29.7,25.6,33.7,,3,77.1,12.6,26.22
115,울릉도,2024-08-02,30.2,27.2,33.6,,3,77.1,12.6,25.1
115,울릉도,2024-08-03,30,27.2,33,,1.8,76.5,12.5,25.09
115,울릉도,2024-08-04,27.5,25.1,30.4,,2.9,86.6,11.5,25.43
115,울릉도,2024-08-05,26.9,24.8,30.5,,2,89.6,5.5,14.76
115,울릉도,2024-08-06,27.4,25,30.8,,1.4,87.3,7.1,19.9
115,울릉도,2024-08-07,27.1,24.9,30.6,,2.6,91,4,14.22
115,울릉도,2024-08-08,27.9,25.9,31.2,0,2.6,90.3,6.2,17.21
115,울릉도,2024-08-09,27.2,24.6,30.5,,2.1,87.5,9.6,23.24
115,울릉도,2024-08-10,26.7,24.3,30.4,,2.2,87.1,6.1,17.08
115,울릉도,2024-08-11,26.4,24.3,29.7,,2.4,85.5,8.3,21.4
115,울릉도,2024-08-12,26.5,24.1,29.5,,2.7,84.1,11.3,24.01
115,울릉도,2024-08-13,26,24.2,28.4,,3.7,85.3,11.1,24.73
115,울릉도,2024-08-14,26.6,24.4,29.4,,2.8,87.6,6.6,17.29
115,울릉도,2024-08-15,26.9,24.2,30.1,,2.9,87,8.5,20.85
115,울릉도,2024-08-16,26.8,24.9,29.4,,3.4,87.6,7.6,20.05
115,울릉도,2024-08-17,25.7,24.2,28.2,1.6,2.8,90.9,5.1,15.94
115,울릉도,2024-08-18,26.7,23.8,30.2,,2.1,85.4,8.9,21.56
115,울릉도,2024-08-19,27.7,25.2,30,,1.7,91.8,2.3,13.78
115,울릉도,2024-08-20,27.9,26.9,30.7,3.7,1.9,94,2.4,8.95
115,울릉도,2024-08-21,28,27.1,29.1,,4.8,95.8,.1,4.94
115,울릉도,2024-08-22,28.5,27.1,31,,8.6,93.8,5.2,18.39
115,울릉도,2024-08-23,28.4,26.3,31.4,,6.1,79.8,12.1,23.54
115,울릉도,2024-08-24,28.9,25.9,32.4,,1.5,75.6,11.8,22.78
115,울릉도,2024-08-25,27.3,25.7,30.8,.1,1.7,86.4,5.6,15.79
115,울릉도,2024-08-26,26.7,25.4,28.7,12.7,1.2,91.3,.5,7.43
115,울릉도,2024-08-27,23.4,20.9,26.1,12,4.5,91.6,0,6.35
115,울릉도,2024-08-28,25.7,23,28.1,,4.2,87.1,5.9,18.67
115,울릉도,2024-08-29,25.7,24.6,26.8,1.6,5.5,94.1,.3,5.47
115,울릉도,2024-08-30,26,25,28.3,2,7,92,3.6,14
115,울릉도,2024-08-31,24.7,21.9,27.4,,4.2,78.4,9.4,21.2
115,울릉도,2024-09-01,25.2,20.8,29.8,,2.7,79.9,11.4,22.54
115,울릉도,2024-09-02,24.9,23,29.6,0,4.8,88.3,1.6,8.58
115,울릉도,2024-09-03,23.4,21.4,26.5,,5.1,74.6,10,22
115,울릉도,2024-09-04,23.7,20.5,27.1,,2.3,73,11.4,23.51
115,울릉도,2024-09-05,26.2,22.1,30.2,0,4.1,78.1,11.4,21.88
115,울릉도,2024-09-06,22.9,21.7,26.7,13.1,5.4,89.1,0,2.44
115,울릉도,2024-09-07,22.6,19.9,24.5,.5,2.5,83.8,0,5.4
115,울릉도,2024-09-08,24.3,22.3,26.9,,2.8,88,6.7,17.27
115,울릉도,2024-09-09,25.5,23.9,28.2,,2,87.6,4.3,14.9
115,울릉도,2024-09-10,26.7,24.4,30,,2.1,87.5,10.1,20.31
115,울릉도,2024-09-11,27.9,23.4,32,99.9,3,88.6,7.8,17.47
115,울릉도,2024-09-12,24.6,23.3,25.3,208.8,3.1,98.8,0,1.03
115,울릉도,2024-09-13,25.9,24.4,28.5,,1.4,94.8,1.8,11.13
115,울릉도,2024-09-14,26.5,24,29.7,0,2.4,91.3,4.7,15.63
115,울릉도,2024-09-15,22.7,21.9,24.1,20.8,6.1,97.8,0,3.39
115,울릉도,2024-09-16,23.6,22.3,24.7,3,3.7,97.3,0,3
115,울릉도,2024-09-17,27.1,24.6,30.5,0,1.8,94,4.8,13.97
115,울릉도,2024-09-18,27.5,25.6,30.7,0,2.7,90.8,3.7,13.51
115,울릉도,2024-09-19,27.6,25.8,30.4,0,3.1,88.1,2.7,12.93
115,울릉도,2024-09-20,26.7,21.7,31.1,25.3,5.1,90.8,1.4,10.66
115,울릉도,2024-09-21,19.7,18.6,22.4,129.3,9.3,100,0,1.32
115,울릉도,2024-09-22,18.5,16.9,20,21.1,8.1,91.6,.6,7.63
115,울릉도,2024-09-23,18.1,16.4,20.6,,5,74.5,7.6,19.38
115,울릉도,2024-09-24,20.7,18.2,23.6,10.5,3.2,81.9,4.6,12.67
115,울릉도,2024-09-25,22.6,20.6,25.2,,1.1,76.5,6.3,14.32
115,울릉도,2024-09-26,23,20.1,26.8,.5,2,82.5,6.2,14.15
115,울릉도,2024-09-27,22.6,21,26,9.7,2.4,86.3,3.7,11.91
115,울릉도,2024-09-28,21.6,20.1,24.1,.6,5,86,2.8,10.53
115,울릉도,2024-09-29,21.1,18.5,23.9,.3,4.1,75.8,9.2,18.68
115,울릉도,2024-09-30,21.1,18.2,24.9,,2.5,73.4,8.6,17.9
119,수원,2024-05-20,18.5,14.5,23.1,,2.1,79.1,4.3,18.71
119,수원,2024-05-21,19.7,15.2,27,,1.8,75.3,8.2,24.19
119,수원,2024-05-22,18.6,14.6,24.9,,1.7,78.3,7.9,21.33
119,수원,2024-05-23,18.7,13.6,25.3,,1.9,72.8,13,29.32
119,수원,2024-05-24,18.5,14.6,23.6,,2,76.9,8.3,23.89
119,수원,2024-05-25,19.8,15.8,23.7,,1.7,67.3,1,13.52
119,수원,2024-05-26,19,16,23.2,10.3,2.3,75.4,1.8,9.67
119,수원,2024-05-27,17.2,13.9,21.6,,3,71.1,11.8,28.49
119,수원,2024-05-28,18.8,12.4,25.2,,1.8,61.5,11,27.61
119,수원,2024-05-29,19.6,12.8,25.8,,1.7,56.9,13,28.89
119,수원,2024-05-30,19.9,14.6,25.3,,1.2,54.4,1.4,14.91
119,수원,2024-05-31,19.2,14,24.4,0,2.2,63.5,12.4,29.99
119,수원,2024-06-01,19,15.1,24,1.3,2.6,70,9.9,27.1
119,수원,2024-06-02,19.2,12.8,25.1,,2,59.5,13.2,29.53
119,수원,2024-06-03,20.9,13.1,27.1,,1.8,50.6,12.7,28.87
119,수원,2024-06-04,21.4,14.6,27.7,,2.1,44.1,13.3,29.28
119,수원,2024-06-05,20.9,15.2,28.3,,1.6,65,10.2,23.75
119,수원,2024-06-06,21.7,16.7,29.6,0,1.6,63.1,10.9,26.07
119,수원,2024-06-07,21.5,15.3,27,0,1.4,59.5,6.9,20.19
119,수원,2024-06-08,19.8,16.8,24.6,13.4,1.5,79.4,4.3,12.58
119,수원,2024-06-09,21.7,16.8,28,,1.5,73.3,11.7,26.9
119,수원,2024-06-10,23.5,16.8,30.2,,2.1,70.8,12,25.84
119,수원,2024-06-11,23.9,19.2,30.4,,2.1,66.9,9.8,25.75
119,수원,2024-06-12,23.2,16.6,31.2,,1.9,63.8,11.9,27.55
119,수원,2024-06-13,24,17.5,31,,1.7,63.1,12.7,28.61
119,수원,2024-06-14,24.4,18.4,32.1,,1.9,64.5,12.1,26.96
119,수원,2024-06-15,23.4,20,27.7,0,2,74.5,4.6,17.9
119,수원,2024-06-16,22.6,18.4,27.9,,2.3,66.1,11.6,29.06
119,수원,2024-06-17,22.8,15.6,29.4,,1.8,54.3,12.8,27.16
119,수원,2024-06-18,23.9,17.1,30.7,,1.8,65.3,13.3,29.06
119,수원,2024-06-19,26.8,18.6,35.1,,1.4,61,12.5,28.11
119,수원,2024-06-20,26.8,19.7,33,,1.6,50.9,10.3,23.85
119,수원,2024-06-21,25.5,19,30.9,,1.9,58.3,11.3,25.39
119,수원,2024-06-22,22.9,21.6,25.4,72.8,1.7,85.1,0,2.92
119,수원,2024-06-23,24.3,21.6,28.6,3.2,2.1,82.4,5.1,19.66
119,수원,2024-06-24,23.1,19,27.4,,2.7,76.4,9.4,23.27
119,수원,2024-06-25,21.8,18,26,,2.3,68.6,12,24.58
119,수원,2024-06-26,22.9,16.7,29.4,,1.4,68.6,12.5,27.36
119,수원,2024-06-27,23.9,17.6,29.2,,1.3,65.9,8.9,20.04
119,수원,2024-06-28,24.4,18.1,30.3,,1.6,64.1,12.9,27.41
119,수원,2024-06-29,24.7,19.6,30.1,29.5,2.3,74.1,5.6,18.85
119,수원,2024-06-30,23.4,21.1,25.3,17.3,3.6,87.4,.6,9.1
119,수원,2024-07-01,25,20.5,30.4,,1.4,73.4,11.2,26.89
119,수원,2024-07-02,23,21.2,24.8,62.7,2.6,89.5,0,1.92
119,수원,2024-07-03,24.8,23.5,27.2,.9,2.7,81.3,1.9,13.84
119,수원,2024-07-04,26.4,22.6,30.5,3.6,2.4,76.5,3.5,18.49
119,수원,2024-07-05,22.9,20.8,26.1,4.2,2.7,82.4,1.5,12.28
119,수원,2024-07-06,25.5,21.6,30.5,11.8,3.2,84.3,1.2,12.73
119,수원,2024-07-07,23.3,20.8,24.9,2.5,1.5,90.9,0,5.56
119,수원,2024-07-08,23.5,22.7,24.4,38.3,1.6,95.1,0,2.98
119,수원,2024-07-09,23.2,21.7,24.5,8.5,1.5,93.3,0,4.46
119,수원,2024-07-10,25.9,21.7,31.9,14,2.2,76.5,10.2,26.8
119,수원,2024-07-11,23.9,21.3,28,,1.9,85.4,4.2,17.14
119,수원,2024-07-12,24.4,20.5,29.8,,1.3,82.5,4.1,16.2
119,수원,2024-07-13,26.5,21.6,32.4,0,1.6,76.5,9,22.8
119,수원,2024-07-14,27.5,23.6,31.1,,2.9,69.1,8.9,23.31
119,수원,2024-07-15,27.5,24.7,30.9,0,2.3,69.5,5.3,18.11
119,수원,2024-07-16,25.8,23.8,30.1,18,2.4,82.6,3.7,11.57
119,수원,2024-07-17,26.5,23.1,29.6,6.9,3.1,82.6,.1,7.94
119,수원,2024-07-18,24.3,22.5,26.8,151.9,2.4,93.1,0,2.63
119,수원,2024-07-19,26.5,24,30.9,0,2,82.4,6.4,20.57
119,수원,2024-07-20,26.4,23.5,29.8,10.2,2.8,83.4,2.2,14.25
119,수원,2024-07-21,27.1,24,30.5,.2,3,79.6,2.9,14.39
119,수원,2024-07-22,27.7,25.6,29.8,2.9,3.2,81.6,.1,8.16
119,수원,2024-07-23,25.7,24.5,27.4,50.9,2.9,92,.1,6.18
119,수원,2024-07-24,27.5,24.6,31.8,3,1.8,87.8,4.5,17.79
119,수원,2024-07-25,28.8,25.6,33.3,2.2,1.8,78.9,7.2,20.83
119,수원,2024-07-26,28.8,25.5,33.2,.3,2.7,78.4,5.1,15.33
119,수원,2024-07-27,28.2,26.5,32,10.3,2.4,84.5,3.2,15.53
119,수원,2024-07-28,29,26.7,32.7,,2.9,74.9,8.4,20.75
119,수원,2024-07-29,27.4,25.9,29,0,2.9,83.5,.4,6.2
119,수원,2024-07-30,28,25.9,32.3,0,2.2,80.8,3.9,15.07
119,수원,2024-07-31,28.8,26,33.4,,2.1,76.8,5.6,18.79
119,수원,2024-08-01,29.3,26.2,33.4,0,2,77.9,5.2,19.01
119,수원,2024-08-02,29.2,26.7,33.2,0,2.2,81.5,5.1,16.4
119,수원,2024-08-03,29.5,26.1,34.3,,1.6,75.5,10.4,24.31
119,수원,2024-08-04,30,24.9,35.7,,1.4,73,10.6,22.17
119,수원,2024-08-05,29.4,25.2,35.2,1.5,2,77.5,6.8,21.09
119,수원,2024-08-06,27.7,23.1,33.1,40.6,1.4,80.5,6.4,18.03
119,수원,2024-08-07,29.2,25.4,33.7,0,1.5,75.8,9.4,22.81
119,수원,2024-08-08,26.9,23.9,30.9,1.8,1.4,83.9,2.5,13.69
119,수원,2024-08-09,27.8,23.7,32.8,,1.4,79,8.1,21.66
119,수원,2024-08-10,28.9,24.6,33.6,,1.4,75.8,7.3,22.29
119,수원,2024-08-11,29.6,26.2,33.5,,1.6,73.3,5.9,19.68
119,수원,2024-08-12,30,26.3,34.7,,1.4,75.3,7.6,20.32
119,수원,2024-08-13,29,26.7,34.3,19,1.2,81.8,3.2,13.36
119,수원,2024-08-14,29.5,26.4,34.6,3,1.6,76,7.9,20.16
119,수원,2024-08-15,29.2,25.6,34.5,3.3,1.5,75.1,9.6,23.24
119,수원,2024-08-16,29.2,25.3,33.7,,1.7,71.4,9.2,19.73
119,수원,2024-08-17,29.7,26.8,34.5,,1.7,69.9,7.4,20.63
119,수원,2024-08-18,28.5,25.8,33.7,0,1.6,77.5,6.5,19.24
119,수원,2024-08-19,29.4,25.5,34.6,,1.6,74.5,11.2,24.95
119,수원,2024-08-20,30.4,26.3,34.3,0,2.6,70.8,8.6,19.24
119,수원,2024-08-21,27.5,26,30.1,50.4,2.6,88.6,.5,5.05
119,수원,2024-08-22,27.9,25.8,30.6,3.5,3.1,83.3,3.2,11.01
119,수원,2024-08-23,26.8,24.5,30.8,3.4,1.8,83.6,4.2,16.4
119,수원,2024-08-24,27.3,24.8,31.3,0,1.4,82,4.3,15.34
119,수원,2024-08-25,27.3,23.7,32.2,1,1,82.4,6.7,17.42
119,수원,2024-08-26,27.3,24.6,30.6,,1,81.5,.2,10.47
119,수원,2024-08-27,26.1,24.6,29,.1,1.4,75.8,2.8,8.14
119,수원,2024-08-28,27.8,21.9,32.4,,2.6,63.8,11.8,24.4
119,수원,2024-08-29,28,23.1,32.5,,2.3,61.6,11,23.28
119,수원,2024-08-30,27.2,23,32.6,,1.9,69.3,12,24.34
119,수원,2024-08-31,26.1,21.2,31.9,,1.6,73.3,11.2,23.7
119,수원,2024-09-01,25.8,22.8,30.9,,1.7,74.8,6.6,20
119,수원,2024-09-02,24.7,21.5,28.2,2.6,1.7,74.9,.3,7.6
119,수원,2024-09-03,26.9,23.5,31,,2.6,57.9,9.2,22.27
119,수원,2024-09-04,26.8,22.4,31.8,,2,62.5,11.1,22.84
119,수원,2024-09-05,26.3,24,29.7,5.2,2.1,79,2.6,12.4
119,수원,2024-09-06,24.3,23.3,26.3,.9,1.9,83.9,.4,5.66
119,수원,2024-09-07,25.9,22.4,30.8,,1.6,74.6,8.4,18.92
119,수원,2024-09-08,25.9,21.7,31.6,,1.2,75.4,10.7,21.46
119,수원,2024-09-09,27.5,22.4,33,,1.5,73.9,9,19.82
119,수원,2024-09-10,28.3,24.1,33.8,,1.4,71.1,9.3,18.64
119,수원,2024-09-11,27.1,24.1,33.9,2.9,1.3,81.5,5,11.64
119,수원,2024-09-12,25.7,25,26.5,34.8,1.1,94.1,0,3.99
119,수원,2024-09-13,26.3,24.7,29.4,3.7,1.6,88.9,.5,7.46
119,수원,2024-09-14,27,24.8,31,.2,1.4,85.3,4.2,12.85
119,수원,2024-09-15,27.5,23.8,32.3,,2.2,75.4,7.6,15.17
119,수원,2024-09-16,27.6,23.3,32.3,1.9,2.9,69.1,7.5,18.96
119,수원,2024-09-17,28.8,26.1,33.6,,1.4,75.4,5.5,16.37
119,수원,2024-09-18,29.1,25.2,34,,1.6,75.8,8.4,18.41
119,수원,2024-09-19,28.4,25.4,33,,1.3,76.1,3.1,13.5
119,수원,2024-09-20,24.8,19.6,27.7,94.8,1.9,92.9,.1,3.79
119,수원,2024-09-21,19.4,17.1,22.1,72.4,2.7,83.5,0,5.08
119,수원,2024-09-22,21,16.5,25.4,,2.1,67.6,4,15.18
119,수원,2024-09-23,20.5,15.9,25.6,,2.2,60.6,10.2,21.02
119,수원,2024-09-24,20.5,15.7,26.1,,2,61.3,10.6,21.13
119,수원,2024-09-25,23,17.4,27.7,0,1.5,70.1,5.3,13.97
119,수원,2024-09-26,23.1,20,27.9,0,1.2,78,6.7,14.11
119,수원,2024-09-27,22.5,17.9,27.6,,1.3,73,7.6,15.48
119,수원,2024-09-28,23.6,19.6,27.9,,2.7,61,9.2,18.64
119,수원,2024-09-29,23.7,19.5,28.4,,2.9,59.6,10.3,19.45
119,수원,2024-09-30,22.3,17.5,28.3,,1.9,62.6,10.4,19.21
121,영월,2024-05-20,17.6,11,24,.2,.6,75,3.4,
121,영월,2024-05-21,19.5,13.4,28,,1,68.6,10.2,
121,영월,2024-05-22,19.5,12.6,29,,.9,69.8,11.7,
121,영월,2024-05-23,20.5,12.7,28.9,,.9,64.9,11.6,
121,영월,2024-05-24,19.3,13,28.4,,1.1,67.4,5.4,
121,영월,2024-05-25,19.4,15.1,26.1,,1.7,49.1,5.7,
121,영월,2024-05-26,19.2,12.6,28.6,21.6,.9,71,6.8,
121,영월,2024-05-27,17.8,13.7,22.6,.2,2.4,62.3,10.6,
121,영월,2024-05-28,15.9,11,22.3,,1.6,67.6,10.9,
121,영월,2024-05-29,17.7,8.2,27.3,,.8,64,13.1,
121,영월,2024-05-30,18.7,12.5,25.9,,.6,67.1,3.8,
121,영월,2024-05-31,20.5,14.5,27.3,,1.3,57.3,12.5,
121,영월,2024-06-01,18.8,15.6,24.2,0,1,69.6,3.6,
121,영월,2024-06-02,17.7,11.9,24.6,0,1.2,67.9,8.8,
121,영월,2024-06-03,19.3,11.7,28.5,,1.6,54.1,11.8,
121,영월,2024-06-04,18.4,8.4,28.1,,.9,57,13.2,
121,영월,2024-06-05,20.8,11.8,31.9,,.8,58.6,11.7,
121,영월,2024-06-06,21.3,14.2,31.9,,1.2,57.3,10.6,
121,영월,2024-06-07,20.8,12.6,29.9,,.7,62,9.9,
121,영월,2024-06-08,18.6,17.3,21.7,6.3,.4,89.4,.5,
121,영월,2024-06-09,21.4,16.5,28.7,,.8,71.8,10.3,
121,영월,2024-06-10,22.9,15.2,29.1,,.9,67.9,10.6,
121,영월,2024-06-11,24.1,18.7,31.3,,.9,64.6,9.5,
121,영월,2024-06-12,24.2,16.8,33.8,,.9,57.8,12.4,
121,영월,2024-06-13,24.2,16.1,34,,.9,60.5,12.1,
121,영월,2024-06-14,25.2,16.9,33.7,,.7,59.8,11.7,
121,영월,2024-06-15,21.5,19.4,27.9,12.5,1,86.4,2.7,
121,영월,2024-06-16,22.8,18,28.1,.2,1.1,64.1,10.6,
121,영월,2024-06-17,21.2,14.4,28.9,,.8,64.4,9.8,
121,영월,2024-06-18,23.4,13.4,33.2,,.8,59.5,13.4,
121,영월,2024-06-19,25.4,16.3,36.2,,.7,57.1,13.1,
121,영월,2024-06-20,25,18,34.7,,1.2,60.6,10.1,
121,영월,2024-06-21,24.8,16.1,33.3,,1,64.8,10.7,
121,영월,2024-06-22,21.5,20.3,22.8,69.3,.6,92.9,0,
121,영월,2024-06-23,22.9,20.5,27.5,5.7,.7,88.6,2.8,
121,영월,2024-06-24,24,20,28.9,10,1.7,66.5,9.6,
121,영월,2024-06-25,21,16.1,26.3,,1.3,60.6,8.6,
121,영월,2024-06-26,21.9,14.7,29.7,,.7,66.4,13.2,
121,영월,2024-06-27,21.7,16.1,28.3,,.5,74.1,5.3,
121,영월,2024-06-28,22.9,15.5,32.1,,.7,65,10.3,
121,영월,2024-06-29,24,16.5,33.4,25.2,1.6,73.6,8.9,
121,영월,2024-06-30,24.5,21.9,26.7,14.4,1.4,80.3,1.5,
121,영월,2024-07-01,24.5,20,30.1,,.7,76.3,9.4,
121,영월,2024-07-02,21.2,20.4,22.5,57.5,.8,94.8,0,
121,영월,2024-07-03,24.2,21.2,27.4,15.9,1.4,81.6,2.6,
121,영월,2024-07-04,25.4,22.8,30,,1.2,72.6,7.1,
121,영월,2024-07-05,24.7,21.6,27.3,3,1.8,71.1,3.5,
121,영월,2024-07-06,25.2,19.8,30.1,36.3,1,81.5,2.9,
121,영월,2024-07-07,22.6,20.7,28,13.3,.7,94.5,0,
121,영월,2024-07-08,22.8,21.6,24.3,56.1,.6,97.3,0,
121,영월,2024-07-09,22.4,21.1,23.9,14.9,.5,97.4,0,
121,영월,2024-07-10,24.1,20.3,31.4,41.2,1.6,82.3,7,
121,영월,2024-07-11,24.5,20.5,30.2,,.5,78.6,8.1,
121,영월,2024-07-12,24.4,21.2,31,42.2,.7,83.6,7.5,
121,영월,2024-07-13,25,20.4,31.6,,.8,73.5,10.5,
121,영월,2024-07-14,23.4,20,26.6,1.1,.8,81.3,1.7,
121,영월,2024-07-15,25,20.5,31.4,,1.4,77.8,7.2,
121,영월,2024-07-16,24.7,20.7,30.1,21.6,.9,84.8,4.7,
121,영월,2024-07-17,24.7,22.1,30.1,14.7,.7,87,1.5,
121,영월,2024-07-18,24.2,22.8,26.7,50.8,.9,92.4,0,
121,영월,2024-07-19,25.2,22.1,29.6,,.8,81.8,6.5,
121,영월,2024-07-20,25.4,21.1,28.8,.9,.6,81.8,5.1,
121,영월,2024-07-21,26.3,24.1,30,12.7,1.9,76.1,5.1,
121,영월,2024-07-22,26.7,24.2,30,,.6,80.9,2.3,
121,영월,2024-07-23,25.6,23.3,28.9,29,1.3,83.9,0,
121,영월,2024-07-24,24.3,21.4,30.6,82.6,.7,89.9,4,
121,영월,2024-07-25,26.5,22.3,32.6,.6,.8,82.4,8.4,
121,영월,2024-07-26,26.7,23.6,32.8,.6,.6,87.4,5.6,
121,영월,2024-07-27,27.4,24.2,32.9,.3,.7,83.8,6.4,
121,영월,2024-07-28,27.3,23.9,31.7,,1,79.5,8.1,
121,영월,2024-07-29,27.2,26,28.8,,1.5,76.3,.4,
121,영월,2024-07-30,26,24.4,28.5,,1,84.4,.3,
121,영월,2024-07-31,27.2,23.5,32,,.7,77.4,8.8,
121,영월,2024-08-01,27.2,23.6,32.2,,.6,82.1,5.6,
121,영월,2024-08-02,28.1,24.7,32.8,3.8,.8,82.3,7.2,
121,영월,2024-08-03,28.1,24.8,33.3,,.8,80.6,8.9,
121,영월,2024-08-04,28.9,24.4,34.6,.7,1,78.4,9.7,
121,영월,2024-08-05,27.1,23.6,33.5,.1,1.3,81.9,7.5,
121,영월,2024-08-06,26.3,22.9,33.3,,1.4,80.6,7.5,
121,영월,2024-08-07,26.7,22.1,32.8,0,.9,81.4,8,
121,영월,2024-08-08,26.2,23.7,31.9,0,.7,84,1.8,
121,영월,2024-08-09,27.4,23.2,33.1,.1,.8,76,9.1,
121,영월,2024-08-10,27.1,22.6,34.8,,.8,74.1,8.7,
121,영월,2024-08-11,27.7,21.7,34.2,,.7,74.1,11.2,
121,영월,2024-08-12,27.8,23.4,35.4,0,.7,78.4,7.8,
121,영월,2024-08-13,28,21.6,35.7,,.9,66.4,12.1,
121,영월,2024-08-14,28.1,21.9,35.7,,.8,68.6,10.5,
121,영월,2024-08-15,28.3,23.1,36.2,0,1.1,64,9.9,
121,영월,2024-08-16,26.6,20.9,33.1,,1.1,69.9,8.5,
121,영월,2024-08-17,27.3,21.6,36.5,,1.4,70.8,9.7,
121,영월,2024-08-18,27.9,22.2,36.1,,1.3,69.6,11.6,
121,영월,2024-08-19,28.1,22,36.6,,1.1,69.1,11.8,
121,영월,2024-08-20,28.2,22.7,35.7,.1,1.4,73.8,6.3,
121,영월,2024-08-21,26.2,24.2,29.4,12.1,.7,91.8,1.4,
121,영월,2024-08-22,27.5,24.8,33.9,5.7,1.2,81,6.6,
121,영월,2024-08-23,26.2,23.5,30,,1.5,77.9,7,
121,영월,2024-08-24,26.5,22.9,32.1,,.6,77.5,8.8,
121,영월,2024-08-25,26.3,22.2,32.6,,.8,76.3,8.7,
121,영월,2024-08-26,25.1,22.3,29.2,.2,.6,86,.6,
121,영월,2024-08-27,22.6,19.8,25.8,35.6,1,93.3,.4,
121,영월,2024-08-28,24.2,18,30.6,,1.4,74.9,10.8,
121,영월,2024-08-29,23.8,19.1,30.9,.2,1.1,82.5,3.2,
121,영월,2024-08-30,25.4,20.3,32.8,,1.1,78,9.7,
121,영월,2024-08-31,24.5,20.2,31.8,,.8,74.8,8.8,
121,영월,2024-09-01,23.9,19.2,30.5,,.7,75.1,8.4,
121,영월,2024-09-02,23.1,19.3,29.1,0,1,78.4,.7,
121,영월,2024-09-03,24.4,20.2,30.7,,1.4,60.3,8.7,
121,영월,2024-09-04,22.9,16.5,31.6,,.7,68.9,11.6,
121,영월,2024-09-05,24,17.7,30.4,,.8,77.6,6.8,
121,영월,2024-09-06,22.6,20.2,24.5,4.3,1.1,86,0,
121,영월,2024-09-07,24,19.9,30.4,.7,.5,81.3,7.2,
121,영월,2024-09-08,25.4,20.5,32.3,,.7,75.5,6.9,
121,영월,2024-09-09,26.4,21.7,33.1,,.6,74.4,10.2,
121,영월,2024-09-10,26.6,21.2,34.8,,.6,71.6,10.6,
121,영월,2024-09-11,26.3,20.8,35,0,1,77,3.8,
121,영월,2024-09-12,23.5,22.7,24.9,16.3,.7,97.3,0,
121,영월,2024-09-13,25.5,22.5,30.9,0,.6,85.8,3.2,
121,영월,2024-09-14,25.9,23.6,29.6,.4,.5,88.3,1.3,
121,영월,2024-09-15,25.2,22.6,29.5,,1.9,76.3,4.8,
121,영월,2024-09-16,26.5,22.2,31.9,0,1.5,71.4,5.9,
121,영월,2024-09-17,26.9,23,33.6,,.5,81.8,5.6,
121,영월,2024-09-18,26.1,23.1,33.7,40.6,.7,86,5,
121,영월,2024-09-19,25.5,22.6,31.9,,.6,86.9,3.3,
121,영월,2024-09-20,23.4,17.3,28.6,42,1,89.9,.5,
121,영월,2024-09-21,18.9,16.8,20.9,66.5,1,93.3,0,
121,영월,2024-09-22,20.3,17.4,24.8,,1.9,68.8,2.8,
121,영월,2024-09-23,18.1,13.1,22.9,,2.2,63.5,11.2,
121,영월,2024-09-24,17.7,10.9,25.9,,.5,77.3,10,
121,영월,2024-09-25,19.5,14.1,26.7,,.5,81.8,6.4,
121,영월,2024-09-26,21.4,17.5,27.7,6.6,.5,82.9,6.3,
121,영월,2024-09-27,21.5,18.8,27.1,0,1,79,6.5,
121,영월,2024-09-28,21.3,17.9,25.6,,2.3,68.1,9.6,
121,영월,2024-09-29,19.4,14.7,25.8,,1.4,72.9,10.4,
121,영월,2024-09-30,17.2,11.5,25.8,,.6,75.5,10.3,
127,충주,2024-05-20,18.6,11.1,24.9,,1.1,72,4,17.37
127,충주,2024-05-21,20.2,15.6,26.6,,1.3,71.5,7.5,22.48
127,충주,2024-05-22,20,12.1,27.6,,1.3,71.3,11.6,26.17
127,충주,2024-05-23,20.8,13.8,29.2,,1.5,61.9,12.4,29.61
127,충주,2024-05-24,20.2,12.2,27.6,,1.1,65.1,9,23.95
127,충주,2024-05-25,20.4,17.1,24.7,,1.9,45.8,5.8,19.01
127,충주,2024-05-26,20.6,16,27.7,35.7,1.5,64.8,4.8,17.2
127,충주,2024-05-27,17.7,13.7,23.1,.3,3,64.6,8.3,25.12
127,충주,2024-05-28,17.3,10.9,24.3,,1.6,64.5,11.3,26.61
127,충주,2024-05-29,19.3,10.6,27.8,,1.2,61,12.7,29.12
127,충주,2024-05-30,19.8,14.7,26.3,,.8,62.1,2.6,17.12
127,충주,2024-05-31,21.2,15.1,26.7,0,1.8,52.5,12.6,30.22
127,충주,2024-06-01,20.1,16,25,0,1.8,57.5,5.7,18.37
127,충주,2024-06-02,18.8,11.8,25.3,0,1.5,65.3,9,24.62
127,충주,2024-06-03,20.4,13.2,26.7,0,1.6,55.5,9.5,28.51
127,충주,2024-06-04,19.8,10.6,27.4,,1.3,49.8,13.3,31.53
127,충주,2024-06-05,21.6,13.1,29.2,,1,58.4,12.2,27.6
127,충주,2024-06-06,21.7,15.3,29.3,,1.2,57.5,8.9,24.54
127,충주,2024-06-07,21.7,14.6,28.4,0,.9,66.9,7.2,21.7
127,충주,2024-06-08,19.8,18.2,23.6,5,.8,84.9,2.8,8.8
127,충주,2024-06-09,22.7,17.2,29.1,,1.1,71,10.6,27.21
127,충주,2024-06-10,23.6,15.8,30.7,,1.3,68.1,10.6,26.78
127,충주,2024-06-11,24.6,17.7,31.5,,1.2,67.3,9.3,26.42
127,충주,2024-06-12,25,17,33.2,,1.1,57.3,12.8,30.21
127,충주,2024-06-13,25.4,17.2,33.4,,1.1,57.3,12.5,30.04
127,충주,2024-06-14,26.1,18.1,32.9,,1.4,57,11.8,25.81
127,충주,2024-06-15,22.1,19.7,28.2,18.2,.7,86.4,3.2,15.48
127,충주,2024-06-16,23.3,18.2,29.2,,1.5,64.5,7.5,22.5
127,충주,2024-06-17,21.8,13.9,28.8,,1.2,60.9,8.2,23.06
127,충주,2024-06-18,24.1,13.8,33.2,,1.3,57,12.8,29.44
127,충주,2024-06-19,26.1,17.3,34.7,,1.1,60.4,12,28.95
127,충주,2024-06-20,25.4,18.8,32.1,,1.1,58.6,8.1,23.29
127,충주,2024-06-21,25.3,17.1,32.4,,.9,64.4,10.4,26.15
127,충주,2024-06-22,22.8,21.1,24.7,47,1.2,86.4,0,3.11
127,충주,2024-06-23,24.2,21.8,28.6,14.3,1.1,85,1.9,9.67
127,충주,2024-06-24,24.5,20,30.7,.7,1.9,70,5.6,20.82
127,충주,2024-06-25,21.4,15.8,28,,2,65,8.6,24.13
127,충주,2024-06-26,22.5,15,29.8,,1,67.5,12.3,29.12
127,충주,2024-06-27,22.6,16.7,28.7,,.9,70,5.2,18.45
127,충주,2024-06-28,23.6,15.2,32,,1,63.8,12.7,29.19
127,충주,2024-06-29,24.9,18.7,31.1,31.2,1.6,72.8,7,20.53
127,충주,2024-06-30,25.3,22.8,28,9.7,2.1,81,.3,6.86
127,충주,2024-07-01,25.3,20.9,30.7,,1,72.5,8.9,25.29
127,충주,2024-07-02,23.5,21.2,26.7,83.7,2.9,84.1,0,3.6
127,충주,2024-07-03,25,23.1,27.7,10.8,1.3,83.3,0,7.73
127,충주,2024-07-04,27.4,22.6,32,0,1.2,69.5,4.9,20.67
127,충주,2024-07-05,25.4,22.1,29.2,.7,2.4,74.3,2.5,16.64
127,충주,2024-07-06,27.1,21.1,32.7,6.9,1.8,78.6,3.4,18.2
127,충주,2024-07-07,23,21.2,27.3,71.4,.6,93.4,0,3.6
127,충주,2024-07-08,23.7,22.2,25.5,72.3,1,92.4,0,3.64
127,충주,2024-07-09,23.1,21.9,24.6,12.3,.6,93.5,0,3.89
127,충주,2024-07-10,25.2,21.2,30.8,85.8,2,78.3,6.1,22.3
127,충주,2024-07-11,25.8,21.6,31.2,,.9,78.3,6.3,23.1
127,충주,2024-07-12,25.5,22.2,30.6,,.7,82.1,4.8,18.32
127,충주,2024-07-13,27.4,22.2,32.7,,1.3,70.1,10.9,25.89
127,충주,2024-07-14,26.3,23.3,30.3,,1.9,72.1,4,18.56
127,충주,2024-07-15,26.8,23.4,30.7,,1.4,72.8,5.4,18.54
127,충주,2024-07-16,25.7,23,29.5,20.1,1.5,82.1,3,13.19
127,충주,2024-07-17,27.1,22.8,31.1,21.5,1.2,79.4,1.1,14.18
127,충주,2024-07-18,25.6,23.6,28.3,58.3,1.4,84.6,0,2.42
127,충주,2024-07-19,26.7,23.2,30.8,,1,79.6,5.5,19.04
127,충주,2024-07-20,26.8,22.8,30.6,4.3,1.1,80.1,4.6,13.72
127,충주,2024-07-21,27.5,24.6,30.5,3.6,1.8,77.1,1.4,14.31
127,충주,2024-07-22,28.6,25.6,31.3,0,1.2,74.3,1.8,13.8
127,충주,2024-07-23,26.9,24.2,29.2,5.2,1.6,82.5,0,4.69
127,충주,2024-07-24,27.1,24.2,32.7,20.5,1.1,87.3,3.5,15.68
127,충주,2024-07-25,28,24.2,33.8,23.5,.8,81.8,7.8,21.8
127,충주,2024-07-26,28.8,24.2,33.4,,1.5,76.8,6.9,20.21
127,충주,2024-07-27,28.1,25.6,32.8,2.3,1.2,82,1.9,15.28
127,충주,2024-07-28,29.2,25,33.7,,1.5,75.6,9,24.61
127,충주,2024-07-29,28.3,25.1,31.9,,2.3,77,1.7,12.9
127,충주,2024-07-30,27.7,26.1,31.1,,1.3,79.8,1.8,8.39
127,충주,2024-07-31,29,25.1,33.7,,.9,75,6.8,21.37
127,충주,2024-08-01,29.1,26,33.5,,1.3,77.4,6.1,20.02
127,충주,2024-08-02,29.7,26.8,34.1,.1,1.1,79.3,4.5,18.25
127,충주,2024-08-03,29.7,26.7,35.1,,1,79.6,6.7,19.54
127,충주,2024-08-04,30.3,25.2,35.4,,1.1,74.1,10,22.5
127,충주,2024-08-05,28.5,23.7,33.7,23.4,1.4,79.1,4.3,15.03
127,충주,2024-08-06,27.7,23.1,32.9,,1.1,80.8,8.9,24.54
127,충주,2024-08-07,27.3,24.2,32.4,2.5,.9,82.6,6.8,16.84
127,충주,2024-08-08,26.4,23.1,29.9,,.7,85.9,.9,11.67
127,충주,2024-08-09,28.2,24.1,33.8,,.8,77.3,8.2,22.44
127,충주,2024-08-10,28,23.2,33.7,.2,.9,78.3,8.2,18.51
127,충주,2024-08-11,28.4,24,33.8,,1,74.5,9.7,20.78
127,충주,2024-08-12,29.4,24.1,34.7,,1.1,74.4,10.6,23.54
127,충주,2024-08-13,29.2,25.2,34.1,3,1.3,74.8,11.1,23.62
127,충주,2024-08-14,28.5,24.2,34.5,,.9,76,10.8,24.38
127,충주,2024-08-15,28.5,23.6,34.5,,1.1,72.1,9.4,22.92
127,충주,2024-08-16,28.5,23.7,33.7,,1.4,69.6,10,24.29
127,충주,2024-08-17,28.9,24.2,34.1,1.2,1.3,71.1,10.1,22.42
127,충주,2024-08-18,29,24.4,34.7,,1.5,71.3,10.7,24.79
127,충주,2024-08-19,28.9,24,35,0,1.1,69.1,11.7,24.42
127,충주,2024-08-20,29.7,25.2,34.3,.5,1.5,73.4,7.2,19.09
127,충주,2024-08-21,27.9,25.8,30.7,8.9,2,82.6,1.5,8.47
127,충주,2024-08-22,28.5,25.2,33.2,1.5,1.5,78.9,5.9,16.82
127,충주,2024-08-23,25.8,23.2,29.7,9.9,1.2,83.6,3.2,11.32
127,충주,2024-08-24,27.2,23.6,32.5,0,.8,80,6,18.06
127,충주,2024-08-25,27.4,23.2,33.1,,.9,78.9,7.3,20.06
127,충주,2024-08-26,26.8,23.4,30.5,0,.9,83,1.7,11.31
127,충주,2024-08-27,24.4,22.9,27.1,20.2,1.8,84.8,.7,6.13
127,충주,2024-08-28,26.5,20.2,32,,1.9,68.3,12.2,25.42
127,충주,2024-08-29,25.9,21,32.2,,1.8,72.6,7.7,20.51
127,충주,2024-08-30,26.7,20.6,33.2,,1.3,72.9,11.6,24.57
127,충주,2024-08-31,26,21,31.7,,.9,72.8,9.5,23.62
127,충주,2024-09-01,25.7,20.8,32,,1.1,71.6,8,21.36
127,충주,2024-09-02,24.8,20.3,28.3,0,1,76.9,.7,10.73
127,충주,2024-09-03,25.5,22.2,30.6,,1.7,61.5,9.1,21.69
127,충주,2024-09-04,25,19.5,32.2,,1.5,62.9,12.2,24.29
127,충주,2024-09-05,25.6,19.9,31.9,.3,1.3,75.6,5.7,16.32
127,충주,2024-09-06,24.3,22,26.8,1.1,1.8,83.3,0,6.98
127,충주,2024-09-07,25.6,21.8,31.2,,1.3,75.6,6.7,18.11
127,충주,2024-09-08,26.4,21.2,33.1,,.7,75.1,8.1,17.37
127,충주,2024-09-09,27.9,23.7,33.7,,1.1,71.3,7.5,16.64
127,충주,2024-09-10,28.4,22.5,35.2,,1.1,68.5,11.9,23.03
127,충주,2024-09-11,27.5,22.3,33.5,.6,.8,78.6,3.3,13.1
127,충주,2024-09-12,25,23.6,26.9,35.9,.8,92.3,0,3.46
127,충주,2024-09-13,26.6,23.6,31.5,.1,.8,84,3.6,14.78
127,충주,2024-09-14,26.7,24.2,31.8,1.9,.8,84.8,4.1,13.81
127,충주,2024-09-15,27.6,24.1,32.2,,1.6,75.5,7.2,16.57
127,충주,2024-09-16,27.2,23.5,32,,1.6,71.5,6.4,17.46
127,충주,2024-09-17,28,24,34.2,,.7,79.4,8.3,19.04
127,충주,2024-09-18,26.8,23.2,33,12.5,1,84.4,5.4,14.31
127,충주,2024-09-19,26.8,23.2,32.4,,.6,84,3.2,13.61
127,충주,2024-09-20,25.2,19.2,29,53.8,1,88.6,0,4.86
127,충주,2024-09-21,19.3,18.2,20.2,105.2,2.1,89.9,0,2.1
127,충주,2024-09-22,20.8,16.1,25.7,,1.7,73,3,13
127,충주,2024-09-23,19.6,15.4,24.8,,2,64.5,10.5,21.78
127,충주,2024-09-24,19.4,14.3,26.3,,1.6,69.5,10.8,21.47
127,충주,2024-09-25,21.7,16.1,28.1,,.8,79.3,5.6,16.27
127,충주,2024-09-26,22.6,19,28.2,0,.7,80.6,4.4,14.05
127,충주,2024-09-27,22.5,18.7,27.7,,1,78.3,5.9,13.71
127,충주,2024-09-28,22.9,18.8,27.6,,2.2,66.3,6.9,15.47
127,충주,2024-09-29,21.1,15.6,27.2,,1.5,71.6,6.7,13.9
127,충주,2024-09-30,19.6,13.6,27,,1,67.1,10.9,20.88
129,서산,2024-05-20,18.6,13.8,23.8,,1.8,80.5,5.4,20.18
129,서산,2024-05-21,19.1,15.3,26.6,,1.4,81.3,6.6,20.99
129,서산,2024-05-22,18.6,14.3,25,,1.4,81.3,8.6,22.98
129,서산,2024-05-23,18.4,13.4,25.4,,1.6,79.9,13.1,29.2
129,서산,2024-05-24,17.3,13.3,23.4,,1.7,83.3,5.5,19.87
129,서산,2024-05-25,18.7,14.2,23.2,0,1.7,83.8,1.2,15.67
129,서산,2024-05-26,18,14.8,21.8,31.7,2.4,89.3,1.2,6.93
129,서산,2024-05-27,17.1,12.3,21.8,,2.8,67.9,11.7,27.23
129,서산,2024-05-28,18.3,11.7,24.7,,2.1,66.6,12.9,29.45
129,서산,2024-05-29,18.8,11.4,25.4,,1.6,68.1,13.3,29.09
129,서산,2024-05-30,19.8,14.9,26.2,,1.1,65.5,2.1,16.29
129,서산,2024-05-31,19,13.6,23.8,0,2.4,73.5,12.3,29.93
129,서산,2024-06-01,18.6,15.1,23.6,,3,67.6,11.4,29.08
129,서산,2024-06-02,19.3,12,25.4,,1.8,63.4,13.6,29.73
129,서산,2024-06-03,20.4,13.3,26.9,,1.5,61.6,13.6,29.7
129,서산,2024-06-04,21,15.5,27.3,,1.7,63.1,13.4,29.15
129,서산,2024-06-05,20.7,14.9,27.1,,1.5,68.1,8.1,23.45
129,서산,2024-06-06,21.4,16.5,28.4,,1.4,63.3,10.5,27.08
129,서산,2024-06-07,21.2,15.6,26.6,.2,1.3,64.5,5.9,20.43
129,서산,2024-06-08,20.2,17.3,24.6,5.2,1.8,84.6,4.3,14.25
129,서산,2024-06-09,22.1,17.1,27.2,,1.6,75.1,12.9,29.41
129,서산,2024-06-10,22.5,18.4,28,,3.2,77.8,11.7,26.24
129,서산,2024-06-11,22.1,18.9,27.7,,2.7,80.3,7.6,22.34
129,서산,2024-06-12,22.3,16.2,31,,1.7,72.4,11,28.56
129,서산,2024-06-13,23.8,18,30.8,,1.4,64.5,11.8,28.65
129,서산,2024-06-14,24.1,18.3,31,,1.8,68.1,12.3,27.39
129,서산,2024-06-15,23.4,20.1,26.9,0,1.7,76.5,2.4,15.38
129,서산,2024-06-16,22.9,17,28.4,,1.9,67.8,13.7,30.42
129,서산,2024-06-17,22.6,16.1,29.3,,1.6,62.3,12.4,25.25
129,서산,2024-06-18,23.1,16.3,29.6,,1.9,75.1,13.5,29.15
129,서산,2024-06-19,26.4,18.6,35.2,,1.5,65.3,10.9,27.25
129,서산,2024-06-20,25.8,20.1,32.3,,1.4,58.5,10.1,22.72
129,서산,2024-06-21,25.2,18.3,30.4,,1.6,62.5,11.4,25.23
129,서산,2024-06-22,22.9,22,24,61.6,1.9,92.3,0,2.66
129,서산,2024-06-23,24,21.5,28.4,3.1,2.5,86.3,3,17.04
129,서산,2024-06-24,23.4,19.2,27.7,,2.8,75,7.9,23.03
129,서산,2024-06-25,21.9,16.4,27.5,,1.9,74.1,10.3,26
129,서산,2024-06-26,23.3,16.9,29.3,,1.5,67.4,13.4,29.81
129,서산,2024-06-27,23.6,17.4,29.2,,1.3,66.4,6.4,19.44
129,서산,2024-06-28,24.1,18,30.9,,1.4,67.8,12.7,27.7
129,서산,2024-06-29,24.8,20.7,30.3,34.6,2.3,79.5,3.1,15.02
129,서산,2024-06-30,23.9,22.1,27.2,15.7,3.8,88.1,2.4,12.73
129,서산,2024-07-01,24.9,21,29.5,,1.2,79.1,8.9,22.98
129,서산,2024-07-02,24.2,21,27.7,51.2,3.2,88.3,0,2.16
129,서산,2024-07-03,24.7,23.2,26.9,,3.7,86.1,1.4,13.34
129,서산,2024-07-04,25.5,22.9,29.2,7.6,3.7,83.6,5.8,22.2
129,서산,2024-07-05,23.9,21.2,26.9,0,3.1,82,5.4,20.23
129,서산,2024-07-06,25.2,21.8,28.2,5.7,4.1,87.1,1.5,12.46
129,서산,2024-07-07,23.5,21.6,25.1,16.6,1.9,94.5,0,2.6
129,서산,2024-07-08,23.6,22.8,25.1,123.4,2.4,95.4,0,3.31
129,서산,2024-07-09,23.5,22.8,24.5,16.6,1.5,94.5,0,3.04
129,서산,2024-07-10,25.6,21.5,31.3,58.6,2.4,77.6,10.4,26.36
129,서산,2024-07-11,23.5,21,27.8,,1.6,86.3,2.1,14.02
129,서산,2024-07-12,24.3,19.9,29.7,,1.1,82.8,3.6,18.37
129,서산,2024-07-13,25.6,22,30,,1.3,81.5,6.5,21.18
129,서산,2024-07-14,26.5,23.2,31.8,4.8,1.9,80.4,6.4,22.64
129,서산,2024-07-15,26.5,23.7,30.7,7.5,1.7,81.5,5.4,16.79
129,서산,2024-07-16,25.1,23,27.9,43.6,2.1,90.4,.7,6.27
129,서산,2024-07-17,26.5,23,28.4,4.5,4.6,90,.1,8.88
129,서산,2024-07-18,25,23.2,27,153,4.3,94,0,3.07
129,서산,2024-07-19,25.4,24.2,28.7,.1,2.4,91.4,3.5,17.45
129,서산,2024-07-20,26.1,23.4,30.9,22.7,3.8,86.9,2.9,14.62
129,서산,2024-07-21,26.2,24.4,28.8,0,3.7,90.6,.7,10.97
129,서산,2024-07-22,27.2,25.9,28.8,6.1,4.6,88.4,.7,9.18
129,서산,2024-07-23,26,24.8,27,33,4,95.1,0,4.17
129,서산,2024-07-24,27.8,26.1,30.9,1.1,2.8,90.6,4.9,17.73
129,서산,2024-07-25,29,25.2,34,,1.5,80.5,9.7,23.37
129,서산,2024-07-26,29,26,33.7,0,2.4,79,5.5,20.36
129,서산,2024-07-27,29.6,26.3,32.5,0,2.7,78.6,7.5,23.37
129,서산,2024-07-28,28.9,27.1,31.5,,4.3,78.1,9.1,23.09
129,서산,2024-07-29,27.4,26.4,28.7,,3.8,87,.3,7.84
129,서산,2024-07-30,27.6,26.2,30.1,,3,86.3,2.5,14.08
129,서산,2024-07-31,28.6,26.3,31.7,,3.2,81.8,10.4,26.78
129,서산,2024-08-01,28.8,26.9,31.7,,2.9,83.9,6.8,21.34
129,서산,2024-08-02,29,27.1,32.2,,2.7,85.4,4.5,17.26
129,서산,2024-08-03,29.7,26.1,34.8,,1.2,77.6,8.1,21.51
129,서산,2024-08-04,29.8,24.7,35.3,,1.2,74.8,11.6,25.04
129,서산,2024-08-05,29.6,26.3,34.5,0,1.6,79.8,8.7,21.93
129,서산,2024-08-06,28.1,23.6,32.1,19.8,1.2,81,5.5,12.41
129,서산,2024-08-07,29.1,25.3,34.2,0,1.2,79.1,8,20.03
129,서산,2024-08-08,27,24.7,29.9,3.6,1.3,86.1,2,13.12
129,서산,2024-08-09,27.9,23.2,33.8,,1.2,78,10.1,22.17
129,서산,2024-08-10,28.6,23.8,34,,1.3,74.5,9,23.53
129,서산,2024-08-11,29.2,25.2,33.4,,1.9,75,10.6,23.3
129,서산,2024-08-12,29.7,25.5,34.8,,1.4,75.1,12,25.47
129,서산,2024-08-13,29.8,26.7,34.5,,1.5,76.3,7.2,18.49
129,서산,2024-08-14,30,26.7,35.8,,1.3,77.6,7,19.12
129,서산,2024-08-15,27.9,25.8,33.1,14.2,1,85.8,4.4,12.25
129,서산,2024-08-16,28.5,25,33.1,,1.3,83.1,7.7,17.96
129,서산,2024-08-17,28.3,25.4,32.4,0,1.1,83.5,6.8,15.23
129,서산,2024-08-18,28.2,25.4,33.2,5.9,1.1,83.5,7.9,17.18
129,서산,2024-08-19,28.3,24.9,33,,1.1,83.8,5.7,14.5
129,서산,2024-08-20,29.5,25.9,35.1,14.6,1.6,81.5,6.9,18.01
129,서산,2024-08-21,28.1,25.5,30.8,123,3.8,90.1,3.1,6.65
129,서산,2024-08-22,27.6,25,29.5,.2,3.6,86.9,2,8.8
129,서산,2024-08-23,27.5,23.6,31.5,2.5,1.8,85.4,7.3,19.98
129,서산,2024-08-24,27.7,24.6,31.9,,1.2,85.8,6.1,18.48
129,서산,2024-08-25,27.3,24.3,32.1,13.5,.9,85.4,3.4,14.64
129,서산,2024-08-26,27.1,23.7,31.1,,1,84.8,.6,8.52
129,서산,2024-08-27,25.8,24.5,28.4,.3,2.1,85,1.7,7.06
129,서산,2024-08-28,27.1,22.8,32.3,,3,70.1,12.3,24.57
129,서산,2024-08-29,27.5,22.8,32.3,,2.5,69.1,12.1,24.63
129,서산,2024-08-30,26.7,22.9,32,,1.9,73.8,10.9,24.33
129,서산,2024-08-31,25.4,20.9,31.1,,1,79.1,10.4,22.71
129,서산,2024-09-01,25.3,20.7,30.7,,1.4,80.1,8.4,22.26
129,서산,2024-09-02,24,21.3,26.1,.1,1.6,83.6,0,4.44
129,서산,2024-09-03,26.4,22.7,31.5,,1.8,73.6,6.3,18.31
129,서산,2024-09-04,26.6,21.8,32.2,,1,74.3,8.4,19.99
129,서산,2024-09-05,25.8,22.7,29.4,1.5,2,85.9,3.8,12.6
129,서산,2024-09-06,25.6,22.8,28.9,,1.2,85.8,.4,9.68
129,서산,2024-09-07,25.4,21.1,31,,1.3,79.9,10.6,22.89
129,서산,2024-09-08,24.8,20.7,31.3,,1.1,82.1,8.9,20.87
129,서산,2024-09-09,26.3,20.8,32.8,,1.2,77.6,10.3,21.06
129,서산,2024-09-10,27.8,23.3,34,,1.3,73.9,9.5,18.62
129,서산,2024-09-11,26.8,24.6,30.9,28.9,1.4,85.4,1.7,9.64
129,서산,2024-09-12,26.2,24.9,28.3,37.3,.7,93.4,0,4.44
129,서산,2024-09-13,27,24.9,29.8,1.5,2,89.3,.7,9.46
129,서산,2024-09-14,27.2,24.8,31.2,6.8,1.5,86,4.9,14.82
129,서산,2024-09-15,28.4,23.9,33.4,,1.8,78.5,9.7,19.19
129,서산,2024-09-16,28.9,25.1,33.5,,2,72.4,6.7,18.14
129,서산,2024-09-17,28.4,25.7,34.4,0,1.4,80.8,6.7,16.16
129,서산,2024-09-18,28.5,25.2,33.4,7,1.1,82,5.8,14.26
129,서산,2024-09-19,28.3,24.6,33,,.9,81,2.4,12.75
129,서산,2024-09-20,25.9,24.8,27.4,221.8,2.1,93.1,0,3.45
129,서산,2024-09-21,20.6,18.7,25.3,49.3,3.1,89.4,0,4.94
129,서산,2024-09-22,21.2,17.6,25.2,,2.3,72.4,2.4,13.03
129,서산,2024-09-23,20.3,16.5,25.5,,2.5,70,10.7,21.11
129,서산,2024-09-24,20.8,14.8,27.1,,1.5,66.5,8.6,19.62
129,서산,2024-09-25,23,18.6,29.2,,1.1,76,5.3,15.05
129,서산,2024-09-26,23,18.6,28.8,,1.2,81.3,6.7,15.98
129,서산,2024-09-27,21.7,17.3,26.6,,1.2,82.1,8.6,15.41
129,서산,2024-09-28,23.3,18.5,29,,2.2,71.6,9.6,18.14
129,서산,2024-09-29,23.2,18.6,28.7,,2.1,70.3,8.9,18.29
129,서산,2024-09-30,21.3,15.3,28.6,,.9,68.1,9,17.95
130,울진,2024-05-20,14.9,11.7,17.5,0,1.8,85.4,.9,
130,울진,2024-05-21,15.1,12.4,17.8,,1.9,79,4.8,
130,울진,2024-05-22,16.5,9.8,22.5,,2.2,76.6,13.4,
130,울진,2024-05-23,23,18.7,30.5,,2.3,47.4,12.9,
130,울진,2024-05-24,17.6,16,23.1,,2.3,73.3,.2,
130,울진,2024-05-25,16.5,14.5,19.2,,1.4,72.3,6,
130,울진,2024-05-26,17.5,12.8,21.8,3.8,2.2,79.6,6.5,
130,울진,2024-05-27,20.7,14.8,25,0,2.3,55.3,8.9,
130,울진,2024-05-28,16.3,11.1,21,,2.6,71.4,10.2,
130,울진,2024-05-29,16.1,9.7,20.6,,2.3,75.3,13.4,
130,울진,2024-05-30,19.9,15.5,25.5,,1.6,56.3,3,
130,울진,2024-05-31,19.4,15.6,23.3,.1,1.6,63.5,12.5,
130,울진,2024-06-01,16.7,14.4,21.3,.2,1.9,82.8,3.9,
130,울진,2024-06-02,16.5,12.7,19.5,,1.6,81,6.6,
130,울진,2024-06-03,16.5,12,20.2,,2.1,80.1,12.4,
130,울진,2024-06-04,16.5,11.8,20.6,,2,76.6,11,
130,울진,2024-06-05,18,11.3,21.7,,1.8,75.6,12.9,
130,울진,2024-06-06,17.8,15.4,20.9,,2.2,83.3,10.8,
130,울진,2024-06-07,18.1,12.7,22,,1.9,81.4,9.5,
130,울진,2024-06-08,18.7,16.8,21.5,6.5,2.3,83.1,.9,
130,울진,2024-06-09,18.5,16.3,22.8,,2.1,89,11.4,
130,울진,2024-06-10,21.4,16,26.8,,1.7,75.4,12.5,
130,울진,2024-06-11,24.3,21,30.2,,2,64.4,13,
130,울진,2024-06-12,24.1,20.3,29.4,,2,58.5,13.3,
130,울진,2024-06-13,22.8,17.8,28.5,,1.5,72.3,11.7,
130,울진,2024-06-14,21.9,17.8,24.8,,2.1,77.5,12.2,
130,울진,2024-06-15,22.6,20.1,28.7,27.2,1.5,81.9,3.6,
130,울진,2024-06-16,22,19,26.8,.2,1.9,75.6,13.8,
130,울진,2024-06-17,25.2,20.4,30.6,,2.1,50.4,9.6,
130,울진,2024-06-18,24.6,19.3,31.4,,1.6,58.3,13.6,
130,울진,2024-06-19,25.8,20.3,32.8,,1.8,60.6,13.3,
130,울진,2024-06-20,23.3,19.2,29.1,,1.8,66.5,8.8,
130,울진,2024-06-21,21.6,18.7,24.4,,1.9,82.4,10.7,
130,울진,2024-06-22,20.8,19.5,22,21.1,1.5,92.6,0,
130,울진,2024-06-23,21.4,20,23.5,4.6,1.2,94.3,1,
130,울진,2024-06-24,23,19.9,28.8,.4,1.8,81.9,8.4,
130,울진,2024-06-25,22.9,19.4,28.1,,1.6,59.6,9.9,
130,울진,2024-06-26,22.3,17.2,26.2,,1.7,67.5,13.9,
130,울진,2024-06-27,22,18.9,25.9,,2.1,78.3,7.2,
130,울진,2024-06-28,20.9,16,24.2,,2,87,9.9,
130,울진,2024-06-29,22,19.1,24.9,15.6,2.1,84.9,10,
130,울진,2024-06-30,22.9,18.6,31.9,4.4,2.4,88.5,2.2,
130,울진,2024-07-01,22.9,19.3,25.9,,1.6,86.3,11.6,
130,울진,2024-07-02,20.9,19.8,21.9,54.9,1.2,96.6,0,
130,울진,2024-07-03,25.7,19.4,30.5,1.1,2.4,75.8,1.7,
130,울진,2024-07-04,28,21.7,34.1,,2.2,63.5,12.2,
130,울진,2024-07-05,27.8,20.7,32.1,.5,3.4,62.3,10.4,
130,울진,2024-07-06,24.3,19.4,27.3,,2.5,75.9,2.8,
130,울진,2024-07-07,24.3,20.5,28,23.5,2.1,89.3,0,
130,울진,2024-07-08,23.2,20.5,25.1,51.5,2.4,94.8,0,
130,울진,2024-07-09,22.2,20.3,24.5,4.6,1.8,94.3,.2,
130,울진,2024-07-10,22.6,19.8,26.3,57.4,2,92,2.9,
130,울진,2024-07-11,21.6,20,23.8,,1.8,92.3,8.7,
130,울진,2024-07-12,21.6,19.5,24.7,,1.6,92.4,9.9,
130,울진,2024-07-13,21.7,19.1,24.3,,1.4,93.4,5.7,
130,울진,2024-07-14,22.4,21.6,23.6,1.6,1.2,94.1,0,
130,울진,2024-07-15,22.9,21.5,25.9,.1,1.7,90.4,1.7,
130,울진,2024-07-16,23.2,22.5,25.2,7.8,1.5,94.4,1.7,
130,울진,2024-07-17,24.5,22.5,29.5,17.6,1.8,89.1,0,
130,울진,2024-07-18,23.9,21,27.1,4.3,2.3,87.5,0,
130,울진,2024-07-19,28.1,25.2,32.4,,1.7,69.4,5.6,
130,울진,2024-07-20,25.9,21.3,31.8,0,2.5,75.9,5.3,
130,울진,2024-07-21,29.4,21.1,33.2,,2.6,62.6,5.9,
130,울진,2024-07-22,29.3,24.4,34.4,,2.3,68.4,9.3,
130,울진,2024-07-23,29,23.7,32.6,.2,2.7,67,3.2,
130,울진,2024-07-24,28.1,24.5,32.3,.1,2,73.5,6.1,
130,울진,2024-07-25,28.5,25.9,34.6,,2.2,75.1,9.6,
130,울진,2024-07-26,26.3,23.3,29.9,,2.1,82.8,11.1,
130,울진,2024-07-27,26.4,22.9,30.5,,2.7,79.1,8.7,
130,울진,2024-07-28,30.5,26.7,36.6,,1.8,67,12.6,
130,울진,2024-07-29,31.7,28.4,36.4,,2.5,59.3,12.6,
130,울진,2024-07-30,30.9,28.2,34.9,0,2.4,65.1,9.4,
130,울진,2024-07-31,29.1,25.5,35.5,,2,72.1,13.5,
130,울진,2024-08-01,29.6,25.2,34.5,,1.9,71.3,13.2,
130,울진,2024-08-02,30.6,28.1,36.3,,1.6,71.6,11.8,
130,울진,2024-08-03,29.2,26.6,33.7,,1.3,75.8,8.3,
130,울진,2024-08-04,27.6,25,31,,1.4,85.9,7.1,
130,울진,2024-08-05,27.3,25.6,29.4,,1.6,88.4,7.7,
130,울진,2024-08-06,26.5,24.8,29.8,0,1.5,88.3,6.6,
130,울진,2024-08-07,26.9,23.3,30.9,0,1.4,85.9,10.5,
130,울진,2024-08-08,26.8,24.1,32.4,11.3,1.3,84.3,3,
130,울진,2024-08-09,26.6,22.6,29.9,,1.5,84.9,12.2,
130,울진,2024-08-10,26.6,21.8,29.9,,1.6,84.4,11.5,
130,울진,2024-08-11,27.2,23.4,30.2,,1.6,81.8,12.6,
130,울진,2024-08-12,26,22,28.7,,1.6,82.5,11.1,
130,울진,2024-08-13,26.6,23.1,30.4,,1.7,80.9,10.3,
130,울진,2024-08-14,26.7,22.8,29.9,,1.9,80.6,12.4,
130,울진,2024-08-15,27.2,23.2,30.5,0,1.7,79.5,12.4,
130,울진,2024-08-16,26.9,24.7,31.5,.1,1.7,83.1,4.9,
130,울진,2024-08-17,27.2,23.5,30.8,0,1.8,82.4,7,
130,울진,2024-08-18,26.9,23.6,30.2,,1.7,80.3,12.2,
130,울진,2024-08-19,28.2,23.6,31.4,,1.8,79.3,12.2,
130,울진,2024-08-20,26.9,25.2,29.4,12.3,1.1,93.3,1.3,
130,울진,2024-08-21,27.1,25.5,28.9,.8,1.7,88.3,1.9,
130,울진,2024-08-22,27.3,24.2,31.3,,2.2,78,10.4,
130,울진,2024-08-23,30.6,26.8,35.7,,2,58.1,12.4,
130,울진,2024-08-24,28.2,25,32.3,,1.6,70.3,11.8,
130,울진,2024-08-25,27.1,23.8,30.5,,1.6,82.3,8.6,
130,울진,2024-08-26,26.5,24.4,29.5,2.7,1.2,87.9,.8,
130,울진,2024-08-27,23.4,21.2,25.2,7.2,1.5,94.1,0,
130,울진,2024-08-28,24.8,20.5,29.2,.5,2,84.9,3.3,
130,울진,2024-08-29,25.5,23.6,27.4,19.1,2.8,93.6,.7,
130,울진,2024-08-30,26.2,22.7,29.4,,3,84.9,10,
130,울진,2024-08-31,24.9,20.4,29.7,,1.7,81.9,9.4,
130,울진,2024-09-01,25.3,21.6,29.3,,1.4,83.3,11.7,
130,울진,2024-09-02,24.6,20.6,30.2,20.5,2.4,78.8,2.2,
130,울진,2024-09-03,23.6,19.6,27.7,0,2.3,74.3,8.6,
130,울진,2024-09-04,22.9,18.4,26.8,,1.8,74.9,12.2,
130,울진,2024-09-05,28.9,20.5,35.3,0,1.7,57.5,10.7,
130,울진,2024-09-06,23.3,21.6,27.6,24.6,1.9,90.8,0,
130,울진,2024-09-07,23.7,21.4,25.7,.1,1.1,86.4,1.7,
130,울진,2024-09-08,24.7,22.8,27.7,5.9,1.6,89.6,2.6,
130,울진,2024-09-09,25.1,21.4,28.2,,1.5,87.8,7.3,
130,울진,2024-09-10,26,21.5,29.1,,1.6,87.3,12,
130,울진,2024-09-11,26.8,23.3,29.7,2.2,1.4,84.1,3.8,
130,울진,2024-09-12,24.2,22.8,25.7,21.5,1,95.9,0,
130,울진,2024-09-13,26.1,22.7,29.2,,1.4,91.6,7.3,
130,울진,2024-09-14,25.1,23.4,28.3,0,1.9,88.8,1.3,
130,울진,2024-09-15,23.4,21.9,26,15.7,2.1,95.4,0,
130,울진,2024-09-16,23.6,21.5,26.2,0,1.7,88.6,.3,
130,울진,2024-09-17,26.7,23.4,29.6,0,.9,88.6,5.4,
130,울진,2024-09-18,25.3,24,27,24.7,1.4,91.1,.6,
130,울진,2024-09-19,25.9,23.3,28.9,0,1.2,91.6,2.4,
130,울진,2024-09-20,25.3,18.6,29.7,15.4,1.9,89,0,
130,울진,2024-09-21,20.4,18.3,21.6,75.3,3.3,94.8,0,
130,울진,2024-09-22,18.7,16,21.7,19.1,2.9,95.9,.2,
130,울진,2024-09-23,18.1,14,22.2,0,2.4,72.8,8.2,
130,울진,2024-09-24,18.7,13.3,23.5,,1.8,78.3,7.6,
130,울진,2024-09-25,21.3,17,24.7,,1.4,86.4,8.3,
130,울진,2024-09-26,22.1,18.6,27.1,.7,1.6,85.3,6.4,
130,울진,2024-09-27,22.3,19.7,26.4,0,1.8,85.9,8.3,
130,울진,2024-09-28,20.2,17.8,22.7,15.5,2.7,85.9,0,
130,울진,2024-09-29,20,16.5,24.6,.3,1.9,82.3,8.4,
130,울진,2024-09-30,19.9,14.9,24.3,,1.7,82.9,10.5,
131,청주,2024-05-20,20.5,15.5,25.7,,1.1,66.9,4.1,17.5
131,청주,2024-05-21,21.5,17.7,27.2,,1.4,64.1,8.2,24.06
131,청주,2024-05-22,22,16.6,27.9,,1.1,64.3,9.4,24.86
131,청주,2024-05-23,22.4,16.8,29.6,,1.2,57,11.9,29.54
131,청주,2024-05-24,21.3,15.8,27.7,,1.3,66.1,7.9,24.62
131,청주,2024-05-25,21.2,19.1,23.6,,1.7,45.3,.4,13.6
131,청주,2024-05-26,21.3,17.2,27.3,32.2,1.2,66.5,4.4,17.57
131,청주,2024-05-27,19.4,15.3,24.1,.1,2,54.3,11.3,26.98
131,청주,2024-05-28,20,14.3,25,,2.6,53.6,9.8,27
131,청주,2024-05-29,22,15.1,28.6,,1.1,51,12.8,29.63
131,청주,2024-05-30,22.2,17.6,26.1,0,1.1,52,.7,15.44
131,청주,2024-05-31,22,18.2,27.4,,1.7,47.1,12.7,31.6
131,청주,2024-06-01,20.7,17.8,25.2,,1.9,55.1,8.1,26.25
131,청주,2024-06-02,21.3,15.5,27.3,,1.4,47.5,12.9,30.48
131,청주,2024-06-03,22.3,15.8,27.7,,1.6,48.3,13.3,31.72
131,청주,2024-06-04,23.2,16.7,28.8,,1.7,42,13.5,32.43
131,청주,2024-06-05,23.4,17.4,29.8,,1.3,52.1,7.6,25.04
131,청주,2024-06-06,23.9,18.8,30.1,,1.3,54,9.4,25.37
131,청주,2024-06-07,23.8,18.6,28.6,0,1.2,52.8,5,22
131,청주,2024-06-08,21.2,18.6,26.3,2.5,1.1,77,3.3,11.43
131,청주,2024-06-09,24.2,19.7,30.2,,1.1,64,8.3,24.29
131,청주,2024-06-10,25.1,18.7,31.5,,1.9,60.1,8.7,26.63
131,청주,2024-06-11,26.4,21.2,32.5,,1.3,54.9,11.2,28.5
131,청주,2024-06-12,26.1,20.4,33.4,,1.4,47.4,12.8,31.12
131,청주,2024-06-13,26.6,19.6,33.7,,1.2,46.6,12.6,30.11
131,청주,2024-06-14,27.2,21.7,32.7,0,1.3,47,11.8,27.81
131,청주,2024-06-15,25.2,22.3,28.8,1.4,1.2,63.1,2.6,17.6
131,청주,2024-06-16,25.3,20.7,30.4,,1.7,52.1,11,30.42
131,청주,2024-06-17,25.2,19.3,29.9,,1.2,48.3,6.5,23.26
131,청주,2024-06-18,26.6,19.2,34.4,,1.3,47.6,13.2,30.98
131,청주,2024-06-19,28.5,21.2,36.3,,1.4,49.5,11.4,28.45
131,청주,2024-06-20,27.3,22.5,32.7,,1.5,44,6.5,21.29
131,청주,2024-06-21,27.3,21.2,33.3,,1.2,51.5,11.5,27.84
131,청주,2024-06-22,23.8,22.4,26.1,27.7,1.2,82.5,0,3.09
131,청주,2024-06-23,25.3,23.1,29.4,4.1,1.6,78.8,3.6,13.47
131,청주,2024-06-24,25.5,21,30.4,0,2,66,5.2,22.03
131,청주,2024-06-25,23.5,19.1,29.4,,1.8,57.1,7,23.52
131,청주,2024-06-26,25,19.7,30.7,,1.2,57.5,11.5,28.82
131,청주,2024-06-27,25,20.8,29.6,,1.1,57.8,3.6,17.59
131,청주,2024-06-28,26.2,19.2,33,,1.2,50.9,13,30.88
131,청주,2024-06-29,26.2,23.1,31.5,44.9,1.5,68.5,2.3,16.52
131,청주,2024-06-30,25.9,24.2,29.6,4.1,2.3,78.4,1.4,12.69
131,청주,2024-07-01,27.5,22.7,32.4,,1.1,63,7.8,25.02
131,청주,2024-07-02,24.9,22.3,26.8,76.8,1.1,81.3,0,2.45
131,청주,2024-07-03,26.4,24.2,29.7,6.1,2.1,74.6,2.3,14.89
131,청주,2024-07-04,28.5,23.8,32.9,,1.9,64.9,9.6,26.86
131,청주,2024-07-05,26.9,24.2,30.5,2.3,2.6,64.9,5.4,23.65
131,청주,2024-07-06,28.3,23.7,32.3,0,2.1,70.1,1.4,15.46
131,청주,2024-07-07,24.8,22,28.1,95.7,1.1,89.3,0,3.4
131,청주,2024-07-08,24.5,23.2,25.8,116.1,1.2,89.3,0,3.81
131,청주,2024-07-09,24.2,23.1,25.7,12.9,.9,88.1,0,5.11
131,청주,2024-07-10,25.7,21.8,29.3,83.4,2,76.8,3.9,21.05
131,청주,2024-07-11,25.9,23.1,29.6,.4,1.5,77.3,3.5,18.95
131,청주,2024-07-12,26.8,23.1,31.7,,1.3,71.9,4.9,19.36
131,청주,2024-07-13,27.5,24.3,32.9,.4,1.1,71.4,7.5,24.81
131,청주,2024-07-14,27.2,25.2,30.7,,2.2,67,1.4,16.2
131,청주,2024-07-15,28.1,25,31.7,,2,64,6.5,22.31
131,청주,2024-07-16,25.6,23,29.2,41.2,1.3,80.1,1.1,8.64
131,청주,2024-07-17,27.9,23,31.3,8.4,1.4,73.9,.5,14.25
131,청주,2024-07-18,26.4,24.2,28.2,32.7,1.8,80.9,0,2.23
131,청주,2024-07-19,27,24.8,31,.4,1.4,77.4,4.7,18.54
131,청주,2024-07-20,27.6,24.6,31.6,13.6,1.5,77,5.1,15.85
131,청주,2024-07-21,28.6,25.1,32.5,0,2.3,73.9,5,20.52
131,청주,2024-07-22,30.1,27.5,32.8,0,1.9,67.3,2.5,16.06
131,청주,2024-07-23,27.8,26.7,29.7,6.6,2,79.8,0,6.09
131,청주,2024-07-24,29.2,26.4,33.4,4,1.1,76.9,3.9,17.79
131,청주,2024-07-25,29.8,25.7,34.9,17.6,1,71.8,7,21.25
131,청주,2024-07-26,29.8,25.7,35.1,.3,1.5,71.5,7,21.02
131,청주,2024-07-27,29.4,27.6,33.1,1.7,1.2,75,.9,16.04
131,청주,2024-07-28,30.8,28,34.9,,1.8,66,8.1,25.02
131,청주,2024-07-29,29.2,27.2,32.5,,2.2,70.9,3.1,17.95
131,청주,2024-07-30,29.3,27,33.3,,1.8,71.3,4.2,18.04
131,청주,2024-07-31,30.3,27.2,35.3,,1.5,68.6,5.7,22.31
131,청주,2024-08-01,30.7,27.8,34.7,,1.6,69.4,6.1,21.1
131,청주,2024-08-02,31.2,28.6,34.4,,1.8,71.3,5.8,21.06
131,청주,2024-08-03,31.5,28.2,35.8,0,1.4,68.3,8.3,24.67
131,청주,2024-08-04,31.5,27.2,37,0,1.1,68.1,5.8,18.68
131,청주,2024-08-05,29.7,24,36.2,59.4,1.4,71.5,5.9,20.36
131,청주,2024-08-06,29.5,24.7,33.7,,1.7,70.5,9.5,23.64
131,청주,2024-08-07,30.5,26.8,34.7,0,1.2,67.8,7,20.97
131,청주,2024-08-08,28.4,26.8,30.8,0,1.2,76.1,.6,11.25
131,청주,2024-08-09,30,26.1,34.7,,1.3,66.6,8.1,23.6
131,청주,2024-08-10,30.5,26.2,35.4,0,1.1,67,8.7,22.87
131,청주,2024-08-11,31,27.2,35.7,,1.2,62.3,10.7,26.11
131,청주,2024-08-12,31,26.7,36.3,20.4,1.2,67.1,8,19.54
131,청주,2024-08-13,30.6,26.7,35.6,0,1.5,64.9,9.6,25.03
131,청주,2024-08-14,30.8,26.7,35.2,,1.2,62.4,9.8,23.01
131,청주,2024-08-15,30.4,27,34.4,0,1.3,60.5,5.3,18.12
131,청주,2024-08-16,30.4,26.7,34.2,0,1.2,58.5,7,18.04
131,청주,2024-08-17,30.7,27.3,34.7,,1.1,59.9,7,19.64
131,청주,2024-08-18,30.6,26.8,35.5,,1.2,63.8,9.2,22.95
131,청주,2024-08-19,31.2,26.7,35.2,.1,1.3,60.4,11.8,27.29
131,청주,2024-08-20,30.7,27.7,36.4,12.8,1.8,69,4.7,16.81
131,청주,2024-08-21,29.2,27.2,32.7,13,1.2,79.3,1.8,8.55
131,청주,2024-08-22,29.1,26.6,33.6,1.3,1.8,75.4,4,13.76
131,청주,2024-08-23,28.2,25.2,32.1,3.1,1.2,75.6,4.5,16.98
131,청주,2024-08-24,28.6,25.8,32.7,3,1,73.6,6.3,19.1
131,청주,2024-08-25,29,25.2,33.7,,.9,70.6,6.1,20.56
131,청주,2024-08-26,28.8,25.7,31.6,0,.9,73.9,.8,10.72
131,청주,2024-08-27,26.9,25.8,28.2,0,2.4,75,.1,6.38
131,청주,2024-08-28,28,22.7,32.8,,2.6,59.8,9.1,21.84
131,청주,2024-08-29,28.3,23.6,33.8,,3.8,61.6,10.3,24.4
131,청주,2024-08-30,28.1,23.8,34.2,,2.3,63.5,11.3,25.28
131,청주,2024-08-31,27.7,23.3,32.1,,1.3,64.9,9.3,23
131,청주,2024-09-01,27.8,24.7,32.5,,1.2,65.5,6.2,21.05
131,청주,2024-09-02,26.1,21.9,29.4,2.9,1.2,67,1.2,10.21
131,청주,2024-09-03,27.5,23.3,32.1,,2.3,56.4,8.9,22.75
131,청주,2024-09-04,27.9,22.2,33.4,,1.2,51.4,11.5,24.79
131,청주,2024-09-05,27.7,24.6,32.9,0,1.6,66.1,5.9,19.12
131,청주,2024-09-06,26.3,24.2,29.1,1.2,1.2,78.6,0,5.3
131,청주,2024-09-07,27.5,24.2,32.4,,1,68.6,5,18.42
131,청주,2024-09-08,27.9,23.7,33.6,,1.1,66.1,9.8,23.68
131,청주,2024-09-09,29.6,25.7,34.7,,1.1,63.6,7.7,18.68
131,청주,2024-09-10,30.4,26.2,36.2,,1.2,59.5,11.5,23.56
131,청주,2024-09-11,28.4,26,33.9,7.9,1,74.5,.5,10.92
131,청주,2024-09-12,26.7,25,29.6,56.5,.8,84.8,0,5.59
131,청주,2024-09-13,28.4,24.5,33.1,,1.3,73.6,3.4,16.68
131,청주,2024-09-14,29.1,26.5,33.4,0,1.3,72.9,5.7,18.37
131,청주,2024-09-15,30.2,26.2,35.5,,1.9,64.9,9.2,20.11
131,청주,2024-09-16,29,26.1,31.7,0,1.8,63.1,4.3,15.39
131,청주,2024-09-17,30.3,26.5,34.9,,1.1,68.5,8.1,19.85
131,청주,2024-09-18,28.8,24.7,34.2,58,1.2,76.4,3.8,15.28
131,청주,2024-09-19,,24.7,32.5,,,,,
131,청주,2024-09-20,26.8,25.4,28.9,48.3,.9,85.9,.1,2.63
131,청주,2024-09-21,20.2,19.5,25.7,153,2.8,88.6,0,1.75
131,청주,2024-09-22,21.7,18.3,26.2,.2,2.8,70.5,2.3,13.56
131,청주,2024-09-23,21.5,17.6,26.3,,2.4,54.5,9.1,20.98
131,청주,2024-09-24,21.6,15.6,27.3,,1.4,58.6,9.9,21.93
131,청주,2024-09-25,24.2,19.9,28.6,,.9,65.4,3.8,15.85
131,청주,2024-09-26,24.9,21.8,29.6,,1.1,67.5,5.9,18.07
131,청주,2024-09-27,23.9,20.6,28.6,,1.4,67.6,6.3,16.61
131,청주,2024-09-28,24,19.7,28.7,,2.2,62.6,5.3,15.97
131,청주,2024-09-29,23.6,19.3,28.4,,1.8,57.3,8.2,18.87
131,청주,2024-09-30,22.4,16.8,27.9,,1.2,55.9,8.8,18.95
133,대전,2024-05-20,19.3,13,25.4,,1.4,67.5,4.7,19.61
133,대전,2024-05-21,20.5,15.5,26.5,,1.7,70.9,7.7,22.45
133,대전,2024-05-22,21.5,15.2,28.1,,1.5,69.6,11.1,26.75
133,대전,2024-05-23,22.2,15.7,29.4,,1.6,64.3,11.6,28.74
133,대전,2024-05-24,21.2,14.3,28.1,,1.4,68.9,9.4,24.8
133,대전,2024-05-25,19.4,17.3,22.3,,3.4,54.8,0,11.02
133,대전,2024-05-26,20.4,14.3,27,30.2,1.7,74,5.5,17.12
133,대전,2024-05-27,18.5,13.7,23.2,,2.2,59.5,10.9,24.38
133,대전,2024-05-28,18.8,12.1,25.2,,2,58.6,11.3,28.26
133,대전,2024-05-29,20.9,12.7,28.4,,1.4,56.3,13.3,29.06
133,대전,2024-05-30,21.1,16.1,25.6,,1.1,58.4,.9,13.82
133,대전,2024-05-31,21.4,16.3,27.4,,2,50.9,12.9,30.28
133,대전,2024-06-01,20,16.6,25.3,0,2.6,58.3,8.3,24.1
133,대전,2024-06-02,20.1,13.9,27.1,,2,54.5,13.2,29.41
133,대전,2024-06-03,20.8,13.5,27.5,,1.8,54.9,12.8,29.53
133,대전,2024-06-04,21.6,15.3,28,,1.8,49.5,13.7,31.04
133,대전,2024-06-05,22.5,16.3,28.9,,1.9,60.1,9.8,24.56
133,대전,2024-06-06,22.8,17.5,29.3,,1.6,57,10.1,25.74
133,대전,2024-06-07,22.8,16,28.9,0,1.4,56.8,7.1,21.56
133,대전,2024-06-08,20.5,17.4,26.1,4.7,1.5,83.5,2.7,13.18
133,대전,2024-06-09,23.9,18.8,30.2,,1.3,66.4,10.8,27.85
133,대전,2024-06-10,24.7,17.3,31.5,,2.1,59.9,10.8,27.56
133,대전,2024-06-11,25.8,21.5,32.2,,2.2,54.8,12.8,28.44
133,대전,2024-06-12,25.3,18.3,33.4,,1.7,48.8,12.8,30.07
133,대전,2024-06-13,25.9,17.7,33.8,,1.5,45.3,13,29.78
133,대전,2024-06-14,26.6,20.1,33.1,0,1.5,52.9,12.6,26.91
133,대전,2024-06-15,24.3,21.5,29,2.8,1.5,73.8,4,17.89
133,대전,2024-06-16,24.4,19.1,30.2,,2.1,59.4,12.5,29.15
133,대전,2024-06-17,23.4,17.3,29,,1.3,59.4,7.5,20.53
133,대전,2024-06-18,25.4,16.5,34.1,,1.7,53.1,13.7,30.07
133,대전,2024-06-19,27.5,19.2,36.6,,1.6,49.3,12.4,27.86
133,대전,2024-06-20,25.7,20,32.5,,2.2,48.8,6.3,19.14
133,대전,2024-06-21,26.4,18.7,33.2,,1.4,55.5,10.9,26.83
133,대전,2024-06-22,23.5,22.4,25.3,13.2,1.5,89.8,0,3.56
133,대전,2024-06-23,24.2,22.1,28.1,1.1,2,83.8,3.1,11.83
133,대전,2024-06-24,25.3,20.3,30,,2.3,66.4,8.1,24.9
133,대전,2024-06-25,22.9,18.1,28.5,,1.8,60.6,7.9,21.03
133,대전,2024-06-26,24.3,17.8,30.6,,1.3,60.6,12.5,28.45
133,대전,2024-06-27,23.7,19.2,28.4,,1.4,63.5,2.1,14.89
133,대전,2024-06-28,25.7,18.3,32.3,,1.4,58.5,13.2,29.25
133,대전,2024-06-29,25.3,22,30.2,45.1,2.1,74.6,4.4,13.52
133,대전,2024-06-30,24.2,22.3,26.2,10,2.6,88.8,1.1,8.39
133,대전,2024-07-01,26.2,21.5,31.9,,1.2,72.4,8.7,24.37
133,대전,2024-07-02,24,20.8,26.5,57,1.7,90.5,0,4.09
133,대전,2024-07-03,25.7,23.1,29.9,31.9,1.9,79.8,3.8,17.78
133,대전,2024-07-04,28.1,23.3,32.2,,2.5,68.9,10,26.52
133,대전,2024-07-05,25.8,23.2,29.2,3.9,2.3,70,7.9,23.09
133,대전,2024-07-06,27.5,23.5,31.4,.1,2.1,74.5,.4,10.85
133,대전,2024-07-07,25.5,22.5,27.6,36.2,1.8,91.6,0,3.15
133,대전,2024-07-08,23.9,22.3,25.9,137.5,1.6,96.6,0,3.05
133,대전,2024-07-09,23.1,22,24.3,15.3,1.4,94.6,0,4.86
133,대전,2024-07-10,23.4,21.1,26.8,88.6,1.9,89.8,1.8,11.3
133,대전,2024-07-11,24.4,22.1,27.1,2.4,1.2,84.8,.2,11.45
133,대전,2024-07-12,26,22.3,31.4,,1.1,77,7.1,21.88
133,대전,2024-07-13,26.3,22.7,31.1,4.9,1.3,75.5,6.4,18.98
133,대전,2024-07-14,26.2,23.5,29.9,,3.4,75.9,5.3,20.07
133,대전,2024-07-15,26.6,23.7,31.2,.2,2.7,76.9,7,20.76
133,대전,2024-07-16,24.6,22,27.3,45.6,1.5,89.3,.9,6.74
133,대전,2024-07-17,26.7,22.2,29.8,.8,2,81.5,1.3,12.91
133,대전,2024-07-18,25.9,23.8,27.6,28.8,3,84.4,0,2.42
133,대전,2024-07-19,25.1,23.2,28.6,1.4,1.6,88.8,1.6,9.54
133,대전,2024-07-20,26,22.6,31.3,15.2,1.9,87,3.7,12.86
133,대전,2024-07-21,27.8,24.9,31.9,1.5,2.1,79.3,5,16.67
133,대전,2024-07-22,28.9,26,31.7,,2.7,72.8,2.8,15.38
133,대전,2024-07-23,27.2,26.1,28.5,3.9,2.2,83.3,0,4.96
133,대전,2024-07-24,28.6,25.3,33.4,2.5,1.5,79.3,7,20.85
133,대전,2024-07-25,28.1,24.7,34.7,.1,1.1,81,7.6,20.36
133,대전,2024-07-26,28.4,25.1,34,1.3,2,81.1,5.1,17.2
133,대전,2024-07-27,28.2,26,32.4,6,1.4,83.6,1.8,12.97
133,대전,2024-07-28,29.7,25.8,34.1,,2.1,71.8,9.1,24.69
133,대전,2024-07-29,28.6,26.4,32.2,,2,73.8,5.6,18.2
133,대전,2024-07-30,28.7,26.3,32.8,,2.1,73.4,7.4,20.92
133,대전,2024-07-31,29.5,26.1,34.3,,1.8,74,6.6,21.64
133,대전,2024-08-01,30,26.9,34.2,,1.7,73,5.9,19.67
133,대전,2024-08-02,30.3,27.3,34.3,,2.2,76,8.7,23.42
133,대전,2024-08-03,30.7,27.4,35.6,,1.2,74.5,7.6,21.62
133,대전,2024-08-04,29.1,26.2,35.5,.9,1.3,80.1,6,19.12
133,대전,2024-08-05,27.4,24,34.3,34.3,1.5,87.1,5.4,15.35
133,대전,2024-08-06,28.6,23.4,33.9,,1.3,78,9.1,24.5
133,대전,2024-08-07,28.9,25.4,34.6,1,1.1,78.3,8.1,21.77
133,대전,2024-08-08,27.3,25.4,29.6,0,1.2,81.9,1.6,10.31
133,대전,2024-08-09,28.4,24.6,33.9,,1,74.6,9.3,23.6
133,대전,2024-08-10,28.7,24.6,33.8,,1.1,76.5,5.8,15.75
133,대전,2024-08-11,29.6,25.2,34,,1.6,72.5,7.2,17.87
133,대전,2024-08-12,30.5,26,35.6,,1.2,72,11.1,24.7
133,대전,2024-08-13,29.2,24.9,35,19.3,1.9,71.1,11,25.37
133,대전,2024-08-14,29.5,24.6,34.6,,1.9,64.3,12.4,26.45
133,대전,2024-08-15,29.5,25.6,34.1,,2.2,66.4,11.1,23.24
133,대전,2024-08-16,29.7,25.5,34.2,,2.3,66.1,12,24.91
133,대전,2024-08-17,29.5,25.7,34.7,,1.6,67,10.7,24.69
133,대전,2024-08-18,29.5,25.9,35,,1.6,68.6,10.1,22.96
133,대전,2024-08-19,29.9,25.2,34.8,.1,1.7,68.1,9,21.04
133,대전,2024-08-20,29.7,27.1,35.1,17,1.9,77.6,6.6,16.91
133,대전,2024-08-21,28.6,26.5,31.5,3.8,2.3,83.5,2.3,10.05
133,대전,2024-08-22,28.5,25.8,33,.5,2.6,78.1,4.7,13.87
133,대전,2024-08-23,28.3,24.1,32.8,,1.9,76,10.4,22.71
133,대전,2024-08-24,28.1,25.4,32.9,6.8,1.2,79.3,5.3,17.18
133,대전,2024-08-25,28,24.4,32.8,.5,1,79.5,6.2,17.71
133,대전,2024-08-26,27.9,24.7,32.2,,1.2,81.6,2.6,13.01
133,대전,2024-08-27,26.3,24,28.3,.1,1.7,83.3,0,6.72
133,대전,2024-08-28,27,22.1,31,,2.6,67.3,8.7,19.7
133,대전,2024-08-29,27,22.9,32.4,3,2.3,70.1,8.8,19.49
133,대전,2024-08-30,27.3,22.3,33.6,,1.9,69.9,12,24.91
133,대전,2024-08-31,26.6,22,32.2,,1.5,70.3,11.3,24.28
133,대전,2024-09-01,26.9,23.3,32.4,,1.3,69.1,8,20.1
133,대전,2024-09-02,24.8,21.9,27.4,0,1,75,1.5,8.26
133,대전,2024-09-03,27.1,23.1,32,,3.2,61.3,9.2,21.44
133,대전,2024-09-04,26.8,21.6,33.3,,2.5,57.8,11.6,23.99
133,대전,2024-09-05,27.2,22.9,32.4,0,1.6,70.3,6.8,18.91
133,대전,2024-09-06,25.6,23.6,29.1,.5,1.3,82.6,0,5.59
133,대전,2024-09-07,26.6,23.4,31.5,,1.4,75.9,3.4,14.47
133,대전,2024-09-08,27.6,22.8,34.3,,1.1,67.5,10.4,22.2
133,대전,2024-09-09,29,24.2,34.9,,1.4,67.9,6.5,18.6
133,대전,2024-09-10,29.5,24.8,36,,2.1,62.8,11.4,22.12
133,대전,2024-09-11,28.1,25.2,35.3,21.2,1.2,79.8,2.5,12.91
133,대전,2024-09-12,26.5,24.9,30.9,4.1,1,89.9,0,8.28
133,대전,2024-09-13,28,24.2,33.4,,1.6,77,7.6,19.33
133,대전,2024-09-14,28.8,25.3,34.6,,1.6,74.4,8.7,19.45
133,대전,2024-09-15,29.3,25.1,34.5,,2.6,70.3,9.7,20.81
133,대전,2024-09-16,28,24.9,32.1,0,3,70.4,4.1,14.55
133,대전,2024-09-17,29.7,25,35.7,,1.3,72,10.8,21.87
133,대전,2024-09-18,28.2,24.4,33.6,2,1.3,81.8,3.2,12.83
133,대전,2024-09-19,28.5,23.9,34,,1,76,4.9,16.45
133,대전,2024-09-20,25.5,24.2,27.6,45.6,.9,93.5,0,2.62
133,대전,2024-09-21,21.4,19.5,25.4,131.2,2.3,95.9,0,1.84
133,대전,2024-09-22,21.3,16.9,26.7,,2.2,75.1,3.5,13.8
133,대전,2024-09-23,21,17.3,25.8,,3,59.6,11.3,22.27
133,대전,2024-09-24,20.9,15.4,27.2,,1.7,64.3,10.2,21.13
133,대전,2024-09-25,23.2,18.4,28.5,,1.3,72,8.6,16.24
133,대전,2024-09-26,24.1,20.6,29.4,,1,74.3,5.6,15.14
133,대전,2024-09-27,23,19.7,28.6,,1.3,72.8,9,18.44
133,대전,2024-09-28,22.7,18.7,28.1,,2.8,71.9,7.2,15.47
133,대전,2024-09-29,22.8,18.7,27.8,,2.3,64.4,8.9,16.77
133,대전,2024-09-30,21,15.4,27.9,,1.4,64.6,11,19.94
135,추풍령,2024-05-20,17.9,10.6,25.3,,2,65.8,7.3,21.2
135,추풍령,2024-05-21,16.8,12.8,21.4,,2.5,81.8,4.3,16.12
135,추풍령,2024-05-22,20.3,11.3,28.3,.1,1.4,69.4,11.3,28.36
135,추풍령,2024-05-23,21.9,15.3,28.6,,2.5,63,12,29.36
135,추풍령,2024-05-24,20.9,13.2,27.7,,3.2,62.5,12.5,27.25
135,추풍령,2024-05-25,17,14.8,19.2,,2.6,60,0,7.28
135,추풍령,2024-05-26,19.2,11.1,24.9,11.8,1.9,72.4,6.4,17.96
135,추풍령,2024-05-27,18,14.8,21.3,,4.5,60,9,24.93
135,추풍령,2024-05-28,16.1,10.1,22.4,,2.2,66.8,7.3,22.26
135,추풍령,2024-05-29,18.6,9.3,26.7,,1.6,62.3,13,29.21
135,추풍령,2024-05-30,19.3,13.8,25,,1.1,69.1,.7,13.35
135,추풍령,2024-05-31,21,16.8,26.1,,3.7,54.1,12.5,30.05
135,추풍령,2024-06-01,19.4,15.9,24,,3.8,55,10.6,28.25
135,추풍령,2024-06-02,18.2,11.5,24.8,,2.7,57.8,11.3,28.09
135,추풍령,2024-06-03,18.3,11.1,24.9,,2,66.6,8.9,27.32
135,추풍령,2024-06-04,18.2,11.8,25.1,0,1.6,60.6,13.1,31.36
135,추풍령,2024-06-05,19.5,9.6,27.2,,1.5,60.4,11.4,27.19
135,추풍령,2024-06-06,19.9,13.6,26.8,,1.6,62.8,8.1,24.22
135,추풍령,2024-06-07,20.8,13.5,27.8,,1.5,62.5,8.7,23.78
135,추풍령,2024-06-08,18.8,17.7,21.2,11,.8,85.5,.1,6.59
135,추풍령,2024-06-09,21.4,17.7,27.7,,1.2,75.6,8,24.65
135,추풍령,2024-06-10,24,16.1,31,,2,63.4,12.4,28.81
135,추풍령,2024-06-11,25.5,20.1,31.2,,3.1,55.4,12.2,29.23
135,추풍령,2024-06-12,24.1,17.2,31.8,,2.2,55.5,12.8,30.25
135,추풍령,2024-06-13,24.8,16.6,33.9,,1.9,50.8,12,28.7
135,추풍령,2024-06-14,24.8,15.8,32.1,,2,59.9,10.1,25.26
135,추풍령,2024-06-15,23.1,18.7,29.6,8.3,1.7,77.1,5.6,20.67
135,추풍령,2024-06-16,22.7,17.5,28.5,,2.6,65.4,9.7,25.5
135,추풍령,2024-06-17,21.4,14.8,26.8,,1.5,63.3,4.9,18.15
135,추풍령,2024-06-18,25,15.5,31.8,,3.1,51.8,13.3,30.15
135,추풍령,2024-06-19,26.3,16.6,34.3,,1.7,53.6,11.3,25.82
135,추풍령,2024-06-20,22.1,16.5,27.6,,1.7,64,5,17.84
135,추풍령,2024-06-21,23.4,14,30.5,,1.4,67.8,10,24.6
135,추풍령,2024-06-22,22,21.2,23.3,14.3,1.1,90.5,0,3.44
135,추풍령,2024-06-23,23,20.9,26.5,1.2,2.9,87.4,1.1,8.25
135,추풍령,2024-06-24,24.7,20.1,30.1,,3.4,67.8,9.3,26.13
135,추풍령,2024-06-25,21.8,17.7,25.7,,3.6,60.4,9.7,24.27
135,추풍령,2024-06-26,22.1,15.6,29.2,,1.8,64.1,12,27.52
135,추풍령,2024-06-27,20.2,15,25.2,,1.3,75.1,.3,13.89
135,추풍령,2024-06-28,24,14.5,31.9,,1.5,59.1,12.9,30.18
135,추풍령,2024-06-29,23.4,19.2,29,30.1,2.1,79.8,5.3,16.44
135,추풍령,2024-06-30,23.5,21.8,25.7,30.5,1.9,91.3,.1,7.21
135,추풍령,2024-07-01,24.9,20.7,30.5,0,1.6,75.6,9.9,25.87
135,추풍령,2024-07-02,22,20.1,23.2,27.3,2.2,93.4,0,2.61
135,추풍령,2024-07-03,25.2,22,29,23,2.7,79.6,4.1,20.12
135,추풍령,2024-07-04,26.1,20.7,32,,2.5,74.1,9.7,26.46
135,추풍령,2024-07-05,24.7,20.7,28.6,1.4,3.5,76.4,9,26.29
135,추풍령,2024-07-06,27.1,20.7,32.2,,1.6,75,2,14.97
135,추풍령,2024-07-07,26.2,23.7,28.3,15.3,1.8,83.5,0,6.03
135,추풍령,2024-07-08,23.3,22.3,24.8,96.6,1.3,93.1,0,3.33
135,추풍령,2024-07-09,22.6,21.2,24.1,46.6,1.4,92.6,0,4.21
135,추풍령,2024-07-10,22.1,20.7,23.8,118.4,1.6,92.6,0,7.98
135,추풍령,2024-07-11,23.8,21.5,27.6,.1,2.3,85,1.9,15.5
135,추풍령,2024-07-12,25.1,20.7,30.7,0,1.7,76.9,9.4,25.45
135,추풍령,2024-07-13,25,20.2,29.8,0,1.8,78,5.8,20.2
135,추풍령,2024-07-14,23.3,22.1,24.8,2.2,3,86.4,0,5.78
135,추풍령,2024-07-15,23.9,21.3,27,.5,2.6,84.5,1,13.28
135,추풍령,2024-07-16,23.8,21.7,27.2,30.2,2.4,88.9,.1,7.88
135,추풍령,2024-07-17,24.6,21.2,28.9,.3,.9,88.9,.2,12.27
135,추풍령,2024-07-18,25,23,28.5,23.5,1.9,87.4,.2,5.98
135,추풍령,2024-07-19,24.7,22.3,28.7,.2,1.2,86,2,12.32
135,추풍령,2024-07-20,24.8,21.6,29.6,6.1,1.1,88,4.6,13.85
135,추풍령,2024-07-21,26.9,24,31,9.6,2.3,81.8,5.2,18.1
135,추풍령,2024-07-22,27.2,22.7,32.4,,1.4,80.1,8.9,24.54
135,추풍령,2024-07-23,26.8,23.7,28.7,0,2.3,79.4,.8,8.25
135,추풍령,2024-07-24,26.1,22.7,31.4,25.8,1.3,87.4,4,17.43
135,추풍령,2024-07-25,25.7,22.8,32.2,13.5,1,90,7.2,19.42
135,추풍령,2024-07-26,26.3,23.3,31,2.4,1.9,87.3,4.4,18.07
135,추풍령,2024-07-27,26.9,24.3,31.6,.6,1.6,85.4,1.8,14.43
135,추풍령,2024-07-28,27.5,23.5,33.4,,1.2,80.6,9.5,22.45
135,추풍령,2024-07-29,28,23.6,31.6,,3.6,70.8,8,22.62
135,추풍령,2024-07-30,27.5,24.5,31.7,,3.1,75.5,6.4,17.71
135,추풍령,2024-07-31,27.9,23.7,33,,1.6,77.5,7.8,24.98
135,추풍령,2024-08-01,28.2,23.7,33,,1.2,77.4,9.4,24
135,추풍령,2024-08-02,29,24,33.7,,1.6,77.8,10.3,25.15
135,추풍령,2024-08-03,28.9,25.7,34,0,2.1,79.4,9.3,23.38
135,추풍령,2024-08-04,28.5,24.1,34.4,,1.3,79.6,9.2,23.35
135,추풍령,2024-08-05,27.3,23.8,32.4,1.9,2,81.6,3.4,15.39
135,추풍령,2024-08-06,26.9,22.2,33.3,,1.3,80.6,9.1,24.26
135,추풍령,2024-08-07,27.7,22.6,34,,1.4,77.1,10.9,24.71
135,추풍령,2024-08-08,26.4,23.2,30.8,,1.6,80.8,3.8,15.52
135,추풍령,2024-08-09,26.7,22.2,32.7,,1.3,76.4,10.7,24.94
135,추풍령,2024-08-10,26.4,21.2,31.7,0,1.4,79.3,7.3,19.68
135,추풍령,2024-08-11,27.4,23.3,32.3,,1.4,76.6,7.9,22.23
135,추풍령,2024-08-12,27.5,23.1,33.7,,1.4,74.1,8.6,22.79
135,추풍령,2024-08-13,27.1,21.5,33.2,0,1.8,70.1,10.3,25.31
135,추풍령,2024-08-14,26.7,20.7,32.5,,1.7,71,12.5,25.75
135,추풍령,2024-08-15,27,21.7,32.4,,2,70.4,11.9,26.13
135,추풍령,2024-08-16,26.9,21.8,32.3,,2.1,74.5,9.5,23.31
135,추풍령,2024-08-17,26.9,21.5,32.9,0,1.7,74.1,10.6,24.78
135,추풍령,2024-08-18,26.6,21.8,32.4,0,1.8,73.9,10.9,24.14
135,추풍령,2024-08-19,27.5,22.7,33.2,0,1.8,75,10.9,24.45
135,추풍령,2024-08-20,27.5,25.2,31.7,2.1,2.5,83,2.6,12.51
135,추풍령,2024-08-21,26.7,24.7,30,4.5,1.5,87.4,1.1,10.18
135,추풍령,2024-08-22,27.2,23.5,32,1,1.8,82,4.6,14.85
135,추풍령,2024-08-23,26.6,23.1,32.1,,2,76.3,9.3,21.42
135,추풍령,2024-08-24,27.2,21.7,33.1,0,1.4,74.5,11.4,23.31
135,추풍령,2024-08-25,26.9,22.7,33,0,1.2,77.9,8,18.7
135,추풍령,2024-08-26,25.3,23.2,31.7,5.9,1.2,87,2.4,12.28
135,추풍령,2024-08-27,24.1,21,27.4,0,1.9,86.9,0,6.84
135,추풍령,2024-08-28,24.3,20,28.1,,3,77.3,2.2,11.14
135,추풍령,2024-08-29,25.3,21.5,30.2,5.2,2.9,78.6,4.4,15.8
135,추풍령,2024-08-30,25.8,20.2,33,,1.9,75,9.6,20.59
135,추풍령,2024-08-31,25.1,21.8,31.7,,2.3,71.9,10.6,24.27
135,추풍령,2024-09-01,25.1,19.7,31.7,,1.4,71.5,10.5,23.84
135,추풍령,2024-09-02,24.1,19.6,29,0,1.2,79.4,3.4,12.09
135,추풍령,2024-09-03,23.8,19.6,27.6,,2.8,69.8,3.8,15.4
135,추풍령,2024-09-04,23.6,17.2,30.2,,1.8,69.4,10.8,23.35
135,추풍령,2024-09-05,25.9,17.8,32.9,,1.9,68.3,8.8,21.35
135,추풍령,2024-09-06,23.9,22.2,26.3,4.3,1.6,84.9,0,6.15
135,추풍령,2024-09-07,23,20.5,27,.1,1.6,89.9,1.5,8.72
135,추풍령,2024-09-08,26,21.7,31.6,,1.6,79.9,6.9,18.86
135,추풍령,2024-09-09,26.5,23,31.8,,2,75.9,7.2,19.12
135,추풍령,2024-09-10,26.4,20.7,33.8,,1.6,74.8,10.4,22.25
135,추풍령,2024-09-11,25.6,22.1,31,7.5,1.4,85.1,1.2,11.56
135,추풍령,2024-09-12,24.7,23.2,28.1,3,1.1,91.9,0,6.03
135,추풍령,2024-09-13,26.8,23.1,32.4,,.9,82.6,7.1,19.7
135,추풍령,2024-09-14,27.1,21.8,34,,1.2,76,9.8,21.86
135,추풍령,2024-09-15,26.6,22.6,31.2,,2.7,78.8,4.3,15.02
135,추풍령,2024-09-16,25.2,23.2,28.1,0,3.1,79.9,0,8.96
135,추풍령,2024-09-17,27.6,22.6,34.6,,1,76.6,8,18.67
135,추풍령,2024-09-18,25.2,22.8,34.2,59.7,1.3,87.1,6.1,14.32
135,추풍령,2024-09-19,25.2,22.1,29.7,,1,90.5,2,12.14
135,추풍령,2024-09-20,24.6,23.3,26,14.7,.9,95,0,3.89
135,추풍령,2024-09-21,20,18.7,23.9,132,2,94.6,0,1.53
135,추풍령,2024-09-22,20.4,18.3,24.2,,2.1,79.5,2.9,11.02
135,추풍령,2024-09-23,18.5,13.3,23.2,,3.1,66.1,9.3,21.07
135,추풍령,2024-09-24,18.1,11.3,24.4,,2,75.6,10.2,20.27
135,추풍령,2024-09-25,20.3,16.2,26.7,,1.4,79.5,10.3,17.21
135,추풍령,2024-09-26,21.8,16.8,28.3,,1,78.8,8.6,18.79
135,추풍령,2024-09-27,21.3,17.8,27.3,,1.2,80.1,7.3,16
135,추풍령,2024-09-28,20.2,16.2,23.9,0,2,81.3,1.7,8.31
135,추풍령,2024-09-29,19.2,13.5,25,,2.3,77.1,6.5,14.31
135,추풍령,2024-09-30,17.9,11.5,25.7,,1.1,77.3,10.4,19.87
136,안동,2024-05-20,18.5,12.1,25.3,,1.4,73.3,5.4,18.41
136,안동,2024-05-21,17.6,14.4,23.1,,2.3,74.9,4.5,19.51
136,안동,2024-05-22,19.8,11.5,28.6,,1.2,70.1,8.5,27.23
136,안동,2024-05-23,22.3,14.1,30.5,,1.5,60.9,12.1,29.78
136,안동,2024-05-24,19.5,13,25.8,,2.2,58.5,8.7,23.73
136,안동,2024-05-25,18.6,15.5,23.9,,2.1,53.1,6.2,22.42
136,안동,2024-05-26,19.5,12.3,27.8,16.1,1.5,71,8.2,23.08
136,안동,2024-05-27,19,15.3,23,,3,62.5,8.2,23.73
136,안동,2024-05-28,17.1,11.3,23.6,,1.3,66.6,8.9,24.7
136,안동,2024-05-29,19.2,9.5,27.8,,1.3,63.8,11.5,29.58
136,안동,2024-05-30,20.2,14.3,26.2,,1,69,2.5,16.51
136,안동,2024-05-31,21.9,17.2,28,0,1.8,56.4,11.7,29.61
136,안동,2024-06-01,19.7,14.6,25.6,,1.8,67.4,9.1,24.61
136,안동,2024-06-02,17.9,13.1,25.2,0,1.5,71.4,5.6,20.43
136,안동,2024-06-03,18.7,13.1,25.2,,1.9,67.1,7.5,21.42
136,안동,2024-06-04,19.1,11.1,26.9,,1.4,62.6,11.9,30.89
136,안동,2024-06-05,20.8,11.8,29.4,,1.4,56.8,11.2,28.26
136,안동,2024-06-06,20.5,14.3,27.7,,.9,60.8,5.8,20.41
136,안동,2024-06-07,22.1,13.4,29.9,0,1,61.8,9,25.45
136,안동,2024-06-08,20.3,17.7,22.3,11,1,79.9,0,5.15
136,안동,2024-06-09,22.6,18.1,28.5,.2,.8,78.1,8.4,24.85
136,안동,2024-06-10,24.4,16.9,31.2,,1.4,67.3,11.7,28.15
136,안동,2024-06-11,25.7,17.8,32.6,,1.4,62.9,12.2,29.48
136,안동,2024-06-12,25.8,18,33.3,,1,58.6,12.8,30.12
136,안동,2024-06-13,26,17.3,34.7,,1.1,58.3,11.6,29.48
136,안동,2024-06-14,26.7,19.2,33.4,,1.1,59.5,10.5,26.98
136,안동,2024-06-15,23.8,20.2,30.6,3.5,1.1,77.5,4.5,16.95
136,안동,2024-06-16,24,19.6,29.6,,1.9,63.5,10.7,29.53
136,안동,2024-06-17,22.7,15.8,28.5,,1.3,61.1,5.5,20.73
136,안동,2024-06-18,25.8,15.7,34,,1.5,56.8,12.4,29.94
136,안동,2024-06-19,27.1,17.8,35.7,,.9,56.5,11.7,28.13
136,안동,2024-06-20,25.5,19.8,31.6,,1.3,60.3,5.9,21.05
136,안동,2024-06-21,25.2,17.4,31.6,,1.3,67,6.9,22.37
136,안동,2024-06-22,22.4,21.5,24.1,15.4,.7,88.9,0,4.4
136,안동,2024-06-23,24.4,21.7,29,3.8,1.3,85.6,2.6,14.44
136,안동,2024-06-24,25.7,22,30.8,5.3,1.9,71.1,8,22.82
136,안동,2024-06-25,22.2,18.1,27.3,,2.3,61.6,9.4,26.59
136,안동,2024-06-26,23.2,15.3,30.2,,1,60.9,13.1,28.59
136,안동,2024-06-27,22.3,16.7,26.7,,.6,75,1.5,15.79
136,안동,2024-06-28,24.5,17.2,32.7,,1,65.9,10.7,29.35
136,안동,2024-06-29,24.9,19.3,32.5,20.7,1.2,76.9,6.7,20.22
136,안동,2024-06-30,25.1,22.2,28.4,26.1,1.8,87.4,1.2,10.13
136,안동,2024-07-01,26.2,20.9,31.5,,1.2,73.8,11.8,28.25
136,안동,2024-07-02,22.7,21.1,24.2,38.9,1.3,90,0,3.21
136,안동,2024-07-03,26.2,22.3,30,13.1,2.3,78.9,5.8,20.59
136,안동,2024-07-04,26.8,21.8,32.5,,1.3,74.8,10.2,26.76
136,안동,2024-07-05,26.4,23.1,30.3,.7,2.5,73.9,8.2,25.88
136,안동,2024-07-06,27,22.2,32,,1.3,79.4,1.5,14.89
136,안동,2024-07-07,25.2,22.7,27.6,39.5,1.2,92.5,.4,5.79
136,안동,2024-07-08,23.5,22.7,25.1,211.2,1.2,97.1,0,3.12
136,안동,2024-07-09,23.5,22.5,25.2,6.2,.8,95.6,0,5.45
136,안동,2024-07-10,23.6,20.2,28.1,43.2,1.4,87.8,2,15.83
136,안동,2024-07-11,25.6,22.2,29.8,,1,82.3,4,19.71
136,안동,2024-07-12,25.6,22,31.2,,.9,84.1,6.5,22.19
136,안동,2024-07-13,25.5,21.5,31.4,0,1.7,77.9,7.8,23
136,안동,2024-07-14,24.1,22.7,26.8,.8,2.1,83,.4,10.43
136,안동,2024-07-15,25.4,22.2,29.5,,1.9,79,1.8,16.39
136,안동,2024-07-16,25.1,23.1,29.5,14.9,1.1,86,.9,11.81
136,안동,2024-07-17,25.9,22.2,30.8,4.9,.9,87.9,.9,13.02
136,안동,2024-07-18,26.1,24,30,6.6,1.6,86.6,.2,6.87
136,안동,2024-07-19,26.3,23.7,29.8,.2,1.3,85.4,2.9,16.35
136,안동,2024-07-20,25.3,21.6,29.2,3.4,.8,90,3,13.63
136,안동,2024-07-21,27.7,24.3,32,1,2.2,81,8.3,23.97
136,안동,2024-07-22,28.8,24.1,32.5,,1.4,78.3,7.7,23.95
136,안동,2024-07-23,27.6,25.1,31.5,1.1,1.8,82.4,2.8,13.23
136,안동,2024-07-24,27.6,24.1,33.2,.1,1.1,88.3,3.9,18.72
136,안동,2024-07-25,28.8,25.1,34.4,.2,.9,80.3,5.9,19.42
136,안동,2024-07-26,29.4,25.6,34.6,,1.2,76.1,6.7,20.64
136,안동,2024-07-27,28.7,25.2,33.8,.1,1.1,83.3,3.4,18.49
136,안동,2024-07-28,29.2,25.2,33.7,,1.2,79.9,6.4,20.76
136,안동,2024-07-29,28.9,24.8,33.1,,2.8,75.4,10.7,26.81
136,안동,2024-07-30,28.3,25.2,32.3,,1.7,78.3,6.9,18.34
136,안동,2024-07-31,29,24.2,34,,1.7,75.6,12.6,27.92
136,안동,2024-08-01,29.5,24.8,34.4,,1.4,75,11,25.75
136,안동,2024-08-02,30.6,25.2,35.7,,1.4,76.3,12,26.9
136,안동,2024-08-03,30.6,26.7,35.4,,1.2,77,10,23.98
136,안동,2024-08-04,29.6,25.1,35.7,,1.4,76.5,7.5,17.99
136,안동,2024-08-05,27.8,23,34.6,7.8,1.3,80.8,5.6,19.17
136,안동,2024-08-06,26.8,22.2,33.7,.7,1,85.5,7.3,22.37
136,안동,2024-08-07,28.1,23.8,34.3,,.8,82.9,6.2,21.65
136,안동,2024-08-08,27.8,24.2,33.2,0,1.4,81.5,6.3,18.74
136,안동,2024-08-09,28.3,23.3,34.5,,1.2,76.6,7.3,20.55
136,안동,2024-08-10,28.8,24.1,35,,1.5,71,9.9,22.36
136,안동,2024-08-11,28.5,23.2,34.6,,1.4,73.5,10.2,24.99
136,안동,2024-08-12,28.8,24.2,35.9,,1.9,70.9,10,23.67
136,안동,2024-08-13,28.2,22.9,35.4,,1.7,70.4,11.5,25.81
136,안동,2024-08-14,28.5,22.5,35.3,,1.9,68.1,11.3,25.79
136,안동,2024-08-15,28.2,22.8,35.1,,1.7,70.5,8.7,22.81
136,안동,2024-08-16,27.2,22.7,32.2,,1.4,76.5,5.1,15.64
136,안동,2024-08-17,28.3,22.3,35.1,,1.4,73.9,8.4,22.3
136,안동,2024-08-18,28.4,23,35.5,,1.8,71.4,9.1,24.36
136,안동,2024-08-19,29.1,22.7,35.4,0,1.2,72.9,9.9,22.85
136,안동,2024-08-20,28.8,25.7,33.4,1,1.6,81.8,4.2,14.44
136,안동,2024-08-21,28.6,25.5,32.4,1,1.2,82.9,.2,11.48
136,안동,2024-08-22,29,25.6,35.1,2.2,1.8,80.5,3.7,16.02
136,안동,2024-08-23,27.6,23.5,33,,1.6,76.4,9.9,22.52
136,안동,2024-08-24,28.3,22.3,34.6,,1.1,74.1,9.9,22.63
136,안동,2024-08-25,28.7,24.3,35.3,0,1.5,74.4,9.8,21.55
136,안동,2024-08-26,27.9,24.8,33.8,.2,1.1,78.6,2,13.42
136,안동,2024-08-27,24.5,20.7,30.4,45.7,1.3,89.6,.1,8.57
136,안동,2024-08-28,25.4,19.5,31,,1.8,75.8,7.1,17.75
136,안동,2024-08-29,26.3,22.6,30.5,0,1.5,78.1,4.2,15.13
136,안동,2024-08-30,27.5,21.5,33.2,,1,75.9,9.7,21.91
136,안동,2024-08-31,26.1,20.9,33.1,,1.5,74.1,10.9,24.13
136,안동,2024-09-01,26.4,22.2,32.4,,1.2,70.8,9.3,21.97
136,안동,2024-09-02,25.6,20,30.2,,1.2,74.1,4.3,13.97
136,안동,2024-09-03,25,19.6,30,,2.3,63.6,10.1,22.38
136,안동,2024-09-04,24.5,17.7,32.2,,1.2,69.8,11.8,24.5
136,안동,2024-09-05,26.5,18.8,33.2,,1.8,69.5,10.1,22.39
136,안동,2024-09-06,24.7,22.2,26.3,0,1.3,82.9,0,4.17
136,안동,2024-09-07,24,21.2,27.8,0,.7,87.3,2.6,7.91
136,안동,2024-09-08,26.7,22.8,32.5,,1.8,80.8,5.8,19.03
136,안동,2024-09-09,27.4,23.3,33.5,,1.7,73.6,7.6,18.42
136,안동,2024-09-10,28.4,21.7,36,,1,71.8,11.9,23.27
136,안동,2024-09-11,26.9,24.1,33.4,37.9,1,84,2,11.71
136,안동,2024-09-12,25.8,24.2,28.2,0,.4,93.4,0,6.59
136,안동,2024-09-13,27.7,24.5,33.7,.2,.8,85.4,5.7,17.08
136,안동,2024-09-14,28.4,24.7,34.4,,1.3,79.8,10.7,21.87
136,안동,2024-09-15,27,23.3,32.1,,2.8,79.3,8.6,19.13
136,안동,2024-09-16,26.2,23.5,29.3,,1.5,79.1,0,9.7
136,안동,2024-09-17,28.4,24.2,34.9,0,1,79.1,8.8,19.33
136,안동,2024-09-18,27.4,23.5,35.2,22.9,1.1,84.4,6,16.33
136,안동,2024-09-19,26.4,22.9,30.2,,.6,91.8,3.3,12.86
136,안동,2024-09-20,25.5,24.7,27.1,9.9,.6,96.8,0,3.54
136,안동,2024-09-21,19.8,18.7,24.7,81.6,1.1,97.6,0,1.87
136,안동,2024-09-22,21.1,18.3,25.5,,2.1,78.3,5.4,14.26
136,안동,2024-09-23,18.7,14.1,24,,1.9,66.5,11.1,21.85
136,안동,2024-09-24,19.3,11.8,26.5,,1.3,76.3,8.8,20.65
136,안동,2024-09-25,22.3,16.5,27.8,1.6,.9,79,8.6,18.19
136,안동,2024-09-26,22.7,18.3,28.6,,.8,82,7.7,17.47
136,안동,2024-09-27,22.8,19.3,29.1,,1.1,79.5,5.7,16.31
136,안동,2024-09-28,21.3,18.5,26.1,0,1.6,80,3.4,12.91
136,안동,2024-09-29,20.2,14.6,26.2,,1.6,73.3,10.3,19.63
136,안동,2024-09-30,18.6,12.3,26.7,,.9,79.4,8.6,18.99
137,상주,2024-05-20,20.4,15.3,26.1,,1.4,65.5,5.7,19.51
137,상주,2024-05-21,17.7,14.6,23.2,,.8,80.8,3.8,12.51
137,상주,2024-05-22,20.6,12.3,29.6,,.8,72.1,9,26.48
137,상주,2024-05-23,23.2,17.2,29.9,,1.7,59.6,12.7,29.84
137,상주,2024-05-24,22.1,16.2,30.1,,1.3,56.8,9.9,23.63
137,상주,2024-05-25,19,16.2,23.6,,.9,58,1.2,15.17
137,상주,2024-05-26,19.2,13.1,27,18.7,.9,74.6,6.6,20.1
137,상주,2024-05-27,19.3,15.3,23.3,.1,2.3,59.1,8.4,23.9
137,상주,2024-05-28,17.8,12.4,24.8,,1,66.1,8.9,22.98
137,상주,2024-05-29,20,10.3,28.3,,.9,62.4,13.1,29.37
137,상주,2024-05-30,20.6,16,25.4,,.8,67.6,1.4,14.55
137,상주,2024-05-31,22.4,18.7,27.7,,1.9,51,12.2,29.8
137,상주,2024-06-01,20.8,16.5,26.2,,1.8,53.9,9.7,25.2
137,상주,2024-06-02,20.2,15.3,26.3,,1.5,59.4,8.9,24.98
137,상주,2024-06-03,19.6,12.6,26.2,,.7,66.9,11.4,29.9
137,상주,2024-06-04,19.7,12.8,26.4,,.8,62,13.8,31.27
137,상주,2024-06-05,21.4,12.1,29.5,,.7,61.5,11.1,26.98
137,상주,2024-06-06,21.5,15.1,28,,.6,63.9,8.1,23.76
137,상주,2024-06-07,22.9,15.1,29.2,,.8,61.6,9.4,24.59
137,상주,2024-06-08,20,18.7,22.8,10.4,.5,84.1,0,7.4
137,상주,2024-06-09,23,18.1,29.3,,.8,74.4,8.1,24.07
137,상주,2024-06-10,25.6,18.7,32,,1.5,61.5,12.2,27.91
137,상주,2024-06-11,26.4,19.6,32.6,,1.5,58.3,12,29.01
137,상주,2024-06-12,26.6,21,33.1,,1.1,52.6,12.9,29.87
137,상주,2024-06-13,27.3,19.7,35,,1,49.9,12.5,30.11
137,상주,2024-06-14,26.8,18.9,33.5,.1,.8,58.3,11.4,26.48
137,상주,2024-06-15,24.5,20.3,31.5,5.6,1.1,73,6.1,20.95
137,상주,2024-06-16,24.6,19.3,30.2,,1.7,58.9,11.7,28.56
137,상주,2024-06-17,23.9,18.1,29.2,,1.4,58.9,4.2,18.79
137,상주,2024-06-18,27.4,20.1,35.2,,1.6,44.6,13.5,29.91
137,상주,2024-06-19,28,20.2,35.5,,.9,54.4,11.9,27.51
137,상주,2024-06-20,24.1,19.2,30.4,,.8,62.4,5,19.32
137,상주,2024-06-21,25.2,16.8,32,,.6,66.9,10.5,26.08
137,상주,2024-06-22,22.9,21.8,24.6,13.7,.4,92.3,0,3.93
137,상주,2024-06-23,24.6,22.2,28.4,2.4,1.4,85.5,3.7,15.09
137,상주,2024-06-24,26.3,21.8,32,.2,1.8,66.4,8.3,23.51
137,상주,2024-06-25,23.6,18.7,28.2,,1.9,58.4,9.1,25.62
137,상주,2024-06-26,24.2,18.5,30.7,,.8,61.4,13.6,28.72
137,상주,2024-06-27,21.8,16.8,26.8,,.4,74.8,.3,14.77
137,상주,2024-06-28,25.1,16,33.5,,.5,61.3,13.1,30.1
137,상주,2024-06-29,24.7,20.5,31.5,42.9,.9,76.8,5.5,18.41
137,상주,2024-06-30,24.6,22.7,27.4,40.9,1.6,89.1,1.3,9.34
137,상주,2024-07-01,26.4,21.6,31.8,,1,71.6,11.1,26.2
137,상주,2024-07-02,22.2,21.3,23.7,42.6,.9,96.8,0,2.15
137,상주,2024-07-03,26.1,22.3,30.7,21.1,1.4,80.6,4.3,19.87
137,상주,2024-07-04,27.3,21.4,33.7,,.9,73.6,7.8,24.42
137,상주,2024-07-05,26.3,23.1,30.5,2.7,1.9,72.9,9.8,27.73
137,상주,2024-07-06,27.7,22.7,32,,.9,77,1.5,15.4
137,상주,2024-07-07,26,23.5,29.6,74.7,1.1,91.4,0,5.31
137,상주,2024-07-08,23.8,23,25,196.1,1,99,0,2.89
137,상주,2024-07-09,23.6,22.2,25.5,13.8,.8,96.8,,
137,상주,2024-07-10,23.1,20.6,26.6,69.4,1.1,93.6,.7,11.06
137,상주,2024-07-11,25.7,22.6,29.8,,1,83.1,2.5,17.38
137,상주,2024-07-12,26.7,21.7,31.8,,.8,78.9,10.8,26.56
137,상주,2024-07-13,26.6,22.6,31.3,,.6,78.6,7,22.39
137,상주,2024-07-14,24.2,23.1,26.6,.5,.7,88.1,.1,5.78
137,상주,2024-07-15,25.5,22.5,29,0,.7,82.1,2.5,15.33
137,상주,2024-07-16,24.1,22.2,28,63.9,.6,91.9,.2,7.79
137,상주,2024-07-17,25.6,22.2,29.7,.6,.5,91.6,.5,12.82
137,상주,2024-07-18,26.1,24.2,28.7,21.1,.9,90.8,0,6.02
137,상주,2024-07-19,26.4,24.2,30.7,1.2,.9,84.4,2.9,14.51
137,상주,2024-07-20,25.7,22.5,29.3,6.9,.5,90.8,3.9,12.84
137,상주,2024-07-21,28.3,24.6,32.9,10.8,1.6,80,7.7,23.34
137,상주,2024-07-22,29.1,24.7,33.4,,.9,78,7.3,22.81
137,상주,2024-07-23,27.8,25.3,30,.2,1.3,81.9,1.3,9.17
137,상주,2024-07-24,27.4,24.5,31.6,6.7,.7,88.9,3.5,14.23
137,상주,2024-07-25,27.6,24.2,33.9,0,.8,86.9,7.9,22.7
137,상주,2024-07-26,28.2,24.8,33.2,.4,1,84,4.6,19.1
137,상주,2024-07-27,28.1,25.5,33.4,1.9,.7,88,3.1,17.92
137,상주,2024-07-28,29.6,25.7,34.7,,.8,78.1,9.3,24.47
137,상주,2024-07-29,29.1,26.2,33.2,,1.8,72.9,8.4,23.48
137,상주,2024-07-30,29.2,26.6,32.7,,1.6,73.3,6.4,22.65
137,상주,2024-07-31,29.5,25.7,34,,1,75.3,8.4,24.43
137,상주,2024-08-01,29.9,26,34.3,,.9,77.3,9.2,24.31
137,상주,2024-08-02,30.4,26.2,35.1,,1,77.8,8.2,23.13
137,상주,2024-08-03,30.8,27.6,35.5,,1,77,5.8,18.25
137,상주,2024-08-04,29.9,25.3,35.7,0,.6,79.3,10,24.58
137,상주,2024-08-05,28.1,23.2,34.9,16.5,.9,83.5,5.9,19.52
137,상주,2024-08-06,27.6,23.3,33.9,,.6,82.9,8.6,23.3
137,상주,2024-08-07,28.6,23.7,34.6,,.5,80,10,23.97
137,상주,2024-08-08,28,25.2,32.1,,1.1,80.5,3.7,15.2
137,상주,2024-08-09,28.2,23.7,34,,.8,76.5,12.3,27.05
137,상주,2024-08-10,28.2,23.2,33.7,,.5,78.9,9,23.95
137,상주,2024-08-11,28.9,25.2,33.9,,.7,76.9,9.1,23.57
137,상주,2024-08-12,29.2,23.8,34.9,,.8,73,11.5,26.28
137,상주,2024-08-13,28.7,23.4,34.6,,.7,69.5,12.4,26.22
137,상주,2024-08-14,28.2,23,34.5,,.6,71.3,12.2,26.2
137,상주,2024-08-15,28.6,22.8,33.9,,.6,70.6,12.3,26.79
137,상주,2024-08-16,28.1,23.2,33.1,,.7,75.3,9.8,22.07
137,상주,2024-08-17,28.3,23.2,35.3,0,.7,75.6,12,25.81
137,상주,2024-08-18,28.2,23.2,34.5,,.6,75.6,8.7,23.84
137,상주,2024-08-19,29.1,24.3,34.6,0,.7,72.9,10,24.08
137,상주,2024-08-20,28.5,26.1,34.4,6.3,.7,84.3,4.4,13.91
137,상주,2024-08-21,27.5,25.6,30.8,23.6,.6,91.8,.1,9.62
137,상주,2024-08-22,27.8,25.3,32.7,1.8,1,88.5,2.7,13.47
137,상주,2024-08-23,28,24.2,33.5,,1.1,77,10,21.65
137,상주,2024-08-24,28.4,23.5,34.2,0,.6,79.5,9.6,21.15
137,상주,2024-08-25,28.4,23.7,33.5,0,.6,77.5,10,21.42
137,상주,2024-08-26,27.4,23.5,32,11.3,.5,84.3,2,13.57
137,상주,2024-08-27,24.9,22.7,29,0,.6,89.3,0,7.31
137,상주,2024-08-28,25.2,20.1,29.7,,.7,79,3,14.93
137,상주,2024-08-29,26,22.3,32.1,2.2,1.1,80.8,9.3,22.22
137,상주,2024-08-30,27.6,21.7,34.4,,.9,74.4,11.1,23.53
137,상주,2024-08-31,27.2,23,32.5,,1,69.6,11.4,23.92
137,상주,2024-09-01,26.5,22.5,33.2,,.8,70.8,10,23.2
137,상주,2024-09-02,25.1,21.2,28.3,,.5,82.1,3,9.99
137,상주,2024-09-03,25.7,22.2,30.1,,.7,66.6,6.7,17.94
137,상주,2024-09-04,24.7,19,31.8,,.7,70.6,11.8,24.12
137,상주,2024-09-05,26.8,19.2,34.2,,1.1,69.8,10.1,22.84
137,상주,2024-09-06,25.3,22.7,27,.2,.6,83.1,0,4.32
137,상주,2024-09-07,23.7,20.8,28,.7,.6,90.4,3.1,9.13
137,상주,2024-09-08,27.6,23.3,33.2,,.5,78.4,7.6,20.8
137,상주,2024-09-09,28.2,24.2,33.7,,.7,72,7.4,20.36
137,상주,2024-09-10,27.7,22.1,34.8,,.6,74.4,11.6,23.02
137,상주,2024-09-11,26.7,23.2,32.4,78.4,.6,83.3,1.8,11.36
137,상주,2024-09-12,25.5,23.9,28,1.3,.4,95.8,0,4.99
137,상주,2024-09-13,28,24.3,33.5,,.4,84.6,5.6,18.06
137,상주,2024-09-14,28.9,23.8,34.3,,.7,75.3,10.3,20.98
137,상주,2024-09-15,27.9,24.5,33.5,,.9,77.4,4.9,16.74
137,상주,2024-09-16,26.2,24.2,28.7,,.7,81.3,0,8.67
137,상주,2024-09-17,28.9,24.7,34.5,,.5,79.6,10.7,21.22
137,상주,2024-09-18,27.1,24.2,33.9,4.9,.7,87.3,6.8,16.36
137,상주,2024-09-19,26.2,24.3,29.6,,.3,92,.9,8.43
137,상주,2024-09-20,25.4,24.2,27.3,18.9,.3,97.4,0,3.86
137,상주,2024-09-21,20,19,24.7,157.5,1,99.5,0,1.55
137,상주,2024-09-22,21.5,19,26.7,,.8,82.4,4.7,14.24
137,상주,2024-09-23,19.5,14.1,25.2,,.8,69.4,9.1,19.55
137,상주,2024-09-24,18.9,12.3,26.4,,.6,78,9.8,20.53
137,상주,2024-09-25,21.6,16.7,27.8,,.5,81.6,9,17.37
137,상주,2024-09-26,23,18.7,29.3,,.6,81.9,6.9,16.92
137,상주,2024-09-27,23,18.7,29,,.6,80.4,9.3,19.98
137,상주,2024-09-28,22,17.8,26.5,0,.7,79.1,2.9,10.92
137,상주,2024-09-29,20.9,16.2,27.1,,.8,74.9,8.4,17.7
137,상주,2024-09-30,19.1,12.7,26.8,,.5,77.1,10.9,18.15
138,포항,2024-05-20,17.7,14.6,26,,2.5,71.9,8.3,22.8
138,포항,2024-05-21,16,14.1,18.2,,3.1,76.1,8.5,25.14
138,포항,2024-05-22,20,12.1,25.8,,2.6,64.6,12.8,28.06
138,포항,2024-05-23,26.2,20,32.1,,2.8,40.9,12.3,29.11
138,포항,2024-05-24,18.6,17.1,24,,3.8,66.8,11.8,26.61
138,포항,2024-05-25,17.6,16.5,19.2,,3.3,68.4,8.4,24.57
138,포항,2024-05-26,21.9,14.8,28.7,1,3.1,65.3,7.6,21.53
138,포항,2024-05-27,22.3,19.8,25.2,0,3.4,48.3,9,24.41
138,포항,2024-05-28,17.6,14.5,19.9,,3.6,64.5,9.9,26.9
138,포항,2024-05-29,21.2,12.7,29.1,,2.5,53,13.1,28.5
138,포항,2024-05-30,21.5,18.3,26.8,,2.1,54.1,0,12.38
138,포항,2024-05-31,22.5,19.6,26.5,,2.5,53.9,9.5,25.12
138,포항,2024-06-01,19.8,17.2,23.9,0,3,66.9,7.3,22.05
138,포항,2024-06-02,18,15.6,20.2,0,2.9,73.5,7.2,21.91
138,포항,2024-06-03,18.3,16.1,20.6,.5,3.1,71.3,10.1,28.57
138,포항,2024-06-04,18,15.7,20.8,,2.7,70.6,9.6,25.73
138,포항,2024-06-05,19.2,13.9,22.7,,2.4,69.8,12.3,27.41
138,포항,2024-06-06,19.9,16.9,23.9,,2,72.9,5.6,19.69
138,포항,2024-06-07,23,17.8,26.7,,2.5,59,10.2,24.2
138,포항,2024-06-08,21.2,19.3,25.5,16.7,2.4,73.9,.8,8.59
138,포항,2024-06-09,21.7,19,24.5,1.5,1.9,81.9,5.4,18.37
138,포항,2024-06-10,26.9,20.3,32.9,,2.7,55.8,12.2,27.22
138,포항,2024-06-11,28.5,22.6,34,,2.4,49.5,13,28.73
138,포항,2024-06-12,26.6,23.7,32.5,,2.5,58.9,12.4,27.91
138,포항,2024-06-13,24.7,21.5,29,,2.3,65.9,12.8,28.03
138,포항,2024-06-14,27.1,20.5,32,,2.7,52.3,12.7,28.48
138,포항,2024-06-15,24.8,21.2,30.6,5.9,2.4,66.5,9.3,23.35
138,포항,2024-06-16,25.1,21.4,31.6,.9,2.7,60.9,12.9,29.57
138,포항,2024-06-17,25.7,21.5,30.5,,2.7,45.9,5,18.01
138,포항,2024-06-18,26.7,21.7,31.9,,2.5,45.3,13.4,29.1
138,포항,2024-06-19,28.7,24.1,33.4,,2.6,44.9,12.5,27.57
138,포항,2024-06-20,26.1,22.8,29.9,,3,53.1,4.1,16
138,포항,2024-06-21,22.9,21.1,24.9,,2.4,79.8,11.5,26.15
138,포항,2024-06-22,22.8,21.5,24.6,29.3,1.5,86.1,0,3.43
138,포항,2024-06-23,21.8,20.7,23.6,.1,1.7,89.8,.1,5.99
138,포항,2024-06-24,26.3,22.7,32.9,2.6,2.3,66,5.3,20.36
138,포항,2024-06-25,24.8,21.7,29,,2.9,49.9,6.6,21.11
138,포항,2024-06-26,22.7,20.5,26.4,,2.2,63,12.2,26.87
138,포항,2024-06-27,23,20.1,27.1,2.1,2.1,61.6,.3,11.82
138,포항,2024-06-28,24.7,19,29.4,,2.5,68.4,13.6,28.64
138,포항,2024-06-29,26,22.9,31.8,26.7,2.4,72.8,7.2,18.2
138,포항,2024-06-30,26.3,21.8,30.9,11.4,2.9,81,1.2,11.84
138,포항,2024-07-01,26.6,21.1,32.6,,2.1,69.6,12.2,26.71
138,포항,2024-07-02,21.5,20.6,23.2,20.3,2.2,93.1,0,4.22
138,포항,2024-07-03,27.8,20.9,33.3,3.1,2.4,72.1,6.3,19.85
138,포항,2024-07-04,29.7,23.9,34.8,,2.8,58.6,13.5,28.66
138,포항,2024-07-05,29.7,26.6,33.5,0,3.5,57.9,9.9,26.93
138,포항,2024-07-06,29.5,26.5,34.1,,3.4,62.3,8.6,22.21
138,포항,2024-07-07,30.1,27.8,33.2,0,3.6,65.5,3.5,17.12
138,포항,2024-07-08,26.4,22.9,29.1,0,1.8,76.4,0,4.08
138,포항,2024-07-09,24.9,23,28.2,123.4,2.3,87.8,0,4.9
138,포항,2024-07-10,22.5,21.1,24.3,74.8,1.5,91.4,0,4.35
138,포항,2024-07-11,23.9,21.3,27,0,1.6,84.8,2.3,14.33
138,포항,2024-07-12,25.2,22.7,28.8,,2.3,80.8,12.5,26.89
138,포항,2024-07-13,22.7,20.4,24.4,0,2.8,90.6,3.8,17.93
138,포항,2024-07-14,22.4,21.8,23.5,8,2.8,94.3,0,3.46
138,포항,2024-07-15,22.4,21.7,23.3,0,2.3,90,0,5.22
138,포항,2024-07-16,23.7,21.5,26.4,13.5,1.9,90.4,.3,7.53
138,포항,2024-07-17,26.6,23,31,10.9,2.1,79.3,.4,9.52
138,포항,2024-07-18,28.2,25.9,30.1,.3,3,72.1,.5,8.12
138,포항,2024-07-19,28,26.1,30.5,.2,2.7,72.8,3.5,15.29
138,포항,2024-07-20,28.2,25.4,32.7,2.4,3,71.9,9,17.5
138,포항,2024-07-21,30.9,28.3,34.7,,3.5,62.5,9.5,24.12
138,포항,2024-07-22,31.1,28,34.9,,3.4,61.5,10.9,26.32
138,포항,2024-07-23,30.4,28.9,33.2,,3.4,63.4,.7,12.53
138,포항,2024-07-24,29.3,23.5,32.4,0,2.7,70.1,6.6,15.77
138,포항,2024-07-25,29.8,26.8,33.5,13.7,2.3,70.6,8.3,20.22
138,포항,2024-07-26,29.5,25.3,34.3,0,2.5,68.9,8.2,19.59
138,포항,2024-07-27,31.1,27.9,34.8,,3,65,9,22.18
138,포항,2024-07-28,31.4,27.5,35.4,,3,61.1,12.3,26.25
138,포항,2024-07-29,31.4,27.7,35.6,,3.5,58.6,12.8,27.29
138,포항,2024-07-30,31.3,27.2,35.3,,3.3,58.6,12.9,27.31
138,포항,2024-07-31,30.3,27.5,34.6,,2.2,63.1,13.1,28.04
138,포항,2024-08-01,31.9,28.1,36.2,,2.2,63.5,11.4,24.31
138,포항,2024-08-02,32.4,28.7,37.7,,2.2,63.6,12.6,26.14
138,포항,2024-08-03,30.7,27.2,34.3,.1,2,69.3,8.8,20.35
138,포항,2024-08-04,26.9,25.2,29,,2.2,86.4,6.6,21.04
138,포항,2024-08-05,27.1,25.3,30,,1.9,84.3,10.2,24.67
138,포항,2024-08-06,27.7,25.7,31.6,,1.9,79.1,8.6,20.58
138,포항,2024-08-07,29.5,25.9,33.4,,1.6,73.1,11.6,24.66
138,포항,2024-08-08,29.3,26.4,34.1,2.4,2,69.8,7.7,19.96
138,포항,2024-08-09,27.9,25.7,30.2,,2.1,77.9,12.4,26.26
138,포항,2024-08-10,27.4,24.3,29.5,,2.3,78.3,12.7,26.41
138,포항,2024-08-11,27.9,25.4,30.7,,2.2,75.5,12.2,27.15
138,포항,2024-08-12,27.2,25,29,,2.4,77.3,11.1,25.89
138,포항,2024-08-13,27.4,25,29.8,,2.2,74.9,12.6,26.95
138,포항,2024-08-14,27.3,24.8,29.8,0,3,76.6,7.7,21.05
138,포항,2024-08-15,27.4,25,30.2,0,2.5,77.3,4.2,11.37
138,포항,2024-08-16,28,25.4,30,,2.6,75.5,9.2,24.35
138,포항,2024-08-17,28,25.8,30.2,,2.6,76.5,9.9,24.71
138,포항,2024-08-18,27.8,25.4,29.5,,2.9,75.1,11.9,26.04
138,포항,2024-08-19,28.9,25.8,32.2,,2.5,75.3,6.4,16.66
138,포항,2024-08-20,30.1,27.5,33.5,8,2.4,72.8,3.1,13.61
138,포항,2024-08-21,29.6,27.1,34.1,1.5,2.5,75.8,2.3,13.15
138,포항,2024-08-22,30.7,26.5,36,,3.4,66.6,9.7,23.42
138,포항,2024-08-23,31.1,27.1,36.3,,2.6,54.6,12,24.76
138,포항,2024-08-24,29.4,24.9,35.4,,2,64.9,9.3,20.15
138,포항,2024-08-25,26.4,24.4,29.3,,2,80.6,9.3,21.76
138,포항,2024-08-26,26.8,23.8,31.3,,1.7,83.3,5,15.69
138,포항,2024-08-27,25.2,24,26.9,.6,2.8,86,.1,6.72
138,포항,2024-08-28,25.8,24.1,27.2,.1,4.7,81.3,.2,8.66
138,포항,2024-08-29,26.8,25.4,28.8,5.8,5.7,86.4,3.7,16.8
138,포항,2024-08-30,27.2,25,30,.4,5,76.6,9.9,23.54
138,포항,2024-08-31,26.2,23.5,29.9,,3,72.9,10.5,23.49
138,포항,2024-09-01,27.3,23.6,32.3,,2.2,67.6,9,20.24
138,포항,2024-09-02,26.2,23.9,29.9,2,3.2,76,3.7,14.81
138,포항,2024-09-03,25,23.2,26.8,.5,4.4,67.6,5.4,16.76
138,포항,2024-09-04,24.7,21.9,27.2,,2.7,69,11.2,24.03
138,포항,2024-09-05,28.5,21.2,35.1,,2.8,56.9,11.6,23.14
138,포항,2024-09-06,25,23,28.6,3.2,2,80.8,.1,5.74
138,포항,2024-09-07,24.6,22.1,27.1,.7,1.9,83.8,2.6,12.39
138,포항,2024-09-08,26.4,24.8,28.6,0,2.3,81.5,2.7,13.42
138,포항,2024-09-09,26.7,24.9,28.3,,2.8,79.9,7.8,19.09
138,포항,2024-09-10,28.1,24.6,32,,2.1,74.6,10,19.74
138,포항,2024-09-11,27.6,25.6,31.4,19.9,1.7,79.9,0,8.23
138,포항,2024-09-12,26.4,25.2,28.2,,2.1,85.6,.6,10.54
138,포항,2024-09-13,28.9,25.3,34.1,0,2.1,76.8,8.8,19.84
138,포항,2024-09-14,27.4,25.7,32.3,,2.6,80.5,6.2,16.57
138,포항,2024-09-15,25.9,25.1,27,5,4,86.8,0,4.83
138,포항,2024-09-16,24.5,23.7,25.9,.9,3.5,86.9,0,5.74
138,포항,2024-09-17,28.3,24.3,32.2,,1.9,80.1,8.9,20.79
138,포항,2024-09-18,27.4,26,32.2,7.6,1.9,85.3,4.1,12.29
138,포항,2024-09-19,27.8,24.9,30.4,,2,80.4,5.3,16
138,포항,2024-09-20,27.1,22.6,30,12.6,2.4,79.9,.3,5.04
138,포항,2024-09-21,21.4,19.8,22.8,89.9,3.5,92.4,0,3.02
138,포항,2024-09-22,21.4,19.5,23.4,2.9,4.3,80.8,1.9,12.45
138,포항,2024-09-23,20.2,18.5,22.4,,3.9,61.5,8.1,19.44
138,포항,2024-09-24,20.7,17.7,23.7,0,2.3,68.1,1.7,11.86
138,포항,2024-09-25,22.8,19.5,25.7,,1.8,74.9,8.6,16
138,포항,2024-09-26,23.6,18.8,28.2,,1.9,74.6,7.4,15.27
138,포항,2024-09-27,23.4,22,25.7,,2.9,79.9,5.3,15.93
138,포항,2024-09-28,21.6,19.9,24.1,5.1,3.3,82.9,1.3,8.06
138,포항,2024-09-29,21.9,20.2,24.8,.7,3.5,72.9,7,16.57
138,포항,2024-09-30,21.1,17.6,24,0,1.9,75.8,6.6,13.5
140,군산,2024-05-20,18.5,13.8,23.9,,2.1,79.9,7.8,
140,군산,2024-05-21,18.2,14.9,23.7,,1.9,87.8,8,
140,군산,2024-05-22,18.8,15,24.4,,1.8,85.3,8,
140,군산,2024-05-23,17.5,14.6,22.2,,2.2,88.8,10.7,
140,군산,2024-05-24,17.2,14.1,20.6,,2.4,87,8.8,
140,군산,2024-05-25,19.9,16.5,23.7,,1.8,80.5,3.5,
140,군산,2024-05-26,20.4,15.1,26.1,5.4,3.3,79.9,3.9,
140,군산,2024-05-27,17,14,20.5,,3.6,72.6,8.1,
140,군산,2024-05-28,19.1,11.8,26,,1.9,66.8,12,
140,군산,2024-05-29,19.7,13.7,25.5,,2.3,70.5,12.7,
140,군산,2024-05-30,20.5,16,25.3,,1.4,68.9,.7,
140,군산,2024-05-31,19.1,15.9,22.3,,3.1,74.4,12.1,
140,군산,2024-06-01,18.3,15.7,22.2,.3,4,80.3,10,
140,군산,2024-06-02,18.5,12.7,23.2,,2.8,74.8,12.4,
140,군산,2024-06-03,19.7,13.4,25.5,,2.5,70.8,12.7,
140,군산,2024-06-04,19.8,15.9,25.3,,2.6,78.9,11.7,
140,군산,2024-06-05,20.2,16.7,26.2,,2.4,82.5,8.4,
140,군산,2024-06-06,20.2,16.9,24.6,,2.2,76.8,9.5,
140,군산,2024-06-07,20.8,15.2,26.7,0,1.7,67,6.5,
140,군산,2024-06-08,20.9,18.1,25.5,.4,1.9,84.1,3.2,
140,군산,2024-06-09,21.9,18.5,26.1,,2.1,80.1,9.8,
140,군산,2024-06-10,23.8,17.7,30.4,,2.5,69.3,10.6,
140,군산,2024-06-11,22.9,19.4,28.1,,2.6,74.8,11.9,
140,군산,2024-06-12,23.4,17.9,31.5,,2,65.1,11.3,
140,군산,2024-06-13,23.7,17.4,29.8,,1.9,68.3,12.7,
140,군산,2024-06-14,24.5,19.1,31.6,,2.2,68.4,10.9,
140,군산,2024-06-15,24.3,20.7,27.9,,2.8,74.1,7.7,
140,군산,2024-06-16,22.2,19.6,25.6,,3.5,78.8,11.9,
140,군산,2024-06-17,22.1,17.8,27.1,,1.6,78,3,
140,군산,2024-06-18,23.1,17.2,29,,2.1,75,11.7,
140,군산,2024-06-19,25.1,19.2,35.1,,1.6,69.3,9.4,
140,군산,2024-06-20,24.3,20.2,29.1,,1.7,67.6,4,
140,군산,2024-06-21,25.3,20.2,30.3,,2.1,67.8,11.6,
140,군산,2024-06-22,23.6,22.6,25.1,16.8,2.7,92.8,0,
140,군산,2024-06-23,23.4,21.6,26.9,2.3,3.2,90.1,2.2,
140,군산,2024-06-24,23.3,19.7,27.5,0,3.3,82.1,3.2,
140,군산,2024-06-25,22.2,17.4,26.5,,2.2,75.3,6.7,
140,군산,2024-06-26,23.2,19,28.2,,2.1,76.6,11.1,
140,군산,2024-06-27,23.1,18.8,27.6,,1.2,78.5,1.8,
140,군산,2024-06-28,24.6,19.1,29.5,,2,71.9,12.7,
140,군산,2024-06-29,23.9,21.9,27.3,49.7,3.4,89.3,.5,
140,군산,2024-06-30,23.7,22.6,25.4,4.2,3.1,94,.3,
140,군산,2024-07-01,25,22.1,28.7,.8,1.7,85,9.2,
140,군산,2024-07-02,26.1,22.5,30,85.7,3.6,87.9,0,
140,군산,2024-07-03,25.9,23.5,29.5,9.5,2.5,83,5.4,
140,군산,2024-07-04,27.6,23.1,32.3,,2.3,78.8,5.2,
140,군산,2024-07-05,25.3,22.9,28.5,.4,3.2,79.3,8.4,
140,군산,2024-07-06,28.2,23.9,31.9,,4,79.1,3.3,
140,군산,2024-07-07,26.5,24.6,28.9,28.4,2.4,90.8,0,
140,군산,2024-07-08,25.3,22.6,26.4,71,2.3,95.6,0,
140,군산,2024-07-09,23.7,22.8,24.8,62.2,2.8,95.9,0,
140,군산,2024-07-10,23.8,21.9,27,209.5,2.6,92,1.5,
140,군산,2024-07-11,23.7,22.4,26.2,,1.8,88.4,.5,
140,군산,2024-07-12,24.8,21.2,29.5,0,1.7,84.4,4.5,
140,군산,2024-07-13,25.7,22.5,29.7,,1.6,84.1,6.4,
140,군산,2024-07-14,26.8,24.1,30.4,.4,1.8,79.5,3.7,
140,군산,2024-07-15,26.7,23.6,31,,1.8,81.6,7,
140,군산,2024-07-16,24.8,22.3,27.9,39.7,2.2,91,0,
140,군산,2024-07-17,27.8,22.8,31.5,.1,3.4,82.3,1.8,
140,군산,2024-07-18,26.2,23.8,27.9,25.2,4.4,87.9,0,
140,군산,2024-07-19,25.3,23.2,29.1,.2,2.2,90,1.7,
140,군산,2024-07-20,26.3,23.3,31.5,30.5,3.2,88.5,2,
140,군산,2024-07-21,28.3,25.3,31.5,0,2.9,81.5,4.2,
140,군산,2024-07-22,28.9,26,32.1,,3.6,78.3,4.1,
140,군산,2024-07-23,27.6,26.5,30,.2,2.2,87.1,0,
140,군산,2024-07-24,28.7,26.1,32.8,.9,2.5,83.6,8.6,
140,군산,2024-07-25,28.4,25.1,35,33.1,1.6,84.4,7.7,
140,군산,2024-07-26,28.3,26.2,32.6,3.2,3,83.4,5.8,
140,군산,2024-07-27,28.4,26.3,31.9,5.5,2.8,86.3,4.3,
140,군산,2024-07-28,29.5,26.2,33.7,,3.1,76.5,10.8,
140,군산,2024-07-29,28.3,25.7,31.3,,2.7,81.3,5.9,
140,군산,2024-07-30,28.6,26.2,31.7,,2.4,79.5,8,
140,군산,2024-07-31,29.1,25.8,32.7,,2.4,80.8,7.8,
140,군산,2024-08-01,29.2,26.1,32.5,,2.4,83,4.8,
140,군산,2024-08-02,29.5,26.6,32.7,,2.5,85.5,5.4,
140,군산,2024-08-03,29.7,27.4,33.1,,2,83,10,
140,군산,2024-08-04,29.9,26.4,33.8,,1.7,80.9,11.2,
140,군산,2024-08-05,28,25.2,32.6,.9,1.7,88.5,5.2,
140,군산,2024-08-06,28.8,24.8,32.7,,1.5,83.4,7.4,
140,군산,2024-08-07,29.1,26.2,33.4,,1.7,81.8,9,
140,군산,2024-08-08,27,25.2,29.5,.8,1.2,87.5,1,
140,군산,2024-08-09,28.1,24.2,33.5,,1.4,83,10,
140,군산,2024-08-10,29,25.3,34.3,,1.7,79.3,9.9,
140,군산,2024-08-11,29.7,25.3,35,,2,75.3,11.3,
140,군산,2024-08-12,29.9,26.2,34.2,,1.9,76.4,10.3,
140,군산,2024-08-13,30.2,27,35,,1.8,72.6,10.4,
140,군산,2024-08-14,29.6,25.5,35.4,,1.6,75.9,9.2,
140,군산,2024-08-15,28.6,25.7,33.4,,2,81,7.6,
140,군산,2024-08-16,28.1,24.7,32.6,0,2.2,80.8,7.4,
140,군산,2024-08-17,28.5,25.5,33.2,.8,2.1,81.9,8,
140,군산,2024-08-18,27.6,25,32.9,2.9,1.7,85.9,7.8,
140,군산,2024-08-19,29.5,24.7,34.8,0,1.2,77.5,9.5,
140,군산,2024-08-20,30.3,26.7,35.6,1,2.1,76.9,8.1,
140,군산,2024-08-21,29.3,26.9,32.2,5.8,3.3,83.8,2.4,
140,군산,2024-08-22,28.4,26.4,32.1,5.4,3.4,83.1,2.7,
140,군산,2024-08-23,27.8,24.1,31.9,,2.6,83.9,7.3,
140,군산,2024-08-24,28.3,25.2,32.2,1.4,2.1,84.1,7.6,
140,군산,2024-08-25,27.6,25.1,32.1,0,1.6,86.3,4.5,
140,군산,2024-08-26,27.4,23.9,32.4,,1.5,84.1,6.3,
140,군산,2024-08-27,26.9,25.4,29.4,0,1.6,85.9,0,
140,군산,2024-08-28,28.2,23.6,32.9,,2.3,66.8,12,
140,군산,2024-08-29,28.9,24.2,34,,2.2,65.8,11.6,
140,군산,2024-08-30,27.6,23.8,33.1,,2.9,74.1,11.6,
140,군산,2024-08-31,26,21.8,30.5,,1.8,81,11.3,
140,군산,2024-09-01,26.2,22.6,30.4,,2.5,79.3,9.4,
140,군산,2024-09-02,24.9,22.3,28.1,0,1.5,80.8,1.4,
140,군산,2024-09-03,27.7,23.3,33.1,,1.5,71.6,5.6,
140,군산,2024-09-04,26.9,22.1,33.1,,1.8,69.5,10.6,
140,군산,2024-09-05,26.7,22.6,30.9,0,2.3,78.8,7,
140,군산,2024-09-06,25.9,24.2,28.2,2,1,88.8,0,
140,군산,2024-09-07,26.1,23.2,30.1,,1.8,84,6.8,
140,군산,2024-09-08,25.5,21.4,30.8,,1.6,81.5,10.3,
140,군산,2024-09-09,27.5,22.4,33.1,,1.8,77.3,9.8,
140,군산,2024-09-10,29,24.5,34.2,,1.6,77.1,10.9,
140,군산,2024-09-11,28,25,34.4,13.7,1.3,80.6,2.2,
140,군산,2024-09-12,27.4,25.4,32.2,1.4,1.1,87.5,1.1,
140,군산,2024-09-13,27.7,24.1,32.3,,1.9,83,6.8,
140,군산,2024-09-14,28,24.8,32,,2.2,82,9.9,
140,군산,2024-09-15,29.2,24.9,34.2,0,1.7,81.1,10.6,
140,군산,2024-09-16,28.7,25.5,31.8,,1.5,74.3,2.4,
140,군산,2024-09-17,29.1,25.7,33.4,,2.1,78,9.9,
140,군산,2024-09-18,28.4,24.8,33.7,,1.7,79.9,8.7,
140,군산,2024-09-19,29.6,24.5,35.5,0,1.2,74.5,7.9,
140,군산,2024-09-20,26.5,24.6,28.2,26.4,2.5,91.5,0,
140,군산,2024-09-21,23.7,20.7,26.4,145,2.9,94.8,0,
140,군산,2024-09-22,22.1,18.7,26.6,.1,2.2,77.4,3.4,
140,군산,2024-09-23,21.9,18.7,26.8,,1.8,64.3,8.2,
140,군산,2024-09-24,21,16.5,27.3,,1.3,64.1,9.8,
140,군산,2024-09-25,22.5,18.3,28.3,,1.1,76.6,5.4,
140,군산,2024-09-26,23.4,19.8,28,,1.6,81.5,7.3,
140,군산,2024-09-27,22.3,17.9,27.1,,1.5,80.4,9.9,
140,군산,2024-09-28,24.1,20.1,30.1,,1.9,72.1,9.7,
140,군산,2024-09-29,23.8,20.1,29.3,,1.6,67.5,9.2,
140,군산,2024-09-30,21.7,17.6,28.4,,1.5,66.3,10.3,
143,대구,2024-05-20,21,14.4,29,,2.3,54.9,10.4,25.99
143,대구,2024-05-21,17.8,14.5,22.8,,4.3,69,8.2,24.89
143,대구,2024-05-22,21.7,11.8,30.7,,1.8,59.5,12.8,27.85
143,대구,2024-05-23,25.3,18.3,32.5,,2.2,46.1,12.7,28.57
143,대구,2024-05-24,21.2,16.8,26.8,,3.7,54.1,10.8,26.67
143,대구,2024-05-25,19.6,16.6,23.9,,3.7,51.9,.9,16.01
143,대구,2024-05-26,20.8,14.2,28,4.7,2.1,70.3,7.2,19.24
143,대구,2024-05-27,21.5,18.5,24.9,,4.2,48.3,9.2,24.83
143,대구,2024-05-28,18.6,13.6,24.4,,2.3,56.3,4.6,15.51
143,대구,2024-05-29,20.9,10.4,29.2,,1.3,51.9,13.2,28.78
143,대구,2024-05-30,21.6,16.5,27.5,,1.1,59.6,.9,12.9
143,대구,2024-05-31,24,19.5,29.8,,2.4,43.5,11.2,27.84
143,대구,2024-06-01,22,17.3,27.5,,2.5,52.6,8.6,24.29
143,대구,2024-06-02,20.1,15,26.7,,2.4,61.4,8.8,23.74
143,대구,2024-06-03,19.4,16.1,25.4,,3.4,63.9,8.6,26.13
143,대구,2024-06-04,19.8,13.1,26.3,,2.6,56.4,13.7,30.76
143,대구,2024-06-05,21.4,12.5,28.9,,2.5,51.6,11.4,26.97
143,대구,2024-06-06,22,16.2,27.9,,1.5,53.3,3.6,19.45
143,대구,2024-06-07,23.9,16.5,30.3,,1.5,52.5,9.9,23.3
143,대구,2024-06-08,19.9,18.7,23.2,21.5,1.7,82.9,0,5.77
143,대구,2024-06-09,23.1,18.7,29.4,1.8,1,72.8,8,22.82
143,대구,2024-06-10,26,18.5,33.4,,1.6,60.1,11,26.16
143,대구,2024-06-11,27.5,20.6,34.5,,1.8,54.6,12.6,28.37
143,대구,2024-06-12,27.9,21.8,33.9,,1.9,49.1,12.4,28.62
143,대구,2024-06-13,27.7,21.5,35.6,,1.7,51.8,11.3,28.28
143,대구,2024-06-14,27.5,19.6,35.1,,1.8,51.6,12.5,27.75
143,대구,2024-06-15,25.4,21.7,32.2,4.3,1.7,68.5,6.6,18.08
143,대구,2024-06-16,26.2,21.5,31.5,,2.7,54.8,11.7,28.21
143,대구,2024-06-17,24.8,19.2,30,,1.8,52.4,4.7,17.85
143,대구,2024-06-18,28.3,19.5,35.4,,2.7,41.6,13.1,29.07
143,대구,2024-06-19,29.3,21.4,36.8,,1.5,43,11.6,26.96
143,대구,2024-06-20,25,21.1,28.8,,1.6,54,2.3,14.07
143,대구,2024-06-21,26.2,21.2,30.8,,1.7,63,6.2,19.59
143,대구,2024-06-22,23.4,22.3,24.5,21.2,1.6,88.6,0,4.48
143,대구,2024-06-23,26.1,23.4,30,.1,1.8,77.6,2.6,11.44
143,대구,2024-06-24,26.8,21.8,32.6,,2.2,65,5.7,20.77
143,대구,2024-06-25,24.8,20.9,29.6,,3.3,48.9,9,24.11
143,대구,2024-06-26,24.8,19.6,30.8,,1.8,52.4,11.5,25.78
143,대구,2024-06-27,22,18.1,26.2,4.7,1.2,69.4,0,10.6
143,대구,2024-06-28,26,18.2,34.1,,1.2,63.9,11.5,28.65
143,대구,2024-06-29,24.5,22,29.8,20.3,1.8,80.9,3.9,12.87
143,대구,2024-06-30,26.2,23.6,31,24.4,1.9,85.3,.9,9.44
143,대구,2024-07-01,28,24.4,32.5,0,1.8,66,7.9,22.74
143,대구,2024-07-02,25.2,21.9,27.9,22.1,2.9,84.8,.1,8.34
143,대구,2024-07-03,28.9,24.9,33.9,12.4,2.7,67.9,7.1,22.97
143,대구,2024-07-04,29,22.9,34.8,,2.1,64,11.2,26.35
143,대구,2024-07-05,29,26,32.8,.5,2.9,61.6,7.3,21.42
143,대구,2024-07-06,28.7,24.5,32.9,,1.8,69.1,6,19.51
143,대구,2024-07-07,29,24.6,32.4,7.9,1.6,73.6,2.2,13.93
143,대구,2024-07-08,27.2,26.2,29.2,2.4,.9,82.4,0,4.86
143,대구,2024-07-09,24.4,22.8,27.2,191.3,1.4,93.8,0,4.37
143,대구,2024-07-10,23.9,22,26.2,65.7,2.3,87.6,0,8.02
143,대구,2024-07-11,24.6,21.7,28.2,24,1.4,83,.8,13.58
143,대구,2024-07-12,26.4,22.4,32.7,4.5,1,77.6,7.5,24.36
143,대구,2024-07-13,25.6,21.8,30.1,.8,2,79,5.1,20.17
143,대구,2024-07-14,23.7,22.8,25.3,2.6,2.9,87.4,0,6.24
143,대구,2024-07-15,24.3,22.6,26.6,0,2.9,82.3,0,11.37
143,대구,2024-07-16,25.1,22.2,28.8,5.9,1.5,83.6,2.8,13.51
143,대구,2024-07-17,27.1,23,31.7,0,1.7,78,2.4,16.14
143,대구,2024-07-18,28.5,26.8,30.7,.9,2.3,72.3,0,7.34
143,대구,2024-07-19,27.3,24.2,30.8,1.9,1.5,77,2.4,11.42
143,대구,2024-07-20,26.9,24,30.6,22.7,1.5,79.8,5.6,15.14
143,대구,2024-07-21,29.7,25.9,34.4,2.2,2.4,71.1,7.6,22.33
143,대구,2024-07-22,30.1,25.9,34.2,,1.9,67.4,9.2,22.35
143,대구,2024-07-23,30,27.5,32.8,,2.2,66.6,3,15.05
143,대구,2024-07-24,28.6,26.3,31.2,4.4,1.4,79,5,13.75
143,대구,2024-07-25,29.7,25.3,34.8,,1.4,73.1,6.7,18.48
143,대구,2024-07-26,29.7,26.3,33.4,0,2.3,70.5,7.5,20.1
143,대구,2024-07-27,29.5,26.4,33.9,0,1.8,73.8,3,16.78
143,대구,2024-07-28,30.5,26.6,35.1,,1.9,67.5,8.6,20.69
143,대구,2024-07-29,30.7,26.3,35.6,,2.8,62.3,10.1,22.23
143,대구,2024-07-30,30.3,25.5,35.1,,2.2,64.1,12.1,25.79
143,대구,2024-07-31,30.6,25.4,36.3,,1.9,66.5,10.6,25.99
143,대구,2024-08-01,31.6,27.9,35.5,,2,65.5,6.1,18.94
143,대구,2024-08-02,31.5,27.6,36.3,2.4,1.8,69.9,6.3,20.6
143,대구,2024-08-03,32.1,27.8,37.2,,1.9,67.9,10.1,21.83
143,대구,2024-08-04,29.8,27,35.3,,2.2,74.8,4.7,17.3
143,대구,2024-08-05,28.3,24.4,36,20.6,2.2,78.1,7.3,19.63
143,대구,2024-08-06,29.2,23.8,35.5,,1.9,72.3,10.3,25.35
143,대구,2024-08-07,31,26.5,36.6,,1.6,66.8,9.5,24.64
143,대구,2024-08-08,28.5,24.1,34.1,58,.8,75.1,7.2,19.26
143,대구,2024-08-09,29.3,24.6,35.5,,2.3,68.3,11.2,26.38
143,대구,2024-08-10,28.9,24.6,34.2,,2.6,67.5,10.1,25.15
143,대구,2024-08-11,28.9,24.1,34.4,,2.5,67.6,12.6,25.54
143,대구,2024-08-12,28.4,23.5,34.5,,2.8,68,12.7,26.31
143,대구,2024-08-13,28,23.4,33.6,,2.5,67.8,12.6,25.94
143,대구,2024-08-14,28,23,32.6,,2.7,70.3,9.6,22.12
143,대구,2024-08-15,28.3,24,34.3,,2.9,69.5,11,24.1
143,대구,2024-08-16,28.7,24.3,33.9,,2.3,67,9.6,22.34
143,대구,2024-08-17,29.1,24.7,34.5,,2.2,67,9.7,21.62
143,대구,2024-08-18,29,24.6,34,0,2.7,66,11.9,24.82
143,대구,2024-08-19,29.6,24.6,35.1,0,2,68,7.6,20.3
143,대구,2024-08-20,28.8,26.3,33.6,2,2,79.6,2.1,10.22
143,대구,2024-08-21,28.1,25.6,31.5,3.3,2.1,84,.3,9.8
143,대구,2024-08-22,29.7,26,34.4,0,2.2,72.3,3.4,13.74
143,대구,2024-08-23,30.3,25.1,35.4,,1.9,61.3,11.3,24.62
143,대구,2024-08-24,30.4,25.4,35.8,,1.6,61.6,11.2,22.45
143,대구,2024-08-25,28.9,25.4,35.9,0,2,71.4,8.2,20.17
143,대구,2024-08-26,28.7,25.3,34.4,21.1,2,74.3,5.3,18.01
143,대구,2024-08-27,26.2,23.7,30.9,10.8,3,80.4,.6,10.72
143,대구,2024-08-28,26.6,24.1,29.9,,2.6,68.3,.5,9.3
143,대구,2024-08-29,28.1,25,32.8,.1,2.9,66.4,5.6,16
143,대구,2024-08-30,29.5,25.7,34.8,,2.6,61.3,10.2,23.68
143,대구,2024-08-31,27.6,24.3,33.3,,3,62.8,11.5,23.5
143,대구,2024-09-01,27.9,22.2,34.3,,1.6,62,9.6,22.96
143,대구,2024-09-02,27,22.9,31.7,0,1.8,69.4,3,13.28
143,대구,2024-09-03,24.9,21.9,28.8,0,3,65,2.5,12.66
143,대구,2024-09-04,25.4,19.6,31,,2.4,64,12,24.09
143,대구,2024-09-05,28.4,20.3,35.1,,1.9,58.4,10.3,22.46
143,대구,2024-09-06,25.4,22.5,29.2,15.7,2.4,83.4,.1,9.18
143,대구,2024-09-07,25.4,22.3,30,4.5,1.4,87.6,.5,10.14
143,대구,2024-09-08,27.2,24.7,32.3,.1,2.6,79.3,7.9,19.62
143,대구,2024-09-09,27.5,24.6,32.3,,2.7,73.5,8.5,20.09
143,대구,2024-09-10,28.9,23,35.6,,.5,68.6,10.6,21.2
143,대구,2024-09-11,27.1,25.1,31.1,1.4,1.2,81.9,.2,9.26
143,대구,2024-09-12,27.5,24.5,32.3,25.7,1.7,82.6,2.8,13.88
143,대구,2024-09-13,28.9,25,33.8,,1,73.6,6.9,16.1
143,대구,2024-09-14,28.7,25,34.9,,1.5,74.9,6.2,16.83
143,대구,2024-09-15,26.5,24.7,29.8,,3.1,80.3,2.5,12.82
143,대구,2024-09-16,26,24.4,28.5,,2.6,80.3,0,9.98
143,대구,2024-09-17,29.5,24.3,36.1,,1.4,70.6,9,20.55
143,대구,2024-09-18,29.5,25.8,35.8,0,1.6,73.3,6.3,15.06
143,대구,2024-09-19,29,24.5,34,,1.3,72.4,4.1,14.32
143,대구,2024-09-20,26.2,25.2,28.2,16.4,1.2,90.5,0,2.67
143,대구,2024-09-21,21.2,19.7,25.4,87.6,3.1,95.6,0,3.05
143,대구,2024-09-22,22.1,19.9,25.4,0,2.4,75.8,1.7,10.33
143,대구,2024-09-23,19.7,15.2,23.6,,2.8,60.9,10,21.11
143,대구,2024-09-24,19.7,13.6,25.7,,2,75.6,7.7,19.38
143,대구,2024-09-25,22.5,17.3,28.2,,1.6,74,9.7,17.43
143,대구,2024-09-26,23.3,18.1,29,,1.2,72.9,7.1,16.25
143,대구,2024-09-27,23.4,20.4,29.7,,1.7,77.6,4.6,14.22
143,대구,2024-09-28,21.8,19.2,25.9,.1,1.8,81.6,3,10.57
143,대구,2024-09-29,21.3,17.4,26.1,,2.2,74.1,6.6,15.88
143,대구,2024-09-30,21.3,15,28.8,,1.1,70.6,10.5,19.55
146,전주,2024-05-20,20.2,13.9,26.6,,1.3,62.3,11.6,24.47
146,전주,2024-05-21,20.4,15.2,29.5,,1.2,73.8,10.1,26.04
146,전주,2024-05-22,21.3,15.8,28.5,,1.4,70.4,10,26
146,전주,2024-05-23,21,16,28.5,,1.5,67.1,12.6,27.31
146,전주,2024-05-24,19.7,14.8,27,,1.4,73.6,10.3,24.97
146,전주,2024-05-25,21.2,16.8,24.9,,1,70.4,3.2,12.43
146,전주,2024-05-26,21.7,17.6,26.5,5.5,2.4,67.4,6.1,15.5
146,전주,2024-05-27,18.2,15,22.8,,2.2,65.1,10.3,23.15
146,전주,2024-05-28,19.6,13.3,25.4,,1.8,56.3,10.8,25.14
146,전주,2024-05-29,21.3,13.9,28,,1.5,55.6,13.4,28.13
146,전주,2024-05-30,21.3,16.5,26.2,,1.2,53.9,1.3,12.6
146,전주,2024-05-31,20.8,17.7,25.8,,1.8,60.5,12.5,27.09
146,전주,2024-06-01,19.2,16.4,24.4,0,2.4,68.3,7,18.85
146,전주,2024-06-02,20.1,14,25.7,,1.8,58.4,12.4,26.78
146,전주,2024-06-03,20.7,13.9,27.8,9.4,1.7,59.5,12.7,28.58
146,전주,2024-06-04,21.3,16.4,27.6,,1.6,66.6,12.6,27.91
146,전주,2024-06-05,21.7,17.7,28.3,,1.4,68.8,7.4,21.92
146,전주,2024-06-06,22,18.2,28.3,,1.3,62.3,10.1,24.32
146,전주,2024-06-07,22.2,16.4,28.6,0,1.3,58.3,7.4,20.43
146,전주,2024-06-08,20.9,18.7,23.4,4.7,1.2,81.1,.9,8.14
146,전주,2024-06-09,23.2,19.3,28.8,,1.3,70.1,10.3,23.9
146,전주,2024-06-10,24.9,17.9,31.4,,1.6,60.3,12.3,26.14
146,전주,2024-06-11,24.8,20.1,30.7,,1.6,61.5,11.5,26.41
146,전주,2024-06-12,25.1,18.2,32.8,,1.4,54.3,12.9,28.34
146,전주,2024-06-13,25.8,19,33.4,,1.5,50.9,13.6,28.27
146,전주,2024-06-14,26.1,21.5,33.3,,1.5,56.1,11.2,25.32
146,전주,2024-06-15,25.3,22.3,30.2,,1.8,68.6,9.3,21.86
146,전주,2024-06-16,23.7,20.6,28.8,,2.1,66.8,10.1,26.61
146,전주,2024-06-17,23.5,18.4,27.8,,1,62.8,3.4,15.58
146,전주,2024-06-18,24.8,18,32.3,,1.6,58,13.7,28.56
146,전주,2024-06-19,26.9,19.4,36.5,,1.5,51.6,10.5,25.2
146,전주,2024-06-20,25,20.3,29,,1.1,57.3,3,13.7
146,전주,2024-06-21,26.3,21.3,32.5,,1.3,60.5,11.8,25.07
146,전주,2024-06-22,24.5,22.7,25.5,12.7,1.5,84.6,0,4.36
146,전주,2024-06-23,24.3,22,27.3,2.2,2,84.6,1.2,8.3
146,전주,2024-06-24,24.3,20.5,29.2,0,2.3,75.3,4.6,17.93
146,전주,2024-06-25,23.2,18.8,27.7,,1.7,63.9,11.4,24.09
146,전주,2024-06-26,24.8,19.8,30.1,,1.5,63.3,11.5,26.63
146,전주,2024-06-27,24,20.2,27.5,,1,61.8,.2,11.08
146,전주,2024-06-28,25.8,20.2,32.1,,1.4,60.4,13.1,26.88
146,전주,2024-06-29,24.4,22.5,28.5,35.8,1.9,82.3,2.6,9.13
146,전주,2024-06-30,24.5,23.3,26.2,37.1,2.6,90.6,0,3.84
146,전주,2024-07-01,26,22.7,31,1.2,1.2,78,9.2,22.97
146,전주,2024-07-02,27.2,23.4,30.8,11.5,2.1,79.6,.1,7.5
146,전주,2024-07-03,26.8,23.8,30.6,25.2,2.7,75,9.5,23.87
146,전주,2024-07-04,28.3,22.6,32.8,,1.6,69.4,7.8,21.19
146,전주,2024-07-05,26.2,23.6,29.7,6.9,2.3,74,8.5,22.02
146,전주,2024-07-06,28.8,26,32.1,,2.5,71.9,5.1,17.91
146,전주,2024-07-07,28,25.4,30.1,11.7,1.8,80.1,0,7.84
146,전주,2024-07-08,26.3,25.1,28.2,35.8,1.3,89.1,0,3.34
146,전주,2024-07-09,24,22.5,26,84.5,1.7,93.9,0,2.44
146,전주,2024-07-10,23.8,22,25.8,72.9,2.2,92.4,0,3.98
146,전주,2024-07-11,24.3,22.7,27.1,0,1,82.4,.2,9.59
146,전주,2024-07-12,25.3,22.3,30.6,0,1.1,79.6,5.1,18.67
146,전주,2024-07-13,26.9,22.4,31.1,,1.3,71.3,8.9,20.63
146,전주,2024-07-14,27,23.8,30.8,0,1.4,73.3,5.2,17.43
146,전주,2024-07-15,26.8,23.5,32.5,7.7,1.3,75.9,6.7,21.48
146,전주,2024-07-16,26.2,23.4,29.3,2.1,1.9,81.4,.4,8.58
146,전주,2024-07-17,28.2,24.8,31.2,,1.9,73.6,2.8,15.45
146,전주,2024-07-18,27.1,24.7,29.1,34.7,2.7,79.4,.1,6.92
146,전주,2024-07-19,26.1,24,29.6,1.9,1.4,83.1,3.1,11.71
146,전주,2024-07-20,27,23.2,32,33.7,2,80.9,5.6,14.07
146,전주,2024-07-21,29.4,25.8,33,8.5,2.5,73,7.9,21.87
146,전주,2024-07-22,29.6,26.7,32.8,,2.2,70,5.2,16.74
146,전주,2024-07-23,28.6,26.6,30.4,0,1.5,74.9,0,6.64
146,전주,2024-07-24,28,24.6,33.2,42,1.4,81.8,5.7,17.93
146,전주,2024-07-25,29.6,25.4,34.3,,1.4,73.5,8.1,18.06
146,전주,2024-07-26,28.3,26.2,33.4,3.6,1.7,81.5,5.5,14.87
146,전주,2024-07-27,28.7,26.2,31.9,14.4,1.9,82.1,3.1,13.29
146,전주,2024-07-28,30.5,27.1,34.6,,2.1,68.5,11.7,23.83
146,전주,2024-07-29,29,26.1,32.8,,2.3,73.8,10.6,24.2
146,전주,2024-07-30,28.6,26.6,32.7,,1.6,77.4,8.3,19.99
146,전주,2024-07-31,29.7,26.2,34.8,,1.2,77.6,8,19.41
146,전주,2024-08-01,29.9,26.6,34.9,,1.2,76.4,4.5,14.71
146,전주,2024-08-02,30.3,27.7,34.3,0,1.6,79.6,8.7,19.81
146,전주,2024-08-03,30.3,28.1,34.7,1.9,1.4,80.8,7.7,20.32
146,전주,2024-08-04,30.6,27,35.9,,1.2,76.9,9.3,23.73
146,전주,2024-08-05,28,24.2,33.9,25.1,1.3,86,4.4,9.18
146,전주,2024-08-06,29.4,24.6,33.7,,1.2,79.1,11.4,23.81
146,전주,2024-08-07,30,26.7,34.4,,1.4,76.4,9.1,22.01
146,전주,2024-08-08,27.5,24.8,31.1,2,1,84.3,4.3,13.49
146,전주,2024-08-09,28.9,24,34.3,,1.2,76.5,11.7,24.57
146,전주,2024-08-10,30.1,26.4,35.2,0,1.2,72.1,10,22.6
146,전주,2024-08-11,30.5,26.4,35.3,0,1.1,69.6,10.5,20.65
146,전주,2024-08-12,30.4,26.6,34.8,,1.3,73.5,7.6,16.03
146,전주,2024-08-13,30.8,27.3,35.2,0,1.2,72.6,9.9,23.27
146,전주,2024-08-14,30.6,26.6,35.8,,1.3,68,11.4,22.74
146,전주,2024-08-15,28.7,24.4,34.3,27.5,1.3,76.6,8.5,19.29
146,전주,2024-08-16,27.7,25.2,33.5,17.1,1.3,80.4,6.7,15.31
146,전주,2024-08-17,27.6,25,34.4,31.9,1.2,81.9,5.9,15.39
146,전주,2024-08-18,28.1,24.5,33,4.5,1,82.4,7.8,17.67
146,전주,2024-08-19,30.1,25.5,35.2,.3,1.1,72.8,12,23.85
146,전주,2024-08-20,30.4,26.5,34.8,.1,1.6,75.3,8.1,18.32
146,전주,2024-08-21,29.2,26.6,34,18.1,1.9,83.5,2.7,13.05
146,전주,2024-08-22,28.9,26.7,32.9,.6,2.4,81.4,6.2,14.84
146,전주,2024-08-23,28.5,24.7,32.8,,1.6,79.3,9.5,20.1
146,전주,2024-08-24,28.7,24.8,33.2,,1.3,78.1,8.7,20.32
146,전주,2024-08-25,28.6,25.2,32.4,,1.1,79.8,5.7,15.25
146,전주,2024-08-26,28.8,25.3,33.6,0,1.3,75.6,6,17.83
146,전주,2024-08-27,27.4,24.7,31.2,0,1.3,82.9,.2,8.69
146,전주,2024-08-28,28.4,23.4,34.2,,1.8,67,11.2,20.88
146,전주,2024-08-29,28.8,23.8,34.7,0,2.1,65.4,11.1,21.15
146,전주,2024-08-30,28,23.7,33.6,,2.1,72.8,11.9,23.64
146,전주,2024-08-31,27.1,22.9,32.3,,1.2,72.3,10.4,21.39
146,전주,2024-09-01,27.5,23.8,31.9,,1.5,72.1,10.9,21.97
146,전주,2024-09-02,26.6,23.4,30.4,,.9,74.4,2.7,12.28
146,전주,2024-09-03,27.6,24.4,31.3,1,.8,69.1,1.8,10.28
146,전주,2024-09-04,28,22.7,33.6,,1.2,61.1,11.9,23.11
146,전주,2024-09-05,27.2,23.4,32.4,.5,1.7,75.6,9,20
146,전주,2024-09-06,26.7,24.5,29.5,0,.9,83,0,6.07
146,전주,2024-09-07,26.9,24.6,30.3,.6,1,82,2.7,8.88
146,전주,2024-09-08,27.2,23.2,33,,1.1,74,11.8,21.83
146,전주,2024-09-09,28.5,24.4,34.1,,1.1,74.1,7.5,16.08
146,전주,2024-09-10,29.9,24.4,35.5,,1.1,69.3,10.6,20.26
146,전주,2024-09-11,27.8,25.8,34.2,14.4,1.1,84.5,1.4,9.32
146,전주,2024-09-12,27.5,25.8,33.9,5,1,88.3,.5,9.44
146,전주,2024-09-13,28.8,24.8,34,,1.4,76.6,9.8,18.63
146,전주,2024-09-14,28.9,24.9,33.6,,1.3,75.4,11.5,21.48
146,전주,2024-09-15,29.5,24.9,35,.4,1.2,74.4,9.8,19.38
146,전주,2024-09-16,29.4,25.9,32.9,,1.1,73.5,1.7,9.08
146,전주,2024-09-17,29.6,25.9,35.1,0,1.5,75.5,10.1,17.84
146,전주,2024-09-18,28.6,23.9,35.5,18.9,1.4,79.5,8,17.58
146,전주,2024-09-19,29.8,24.7,35.2,,1.4,73.8,9.3,19.03
146,전주,2024-09-20,26.4,24.7,29.1,29.3,1.4,91,0,3.76
146,전주,2024-09-21,24.4,21.2,26.9,114.7,1.3,96.6,0,2.27
146,전주,2024-09-22,22.5,19.8,26.6,.2,1,83.9,.6,8.18
146,전주,2024-09-23,22.8,19.1,28.2,,1.4,64,8.2,17.58
146,전주,2024-09-24,22,16.9,28.4,,1.1,61.4,9.7,18.49
146,전주,2024-09-25,23.4,18.8,29,,1,73.8,7.1,13.26
146,전주,2024-09-26,24.7,21.3,29.5,,1.2,76.4,8,16.34
146,전주,2024-09-27,23.5,20.2,28.7,,1.1,78.5,8.2,17.3
146,전주,2024-09-28,24.7,19.2,31.2,,1.5,68.6,8.7,16.73
146,전주,2024-09-29,24.1,19.8,29.9,,1.5,64.4,8.3,16.67
146,전주,2024-09-30,22.4,16.5,28.7,,1,61,11,19.34
152,울산,2024-05-20,19.6,13.9,28.5,,1.7,63.5,11.8,26.96
152,울산,2024-05-21,16,12.7,20.5,,2.3,75.3,7.4,23.34
152,울산,2024-05-22,17.8,10.3,24.3,,1.2,71,12.9,26.88
152,울산,2024-05-23,22.2,16,27,,1.4,62.4,12.2,28.11
152,울산,2024-05-24,19.5,16.7,23,,2.7,60.8,11.7,27.55
152,울산,2024-05-25,17.7,15,21.4,,2.1,63.6,8.8,25.69
152,울산,2024-05-26,20.1,13,25.6,1.1,3,77.6,6.9,20.4
152,울산,2024-05-27,22,18.7,25.3,,2.5,50.1,9.6,24.51
152,울산,2024-05-28,17.4,12.5,22,,3.3,59.6,8.5,23.19
152,울산,2024-05-29,18,10.2,25.9,,1.4,65.1,12.4,28.14
152,울산,2024-05-30,19.6,14.5,24.8,0,.9,65.6,.3,11.75
152,울산,2024-05-31,21.5,17.3,27.6,0,1.5,55.5,8.8,24.84
152,울산,2024-06-01,19.9,16.6,24.1,0,2.1,63.1,4.9,16.23
152,울산,2024-06-02,17.6,14,22.4,,2,75.3,5.9,17.46
152,울산,2024-06-03,17.8,15.4,21.5,.1,2.3,72.8,7.8,24.7
152,울산,2024-06-04,17.3,14,21.3,,2.3,73.3,7.7,21.92
152,울산,2024-06-05,18.5,11.8,25.5,,1.3,66.6,11.7,28.37
152,울산,2024-06-06,19.6,15.1,25.2,,1.1,73.3,2.6,17.16
152,울산,2024-06-07,21.4,15.5,26.8,,1,67,11.3,25.33
152,울산,2024-06-08,19.4,17.2,24.2,16.5,1.1,83.3,.4,6.48
152,울산,2024-06-09,20,18.1,23.3,3.7,.4,89.9,.6,9.27
152,울산,2024-06-10,23.6,16.6,29.9,,.8,70.9,12.9,27.45
152,울산,2024-06-11,25.2,19.4,32.3,,1.2,63.8,11.6,27.74
152,울산,2024-06-12,25,20.1,31,0,.9,65.9,9.6,25.1
152,울산,2024-06-13,25.4,20.2,31.3,,1.3,62.6,12.5,28.56
152,울산,2024-06-14,24.2,18.4,29.5,,1.1,67,12.5,28.42
152,울산,2024-06-15,24.3,20.4,29.9,24,1.5,72.1,9.9,24.43
152,울산,2024-06-16,24.2,19.7,30.1,,1.6,70.3,10.8,26.8
152,울산,2024-06-17,23,18.9,27.8,,1.5,60,2,14.68
152,울산,2024-06-18,24.9,17.6,31.2,,1.4,53.6,13.1,29.42
152,울산,2024-06-19,26.7,19.8,33.2,,1.4,52.1,12.3,26.4
152,울산,2024-06-20,23,19.6,26.5,,1.5,66.9,.7,10.88
152,울산,2024-06-21,23.8,20.5,29.4,,1.4,73.1,7.5,20.18
152,울산,2024-06-22,22.8,20.8,23.9,33.7,1,91.4,0,3.25
152,울산,2024-06-23,24.3,22.2,27.6,0,.9,83.9,.6,10.84
152,울산,2024-06-24,25.6,21.3,30.4,,2.5,72.3,7,22.41
152,울산,2024-06-25,23.9,20.8,28.2,,1.9,54.4,4.6,20.4
152,울산,2024-06-26,22.8,18.8,27.4,,1.5,58.5,10.7,24.06
152,울산,2024-06-27,21.3,17.6,24.5,0,1,70,0,9.54
152,울산,2024-06-28,23.1,18.5,27.8,,1.4,74.4,12.8,29.03
152,울산,2024-06-29,23.5,19.6,28,35.9,2.1,85,4.6,13.57
152,울산,2024-06-30,25.5,23.5,27.3,10.7,3.6,84.3,.4,9.58
152,울산,2024-07-01,26,23,30.2,,1.4,77,9.1,23.54
152,울산,2024-07-02,23.2,21.5,25.4,48.5,1.1,91.5,0,5.97
152,울산,2024-07-03,27.6,25.2,31.3,.2,4,75.8,4.5,19.09
152,울산,2024-07-04,27.8,22.4,33.6,,1.9,67.5,13.2,29.53
152,울산,2024-07-05,28.5,23.1,32.7,0,3.1,68.5,10.8,26.61
152,울산,2024-07-06,27.1,22.2,30.5,,3.2,72.6,9.7,22.52
152,울산,2024-07-07,28.3,26,31.9,,4.1,73,4.7,19.68
152,울산,2024-07-08,26.6,24.3,29.2,1.6,2.8,81,0,8.1
152,울산,2024-07-09,24.5,23,27.4,61.3,1.4,91.4,.1,5.48
152,울산,2024-07-10,23,21.3,27,18,1.7,92.5,0,3.83
152,울산,2024-07-11,22.8,21.2,26,,.9,87,.4,12.43
152,울산,2024-07-12,24.7,20.9,30.4,,1.1,80.5,11.7,26.29
152,울산,2024-07-13,24.2,20.1,28.3,0,1.3,81.4,5.7,20.74
152,울산,2024-07-14,22.8,21.9,24.8,58.4,1,92.9,0,3.98
152,울산,2024-07-15,23.2,21.6,25.6,0,1.6,88.8,.2,9.12
152,울산,2024-07-16,24.1,22.1,26.4,8.5,.8,89.9,.2,8.37
152,울산,2024-07-17,26,22.9,29.9,0,2.1,83,.7,10.72
152,울산,2024-07-18,27,25.1,29,0,3.2,80.3,.6,7.99
152,울산,2024-07-19,26,24.2,28.7,4,2.2,81.9,2.1,11.4
152,울산,2024-07-20,27.6,22.5,31.5,8.7,2.9,76.6,9.6,20.1
152,울산,2024-07-21,29.4,27.1,33,0,3.4,67.6,9.7,23.59
152,울산,2024-07-22,29.4,25.7,32.7,,3.2,69.4,9.9,25.07
152,울산,2024-07-23,29.2,27.6,32.6,0,3.8,70.1,3.6,17.39
152,울산,2024-07-24,28.1,23.4,31.8,0,2.7,73.8,8.5,24.03
152,울산,2024-07-25,28.3,25.4,33.4,,1.4,77.3,11.2,24.22
152,울산,2024-07-26,28.6,25.3,32.3,,2.1,76.5,7.2,20.25
152,울산,2024-07-27,29.8,27,32.5,,3.7,71.1,10.2,24.99
152,울산,2024-07-28,29.8,26.6,33.8,,3.3,67.4,12.3,26.67
152,울산,2024-07-29,30.6,25.4,35.3,,2.2,62.4,12.4,27.47
152,울산,2024-07-30,30.2,25.4,35.1,,2.1,65.4,12.7,28.06
152,울산,2024-07-31,30.4,25.7,35.1,,1.5,66.9,12.6,27.33
152,울산,2024-08-01,30.7,26.2,35.6,,1.7,67.8,11.4,25.1
152,울산,2024-08-02,30.9,26.8,35.9,,1.4,68.6,12.4,26.48
152,울산,2024-08-03,30.9,28.1,35.4,,1.6,69.5,9.4,21.99
152,울산,2024-08-04,29,26.2,33,0,1.6,76.4,5.8,19
152,울산,2024-08-05,28.7,25.4,32.6,,1.5,73,11.4,25.4
152,울산,2024-08-06,28.4,24.4,32.7,,1.5,75.4,7.9,19.7
152,울산,2024-08-07,28.4,24.4,34.1,3.7,1.3,77.3,11,24.39
152,울산,2024-08-08,27.3,24.6,34.4,12.3,1.4,81,7.4,17.78
152,울산,2024-08-09,28,24.8,32.2,,2,75.5,12.4,25.9
152,울산,2024-08-10,27.5,23.6,31.6,,1.9,76.8,12.3,26.59
152,울산,2024-08-11,27.2,23.5,31.8,,1.9,74.8,12.1,26.67
152,울산,2024-08-12,26.7,22.4,31.1,,2.1,76,11.9,26.16
152,울산,2024-08-13,27,23.4,31.6,,2.3,72.8,11.7,24.13
152,울산,2024-08-14,27,23.5,31.1,0,2.1,78,7.8,20.61
152,울산,2024-08-15,27.2,24.4,31.8,0,2.2,77.5,6.6,20.12
152,울산,2024-08-16,27.5,24.2,31.7,,2.5,74.4,9.6,23.36
152,울산,2024-08-17,27.7,24.4,32.1,,2.1,74.6,10.5,22.97
152,울산,2024-08-18,27.6,23.7,31.9,,2,72.5,11.5,22.81
152,울산,2024-08-19,28.7,23.6,33.6,0,1.5,74.9,8.8,21.1
152,울산,2024-08-20,28.8,24.1,32.1,51.4,2.7,81.1,3.4,14.04
152,울산,2024-08-21,28.3,25.4,32.2,2.6,2.9,81.3,2.4,12.15
152,울산,2024-08-22,29.2,25.5,33.1,.4,2.8,77,8,20.36
152,울산,2024-08-23,29.5,25.6,33.7,,1.6,67.3,11.6,24.38
152,울산,2024-08-24,28.8,24.5,33.5,,1.4,71.5,11.5,22.92
152,울산,2024-08-25,28,24.1,32.9,,1.4,76.5,10.7,22.44
152,울산,2024-08-26,27.4,24.1,31.9,0,1.3,81.8,6.2,15.52
152,울산,2024-08-27,25.4,24.3,29.5,6.5,2.2,84.9,1,8.27
152,울산,2024-08-28,25.3,23.1,27.5,2.8,3.7,84.4,1.5,10.17
152,울산,2024-08-29,27.2,25,29.9,7.8,4.6,79.5,5.3,19.58
152,울산,2024-08-30,27,23.8,30.8,1.6,3.9,73,8.1,21.74
152,울산,2024-08-31,25.5,22.1,30.1,,2.3,74,10.4,22.96
152,울산,2024-09-01,25.7,21.4,30.2,,1.5,75.8,10,21.2
152,울산,2024-09-02,26,22.2,31.2,0,1.9,75.8,4.9,15.62
152,울산,2024-09-03,23.8,21.6,26.8,9,2.8,75.5,5.1,16.57
152,울산,2024-09-04,23.9,19.9,28.4,,2.2,74.4,11,23.55
152,울산,2024-09-05,26.6,19.3,33.4,,1.9,64.3,11.9,23.66
152,울산,2024-09-06,25.1,23,28.2,.1,1.9,81.3,0,7.1
152,울산,2024-09-07,25.6,22.1,29.9,.3,1.3,85.1,2.6,13.36
152,울산,2024-09-08,26.1,23.8,29.8,0,1.8,83.9,1.9,12.64
152,울산,2024-09-09,26.6,24.4,29.8,0,2,78.9,6.8,18.29
152,울산,2024-09-10,27.9,22.6,33.3,,1.4,72.9,10.7,22.1
152,울산,2024-09-11,27.2,24.5,32.8,11.6,1.3,82.5,1.7,12.05
152,울산,2024-09-12,26.4,23.9,31.3,0,1.5,86.5,4.6,15.31
152,울산,2024-09-13,28.1,24.3,32.8,,1.4,80.3,10.8,21.43
152,울산,2024-09-14,28,24.2,33.3,,1.7,77,10.9,21.43
152,울산,2024-09-15,25.7,24.2,27.7,5.9,2.5,86.8,.2,6.62
152,울산,2024-09-16,24.1,23.1,25.7,18.2,2.4,91.5,0,5.53
152,울산,2024-09-17,27.8,23.5,33.2,,1.1,81.9,8.8,20.94
152,울산,2024-09-18,28,25.1,32.8,,1.3,78.3,6.8,16.52
152,울산,2024-09-19,28,24.2,33.4,,1.2,78.4,8,19.93
152,울산,2024-09-20,26.4,24.7,29.4,26.1,1.8,87.6,.1,4.86
152,울산,2024-09-21,20.9,19.7,25.2,158.4,2.2,94.6,0,1.44
152,울산,2024-09-22,20.4,18.3,23.3,1.4,2.9,88.5,0,6.32
152,울산,2024-09-23,19.7,17.5,22.9,0,3.5,63.8,8.5,20.06
152,울산,2024-09-24,19.9,16.6,24.3,.3,2.5,76.8,2.3,11.07
152,울산,2024-09-25,22.1,17.6,26.7,,1.9,75.6,8.2,17.95
152,울산,2024-09-26,22.8,16.3,28.5,,1.2,77.3,7.9,16.51
152,울산,2024-09-27,23,19.9,27.2,,1.9,82.4,6.4,14.98
152,울산,2024-09-28,21.6,20.2,26.4,5.7,2.8,85.1,2.9,12.16
152,울산,2024-09-29,21.5,19.5,24.9,,2.7,72.8,7.9,17.98
152,울산,2024-09-30,21.3,16.9,26.4,,1.8,77.3,6.8,16.01
155,창원,2024-05-20,22.5,16.6,31.2,,1.8,54.1,12,26.47
155,창원,2024-05-21,19.6,15.4,24.7,,1.6,71.6,11.8,27.71
155,창원,2024-05-22,19.4,14.7,24.3,,1.6,71.9,9.4,23.93
155,창원,2024-05-23,23.4,16.7,30.6,,1.5,63.1,12.3,28.1
155,창원,2024-05-24,21.9,17.2,28,,2.1,63,12.5,28.41
155,창원,2024-05-25,20.1,16.4,24.6,,1.6,50.3,7.6,22.37
155,창원,2024-05-26,19.8,14.2,23.7,16.6,2.4,79.1,3,12.44
155,창원,2024-05-27,22.1,19.6,27.1,.2,1.3,55.9,9.1,23.56
155,창원,2024-05-28,20.6,15.6,26.4,,2.1,51.1,5.7,20.59
155,창원,2024-05-29,20,13.2,26.6,,1.6,68.3,12.6,28.52
155,창원,2024-05-30,19.9,16.1,26.4,.6,1.2,68.8,1.6,13.97
155,창원,2024-05-31,21.7,16,29.1,.2,1.5,68.5,9.9,26.7
155,창원,2024-06-01,21.7,17.6,28.2,,1.7,57.9,9.2,24.78
155,창원,2024-06-02,20.1,15.9,26.8,,2.1,66.6,9.7,24.38
155,창원,2024-06-03,19,15.3,24.1,0,2.2,73.6,9.2,26.13
155,창원,2024-06-04,19.4,14.7,25.6,,1.8,69,12.9,30.52
155,창원,2024-06-05,19.8,15,24.5,,1.9,72.6,10.4,25.77
155,창원,2024-06-06,20.1,16.6,24.1,,1.3,75.5,1,14.58
155,창원,2024-06-07,22.5,16.4,28.8,,1.5,64.6,10.2,23.99
155,창원,2024-06-08,19.3,18,21.6,26.6,1.2,89.3,.1,4.15
155,창원,2024-06-09,21.4,18.7,25.7,.5,1.6,86.3,3.8,14.95
155,창원,2024-06-10,23.3,20.2,29.2,,1.6,78,9.2,25.37
155,창원,2024-06-11,24.3,18.5,31.8,,1.5,69.9,12,26.74
155,창원,2024-06-12,25,18.6,32.3,,1.3,67.3,11.8,27.51
155,창원,2024-06-13,25.6,20.5,32.6,,1.6,66.3,11.4,27.63
155,창원,2024-06-14,25,19.2,30.9,,1.8,69.9,12.8,28.9
155,창원,2024-06-15,26.4,20.8,32.9,.6,1.7,68.5,11.5,27.17
155,창원,2024-06-16,24.8,20.3,31.2,,1.4,71.8,9.5,23.38
155,창원,2024-06-17,23.1,20,28.8,,1.1,67.8,.9,11.94
155,창원,2024-06-18,25.5,18.3,34.1,,2.1,57.4,12.8,29.49
155,창원,2024-06-19,26.4,20.6,33.8,,1.4,58.3,9.5,24.19
155,창원,2024-06-20,22.7,19.9,25.3,,1,75.6,0,6.98
155,창원,2024-06-21,25,21.3,28.8,,1.9,73,7,20.97
155,창원,2024-06-22,23.5,22.6,24.5,36.6,1.6,91.9,0,2.98
155,창원,2024-06-23,24.8,22.9,28.7,.1,1.8,86,1.6,12.53
155,창원,2024-06-24,24.4,22.3,28.2,,2.3,84.4,2.9,15.07
155,창원,2024-06-25,23.7,19.9,28.5,,1.2,62.1,4.6,17.86
155,창원,2024-06-26,22.8,18.8,29.4,,1.6,62.8,10.1,23.65
155,창원,2024-06-27,21.1,18.2,24.6,0,.9,72,0,7.59
155,창원,2024-06-28,24.1,18.6,30,0,1.9,75.9,12.9,29.36
155,창원,2024-06-29,23.6,21.4,25.9,75,2,88.8,.7,7.41
155,창원,2024-06-30,24.3,23.2,25.2,38.3,2.2,93.4,0,4
155,창원,2024-07-01,26,22.8,30.1,,1.7,84.3,9.4,23.45
155,창원,2024-07-02,24.9,22.9,26.1,54.4,2.2,94.3,0,2.55
155,창원,2024-07-03,26.3,24,29.8,6.8,2.7,87.4,6.1,17.71
155,창원,2024-07-04,26.9,23.4,32.4,,2.8,81.9,11.1,27.86
155,창원,2024-07-05,27.3,24.5,31.7,2.8,2.3,81,8.6,23.33
155,창원,2024-07-06,26.5,24,29.6,,2.6,84.4,4,16.83
155,창원,2024-07-07,27.3,25.7,31.3,,2.4,83.9,1.8,15.73
155,창원,2024-07-08,26.5,25.8,27.9,0,2.3,87.9,0,5.56
155,창원,2024-07-09,25.8,24.6,28.8,3.7,1.4,91.6,0,4.51
155,창원,2024-07-10,25.4,22,28.7,30.8,3.3,88.6,2.2,11.19
155,창원,2024-07-11,23.4,21.9,26.3,.7,1.4,90.3,.7,11.03
155,창원,2024-07-12,25.4,21.7,31.2,,1.7,82.5,9.4,25.91
155,창원,2024-07-13,24.8,21,28.3,0,1.5,82.6,4.5,16.2
155,창원,2024-07-14,23.8,22.7,25.9,35.3,1,93.4,0,6.29
155,창원,2024-07-15,24.9,23.1,28.2,.1,1.4,88.3,.3,9.72
155,창원,2024-07-16,23.5,23,24.4,43.6,1.2,95.8,0,2.33
155,창원,2024-07-17,26.6,23.4,29.2,,2,89.6,.5,8.84
155,창원,2024-07-18,26.9,25.6,29.1,2.9,3.4,88.8,.4,6.51
155,창원,2024-07-19,25.2,23.9,28.5,23.4,1.6,91.9,2.1,9.18
155,창원,2024-07-20,26.9,22.8,30.9,0,1.9,85.6,5.4,16.73
155,창원,2024-07-21,28.5,24.8,32.9,4.4,2.3,80.9,8.8,22.93
155,창원,2024-07-22,29.4,26.6,33.1,,2.4,80.5,8,23.08
155,창원,2024-07-23,29.6,27.4,32.9,1.2,2,79.6,3.7,17.04
155,창원,2024-07-24,26.1,24.5,28.2,15.5,2.1,92.8,.9,9.78
155,창원,2024-07-25,28.6,25.8,32.5,0,1.9,84.8,8.6,20.76
155,창원,2024-07-26,28.4,26,31.8,.1,2.1,83.8,5.1,17.29
155,창원,2024-07-27,28.9,26.1,32.6,1.3,2.6,84.5,5.5,18.81
155,창원,2024-07-28,30,27.5,33.8,,2.2,77.3,10.5,25.75
155,창원,2024-07-29,30,25.8,34.9,,1.7,75.9,9.7,23.01
155,창원,2024-07-30,30.3,24.8,37.3,,1,73,12.4,28.2
155,창원,2024-07-31,29.9,25.4,35,,1.7,76.3,12.4,27.98
155,창원,2024-08-01,29.8,25.6,34.4,,1.8,78.3,10.5,23.86
155,창원,2024-08-02,30.7,26.3,35.1,,1.8,77.8,12.1,26.68
155,창원,2024-08-03,30.7,27.3,37,5.4,1.1,80.5,9,20.35
155,창원,2024-08-04,29.9,27,34.6,,1.5,83.5,7.9,21.23
155,창원,2024-08-05,29,26.4,33.7,,1.7,79.5,11.1,25.32
155,창원,2024-08-06,29.1,25.8,34.3,,1.6,78.5,9.2,22.59
155,창원,2024-08-07,29.7,26,35.7,,1.7,79.3,11.6,26
155,창원,2024-08-08,29.1,24.5,36,23.4,1.4,79.9,8.6,20.61
155,창원,2024-08-09,29.1,25.1,33.6,,1.9,78.6,12.2,26.32
155,창원,2024-08-10,28.8,25.9,33.4,,1.8,79.8,11.2,24.67
155,창원,2024-08-11,28.3,24.9,33.2,,1.8,75.4,12.1,25.58
155,창원,2024-08-12,28.5,24.8,34.1,,1.7,73.5,12.1,26.37
155,창원,2024-08-13,28.6,23.6,33.7,,1.5,70.1,10.8,22.95
155,창원,2024-08-14,29,24.9,34.6,0,1.6,72.4,10.1,23.86
155,창원,2024-08-15,28,25.4,34.6,18.9,1.6,81.3,8.2,20.9
155,창원,2024-08-16,28.2,24.3,33.9,,1.5,78.6,8.3,21.39
155,창원,2024-08-17,28.9,25.4,34.2,,1.8,74.5,9.3,22.26
155,창원,2024-08-18,28.8,25.4,33.3,,1.9,72.1,11.5,24.6
155,창원,2024-08-19,29.4,25.3,33.3,1,1.5,76.5,7.7,18.98
155,창원,2024-08-20,29.1,26.1,32.8,27.5,2.4,83.9,3.6,13.71
155,창원,2024-08-21,27.8,26,30.7,41.8,2.3,91.8,1.2,8.77
155,창원,2024-08-22,29.4,27.1,33,15.4,2.6,84.9,4.8,16.48
155,창원,2024-08-23,29.3,24.7,33.8,0,1.5,78.6,11.8,24.47
155,창원,2024-08-24,29.5,25.9,34.8,,1.3,77.4,9.6,19.69
155,창원,2024-08-25,28.8,25.7,33.7,,1.7,80.3,10.7,22.49
155,창원,2024-08-26,29.1,26.1,33.3,,1.8,79.5,10.3,23.1
155,창원,2024-08-27,28,25.8,33.3,0,1.6,76.1,2.4,12.06
155,창원,2024-08-28,27.4,25.4,29.7,0,3,73.4,2.3,10.14
155,창원,2024-08-29,28.9,25.9,31.9,0,3.4,67.8,5,13.67
155,창원,2024-08-30,30.1,26.7,34.6,,2.1,63.8,9.7,22.08
155,창원,2024-08-31,27.7,24.6,33.7,,1.9,67.4,11.7,24.47
155,창원,2024-09-01,27,22.9,32.5,,1.6,74,10.7,21.25
155,창원,2024-09-02,27.6,23.8,32.7,.2,1.2,75.5,4.7,14.23
155,창원,2024-09-03,26.1,23,29.4,0,2.2,68.3,3,12
155,창원,2024-09-04,25.7,21,32.1,,1.6,69.4,11.2,23.03
155,창원,2024-09-05,27.4,21.6,33,,1.7,70,11.4,23.43
155,창원,2024-09-06,27.4,25.4,32.2,0,1.5,80.1,2.5,12.39
155,창원,2024-09-07,27.6,25.2,31.2,,1.6,81.5,3.1,14.2
155,창원,2024-09-08,28.4,25.7,33.4,,1.7,80.6,8.6,19.98
155,창원,2024-09-09,28.6,25.8,34,,1.4,75,5.8,17.95
155,창원,2024-09-10,28.6,24.7,34.4,,1.8,73.3,10.2,20.63
155,창원,2024-09-11,28.1,26.4,32.6,10.2,.9,85,2.3,12.1
155,창원,2024-09-12,28.9,26.2,33.7,,1.6,82.4,8.3,20.37
155,창원,2024-09-13,29.3,25.7,33.8,,1.7,80,10.9,21.87
155,창원,2024-09-14,29.2,25.9,33.9,,1.6,76.5,10.2,21.7
155,창원,2024-09-15,29.8,27.3,33,,2.2,72.5,5.3,13.24
155,창원,2024-09-16,28.9,26.8,31.7,,2.3,74.1,1.8,12.53
155,창원,2024-09-17,29.8,26.8,35.6,,1.7,76.9,10.6,21
155,창원,2024-09-18,29.7,26.8,35,,1.6,75,10.4,21.46
155,창원,2024-09-19,29.4,25.9,34.4,,1.8,74.9,10.5,21.19
155,창원,2024-09-20,27.1,25.3,29.2,131.7,1.7,91.1,0,2.11
155,창원,2024-09-21,23.8,21.5,26.3,397.7,1.6,95.6,0,1.36
155,창원,2024-09-22,22.4,20.7,24.4,1.1,1.8,82.3,0,6.34
155,창원,2024-09-23,21.1,17.7,25.7,,2.3,63,7.5,17.39
155,창원,2024-09-24,22,17.6,27.1,,2.2,68.5,4.5,15.63
155,창원,2024-09-25,23.2,19.1,29.6,,1.6,73.4,8.3,17.37
155,창원,2024-09-26,24.4,19.8,30.9,,1.4,73.3,9.6,17.95
155,창원,2024-09-27,24.9,21.4,30.2,0,1.7,76.5,7.8,17.58
155,창원,2024-09-28,24.2,21.2,28.3,.1,2.1,72.9,4,11.06
155,창원,2024-09-29,23,19.5,27.3,,2,66.5,7.3,14.67
155,창원,2024-09-30,22.7,18.3,28.8,,1.7,75.4,9.4,18.12
156,광주,2024-05-20,21.3,14.2,29.2,,.8,64.9,12.7,29.1
156,광주,2024-05-21,21.5,16.1,28.4,,1.2,82,9.8,24.75
156,광주,2024-05-22,22.2,16.9,29,,1.1,83.8,11.2,26.39
156,광주,2024-05-23,22.9,17.9,30.2,,.8,66.3,12.7,29.22
156,광주,2024-05-24,22.3,16,31,,1,71.3,12.4,29.09
156,광주,2024-05-25,22,17.5,27.4,,1.4,69.1,11.1,26.5
156,광주,2024-05-26,20.8,16.2,24.2,2.5,2,81.8,3.3,12.89
156,광주,2024-05-27,19.4,15.6,24.2,,1.7,62.9,9.8,25
156,광주,2024-05-28,20.6,14.4,26.3,,1.4,63.3,11.5,28.54
156,광주,2024-05-29,22.1,15.4,29.3,,.9,69.5,,
156,광주,2024-05-30,21.5,17.7,26.5,.1,1.1,73.9,1.2,15.21
156,광주,2024-05-31,21.1,17.2,27.5,0,1.3,69.8,11.8,30.35
156,광주,2024-06-01,19.5,16.5,24.8,0,1.5,73.8,10,27.41
156,광주,2024-06-02,20.7,14.6,27.2,,1.2,60.1,11.9,27.34
156,광주,2024-06-03,21.7,15,29.5,,1.2,62.4,12.7,31.04
156,광주,2024-06-04,21.6,16.7,28.6,,1.3,76.1,11.8,29.31
156,광주,2024-06-05,22.4,18,28.3,,1.4,78.4,7.5,22.97
156,광주,2024-06-06,22.1,17.9,27.3,,1.2,70.8,7.3,23.25
156,광주,2024-06-07,22.2,18.2,28.2,0,1.3,72.4,5.7,19.32
156,광주,2024-06-08,20.2,18.5,21.6,6.7,.9,97.4,0,6.38
156,광주,2024-06-09,22.9,18.3,29,,1,84.1,8.3,23.01
156,광주,2024-06-10,24.6,18.1,31.7,,1.3,73.5,11.6,29.1
156,광주,2024-06-11,25.1,19.9,32.3,,1,76.1,11.2,27.62
156,광주,2024-06-12,25.5,19.5,32.9,,.9,67.9,12.4,30.14
156,광주,2024-06-13,26.7,19.7,36.2,,1,59.4,11.6,29.82
156,광주,2024-06-14,26.4,20.5,32.6,,1.1,74.4,10.1,23.81
156,광주,2024-06-15,26.2,21.8,32.4,,1.1,78.4,10.6,26.66
156,광주,2024-06-16,24.6,21.2,30.1,,1,73.5,11.4,27.36
156,광주,2024-06-17,23.2,18.5,28.7,,.7,76.1,2,15.78
156,광주,2024-06-18,25.8,19,34,,.9,57.1,13,30.77
156,광주,2024-06-19,27.3,20.2,37.2,,1.5,53.5,9.5,26.72
156,광주,2024-06-20,23.3,21.7,25.1,0,1.1,77.8,.8,7.9
156,광주,2024-06-21,26,21.1,32.4,,1.5,79.8,7.1,22.14
156,광주,2024-06-22,23.6,21.6,24.7,37.6,2.1,98.8,0,3.83
156,광주,2024-06-23,24,22.1,28.4,.3,1.5,97,1.8,9.92
156,광주,2024-06-24,24.2,21.6,28.5,0,1.8,96.1,1.8,12.49
156,광주,2024-06-25,23.5,19.1,28.7,,1.1,69,9,23.84
156,광주,2024-06-26,24.3,18.1,30.7,,1.2,69,10.5,28.76
156,광주,2024-06-27,22,19.8,24.7,,.9,79.8,1.1,8.42
156,광주,2024-06-28,25,18.6,31.8,,1.1,82.1,8.4,23.43
156,광주,2024-06-29,23.9,22.4,26.6,43.3,1.9,97.8,.1,5.21
156,광주,2024-06-30,24.1,23.3,25.7,61.2,2.3,99,0,5.84
156,광주,2024-07-01,26,22.4,30,5.2,1.3,92.5,7.7,22.91
156,광주,2024-07-02,27,23.7,31.2,10.6,3,96.6,2.2,12.8
156,광주,2024-07-03,26.9,23.8,31.2,24.9,2.2,90.9,7.8,22.54
156,광주,2024-07-04,27.5,23.3,32.7,,1.7,92.5,9,23.49
156,광주,2024-07-05,26.7,23.3,31.4,9.6,2,92.1,,
156,광주,2024-07-06,27.4,25.3,30.4,,2.4,97.4,,
156,광주,2024-07-07,26.8,25.7,28.9,0,2,99,0,6.53
156,광주,2024-07-08,26,25.4,27.6,8.9,1.7,99,0,4.01
156,광주,2024-07-09,24.8,23.9,27.1,8.5,1.7,99,0,5.04
156,광주,2024-07-10,24.7,23.4,27.9,22.7,2.8,98.3,.8,9.93
156,광주,2024-07-11,24,22.2,27.3,0,.8,98.9,.1,8.64
156,광주,2024-07-12,25.5,22.4,29.7,0,.9,94.4,3,15.04
156,광주,2024-07-13,25.7,22.4,29.8,.8,1.6,93.3,4.6,18.62
156,광주,2024-07-14,24.6,22.8,27.7,8.6,1,98.9,2,9.63
156,광주,2024-07-15,26.1,23.1,30.3,,1.7,89.3,6.8,20.72
156,광주,2024-07-16,24.5,22.7,26.7,49.7,1.2,97.5,0,5.1
156,광주,2024-07-17,26.7,24.3,30,3.9,2.4,86.8,.7,12.19
156,광주,2024-07-18,26.4,24.3,28.4,5,2.9,89.9,0,6.16
156,광주,2024-07-19,24.9,23.1,28.7,28.4,1.1,88.9,1.8,10.2
156,광주,2024-07-20,26.5,22.8,31.3,37.1,,81.3,3.7,13.05
156,광주,2024-07-21,27.9,23.7,32.2,6.8,2.4,77.3,8.6,24.19
156,광주,2024-07-22,28.6,25.8,31.9,,2.7,69.5,5.5,18.09
156,광주,2024-07-23,28.3,26.6,31.8,0,2.1,70.9,1.4,12.91
156,광주,2024-07-24,28.8,25.8,33.3,4.8,1.7,73.5,7.4,21.56
156,광주,2024-07-25,29.2,25.6,33.4,.2,1.8,74.6,10,25.03
156,광주,2024-07-26,27.8,25.4,30.7,7.1,2.2,80.8,3.6,14.49
156,광주,2024-07-27,27.8,25.5,31.3,7.6,2.1,85.4,4.9,13.96
156,광주,2024-07-28,29.2,26.7,33.2,,2.8,74.3,11.2,24.27
156,광주,2024-07-29,28.6,26.2,32.6,,2,74.9,8.5,21.2
156,광주,2024-07-30,28.9,25.8,33.4,,1.5,72.6,10.7,26.02
156,광주,2024-07-31,29.4,25.9,34.2,,1.6,74.4,8.5,23.14
156,광주,2024-08-01,29.7,27.1,34.8,,1.7,75.3,7.4,22.6
156,광주,2024-08-02,30.1,27.1,34.6,0,1.4,77.1,6.9,18.95
156,광주,2024-08-03,30.6,27.3,34.8,,.8,74.9,7.8,19.32
156,광주,2024-08-04,31,26.9,35.8,,.9,70.1,11.5,26.97
156,광주,2024-08-05,26.9,24,33.1,14.3,1.1,85.1,3.8,9.87
156,광주,2024-08-06,28.6,24,33.3,0,.9,78.3,9.6,21.35
156,광주,2024-08-07,29.7,26.3,34.3,,.8,75.5,7,19.9
156,광주,2024-08-08,28.6,25.8,32.6,2.1,.9,77.3,6.4,18.19
156,광주,2024-08-09,28.5,25,33.7,0,.8,75.5,9.3,22.76
156,광주,2024-08-10,28.1,25.6,34.2,16.3,1,80.1,6.7,17.58
156,광주,2024-08-11,28.8,24.4,34.1,,1.3,72.5,10.8,24.14
156,광주,2024-08-12,29.5,25,35,,1.2,70.3,9,21.85
156,광주,2024-08-13,29.4,26.7,34.9,.5,1.2,73.4,6.5,21.34
156,광주,2024-08-14,29.1,25.2,34.1,0,1.1,70.1,8.6,22.18
156,광주,2024-08-15,27.5,23.4,33.7,1.6,.9,77.3,6.9,18.31
156,광주,2024-08-16,26.9,23.5,33.2,29.8,.9,81,7.3,18.07
156,광주,2024-08-17,25.9,23.5,33.1,3.6,.8,85,4.9,15.38
156,광주,2024-08-18,27.2,22.9,31.9,0,.8,79.8,5.8,15.34
156,광주,2024-08-19,29.2,24.6,33.5,0,1.2,71.9,10.3,24.29
156,광주,2024-08-20,29,26.1,32.9,24.9,1.7,79.6,8.2,20.89
156,광주,2024-08-21,28.8,26.3,32.5,18.2,2.6,83.1,6.3,16.76
156,광주,2024-08-22,27.8,25.7,31.2,9.6,2.4,84.9,3.3,13.32
156,광주,2024-08-23,28.3,24.5,32.7,,.9,77.8,9,20.43
156,광주,2024-08-24,28.7,24.3,33.5,,.6,72.5,9.8,24.49
156,광주,2024-08-25,28.3,25,32.9,0,.7,77,8.7,21.32
156,광주,2024-08-26,27.6,24.6,33.2,3.6,1.1,78.6,7.3,18.78
156,광주,2024-08-27,26.8,24.1,31.9,7.6,1.2,84,1.9,13.07
156,광주,2024-08-28,27.3,21.9,32.6,,2.9,73,11.6,24.3
156,광주,2024-08-29,29.2,24.3,34.1,,2.6,63.1,11.5,24.96
156,광주,2024-08-30,28.1,23.9,33.2,,1.5,67.8,11.6,24.36
156,광주,2024-08-31,26.9,22.1,32,,1.1,67.5,11.3,25.59
156,광주,2024-09-01,27.4,22.9,32.5,,1,70.4,10.3,22.73
156,광주,2024-09-02,25.8,23,29.9,0,1,69.5,3.1,15.2
156,광주,2024-09-03,26.8,23.1,31.1,,1.1,69.8,3.6,13.26
156,광주,2024-09-04,26.9,22.1,32.5,,1.3,64.4,11.7,24.8
156,광주,2024-09-05,27.4,22.3,32.5,,1.1,70.5,10.2,21.55
156,광주,2024-09-06,26.6,24.4,30,5.6,.9,82.4,.6,8.14
156,광주,2024-09-07,25.5,24.4,28.6,6.3,.6,90.8,.3,6.55
156,광주,2024-09-08,27.2,23.1,32.5,,.7,74.3,9.5,22.89
156,광주,2024-09-09,28.1,23.7,32.9,,.6,74.1,5.6,13.55
156,광주,2024-09-10,28.9,24.4,33.9,,1.2,71.4,8,16.57
156,광주,2024-09-11,28.3,26.1,31.9,.1,1.2,76.9,1.5,12.3
156,광주,2024-09-12,29,25.7,34.1,0,1.3,74.5,6.7,18.74
156,광주,2024-09-13,29.2,25,34.5,,.8,71.6,9.8,21.67
156,광주,2024-09-14,29.2,24.6,34.8,,.8,70.9,10.8,22
156,광주,2024-09-15,29.6,24.9,35.7,,1.2,71.6,8.7,20.7
156,광주,2024-09-16,28.3,25.5,30.8,.6,1.4,76,.1,7.35
156,광주,2024-09-17,29,25.4,35.7,2.2,.9,77.1,6.9,16.99
156,광주,2024-09-18,29,24.6,35.2,,.9,76.4,7.2,16.75
156,광주,2024-09-19,29.9,24.7,35.8,0,1.5,67.6,10.8,21.34
156,광주,2024-09-20,25.9,23.6,28.6,87.1,1.4,91.5,.4,6.31
156,광주,2024-09-21,24.5,21.7,26,60.2,1.7,95.1,0,3.52
156,광주,2024-09-22,21.1,20,22.7,16.9,.4,95,0,5.62
156,광주,2024-09-23,21.4,18.7,26.5,2.4,1.4,78.6,3.9,13.17
156,광주,2024-09-24,21.8,16,26.8,,1.1,69.1,8.2,18.44
156,광주,2024-09-25,23.8,18.4,29.5,,1,70.4,8.6,19.62
156,광주,2024-09-26,24.4,20.4,28.2,,.6,75.3,6.4,16.03
156,광주,2024-09-27,23.5,19.6,28.7,,1.1,70.8,10.5,20.68
156,광주,2024-09-28,23.7,19.6,29.3,,1.3,72.6,5.7,13.26
156,광주,2024-09-29,23.3,19.1,29.1,,1.9,66.8,7.3,17.68
156,광주,2024-09-30,22.8,17.3,28.6,,1.2,60.9,10.7,21.64
159,부산,2024-05-20,21,16.8,28.7,,2.5,61.5,11.6,28.32
159,부산,2024-05-21,18.3,15.6,22.7,,3.2,69.3,12.2,29.16
159,부산,2024-05-22,18.9,14.8,24.8,,2.5,66.5,8.6,23.99
159,부산,2024-05-23,22.6,18.7,26.1,,3.5,62.5,12.1,28.34
159,부산,2024-05-24,21,17.3,25,,2.9,61,12.1,29.05
159,부산,2024-05-25,19.2,16.6,23,,3.3,56.5,10.1,26.76
159,부산,2024-05-26,19.8,15.5,24,9.9,4.5,80.3,2.2,13.99
159,부산,2024-05-27,22.1,19.8,26.7,2.2,3.7,62.9,7.9,23.74
159,부산,2024-05-28,20.3,15.9,25.7,,3.3,50.1,6.6,23.03
159,부산,2024-05-29,19.1,14.1,23.4,,3,58,12.4,29.68
159,부산,2024-05-30,19.8,17.1,24.4,.3,1.8,62.3,.4,13.49
159,부산,2024-05-31,20.3,17.3,24.3,.8,3.6,68.3,10.4,28.49
159,부산,2024-06-01,21.4,18,26.4,,2.6,63.1,9,25.74
159,부산,2024-06-02,19.6,16.8,23,,2.6,73,8.7,25.77
159,부산,2024-06-03,18.6,16.2,21.9,,2.6,69.5,5.5,19.78
159,부산,2024-06-04,18.8,15.1,23.6,,2.7,67.4,10.8,28.54
159,부산,2024-06-05,19.6,14.9,24.1,,2.3,69.8,10.5,27.33
159,부산,2024-06-06,20.3,17.8,23.9,,1.9,75.8,1.1,15.5
159,부산,2024-06-07,21.8,17.4,26,,2.4,61.8,9.8,25.39
159,부산,2024-06-08,19.8,18.5,23,34.6,1.9,83.5,.1,6.2
159,부산,2024-06-09,20.2,18.4,22.9,5.8,1.7,92,.3,8.97
159,부산,2024-06-10,21.5,19.5,26.6,,3.4,82.1,11.7,28.32
159,부산,2024-06-11,22.7,19.5,27.6,,3.8,69.6,11.4,26.24
159,부산,2024-06-12,23.8,20.7,28.7,,3.5,64.6,11,27.76
159,부산,2024-06-13,24.9,21,30.5,,2.4,70.8,12.5,29.29
159,부산,2024-06-14,24.6,20.1,28.4,,2.4,65.4,12.4,29.28
159,부산,2024-06-15,25.8,21.8,30,3.6,2.9,68.6,11.4,27.92
159,부산,2024-06-16,24.8,21.3,30.5,,2.8,74.5,10.4,26.63
159,부산,2024-06-17,23.8,21.2,26.7,,2.6,63.5,.5,11.84
159,부산,2024-06-18,25,19.8,30.3,,3.3,57.9,12.5,29.87
159,부산,2024-06-19,25.1,21.9,32.1,,3.3,66.9,9.4,25
159,부산,2024-06-20,22.9,21.2,25.3,.2,2.5,78,0,7.86
159,부산,2024-06-21,24,21.4,28.2,0,2.9,78.6,7.8,23.65
159,부산,2024-06-22,23.1,22.2,24.1,42,4,92.3,0,1.88
159,부산,2024-06-23,24.1,22.9,26.8,.1,4.1,84.6,1.5,12.25
159,부산,2024-06-24,23.4,21.2,26.6,,4.2,84.4,3.8,18.05
159,부산,2024-06-25,23.2,20.2,26.8,,2.8,62.5,.8,14.35
159,부산,2024-06-26,23.5,20.9,27.2,,2,58,7.6,21.97
159,부산,2024-06-27,21.8,19.7,23.9,1.5,1.6,71,0,8.51
159,부산,2024-06-28,23.5,20.1,27,1.4,2.9,79.8,11,28.34
159,부산,2024-06-29,23.1,21.3,25.6,68.9,4.7,89.4,.8,7.98
159,부산,2024-06-30,23.5,21.2,24.5,15.6,8.5,92.4,0,3.81
159,부산,2024-07-01,24.2,21.6,27.5,.1,3.4,85.5,9.9,26.65
159,부산,2024-07-02,23.6,22.1,24.9,34.8,4.3,96.1,0,3.05
159,부산,2024-07-03,25.2,24,28.6,.6,7.5,87.6,4.3,14.35
159,부산,2024-07-04,25.8,22.7,29.9,0,5.4,83,12.1,29.39
159,부산,2024-07-05,24.6,22.3,28.6,3.2,4.6,86.6,7.5,22.67
159,부산,2024-07-06,24.9,22.2,27.8,,5.9,89,3.6,19.11
159,부산,2024-07-07,25.8,24.1,28.8,,5.4,86,3.1,17.23
159,부산,2024-07-08,25.1,23.8,27.6,0,5.4,91,0,9.19
159,부산,2024-07-09,25.2,23.8,27.1,1.4,4,91.1,0,6.76
159,부산,2024-07-10,23.5,20.9,26.9,32.5,5.9,91,1.6,9.89
159,부산,2024-07-11,22.7,21,25.4,0,1.9,88.4,0,10.19
159,부산,2024-07-12,24.1,20.8,29.8,,3.1,85,12.2,28.49
159,부산,2024-07-13,24.5,21.8,27.9,.5,1.9,82.5,3.7,14.64
159,부산,2024-07-14,22.8,21.9,24.4,54.9,2,94.3,0,4.21
159,부산,2024-07-15,23.9,22,27.3,4.5,2.2,89.4,.6,12.5
159,부산,2024-07-16,23.3,22.5,24.1,43.7,2.2,95,0,2.61
159,부산,2024-07-17,25.6,23.2,28.5,,5.1,91.5,1.8,11.13
159,부산,2024-07-18,25.5,24.5,26.6,1.1,7.2,92.8,0,5.44
159,부산,2024-07-19,25.2,23.6,27.5,6.5,4.1,86.3,2.7,11.04
159,부산,2024-07-20,27.2,24.4,30.7,,5.3,82.9,6.2,21.3
159,부산,2024-07-21,28.2,25.7,32.8,.1,5.1,78.8,10.9,28.49
159,부산,2024-07-22,28,25.2,30.5,,5.3,84.6,5.1,19.44
159,부산,2024-07-23,28.3,26.8,31.1,.7,5.8,83.8,4.7,19.11
159,부산,2024-07-24,24.8,22.1,27.4,176.3,4,92.1,1.5,11.1
159,부산,2024-07-25,28.2,24.4,32,1.5,2.6,84.6,9,26.77
159,부산,2024-07-26,28.8,26.3,32.3,0,2.6,80.4,8,23.68
159,부산,2024-07-27,28.8,27,31.8,,5.1,84.4,6.8,24.08
159,부산,2024-07-28,29.2,27,32.1,,5.4,79.9,11.1,27.87
159,부산,2024-07-29,29.1,26.4,32.5,,5.7,76.6,12,28.92
159,부산,2024-07-30,29.4,26.1,32.3,,3.9,73.5,12.3,28.84
159,부산,2024-07-31,29.7,27.3,32.9,,3.9,73.3,12.3,28.65
159,부산,2024-08-01,29.6,26.7,32.4,,4.6,77.8,12.2,28.77
159,부산,2024-08-02,29.9,27.4,33,,4.6,78.6,11.6,26.7
159,부산,2024-08-03,30.5,27.4,34.1,,2.5,76.4,10.1,25.35
159,부산,2024-08-04,30.2,27.9,34.1,,2.2,76.4,7.5,22.08
159,부산,2024-08-05,29.7,27.7,33.4,,2.4,74.5,10.5,25.52
159,부산,2024-08-06,29.4,27.3,33.4,.3,2.4,76.4,8.2,22.53
159,부산,2024-08-07,29.4,26.6,32.9,1.2,2.6,78.5,11.8,26.32
159,부산,2024-08-08,29.6,25.5,34.6,9.7,2.5,74.1,9.5,23.21
159,부산,2024-08-09,29.6,26.6,33.3,,2.3,74.9,11.2,26.35
159,부산,2024-08-10,29.4,26.6,33.1,,2.5,73.4,11.7,27.1
159,부산,2024-08-11,28.7,25.9,32.7,,2.7,72.5,10.4,26.76
159,부산,2024-08-12,28.7,25.5,32.7,,3,69.9,12.1,27.84
159,부산,2024-08-13,28.7,25.6,32.7,,3,70.5,10.7,24.8
159,부산,2024-08-14,29.3,25.8,33.7,,3,70.5,11,25.65
159,부산,2024-08-15,29.5,26.5,33.8,,2.8,70.9,10.1,25.53
159,부산,2024-08-16,29.6,26.3,33.8,,2.8,68,7.9,23.56
159,부산,2024-08-17,29.3,26.6,32.8,,2.7,71.5,8.3,22.29
159,부산,2024-08-18,29.1,26.1,32.8,,2.8,69.5,10.3,26.15
159,부산,2024-08-19,29.6,26.4,33.5,0,2.5,76.5,6.1,18.36
159,부산,2024-08-20,28.1,26.1,30.6,49.5,5.4,84.4,2.5,11.22
159,부산,2024-08-21,28.3,24.7,30.9,13.4,5.5,87.8,1.1,12.27
159,부산,2024-08-22,29.1,27.6,31.7,7.8,6.5,83.9,4.8,19.02
159,부산,2024-08-23,29.3,26.7,32.4,0,3.7,76,11.5,25.26
159,부산,2024-08-24,29.5,26.8,33.3,,3.4,74.5,11,24.12
159,부산,2024-08-25,29.1,26.6,33.2,,2.2,76,10.7,23.92
159,부산,2024-08-26,29.1,26.3,32.6,,2.1,78,8,20.85
159,부산,2024-08-27,28.2,25.8,32.1,0,3.1,75,2.4,15.86
159,부산,2024-08-28,26.9,25.2,30,1.1,3.8,79.1,1.9,11.02
159,부산,2024-08-29,28.5,25.3,32.8,3,4.6,75.1,6.1,21.2
159,부산,2024-08-30,29.1,25.6,34.9,.5,3.6,68.4,8,23.02
159,부산,2024-08-31,27.7,25.3,31.8,,2.9,68.1,10.4,25.22
159,부산,2024-09-01,27.6,24.2,31.2,,2.8,71,10.8,24.63
159,부산,2024-09-02,27.3,25,32,.5,2.4,75.9,3.5,12.39
159,부산,2024-09-03,25.6,23.2,28.4,0,3.2,71.1,2.5,12.51
159,부산,2024-09-04,26.2,22.4,30.7,,3.1,67.1,11.3,25.26
159,부산,2024-09-05,27.5,22.7,31.9,,2.9,67.8,11.2,24.64
159,부산,2024-09-06,27.9,26.2,31.8,,2.6,74,3.5,14.4
159,부산,2024-09-07,27.8,25.1,31.6,,2.7,76.8,5.7,17.98
159,부산,2024-09-08,28.7,26.4,32.5,,2.4,76.4,7.2,19.84
159,부산,2024-09-09,28.5,26.1,32.6,,2.9,73,8.9,22.18
159,부산,2024-09-10,29.4,25.3,34.2,,2.5,69.9,11.1,23.62
159,부산,2024-09-11,28.5,25.6,32.2,15.1,1.8,82.3,1.7,11.95
159,부산,2024-09-12,29,26.7,33.6,,2,78.8,6.8,19.49
159,부산,2024-09-13,29.3,26.2,33.3,,1.8,77.5,10.6,22.65
159,부산,2024-09-14,29.5,26.7,33.7,,1.7,75,11.2,23.49
159,부산,2024-09-15,28.8,26.5,32.5,0,3,76.8,3.4,13.12
159,부산,2024-09-16,27.7,25.4,31.2,.3,2.9,80.4,1.9,10.34
159,부산,2024-09-17,29.7,26.8,33.8,,2.2,79.3,10,22.28
159,부산,2024-09-18,29.9,27.4,34.2,,2.1,72.6,9,21.53
159,부산,2024-09-19,30.1,26.9,34.7,,1.7,74.3,10.7,20.96
159,부산,2024-09-20,27.8,25.5,30.1,24.9,3.9,86,.1,3.55
159,부산,2024-09-21,22.4,20.6,26.7,378.5,4.1,93.4,0,1.43
159,부산,2024-09-22,21.6,19.9,24.3,.8,3.2,83.1,.1,7.89
159,부산,2024-09-23,21.3,18.9,25.9,,4.1,62,9.6,21.22
159,부산,2024-09-24,22.4,19,28.2,,3.6,69.8,5.2,16.53
159,부산,2024-09-25,24,20.9,27.9,0,3.1,68.4,3.2,13.32
159,부산,2024-09-26,25.4,21.8,30.3,,2.6,70.5,8.9,19.57
159,부산,2024-09-27,25.2,22.8,30,,2.7,75,6.4,17.29
159,부산,2024-09-28,24.3,21.9,29.2,.2,3.4,74.3,4,14.54
159,부산,2024-09-29,23.2,21.1,27.2,0,3.5,64.6,7.6,17.59
159,부산,2024-09-30,24,20.3,29.3,,2.6,72.3,9.4,19.96
162,통영,2024-05-20,20.5,15.6,27,,.4,68.3,12,27.93
162,통영,2024-05-21,18.7,15.4,23.3,,1.7,69.4,11.7,27.81
162,통영,2024-05-22,18.5,14.4,25.3,,,73.8,,
162,통영,2024-05-23,20.1,15.5,25.2,,,77.4,11.1,22.12
162,통영,2024-05-24,20.7,16.8,25.9,,2.2,65.5,12,
162,통영,2024-05-25,19.5,16,23.8,,2.1,50.8,9.1,25.05
162,통영,2024-05-26,19.4,14.9,22.4,7.8,4,85,1.3,12.15
162,통영,2024-05-27,21.4,18.9,27,.5,2.4,64.4,8.1,22.64
162,통영,2024-05-28,20.3,16.1,26,,3.1,57.6,6.7,22.69
162,통영,2024-05-29,18.6,13.9,23.4,,1.8,78.9,12.4,29.5
162,통영,2024-05-30,19,15.3,24.5,.1,1.3,75.3,.8,13.23
162,통영,2024-05-31,20.5,16,26.1,.8,2.1,69.4,10.6,27.79
162,통영,2024-06-01,21.2,17,26.1,,1.8,65,9.2,27.26
162,통영,2024-06-02,20.1,16.1,24.9,,2.1,69.5,9.8,25.69
162,통영,2024-06-03,18.8,15.7,24.7,0,1.7,73.8,7.2,22.4
162,통영,2024-06-04,19.4,15.2,25.1,,2.3,65.5,12.5,30.44
162,통영,2024-06-05,19.7,14.9,26,,1.9,66.4,9.3,25.32
162,통영,2024-06-06,19.6,16.9,24.8,0,1.5,76.4,1,14.08
162,통영,2024-06-07,20.8,16.4,25.3,0,1.5,71,7.9,22.63
162,통영,2024-06-08,19,17.9,21.4,55.4,1.5,90.6,.1,4.69
162,통영,2024-06-09,20.8,18.4,25.4,1.3,2,88,4.5,15.31
162,통영,2024-06-10,20.4,17.7,23.9,,1.7,86.8,9.4,24.64
162,통영,2024-06-11,20.8,18.1,25.3,,1.9,81,11,26.4
162,통영,2024-06-12,21.8,17.7,28.5,,1.6,78.1,11,27.4
162,통영,2024-06-13,22.9,18.8,28,,1.4,79.5,12.4,28.44
162,통영,2024-06-14,23.1,18.5,27.8,,1.7,76.3,12.3,28.78
162,통영,2024-06-15,25,20.5,30.5,,2,73.6,11.4,28.45
162,통영,2024-06-16,24.6,21,29.6,,2,74.6,10,23.88
162,통영,2024-06-17,22.2,19.7,25.1,,1.4,74,.2,10.16
162,통영,2024-06-18,23.2,17.9,28.9,,1.5,72.3,12.5,29.49
162,통영,2024-06-19,23.6,20.2,28.2,,1.8,73.6,8.8,24.92
162,통영,2024-06-20,21.8,20.3,24,.2,1.4,84.5,0,5.39
162,통영,2024-06-21,23.4,20.6,27.4,,2.1,79.1,6.9,21.51
162,통영,2024-06-22,22.8,21.4,23.9,62.3,3.1,94.3,0,2.46
162,통영,2024-06-23,23,21.4,26.4,1.1,2.7,89.1,1.9,11.49
162,통영,2024-06-24,23.2,21.2,25.9,,2.9,86.3,2.1,15.53
162,통영,2024-06-25,22.4,19.5,26.7,,1.6,71.4,.8,13.68
162,통영,2024-06-26,21.5,18.2,26,,1.4,73.1,6.6,21.16
162,통영,2024-06-27,19.5,17.3,22.9,4.7,1.5,84.4,0,6.92
162,통영,2024-06-28,21.9,18.2,25.7,.6,2.2,86,11.8,28.43
162,통영,2024-06-29,22.6,20.9,24.8,57.4,3.6,93.5,0,5.37
162,통영,2024-06-30,23.5,22.2,24.7,25.2,6.1,94.5,0,2.81
162,통영,2024-07-01,23.2,21.3,27.4,.4,2,91.3,8.7,24.01
162,통영,2024-07-02,24.7,22,26.1,27.2,5.1,93.6,0,4.17
162,통영,2024-07-03,24.3,22.6,27.8,.3,4.6,92.5,1.8,10.2
162,통영,2024-07-04,23.9,21.6,28.9,,2.4,89.8,9.2,27.27
162,통영,2024-07-05,25.3,22.4,29.5,5.6,3.1,87.1,9.5,26.38
162,통영,2024-07-06,24.8,21.9,26.7,,3.9,91.4,0,9.76
162,통영,2024-07-07,25.3,23.2,27.7,,3.6,90.1,.2,7.69
162,통영,2024-07-08,25,22.9,26.9,.4,3.5,93.3,0,6.17
162,통영,2024-07-09,24.4,23,25.7,.2,2.7,94.4,0,3.32
162,통영,2024-07-10,24.1,21.5,26.1,35,5.5,91,1.4,9.78
162,통영,2024-07-11,21.9,20.9,24.2,.1,1.1,93.5,0,8.35
162,통영,2024-07-12,23.1,20.1,28.1,,1.8,88.9,9.8,26.66
162,통영,2024-07-13,23.7,20.6,28.2,0,1,87.4,2.8,14.34
162,통영,2024-07-14,22.5,21.7,23.5,230.5,2.2,97.4,0,3.43
162,통영,2024-07-15,23.6,22.2,27.9,9.9,2,92,.2,10.39
162,통영,2024-07-16,22.8,22.4,23.4,87.1,1.5,97.8,0,1.77
162,통영,2024-07-17,26.2,22.9,29.3,0,3.7,90.1,1.1,12.67
162,통영,2024-07-18,26.2,24.5,27.4,.1,5.1,89.8,0,4.77
162,통영,2024-07-19,23.9,22.6,26.4,16.5,1.9,92.8,2.8,9.68
162,통영,2024-07-20,26.4,22.6,29.5,0,3.4,88.9,2.8,17.48
162,통영,2024-07-21,26.5,24.1,30.2,4.4,3.3,86.3,10.3,25.54
162,통영,2024-07-22,27.5,25,30.1,0,3.3,87.1,2,14.76
162,통영,2024-07-23,28.2,26.1,30.6,4.9,4.3,87.3,2.3,14.23
162,통영,2024-07-24,25.4,24.4,27.7,22.6,2.5,94.1,.1,9.66
162,통영,2024-07-25,27.7,24.4,31.4,.9,1.9,86.3,9.8,26.28
162,통영,2024-07-26,27.1,24.7,30.8,11,2.7,85.9,3.8,17.15
162,통영,2024-07-27,27.4,24.3,30,.9,3.9,89.5,5.2,19.02
162,통영,2024-07-28,28.4,26.1,31.6,,3.3,83.9,8.2,22.71
162,통영,2024-07-29,28.2,26,31.4,,3.5,79.4,12,28.15
162,통영,2024-07-30,27.8,25,31.7,,2.4,78.1,12,28.07
162,통영,2024-07-31,28.2,24.8,32.2,,2.4,79.3,12.1,27.77
162,통영,2024-08-01,28.3,25.2,32.1,,2.3,83.5,10.7,26.48
162,통영,2024-08-02,28.6,26,32.8,,2.1,82.6,11,26.88
162,통영,2024-08-03,28.8,26.3,32.4,,1.5,82.5,12,26.29
162,통영,2024-08-04,29.2,26.1,34.1,,1.2,82.9,9.4,23.8
162,통영,2024-08-05,29.4,26.6,33.5,,2.4,76.9,10.5,24.76
162,통영,2024-08-06,28.5,25.8,31.9,,1.9,79.6,9.4,23.21
162,통영,2024-08-07,27.9,25.3,30.9,,1.5,83.1,11.4,25.96
162,통영,2024-08-08,28.1,24.6,34.1,0,1.7,80.1,10.5,23.92
162,통영,2024-08-09,28.5,24.7,32.8,,1.8,76.5,11.7,26.34
162,통영,2024-08-10,28.7,25.2,33.6,,1.7,76.6,11.5,25.86
162,통영,2024-08-11,28.3,25.1,32.8,,2,74.3,11.1,25.4
162,통영,2024-08-12,28.5,24.2,33.9,,2.2,71.9,11.8,26.28
162,통영,2024-08-13,28.3,24.2,33.4,,2.3,70.3,10.7,25.73
162,통영,2024-08-14,29,24.8,33.9,,2.3,71,11.3,25.25
162,통영,2024-08-15,28.9,25.7,33.8,,2.2,73,9.1,22.53
162,통영,2024-08-16,28.6,25.4,33.1,,2.1,72.3,7.5,20.24
162,통영,2024-08-17,29,25.2,34,,2.2,71.6,10.2,23.97
162,통영,2024-08-18,28.6,25.2,33.8,,1.8,70.4,9.6,23.41
162,통영,2024-08-19,29.2,25.7,33.4,0,2.1,76,5.4,17.84
162,통영,2024-08-20,28.2,25.8,31.6,18.8,3.7,85.4,2.5,13.16
162,통영,2024-08-21,28.1,26,30.1,24.4,4.6,89.4,1.1,8.34
162,통영,2024-08-22,29.1,27.1,31.7,.9,5.2,82.9,4.7,17.73
162,통영,2024-08-23,29,25.6,32.8,0,2.1,75.1,11.4,24.29
162,통영,2024-08-24,28.7,26,33,,1.8,80.5,10.7,23.62
162,통영,2024-08-25,28.5,25.1,32.4,,1.7,79.9,11.1,23.39
162,통영,2024-08-26,28.5,25,33.1,0,1.5,80.8,9,20.68
162,통영,2024-08-27,28.4,26.4,32.8,,,76.5,3.3,14.41
162,통영,2024-08-28,27.5,25.2,31.3,.2,,72.6,6.5,21.39
162,통영,2024-08-29,28.8,25.7,33.3,0,,66.6,5.9,17.04
162,통영,2024-08-30,29.9,26.4,35,,4.3,63,11,23.99
162,통영,2024-08-31,27.7,23.8,33.3,,1.6,70,11.4,24.88
162,통영,2024-09-01,27.3,23,31.9,,2.3,72.5,10.7,23.19
162,통영,2024-09-02,27.5,24.3,31.4,,1.7,76.6,5.4,17.12
162,통영,2024-09-03,26.7,23.5,30.4,,2.2,67.5,7.2,19.83
162,통영,2024-09-04,25.8,22.2,31.8,,2.5,66.6,10.9,23.12
162,통영,2024-09-05,26.8,21.6,32,,2.1,73.4,11.2,23.86
162,통영,2024-09-06,27.8,25.7,31.2,,1.7,79.4,2,12.77
162,통영,2024-09-07,27.8,25.4,31.8,0,1.8,78.6,3.2,14.69
162,통영,2024-09-08,28.4,25.6,32.6,,1.7,76.9,8.7,20.95
162,통영,2024-09-09,28.2,25.3,33.7,,2,72.3,8.2,17.66
162,통영,2024-09-10,28.9,24.7,34.3,,2.3,72.8,10.6,22.34
162,통영,2024-09-11,27.4,25.3,31,33.7,1.6,86.3,.3,8.21
162,통영,2024-09-12,28.1,25.7,32.4,,1.4,83.8,4.8,16.09
162,통영,2024-09-13,28.5,25.6,32.9,,2.1,79.8,9,19.32
162,통영,2024-09-14,28.9,25.2,34.4,,1.8,77,9.5,19.2
162,통영,2024-09-15,29.1,27,33.3,,2.2,75,4.8,14.32
162,통영,2024-09-16,28.5,26.9,31.4,,2.3,76.1,1.4,10.45
162,통영,2024-09-17,29.5,26.4,34,,2.2,77.1,9.6,20.87
162,통영,2024-09-18,29.7,26.6,34.6,,2.2,76.8,8.6,21.55
162,통영,2024-09-19,30,26,35.1,,1.9,72.6,10.3,20.21
162,통영,2024-09-20,27.3,25,29,42.4,4.3,88.5,0,2.11
162,통영,2024-09-21,25.2,21.3,28.8,206.8,5.9,90.5,.2,5.92
162,통영,2024-09-22,22.6,20.8,25.6,.8,,81.5,.2,8.03
162,통영,2024-09-23,21.8,18.7,25.2,,,61.1,8.1,18.04
162,통영,2024-09-24,21.7,17.5,26.9,,,70.5,5.7,15.67
162,통영,2024-09-25,23.8,20.3,29.1,,,73,5.9,16.26
162,통영,2024-09-26,24.2,20.7,29.3,,,77,8.6,18.07
162,통영,2024-09-27,24.2,21.2,30.1,,,79.8,6.8,16.62
162,통영,2024-09-28,24.2,21.3,28.7,,,71.5,6.5,16.12
162,통영,2024-09-29,23.7,21,27.5,,,62.5,7.9,16.75
162,통영,2024-09-30,23.3,19.4,29.4,,,73.5,9.1,19.19
165,목포,2024-05-20,19.6,14.7,25.3,,3,74.9,12,28.73
165,목포,2024-05-21,19,16,23.2,,2.9,85.4,9.4,27.07
165,목포,2024-05-22,19.6,16,24.9,,2.2,82.6,8.9,24.99
165,목포,2024-05-23,19.7,16.5,24.5,,3.1,83.8,10.4,27.17
165,목포,2024-05-24,18.4,15.7,23.4,,4,84.4,9.7,28.12
165,목포,2024-05-25,20.9,16.1,26.2,,2.8,59.8,10.6,26.88
165,목포,2024-05-26,20.4,16.9,24.4,4.7,4.7,81.9,2.7,14.45
165,목포,2024-05-27,18.4,15.8,21.8,,5.8,70,6.6,22.01
165,목포,2024-05-28,18.7,15,22.2,,5.4,70.1,12.5,30.15
165,목포,2024-05-29,20.2,15.9,25.5,,2.3,74,13.3,29.91
165,목포,2024-05-30,20.1,17,25.2,3.9,2.1,73.9,1.6,15.83
165,목포,2024-05-31,19.1,16.1,23,2.4,3.4,79.9,9.3,26.47
165,목포,2024-06-01,18.7,16.8,21.5,0,5.5,75.6,8.8,24.75
165,목포,2024-06-02,19,15.1,23.9,,3.3,74.8,8.1,24.67
165,목포,2024-06-03,20.6,15.8,25.4,,2.3,70.4,12.3,28.23
165,목포,2024-06-04,20,16.6,23.9,,2.8,77.1,11.5,28.43
165,목포,2024-06-05,20,16.7,24.1,,2.3,82.3,5,18.79
165,목포,2024-06-06,21,17.6,24.7,0,2.1,69.3,3.5,19.73
165,목포,2024-06-07,21.7,18.6,25.9,1.1,2.5,69.9,3.8,16.57
165,목포,2024-06-08,20.9,19.6,22.3,8,2.6,89.9,0,7.08
165,목포,2024-06-09,21.9,19.2,25.5,,2.8,84.4,6.9,20.51
165,목포,2024-06-10,23.2,18.3,28.5,,2.4,74.5,9.9,27.94
165,목포,2024-06-11,22.4,19.3,26.9,,2,80.8,8.2,25.66
165,목포,2024-06-12,23.1,19,28.3,,2.4,77.6,8.4,27.11
165,목포,2024-06-13,23.9,19.7,29.7,,2.6,69.8,11.6,29.12
165,목포,2024-06-14,24.7,20.5,28.9,,2.4,72.6,7.2,23.41
165,목포,2024-06-15,24.6,21.8,28.9,,3.2,77.4,7.6,24.39
165,목포,2024-06-16,23.3,20.8,26.4,,3.6,81.3,8.1,25.23
165,목포,2024-06-17,22.1,20.1,26.2,,1.9,80.6,.6,11.5
165,목포,2024-06-18,23.6,18.8,29.7,,3.4,75,11.5,29.83
165,목포,2024-06-19,25.3,20.7,32.6,,2.6,65.4,8.1,25.36
165,목포,2024-06-20,22.6,21.6,23.5,.1,3.3,78.9,0,4.23
165,목포,2024-06-21,24.8,20.8,31,.1,2.9,77.3,7,23.44
165,목포,2024-06-22,23.4,22.5,24.3,37.3,5,96.5,0,2.94
165,목포,2024-06-23,23.3,21.6,26.1,.6,3.1,91.3,1.7,14.25
165,목포,2024-06-24,23.7,21.7,27.5,,3.3,87.5,2.5,13.26
165,목포,2024-06-25,22.8,20.1,26.7,,3,74.9,5.6,21.62
165,목포,2024-06-26,23.4,19.6,28.6,,2.3,75.3,9.7,27.59
165,목포,2024-06-27,20.9,19.6,22.5,.5,2.3,80,.8,6.55
165,목포,2024-06-28,24.1,19.6,29.6,,2.1,79.5,9.3,24.96
165,목포,2024-06-29,23.8,22.8,25.2,52.9,4.5,94.3,0,3.04
165,목포,2024-06-30,23.6,22.8,25.1,42.7,4.6,98.3,0,3.59
165,목포,2024-07-01,24.3,22,27.5,5.8,2.3,92,3.5,17.79
165,목포,2024-07-02,26.2,23.7,29.1,11.1,5.6,90.3,2.2,15.46
165,목포,2024-07-03,25.9,23.3,29.5,8.9,3.5,86.9,8.5,25.14
165,목포,2024-07-04,26,23.1,29.6,,4,88.5,7.6,26
165,목포,2024-07-05,26.1,23.5,29.1,8,2.8,85,5.6,23.95
165,목포,2024-07-06,26.7,24.8,29.1,,4.8,87.6,2.1,15.99
165,목포,2024-07-07,26.3,25.1,28.2,,3.8,91.5,.1,8.02
165,목포,2024-07-08,26,25,27.1,0,3.7,92.6,0,3.04
165,목포,2024-07-09,25.5,24.3,26.8,.6,3.4,95.9,0,4.39
165,목포,2024-07-10,24,22.6,26.4,8.5,4.8,93.5,.2,10.22
165,목포,2024-07-11,23.3,21.8,25.5,0,2,93,.3,9.01
165,목포,2024-07-12,24,21.8,27.3,.2,2.1,89.5,1.8,17.32
165,목포,2024-07-13,25,22.2,28.4,2,2.5,86,2.4,17.2
165,목포,2024-07-14,24.8,23.5,27.3,36.2,3,90.4,1.8,11.65
165,목포,2024-07-15,25.6,23.6,29.2,2.5,3.4,86.9,3.1,18.36
165,목포,2024-07-16,25.6,22.9,27.6,25.2,3.8,95,0,6.78
165,목포,2024-07-17,27.3,25.3,29.7,0,4.3,87.6,.4,11.21
165,목포,2024-07-18,26.6,23.8,28.1,2.8,5.1,89.1,0,7.4
165,목포,2024-07-19,24.8,23.3,28,33.3,2.7,92.8,3,12.38
165,목포,2024-07-20,27.5,24,30.2,3.5,4.6,88.9,2.9,16.08
165,목포,2024-07-21,27.3,23.8,30.9,46,4.4,88.6,6.1,22.12
165,목포,2024-07-22,28.1,26.2,30.9,,4.8,86,4.3,18.9
165,목포,2024-07-23,28.7,26.5,32.2,,3.8,84.6,3.7,18.83
165,목포,2024-07-24,29.2,27,32.1,.8,3.2,82.9,9.4,22.84
165,목포,2024-07-25,29.6,27.3,33,,4.3,80.1,10,25.24
165,목포,2024-07-26,27.6,26.4,30.2,2,4.8,88.3,.8,10.86
165,목포,2024-07-27,28.9,26.4,32.4,.4,4.6,84.1,5.6,19.85
165,목포,2024-07-28,29.3,26.9,32.3,,4.5,79.6,12,27.36
165,목포,2024-07-29,28.6,26.5,31.2,,3.8,82.8,11.7,27.03
165,목포,2024-07-30,28.4,26.6,31.5,,3.1,83.3,12,28.55
165,목포,2024-07-31,29.4,27.3,32.7,,3.1,81.9,6.2,20.81
165,목포,2024-08-01,29.4,27.2,32.6,,3.5,83,6.9,21.71
165,목포,2024-08-02,29.5,27.4,33.4,,2.6,85.5,6.3,19.95
165,목포,2024-08-03,30,27.2,33.5,,1.8,84.5,11.5,25.9
165,목포,2024-08-04,30.2,26.9,33.9,,1.7,82.1,11.4,26.35
165,목포,2024-08-05,28.1,23.8,33.8,54.8,2.4,86.8,5.9,15.79
165,목포,2024-08-06,28.7,24.7,32.6,,2.1,80.5,11.5,25.6
165,목포,2024-08-07,29.2,26.3,32.9,,1.9,82.3,12.4,26.04
165,목포,2024-08-08,28.2,26.2,32.2,0,1.6,85.1,6.1,18.46
165,목포,2024-08-09,28.9,25.8,32.5,,2,82,12.3,26.19
165,목포,2024-08-10,29.4,26.1,33.3,,2.2,77.5,9.9,22.9
165,목포,2024-08-11,29.5,26.3,33.5,,3.5,71.1,12.7,27.26
165,목포,2024-08-12,29.5,26.1,33.3,,2.7,72.4,9.5,22.62
165,목포,2024-08-13,28,26.7,31.5,1.5,2.3,84.5,4.2,16.82
165,목포,2024-08-14,28.6,25.5,32.3,,1.9,81.5,8.7,20.31
165,목포,2024-08-15,27.7,24.4,32.4,20.6,2.1,85.3,6.8,17.87
165,목포,2024-08-16,26.4,24.7,30.3,5.7,1.7,89.9,3.9,9.68
165,목포,2024-08-17,26.8,24.3,31.6,1.2,1.7,87.8,5.4,14.91
165,목포,2024-08-18,27.4,24.1,31.2,5.4,1.8,84.5,6.5,17.02
165,목포,2024-08-19,29.3,25.3,33.4,0,2.3,77.6,11.2,25.18
165,목포,2024-08-20,28.9,26.6,32.7,27,3.7,87.5,7.1,20.46
165,목포,2024-08-21,29.6,27.2,32.1,9.2,4.8,84.1,8.6,20.2
165,목포,2024-08-22,28.3,26.4,31.4,0,3.7,87.3,2.8,14.2
165,목포,2024-08-23,28.3,25.4,31.8,,1.7,84.8,10,22.23
165,목포,2024-08-24,28.4,25.5,32.3,,1.7,83.1,11,23.29
165,목포,2024-08-25,28.2,25.7,31.8,,1.9,86.5,8.4,20.57
165,목포,2024-08-26,28.4,25.5,32.4,,1.7,81.8,9.6,20.4
165,목포,2024-08-27,27.7,23.5,31.4,59.6,2.4,85.1,1.6,12.33
165,목포,2024-08-28,27.7,23.7,33.2,1.7,2.5,80.1,7.4,20.45
165,목포,2024-08-29,28,24.6,31.7,,5,77.1,12.3,25.24
165,목포,2024-08-30,27.4,24.7,30.5,,5.3,76.3,12.3,25.43
165,목포,2024-08-31,26.2,23,29.3,,3.2,77.4,11.2,23.32
165,목포,2024-09-01,26.8,23.5,29.9,,2.2,79.3,10.7,22.86
165,목포,2024-09-02,25.5,23,27.7,.2,1.6,81.6,1.7,8.95
165,목포,2024-09-03,26.9,23.4,30.9,,2.6,74,6.5,17.69
165,목포,2024-09-04,26.9,23,31.3,,2.9,72.6,11.3,23.81
165,목포,2024-09-05,27.6,23.7,31.5,,2.7,78,11.1,22.95
165,목포,2024-09-06,27.4,26.1,30.6,,1.7,86,1,11.84
165,목포,2024-09-07,26.3,24.2,29.4,,1.7,86.1,2.9,11.4
165,목포,2024-09-08,26.5,23.3,31.1,,2.4,77.9,12,23.69
165,목포,2024-09-09,27.7,23.6,32.7,,2.3,80.5,7.8,19.29
165,목포,2024-09-10,29.3,24.8,34.2,,1.7,76.8,9.4,20.95
165,목포,2024-09-11,28.2,26.9,32,.7,2.7,83.4,2,11.2
165,목포,2024-09-12,29.3,26.8,33.4,,3.1,78.8,5.7,18.04
165,목포,2024-09-13,28.7,25.5,32.6,,2.6,79.6,11.4,22.55
165,목포,2024-09-14,28.5,25.5,33,,2.8,81.1,11.6,22.54
165,목포,2024-09-15,28.7,25.4,34.3,.9,2.4,83,7.4,16.86
165,목포,2024-09-16,28.5,27.4,29.7,0,2.3,80.8,.5,7.17
165,목포,2024-09-17,29,26.7,33.4,8.2,2.1,84.3,7.2,16.6
165,목포,2024-09-18,29.2,26,33.8,,2,81.3,8.4,16.89
165,목포,2024-09-19,29.1,25.2,34.9,4.3,3.1,75.3,10.3,20.81
165,목포,2024-09-20,27.4,24.6,30.6,24.1,3.7,91.5,.8,10.27
165,목포,2024-09-21,25.3,22.3,27.9,80.1,4.5,96,0,2.91
165,목포,2024-09-22,22.2,21.1,23.7,5.6,4.3,90.8,0,6.4
165,목포,2024-09-23,22.9,19.7,27,,2.5,72.5,6.9,18.18
165,목포,2024-09-24,22.7,18.4,27,,1.9,67.5,6.9,15.7
165,목포,2024-09-25,24.5,19.5,29.8,,2.1,72.9,9.6,20.78
165,목포,2024-09-26,24.7,21.5,28.4,,2.3,80.9,9.2,17.15
165,목포,2024-09-27,23.5,20.9,26.9,,4.5,76.6,10.9,20.39
165,목포,2024-09-28,24.2,20.2,28.7,,1.9,77.3,6.7,14.42
165,목포,2024-09-29,24.3,20.6,28.7,,2.2,67.9,10.4,19.64
165,목포,2024-09-30,23.6,19.2,28.4,,2,66,11.1,20.5
168,여수,2024-05-20,22.2,17.3,28.8,,3,51,12.7,28.02
168,여수,2024-05-21,19,17,21.7,,2.2,73.1,11.7,27.93
168,여수,2024-05-22,19.4,16.2,23.7,,1.8,73.1,6.2,21.53
168,여수,2024-05-23,21.9,17.4,26.6,,2.5,67.4,12.5,28.37
168,여수,2024-05-24,21.2,17.8,26,,2.2,62.3,12.4,28.37
168,여수,2024-05-25,19.6,17.7,22.5,,3.6,56.4,10.8,26.52
168,여수,2024-05-26,19.1,16.1,21.3,12.9,2.5,81.3,2.8,11.42
168,여수,2024-05-27,21.2,18.4,24.3,0,5.2,52.6,7.9,22.34
168,여수,2024-05-28,20.2,17.5,24.4,,3.8,54.9,7,21.42
168,여수,2024-05-29,20.2,16.4,24.2,,2.3,71.6,13,29.83
168,여수,2024-05-30,19.9,17.4,23.4,.2,1.9,70,1,14.16
168,여수,2024-05-31,20.6,16.7,23.6,.7,3.7,67.3,11.4,28.61
168,여수,2024-06-01,21.7,18.5,26,,6,48.9,10.4,27.8
168,여수,2024-06-02,20.2,16.7,24.8,,3.6,63.1,11.5,26.03
168,여수,2024-06-03,19.3,16.9,22.4,0,2.5,75.8,8.4,25.77
168,여수,2024-06-04,19.8,17.6,23.2,,2.6,69.8,12.3,30.18
168,여수,2024-06-05,19.7,17.3,22.9,,2,73.8,7.8,22.48
168,여수,2024-06-06,19.6,17.6,22.1,0,1.8,75,.3,11.03
168,여수,2024-06-07,20.8,17.7,25,,1.8,70.9,6.5,20.06
168,여수,2024-06-08,19.2,18.6,20.3,54.5,2.9,92.1,0,3.19
168,여수,2024-06-09,21.6,18.8,25.8,.4,2.8,83.9,7.3,22.3
168,여수,2024-06-10,22.5,19.4,26,,3.2,78.4,11.8,27.38
168,여수,2024-06-11,22.6,20.3,26.3,,3.6,73.8,11,25.38
168,여수,2024-06-12,22.9,18.9,26.8,,3.2,75.1,11.8,27.01
168,여수,2024-06-13,24.4,20.6,29.4,,2.2,69.1,13.2,28.85
168,여수,2024-06-14,24.3,20.7,28.4,,2.1,74.8,11.9,28.19
168,여수,2024-06-15,25.2,22.1,28.3,,3.3,76.9,11.6,27.93
168,여수,2024-06-16,26.2,22.6,30.8,,4.5,54.9,10.5,23.8
168,여수,2024-06-17,22.5,20.6,25.2,,2.2,67.8,.4,9.97
168,여수,2024-06-18,25.2,19.5,31.1,,2.5,57.4,12.7,29.8
168,여수,2024-06-19,24.9,22.4,29.2,,2.2,61.3,8.2,25.62
168,여수,2024-06-20,21.9,20.7,22.6,.7,3.3,84.8,0,3.33
168,여수,2024-06-21,23.6,21.8,27,,2.7,78.9,9.3,25.54
168,여수,2024-06-22,22.9,22,23.6,39.6,4.7,95.5,0,1.88
168,여수,2024-06-23,24.1,22.5,27.3,.5,4.7,86.5,2.5,12.18
168,여수,2024-06-24,23.5,21.9,25.2,,4.2,88,.8,15.37
168,여수,2024-06-25,22.8,21.2,25.7,,3.5,65.5,1.4,15.37
168,여수,2024-06-26,23,20.1,27,,1.8,63.1,8.9,24.05
168,여수,2024-06-27,19.9,19,21.9,2.4,3,81.6,0,6.3
168,여수,2024-06-28,22.9,19.1,26.6,.1,2.6,80.9,12.8,28.22
168,여수,2024-06-29,22.6,21.6,24.3,47.3,3.8,94.1,0,3.03
168,여수,2024-06-30,23.2,22.6,24.2,34.6,6.6,96.9,0,3.74
168,여수,2024-07-01,24.2,22.2,27.2,5.8,3.7,90.6,9.2,25.38
168,여수,2024-07-02,24.2,22.6,25.1,50.9,5.3,95.9,0,5.04
168,여수,2024-07-03,24.7,22.9,27.7,1.2,5.4,92.8,5.6,17.53
168,여수,2024-07-04,25,22.2,28.4,0,3.3,90.8,9.6,27.44
168,여수,2024-07-05,25.7,23.8,28.8,4.1,4.6,88.9,6.6,23.49
168,여수,2024-07-06,26,23.3,28.6,,4.2,87.3,7.8,23.26
168,여수,2024-07-07,25.7,24.9,27.1,,6.3,91.6,.1,9.81
168,여수,2024-07-08,25.4,24.7,26.3,0,4.5,93.1,0,5.04
168,여수,2024-07-09,25.3,23.8,27,.5,3.8,93.5,.1,7.68
168,여수,2024-07-10,24.3,22.5,28.2,26.1,6.8,93.3,2.8,14.88
168,여수,2024-07-11,22.9,21.8,24.5,,1.7,92,0,9.7
168,여수,2024-07-12,24.2,21.8,28,,2.1,86.9,11,27.27
168,여수,2024-07-13,23.6,21.8,26.1,.8,1.8,89.1,.4,12.3
168,여수,2024-07-14,23.2,22.6,23.7,65,2.6,96.9,0,4.23
168,여수,2024-07-15,23.8,22.8,25.9,1.9,3,92.5,.1,10.01
168,여수,2024-07-16,23.1,22.4,23.5,123.5,2.2,98,0,2.05
168,여수,2024-07-17,25.5,23.3,27.8,,3.1,96.1,.7,11.11
168,여수,2024-07-18,25.9,24.8,26.9,1.2,6.5,94.8,.4,6.42
168,여수,2024-07-19,24.6,23.7,26.9,25.7,3,92.9,3.6,11.89
168,여수,2024-07-20,26.5,23.5,30.5,,2.7,90,5.3,21.86
168,여수,2024-07-21,26.8,23.9,29.9,13.6,3.9,87.6,9.4,24.32
168,여수,2024-07-22,27.6,25.9,30.5,0,3.7,90.5,8.1,24.71
168,여수,2024-07-23,27.7,26.3,29.7,.1,3.8,91.4,3.8,17.52
168,여수,2024-07-24,27.8,26.2,30.6,2.9,2.2,90.6,5.4,18.82
168,여수,2024-07-25,27.6,25.2,30.5,1.5,2.3,89.1,8.4,24.69
168,여수,2024-07-26,26.4,24.9,27.8,19,3.3,91.6,.6,7.8
168,여수,2024-07-27,27.4,24.6,30.7,31.7,3.2,90.4,6.2,22.49
168,여수,2024-07-28,28.2,26.5,30.6,,3.3,88.1,9.9,25.8
168,여수,2024-07-29,28.5,25.8,32.1,,4,83.3,10.8,25.67
168,여수,2024-07-30,29.2,26.1,33.3,,4.2,75.4,12.8,27.83
168,여수,2024-07-31,28.8,26.4,31.3,,4.1,80.4,12.1,27.82
168,여수,2024-08-01,28.7,26.6,31.3,,2.3,86,9.3,22.29
168,여수,2024-08-02,29.1,26.9,31.9,,2.9,84.8,10.9,25.98
168,여수,2024-08-03,30.3,27.7,33.8,,3,80.4,12.5,26.89
168,여수,2024-08-04,29.5,27.3,33.4,,1.6,85.9,8.6,23.54
168,여수,2024-08-05,28.8,25.9,32.6,,2.4,79.1,9.4,24.34
168,여수,2024-08-06,28.6,25.7,32.5,,2.2,77.8,10.7,25.16
168,여수,2024-08-07,28.7,25.8,32.2,,1.9,80.9,11.2,25.69
168,여수,2024-08-08,29.4,26.8,32.3,,2.1,79.1,9.8,23.44
168,여수,2024-08-09,29.2,26.1,33.2,,1.6,73.8,11.8,26.12
168,여수,2024-08-10,28.6,25.8,32.3,,1.9,78.1,11.1,24.16
168,여수,2024-08-11,28.6,26,32.2,,2.1,73.8,12.4,26.48
168,여수,2024-08-12,28.5,25.4,32.2,,2.1,74.9,12.2,26.86
168,여수,2024-08-13,28.5,25.9,32.2,,2.7,73.6,10.7,25.19
168,여수,2024-08-14,28.9,26.1,32.5,,2.6,73.9,12.5,26.21
168,여수,2024-08-15,29.5,26.7,33,,3,74.1,11.8,26.27
168,여수,2024-08-16,29.2,26.6,32.9,,2.9,72.5,9.5,24.11
168,여수,2024-08-17,29.2,26.7,33.1,,2.4,74,9.6,22.14
168,여수,2024-08-18,28.9,26.9,31.8,,3,74,9.8,22.08
168,여수,2024-08-19,29.3,26.7,32.5,0,3.7,76.5,7.8,20.37
168,여수,2024-08-20,28.4,26,30.2,18.9,3.7,87.4,1.3,10.12
168,여수,2024-08-21,29.2,26,31.4,10.5,4.6,85.9,5.3,19.02
168,여수,2024-08-22,28.7,27.2,31.4,5.9,5.6,87.4,1.3,7.55
168,여수,2024-08-23,28.5,25.3,31.3,,3.2,80.4,11.8,24.77
168,여수,2024-08-24,29.1,26.1,32.8,,2.1,75.4,11.8,24.47
168,여수,2024-08-25,28.9,26.2,32.6,,1.7,78.3,11.1,22.85
168,여수,2024-08-26,29,26.7,32.3,,1.8,78.5,9.2,21.39
168,여수,2024-08-27,28.5,26.2,32.2,0,3.8,80,4.4,17.95
168,여수,2024-08-28,27.8,25.6,30.6,,8.5,70.1,9.8,23.06
168,여수,2024-08-29,29.4,26.7,32.3,,8.9,62.5,8.2,19.81
168,여수,2024-08-30,30.5,26.4,34.2,,4.6,59.8,9.2,21.26
168,여수,2024-08-31,27.9,24.2,32.7,,3.4,67.4,11.9,24.86
168,여수,2024-09-01,27.6,24.6,31.4,,3.2,73.3,11,24.78
168,여수,2024-09-02,27.6,25,30.6,,2.4,73.1,7,19.52
168,여수,2024-09-03,26.7,25,28.4,,4.5,71.5,3.4,15.99
168,여수,2024-09-04,26.2,23.3,30.3,,3.6,66.1,11.5,24.26
168,여수,2024-09-05,27.1,23.5,30.4,,2.8,75.5,11.2,23.86
168,여수,2024-09-06,28.1,26.4,31.7,,2.5,79.9,4.3,16.29
168,여수,2024-09-07,27.7,25.8,30,0,2.5,82.3,.8,11.6
168,여수,2024-09-08,28.6,25.7,32.4,,1.4,77.3,8.7,21.54
168,여수,2024-09-09,28.7,26.6,32.4,,3.4,74.4,,
168,여수,2024-09-10,28.7,26,32.8,,4.1,74.1,10.8,22.69
168,여수,2024-09-11,28,26.8,30,2.3,2.8,84.4,1.7,13.45
168,여수,2024-09-12,28.7,26.8,32.4,,2.4,83.4,6.7,19.19
168,여수,2024-09-13,29.3,26.7,32.9,,2.3,78.9,10.5,21.92
168,여수,2024-09-14,29.4,26.8,33.1,,2.4,76.4,10.6,22.43
168,여수,2024-09-15,29.8,27.5,33.3,,4.6,74.1,8,19.33
168,여수,2024-09-16,28.8,27.1,30.6,,5.7,75.4,1.8,12.58
168,여수,2024-09-17,29.9,27.4,33.8,,2.4,77.5,9.9,21.49
168,여수,2024-09-18,29.6,27.8,33.3,,2.4,78.3,6.6,17.29
168,여수,2024-09-19,29.8,26.8,33.5,,3.1,72.8,10,21.59
168,여수,2024-09-20,27.4,25.2,29.1,37.1,4.7,89.8,0,2.36
168,여수,2024-09-21,26,23,28.6,143.5,7.6,90.1,.3,4.51
168,여수,2024-09-22,22.7,21,24.2,1.4,5.3,81,.1,6.78
168,여수,2024-09-23,21.9,20,24.8,,6.2,63.3,7.6,20.54
168,여수,2024-09-24,22.4,19.1,25.3,,5.3,65,7.3,18.33
168,여수,2024-09-25,24.3,21.4,28,,4.1,71.8,10.4,20.86
168,여수,2024-09-26,25,22.1,29.1,,2.6,71.6,9.1,18.58
168,여수,2024-09-27,25.2,22.6,29.3,,2.3,75,8.4,18.93
168,여수,2024-09-28,24.8,22.7,27.7,,5.7,69.5,10.2,20.78
168,여수,2024-09-29,23.9,22.1,26.7,,6.1,63.8,9.4,19.81
168,여수,2024-09-30,23.5,20.7,28.2,,3.4,67.6,10.9,20.91
169,흑산도,2024-05-20,19.2,15.2,24.1,,2.8,71.8,12.1,27.69
169,흑산도,2024-05-21,16.7,14.8,21.9,,2.8,90.8,5.4,19.75
169,흑산도,2024-05-22,16.8,15.1,23.6,,2,92,6.7,22.07
169,흑산도,2024-05-23,16,12.7,19.1,,3.4,91.3,9.8,26.68
169,흑산도,2024-05-24,17,15.2,20.5,,4.9,89.1,5.9,22.71
169,흑산도,2024-05-25,18.2,14.6,23.5,,6.3,75.8,11.6,26.97
169,흑산도,2024-05-26,18.2,15.1,20.4,2.3,8.7,93.4,0,5.01
169,흑산도,2024-05-27,17.4,15,21.7,,5.9,81.3,8.6,22.35
169,흑산도,2024-05-28,16.9,14.9,19.6,,7.6,82.8,13.2,30.85
169,흑산도,2024-05-29,19.2,14.9,24.7,,2.8,74.5,13.5,29.51
169,흑산도,2024-05-30,18.2,15.6,24.2,2.9,2.9,84.1,1.5,15.29
169,흑산도,2024-05-31,18.3,15.5,22.1,0,2.6,84.8,10.3,28.11
169,흑산도,2024-06-01,18.1,16.1,20.3,,6.7,83.8,12,29.57
169,흑산도,2024-06-02,19.4,15.9,23.5,,3.6,73.3,8.6,24.46
169,흑산도,2024-06-03,19.8,16.3,25.9,,4,73.8,9.5,23.61
169,흑산도,2024-06-04,19,15.3,25.3,,2.9,82.4,13.3,30.07
169,흑산도,2024-06-05,18.8,15.8,22.5,,1.9,83.6,3.7,17.24
169,흑산도,2024-06-06,20.5,16.9,26,,2,79,9.5,25.84
169,흑산도,2024-06-07,20,17.1,23.8,0,3.7,77,1.8,13.71
169,흑산도,2024-06-08,20.5,18.1,25,.1,3.4,88.4,5.9,20.11
169,흑산도,2024-06-09,20.8,18.4,24.6,,2.3,87.1,8.9,22.4
169,흑산도,2024-06-10,21.2,17.3,26.5,,3.7,84.5,11.3,27.41
169,흑산도,2024-06-11,20.5,17.8,24.6,,3.1,91.4,1.6,16.49
169,흑산도,2024-06-12,20,17.3,25.9,,2.5,86.3,7.2,23.15
169,흑산도,2024-06-13,22.4,18.8,27,,2.8,79.8,13.4,29.22
169,흑산도,2024-06-14,22.1,19,27.9,,2.8,78.4,5,16.48
169,흑산도,2024-06-15,24,20.6,28.8,,3.1,81.5,11.8,27.32
169,흑산도,2024-06-16,23.4,19.5,27.6,,3,83.4,10.6,24.82
169,흑산도,2024-06-17,21.2,18.9,25.2,,2,83.3,2.9,12.36
169,흑산도,2024-06-18,23.9,18.8,29,,2.9,72.3,13.7,30.25
169,흑산도,2024-06-19,23.7,19.1,29.4,,3.4,75.5,8.9,24.4
169,흑산도,2024-06-20,20,18.9,21.1,15.9,7,95.9,0,2.54
169,흑산도,2024-06-21,21.8,19.5,25.5,,4.8,92,1.7,12.25
169,흑산도,2024-06-22,22.1,20.2,25.3,34.7,7.5,97.4,1.6,6.64
169,흑산도,2024-06-23,23.5,20,27.5,0,3.5,90.6,5.8,18.86
169,흑산도,2024-06-24,23.7,20.2,27.4,0,4.2,86.9,5.8,20.22
169,흑산도,2024-06-25,22.3,19.3,26,,3,83.8,7.7,21.29
169,흑산도,2024-06-26,22.5,19.6,26.3,,2.5,81.3,12.5,29.23
169,흑산도,2024-06-27,19.6,17.9,20.8,1.5,3,91.8,0,4.58
169,흑산도,2024-06-28,22.6,18.9,28,,2.8,86.5,10,26.18
169,흑산도,2024-06-29,21.9,20.1,23.5,54,9.3,98.8,0,1.64
169,흑산도,2024-06-30,23.8,21.6,26.3,13.4,5.1,94.6,.3,9.26
169,흑산도,2024-07-01,23.3,20.5,26.8,5.5,2.8,93.1,1.8,17.89
169,흑산도,2024-07-02,23.1,20.9,25.9,7.9,9.4,96.3,1,10.85
169,흑산도,2024-07-03,24.8,22.5,28.9,17.9,4.4,90.1,9.6,25.15
169,흑산도,2024-07-04,23.6,21.8,25.3,0,6.9,93.3,0,14.88
169,흑산도,2024-07-05,25,22.8,28.7,2.8,3.7,89.6,7.1,22.68
169,흑산도,2024-07-06,24.7,22.2,27.9,,10.2,93.5,3.4,17.52
169,흑산도,2024-07-07,24.9,22.6,27.8,,6.8,92.3,.4,9.63
169,흑산도,2024-07-08,24,22.2,28.2,2,6,96.1,.4,7.62
169,흑산도,2024-07-09,23.8,22.3,25.3,.3,5.1,96.9,0,5.87
169,흑산도,2024-07-10,23.8,22.1,26.7,11.4,4.9,94.1,.5,11.48
169,흑산도,2024-07-11,22.7,21.7,25.1,,1.7,94.1,0,7.68
169,흑산도,2024-07-12,23.7,21.7,27.6,,1.6,90.5,2.9,17
169,흑산도,2024-07-13,22.7,21,25.5,8,5,92.9,3.8,15.64
169,흑산도,2024-07-14,22.3,21.7,24.3,4,6.5,97.9,.4,7.25
169,흑산도,2024-07-15,22.8,21.4,25.6,23.8,7.1,96.4,.2,8.35
169,흑산도,2024-07-16,23.5,22,25.1,99.4,6.3,98.1,0,6.23
169,흑산도,2024-07-17,24,22.8,25.2,,9.5,98.1,0,5.43
169,흑산도,2024-07-18,25.3,22.9,27.5,19.8,8.3,92.3,0,7.76
169,흑산도,2024-07-19,23.6,21.8,28.2,50,4.7,95.3,4.3,14.35
169,흑산도,2024-07-20,25.6,22,28.3,3,7.5,96.6,0,9.72
169,흑산도,2024-07-21,25.7,22.5,29.9,1.7,8.6,93.9,3.1,17.61
169,흑산도,2024-07-22,25.1,23.7,26.4,,9.4,97.1,0,6.75
169,흑산도,2024-07-23,25.4,23.8,28.1,,7.8,96.9,0,9.03
169,흑산도,2024-07-24,27.2,24.7,31.4,,5.4,92.5,5.7,21.58
169,흑산도,2024-07-25,26.1,24.2,29.6,,8.6,92.4,10,27.17
169,흑산도,2024-07-26,25.2,23.4,28.7,.8,10.9,92.8,6,22.09
169,흑산도,2024-07-27,27,23.6,30.7,,13.1,90.9,7,22.03
169,흑산도,2024-07-28,27.2,24.4,30.1,,11,91.8,9.1,23.96
169,흑산도,2024-07-29,27.7,24.9,32.2,,6.8,89.8,9.8,24.77
169,흑산도,2024-07-30,28.4,25.6,32.3,,5.6,87.1,12.6,27.63
169,흑산도,2024-07-31,28.5,26,33.3,,6.9,90.8,8,24.87
169,흑산도,2024-08-01,29.1,26.2,33.3,,6.7,89.1,10.5,25.79
169,흑산도,2024-08-02,28.9,26.7,33.4,,4.7,90.9,6.7,20.79
169,흑산도,2024-08-03,30.1,27,34,,1.6,86.8,12.3,26.1
169,흑산도,2024-08-04,29.4,27,33.1,,2.1,87.5,9,22.64
169,흑산도,2024-08-05,28.5,25.2,33.5,,3.9,87.5,8,22.61
169,흑산도,2024-08-06,28.2,24.5,33.1,,2.7,82.5,10.4,24.87
169,흑산도,2024-08-07,29.1,25.6,33,,1.7,78.5,13,26.96
169,흑산도,2024-08-08,27.8,25.1,33.2,0,2.3,83.6,7.3,19.02
169,흑산도,2024-08-09,28.9,25.7,33.4,,1.6,79.3,12.1,26.37
169,흑산도,2024-08-10,28.5,25.2,33.9,,4.1,82.9,11.7,25.78
169,흑산도,2024-08-11,27.2,25.1,31.8,,7.8,85.6,8,20.9
169,흑산도,2024-08-12,28,25,33.5,,5.4,80.9,12.3,26.2
169,흑산도,2024-08-13,28.6,24.5,34.4,.5,2.5,79.5,10.8,24.18
169,흑산도,2024-08-14,28.8,25.6,34,2.4,2.6,81.3,10.7,24.2
169,흑산도,2024-08-15,29.3,25.7,34.4,,2.2,75.5,12.3,26.07
169,흑산도,2024-08-16,28.6,25.5,33.8,,2.1,80.3,7.7,21.72
169,흑산도,2024-08-17,29.2,25.4,35.1,,1.9,76.3,11.4,25.97
169,흑산도,2024-08-18,29.4,25.3,35.2,,2.4,76,12.4,25.86
169,흑산도,2024-08-19,28.6,25.7,32.7,,4.6,79.9,12.4,25.24
169,흑산도,2024-08-20,28.5,25.8,31.9,9.2,5.3,87,9.4,22.36
169,흑산도,2024-08-21,28.4,26,32.1,1,8.7,88.4,9.8,22.84
169,흑산도,2024-08-22,28,25.5,31.7,4.4,5.8,85.6,6.4,17.03
169,흑산도,2024-08-23,27.9,24.9,32.2,,2.1,86.3,8.1,17.7
169,흑산도,2024-08-24,27.7,25,32,,3,89.1,8.3,19.77
169,흑산도,2024-08-25,28.5,24.9,32.4,,1.8,84.9,9.4,20.92
169,흑산도,2024-08-26,28.3,25.4,32.6,,1.6,83.4,10.1,22.36
169,흑산도,2024-08-27,27.5,25.3,31.3,0,3.2,86.9,1.9,13.06
169,흑산도,2024-08-28,28,23.9,31,0,6.1,79,9.8,24.22
169,흑산도,2024-08-29,27.8,25.2,31.4,,7.3,76.9,12.6,25.69
169,흑산도,2024-08-30,26.8,24,30.3,,7.9,82.3,9.8,20.63
169,흑산도,2024-08-31,26.7,23.3,30.7,,5.1,80,12.1,24.99
169,흑산도,2024-09-01,26.4,23.6,30.8,,1.5,81.6,11.7,23.69
169,흑산도,2024-09-02,25.5,23.2,31,1,3.1,89.8,2.9,10.17
169,흑산도,2024-09-03,25.7,22.8,31.3,.3,5.5,86,7.3,21.04
169,흑산도,2024-09-04,25.6,22.9,29.8,,6.5,82.1,8.6,21.11
169,흑산도,2024-09-05,27.5,23.5,34.1,,4.3,82,11.2,23.45
169,흑산도,2024-09-06,27,24.1,30.7,.2,2.3,84.4,2.7,12.98
169,흑산도,2024-09-07,26.2,23,30.2,,2.6,78.3,7.3,17.93
169,흑산도,2024-09-08,25.4,22.2,30.3,,3,80.3,12,24.61
169,흑산도,2024-09-09,26.9,22.6,33.2,,2.2,81,12,23.62
169,흑산도,2024-09-10,27.6,24.7,32.2,,3.7,83.8,11.5,23.07
169,흑산도,2024-09-11,27.6,25.5,33.8,0,5,86.4,7.1,20.19
169,흑산도,2024-09-12,27.4,25.3,31,21.4,5.8,92.1,4.6,14.71
169,흑산도,2024-09-13,28.7,25.9,35.1,0,3.5,84.4,9.1,19.76
169,흑산도,2024-09-14,28.3,25.7,32.6,,2.7,84.9,11.6,22.46
169,흑산도,2024-09-15,27.9,26,31.6,,6,88.4,7.8,20.43
169,흑산도,2024-09-16,27,25.8,29.1,0,4.5,88.8,1.3,10.23
169,흑산도,2024-09-17,28.7,25.8,34,,2.5,86.9,7.7,17.8
169,흑산도,2024-09-18,29.2,26,34.5,,3.2,84.4,10.8,21.97
169,흑산도,2024-09-19,28.3,24.7,33.8,4.3,5.1,81.3,10.1,21.02
169,흑산도,2024-09-20,27,24.6,31.1,35.1,9.2,95.1,2.3,11.66
169,흑산도,2024-09-21,25.2,23.3,27.1,66.1,9.4,93.6,.1,3.38
169,흑산도,2024-09-22,23.4,21.9,26.3,0,10.3,81.3,7.1,20.02
169,흑산도,2024-09-23,23.7,21.7,28.3,,4.8,78.3,7.5,18.54
169,흑산도,2024-09-24,22.7,20.6,26.4,,3.6,72.6,3.8,13.79
169,흑산도,2024-09-25,24.4,21.5,30.1,,2.4,77.9,9.9,19.66
169,흑산도,2024-09-26,24.5,21.7,29.3,,3.3,83.4,5.8,14.47
169,흑산도,2024-09-27,23.6,21.4,27.2,,6.1,74.8,9.9,19.64
169,흑산도,2024-09-28,24.6,21.7,30.6,,3,81.3,9,19.57
169,흑산도,2024-09-29,24.3,22.2,29.2,,3.7,76.8,11.2,21.11
169,흑산도,2024-09-30,23.7,21.1,29.1,,2.3,75.3,10.6,19.3
170,완도,2024-05-20,22.1,14.6,30,,2,57.9,12.9,27.38
170,완도,2024-05-21,19.7,15,26.5,,3.8,74.8,9.1,25.39
170,완도,2024-05-22,19.8,14.8,26.6,,2.2,74.8,7.5,21.15
170,완도,2024-05-23,22.7,16.3,29.4,,1.8,62.4,12.9,28.28
170,완도,2024-05-24,21.9,16.8,30.3,,2.7,62.3,12.8,28.47
170,완도,2024-05-25,20.2,15.2,25.7,,5.4,59.4,12.5,26.91
170,완도,2024-05-26,19.9,15.6,22.9,6.2,4.6,88.4,0,6.32
170,완도,2024-05-27,20.4,17.1,25.8,,2.6,58.1,6.8,21.6
170,완도,2024-05-28,21,15.1,26.9,,2,57.1,11.2,27.54
170,완도,2024-05-29,20.6,15.2,27.7,,1.9,68.8,13.2,30.27
170,완도,2024-05-30,19.9,15.5,25.8,2.6,1.8,73.8,1,13.49
170,완도,2024-05-31,20.1,16.1,25.7,2.4,2,75.9,8,23.67
170,완도,2024-06-01,20.1,16.2,24.9,,2.8,67.9,7.5,21.13
170,완도,2024-06-02,20.5,15.7,26.5,,2.6,59.1,9.7,23.81
170,완도,2024-06-03,19.9,14.2,27.4,,2.9,71.3,10.1,24.28
170,완도,2024-06-04,20.6,15.5,26.7,,2.5,71.1,9.5,23.89
170,완도,2024-06-05,20.2,15.3,27.3,,2.1,71.6,5.3,19.58
170,완도,2024-06-06,19.5,16.8,23,.6,1.6,78.1,.1,10.12
170,완도,2024-06-07,21.5,17.1,27.7,0,2.5,73.4,4.5,18.62
170,완도,2024-06-08,20.2,19.6,21.4,28.9,3,92.9,0,5.2
170,완도,2024-06-09,23.3,19.5,29.4,,2,77.5,7.7,20.28
170,완도,2024-06-10,23.4,17.6,29.6,,1.8,67.8,11,26.52
170,완도,2024-06-11,22.1,16.8,28.9,,1.3,73,11,24.28
170,완도,2024-06-12,23.2,16.7,29.7,,1.4,75.8,9.8,25.4
170,완도,2024-06-13,24.6,19.7,31.1,,1.2,70.5,13.3,28.54
170,완도,2024-06-14,24.7,18.9,31.1,,2.1,73,9.2,24.06
170,완도,2024-06-15,25.2,20.7,30.7,,2.2,77,8.9,23.86
170,완도,2024-06-16,25.1,20.5,30.9,,2.4,68.3,12,27.58
170,완도,2024-06-17,21.5,17.3,26.3,,1.2,73.6,1.2,11
170,완도,2024-06-18,25.4,17,34.2,,1.8,54,13.3,29.81
170,완도,2024-06-19,24.7,19.4,32.5,,2.1,62.3,9.5,24.06
170,완도,2024-06-20,21,20.2,22,11.5,4.9,91.8,0,2.38
170,완도,2024-06-21,23.7,19.4,29.4,.2,2.4,83.4,5.3,19.14
170,완도,2024-06-22,23.8,22.5,26.5,53.8,3.8,93.4,0,3.65
170,완도,2024-06-23,24,22.2,27.9,1.6,3.2,87.3,2.7,14.66
170,완도,2024-06-24,24.4,22.1,28.8,,2.8,83,3.4,17.25
170,완도,2024-06-25,23.4,20.5,28.9,,1.7,69.1,2.3,15.98
170,완도,2024-06-26,22.8,17.7,29.6,,1.6,65,8.3,24.23
170,완도,2024-06-27,19.8,17.9,22,7.2,2.2,89.3,0,3.43
170,완도,2024-06-28,23.8,18.5,30.1,,2.1,82,10.8,27.93
170,완도,2024-06-29,23.7,22,25.6,55.8,4.6,92.6,0,2.95
170,완도,2024-06-30,24.6,23.3,25.8,64.7,4.6,94,0,4.92
170,완도,2024-07-01,25.4,23.1,29.5,19.8,2,87.9,3.5,17.2
170,완도,2024-07-02,27.5,23.1,30.9,.2,6.9,83.5,5.8,21.37
170,완도,2024-07-03,26.7,23.7,31.1,3,3.2,84.4,9.1,25.08
170,완도,2024-07-04,26.7,22.6,31.4,,1.5,84.3,8.3,25.97
170,완도,2024-07-05,27.2,23.8,31.3,1.2,2.9,79.9,9.3,25.46
170,완도,2024-07-06,27.7,23.8,30.3,,4.2,80.9,8.9,23.12
170,완도,2024-07-07,27,26.4,29,,5.1,87.9,1.5,15.31
170,완도,2024-07-08,27,26.1,28.8,0,5.3,87.5,.4,14.19
170,완도,2024-07-09,27.1,25.5,30,0,3.9,86.5,.3,9.72
170,완도,2024-07-10,24.7,22.2,27.3,42.1,4.5,90.4,0,9.54
170,완도,2024-07-11,23.8,21.8,26.5,,1.9,87.3,.2,8.46
170,완도,2024-07-12,24.8,21.5,30.4,,1.5,82,9.3,25.46
170,완도,2024-07-13,24.4,20.9,28.8,2.5,2.7,86.6,1.4,12.71
170,완도,2024-07-14,23.3,21.9,25.3,69.6,2.3,95.4,.1,3.31
170,완도,2024-07-15,23.7,22,26,1.3,2.9,94.1,0,5.91
170,완도,2024-07-16,25.5,22.4,29,114.9,2.7,92.3,.6,9.74
170,완도,2024-07-17,26.9,23.5,31.2,,1.9,87,2.5,13.97
170,완도,2024-07-18,27.2,23.5,30.6,16.1,4.1,85.6,1.5,14.45
170,완도,2024-07-19,25,23.5,29.3,37.9,1.8,91.3,3.3,11.76
170,완도,2024-07-20,28.5,23.3,32.9,0,3.1,81.6,7.2,22.42
170,완도,2024-07-21,27.2,24,31.8,5.3,3,86.3,6.9,20.76
170,완도,2024-07-22,28.3,24.8,33,,2,83.3,6.6,19.85
170,완도,2024-07-23,28.8,25.2,33.8,,1.7,82.1,6.6,21.31
170,완도,2024-07-24,28.7,25.5,32.9,0,1.4,84.9,4.3,14.25
170,완도,2024-07-25,29.3,26.2,33.8,0,4.1,84.5,6.8,21.56
170,완도,2024-07-26,26.7,25.3,29.2,25.9,5.5,92.1,.1,6.27
170,완도,2024-07-27,28.1,24.7,32.4,3.7,5.6,88.8,5,15.01
170,완도,2024-07-28,29.5,26,34.3,,2.8,82.4,10,23.62
170,완도,2024-07-29,28.9,25.4,32.5,,2.7,80.9,12.2,27.71
170,완도,2024-07-30,29.2,26.7,33,,3.1,80.1,11.6,25.88
170,완도,2024-07-31,29.9,27.2,33.8,,1.8,80.4,10.1,24.67
170,완도,2024-08-01,29.6,26.7,34.9,,1.5,81.3,7.4,21.14
170,완도,2024-08-02,29.7,26.3,34.3,,1.3,82.8,7.6,19.78
170,완도,2024-08-03,31.4,26.5,37,,1.8,76.3,12.1,26.35
170,완도,2024-08-04,31,27.1,36.1,,1.3,78.6,11.8,24.3
170,완도,2024-08-05,29.6,25.4,35.3,,2.3,78,9.9,24.08
170,완도,2024-08-06,28.9,24.7,34.9,,1.4,80.6,11,24.78
170,완도,2024-08-07,29.9,25.4,35.3,,1.4,77.8,12.4,25.62
170,완도,2024-08-08,29.7,25.7,35.3,,1.6,77.6,9.1,20.74
170,완도,2024-08-09,29.9,25.5,34.9,,1.4,75,11.8,23.24
170,완도,2024-08-10,29.4,25.3,35,,2.2,77,11.8,25.61
170,완도,2024-08-11,29,24.8,34.5,,2.6,75.4,12.7,26.59
170,완도,2024-08-12,29,24.6,35,,2.4,74.9,12.4,26.22
170,완도,2024-08-13,28.9,25.1,34.8,,1.7,76.4,7.1,20.88
170,완도,2024-08-14,29.5,24.9,35.5,,1.8,75.5,11.6,25.53
170,완도,2024-08-15,29.9,26,36.2,,1.9,76.3,9.7,23.73
170,완도,2024-08-16,28.5,24.1,34.2,.1,1.9,79.1,6,18.04
170,완도,2024-08-17,28.8,24.9,35.6,,1.6,77.8,8.2,22.21
170,완도,2024-08-18,29,24.5,34.9,,2.6,75.3,11.3,25.51
170,완도,2024-08-19,29.5,25.1,35.1,,2.8,78.4,9.3,21.25
170,완도,2024-08-20,28.8,26.8,32.9,16,4.9,88.6,2.5,11.49
170,완도,2024-08-21,30.5,27.9,35,0,3.4,81.3,7.3,19.45
170,완도,2024-08-22,28.8,26.6,32.2,5.2,3.1,84.9,6.1,18.82
170,완도,2024-08-23,28.6,25.1,33.7,,1.2,82.1,8.9,20.93
170,완도,2024-08-24,28.6,24.6,34.5,,1,78.5,8.6,22.48
170,완도,2024-08-25,28.9,24.7,34.7,0,1.3,79.5,9.1,20.64
170,완도,2024-08-26,28.2,24.2,34.5,,1.7,78.3,9.2,21.37
170,완도,2024-08-27,28.6,24.5,35.6,,2,81.5,4.2,16.28
170,완도,2024-08-28,28.8,25.6,32.2,.5,4.9,70.1,7.8,19.27
170,완도,2024-08-29,30.3,25.7,36.3,,2.1,66.6,8.4,20.33
170,완도,2024-08-30,29.2,24.5,35.2,,2,68.8,11.2,24.44
170,완도,2024-08-31,27.8,22.7,34,,2.1,70,11.2,24.48
170,완도,2024-09-01,27.8,23.9,33.5,,1.6,77.6,8,18.91
170,완도,2024-09-02,26.3,21.9,30.4,,1.1,77.8,3.2,13.14
170,완도,2024-09-03,26.8,24,32.5,,3.2,76,2.7,14.45
170,완도,2024-09-04,27.2,22.7,33,,3.6,72.6,10.6,23.25
170,완도,2024-09-05,27.5,23.1,33.5,,1.9,77.6,8.2,19.43
170,완도,2024-09-06,27.9,24.9,31.5,0,1.1,82.3,3.2,12.3
170,완도,2024-09-07,27.3,24.9,31.7,0,1.1,85.3,.2,9.1
170,완도,2024-09-08,27.9,23.9,33.7,,1.1,76.5,8.9,20.06
170,완도,2024-09-09,28.7,23.9,35.2,,2.4,77.6,9.8,22.19
170,완도,2024-09-10,29.2,24.1,35.5,10.5,2.9,78.1,9.7,22.13
170,완도,2024-09-11,27.5,25.5,31.8,98.1,2.5,92,.2,5.42
170,완도,2024-09-12,28.6,25.5,34.1,0,2.8,86,8.4,18.53
170,완도,2024-09-13,28.8,25.7,35,,1.3,81.3,8,17.76
170,완도,2024-09-14,29.2,24.8,35.7,,1.4,79.6,9.5,21.42
170,완도,2024-09-15,29.8,25.7,34.8,,3,79.6,6,17.29
170,완도,2024-09-16,27.5,25.9,28.8,21,4.3,89.9,0,2.09
170,완도,2024-09-17,29.9,26.8,35,,1.9,83.3,7.9,20.09
170,완도,2024-09-18,29.5,26.1,35,,2.2,82.5,7.8,18.41
170,완도,2024-09-19,,24.6,35,41.4,4.7,,7,17.42
170,완도,2024-09-20,28.1,24.3,31.2,63,4.5,87.1,2.2,11.24
170,완도,2024-09-21,26.7,23.5,29.6,125.7,3.6,89.3,0,3.5
170,완도,2024-09-22,22.4,21.5,23.6,2.9,1.3,93.1,0,4.61
170,완도,2024-09-23,23.5,20.1,28.3,,3.9,71.4,9.3,21.4
170,완도,2024-09-24,23,19.7,30,,2.4,72.1,7,19.18
170,완도,2024-09-25,24.8,19.6,31.5,,2.1,79.1,9.8,20.99
170,완도,2024-09-26,25,21,30.4,,1.3,80.9,7.8,17.52
170,완도,2024-09-27,24.7,20.9,30.9,,1.3,73.5,9.4,19.95
170,완도,2024-09-28,25.1,19.8,31.7,,2.5,74.9,9.1,19.2
170,완도,2024-09-29,24.6,20.5,30.4,,4,70.6,8.4,18.77
170,완도,2024-09-30,23.5,18.6,30.2,,1.7,75.4,9.6,19.94
172,고창,2024-05-30,20.7,15.8,27.4,0,1.8,69.8,.6,14.72
172,고창,2024-05-31,20.4,15.8,25.3,,2.6,71.5,12.2,29.83
172,고창,2024-06-01,19,15.6,23.6,.2,3.3,75.6,7.8,23.76
172,고창,2024-06-02,19.7,13.3,26.6,,2.2,69.8,12.4,28.21
172,고창,2024-06-03,20.5,12.7,28.5,,2.3,64,13.6,31.43
172,고창,2024-06-04,20.6,14.7,25.8,,2.4,76.8,11.1,26.04
172,고창,2024-06-05,21.4,17.3,29.4,,1.9,78.3,6.8,21.28
172,고창,2024-06-06,20.7,16.5,27.4,.8,2,76.4,7.6,22.27
172,고창,2024-06-07,22.1,15.9,28.4,,1.9,68,5.6,18.39
172,고창,2024-06-08,21.3,19.3,24.4,8.5,2.3,88.1,.3,8.73
172,고창,2024-06-09,22.6,18.7,27.6,,2,82.1,8.2,23.21
172,고창,2024-06-10,24.8,17.5,31.9,,2.4,67.9,12.2,28.68
172,고창,2024-06-11,23.9,18.9,30.3,,2,73,11.2,27.64
172,고창,2024-06-12,23.1,17.2,32.1,,2,74.4,,
172,고창,2024-06-13,23.4,16.5,32.1,,2.1,66.1,13.2,29.92
172,고창,2024-06-14,24.5,17.4,32.1,,2,70.1,9.9,25.98
172,고창,2024-06-15,24.7,20.2,30.3,,2.3,75.6,9.9,25.69
172,고창,2024-06-16,22.9,18.9,28,,2.9,77.8,11.2,28.6
172,고창,2024-06-17,21.9,16.3,29,,1.3,78.3,1.7,16.11
172,고창,2024-06-18,23.3,16,31.8,,2.3,70,13,31.28
172,고창,2024-06-19,25.1,17.4,36,,2.2,65.5,8.8,26.35
172,고창,2024-06-20,23.5,20.2,25.5,,2.8,68,.4,8.26
172,고창,2024-06-21,25.8,20.4,32.8,,2.1,72.1,6.2,21.47
172,고창,2024-06-22,23.7,22.4,25.2,36.5,4.4,92.3,0,3.68
172,고창,2024-06-23,23.7,21.9,27.7,2.5,3.1,90.4,1.3,10.86
172,고창,2024-06-24,23.8,20.6,27.8,,3.2,85.9,1.9,14.35
172,고창,2024-06-25,22.4,17.7,27.6,,1.8,74.5,8.9,23.74
172,고창,2024-06-26,22.9,17,29.6,,2,75.3,11.8,28.7
172,고창,2024-06-27,21.2,17.8,25,0,1.5,76.5,.4,8.64
172,고창,2024-06-28,24.1,17,30.1,,1.8,74.5,10.6,28.01
172,고창,2024-06-29,24.2,21.8,25.8,36.8,4.3,88,0,4.78
172,고창,2024-06-30,23.9,22.7,25.7,15.1,3.8,96,0,2.54
172,고창,2024-07-01,25.3,22.4,30.4,0,1.9,87.3,6.8,21.29
172,고창,2024-07-02,26.8,23.8,30.7,7.7,5,84.9,1.3,
172,고창,2024-07-03,26.3,23.3,30.5,23.2,3.5,83.8,7.2,22.76
172,고창,2024-07-04,27.3,21.5,33.2,,2.9,79.3,10.8,25.07
172,고창,2024-07-05,26.5,23.4,30.6,4.7,3.1,81.5,7.1,25.19
172,고창,2024-07-06,27.7,25.4,30.2,,4.2,82.5,1.8,15.61
172,고창,2024-07-07,27,26,28.5,.3,3.6,88.5,.1,7.69
172,고창,2024-07-08,26.2,25.4,27.8,45.5,3.1,92.5,.1,5
172,고창,2024-07-09,24.8,23.6,26.2,56.6,2.8,95.5,0,4.96
172,고창,2024-07-10,24.3,23.1,26.5,22.8,4.4,93.6,1,10.97
172,고창,2024-07-11,23.5,21.2,26.7,2,1.3,92.1,0,8.06
172,고창,2024-07-12,24.7,21.1,29.5,,1.5,85.9,3.3,17.32
172,고창,2024-07-13,25.7,21.3,30.4,0,2,79.6,8.3,23.59
172,고창,2024-07-14,25.2,23,27.7,8.6,2.5,87.1,1.8,9.9
172,고창,2024-07-15,26.2,23.7,31,3.8,2.5,84.1,3.6,17.82
172,고창,2024-07-16,26.1,24.3,27.7,6.7,3.3,87.8,.1,8.68
172,고창,2024-07-17,28.1,25.8,30.4,,4.2,81,,
172,고창,2024-07-18,27.1,24.6,28.6,29.4,5,85.3,,
172,고창,2024-07-19,25,23.2,28.3,36,2.1,91.8,2.3,11.87
172,고창,2024-07-20,27.2,23.4,31.6,8.5,4.2,86.3,3.3,16.14
172,고창,2024-07-21,28.3,25,31.7,.4,3.9,83.1,7,22.91
172,고창,2024-07-22,29,26.2,32.1,,4.5,78,4.7,19.01
172,고창,2024-07-23,28.8,27.2,31.2,.1,3.4,81.1,0,10.34
172,고창,2024-07-24,29.6,26.2,34,0,2.9,79.1,9.5,25.89
172,고창,2024-07-25,30.3,26.7,34.4,0,3.1,73.5,11.2,27.1
172,고창,2024-07-26,28.1,26.2,31.4,19,3.9,84.1,2.7,13.17
172,고창,2024-07-27,28.6,26.5,31.3,16.1,3.7,86.3,4.3,16.59
172,고창,2024-07-28,29.6,26.9,33.1,,4,76.5,11.3,26.99
172,고창,2024-07-29,28.8,26.4,32.5,,3.4,79.5,9.6,24.49
172,고창,2024-07-30,28.6,24.9,32.6,,2.8,79.8,11.3,27.29
172,고창,2024-07-31,29.1,25.2,34,,2.5,80.9,7.3,24.87
172,고창,2024-08-01,30,26.7,34.1,,2.8,77.9,9.1,23.69
172,고창,2024-08-02,29.8,26.9,34.3,0,2.7,83.6,7.6,19.88
172,고창,2024-08-03,30,26.1,34.5,,1.6,82.8,8.6,24.07
172,고창,2024-08-04,30,25.4,34.9,,1.6,77.6,11.4,28.29
172,고창,2024-08-05,27.2,24,33.7,12.1,2.3,87.6,4.8,12.21
172,고창,2024-08-06,28.8,24,33.5,,1.7,81.3,9.9,23
172,고창,2024-08-07,29.2,25.3,34,,1.6,81.5,10.8,25.48
172,고창,2024-08-08,27.7,24.5,32.3,0,1.4,85.8,3.8,14.85
172,고창,2024-08-09,28.1,23.4,33.7,,1.8,80,11.3,25.52
172,고창,2024-08-10,29,23.7,35.2,,2,77.9,10.7,24.73
172,고창,2024-08-11,29.7,25.7,34.6,,2.9,71.4,11.8,26.13
172,고창,2024-08-12,29.7,24.9,34.9,,1.8,73.9,10.4,23.81
172,고창,2024-08-13,29.3,26.1,34.6,9.1,2.1,84.6,5.6,19.04
172,고창,2024-08-14,29,25.4,33.7,8,2.1,82,10.4,24.21
172,고창,2024-08-15,27.5,24.6,33.6,11.6,1.8,85.4,8.5,23.07
172,고창,2024-08-16,26.5,23.9,33,8.1,1.3,90.3,5.8,14.75
172,고창,2024-08-17,27,23.9,31.9,.6,1.7,88.4,5.4,15.1
172,고창,2024-08-18,27.2,23.1,33.6,0,1.4,85.3,7.6,20.84
172,고창,2024-08-19,28.9,24.5,33.9,0,1.7,79.5,9.8,23.85
172,고창,2024-08-20,29.1,25.2,33.8,,3.2,84.3,8.1,21.58
172,고창,2024-08-21,29.8,27.1,33.1,,4.1,79.9,,
172,고창,2024-08-22,28.4,25,31.5,,4,83.9,,
172,고창,2024-08-23,27.5,22.9,33.2,,1.9,83.4,9.7,22.59
172,고창,2024-08-24,28.1,23.6,33.5,,1.5,82.5,10.4,24.02
172,고창,2024-08-25,27.3,23.6,32.4,,1.5,85.5,5.3,17.13
172,고창,2024-08-26,27.4,22.8,32.6,,1.5,81.6,8.4,20.08
172,고창,2024-08-27,26.8,23.8,31.5,.1,2.2,87.3,.6,11.19
172,고창,2024-08-28,28,22.9,33.8,0,3.7,75.8,11.8,25.37
172,고창,2024-08-29,28.1,22.2,33.9,,4.4,72.4,11.8,24.56
172,고창,2024-08-30,27.1,23.2,32.6,,3.6,77,12.3,25.71
172,고창,2024-08-31,25.1,19.7,30.7,,2,78.4,11.5,24.26
172,고창,2024-09-01,26.1,21.9,31.7,,2.2,80.1,9,20.06
172,고창,2024-09-02,25.1,20.4,30.1,0,1.9,77.8,3.4,13.1
172,고창,2024-09-03,26.8,21.6,31.1,,1.7,74.1,3.6,15.22
172,고창,2024-09-04,27,22.4,32.8,,1.8,68.9,12,24.68
172,고창,2024-09-05,27.1,22.1,32.6,,2.6,77.1,7.6,19.08
172,고창,2024-09-06,26.6,25,30.7,0,1.3,86.4,.6,9.18
172,고창,2024-09-07,26.1,22.1,29.8,0,2,85.5,3.4,11.9
172,고창,2024-09-08,25.2,20.1,32.2,,1.6,78.8,12.1,24.45
172,고창,2024-09-09,27,21.2,34.1,,1.7,81.9,10,20.81
172,고창,2024-09-10,28.7,22.8,35.4,,1.8,75.8,10.6,23.17
172,고창,2024-09-11,27.9,25.5,33.7,7.2,1.9,83.4,1.2,10.05
172,고창,2024-09-12,28.8,25.1,34,,2.1,80.1,6.1,18.75
172,고창,2024-09-13,28.3,24,33.9,,2.2,79.5,10.1,22.19
172,고창,2024-09-14,27.8,23.1,33.1,,1.6,82.5,10.3,21.19
172,고창,2024-09-15,28.5,24,35.2,13.4,1.8,83,9.1,20.29
172,고창,2024-09-16,28,24.7,31.3,0,1.5,85.1,.4,8.45
172,고창,2024-09-17,29.2,25.7,34.9,,1.9,83.1,8.7,20.08
172,고창,2024-09-18,28.2,24.8,35.3,33.5,1.7,86,8,18.95
172,고창,2024-09-19,29.2,23.5,36.1,0,2,75,10.7,20.84
172,고창,2024-09-20,26.5,24.9,29.5,43,2.8,92.1,0,7.16
172,고창,2024-09-21,24.8,21.1,27.5,67.2,3.5,95.6,0,4.04
172,고창,2024-09-22,21.4,19.3,23.1,,2.3,90.9,0,7.2
172,고창,2024-09-23,22,18.6,26.4,1.4,1.8,80.1,2.6,12.04
172,고창,2024-09-24,21.8,16.8,28.1,,1.4,70.3,10.1,19.61
172,고창,2024-09-25,22.6,16.5,29.3,,1.6,78.1,9.5,19.62
172,고창,2024-09-26,23.2,18.5,29.3,,1.7,83.1,8.2,17.85
172,고창,2024-09-27,22.1,18.4,27.8,,2,82.6,9.3,19.04
172,고창,2024-09-28,23.5,17.9,30.4,,1.7,77.5,9.4,18.91
172,고창,2024-09-29,23.1,18,29.9,,1.9,73.3,9.6,20.38
172,고창,2024-09-30,21.6,15.7,28.8,,1.4,74.3,11.1,20.99
174,순천,2024-05-20,19.3,8.7,28.5,,1.7,58.5,11.5,
174,순천,2024-05-21,18.2,12,24.7,,1.6,79.1,9.9,
174,순천,2024-05-22,19,11.5,26.9,,1.1,77.9,9.7,
174,순천,2024-05-23,22.2,14.6,29.5,,2.1,58.9,11.4,
174,순천,2024-05-24,20.3,12.6,29.5,,1.9,62.6,11.9,
174,순천,2024-05-25,18,12.5,24.1,,1.4,67.1,9.7,
174,순천,2024-05-26,17.1,9.4,21.4,9.7,1.2,88.6,1.8,
174,순천,2024-05-27,18.5,15.1,22.6,.1,3.3,58.8,7.1,
174,순천,2024-05-28,18.3,11.2,25.1,,2,62.6,7.5,
174,순천,2024-05-29,18.5,10.1,27.2,,1.1,73,12.4,
174,순천,2024-05-30,18,13,25.2,1.4,.9,75.4,1.2,
174,순천,2024-05-31,19.8,12.9,27.2,0,2.3,65,11.4,
174,순천,2024-06-01,18.6,15.3,23.6,,3.5,58.4,8.7,
174,순천,2024-06-02,18.4,12.3,25.7,,2.5,59,9.5,
174,순천,2024-06-03,17.2,8.8,24.6,2.9,1.5,77.1,9.9,
174,순천,2024-06-04,18.2,13.6,24.9,,1.3,79.9,7.4,
174,순천,2024-06-05,18.6,12.1,25.7,,1.2,76.1,6,
174,순천,2024-06-06,17.7,12.8,23.5,0,1.1,79,.9,
174,순천,2024-06-07,19,12.2,25,0,1.2,73.8,4.5,
174,순천,2024-06-08,17.8,16.4,19.3,21.6,.8,98.6,0,
174,순천,2024-06-09,20.9,16.7,27.2,.2,1.3,82.8,5.2,
174,순천,2024-06-10,22.3,14.7,30.6,,1.6,70.4,11.1,
174,순천,2024-06-11,22.4,15.1,30.8,,1.2,73.6,9.6,
174,순천,2024-06-12,22.4,15.9,30.2,,1.3,76.4,10.9,
174,순천,2024-06-13,23.1,15.2,31.6,,1.1,69.9,9.9,
174,순천,2024-06-14,22.9,15.2,29.9,,1.3,75.3,11.2,
174,순천,2024-06-15,23.8,17.9,30.4,,1.7,76.3,6.7,
174,순천,2024-06-16,22.5,16.5,28.3,,2.7,67.4,9.5,
174,순천,2024-06-17,19.1,13.9,25.1,,.6,80.6,.1,
174,순천,2024-06-18,23.9,14,32.4,,2.8,52.9,12.7,
174,순천,2024-06-19,23.2,15.6,32.4,,1.4,64.4,7.7,
174,순천,2024-06-20,19.4,15.7,21.8,,1.3,86.5,0,
174,순천,2024-06-21,22.5,17,28.8,,1.3,80.6,4.7,
174,순천,2024-06-22,22.2,20.4,24.4,44.5,1,97.4,0,
174,순천,2024-06-23,22.9,20.4,26.9,,1.5,89.6,1.7,
174,순천,2024-06-24,22.5,19.2,27,,1.5,83.8,.5,
174,순천,2024-06-25,21.5,17.2,26.8,,2.4,65.6,5.3,
174,순천,2024-06-26,20.4,14.4,28.5,,1.3,71.3,9.3,
174,순천,2024-06-27,17.2,13.3,21.8,1.2,.6,88.6,0,
174,순천,2024-06-28,22.4,14.8,29.8,,1.2,79.6,11.5,
174,순천,2024-06-29,21.7,19.7,23.6,70.2,1.2,97.3,0,
174,순천,2024-06-30,23.6,22.2,26.1,105,1.3,96.3,.1,
174,순천,2024-07-01,24.6,21.5,29.7,.2,1.3,86.9,6.5,
174,순천,2024-07-02,24.4,22.3,28,17.6,1.7,91.5,.7,
174,순천,2024-07-03,25.8,22.3,30.5,5.7,2,83.8,6.7,
174,순천,2024-07-04,25.6,19.9,30.9,,1.5,81,8.4,
174,순천,2024-07-05,25.5,22.7,30.2,1.3,1.9,81,6.2,
174,순천,2024-07-06,25.4,21.8,29,,1.8,85.5,2.2,
174,순천,2024-07-07,25.9,23.9,29.1,,1.9,87.6,1.8,
174,순천,2024-07-08,25,23.8,27.6,0,1.4,93.1,0,
174,순천,2024-07-09,24.6,23.4,26.1,1.1,.9,92.4,0,
174,순천,2024-07-10,24.1,21.3,27.9,27.1,2.3,88.1,1.1,
174,순천,2024-07-11,22.7,20.6,25.4,,1.5,89.5,0,
174,순천,2024-07-12,23.9,20.1,29.3,,1.7,83.6,8.1,
174,순천,2024-07-13,23.1,20,27.3,0,1.5,85.5,2.8,
174,순천,2024-07-14,22.4,20.9,24.1,12.3,1.1,96.4,.4,
174,순천,2024-07-15,23.4,20.7,26,0,1.3,88.9,.5,
174,순천,2024-07-16,22.1,21.6,23.1,111.9,.9,99.1,0,
174,순천,2024-07-17,24.6,21.2,28.9,5.8,.9,92.9,.9,
174,순천,2024-07-18,25.2,22.8,28,2.9,1.2,93,0,
174,순천,2024-07-19,23.6,22.1,27.8,20.6,.9,96,.8,
174,순천,2024-07-20,25.5,21.6,30.4,1,1,89,4,
174,순천,2024-07-21,26.2,22.6,30.9,15.6,1.4,90.5,4,
174,순천,2024-07-22,26.7,23.5,29.9,0,1.4,84.8,3.1,
174,순천,2024-07-23,26.8,24.1,29.5,.6,1.3,86,.6,
174,순천,2024-07-24,26.4,23.9,30.9,18.3,1,90.9,4.3,
174,순천,2024-07-25,26.7,23.6,31,5.7,1.6,87.1,6.1,
174,순천,2024-07-26,25.7,24.2,28.2,24.6,2.8,92.9,.3,
174,순천,2024-07-27,26,24.1,28.7,18,2.1,94,.8,
174,순천,2024-07-28,26.8,23.2,31.3,,1.8,85.3,6.9,
174,순천,2024-07-29,26.5,22.4,31.6,,1.4,83.3,9.3,
174,순천,2024-07-30,26.6,22,32.2,,1.9,82.6,11.3,
174,순천,2024-07-31,26.5,22,32,,1,86.6,4.1,
174,순천,2024-08-01,26.6,22.9,30.9,,1.1,87.4,4.3,
174,순천,2024-08-02,28,23.8,33.4,,.9,85.5,6.7,
174,순천,2024-08-03,28.5,24.9,33.8,,1.3,83.1,10.8,
174,순천,2024-08-04,28.1,24.2,34.4,,1.2,81.6,7,
174,순천,2024-08-05,26.1,22.4,32.3,0,1.1,86.1,6.9,
174,순천,2024-08-06,26.3,21.6,33,0,1.1,83,9.4,
174,순천,2024-08-07,27.3,21.7,33.8,,1.1,82.6,10.2,
174,순천,2024-08-08,26.3,23.3,32.3,1.8,1.4,88.1,7.6,
174,순천,2024-08-09,25.9,22.1,32.9,16.6,1.1,85.6,10.3,
174,순천,2024-08-10,26.4,22.5,31.3,,1.1,84.9,9.8,
174,순천,2024-08-11,25.9,21.6,31,,1.2,82.8,10.4,
174,순천,2024-08-12,26.1,20.9,32.1,,1.1,83,11.4,
174,순천,2024-08-13,25.9,22,31.7,,.9,82.4,7.4,
174,순천,2024-08-14,26.5,21.5,32.3,0,1,79.4,11.7,
174,순천,2024-08-15,25.8,21.9,32.1,14,1.1,86.3,8,
174,순천,2024-08-16,25.3,22.4,31,.1,1.2,88.8,6.4,
174,순천,2024-08-17,25.1,21.3,30.8,,.9,87.5,,
174,순천,2024-08-18,25.4,21.4,31.1,,1,87,6.8,
174,순천,2024-08-19,26.3,21.8,31.6,.2,.9,85.1,7.7,
174,순천,2024-08-20,26.3,23.2,29,29,2.1,92.8,.7,
174,순천,2024-08-21,26.4,24.7,29.7,23,1.4,95.9,2.2,
174,순천,2024-08-22,26,22.7,29.6,15.2,1.3,93.6,2.1,
174,순천,2024-08-23,25.7,21,32.1,,1,84.6,11.4,
174,순천,2024-08-24,26.1,21.2,32.6,,.9,83.5,10.9,
174,순천,2024-08-25,26.2,21.6,33.2,3.1,.8,83,9.2,
174,순천,2024-08-26,25.6,22.1,31.5,,.8,87.5,6,
174,순천,2024-08-27,25.5,22.1,31.8,2,.7,89.6,2.5,
174,순천,2024-08-28,25.6,21.5,31.2,,1.5,81,9.1,
174,순천,2024-08-29,25.9,20.5,32.4,,1.6,76.3,8.6,
174,순천,2024-08-30,26.3,20.7,31.7,,2.5,73.6,11.6,
174,순천,2024-08-31,24.8,20.4,31.2,,2.4,77.6,11.9,
174,순천,2024-09-01,24.3,18.8,30.8,,1,82.1,8.5,
174,순천,2024-09-02,24.4,20.1,29.7,,.8,81.8,4.5,
174,순천,2024-09-03,23.8,19.8,28.3,,1,84.1,4.8,
174,순천,2024-09-04,22.9,16.9,29.6,,1.1,80.5,11.3,
174,순천,2024-09-05,24.1,18.1,31.7,,.8,83.3,8.4,
174,순천,2024-09-06,24.3,22.4,28.8,23,.6,92.6,.7,
174,순천,2024-09-07,24.2,22,28.6,.1,.8,94.3,0,
174,순천,2024-09-08,25.3,22.1,31.6,,.8,88.1,5.5,
174,순천,2024-09-09,25.8,22.4,31.7,.4,.9,85.8,7.2,
174,순천,2024-09-10,26,20.5,32,,1.1,83.6,8.9,
174,순천,2024-09-11,24.6,22.9,27.6,52.5,.5,97.8,.1,
174,순천,2024-09-12,26,22.6,31.2,1.9,.9,89,5.9,
174,순천,2024-09-13,25.9,22.4,32,.4,1,87.5,8.1,
174,순천,2024-09-14,26.2,21.3,33.1,,.7,84,9.5,
174,순천,2024-09-15,26.3,21.3,32.4,0,1.1,85.8,7.6,
174,순천,2024-09-16,26.5,24.3,29,,1.2,83.8,.1,
174,순천,2024-09-17,27.3,23.1,33.6,9.3,.9,87,8.1,
174,순천,2024-09-18,26.7,22.7,32.2,,1.1,86.1,7.5,
174,순천,2024-09-19,26.5,21,33.3,1.1,1,81,11.1,
174,순천,2024-09-20,24.1,23.2,25.4,200.8,1.3,99.5,0,
174,순천,2024-09-21,23.4,21.9,26.6,174.4,1.4,99.1,0,
174,순천,2024-09-22,20.9,18.8,24.1,2.4,.7,96,0,
174,순천,2024-09-23,19.3,14.4,25.4,,.8,85.3,4.7,
174,순천,2024-09-24,18.7,12.3,25.8,,.9,84,9,
174,순천,2024-09-25,20.5,14.1,27.8,,.9,85.8,9.4,
174,순천,2024-09-26,21.7,16.9,27.8,,.8,86,7,
174,순천,2024-09-27,21.1,16.8,28.1,,1.4,83.1,10,
174,순천,2024-09-28,20.7,15.6,27.9,,1.1,81.8,10,
174,순천,2024-09-29,19.8,14.3,27.2,,1,81.1,10,
174,순천,2024-09-30,18.7,12.1,28,,.7,81.4,9.1,
177,홍성,2024-05-20,18.9,13.6,24.2,,1.6,84.5,6.4,18.59
177,홍성,2024-05-21,19.6,15.9,26.3,0,1.4,86.4,8.2,22
177,홍성,2024-05-22,19.3,15.2,24.9,,1.4,90.9,6.9,19.91
177,홍성,2024-05-23,19.6,15.2,27.4,,1.3,80.4,10.6,27.28
177,홍성,2024-05-24,18.7,14.6,24.9,,1.5,89.4,5,19.58
177,홍성,2024-05-25,20.1,17.4,22.9,0,.9,84.6,.1,9.6
177,홍성,2024-05-26,19.1,15.1,24,37.1,1.8,88.8,1.7,7.54
177,홍성,2024-05-27,18.8,14.3,22.9,,2.6,56.9,12.2,26.1
177,홍성,2024-05-28,18.7,11.8,24.4,,2.1,70.8,12,27.87
177,홍성,2024-05-29,20.1,12.6,26.5,,1.6,64.6,13.5,28.51
177,홍성,2024-05-30,20.8,15.4,25.6,0,.9,62.1,2.7,16.45
177,홍성,2024-05-31,19.8,14.6,24.9,0,2.1,69.1,12.7,28.14
177,홍성,2024-06-01,19.3,16.1,24.2,0,2.5,69.6,10.2,26.59
177,홍성,2024-06-02,19.7,13.1,25.4,,1.9,63.6,13.7,29.08
177,홍성,2024-06-03,20.4,13.5,26.4,,1.7,64.8,13.7,29.39
177,홍성,2024-06-04,20.9,15.2,27.3,,1.4,72.5,13.6,29.59
177,홍성,2024-06-05,21.1,15.3,27.8,,1.6,74.9,10.5,23.02
177,홍성,2024-06-06,21.4,16.9,28.3,,1.5,68.8,10.5,23.83
177,홍성,2024-06-07,21.5,15.1,26.6,0,1.3,62.4,6.4,19.82
177,홍성,2024-06-08,20.9,17.7,25.4,1.7,1.5,87.1,5.5,16.2
177,홍성,2024-06-09,22.3,18.1,28.5,,1.4,77.9,12.8,28.39
177,홍성,2024-06-10,23.5,18.2,30.2,,2.3,75,12.3,26.24
177,홍성,2024-06-11,23.5,19.1,30.9,,1.8,75.5,10.4,26.23
177,홍성,2024-06-12,23.5,16.1,32.4,,1.3,66.4,13,27.82
177,홍성,2024-06-13,24.2,18,31,,1.6,67.9,12.2,27.34
177,홍성,2024-06-14,24.4,18.2,31.3,,1.4,72.5,12.6,25.67
177,홍성,2024-06-15,24.3,21,28.1,0,1.4,77.6,4.3,16.04
177,홍성,2024-06-16,23.3,18.2,28.7,,2,71.5,12.6,25.93
177,홍성,2024-06-17,23.2,16.1,29.8,,1.6,59.8,12.5,23.87
177,홍성,2024-06-18,24,15.6,31.7,,1.9,70.5,13.8,29.18
177,홍성,2024-06-19,26,18.3,34.3,,1.5,62.5,12.3,27.08
177,홍성,2024-06-20,25.1,19.2,31.3,,1.3,64,10,21.83
177,홍성,2024-06-21,25.4,18.5,31.1,,1.3,63.8,11.9,24.91
177,홍성,2024-06-22,22.8,22.2,24.1,52.6,1.3,96.3,0,1.66
177,홍성,2024-06-23,24.7,22.6,28.3,5.1,1.9,90.3,3.7,17.4
177,홍성,2024-06-24,23.8,19.7,27.8,,2.3,78.8,9.9,24.11
177,홍성,2024-06-25,22.6,16.9,27.4,,2.1,70.6,13.4,27.06
177,홍성,2024-06-26,23.4,17.8,29.2,,1.3,73.3,13.1,27.57
177,홍성,2024-06-27,23.2,17.9,28.4,,1,76.4,6.5,17.24
177,홍성,2024-06-28,24.1,17.8,30.9,,1,72.4,13.4,28.79
177,홍성,2024-06-29,24.9,20.9,28.9,56.8,1.8,88,4.7,13.99
177,홍성,2024-06-30,24.4,22,27.2,4,3.3,93.3,4.2,16.28
177,홍성,2024-07-01,25.3,20.9,30,,1,84.9,9.1,22.38
177,홍성,2024-07-02,23.6,21.4,27.7,37.4,1,98.8,0,1.31
177,홍성,2024-07-03,25.3,24.1,27.1,.1,2.3,91,2.8,13.52
177,홍성,2024-07-04,27.1,23.4,31.2,.7,2,83.3,9,23.07
177,홍성,2024-07-05,24.6,21.9,27.8,0,2.7,83.4,9.4,21.44
177,홍성,2024-07-06,26.4,22.1,30.9,4.2,2.5,91.1,3.8,15.16
177,홍성,2024-07-07,23.9,21.9,25.9,100.3,1.4,99,0,2.23
177,홍성,2024-07-08,24.2,23,25.7,105.4,1.6,99,0,3.86
177,홍성,2024-07-09,23.8,22.9,24.6,15.1,1,99,0,3.87
177,홍성,2024-07-10,25.8,21.5,31.2,94.6,2.3,86.3,9.5,24.76
177,홍성,2024-07-11,24.5,21.9,28.5,,1.8,91.1,5.6,20.58
177,홍성,2024-07-12,25,21.8,29.4,,1.1,91.1,7.6,22.92
177,홍성,2024-07-13,26.4,22.3,31,,1,87.9,7.2,20.28
177,홍성,2024-07-14,25.5,22.7,31.2,10.3,1.6,91.4,6.2,21.67
177,홍성,2024-07-15,26.8,23,30.9,0,1.2,88,7.8,19.84
177,홍성,2024-07-16,25.1,23.3,27.5,32.8,.9,98,1.5,4.83
177,홍성,2024-07-17,27.7,23.2,30.2,4.9,3.1,90.6,2.6,13.34
177,홍성,2024-07-18,25.7,24.5,28.3,68.7,2.9,96.6,0,2.3
177,홍성,2024-07-19,25.7,23.9,29.6,.5,1.7,95.9,3.5,15.54
177,홍성,2024-07-20,26.6,22.9,31,6.8,2.2,92.9,3.4,12.6
177,홍성,2024-07-21,27.4,24.9,29.5,0,2.9,93.8,2.4,13.46
177,홍성,2024-07-22,28.8,27.6,30.4,0,2.9,86.8,1.5,11.44
177,홍성,2024-07-23,26.7,24.8,28.4,39.2,2.4,97.8,0,3.87
177,홍성,2024-07-24,28.3,26.7,31.4,10.4,1.9,94.4,8,18.87
177,홍성,2024-07-25,28.2,24.7,33.3,6,.8,89.9,7.5,18.87
177,홍성,2024-07-26,28.5,24.7,33.7,.5,1.3,89.9,6.4,18.65
177,홍성,2024-07-27,28.8,26.3,32.9,17.6,1.5,93.5,6,16.84
177,홍성,2024-07-28,29.6,26.8,33.2,,2.6,82,11,23.31
177,홍성,2024-07-29,28.4,26.8,30.3,0,3.1,90.5,4,13.47
177,홍성,2024-07-30,28.1,26.6,31.3,,2.2,90.9,5.3,14.64
177,홍성,2024-07-31,29.1,26,33.1,,2,86,9.3,22.51
177,홍성,2024-08-01,29.7,27.5,32.8,0,2.3,87.4,9.3,22.68
177,홍성,2024-08-02,29.8,27.4,32.8,,2.4,90.4,8.7,19.46
177,홍성,2024-08-03,29.7,25.8,34.3,.1,1.1,87.5,6.7,16.08
177,홍성,2024-08-04,29.5,24.4,35.2,,1,85.9,11.9,24.98
177,홍성,2024-08-05,28.9,25.5,34.7,2.7,1.4,89.4,7.8,19.7
177,홍성,2024-08-06,27.6,24.4,32.7,12.1,.9,90,9.1,20.62
177,홍성,2024-08-07,29.1,25.4,34.2,,1,85.5,10,21.6
177,홍성,2024-08-08,26.6,23.7,29.9,14.7,1.3,94.6,.7,11.25
177,홍성,2024-08-09,27.5,23.2,33,,.9,87.4,9.6,24.21
177,홍성,2024-08-10,28.5,23.8,33.3,,1,82.9,7.9,19.01
177,홍성,2024-08-11,29.2,24.6,33.7,,1.3,84.4,10.5,21.28
177,홍성,2024-08-12,29.3,25,34.2,,.9,85.9,10.3,22.53
177,홍성,2024-08-13,29.5,26.4,34.3,,1,87.8,10.1,22.8
177,홍성,2024-08-14,29.9,26,34.9,,1,82.6,10.5,23.62
177,홍성,2024-08-15,28.2,25.4,33.2,0,.9,91.6,8.1,15.61
177,홍성,2024-08-16,28.7,25,33.7,,1,85.6,10.1,21.49
177,홍성,2024-08-17,28.8,25.2,33.8,0,1.1,86.6,10.9,22.5
177,홍성,2024-08-18,28.2,25,33.4,0,1.1,91,8.4,17.62
177,홍성,2024-08-19,29,25,34.6,,1.1,84.4,9.9,20.95
177,홍성,2024-08-20,29.5,25.8,35.6,2.1,1.1,88.6,7.3,17.79
177,홍성,2024-08-21,28.8,25.5,32.3,70.8,2.1,91.3,4,7.5
177,홍성,2024-08-22,28.1,26,30.8,4.2,2.5,93.4,3,8.95
177,홍성,2024-08-23,27.9,24.3,31.5,.6,1.9,90.3,7.8,15.6
177,홍성,2024-08-24,27.9,25.1,32.1,1.1,1.2,91.9,7.5,17.29
177,홍성,2024-08-25,26.9,23.7,31.3,1.1,.8,92.8,4.7,13.39
177,홍성,2024-08-26,27,23.5,31,,.8,91.9,1.8,12.4
177,홍성,2024-08-27,25.9,24,28.1,0,1.6,96.3,1.2,5.92
177,홍성,2024-08-28,26.7,22.5,32.4,,1.8,85.5,12.1,23.11
177,홍성,2024-08-29,27.7,23.3,32.5,,2.6,77,12.1,24.24
177,홍성,2024-08-30,26.7,22.1,32,,1.6,81.6,10.9,20.61
177,홍성,2024-08-31,25.8,21.5,31,,1.2,86,10.9,22.15
177,홍성,2024-09-01,25.9,21.8,31.2,,1.4,84.5,9.2,20.59
177,홍성,2024-09-02,23.7,20.8,26.6,0,.7,93,0,5.12
177,홍성,2024-09-03,26.3,22.1,31.3,0,.9,83.5,6.7,17.28
177,홍성,2024-09-04,25.9,21,31.9,,1,79.9,10.5,22.18
177,홍성,2024-09-05,26.1,22.8,29.7,.5,1.8,91.1,5.2,13.31
177,홍성,2024-09-06,25.2,23.5,27.9,1.9,.6,97.5,0,4.34
177,홍성,2024-09-07,25.4,21,31.4,,1,84.5,9.2,21.2
177,홍성,2024-09-08,25.4,19.8,32.2,,.8,83.9,10.9,21.45
177,홍성,2024-09-09,26.8,21,33.4,,.9,85,10,20.66
177,홍성,2024-09-10,27.7,22.8,33.8,,1,83.4,10.9,20.07
177,홍성,2024-09-11,26.8,23.1,31.2,67.1,.8,92.3,2.6,10.42
177,홍성,2024-09-12,26.3,24.8,28.7,59.9,.2,95.3,0,4.3
177,홍성,2024-09-13,27.3,24.5,31.7,0,1.8,85.6,2.4,12.9
177,홍성,2024-09-14,27.5,24.8,31.4,2.3,1.2,84.3,7.6,16.67
177,홍성,2024-09-15,27.9,23.4,33,,1.5,81.3,9.4,18.17
177,홍성,2024-09-16,27.8,24,31.3,,1,78.4,6.1,15.26
177,홍성,2024-09-17,28.3,25.3,32.9,,.9,83.1,7.6,16.7
177,홍성,2024-09-18,27.6,24.6,32.6,0,.7,85,4.8,12.38
177,홍성,2024-09-19,27.9,23.9,32.1,,.5,83.1,5.2,14.42
177,홍성,2024-09-20,25.8,24.5,28.1,102.7,.8,92.8,.1,2.44
177,홍성,2024-09-21,20.7,18.6,25.9,98.6,1.8,91.6,0,2.33
177,홍성,2024-09-22,21.5,17.7,25.5,,1.9,72.1,4.4,15.92
177,홍성,2024-09-23,20.1,15.8,25.1,,1.5,73.4,10.9,19.94
177,홍성,2024-09-24,19.9,14.4,26.1,,.9,73.3,9.7,19.6
177,홍성,2024-09-25,22.6,18,27.6,,.5,78.5,6.2,13.15
177,홍성,2024-09-26,23.2,19.8,28.4,,.9,80,7.7,16.29
177,홍성,2024-09-27,22.1,17.5,27.2,,1,78.5,10.8,19.2
177,홍성,2024-09-28,23.2,18.8,28.8,,1.6,71,9.9,18
177,홍성,2024-09-29,22.6,17.8,28.2,,1.3,72.5,10.5,19.67
177,홍성,2024-09-30,20.8,14.8,27.2,,.5,70.9,10.3,17.95
181,서청주,2024-05-20,18.2,12.5,24.4,,1.2,77.9,3.9,16.93
181,서청주,2024-05-21,19.5,14.8,25.6,,1.4,73.5,8.2,20.97
181,서청주,2024-05-22,19.6,13.5,25.8,,1.4,75.5,8.5,23.78
181,서청주,2024-05-23,20.1,13.5,27.8,,1.6,68.1,12.5,28.94
181,서청주,2024-05-24,19.3,13,25.8,,1.5,76.3,8.2,24.13
181,서청주,2024-05-25,19.1,16.7,22.1,,1.8,56.1,.4,14.3
181,서청주,2024-05-26,19.1,13.3,26,28.3,1.4,78,5.6,17.12
181,서청주,2024-05-27,17.4,13,22.2,,2.5,63,10.6,26.64
181,서청주,2024-05-28,17.2,10.8,23.5,,2.2,67.9,10.7,27.13
181,서청주,2024-05-29,19.6,11.3,27.4,,1.1,63.8,13.2,29.26
181,서청주,2024-05-30,19.8,14.6,24.9,0,.9,66.8,1.9,15.51
181,서청주,2024-05-31,20.2,14.8,25.5,0,2.4,56.5,13.1,30.4
181,서청주,2024-06-01,18.9,15,23.2,0,2.5,63.1,8.2,23.96
181,서청주,2024-06-02,18.9,11.7,25.3,,1.9,59.4,13.6,30.08
181,서청주,2024-06-03,19.7,11.9,26.2,,1.5,61.5,13.6,30.57
181,서청주,2024-06-04,20.4,14.4,27.2,,1.7,58.6,13.9,31.33
181,서청주,2024-06-05,20.9,13.8,28.4,,1.3,62.4,8.1,23.83
181,서청주,2024-06-06,22,15.6,28.7,,1.2,62.8,11.6,26.93
181,서청주,2024-06-07,21.6,14.8,27.1,0,1.2,64.6,7.4,21.95
181,서청주,2024-06-08,19.5,17,24.6,3.2,1.2,86,3.1,10.65
181,서청주,2024-06-09,22.5,17.5,29,,1.2,71.9,11.1,28.8
181,서청주,2024-06-10,23.3,16.5,30.2,,2.5,67.3,9.9,26.34
181,서청주,2024-06-11,23.7,17,31,,1.2,68.6,11.8,27.73
181,서청주,2024-06-12,23.6,16.7,31.9,,1.6,57.6,12.6,30.2
181,서청주,2024-06-13,23.8,15,31.8,,1.5,58.3,13,29.31
181,서청주,2024-06-14,24.5,17.5,31.1,,1.4,58.9,12.1,26.63
181,서청주,2024-06-15,23.2,18.9,27.5,3.4,1.3,71.9,3.6,16.62
181,서청주,2024-06-16,22.9,17.5,28.5,,1.8,63.3,11.6,26.49
181,서청주,2024-06-17,22.1,15.3,28.4,,1,64.6,9,22.75
181,서청주,2024-06-18,23.9,14.5,32.4,,1.3,60.4,13.6,30.08
181,서청주,2024-06-19,26,17.5,34.6,,1.4,58.9,12,27.9
181,서청주,2024-06-20,23.9,17.8,31.3,,1.6,59.8,7.9,20.78
181,서청주,2024-06-21,24.6,16.5,32.1,,1.2,63.5,11.8,27.14
181,서청주,2024-06-22,21.9,20.9,24.2,34.6,1.4,91.1,0,3.23
181,서청주,2024-06-23,23.9,21.7,28.1,3,2.2,84,3.9,14.2
181,서청주,2024-06-24,23.7,17.9,28.9,0,2.5,73.5,6.4,22.72
181,서청주,2024-06-25,21.3,15.5,27.5,,2.1,66.9,9.4,23.36
181,서청주,2024-06-26,22.4,15.6,29.4,,1.1,67.8,13.2,29.26
181,서청주,2024-06-27,21.9,16.6,27.8,,.9,73.6,5.6,17.41
181,서청주,2024-06-28,23.4,15,31.1,,.9,64.3,13.4,29.92
181,서청주,2024-06-29,23.9,19.9,29.1,39.9,1.9,78.8,4.5,15.64
181,서청주,2024-06-30,24.5,22,28.1,5.2,3.5,83.4,2.2,13.05
181,서청주,2024-07-01,25.2,20.5,30.4,,1,74.9,11.1,29.03
181,서청주,2024-07-02,22.7,20.7,25.3,78.4,1.8,90.5,0,2.86
181,서청주,2024-07-03,24.8,22.8,28,3.9,3,80.5,1.3,14.14
181,서청주,2024-07-04,26.6,21.7,30.6,,2.4,73.5,9.7,26.25
181,서청주,2024-07-05,24.7,21.6,28.2,3.6,3.2,75.9,4.3,19.37
181,서청주,2024-07-06,26.2,21.2,29.9,0,3,79.6,2.1,13.17
181,서청주,2024-07-07,23,20.6,26.1,104.8,1.3,95.6,0,3.09
181,서청주,2024-07-08,23.1,21.9,24.4,111.5,1.8,94.9,0,4.07
181,서청주,2024-07-09,22.6,21.6,24.1,13.2,1.2,94.8,0,4.92
181,서청주,2024-07-10,23.7,20.5,27.7,65.6,2.6,85.5,4.3,20.65
181,서청주,2024-07-11,24.2,21.7,28.1,0,1.6,84.1,2.4,17.34
181,서청주,2024-07-12,24.6,20.7,29.9,,1.1,80.6,6.3,21.18
181,서청주,2024-07-13,25,21.7,31.3,6.5,1.2,81.8,7.4,24.19
181,서청주,2024-07-14,24.7,21.3,29.3,,2,79.9,3.2,18.91
181,서청주,2024-07-15,26.1,21.8,30.3,,2,74,6.2,22.73
181,서청주,2024-07-16,23.6,21.4,27.9,43.5,1.4,89.6,1.6,9.18
181,서청주,2024-07-17,26,21.4,29.8,6.6,2.3,83,2.3,15.31
181,서청주,2024-07-18,24.9,22.7,26.8,36.1,3.2,86.3,0,2.36
181,서청주,2024-07-19,25,22.1,29.1,.5,2.2,86,4.3,17.43
181,서청주,2024-07-20,25.4,21.5,29.5,8.9,2.1,85.9,4.2,15.33
181,서청주,2024-07-21,26.7,22.8,31.1,.8,3.2,81.4,6.1,20.59
181,서청주,2024-07-22,27.9,24.3,30.5,,2.7,76,2.9,14.56
181,서청주,2024-07-23,25.9,24.1,27.7,6.3,2.9,87.3,0,5.56
181,서청주,2024-07-24,26.9,23.4,32.2,1.4,1.2,86.3,6,18.92
181,서청주,2024-07-25,27,22.8,34.1,23.1,1.1,83.3,7.9,21.63
181,서청주,2024-07-26,26.9,23.2,32.2,2.4,1.9,84.4,6.7,20.26
181,서청주,2024-07-27,27,24.5,31.5,8,1.5,87.3,1.9,15.25
181,서청주,2024-07-28,27.9,24.6,32.4,,2.3,78.3,8.2,23.29
181,서청주,2024-07-29,26.8,24.2,30.6,,2.7,80.4,3.2,14.66
181,서청주,2024-07-30,27.2,23.7,31.8,,2.4,79.4,4.8,17.33
181,서청주,2024-07-31,28.1,24.2,32.8,,1.6,78.4,7.8,22.89
181,서청주,2024-08-01,28.4,24.1,32.7,,1.6,80.9,5.8,20.2
181,서청주,2024-08-02,28.9,26,32.9,0,1.9,79.8,7,21.6
181,서청주,2024-08-03,29,25.6,33.7,1.1,1.7,78.1,9.6,24.29
181,서청주,2024-08-04,28.5,23.7,34.7,4.2,.9,81.3,8.8,24.08
181,서청주,2024-08-05,26.9,22.1,34.2,18.3,1.6,84,6.7,20.68
181,서청주,2024-08-06,26.8,22.5,32.2,,1.5,81.5,9.9,23.53
181,서청주,2024-08-07,27.5,23.2,33,0,1,80.9,7,19.17
181,서청주,2024-08-08,25.8,23.3,28.9,0,1.2,86.3,2,11.58
181,서청주,2024-08-09,26.8,22.5,32.7,,1,78.8,10.1,25.67
181,서청주,2024-08-10,27.3,22.5,32.7,,1.1,80.8,8.7,22.55
181,서청주,2024-08-11,28.1,23.3,33.2,,1.1,74.5,11.9,26.14
181,서청주,2024-08-12,28.2,23.7,34.2,17.6,1.2,77.6,10.7,22.73
181,서청주,2024-08-13,28,23.9,33.2,,1.7,77.8,10.5,24.89
181,서청주,2024-08-14,27.5,23.4,33.4,,1.3,76.9,10.7,24.62
181,서청주,2024-08-15,27.2,23.4,33,0,1.3,76,8.3,22.99
181,서청주,2024-08-16,27,22.4,33.6,,1.2,75.6,10.6,23.97
181,서청주,2024-08-17,27.8,23.5,33.4,,1.5,71.9,9.9,24.41
181,서청주,2024-08-18,27.7,23,33.1,,1.4,75.1,11.3,25.12
181,서청주,2024-08-19,28,23.2,33.8,.3,1.3,73.8,11.6,25.05
181,서청주,2024-08-20,27.7,24.7,33.7,16.1,1.8,81.9,6.6,18.95
181,서청주,2024-08-21,26.6,24.9,29.9,24.5,1.8,89.1,2,8.07
181,서청주,2024-08-22,26.3,24.1,30.7,.6,2.3,87.8,4.6,13.86
181,서청주,2024-08-23,25.7,22.8,30.6,1,1.8,85.3,6.5,18.75
181,서청주,2024-08-24,25.7,22.3,30.3,21,1.1,84.1,6.7,18.79
181,서청주,2024-08-25,25.9,21.9,31.6,,.8,82.9,6.6,20.06
181,서청주,2024-08-26,26.1,22.2,30.9,,.8,85,1.8,13.01
181,서청주,2024-08-27,24.3,21.6,26,0,2.1,86.9,.2,6.23
181,서청주,2024-08-28,25.3,19.7,31,,2.1,71.5,10.7,24.71
181,서청주,2024-08-29,25.9,21.3,31.3,,3.4,69.6,11.5,24.97
181,서청주,2024-08-30,25.7,20.7,31.6,,2,72.9,11.8,24.72
181,서청주,2024-08-31,24.7,20.1,30.5,,1.3,76.6,10.5,23.26
181,서청주,2024-09-01,24.7,20.1,30.7,,.9,79.1,6.6,19.86
181,서청주,2024-09-02,23.1,19.1,27.6,2.7,.8,79.1,1.3,10.47
181,서청주,2024-09-03,25.1,21.4,30.4,,2.4,65.6,8.7,22.25
181,서청주,2024-09-04,24.3,17.5,31.1,,1.2,67.1,11.8,24.01
181,서청주,2024-09-05,25.1,20.3,30.6,.1,1.8,78.5,5.7,17.71
181,서청주,2024-09-06,24.1,22.2,26.9,2.8,1.1,88,0,5.13
181,서청주,2024-09-07,25.1,21.8,30.5,,1.1,80.3,6.7,18.69
181,서청주,2024-09-08,25.3,19.8,31.7,,1,76.3,9.2,21.95
181,서청주,2024-09-09,26.7,21.8,33.1,,1,76.1,9.7,21.03
181,서청주,2024-09-10,27.5,22.4,33.8,,1.1,72.4,11.7,22.57
181,서청주,2024-09-11,25.8,22.4,32.1,9.6,1.1,85.1,1.3,11.1
181,서청주,2024-09-12,24.7,22.6,28.5,51.8,1.1,92.9,.1,6.84
181,서청주,2024-09-13,26,22.2,31,,1.3,84.1,4,17.46
181,서청주,2024-09-14,26.4,23,31.4,0,1.5,84.8,5.8,16.84
181,서청주,2024-09-15,27.4,23.1,33.1,.1,2,75.4,7.7,16.48
181,서청주,2024-09-16,26,21.7,29.6,,1.7,77,4.5,14.88
181,서청주,2024-09-17,,23,32.9,,,,,
181,서청주,2024-09-18,,22.6,32.8,37.6,,,,
181,서청주,2024-09-19,26.4,22.3,31.8,,.8,85.5,3.1,14.82
181,서청주,2024-09-20,24.6,23.8,26.6,53.6,.9,95.5,.1,2.74
181,서청주,2024-09-21,18.8,18,23.9,146.6,2.9,94.4,0,2.05
181,서청주,2024-09-22,20.1,16.5,24.3,,2.8,77.4,2.1,12.96
181,서청주,2024-09-23,19.2,14.6,24.9,,2.1,66.3,8.1,17.96
181,서청주,2024-09-24,19.1,12.7,26.6,,1.3,72.9,10.3,21.5
181,서청주,2024-09-25,22.5,16.8,28.9,,.9,78,7.5,17.12
181,서청주,2024-09-26,23.4,19.7,28.9,,1.1,78.9,6.3,16.34
181,서청주,2024-09-27,21.9,17.5,28.5,,1,80.8,8,18.12
181,서청주,2024-09-28,22.4,16.8,28.4,,2,74.5,6.4,17.28
181,서청주,2024-09-29,21.7,16.6,27.9,,2.1,70.8,9.1,19.15
181,서청주,2024-09-30,19.7,13.4,28,,1.2,73.5,10.3,20.04
184,제주,2024-05-20,21.6,17.6,25.5,,2.2,47.5,11.4,26.14
184,제주,2024-05-21,19.9,16.8,23.5,,4,64,11.1,28.13
184,제주,2024-05-22,19.9,17.8,23,,3.3,75,2.1,17.31
184,제주,2024-05-23,20.4,17.3,24.6,,2.1,73.1,10.4,24.69
184,제주,2024-05-24,20,17.7,23.6,,2.3,68.5,12,27.13
184,제주,2024-05-25,21.2,18.3,25.7,,4.4,65.3,11.9,27.13
184,제주,2024-05-26,22.2,17.7,26.6,3.3,1.9,73.9,5.8,14.82
184,제주,2024-05-27,20.5,18.4,23.9,.6,2.4,62.4,4.3,16.89
184,제주,2024-05-28,19.9,16.8,23.7,,2.7,63.8,12.1,29.36
184,제주,2024-05-29,19.8,16.3,24,,2.3,68.1,13,28.31
184,제주,2024-05-30,20,16.3,23.6,2.4,1.9,69.4,3.3,17.77
184,제주,2024-05-31,19.4,16.8,22.8,1.5,2.3,72.1,4.6,15.68
184,제주,2024-06-01,19.8,17.7,22.8,0,3.4,69,8.3,22.63
184,제주,2024-06-02,20.2,17.4,23.7,,3.1,62.9,6.8,20.54
184,제주,2024-06-03,21.5,17.8,24.4,,3.1,56,9,22.84
184,제주,2024-06-04,20.2,17.3,23.8,,3.5,63.8,12.9,28.19
184,제주,2024-06-05,19.9,16.8,22.5,,3.5,67.9,3.2,16.71
184,제주,2024-06-06,20.2,19.2,22.5,1.1,2.9,76.4,0,5.56
184,제주,2024-06-07,22.6,19,25.4,0,2.4,65.4,2.6,16.89
184,제주,2024-06-08,21.3,19.7,23.4,7.9,1.8,85.4,.8,8.6
184,제주,2024-06-09,21.5,19.1,26.1,.8,2.8,81.3,5.5,14.05
184,제주,2024-06-10,23.6,18.9,29.2,,2.6,58.5,11.7,26.2
184,제주,2024-06-11,21.7,19.2,24.8,,1.8,75.4,6.2,19.78
184,제주,2024-06-12,22.1,19,26.1,,1.8,78.6,9.5,20.12
184,제주,2024-06-13,23.7,20.2,28.8,,2.1,70.1,13.1,27.53
184,제주,2024-06-14,25.4,21.5,31.4,,2.3,69.4,9.4,23.34
184,제주,2024-06-15,24.9,22,27.5,,2.3,75,10.3,25.83
184,제주,2024-06-16,25,22.3,28.8,,2.9,70.9,9.3,24.2
184,제주,2024-06-17,22.5,20.4,24.6,.3,1.7,73.3,1.2,5.7
184,제주,2024-06-18,25,19.2,31.2,,2.7,49.4,13.5,29.36
184,제주,2024-06-19,24.9,22.1,29,,2.3,58,6.4,17.83
184,제주,2024-06-20,22.6,21.7,24.5,92.9,2.8,82.4,0,.84
184,제주,2024-06-21,24.9,21.7,28.5,0,1.7,78.3,5.2,18.44
184,제주,2024-06-22,25.9,23.3,29.4,24.4,4,82.5,0,5.58
184,제주,2024-06-23,24.6,21.8,27.4,27,3.5,80.1,.8,10.54
184,제주,2024-06-24,25.6,23.8,29.8,,4.3,75.6,5,19.5
184,제주,2024-06-25,22.6,21.5,23.8,0,1.9,74.4,0,5.8
184,제주,2024-06-26,23.1,21,26.4,,2,66.8,1.9,14.04
184,제주,2024-06-27,22,20.4,23.7,74.7,1.5,88.3,0,1.39
184,제주,2024-06-28,24.1,20.3,27.7,.7,2,81.6,2.4,15.98
184,제주,2024-06-29,25.5,22.4,28.5,36.6,4.1,81.5,0,2.57
184,제주,2024-06-30,26.8,25.1,28,5.4,7.5,81,0,6.85
184,제주,2024-07-01,25.6,24.5,28,0,2.5,83.6,2.5,11.14
184,제주,2024-07-02,29.7,24,33.2,,7.5,65.6,8.5,25.23
184,제주,2024-07-03,29.1,25.9,31.8,0,5.2,74.4,9.2,23.06
184,제주,2024-07-04,27.2,24.5,30,,2.8,80.5,12.5,27.39
184,제주,2024-07-05,28.7,25.4,34,8.3,3.7,77.5,8.8,23.39
184,제주,2024-07-06,30.6,25.3,34.8,,5.2,59.3,11.2,24.24
184,제주,2024-07-07,30.7,27.7,34.5,,5.1,65.5,3.4,17.09
184,제주,2024-07-08,31.3,27.7,35.1,,5.8,61,8.6,21.46
184,제주,2024-07-09,31,28.7,34.1,,5.6,58.3,5.6,20
184,제주,2024-07-10,26.2,23.5,29.7,61.7,5.5,84.3,0,2.85
184,제주,2024-07-11,24,22.9,25.5,.2,2.3,84.5,0,4.96
184,제주,2024-07-12,24.7,22.6,27.1,0,2.1,78.6,4.9,15.99
184,제주,2024-07-13,25.2,23.2,27.5,1.2,1.7,82.1,.1,4.09
184,제주,2024-07-14,26.2,24.6,29.7,0,2.1,80.8,.1,5.21
184,제주,2024-07-15,25.7,24.2,28.1,6.2,1.4,87,.5,7.42
184,제주,2024-07-16,29.8,25.7,33.3,,3.4,67.8,4,18.95
184,제주,2024-07-17,30.1,26.6,35.2,,2.9,65.4,10.1,24.73
184,제주,2024-07-18,30.1,27.6,34.2,2,4,69.8,4,15.31
184,제주,2024-07-19,28,23.9,34.2,32.3,3.1,80.1,3,11.59
184,제주,2024-07-20,31.1,26.7,35.5,0,3.4,65.5,10.8,26.51
184,제주,2024-07-21,30.4,26.2,35.1,0,3.9,70.9,4.7,16.01
184,제주,2024-07-22,29.7,26.9,33,,2.6,74.9,11.3,24.9
184,제주,2024-07-23,29.9,27.8,32.7,,2.7,71.9,10.6,25.66
184,제주,2024-07-24,30.3,28.3,33,0,2.2,73.8,11.9,23.03
184,제주,2024-07-25,30.6,28.1,34.5,2,3.3,67.8,6.4,17.64
184,제주,2024-07-26,28.2,26.9,29.6,35.9,2.3,81.1,0,2.62
184,제주,2024-07-27,30.5,27.1,34.6,6.2,2.2,68.9,2.9,12.2
184,제주,2024-07-28,30.1,27.7,32.7,,2.9,69.6,12.3,25.18
184,제주,2024-07-29,30,26.6,33.3,,2.9,71,12.1,25.22
184,제주,2024-07-30,30.6,27.5,33.9,,3.9,68,13.1,27.07
184,제주,2024-07-31,30.2,27,32.7,,2.8,70.8,11.8,24.65
184,제주,2024-08-01,30.8,28.3,33.5,,3,72.1,12.1,26.33
184,제주,2024-08-02,31,28,34.7,,2.3,73.3,11.9,24.75
184,제주,2024-08-03,31.2,28.8,33.6,,2.3,73.5,12.4,22.76
184,제주,2024-08-04,31.1,29.1,34.5,,2.2,74.8,12.1,25.18
184,제주,2024-08-05,30.4,28.8,33.1,0,,76.4,4.8,11.91
184,제주,2024-08-06,30.3,28.3,32.3,,3.3,72.1,11.8,22.38
184,제주,2024-08-07,30.3,27.7,33.2,,2.4,70.3,12.8,25.15
184,제주,2024-08-08,30.6,28,33.5,,2.2,71.6,11.6,24.31
184,제주,2024-08-09,30.7,28.5,32.9,,2.1,69.1,11.9,25.15
184,제주,2024-08-10,30.9,28,34.4,,2.8,66.4,12.1,24.58
184,제주,2024-08-11,30.9,27.9,34.9,,2.9,62,12,24.95
184,제주,2024-08-12,30.1,27.6,33.3,,3.2,63.5,12.4,25.76
184,제주,2024-08-13,29.8,27.7,32.8,,3.4,69.6,10,22.22
184,제주,2024-08-14,28.7,25.9,31.1,6.5,2.5,76,3.7,10.41
184,제주,2024-08-15,27.6,25.6,32,31.9,2.4,79.8,3.3,10.54
184,제주,2024-08-16,28.3,25.4,32.1,2.4,2.6,77.3,6.4,18.02
184,제주,2024-08-17,29.4,26.6,33,0,2.7,73.5,8.2,20.82
184,제주,2024-08-18,29.5,27.6,32.9,0,3.1,74.3,8.1,22.89
184,제주,2024-08-19,30.6,27.2,35,,3,67.5,11.2,25.55
184,제주,2024-08-20,30.4,28,32.8,4.6,2.4,72.5,1.7,9.64
184,제주,2024-08-21,31.3,28.4,34.3,.1,2.6,68.8,5.7,15.83
184,제주,2024-08-22,30.7,29.1,34.3,0,3.9,70.5,6.5,17.23
184,제주,2024-08-23,30.1,28.1,33,,2.5,72.5,6.2,19.23
184,제주,2024-08-24,29.7,26.7,32.3,,2.5,67.6,11.1,22.55
184,제주,2024-08-25,29.7,27,32.8,,2.2,68.9,11.3,23.51
184,제주,2024-08-26,29.3,26.2,32.1,,2.7,69.3,9.9,21.57
184,제주,2024-08-27,29.5,27.1,31.9,,3.2,75.3,5.1,16.28
184,제주,2024-08-28,28.1,27.3,29.6,1.5,6.3,78.9,1.5,8.75
184,제주,2024-08-29,29.4,26.9,33.3,,3.4,72.8,5.6,17.08
184,제주,2024-08-30,29.5,27,33,,3.3,70,10.5,23.16
184,제주,2024-08-31,28.2,25.2,32,,3.4,63,11.3,23.91
184,제주,2024-09-01,28,23.9,31.9,,2.5,64.1,10.2,22.88
184,제주,2024-09-02,28.2,23.9,31.5,,2.4,61,10.3,21.97
184,제주,2024-09-03,27.8,26,33,.7,2.9,64.6,2.2,12.98
184,제주,2024-09-04,27.8,25.5,30.4,,3.9,71.3,8.9,19.98
184,제주,2024-09-05,28.6,25.4,31.9,,2.5,65.4,11.9,22.56
184,제주,2024-09-06,29.3,25.4,33,,2.4,61,9,19.64
184,제주,2024-09-07,28.9,25.9,33.2,3,2,65.8,8.5,19.18
184,제주,2024-09-08,28.4,26.4,32.1,0,1.9,74.4,4.8,13.04
184,제주,2024-09-09,28.7,25.8,31.4,,3.6,74.4,8.7,19.07
184,제주,2024-09-10,28.8,27.3,30.5,.7,3.8,79.5,2.4,10.91
184,제주,2024-09-11,29.5,27.2,33.1,11.4,2.3,75.5,3.4,12.02
184,제주,2024-09-12,30.4,26.8,35.1,0,2.4,68.9,9.8,21.28
184,제주,2024-09-13,29.1,26.4,32.3,,2.5,69.3,8.3,19.19
184,제주,2024-09-14,29.3,26.3,32.3,,2.8,71.3,10.8,21.43
184,제주,2024-09-15,29.7,28.4,32.5,7.9,4,80.3,2.6,10.91
184,제주,2024-09-16,28.8,27.4,31.6,23.7,3.4,82.1,1.7,8.41
184,제주,2024-09-17,28.2,27.1,30.9,3,1.6,82.8,2.9,6.73
184,제주,2024-09-18,30,26.9,35,,3,73,10.2,19.87
184,제주,2024-09-19,29.1,26.2,33.1,26.6,2.9,75.9,3.2,10.98
184,제주,2024-09-20,28.4,26.5,32.1,18.6,2.5,78,.8,7.13
184,제주,2024-09-21,27.4,25.4,29.5,12.1,3.1,82.4,.1,2.98
184,제주,2024-09-22,23.7,23,25.4,16.3,4.4,86.5,0,2.33
184,제주,2024-09-23,24.2,21.6,26.9,.2,4.3,68.5,.8,14.04
184,제주,2024-09-24,23.8,21.1,26.2,,3,72.1,,13.43
184,제주,2024-09-25,25,22.9,28.5,.2,2.7,78.3,,10.44
184,제주,2024-09-26,25.6,22.7,28.8,,2.6,73.4,,18
184,제주,2024-09-27,25.5,23.1,28.5,,2.5,65,,16.84
184,제주,2024-09-28,25.3,23.1,27.9,1.8,3.2,73.4,,13.17
184,제주,2024-09-29,25,22.8,28.1,0,3.7,66,,13.49
184,제주,2024-09-30,24.4,22.2,26.9,,3.3,75.9,,17.26
185,고산,2024-05-20,19.7,17.7,22.9,,2.5,61.4,11,23.81
185,고산,2024-05-21,19.1,16.9,24.8,,3.1,79.9,10.7,26.97
185,고산,2024-05-22,18.6,16.3,21.3,,1.4,86,1.6,15.29
185,고산,2024-05-23,18.4,17.1,20.3,,2.8,85.4,9.7,25.24
185,고산,2024-05-24,17.6,16.4,18.6,,4.6,86.6,12.5,28.54
185,고산,2024-05-25,19.9,15.3,23.1,,3.5,74,12.7,28.63
185,고산,2024-05-26,20.5,19,22.4,13.3,5.7,90.1,.4,5.95
185,고산,2024-05-27,18,16.7,21.5,.2,6,79.4,2.4,14.26
185,고산,2024-05-28,17.6,16,19.6,,6.6,77.1,12.2,30.29
185,고산,2024-05-29,18.7,15.2,22.2,,2.9,77.1,12.7,28.21
185,고산,2024-05-30,19.4,16.2,23.1,1.4,3.2,73.6,3.1,17.51
185,고산,2024-05-31,17.8,15.8,21,6.6,2.7,90.5,3.3,15.06
185,고산,2024-06-01,18,17.2,19.6,,7.2,82.5,9.2,26.46
185,고산,2024-06-02,18.6,17.1,21.3,,6.1,80.6,5.8,20.25
185,고산,2024-06-03,19.5,17.3,22.2,,4.2,75.6,9.9,25.74
185,고산,2024-06-04,19.2,16.3,25.1,,3.3,80.1,11.1,27.72
185,고산,2024-06-05,19,15.6,21.9,,3.1,73.3,3.3,14.08
185,고산,2024-06-06,18.7,17,21.1,3.5,2.5,85.4,0,6.19
185,고산,2024-06-07,20.8,17,24.4,,4.6,79.3,2,16.62
185,고산,2024-06-08,20.3,18.6,22.6,25,4.3,95.9,1.9,10.55
185,고산,2024-06-09,19.5,18.4,22.4,.2,5.8,93.5,6.1,18.46
185,고산,2024-06-10,20.6,18.7,22.9,,2.9,90.5,11.2,28.13
185,고산,2024-06-11,20.5,18.5,22.7,,1.9,88.9,6.8,21.09
185,고산,2024-06-12,21.3,18.2,25.4,,2.2,83.1,5.5,16.12
185,고산,2024-06-13,22.3,19.6,25.6,,2.5,82.1,12.6,29.14
185,고산,2024-06-14,23.6,20.7,27.6,,3,80.9,4.2,18.52
185,고산,2024-06-15,23.6,21.9,26.1,4,2.8,87.5,4,17.66
185,고산,2024-06-16,23.1,21.1,25.9,0,3.8,86.3,9.8,25.48
185,고산,2024-06-17,20.8,19.7,22.1,1.5,3,85.4,1.4,6.65
185,고산,2024-06-18,22.1,19,24.5,,4.3,78.8,13.2,30.17
185,고산,2024-06-19,22.3,20.2,27.5,,5,75.4,4.5,15.65
185,고산,2024-06-20,20.8,19.4,21.8,127,5.9,96.8,0,2
185,고산,2024-06-21,23.1,20.6,25.5,8.9,4.8,93,4.4,20.71
185,고산,2024-06-22,22.8,22.4,23.4,21.5,6.7,99,0,2.94
185,고산,2024-06-23,22.3,21,23.5,44.8,4.6,96.4,1.2,12.55
185,고산,2024-06-24,22.6,21.3,24.4,,4,96.1,3.5,18.08
185,고산,2024-06-25,21,19.3,22.4,0,2.9,84.4,0,7.17
185,고산,2024-06-26,20.9,19,23.3,,2.2,83,1.3,12.53
185,고산,2024-06-27,21.4,19.9,22.2,85.1,3.5,98.3,0,1.88
185,고산,2024-06-28,22.5,21.1,24.7,1,,95.8,.8,13.62
185,고산,2024-06-29,23,21.8,24.1,47.5,7.4,99,0,2.52
185,고산,2024-06-30,23.4,22.7,24.2,5.3,9.3,98.1,0,3.74
185,고산,2024-07-01,23.5,22.8,25.2,2.8,2.7,98.6,0,7.04
185,고산,2024-07-02,24.3,23.3,25.3,,9.6,97.4,.1,10.43
185,고산,2024-07-03,24,23.4,24.9,0,5.4,99,0,10.06
185,고산,2024-07-04,24.4,23.3,25.7,.1,4.1,98.9,0,10.51
185,고산,2024-07-05,25,23.9,27,1.6,3.6,96.9,5.4,21.59
185,고산,2024-07-06,25.3,24.2,26.2,,7.5,96.4,0,8.76
185,고산,2024-07-07,25.4,24.7,26.4,,6.6,97,0,6.76
185,고산,2024-07-08,25.4,24.6,26.2,,6.5,97.3,0,6.28
185,고산,2024-07-09,25.7,24.5,27.4,,7.3,95,.2,10.02
185,고산,2024-07-10,24.2,22.3,25.3,11.5,8,97.8,0,3.9
185,고산,2024-07-11,22.4,21.6,23.3,3.5,3,97.1,0,4.87
185,고산,2024-07-12,23.6,21.6,26.2,,2.8,87.8,7.6,20.71
185,고산,2024-07-13,23.7,22.4,24.9,7.5,4.6,94.5,0,4.48
185,고산,2024-07-14,24.8,23.7,26.6,4.7,3.8,95.3,.5,10.93
185,고산,2024-07-15,24.9,24.4,26.4,3.2,4.5,97.5,0,7.41
185,고산,2024-07-16,26.3,24.6,28,,6.6,96.1,3.3,18.09
185,고산,2024-07-17,27,25.7,29,,7.9,93.9,8,24.83
185,고산,2024-07-18,26.6,25.9,28,.6,7.4,95.6,2.1,14.4
185,고산,2024-07-19,26,22.8,27.7,24.1,4.2,95,1.2,12.99
185,고산,2024-07-20,27.3,25.8,29,0,7.2,94.9,4.2,18.91
185,고산,2024-07-21,27.3,24.6,29.1,0,6,93.6,6,20.07
185,고산,2024-07-22,28,26.3,30,,7.2,93.1,9.8,25.69
185,고산,2024-07-23,28.3,26.7,30.7,,7.1,91.1,10.4,25.94
185,고산,2024-07-24,28.9,27,31.2,,5.8,87,11.6,25.53
185,고산,2024-07-25,29,26.3,31.6,1.1,7,83.5,10.3,25
185,고산,2024-07-26,27.7,25.8,30.3,5.6,8.1,90.3,3.8,15.87
185,고산,2024-07-27,28.5,26.9,30.7,.4,9.1,88.4,10.9,27.18
185,고산,2024-07-28,28.3,26.9,30,,7.8,89,10.6,27
185,고산,2024-07-29,28.3,26.9,30.2,0,4.8,87.6,12,28.39
185,고산,2024-07-30,28.2,26.8,29.9,,3.6,86.9,11.5,27.81
185,고산,2024-07-31,28.7,27.4,30.8,0,5.1,85.8,12.2,27.77
185,고산,2024-08-01,28.7,27.8,30.6,,5.9,86.6,7.3,21.72
185,고산,2024-08-02,28.9,27.8,30.6,,4,89.3,11.7,26.06
185,고산,2024-08-03,29.9,27.7,33.1,,2.7,85,12.2,26.89
185,고산,2024-08-04,30.1,28,33.2,,2.3,83.6,12.2,27.1
185,고산,2024-08-05,29.7,27.5,32.3,0,3,78.3,9.4,22.39
185,고산,2024-08-06,29.4,26.7,33.1,,2.9,78,11.3,25.92
185,고산,2024-08-07,29.5,26.7,32.1,,3.1,76.9,12,26.5
185,고산,2024-08-08,29.8,27.6,32.9,0,3.2,78.5,10.7,25.67
185,고산,2024-08-09,30.3,27.7,33.9,,2.9,75.1,11.8,26.39
185,고산,2024-08-10,28.5,26.2,31.7,15.4,2.6,82.1,10.1,22.22
185,고산,2024-08-11,28.9,26,31.8,,4.2,78,10.3,22.65
185,고산,2024-08-12,28.9,25.2,32.5,,3,72.8,9.8,24
185,고산,2024-08-13,28.6,24.6,32.2,,3.3,68.3,7.8,19.53
185,고산,2024-08-14,28.3,25.5,30.8,.3,2.6,74.1,3.7,12.76
185,고산,2024-08-15,27.4,25,31,5.2,2.8,79.5,3.9,12.19
185,고산,2024-08-16,27.3,23,30.9,3.1,2.8,79.1,4.8,16.84
185,고산,2024-08-17,27.8,25.7,31.7,9.8,2.2,80.4,7.4,18.83
185,고산,2024-08-18,27.5,25.4,31,3,,81.8,6.7,17.09
185,고산,2024-08-19,29,25.4,32.7,,,76,9.4,23.75
185,고산,2024-08-20,28.9,26.5,31.2,5.8,7.3,85.8,4.4,16.53
185,고산,2024-08-21,29.3,28,31.2,.6,7.9,85.5,8.8,22.56
185,고산,2024-08-22,28.4,26.2,30.6,5.5,7.7,85.9,6.2,18.95
185,고산,2024-08-23,28.9,26.7,31.7,,3.6,81.4,11.1,24.06
185,고산,2024-08-24,28.3,26.2,30.8,,2.4,77.9,11,24.81
185,고산,2024-08-25,27.9,26.1,30.2,,3.3,78.3,11.4,24.08
185,고산,2024-08-26,28.1,25.3,31.8,,2.7,78.8,9.6,22.9
185,고산,2024-08-27,28.1,25.3,32.1,.3,3,77.8,7,19.29
185,고산,2024-08-28,27.3,24.7,29.5,12.7,6.4,83.1,6.6,17.9
185,고산,2024-08-29,28.1,26.3,30.5,,7.4,76.1,11.6,26.13
185,고산,2024-08-30,27.6,26,29.4,,8.7,80.6,10.8,24.45
185,고산,2024-08-31,26.1,24.5,27.8,,6.6,73.4,11.6,25.92
185,고산,2024-09-01,26.9,23.8,31.4,,2.6,73.9,10.4,24.72
185,고산,2024-09-02,27.1,24,30.9,,2.9,70.4,9.8,21.06
185,고산,2024-09-03,27.5,24.9,31.2,0,3.1,69.9,4.1,15.87
185,고산,2024-09-04,27.5,25.1,31.1,,3.2,72,5.5,15.18
185,고산,2024-09-05,27.3,23.7,30.5,,3.3,75.4,11.6,24.71
185,고산,2024-09-06,27.8,24.8,30.7,,2.4,76.1,11.2,24.25
185,고산,2024-09-07,27.8,24.3,30.6,,3.4,78.4,10.9,24.37
185,고산,2024-09-08,27.4,25.7,30.4,1.7,2.5,82.8,6.2,14.74
185,고산,2024-09-09,28.3,25.5,31.6,,3.4,75,9.7,20.52
185,고산,2024-09-10,29,24.9,34.5,15.5,4.1,73.8,8.8,21.57
185,고산,2024-09-11,27.8,25.9,30.9,4.6,5.3,90,6.7,18
185,고산,2024-09-12,28,24.4,31.4,40.6,5.3,85.3,9.8,23.61
185,고산,2024-09-13,28,24.6,31.6,,3.1,79,11.5,24.11
185,고산,2024-09-14,28.2,24.7,31.5,,3.7,75.3,10.4,22.85
185,고산,2024-09-15,29.7,27.2,33.3,,5.3,73.4,3.9,15.5
185,고산,2024-09-16,28.7,27.3,31.2,2.5,4.3,84.4,2.6,12.93
185,고산,2024-09-17,27.4,26,32,7.5,2.9,87.8,4.9,10.59
185,고산,2024-09-18,28.6,26.3,33,,3.3,79.3,10.6,21.98
185,고산,2024-09-19,28.1,25,32.5,11.8,6.5,81.4,8,19.73
185,고산,2024-09-20,27.2,25,28.9,15.5,9.7,92,1.7,11.89
185,고산,2024-09-21,27,24.8,27.9,2.9,11.7,90.4,0,3.27
185,고산,2024-09-22,23.2,22.1,25,1.4,8.3,86.6,.1,7.22
185,고산,2024-09-23,24.3,20.8,28.6,,3.6,72,10.3,23.22
185,고산,2024-09-24,23.4,19.6,27.8,,3.1,73.6,5.7,18.57
185,고산,2024-09-25,24.8,21.5,29.1,0,3.1,78.1,5.9,15.92
185,고산,2024-09-26,25.2,22.8,28.6,,2.9,77.9,9.1,20.54
185,고산,2024-09-27,24.1,22.5,25.2,,5.8,72.3,9.1,20.39
185,고산,2024-09-28,25,22.4,28.7,,4.1,71.4,9.6,20.71
185,고산,2024-09-29,24.8,21.1,28.7,,3.8,66.5,10.3,19.48
185,고산,2024-09-30,24.8,21.2,29.8,,2.4,74.3,9.6,20.46
188,성산,2024-05-20,20.5,13.7,26.6,,1.9,58,10.7,
188,성산,2024-05-21,18.8,14.9,21.8,,3,78,3.7,
188,성산,2024-05-22,18.9,17.4,20.8,,1.9,87.5,.3,
188,성산,2024-05-23,20.9,17.2,26.2,,1.6,73.3,9.5,
188,성산,2024-05-24,22.5,17,29.1,,2.5,55.5,11.9,
188,성산,2024-05-25,20.4,18.7,23.3,,3.4,77,10.1,
188,성산,2024-05-26,20.9,19.1,22.3,19.9,3,93.3,0,
188,성산,2024-05-27,20.4,18.1,23.7,0,2.6,63.5,1.3,
188,성산,2024-05-28,19.6,15.1,23.8,,2.9,59.8,11.5,
188,성산,2024-05-29,19,14.2,23.4,,1.9,73.8,12.9,
188,성산,2024-05-30,19.6,14,23.6,.9,1.7,77.5,3.7,
188,성산,2024-05-31,18.9,16,23.4,2.9,1.9,78.6,3.8,
188,성산,2024-06-01,20.1,17.6,23.2,,4.2,63.8,10.3,
188,성산,2024-06-02,20.7,17,25.4,,3.6,52.1,6.4,
188,성산,2024-06-03,20.7,18.3,23.7,,3.1,65.3,8.9,
188,성산,2024-06-04,19,15.8,22.5,,2.5,74.9,10.6,
188,성산,2024-06-05,19.4,15.6,22.5,,2.8,79.1,3.2,
188,성산,2024-06-06,20.2,18.3,22.8,1.9,1.8,84.4,0,
188,성산,2024-06-07,20.8,17.6,23,0,2.1,87.1,.5,
188,성산,2024-06-08,21,19.6,22.6,57.4,2,96.6,0,
188,성산,2024-06-09,20.7,17.3,25.5,.2,2.7,88.5,4.4,
188,성산,2024-06-10,21.3,16.1,27.4,,1.9,81.1,12.3,
188,성산,2024-06-11,20.7,16.1,24.8,,1.7,87.1,6.5,
188,성산,2024-06-12,21.9,16.9,25.6,,1.4,88.1,9.6,
188,성산,2024-06-13,23.6,19.1,27.9,,1.9,78,13,
188,성산,2024-06-14,23,19.4,26.4,.1,1.5,88.5,3.6,
188,성산,2024-06-15,24.3,21.3,27.1,,1.5,86.4,7.6,
188,성산,2024-06-16,23.7,20.6,28.3,,2.3,79,8.4,
188,성산,2024-06-17,19.8,16.9,22.9,2.8,1.1,84.3,.6,
188,성산,2024-06-18,23.8,14.8,31,,2,59,13.6,
188,성산,2024-06-19,23.2,18.4,28.5,,2.7,72.9,6.1,
188,성산,2024-06-20,21.6,20.7,22.8,139,4.6,95.4,0,
188,성산,2024-06-21,23.1,21,25.5,0,2,91.9,1,
188,성산,2024-06-22,23.6,22.9,24.1,36.8,4,98.1,0,
188,성산,2024-06-23,23.7,22,27.5,30.3,2.3,92.5,1,
188,성산,2024-06-24,24.6,22.3,30.4,,3.1,85.8,3.3,
188,성산,2024-06-25,22,19.5,23.7,0,1.6,79.5,0,
188,성산,2024-06-26,22,19.1,24.9,0,1.3,80.9,.8,
188,성산,2024-06-27,21.8,20.3,22.7,46.4,1.7,97.8,0,
188,성산,2024-06-28,22.7,20.3,25.6,0,2,92.8,.5,
188,성산,2024-06-29,23.3,21.8,24.8,130,4,97.3,0,
188,성산,2024-06-30,24.1,22.4,25,23.5,5.5,97.6,0,
188,성산,2024-07-01,23.9,22.8,27.3,3.8,1.9,96,1,
188,성산,2024-07-02,25.1,23.3,26.8,,5.4,95.8,0,
188,성산,2024-07-03,26.1,24.6,30.5,4,4.8,93.4,4.4,
188,성산,2024-07-04,26.9,24.4,30,,4.7,89,8.6,
188,성산,2024-07-05,26.9,24.5,30.6,3.6,3.6,90.3,8.4,
188,성산,2024-07-06,27.8,25.6,30.8,,6.2,85.3,11.8,
188,성산,2024-07-07,27.3,25.6,30,0,5.4,89.9,.8,
188,성산,2024-07-08,28.2,25.9,31.3,,6.4,86.9,5.7,
188,성산,2024-07-09,27.8,25.3,30.8,0,6,85.9,2.7,
188,성산,2024-07-10,25.4,23.2,26.7,20.3,4,94.5,0,
188,성산,2024-07-11,22.9,21.4,24.7,6.6,1.5,93.1,0,
188,성산,2024-07-12,23.9,20.2,27.3,,1.6,86.3,6.5,
188,성산,2024-07-13,24.5,22.7,26,7.2,1.6,94,0,
188,성산,2024-07-14,25,23.6,26.6,57,3.2,96.5,.1,
188,성산,2024-07-15,24.9,23.5,27.2,63.4,2.1,97.1,.1,
188,성산,2024-07-16,27.2,24.7,29.3,6.9,4.4,94.3,.2,
188,성산,2024-07-17,27.2,25.8,29.9,,3.8,94.3,2.1,
188,성산,2024-07-18,27.5,25.9,30.5,3.3,4.3,94.1,1,
188,성산,2024-07-19,26.5,23.8,29.8,25.5,2.4,93.6,2,
188,성산,2024-07-20,28.7,26.1,31.6,0,5.3,90.6,4,
188,성산,2024-07-21,29,27.4,32.1,,4.6,88.6,6.7,
188,성산,2024-07-22,28.9,27.1,32.7,0,4.1,89.9,4.9,
188,성산,2024-07-23,28.8,27.1,31.5,1,3.6,91.8,5.4,
188,성산,2024-07-24,29.4,26.8,32.2,.5,2.6,89.9,10.1,
188,성산,2024-07-25,28.7,26.3,31.6,.3,2.5,88,9.2,
188,성산,2024-07-26,27,25.4,29.8,68.5,4.4,93.9,1.7,
188,성산,2024-07-27,28.1,25.6,31,2.7,3.6,90.6,7.3,
188,성산,2024-07-28,28.9,26.1,31.7,,4,86.8,11,
188,성산,2024-07-29,28.8,26,33.7,,3,85,9.3,
188,성산,2024-07-30,28.5,24.6,32.6,,2,84.5,7,
188,성산,2024-07-31,29.5,25.3,33.3,,3.4,82.8,12.8,
188,성산,2024-08-01,30,27,33.7,,3.9,82.5,11.5,
188,성산,2024-08-02,30.2,27.4,33.6,4.1,3.1,84.8,9.2,
188,성산,2024-08-03,29.7,26.8,32.3,1.1,1.9,87.3,7.9,
188,성산,2024-08-04,29.6,26.2,32.9,2.6,1.3,87.1,7.4,
188,성산,2024-08-05,29.6,27.1,33.1,,2,86.6,8.5,
188,성산,2024-08-06,29.6,27.1,32.7,,2.1,84.9,10,
188,성산,2024-08-07,29.3,25.9,32.7,,2.2,80.4,12,
188,성산,2024-08-08,29.6,25.5,33.7,3.8,1.6,82.3,8.3,
188,성산,2024-08-09,29.3,26.5,33.1,,1.7,79.4,8.1,
188,성산,2024-08-10,29.3,25.4,33,,1.9,79.8,10.1,
188,성산,2024-08-11,29.3,25.7,33,,2,76.6,11.1,
188,성산,2024-08-12,28.6,25,32,,2.1,78.1,11.9,
188,성산,2024-08-13,28.9,25.9,31.4,,3,78.3,9.8,
188,성산,2024-08-14,27.8,25.7,30.9,10.1,2.4,84,4.5,
188,성산,2024-08-15,27.1,24.7,31.3,6.7,2,87.5,3.8,
188,성산,2024-08-16,28,24.5,31.7,2.4,2,83.6,9.6,
188,성산,2024-08-17,28.9,26,31.6,4,2.1,83.4,6.6,
188,성산,2024-08-18,28.5,25.1,31.3,17.2,3.1,81.3,3.7,
188,성산,2024-08-19,29.6,26,32.9,,2.3,80.8,10.1,
188,성산,2024-08-20,29.1,26.4,32.2,8.7,5.1,89.3,4.3,
188,성산,2024-08-21,29.5,27.6,31.8,4.5,4.2,87.1,5.9,
188,성산,2024-08-22,28.9,26.3,31.7,9.4,3.4,89.6,6.2,
188,성산,2024-08-23,28.7,25,32.5,,1.5,83.6,8,
188,성산,2024-08-24,28.3,25,31.7,,1.7,81.5,6.8,
188,성산,2024-08-25,28.4,25.4,32.2,,1.9,79.9,10.2,
188,성산,2024-08-26,28.4,25.1,31.8,,1.9,83.4,9.6,
188,성산,2024-08-27,29.3,25.8,32.6,,3,84,6.4,
188,성산,2024-08-28,28.7,27.2,30.4,5.1,6.3,84.3,2,
188,성산,2024-08-29,29.3,27.7,32.4,,5,73.3,7,
188,성산,2024-08-30,28.9,26.2,32.3,,4,71.6,12.1,
188,성산,2024-08-31,27.3,23.3,32.2,,3.5,69.9,12.2,
188,성산,2024-09-01,27.1,22.7,31.1,,1.8,75.5,10.3,
188,성산,2024-09-02,27,22.6,31.4,,1.9,73.4,9.3,
188,성산,2024-09-03,26.7,24.3,31.1,.3,2.2,81.1,1.3,
188,성산,2024-09-04,28.2,26.2,31.1,,3.8,73.4,7.1,
188,성산,2024-09-05,28.2,25.1,31.2,,2.3,78.1,10.7,
188,성산,2024-09-06,28,23.7,32.3,,2,76.1,10.5,
188,성산,2024-09-07,27.9,24.3,33,0,1.9,80.1,7.9,
188,성산,2024-09-08,27.7,24.6,31.9,,1.5,82.6,5.9,
188,성산,2024-09-09,28.9,25.2,32.4,,2.8,80.1,8,
188,성산,2024-09-10,29.8,27.7,32.7,0,4.4,80.1,6.1,
188,성산,2024-09-11,29.1,25.6,32.4,24.3,4,87.6,3.1,
188,성산,2024-09-12,29.2,25.8,32.4,.1,2.9,83.3,9,
188,성산,2024-09-13,28.3,24.7,32.2,,1.7,84,11.3,
188,성산,2024-09-14,28.6,25.4,31.9,,2.4,84.1,11.1,
188,성산,2024-09-15,29.7,27.2,31.9,0,4,88,7.1,
188,성산,2024-09-16,29.2,27.5,31,4.3,3.8,89,.9,
188,성산,2024-09-17,27.8,26.6,31.4,4.6,1.5,91.8,4.3,
188,성산,2024-09-18,29.3,26.8,32.7,,2.2,86.1,9,
188,성산,2024-09-19,29.7,25.6,32.8,32.4,5,83.3,6.9,
188,성산,2024-09-20,27.6,25.2,29.1,64.9,5.9,93.1,.5,
188,성산,2024-09-21,27.4,24.9,29.1,9.4,5.7,91.4,.3,
188,성산,2024-09-22,23.8,22.5,25.3,14.1,3.7,92.3,0,
188,성산,2024-09-23,24.2,23.1,26,.1,5.5,74.3,2.1,
188,성산,2024-09-24,24.2,22.2,26,,3.9,77.1,1.7,
188,성산,2024-09-25,25,23,27.6,2.8,2.9,85.6,1.7,
188,성산,2024-09-26,24.9,22.4,27.8,,2.2,85.9,7.8,
188,성산,2024-09-27,24.3,21.3,27.4,,2.1,78.5,8.4,
188,성산,2024-09-28,25.6,22.5,27.6,0,4.1,77,6.5,
188,성산,2024-09-29,25.6,24.5,27.6,0,5.1,70.9,4.8,
188,성산,2024-09-30,25,22.5,28,,3,82,5.7,
189,서귀포,2024-05-20,20.9,16.5,24.2,,1.1,55.4,9.6,22.52
189,서귀포,2024-05-21,20.4,16.7,24.4,,2.2,65.1,11,28.08
189,서귀포,2024-05-22,20.5,18.3,24,,2.3,73.5,.5,13.78
189,서귀포,2024-05-23,22,18.3,25.9,,1,65.4,9.8,24.33
189,서귀포,2024-05-24,22.6,18.2,27.5,,1.3,61.6,12.5,28.73
189,서귀포,2024-05-25,21.4,19.1,25.5,,3,66.8,11.4,28.56
189,서귀포,2024-05-26,20.9,18.2,22.7,30.4,1.5,89.5,.1,2.33
189,서귀포,2024-05-27,20.9,18.4,23.9,.1,1.2,75.6,.5,9.92
189,서귀포,2024-05-28,20.6,16.9,25.3,,1.9,55.9,11.7,30.29
189,서귀포,2024-05-29,20.1,16.1,24,,1.4,64.3,12.4,29.35
189,서귀포,2024-05-30,21,18.2,25,.4,1.2,65.1,4.9,19.25
189,서귀포,2024-05-31,18.7,16.1,22.7,2,1.3,80.8,1.8,11.12
189,서귀포,2024-06-01,20.8,16.5,24.5,,1.4,65.9,9.1,25.57
189,서귀포,2024-06-02,21.9,18.2,27.2,,1.9,44.6,6.5,20.93
189,서귀포,2024-06-03,21.5,19.1,25.5,,1.1,60,9.2,24.22
189,서귀포,2024-06-04,20.5,17.8,23.8,,1.9,64.3,12,28.67
189,서귀포,2024-06-05,20,16.2,23.5,,2.5,67.3,4,16.64
189,서귀포,2024-06-06,20.1,18.3,23.2,5.4,1.8,78.8,0,8.27
189,서귀포,2024-06-07,21.3,19,23.9,0,1.7,75.8,.3,10.2
189,서귀포,2024-06-08,21.7,20.2,23.6,57.2,.8,92.8,0,6.8
189,서귀포,2024-06-09,21.8,19.7,24.8,.3,1.2,86.5,4.8,15.63
189,서귀포,2024-06-10,21.8,18,26.1,,1.7,79.1,11.7,28.87
189,서귀포,2024-06-11,21.7,17.4,25.5,,1.1,74.8,6.9,21.55
189,서귀포,2024-06-12,23.6,20,27,,1.1,73,9.1,22.28
189,서귀포,2024-06-13,24.5,20.7,28,,1.5,70.5,12.4,29.33
189,서귀포,2024-06-14,24.6,21.9,27.9,.5,1.2,75.5,4.1,18.31
189,서귀포,2024-06-15,25,22.7,27.6,,1.3,80.9,6.3,22.92
189,서귀포,2024-06-16,25.2,21.2,29.7,,.9,73.9,11.1,25.37
189,서귀포,2024-06-17,21.2,18.4,23.2,3.8,1.1,77.4,.5,5.25
189,서귀포,2024-06-18,24.4,16.9,30.1,,1.2,54.1,12.8,30.27
189,서귀포,2024-06-19,23.9,21.6,28.9,0,1.4,64.5,5.6,16.7
189,서귀포,2024-06-20,21.6,20.4,22.9,223,2,93.6,0,1.08
189,서귀포,2024-06-21,23.4,21.4,25.6,.1,.8,89.9,.6,12.43
189,서귀포,2024-06-22,23.7,23.4,24.3,21.4,1.8,96.1,0,1.88
189,서귀포,2024-06-23,23.4,22.3,25.2,36.3,1.9,93.3,.3,8.24
189,서귀포,2024-06-24,23.9,22.3,27.4,0,2.4,88.1,3.9,17.15
189,서귀포,2024-06-25,22.3,20.4,24.3,.1,.8,81.3,0,3.92
189,서귀포,2024-06-26,22.1,20.1,25.3,0,1,76,1.3,12.05
189,서귀포,2024-06-27,22.2,21.3,22.9,80.7,1.2,94.5,0,1.9
189,서귀포,2024-06-28,22.8,21,25.5,1.3,1.1,93.6,.7,9.45
189,서귀포,2024-06-29,23.8,22.3,24.6,136.8,2.1,96.3,0,.95
189,서귀포,2024-06-30,23.9,23.2,24.9,48.7,3.8,97.1,0,1.25
189,서귀포,2024-07-01,24.5,23.3,28,5.6,1.5,94.5,.6,8.3
189,서귀포,2024-07-02,25.3,23.9,26.4,,2.2,95,0,3.97
189,서귀포,2024-07-03,24.9,24.2,25.6,1.5,2.4,97.6,0,3.32
189,서귀포,2024-07-04,26,24.4,28.7,0,2.2,92.5,2.2,16.18
189,서귀포,2024-07-05,25.9,24.9,28.8,2.7,2.2,93.3,5.2,20.2
189,서귀포,2024-07-06,27.1,25.9,28.5,0,1.9,88,.1,6.97
189,서귀포,2024-07-07,26.6,26.1,27.8,1.5,1.9,93.3,0,2.57
189,서귀포,2024-07-08,26.9,26.2,27.7,0,2.1,91.1,0,2.94
189,서귀포,2024-07-09,27.4,26.3,29,,2.3,87.8,0,7.63
189,서귀포,2024-07-10,25.4,23.7,26.6,6.7,2.7,93.4,0,3.21
189,서귀포,2024-07-11,22.7,21.8,24.4,11.7,.9,94,0,3.95
189,서귀포,2024-07-12,24.7,20.8,28.3,,1.2,81.6,10.8,27.2
189,서귀포,2024-07-13,25,24.2,26,17.7,1.3,89.6,0,3.55
189,서귀포,2024-07-14,25.4,24,27.8,36.4,1.3,94.1,.1,5.39
189,서귀포,2024-07-15,25.4,24.4,27.1,30.7,1.2,94.9,0,5.14
189,서귀포,2024-07-16,27.8,25.3,30,0,2.5,90.9,2.1,15.66
189,서귀포,2024-07-17,28.1,26.9,30.9,,2,90.1,2.3,15.98
189,서귀포,2024-07-18,27.4,26.2,28.2,.5,2.2,93.1,0,3.42
189,서귀포,2024-07-19,26.7,23.7,27.8,27.8,1.4,90,.1,5.47
189,서귀포,2024-07-20,28.5,27.3,30.8,0,1.9,89.6,1,11.82
189,서귀포,2024-07-21,28.9,27.4,31.2,0,2.2,85.9,3.6,16.16
189,서귀포,2024-07-22,29.4,27.6,32.3,0,2.1,86.4,6.4,22.05
189,서귀포,2024-07-23,30,28.5,33,,1.8,85.1,6.5,22.17
189,서귀포,2024-07-24,30.3,28.1,32.7,.8,1.4,82.6,9.9,23.78
189,서귀포,2024-07-25,29.8,27.2,32.6,5.4,1.6,82.5,6.5,20.49
189,서귀포,2024-07-26,27.8,25.6,30.5,44.1,2,91.1,.1,6.77
189,서귀포,2024-07-27,29.4,27.2,32.7,,2.4,85.8,2.9,17.39
189,서귀포,2024-07-28,29.7,28,32.5,.6,2,83.8,6.7,22.28
189,서귀포,2024-07-29,29.5,27.3,32.7,,2.2,81.3,11.1,28.01
189,서귀포,2024-07-30,29.4,27.4,32.4,,2.4,79.3,12.3,28.23
189,서귀포,2024-07-31,30.2,27.9,32.7,,2.2,79.1,12,28.23
189,서귀포,2024-08-01,30.2,28.3,32.4,,2.2,80.4,9.7,24.56
189,서귀포,2024-08-02,30.1,28.7,32.1,,2,83.1,6.9,17.71
189,서귀포,2024-08-03,30.6,28.2,33.3,23.2,1.5,81.3,10.4,20.4
189,서귀포,2024-08-04,30.5,27.5,34.2,,1.1,75,9,22.32
189,서귀포,2024-08-05,30.1,27.7,33.6,.3,1.1,77.8,6.5,16.92
189,서귀포,2024-08-06,30.6,27.4,33.6,,1.7,74.6,10,21.46
189,서귀포,2024-08-07,30.2,27.3,33.3,,1.3,73.3,9.2,22.8
189,서귀포,2024-08-08,30.4,26.7,34,1.2,1.5,75,9.5,23.33
189,서귀포,2024-08-09,30.3,27.7,34.3,0,1.6,72.6,10.3,26.36
189,서귀포,2024-08-10,29.7,27.1,33.3,4.8,1.4,74,7.3,18.52
189,서귀포,2024-08-11,30.1,27.3,33.6,,1.5,72.5,6.3,18.34
189,서귀포,2024-08-12,29.8,26.5,33,,2,63.5,11.9,26.56
189,서귀포,2024-08-13,29.8,27.5,33.9,,2.6,66.4,8.9,20.19
189,서귀포,2024-08-14,29.3,26.4,32.4,.8,2.5,70.6,7.6,15.68
189,서귀포,2024-08-15,29.9,26.5,33.6,0,2.3,70.6,7.2,19.37
189,서귀포,2024-08-16,28.8,23.8,32.7,28.2,1.6,74,8.4,22.32
189,서귀포,2024-08-17,28.9,26,32.8,25.6,1.8,74.4,5.5,14.82
189,서귀포,2024-08-18,28.8,26.8,31.7,3.3,2.2,77.9,6.1,17.31
189,서귀포,2024-08-19,30.2,26.9,33.5,,2,73.6,10.7,25.15
189,서귀포,2024-08-20,29.3,27.6,32.1,14.9,2.7,85.8,1.1,9.89
189,서귀포,2024-08-21,30.3,28.2,33.4,1.1,3.1,82.6,3.5,13.95
189,서귀포,2024-08-22,29.3,27.2,32,18.7,2.9,84.4,5.4,14.94
189,서귀포,2024-08-23,29.4,25.8,32.7,0,1.5,76.4,7.7,20.79
189,서귀포,2024-08-24,29.3,26.3,32.9,,1.2,73.4,8.3,21.48
189,서귀포,2024-08-25,28.9,26.2,32.7,0,1.4,73,7.4,17.65
189,서귀포,2024-08-26,29.1,25.1,32.7,,1.5,68.6,8.8,21.5
189,서귀포,2024-08-27,30.1,26.5,34,,2.2,72.8,8.4,21.26
189,서귀포,2024-08-28,29.2,27.4,32.1,2.4,4.4,77.6,7.3,21.34
189,서귀포,2024-08-29,30.5,28.1,34.6,,3.2,60.5,8.8,22.82
189,서귀포,2024-08-30,30.3,26.9,34.7,,1.5,64.1,10.6,25.17
189,서귀포,2024-08-31,28.8,25.5,32.8,,1.5,63.1,10.7,25.82
189,서귀포,2024-09-01,28.2,25,32.1,,1.5,69.5,10.1,25.27
189,서귀포,2024-09-02,28.1,24,31.9,,1.8,64,10.4,22.97
189,서귀포,2024-09-03,27.9,24.9,31.9,2.8,1.7,71.9,3.6,14.88
189,서귀포,2024-09-04,28.1,25.3,31.4,0,2.4,73.4,7.9,22.4
189,서귀포,2024-09-05,28.5,25.8,31.9,,1.4,74.8,10.5,23.57
189,서귀포,2024-09-06,28.9,25,33.1,,1.5,68.5,9.7,23.24
189,서귀포,2024-09-07,28.6,25.3,33.5,15.5,1.6,74.5,7.2,18.49
189,서귀포,2024-09-08,28.2,25.8,32.2,,1.4,77.6,5.8,15.53
189,서귀포,2024-09-09,29.3,26.2,33.1,,2.4,71.1,10,21.91
189,서귀포,2024-09-10,29.8,26.7,34.2,8.8,2.8,76.9,7.7,20.51
189,서귀포,2024-09-11,28.8,26.6,31.5,12.8,1.8,85.8,3.2,12.62
189,서귀포,2024-09-12,29.6,27.4,32.9,.5,1.3,79,8.1,21.34
189,서귀포,2024-09-13,29.1,25.5,32.6,,1.4,72,10.6,22.98
189,서귀포,2024-09-14,30.2,25.1,34.5,,2,61.9,10.8,23.1
189,서귀포,2024-09-15,30.8,29.3,34,,3.7,73.6,6.4,16.33
189,서귀포,2024-09-16,29.1,28.1,31.6,2.1,2.3,86,1.6,9.37
189,서귀포,2024-09-17,29,26.6,31.8,6.9,1.3,81.1,5.4,12.91
189,서귀포,2024-09-18,30.1,27.6,33.1,,1.9,75,9.6,22.23
189,서귀포,2024-09-19,29.3,25.9,33,24.1,2.7,80.3,6.6,16.2
189,서귀포,2024-09-20,28.1,25.1,29.1,37.2,3.1,89.5,0,5.38
189,서귀포,2024-09-21,27.7,26.3,28.5,8.4,4.5,90.9,.1,2.84
189,서귀포,2024-09-22,26,24.2,28.8,.4,2.1,81.1,1,10.65
189,서귀포,2024-09-23,24.2,22.1,27.2,0,4,72,9.1,19.74
189,서귀포,2024-09-24,24.5,21.7,28.2,,3.1,71.3,8.3,20.2
189,서귀포,2024-09-25,25.8,24.1,29,0,2.4,74.4,2.7,11.06
189,서귀포,2024-09-26,26,21.9,29.7,,1.4,73.5,7.6,16.89
189,서귀포,2024-09-27,26,23.2,29.8,,1.6,64.8,9,18.14
189,서귀포,2024-09-28,26,23,29.1,,3.2,69,10,19.4
189,서귀포,2024-09-29,25.2,23.6,28,0,4,69.4,7.9,15.9
189,서귀포,2024-09-30,25.8,23.1,29.6,,2.3,73.3,9.6,19.31
192,진주,2024-05-20,20.7,11.3,30.6,,.7,61.6,12.4,27.96
192,진주,2024-05-21,19,12.6,26.2,,.9,75.3,11.7,25.51
192,진주,2024-05-22,20,12.8,27.7,,.9,70.5,11.4,25.63
192,진주,2024-05-23,22,14.5,31.4,,.7,71.5,12.4,28.11
192,진주,2024-05-24,21,13.6,30.8,,1,68.9,12.3,28.49
192,진주,2024-05-25,19.6,14.3,24.9,,.9,61,5.6,19.31
192,진주,2024-05-26,18.6,10.6,23.8,11.6,.9,84,4.4,14.1
192,진주,2024-05-27,21.7,18.1,25.9,,1.2,57.6,9,22.98
192,진주,2024-05-28,19.3,13.1,26,,1.2,64.4,7.6,21.17
192,진주,2024-05-29,19.7,11,28,,.8,68.5,12.5,29.51
192,진주,2024-05-30,19.4,13.7,26.6,.9,.7,71.5,3.5,15.16
192,진주,2024-05-31,21.5,15.3,28.8,.2,1,70.4,11.9,28.78
192,진주,2024-06-01,20.6,14.1,27.1,,1,65.5,11.6,26.92
192,진주,2024-06-02,20.2,12.3,28.8,,1,61,11.8,27.22
192,진주,2024-06-03,18.8,12.9,26.3,0,.8,77.5,7.9,22.43
192,진주,2024-06-04,20.3,15,28.2,,1.2,67,12.3,30.72
192,진주,2024-06-05,20.2,13.1,29,,.9,68.3,9.6,23.62
192,진주,2024-06-06,19.1,14.1,24.6,,.7,75.3,2,14.51
192,진주,2024-06-07,20.9,13.6,28.2,0,.8,65.8,9.6,21.85
192,진주,2024-06-08,18.9,17.7,20.6,35.1,.5,92.1,0,3.66
192,진주,2024-06-09,22.7,18.7,28.1,.4,.9,82.1,7.2,19.7
192,진주,2024-06-10,23.9,19.2,31.3,,.9,73.8,10.3,26.57
192,진주,2024-06-11,23.8,17.5,31.6,,1,73.9,10.8,25.88
192,진주,2024-06-12,24.3,17.2,32.2,,.9,73,11.8,27.51
192,진주,2024-06-13,25.4,17.8,34.9,,.8,68.1,12.6,28.77
192,진주,2024-06-14,25,17.2,32.1,,1,72.3,12,28.21
192,진주,2024-06-15,25.6,19.6,32.1,0,1,73.4,10.9,26.33
192,진주,2024-06-16,24.8,18.5,31,,.9,65.9,11.1,25.62
192,진주,2024-06-17,21,15.6,26.6,,.6,76,.5,12.09
192,진주,2024-06-18,24.9,15.8,35.7,,.8,64,11.8,29.36
192,진주,2024-06-19,25.4,17.9,34.3,,1,64.5,10.4,25.76
192,진주,2024-06-20,21.8,18.1,24.5,0,.5,80.9,0,6.21
192,진주,2024-06-21,24.2,18.6,30.4,,.9,75.5,10.1,24.39
192,진주,2024-06-22,23.3,21.6,24.7,33.3,.7,94,0,3.1
192,진주,2024-06-23,25.2,22.3,30.1,.1,1.1,84.1,4.1,13.5
192,진주,2024-06-24,25,21.7,29.3,,1.4,83,6.7,19.75
192,진주,2024-06-25,23.5,18.8,29.2,,.8,68.1,8.7,22.6
192,진주,2024-06-26,22.4,15.5,30,,.8,67.4,11.9,26.76
192,진주,2024-06-27,19.3,15.5,23.9,1.8,.4,84.6,0,7.49
192,진주,2024-06-28,23.5,15.8,31.6,,.9,76.8,12.1,29.41
192,진주,2024-06-29,23,20.1,25.2,84,.7,92.6,0,5.1
192,진주,2024-06-30,24.9,23.7,28.5,49.4,1.4,92,.7,10.47
192,진주,2024-07-01,26,22.7,31.2,.2,1,84.5,8.1,21.01
192,진주,2024-07-02,25.2,23,27.7,38.9,.9,93.1,0,6.72
192,진주,2024-07-03,27.1,24.7,31.5,2.2,1.5,84.3,7.1,18.52
192,진주,2024-07-04,27.2,22.7,32.6,,1.4,81.5,11.6,26.98
192,진주,2024-07-05,28,24.6,32.9,.9,1.4,78,10.9,26.77
192,진주,2024-07-06,27.1,24.5,30.1,,1.3,82.5,3.9,15.31
192,진주,2024-07-07,27.6,25.8,31.3,,1.5,83.4,3.2,16.39
192,진주,2024-07-08,26.7,25.8,28.5,.6,1.4,88.4,0,7.14
192,진주,2024-07-09,26.1,24.2,28.8,.9,1,89.4,0,5.68
192,진주,2024-07-10,26.3,23.1,30.8,26,1.5,85.9,5.1,16.96
192,진주,2024-07-11,24.1,22.2,27.6,,.8,90.8,1.4,12.37
192,진주,2024-07-12,24.9,21.1,31.3,,.7,83.3,8.7,20.53
192,진주,2024-07-13,24.1,20.2,28.5,0,.7,87.1,3,14.1
192,진주,2024-07-14,23.6,22.8,25,12.4,.7,95.1,0,5.04
192,진주,2024-07-15,24.2,22.7,26.6,.2,.5,92.1,.2,7.19
192,진주,2024-07-16,23.3,22.5,25,88.7,.5,96.8,.1,2.72
192,진주,2024-07-17,26.1,22.3,29.4,.1,1,91.3,.4,10.56
192,진주,2024-07-18,26.7,25.6,28.1,5.7,1.3,89.8,0,6.75
192,진주,2024-07-19,25,23.8,28.4,9.3,.8,92.3,2.8,8.8
192,진주,2024-07-20,26.4,21.9,31.5,0,.8,87.9,5.9,16.33
192,진주,2024-07-21,28.1,24.1,32.2,10.2,1.4,83.9,9.8,25.06
192,진주,2024-07-22,28.6,25.9,32,,1.3,83.4,9.2,21.35
192,진주,2024-07-23,28.4,26.7,31.3,.1,1.1,84.9,3.7,14.98
192,진주,2024-07-24,27.6,25.2,32,7.6,1,88.6,7,20.12
192,진주,2024-07-25,28.5,25.3,32.8,5.5,.9,84.8,9.6,23.65
192,진주,2024-07-26,27,25.2,30.9,10.3,.9,91.9,2.4,11.92
192,진주,2024-07-27,28,25.1,31.6,8.5,1,88.9,7.6,22.06
192,진주,2024-07-28,28.8,26.2,32.7,,1.1,82.4,11,23.02
192,진주,2024-07-29,29.4,25.2,34.9,,1.6,75,12.3,28.2
192,진주,2024-07-30,29,22.9,35.4,,.7,78.5,12.2,27.86
192,진주,2024-07-31,29.1,24.1,34.6,,.9,80.6,12.1,26.75
192,진주,2024-08-01,28.9,24.6,33.4,,1.2,82.4,11.1,25.04
192,진주,2024-08-02,29.7,25.2,34.8,,1,83.1,9.4,23.48
192,진주,2024-08-03,30.6,26.5,36.1,,.6,81.5,10.6,22.7
192,진주,2024-08-04,28.6,25.2,35.2,31.2,.7,88.6,5.8,16.39
192,진주,2024-08-05,27.8,24.5,34.6,0,.7,84.6,9,22.13
192,진주,2024-08-06,27.3,23.7,35.7,.7,.8,84.9,9.9,24.39
192,진주,2024-08-07,29,23.8,35.9,,.8,80.6,11.2,26.42
192,진주,2024-08-08,28.4,24.5,34.2,23.8,.8,84.9,9.9,21.36
192,진주,2024-08-09,28.4,23.7,34.7,,.6,80.8,11.9,25.51
192,진주,2024-08-10,28,24,33.4,0,.9,82.6,10.1,21.87
192,진주,2024-08-11,28,23.8,33.6,,.7,80.1,10.4,23.55
192,진주,2024-08-12,28.2,24.1,35.2,,.7,77.1,10.6,24.9
192,진주,2024-08-13,28.2,23.6,34.5,,.7,76.8,11.3,24.66
192,진주,2024-08-14,28.4,23.6,34.4,0,.8,77,10.7,26.19
192,진주,2024-08-15,28.3,24,34.5,,.9,77.3,9.6,22.84
192,진주,2024-08-16,28.2,23.7,34.1,0,.9,77.6,9.5,22.19
192,진주,2024-08-17,28.6,24.6,34.6,,.9,77.5,8.7,21.3
192,진주,2024-08-18,27.9,23.3,33.6,,.9,76.5,10.4,22.96
192,진주,2024-08-19,28.4,23.2,33,,.8,79.5,9,19.31
192,진주,2024-08-20,27.9,26.1,31.2,29.4,.9,89.1,2.2,10.83
192,진주,2024-08-21,28.3,25.3,32.5,38.8,1,88.4,4.9,17.2
192,진주,2024-08-22,28.4,26,32.3,2.6,1.1,87.9,6.2,18.02
192,진주,2024-08-23,28.4,24,33.2,,.9,80.9,11.4,24.25
192,진주,2024-08-24,28.2,23.7,34.3,,.7,80,11.4,24.16
192,진주,2024-08-25,28.1,24.1,34.2,,.7,82.4,10.2,22.95
192,진주,2024-08-26,28.4,24.6,33.8,,.7,81.6,10.2,22.92
192,진주,2024-08-27,27.2,24.2,32.4,0,.9,83.1,2.7,11.93
192,진주,2024-08-28,27.2,24.3,31.3,,1.7,72.1,6,16.03
192,진주,2024-08-29,28.9,25.5,33.9,0,2.5,66.4,7.7,18.41
192,진주,2024-08-30,29.4,23.6,35.4,,1.5,66.5,10.6,23.58
192,진주,2024-08-31,26.8,21,34.5,,.8,73,10.8,24.9
192,진주,2024-09-01,26.4,20.6,32.5,,.7,76.6,10.5,23.31
192,진주,2024-09-02,26.6,21.4,32,,.7,79,7.4,17.99
192,진주,2024-09-03,25.3,21.2,28.7,0,.9,76.3,1.9,8.13
192,진주,2024-09-04,24.6,17.8,31.8,,.8,74.8,10.6,24.28
192,진주,2024-09-05,26.2,19.4,32.1,,.9,77.6,10.4,23.17
192,진주,2024-09-06,26.4,24.4,31.7,10.4,.6,88,2.3,9.84
192,진주,2024-09-07,26.9,24.4,30.5,0,.5,89,1.7,11
192,진주,2024-09-08,27.5,24,33.2,,.7,81.4,9.2,20.12
192,진주,2024-09-09,28,24.6,33.8,,.8,80.3,9.2,18.64
192,진주,2024-09-10,27.9,22.2,34.2,,.8,78.9,10.5,21.75
192,진주,2024-09-11,25.8,24.7,28.6,31.1,.3,93.8,.1,5.02
192,진주,2024-09-12,27.8,24.7,33.3,,.5,86.6,6.1,15.78
192,진주,2024-09-13,28.3,24.5,33.6,,.6,82.5,10.4,20.54
192,진주,2024-09-14,28.3,24.3,34.9,,.6,80.3,8.5,20.8
192,진주,2024-09-15,28.5,24.1,33,.6,.9,78.8,6.2,13.93
192,진주,2024-09-16,28.1,26,31.2,,1.1,77.6,1.8,10.22
192,진주,2024-09-17,29.2,24.9,35.8,.4,.7,80.4,9.5,20.99
192,진주,2024-09-18,28.9,25.2,34.4,,.6,80.3,8.7,18.45
192,진주,2024-09-19,28.9,23.7,35.6,,.8,75.1,10.3,20.63
192,진주,2024-09-20,25.6,24.7,26.3,105.3,.3,95.1,0,1.33
192,진주,2024-09-21,23.7,20.6,29.3,202.1,.9,94.4,1.5,4.36
192,진주,2024-09-22,22.1,20,24.6,.4,.5,86,.1,6.43
192,진주,2024-09-23,20.4,14.6,25.7,,1.3,68,9,18.9
192,진주,2024-09-24,20,13.5,27.1,,.8,77.4,9.2,18.04
192,진주,2024-09-25,22,15.8,29.1,,.6,80.9,9.1,19.64
192,진주,2024-09-26,23,18.3,29,,.5,81,9.5,17.64
192,진주,2024-09-27,23.9,19.1,30.2,,.6,81.8,9.2,19.26
192,진주,2024-09-28,23,18.7,28.2,0,1.1,79,6.4,13.71
192,진주,2024-09-29,21.3,15.8,27.5,,.8,78.1,8.1,16.14
192,진주,2024-09-30,20.6,14,28.3,,.5,78.6,10.3,20.29
201,강화,2024-05-20,16.7,14.5,20.1,,2.5,88.6,2.9,
201,강화,2024-05-21,18.2,14.3,24.1,,1.9,86.1,8,
201,강화,2024-05-22,16.1,13.2,21.4,,2.2,89.1,8,
201,강화,2024-05-23,16.9,12.9,21.7,,2,84.6,7.6,
201,강화,2024-05-24,16.8,14.5,20.7,,1.6,90,1,
201,강화,2024-05-25,17.6,14.6,21.5,0,1.3,88.3,1.2,
201,강화,2024-05-26,17.7,15.8,21.9,8.7,2.4,84.9,1.5,
201,강화,2024-05-27,18.1,13.1,22.7,,2.8,63.1,11.7,
201,강화,2024-05-28,18.9,14.2,24.6,,2.6,60.6,10.8,
201,강화,2024-05-29,17.5,11.8,22.9,,1.8,66,12,
201,강화,2024-05-30,18.2,13,22.4,,1.1,63.1,.3,
201,강화,2024-05-31,17.5,13.2,21.4,,2.8,81.9,9.5,
201,강화,2024-06-01,19.1,14.4,24.4,,2.3,66,11.9,
201,강화,2024-06-02,18.3,13.3,23.4,,2.4,64.9,12.1,
201,강화,2024-06-03,20.5,12.5,26.9,,1.6,56.8,12,
201,강화,2024-06-04,20,12.3,26,,2.1,52.6,12.1,
201,강화,2024-06-05,19.4,13.6,24.9,,1.9,70.4,8.6,
201,강화,2024-06-06,20.2,15,26.3,,2,72.1,11.8,
201,강화,2024-06-07,20,14.9,24.3,.1,2,71,7,
201,강화,2024-06-08,18.2,15.4,22.6,2.6,1.5,91.4,3.6,
201,강화,2024-06-09,19.5,14.6,24.4,,1.8,83.3,9.3,
201,강화,2024-06-10,21.4,16,26.8,,1.6,82.9,9.7,
201,강화,2024-06-11,21.3,16.8,26,,2,84.8,8.6,
201,강화,2024-06-12,20.8,14.9,27.3,,1.7,77.1,8.6,
201,강화,2024-06-13,21.5,15.8,27.9,,1.7,74.9,12.1,
201,강화,2024-06-14,22.5,16.4,29.1,,1.6,77,6.2,
201,강화,2024-06-15,21.8,19.4,25.8,.5,2.1,84.8,4.8,
201,강화,2024-06-16,21.8,16.4,26.3,,2.8,71.6,12.1,
201,강화,2024-06-17,21.3,14.8,25.8,,2.6,78.3,12.1,
201,강화,2024-06-18,21.5,17.6,25.5,,2.5,84.9,11.1,
201,강화,2024-06-19,24,17.4,31.2,,1.5,76.5,10.9,
201,강화,2024-06-20,24.5,17.3,31.2,,1.6,62.8,12.2,
201,강화,2024-06-21,23.1,17.9,28.6,,2,74.6,9.3,
201,강화,2024-06-22,22.6,20.6,24,16.6,1.4,89.1,0,
201,강화,2024-06-23,23.1,20.5,27.3,16.5,1.9,86.4,5.1,
201,강화,2024-06-24,22.7,18,25.7,,2.2,78.3,7.8,
201,강화,2024-06-25,21.8,15.9,25.6,,2.6,69,11.4,
201,강화,2024-06-26,22.6,16,27.8,,2.1,69,12.2,
201,강화,2024-06-27,22.6,16.4,27.9,,1.6,74,11.8,
201,강화,2024-06-28,22.9,16.6,28.3,,1.9,68.4,11.5,
201,강화,2024-06-29,24.2,18,30,28.4,1.5,75.9,6.5,
201,강화,2024-06-30,22.9,20.7,26.9,3.6,3.8,92,1.9,
201,강화,2024-07-01,23.4,20.3,27.4,,1.6,84.4,8.6,
201,강화,2024-07-02,22.4,20.8,25,73.8,1.9,93.9,0,
201,강화,2024-07-03,23,22.3,24.7,,4.3,88.9,.1,
201,강화,2024-07-04,24.1,20.7,27.7,11.5,2.6,86.4,2.7,
201,강화,2024-07-05,22,19.8,24.3,.1,3.5,88.6,2.2,
201,강화,2024-07-06,23.2,20.2,28.7,2,3.3,90.4,.2,
201,강화,2024-07-07,23.4,19.7,27.1,2.8,1.6,90.5,2.8,
201,강화,2024-07-08,22.6,21.2,24.2,9,1.6,97.6,0,
201,강화,2024-07-09,22.9,20.8,26,0,1.3,94.4,.3,
201,강화,2024-07-10,25.1,22.2,30,.2,2.3,82.4,7.8,
201,강화,2024-07-11,22.2,19.6,25.7,,1.6,94.4,3.1,
201,강화,2024-07-12,23.3,19.4,27.6,.1,1.3,92.3,5.3,
201,강화,2024-07-13,24.5,20.2,29.9,,1.5,87.8,6.6,
201,강화,2024-07-14,25.2,21.6,31.2,9.3,1.5,84.6,7.9,
201,강화,2024-07-15,26,22.7,30.1,,1.8,78,7.8,
201,강화,2024-07-16,24.9,22.4,30.3,7.8,1.5,90,1.5,
201,강화,2024-07-17,24.4,22.8,25.3,194.9,3.7,95.4,0,
201,강화,2024-07-18,23.8,22.6,25.3,196.5,3.1,96.1,0,
201,강화,2024-07-19,25,22.9,28.1,0,1.9,89.8,5.7,
201,강화,2024-07-20,25.6,22.7,29.2,5.9,2.6,86.5,.3,
201,강화,2024-07-21,24.8,21.7,27.9,7.5,3.6,91.6,1.6,
201,강화,2024-07-22,26,24.5,27.2,67,4.5,91.1,0,
201,강화,2024-07-23,24.8,23.7,26.9,2.8,3,93.5,0,
201,강화,2024-07-24,26.2,24,28.9,1.1,2.6,95,2.1,
201,강화,2024-07-25,27.3,25,31.1,,1.4,87.3,2.6,
201,강화,2024-07-26,28.1,24,33.4,17.3,1.6,82.8,5.1,
201,강화,2024-07-27,28.5,26.6,30.7,0,2.7,80.5,1.8,
201,강화,2024-07-28,28,26.4,30.7,,3.8,81.3,3.6,
201,강화,2024-07-29,25.8,24.8,26.4,.2,4.5,92.3,0,
201,강화,2024-07-30,25.9,24.5,28.7,.5,2.8,92.5,1.2,
201,강화,2024-07-31,27,24.6,30.4,,2,86.9,2.1,
201,강화,2024-08-01,27.7,26.2,30.1,,2.6,86.9,2.7,
201,강화,2024-08-02,27.2,25.5,29.6,.1,2.6,92,1.7,
201,강화,2024-08-03,27.4,24.7,31.5,,1.5,87.1,5.9,
201,강화,2024-08-04,27.9,23.9,32.6,,1.1,83.5,11.6,
201,강화,2024-08-05,28.2,25.3,32.8,.9,1.5,84.8,8.1,
201,강화,2024-08-06,27.5,24.7,31.5,,1.6,84.3,8.7,
201,강화,2024-08-07,27.3,24.5,31.3,1.3,1.3,86.5,7.6,
201,강화,2024-08-08,26.2,23.9,29.6,7.8,1.6,90.4,3.5,
201,강화,2024-08-09,26.7,22.8,31.2,,1.3,85.9,8.6,
201,강화,2024-08-10,26.8,22.9,32.2,,1.3,83.5,7.1,
201,강화,2024-08-11,28.1,24.1,32.4,,1.6,80.6,5.9,
201,강화,2024-08-12,28.1,24.8,32.2,,1.6,82.9,9.4,
201,강화,2024-08-13,28.8,24.5,33.4,,1.6,80,11.6,
201,강화,2024-08-14,27.7,23.7,32.9,10.7,1.5,86.9,9.2,
201,강화,2024-08-15,27.9,24.4,31.9,0,1.1,84.8,8,
201,강화,2024-08-16,27.4,23.9,31.9,3.1,1.3,83.4,6.9,
201,강화,2024-08-17,27.3,24,31.7,.4,1.1,88.5,6.8,
201,강화,2024-08-18,27.5,24.7,31.7,,1.2,86.4,6,
201,강화,2024-08-19,27.6,24.7,32.4,,1.2,84.8,9.9,
201,강화,2024-08-20,28.2,24.4,34,14.1,1.1,86.4,6.7,
201,강화,2024-08-21,27.4,25.5,30,128.3,3.7,90.3,.5,
201,강화,2024-08-22,27.3,25.1,29.2,5,3.2,86.6,1.4,
201,강화,2024-08-23,26.8,24.6,30.1,.3,2.6,86.4,9.1,
201,강화,2024-08-24,26,23.2,29.7,,1.2,89.6,3.6,
201,강화,2024-08-25,26.4,22.8,30.9,0,1.1,86.5,7.4,
201,강화,2024-08-26,26.2,23.4,30.3,,1.1,86.5,1.2,
201,강화,2024-08-27,24.8,22,29,.4,1.5,79.4,3.6,
201,강화,2024-08-28,26.3,21.2,31.4,,2.1,71.9,11.9,
201,강화,2024-08-29,26.2,21.6,31.1,,2.5,70.5,11.9,
201,강화,2024-08-30,26.1,22.4,30.4,,2,69.5,9.8,
201,강화,2024-08-31,24.4,19.4,30,,1.2,80.6,11.7,
201,강화,2024-09-01,23.3,19.2,27.9,,1.4,82.9,8.2,
201,강화,2024-09-02,22.2,20.1,23.8,3.6,2.1,86,0,
201,강화,2024-09-03,24.2,21.2,28.7,,2,70,8.6,
201,강화,2024-09-04,24.9,20.3,29.7,,1.6,77.1,10.1,
201,강화,2024-09-05,24.9,21.7,27.7,2.9,1.9,88,.7,
201,강화,2024-09-06,23.2,22,25.3,0,1.5,85,0,
201,강화,2024-09-07,23.8,20.5,28.9,,1.1,83.5,8.3,
201,강화,2024-09-08,23.7,19.3,28.9,,1,85.5,8,
201,강화,2024-09-09,25.2,20.8,30.6,,1.1,81.3,10.8,
201,강화,2024-09-10,26,22.1,31.1,,1.3,80,10.8,
201,강화,2024-09-11,26.7,21.2,33.3,0,1.5,80.8,9.6,
201,강화,2024-09-12,24.8,22.9,26.4,1.5,.9,93.6,0,
201,강화,2024-09-13,25.2,24.1,27.3,28.4,2.2,94.5,0,
201,강화,2024-09-14,25.7,23.1,29.5,,1.3,89.5,5.3,
201,강화,2024-09-15,24.9,22.5,29,,2.3,81.8,7.3,
201,강화,2024-09-16,24.3,20.4,29.3,2.1,2,83.1,4.8,
201,강화,2024-09-17,25.3,22.8,29.1,1.3,.7,91.6,.2,
201,강화,2024-09-18,26.3,23.6,30.7,,.8,91.6,3.9,
201,강화,2024-09-19,26.9,24.5,31,,1.1,87.3,2.2,
201,강화,2024-09-20,23.5,16.7,27.1,56.4,2.1,95.4,0,
201,강화,2024-09-21,18.7,16.1,22.2,10.1,4.3,80.5,.4,
201,강화,2024-09-22,19.6,16.6,24.8,,2.9,70.8,5,
201,강화,2024-09-23,18.7,15.4,24.1,,2.5,69.3,11.1,
201,강화,2024-09-24,18.2,13.1,24.8,,1.2,73.9,11.1,
201,강화,2024-09-25,21.1,16,26.5,.1,1.1,79.4,7.8,
201,강화,2024-09-26,21.7,18.7,26.1,.7,1.4,85.4,7.4,
201,강화,2024-09-27,20.9,15.9,26.6,,1.7,76.9,9.7,
201,강화,2024-09-28,21.6,18,27.1,,2.8,66,10.5,
201,강화,2024-09-29,21.2,16.3,27.7,,1.5,74,9.8,
201,강화,2024-09-30,21.2,17,26.4,,1.5,75,9.7,
202,양평,2024-05-20,18.7,14.2,23.1,,.9,73.8,.2,
202,양평,2024-05-21,20.8,16.4,26.4,,1.3,69.6,10,
202,양평,2024-05-22,20.5,14.9,27.2,,1.3,70.4,10.9,
202,양평,2024-05-23,21.1,14.4,28.1,,1.3,64.8,12.4,
202,양평,2024-05-24,20.2,15,25.7,,1.3,72.8,4.8,
202,양평,2024-05-25,20.2,17.6,23.6,,1.3,61.8,.5,
202,양평,2024-05-26,19.5,16.7,24.7,13.4,1.5,74.3,3.3,
202,양평,2024-05-27,18.8,15.2,23.2,,2.3,61,8.7,
202,양평,2024-05-28,18.6,12.2,25,,1.7,59.5,10.4,
202,양평,2024-05-29,19.5,11.6,27.8,,1.4,58.3,12.6,
202,양평,2024-05-30,19,13.9,23.7,,.8,63.3,1.3,
202,양평,2024-05-31,20.5,14.8,26.6,,1.4,59,11.2,
202,양평,2024-06-01,20.5,16.5,25.8,1.7,1.7,61.1,8.7,
202,양평,2024-06-02,19.1,13.6,26.5,.3,1.4,66,8.2,
202,양평,2024-06-03,20.2,13.5,27.4,,1.5,54.1,10.6,
202,양평,2024-06-04,20.6,11.8,28.5,,1.1,53.5,12.6,
202,양평,2024-06-05,22.1,14.3,29,,1.1,60.6,11.3,
202,양평,2024-06-06,22.8,17.5,29.1,,1.3,58,11,
202,양평,2024-06-07,21.8,15.4,27.9,0,1.2,65.3,9,
202,양평,2024-06-08,19.2,17,22.6,18.9,.8,90.6,1,
202,양평,2024-06-09,21.9,17.3,28.7,.1,1.2,75.4,9.1,
202,양평,2024-06-10,23.2,16.3,29.8,,1.1,70.8,11,
202,양평,2024-06-11,24.4,19.9,30.8,,1.3,66.3,10.4,
202,양평,2024-06-12,23.6,16.2,31.6,,1.4,62.4,12.5,
202,양평,2024-06-13,25,17.1,32.9,,1.3,59.5,12.4,
202,양평,2024-06-14,25,17.9,32.9,,1.5,58.8,11.8,
202,양평,2024-06-15,23.2,20.1,27.5,2.6,1.1,74.5,1.9,
202,양평,2024-06-16,23.7,17.5,30,,1.6,62.3,10,
202,양평,2024-06-17,22.3,15,30.3,,1.3,57.3,12.1,
202,양평,2024-06-18,24.2,15.4,33,,1.4,56.9,12.6,
202,양평,2024-06-19,26.1,17.7,35,,1.1,59.8,12.6,
202,양평,2024-06-20,26,20,32.6,,1.2,58.9,9.6,
202,양평,2024-06-21,25.4,18.3,32.5,,1.1,60.9,9.8,
202,양평,2024-06-22,22.6,21.5,24.1,30.7,1.1,88.8,0,
202,양평,2024-06-23,24.6,21.4,29.9,22.2,1.3,80.5,4.7,
202,양평,2024-06-24,24.4,20.5,29.5,,1.7,68,8,
202,양평,2024-06-25,21.8,16.6,26.7,,1.5,66.9,7.7,
202,양평,2024-06-26,23.3,16.6,29.8,,1.1,65.6,12.5,
202,양평,2024-06-27,23.2,18.2,28,,1.1,71.1,8.4,
202,양평,2024-06-28,24.4,17.8,30.6,,1.2,66.9,11.8,
202,양평,2024-06-29,24.7,19.1,30.5,35.3,1.5,73.1,7.9,
202,양평,2024-06-30,24.3,22.2,25.8,22.8,1.6,84,.2,
202,양평,2024-07-01,25,21.1,30.5,,1,74.4,6.4,
202,양평,2024-07-02,22.2,21.5,23.2,71.1,1.3,91.9,0,
202,양평,2024-07-03,24.9,22.2,27.5,9,1.7,77.4,.5,
202,양평,2024-07-04,25.9,22.1,29.8,8.5,1.1,76.4,3.8,
202,양평,2024-07-05,24.4,21.5,27.5,5.5,2.3,74.8,5.1,
202,양평,2024-07-06,24.9,20.7,30.3,6.6,1.9,84.4,.9,
202,양평,2024-07-07,22.8,21.1,24.7,1.1,1.1,90.5,0,
202,양평,2024-07-08,23.4,22.5,24.8,19.1,.8,95.1,0,
202,양평,2024-07-09,23.6,21.9,25.7,1.6,1,91.5,.1,
202,양평,2024-07-10,25.9,21.1,31.6,21.6,1.4,76,9.2,
202,양평,2024-07-11,25.8,22.4,30.3,,1.2,78.4,6.3,
202,양평,2024-07-12,24.9,21.7,29.5,,.9,81.8,5.3,
202,양평,2024-07-13,26.2,21.5,31.4,,1,74.9,10.2,
202,양평,2024-07-14,26.1,21.5,30.6,14.3,1.5,75.1,6.5,
202,양평,2024-07-15,26.9,22.7,31.1,0,1.5,69.8,7,
202,양평,2024-07-16,25,23,29.7,21.7,1.3,85.5,4.5,
202,양평,2024-07-17,25.5,22.6,29.4,27.8,1.4,85.9,.7,
202,양평,2024-07-18,24,22.5,25.9,108,1,94.5,0,
202,양평,2024-07-19,26.2,23,31.4,,.9,81.8,7.1,
202,양평,2024-07-20,25.7,22.8,28.5,11.9,1.4,84.3,1.2,
202,양평,2024-07-21,26.8,23.3,30.8,2.2,2.1,77.9,3.7,
202,양평,2024-07-22,27.4,25.4,29.2,4.4,1,83.3,.1,
202,양평,2024-07-23,25.8,23.5,28.8,66.7,1.3,88.5,0,
202,양평,2024-07-24,26.3,23,31.7,21.8,1,87.5,2.3,
202,양평,2024-07-25,27.5,24.4,32.2,34.8,.9,83.6,3.5,
202,양평,2024-07-26,27.3,23.7,33.2,1.5,1.4,84.8,5.5,
202,양평,2024-07-27,27.8,25.2,32.6,5.4,1.1,85.8,1.8,
202,양평,2024-07-28,28.5,25,32.7,,1.3,76.6,5.4,
202,양평,2024-07-29,27.1,24.8,28.6,0,1.2,82.5,0,
202,양평,2024-07-30,27.6,25.8,30.7,,.9,82.4,1,
202,양평,2024-07-31,28.1,24.4,32.3,,1,78.8,3.9,
202,양평,2024-08-01,28.8,25.4,32.7,,1,79.3,3.2,
202,양평,2024-08-02,28.7,26.6,31.9,1.6,.7,83.1,2,
202,양평,2024-08-03,29.5,25.8,34.2,,1.2,77,10.4,
202,양평,2024-08-04,29.7,25,35.1,,1.1,73.1,12.2,
202,양평,2024-08-05,28.6,23,34.4,38.6,1.6,76.6,8.3,
202,양평,2024-08-06,26.9,23.4,32.2,0,1.1,82.9,6,
202,양평,2024-08-07,26.8,23.9,32.4,20,1.1,85.5,7.1,
202,양평,2024-08-08,26.6,24.5,29.6,1.4,.9,87.3,1.4,
202,양평,2024-08-09,27.8,24.1,33.5,,1,77.8,9.1,
202,양평,2024-08-10,27.7,24.1,33.2,1.9,1.2,81,7.3,
202,양평,2024-08-11,28.5,25.5,32.7,,1.2,74.3,7.2,
202,양평,2024-08-12,29.2,25,34.4,,1.1,75.9,11,
202,양평,2024-08-13,29.4,26,34.7,0,1.3,73.8,8.9,
202,양평,2024-08-14,29.3,25.1,33.8,0,1.3,73.8,11.4,
202,양평,2024-08-15,28.3,25.9,34.3,.5,1.4,76.6,7.2,
202,양평,2024-08-16,28.6,24.6,33.5,,1.2,72.6,9.5,
202,양평,2024-08-17,29.1,25.3,33.6,.1,1.3,71.1,11.2,
202,양평,2024-08-18,28.8,25.7,33.8,,1.4,73.3,8.3,
202,양평,2024-08-19,28.9,24.7,33.9,,1.2,71.3,11.8,
202,양평,2024-08-20,29.9,24.8,34.4,,1.2,72.5,7.8,
202,양평,2024-08-21,27,26,30,33.7,1.3,90.9,0,
202,양평,2024-08-22,27.8,25.7,30.6,2.1,1.4,82,2.1,
202,양평,2024-08-23,27.4,24.6,32.1,,1.2,77.6,5.9,
202,양평,2024-08-24,26.3,23.4,30.5,0,1,85.4,4.8,
202,양평,2024-08-25,27,24,31.5,,1.1,81,6.4,
202,양평,2024-08-26,26.7,23.9,30.5,,.8,83,.7,
202,양평,2024-08-27,25.3,22.5,28.8,.1,.9,84,2.4,
202,양평,2024-08-28,26.5,20.5,32.7,,1.2,68.9,11.2,
202,양평,2024-08-29,26.6,20.7,32.4,,1.6,67.4,11.4,
202,양평,2024-08-30,27.5,22.4,33.3,,1.3,66.5,11.7,
202,양평,2024-08-31,25.4,20.5,30.9,,1.1,75.9,11.7,
202,양평,2024-09-01,25.7,21.6,31.6,,1.2,71.8,8.1,
202,양평,2024-09-02,24.4,21.7,27.9,.3,1.1,77.9,.9,
202,양평,2024-09-03,25.6,21.5,30.3,,1.3,58.6,10.4,
202,양평,2024-09-04,24.8,19.6,30.5,,1.3,69.3,10.6,
202,양평,2024-09-05,24.5,22.1,29.3,9.1,.9,83.8,2,
202,양평,2024-09-06,22.7,20.9,23.9,11.7,1.1,87.8,0,
202,양평,2024-09-07,24.5,20.7,29.7,,.8,79.4,9,
202,양평,2024-09-08,25.2,20.9,31.2,,1,78.1,9.3,
202,양평,2024-09-09,26.7,23,32.2,,.9,78,9,
202,양평,2024-09-10,28,23.7,33.2,,1,74.8,10.8,
202,양평,2024-09-11,27.6,23.8,33.7,32.3,1,80.8,6.2,
202,양평,2024-09-12,24.4,23.4,25.1,66.2,.9,95.1,0,
202,양평,2024-09-13,25.5,23.3,28.6,2.6,.8,91.3,.1,
202,양평,2024-09-14,26.4,24.8,28.9,.4,1,90.1,2.9,
202,양평,2024-09-15,26.9,23.6,31,,1.6,75.3,4.8,
202,양평,2024-09-16,26.3,22.1,30.8,,1.1,72.9,6.9,
202,양평,2024-09-17,28.1,24.5,33.6,,1,80,6.2,
202,양평,2024-09-18,28,24.8,33.3,1.5,1.2,80,6.7,
202,양평,2024-09-19,26.8,23.7,31,,1,84.9,2.7,
202,양평,2024-09-20,24.3,18.1,27.9,36.5,1.4,90.3,.1,
202,양평,2024-09-21,19.3,17.4,22.1,38.8,2.1,81.8,0,
202,양평,2024-09-22,21.1,17.3,25.1,,1.7,65,4.6,
202,양평,2024-09-23,19.7,15.1,25.1,,1.6,62.1,11.1,
202,양평,2024-09-24,18.4,13.1,24.8,,1,71.1,10.6,
202,양평,2024-09-25,20.9,15.3,27,,.8,78.8,6.4,
202,양평,2024-09-26,22.3,19.6,27.4,,.8,81.5,5.6,
202,양평,2024-09-27,22.2,18.6,27.8,,1.2,75.8,6.5,
202,양평,2024-09-28,22.9,19.5,27.9,,1.5,61.3,6.7,
202,양평,2024-09-29,21.7,16.7,28.2,,1.3,68.4,7.6,
202,양평,2024-09-30,20.3,15.3,26.7,,.9,74.3,9.5,
203,이천,2024-05-20,19.4,13.2,25,0,1.1,77,2.9,
203,이천,2024-05-21,21.5,16.4,27.5,,1.1,71.3,7.8,
203,이천,2024-05-22,20.8,15.1,27.4,,1.1,74.6,8.4,
203,이천,2024-05-23,21.2,14,28.7,,1.4,66,10.6,
203,이천,2024-05-24,20.4,14.3,26.5,,1,76,4.7,
203,이천,2024-05-25,20.7,18.2,24.8,,1.2,59,1.3,
203,이천,2024-05-26,19.6,15.4,25.9,14.6,1.2,82.6,3.3,
203,이천,2024-05-27,18.4,14.3,23,,2,70.6,8.1,
203,이천,2024-05-28,18.7,11.7,25.6,,1.1,66.4,10,
203,이천,2024-05-29,19.7,11.3,28.1,,1,63.4,10.8,
203,이천,2024-05-30,19.2,13.9,24.8,,.6,69.4,1.1,
203,이천,2024-05-31,20.7,14.6,26.4,0,1.5,60.3,10.2,
203,이천,2024-06-01,20.7,16.6,26.6,0,1.7,64.9,6.5,
203,이천,2024-06-02,19.6,13,27.2,,1.3,65.5,8.2,
203,이천,2024-06-03,19.9,12.8,27.3,,.9,62.3,10.3,
203,이천,2024-06-04,21,11.4,28.7,,.9,50.4,11,
203,이천,2024-06-05,22.4,13.8,29.4,,.8,61.4,9.4,
203,이천,2024-06-06,23.1,16.7,30.3,,1.1,60.8,9.4,
203,이천,2024-06-07,22.4,15.4,28,.1,.8,65.1,6.4,
203,이천,2024-06-08,20.2,17.1,24.6,6.2,.7,88.9,1.4,
203,이천,2024-06-09,22.9,17.9,29.6,,.9,76.8,9.3,
203,이천,2024-06-10,24.3,17.1,32,,1.2,70.5,9.5,
203,이천,2024-06-11,25.4,20.1,31.8,,1.2,64.3,8.6,
203,이천,2024-06-12,24.9,16.4,33.3,,1.1,59.6,11,
203,이천,2024-06-13,25.5,16.9,34.3,,.8,59.3,11.2,
203,이천,2024-06-14,25.8,17.7,33.8,,1.1,60.8,10.8,
203,이천,2024-06-15,24,21,27.7,3.7,1.1,75.1,2.9,
203,이천,2024-06-16,24,19,30.5,,1.5,62.6,9.7,
203,이천,2024-06-17,23.3,14.1,31.4,,1,53.8,10.3,
203,이천,2024-06-18,24.8,14.6,34.2,,1.1,55.8,11.2,
203,이천,2024-06-19,27,17,36,,.9,58,11.1,
203,이천,2024-06-20,27.1,19,34.3,,1.2,53.4,9.3,
203,이천,2024-06-21,26.1,17.4,33.9,,.9,62,9.2,
203,이천,2024-06-22,22.5,21.2,25.5,91,.7,92.4,0,
203,이천,2024-06-23,24.6,21.5,29.7,4.8,1.1,86.6,4.2,
203,이천,2024-06-24,24.2,18.8,29.6,0,1.9,74.1,8,
203,이천,2024-06-25,22.3,17.7,27.8,,1.6,68.1,8.7,
203,이천,2024-06-26,23.6,15.9,30.5,,.8,69.4,10.9,
203,이천,2024-06-27,23.3,17.3,28.9,,.6,74,4.4,
203,이천,2024-06-28,24.8,16.9,31.7,,.8,68.6,10.9,
203,이천,2024-06-29,24.4,18,31.5,55.5,1.1,80.6,5.4,
203,이천,2024-06-30,24.5,22.2,26.8,13.7,2.4,87.8,1,
203,이천,2024-07-01,25,20.9,30.6,,.7,80.9,6.8,
203,이천,2024-07-02,22,21.4,23,79.1,.7,99.9,0,
203,이천,2024-07-03,24.6,22.5,27,6,1.5,87.9,.4,
203,이천,2024-07-04,26.7,22.6,31.3,4.5,1.8,78.9,4.6,
203,이천,2024-07-05,23.8,21.4,27.6,3.2,1.9,84.1,1.9,
203,이천,2024-07-06,25.7,20.7,31.3,19.6,1.9,89,.5,
203,이천,2024-07-07,22.9,21.1,24.4,3.4,.6,97.9,0,
203,이천,2024-07-08,23.8,22.6,25,48,1.1,98.9,0,
203,이천,2024-07-09,23.3,21.8,24.6,15.3,.9,99.5,0,
203,이천,2024-07-10,25.4,20.7,31.3,23.8,1.2,86.4,2.9,
203,이천,2024-07-11,25.5,22.7,30.4,.5,1.1,85.8,0,
203,이천,2024-07-12,24.8,21.5,29.5,,.6,87.9,1.7,
203,이천,2024-07-13,26.1,21.2,32.6,,.7,81.4,7.3,
203,이천,2024-07-14,26.2,22.3,30.9,,1.2,81,5.1,
203,이천,2024-07-15,27,21.9,30.9,,1,76.9,4.4,
203,이천,2024-07-16,25.6,23.6,30.3,34.3,1.2,88.8,2.7,
203,이천,2024-07-17,26.5,23,31.2,16.1,1.7,86.6,1.1,
203,이천,2024-07-18,24.6,22.6,27.8,180.9,1.7,97,0,
203,이천,2024-07-19,26.6,23.2,31.4,,1,86.4,5.3,
203,이천,2024-07-20,26.4,23.3,29.6,8.3,1.4,89.5,1.6,
203,이천,2024-07-21,27.5,24.5,31.5,1.7,2,81.9,4.3,
203,이천,2024-07-22,28.3,25.7,30.4,.9,1.9,83,.7,
203,이천,2024-07-23,26.1,24.3,28.9,48.4,1.9,94.4,.2,
203,이천,2024-07-24,27.1,23.2,32.1,34.9,1,91.8,4.2,
203,이천,2024-07-25,28,24.5,33.3,2.7,.8,88,3.7,
203,이천,2024-07-26,27.5,24,33.6,4.4,1,90.5,4.6,
203,이천,2024-07-27,28,25.7,32.9,14.4,1,90.6,.4,
203,이천,2024-07-28,28.7,25.1,32.5,,1.3,82,0,
203,이천,2024-07-29,27.4,24.5,29.8,0,1.5,86.6,.1,
203,이천,2024-07-30,27.9,26.2,31.1,,1.3,84.9,0,
203,이천,2024-07-31,28.7,25.4,33,,1,81.1,0,
203,이천,2024-08-01,29.5,26.3,33.5,,1.1,81.9,2,
203,이천,2024-08-02,29.9,27.3,33.7,.3,1.2,83,4,
203,이천,2024-08-03,30.1,26.6,34.9,,.9,81.3,.8,
203,이천,2024-08-04,30.1,25,35.6,,.6,78.5,0,
203,이천,2024-08-05,27.9,23.8,34.8,50.9,1,89.3,4.7,
203,이천,2024-08-06,27.2,22.9,32.6,,.5,88.8,.2,
203,이천,2024-08-07,26.8,24.6,32.2,17.4,.6,93.4,0,
203,이천,2024-08-08,26.8,24.1,30.3,11.1,.8,91.9,0,
203,이천,2024-08-09,27.9,24.2,33.3,,.5,84.9,0,
203,이천,2024-08-10,27.4,24,33.8,1.1,.6,88.9,4.4,
203,이천,2024-08-11,28.5,24.8,33.9,,.7,83.9,8.3,
203,이천,2024-08-12,29.4,24.6,34.7,,.5,83.3,9.3,
203,이천,2024-08-13,29.4,26.1,34.7,0,.7,82,8.5,
203,이천,2024-08-14,29.4,24.9,34.7,0,.6,79.6,10.2,
203,이천,2024-08-15,28,24.9,34.1,0,.7,82.8,6.1,
203,이천,2024-08-16,28.8,24,33.9,0,.8,78.5,10.2,
203,이천,2024-08-17,29.4,25,34.5,,.7,76,10.3,
203,이천,2024-08-18,28.9,25.4,35.1,,.9,79.5,7.6,
203,이천,2024-08-19,28.9,24.3,35.1,,.7,78,9.2,
203,이천,2024-08-20,29.2,24.4,34.2,1.1,.8,80.6,5.5,
203,이천,2024-08-21,27,25.7,30,40.2,1.3,97.9,.3,
203,이천,2024-08-22,27.7,25.5,31.6,14.9,1.8,89.4,2.4,
203,이천,2024-08-23,27,23.8,32,1.4,1.5,86.1,3.6,
203,이천,2024-08-24,26.9,23.5,32,0,.6,88.3,3.7,
203,이천,2024-08-25,27.2,24.1,32.5,,.5,87.3,5.2,
203,이천,2024-08-26,26.8,23.7,30.9,,.4,91.3,.2,
203,이천,2024-08-27,24.9,22.5,27.9,1,.5,94.6,1.2,
203,이천,2024-08-28,25.9,19.4,32.7,,.8,78.5,9.8,
203,이천,2024-08-29,26.6,20.3,32.9,,1.2,74.6,10.2,
203,이천,2024-08-30,27.2,21.1,34,,.9,73.5,9.4,
203,이천,2024-08-31,25.5,20.5,31.5,,.7,82.4,9,
203,이천,2024-09-01,25.7,20.7,32.1,,.8,78.3,6.5,
203,이천,2024-09-02,23.9,20.6,28.6,.5,.7,88.5,.6,
203,이천,2024-09-03,24.7,20,31.4,,.9,72.9,8.7,
203,이천,2024-09-04,25,18.6,31.9,,.7,77.1,10,
203,이천,2024-09-05,25.5,21.8,31.7,1.7,.9,86,1.7,
203,이천,2024-09-06,22.7,20.8,24.4,5.3,.7,96.1,0,
203,이천,2024-09-07,24.7,20.6,30.9,.3,.5,85.5,6.5,
203,이천,2024-09-08,25.4,20.4,32.3,,.5,82.9,8.1,
203,이천,2024-09-09,26.9,22.1,33,,.5,83.5,7.6,
203,이천,2024-09-10,27.7,23.3,34.2,,.6,83.5,8.2,
203,이천,2024-09-11,27.7,23.3,34.5,19,.9,83.8,5.6,
203,이천,2024-09-12,24.7,23.8,25.4,141.2,.6,100,0,
203,이천,2024-09-13,25.8,23.7,30,1.6,.6,95.8,.2,
203,이천,2024-09-14,26.6,24.9,29.7,7,.6,94.8,.8,
203,이천,2024-09-15,26.5,21.6,31.6,,1,84.8,5.4,
203,이천,2024-09-16,26.1,21,31.9,,.7,80.6,2.6,
203,이천,2024-09-17,28.4,24.6,33.6,,.5,84.4,7.1,
203,이천,2024-09-18,27.7,24,34,24.9,.8,88.5,4.6,
203,이천,2024-09-19,26.8,23.3,31.3,,.5,91.6,1.8,
203,이천,2024-09-20,24.3,17.1,27.4,30.9,1.2,98.4,0,
203,이천,2024-09-21,18.3,16.6,20.6,53.4,1.5,94.1,0,
203,이천,2024-09-22,20.5,16.4,26.3,,1.2,75.6,3.1,
203,이천,2024-09-23,19.1,13.8,25.7,,1,72.4,9.2,
203,이천,2024-09-24,18.4,12.3,26.1,,.6,77.1,9.3,
203,이천,2024-09-25,21.3,14.9,28.4,,.5,82.4,6.5,
203,이천,2024-09-26,22.7,19.1,28.9,0,.6,85.8,3.3,
203,이천,2024-09-27,22.3,19.1,28.2,,.8,80.3,5.8,
203,이천,2024-09-28,22.2,18.4,28,,1.1,71,5.2,
203,이천,2024-09-29,21.4,15.5,28.6,,.8,75.6,7,
203,이천,2024-09-30,20.1,14.2,27.3,,.6,76.5,8.7,
211,인제,2024-05-20,16.4,13.8,21,.6,.9,82.1,.1,
211,인제,2024-05-21,18.2,13,27.9,,1.5,63.8,7.9,
211,인제,2024-05-22,18.8,10.2,27.1,,1.5,68.9,11.1,
211,인제,2024-05-23,20.3,11.8,28,,1.5,62.8,11.6,
211,인제,2024-05-24,16.8,12.4,20,,1.1,76.3,1.1,
211,인제,2024-05-25,16.8,11.1,23.7,,.9,73.9,1.7,
211,인제,2024-05-26,19.3,13.6,25.1,5.8,2,76.8,3.6,
211,인제,2024-05-27,17.2,12,21.8,0,2.5,61.3,3.5,
211,인제,2024-05-28,16.2,9.6,23.5,,1.8,62.4,9.2,
211,인제,2024-05-29,17.8,8,26.7,,1.2,64.5,11,
211,인제,2024-05-30,17.7,12.2,24.2,,.5,67.6,.9,
211,인제,2024-05-31,20.3,13.6,26.6,0,1.6,55.4,8.1,
211,인제,2024-06-01,17.1,13.5,22.6,1.8,1.3,73.3,2.4,
211,인제,2024-06-02,16.1,11.8,22.8,0,1.2,74.8,3.4,
211,인제,2024-06-03,17.1,10.8,25.2,,1.9,62.4,10.4,
211,인제,2024-06-04,18.6,8.9,28.4,,1.1,63.8,10.8,
211,인제,2024-06-05,20.9,12.4,30.3,,1.2,67,9.3,
211,인제,2024-06-06,20.9,14.9,29.6,,1,65.5,7.8,
211,인제,2024-06-07,20.9,13.3,27.7,,.8,65.9,7.7,
211,인제,2024-06-08,19.1,17.8,21.7,18.3,.9,90.4,.1,
211,인제,2024-06-09,22,16.7,28.4,,1,70.6,9.9,
211,인제,2024-06-10,23,15.7,29.1,,1.2,73.3,8.9,
211,인제,2024-06-11,24.5,19.1,30.8,,1.4,69.9,9.6,
211,인제,2024-06-12,23.7,16.6,31.1,,1.2,65.6,8.6,
211,인제,2024-06-13,24.3,16.7,32.6,,1.1,62.4,11.8,
211,인제,2024-06-14,25.1,16.4,32.5,,1,60.1,10.4,
211,인제,2024-06-15,21.6,18.8,26.6,15.1,1.1,83.5,3.5,
211,인제,2024-06-16,22.2,17.3,28.9,,1.2,67.1,9.9,
211,인제,2024-06-17,22.1,14.1,29.8,,1.6,62,11,
211,인제,2024-06-18,23.6,13.8,32.2,,1.2,64.1,11.8,
211,인제,2024-06-19,25.9,17,34.8,,1,62.4,11.8,
211,인제,2024-06-20,23.3,17.6,35.1,.9,.9,76.6,7.8,
211,인제,2024-06-21,25.9,17.8,35.6,,1.1,64.3,10.2,
211,인제,2024-06-22,22.5,21.3,25.4,12.6,.9,85,0,
211,인제,2024-06-23,23,19.1,28.7,11,1.1,82.9,2.1,
211,인제,2024-06-24,23.2,18.3,28.4,,1.5,71.3,6.8,
211,인제,2024-06-25,21.5,18,25.3,,2,66,5.5,
211,인제,2024-06-26,22.4,15.2,30,,.9,68.9,10.5,
211,인제,2024-06-27,23.3,16,31.4,,1,67.6,8.9,
211,인제,2024-06-28,23.8,16.2,32.4,,.9,64.1,10.3,
211,인제,2024-06-29,24.6,16.6,33.3,24,.9,71.8,9,
211,인제,2024-06-30,23,21.5,25.2,75.3,2,90.1,0,
211,인제,2024-07-01,24.8,21.3,30.1,,1.2,78.6,5.9,
211,인제,2024-07-02,21.4,20.5,22.9,33,1.2,90.8,0,
211,인제,2024-07-03,23.7,20.3,25.5,10.1,2.7,80.3,0,
211,인제,2024-07-04,25.4,22,28.6,9.2,2.4,75.9,3.9,
211,인제,2024-07-05,24.1,21.1,27.7,13.6,3.6,76.8,1.8,
211,인제,2024-07-06,23.7,19.8,28.2,5.9,1.6,87.5,0,
211,인제,2024-07-07,24.3,22.3,26.7,5.3,2.6,78.8,2.5,
211,인제,2024-07-08,23.3,21.8,25.5,34.9,.8,94,0,
211,인제,2024-07-09,24.3,21.9,28,.4,1.2,87,.6,
211,인제,2024-07-10,24.4,20.5,29.2,2.2,1.6,81.6,7.3,
211,인제,2024-07-11,24.8,19.7,31.6,,1.1,77.3,8.8,
211,인제,2024-07-12,25.7,21.7,31,,.9,80.5,7.8,
211,인제,2024-07-13,25.2,21.1,32.5,,1.5,75.8,8.3,
211,인제,2024-07-14,23.8,18.7,29.4,,1.8,75.5,5.2,
211,인제,2024-07-15,24.2,20.1,29,,1.8,78.3,4.5,
211,인제,2024-07-16,25.6,21.8,31.6,6.5,1.1,81.8,4.2,
211,인제,2024-07-17,24.1,22.6,26.5,66.1,1.2,92.4,0,
211,인제,2024-07-18,23.9,23.1,26.2,72.4,1.8,92.9,0,
211,인제,2024-07-19,25.6,21.5,30.9,,1.1,82,7.7,
211,인제,2024-07-20,25.7,21.9,28.8,2.2,1.7,82.1,.8,
211,인제,2024-07-21,25.5,22.5,29.4,10.3,3.2,81.4,1.5,
211,인제,2024-07-22,26.6,23.9,28.9,3,1.8,83.6,.3,
211,인제,2024-07-23,26.3,23.8,29.3,10.2,2.7,82,0,
211,인제,2024-07-24,26.7,23.1,30.8,1,1.4,82.6,4,
211,인제,2024-07-25,28,25,32.1,2.1,1.2,81.1,5,
211,인제,2024-07-26,27.8,24.1,33.8,20.3,.7,83.3,6.3,
211,인제,2024-07-27,27.3,25,31.5,12.5,.9,88,1.4,
211,인제,2024-07-28,28.2,24.9,31.2,0,2.7,76.9,3.4,
211,인제,2024-07-29,27,25.6,27.6,.1,3.9,81.6,0,
211,인제,2024-07-30,26.7,24.7,29.5,.3,2.2,85.6,.2,
211,인제,2024-07-31,28.1,24.4,32.5,0,1.6,77.6,8.8,
211,인제,2024-08-01,28.6,25.9,32.4,,1.6,78.8,2.7,
211,인제,2024-08-02,28.2,26.1,31.9,.5,1.3,84.5,2.7,
211,인제,2024-08-03,28.5,24.8,34.1,,1,78.5,6.3,
211,인제,2024-08-04,28.7,24.1,35.5,,1.3,76.5,9.9,
211,인제,2024-08-05,27.7,22.8,34.5,16.2,1.2,82.5,4.7,
211,인제,2024-08-06,25.8,22.3,30.8,0,.9,86.3,3.7,
211,인제,2024-08-07,26.7,24.4,32.5,.3,.9,84.9,3.6,
211,인제,2024-08-08,26.6,24.3,30.8,.4,.8,85.1,1.2,
211,인제,2024-08-09,27.9,24.3,34.5,,.8,78,8.6,
211,인제,2024-08-10,28.1,24.3,35,,1.1,76.1,7.6,
211,인제,2024-08-11,27.7,24.1,33.9,,1,79.3,4.7,
211,인제,2024-08-12,28.2,24.1,35.8,,1.4,75.6,9.7,
211,인제,2024-08-13,28.3,23.1,35.7,,1.2,73,9.9,
211,인제,2024-08-14,28,23.1,35.5,,1.5,72.1,10.8,
211,인제,2024-08-15,27.2,22.2,34.6,,1.4,72.5,9.6,
211,인제,2024-08-16,26.4,20.8,33.6,0,1.4,74.9,7,
211,인제,2024-08-17,27.6,22,35.9,,1,71.3,10.3,
211,인제,2024-08-18,27.3,22.9,36.2,9.6,.6,78.3,7.9,
211,인제,2024-08-19,27.8,23.7,35.5,0,1.3,80.6,7.5,
211,인제,2024-08-20,28.4,23.3,34.8,,1.5,76,8,
211,인제,2024-08-21,25.8,25,27.5,28.4,1,94.8,0,
211,인제,2024-08-22,27.6,25.1,31.7,5.3,2.3,83.1,1,
211,인제,2024-08-23,27.2,25,31.7,0,2.4,76.8,6.5,
211,인제,2024-08-24,26.4,23.6,32.1,,.9,80.1,5.6,
211,인제,2024-08-25,26.8,22.5,32.9,,1,79.1,8.2,
211,인제,2024-08-26,26.2,23.5,30.3,0,1,82.1,.6,
211,인제,2024-08-27,23.9,21,28.2,.4,1,83.4,.9,
211,인제,2024-08-28,24.7,19.4,31.4,,1.5,75.5,8.2,
211,인제,2024-08-29,24,19.2,29.2,,2.4,77.6,.9,
211,인제,2024-08-30,25.9,20.5,33,,1.4,72.5,9.1,
211,인제,2024-08-31,24,19.4,32,,1,76,7.4,
211,인제,2024-09-01,24,18.9,30.7,,1.1,74.8,9.4,
211,인제,2024-09-02,22.2,20.5,25.1,.5,1.4,82.1,0,
211,인제,2024-09-03,22.8,17.7,30,,1.6,67.8,9.6,
211,인제,2024-09-04,23.1,16.3,31.7,,1.2,73.4,10.1,
211,인제,2024-09-05,23.9,19.7,28.7,,1.4,82.1,.5,
211,인제,2024-09-06,21.6,20,23.7,1.7,1.1,79.5,0,
211,인제,2024-09-07,22.1,19,29.5,0,.8,82.8,.2,
211,인제,2024-09-08,24.5,19.1,32.6,,1.1,76.6,,
211,인제,2024-09-09,26,21.4,32.7,,1,77.5,,
211,인제,2024-09-10,26.5,21.8,33.7,,1,78.3,,
211,인제,2024-09-11,26.2,21.9,34.1,0,1.7,76.8,,
211,인제,2024-09-12,22.2,21.4,23.8,16.3,1.1,91.5,,
211,인제,2024-09-13,23.8,21.3,28.5,14.9,.4,93.4,,
211,인제,2024-09-14,23.7,21.1,28.9,51.5,1.1,87.1,,
211,인제,2024-09-15,22.1,20.2,26.1,.2,2.2,80.9,,
211,인제,2024-09-16,22.4,19.7,27,3.1,1.3,84.1,,
211,인제,2024-09-17,25.6,21.7,30.8,0,.5,87.4,,
211,인제,2024-09-18,25.6,23.4,30.5,27.7,.7,88.1,,
211,인제,2024-09-19,26,22.8,31.6,.8,.5,89,,
211,인제,2024-09-20,22.3,15.8,27.9,55.5,1.7,92.1,.2,
211,인제,2024-09-21,17.5,15.6,20,44.6,2.9,85.3,.1,
211,인제,2024-09-22,18,15.1,22.5,,2.9,76.4,2.8,
211,인제,2024-09-23,16.7,12.2,23,,1.4,72.6,9.1,
211,인제,2024-09-24,16.4,11.3,25.5,,1.1,79.8,8,
211,인제,2024-09-25,18.8,13.6,26.4,,.9,82.4,3.9,
211,인제,2024-09-26,20.5,17.4,26.5,10.2,.7,86.8,4.7,
211,인제,2024-09-27,20.4,17.8,26.6,0,2,79.5,6,
211,인제,2024-09-28,19.3,15.3,25.3,,1.9,72.6,7.5,
211,인제,2024-09-29,18.4,13.7,26.1,,1.2,78.3,6.4,
211,인제,2024-09-30,18.6,13.8,26.3,,1,80.4,8,
212,홍천,2024-05-20,17.1,12.6,22.7,0,.5,78.3,.5,
212,홍천,2024-05-21,20.5,14.5,28,,1.2,60.8,11.1,
212,홍천,2024-05-22,19.6,12.3,27.6,,1.2,66.9,12.1,
212,홍천,2024-05-23,20.8,13.5,28.9,,1,63.5,12.6,
212,홍천,2024-05-24,19.2,14.7,24.7,,1.1,70,2.1,
212,홍천,2024-05-25,18.6,14.7,24,0,1.1,65.6,2,
212,홍천,2024-05-26,19.2,14.9,25.2,7.4,1.2,77.3,4.8,
212,홍천,2024-05-27,17.7,13.5,22.9,,2.3,61.6,8.7,
212,홍천,2024-05-28,17.4,10.7,24.5,,1.4,60.5,11.6,
212,홍천,2024-05-29,18.6,9.2,27.8,,1,60.5,12.2,
212,홍천,2024-05-30,18.1,12.3,23.9,,.6,67,1.2,
212,홍천,2024-05-31,19.9,13.5,26.9,0,1.3,60.9,9.7,
212,홍천,2024-06-01,19.7,16,26.1,0,1.5,63.3,6.7,
212,홍천,2024-06-02,18.5,11.8,25.3,0,.9,63.5,6.3,
212,홍천,2024-06-03,18.9,11.4,27.6,,1.5,53.5,12.2,
212,홍천,2024-06-04,19.6,9.3,28.7,,.9,55.8,12.6,
212,홍천,2024-06-05,22,13.1,30.2,,.9,59.5,10.1,
212,홍천,2024-06-06,20.8,15.6,30.4,14.4,1,71.3,8.1,
212,홍천,2024-06-07,20.8,13.8,27.9,1.1,.9,70.9,7.6,
212,홍천,2024-06-08,19,17.5,22.7,17.2,.4,91.1,.9,
212,홍천,2024-06-09,22.2,17.8,28.4,,1,74.4,10,
212,홍천,2024-06-10,23.2,16.5,29.4,,1.1,71.1,9,
212,홍천,2024-06-11,24.3,18.9,30.7,,1.1,67.4,9.3,
212,홍천,2024-06-12,24.3,16.1,32,,1.1,62.5,10.9,
212,홍천,2024-06-13,24.9,17.8,32.9,,1,61.3,12.8,
212,홍천,2024-06-14,25.4,17.2,33.4,,1.2,57.9,11.6,
212,홍천,2024-06-15,22.4,19.3,26.8,8.2,1,80.4,2.9,
212,홍천,2024-06-16,23.4,17.8,29.4,,1.4,62.8,11.5,
212,홍천,2024-06-17,22.3,14.8,29.8,,1.2,59.1,11.8,
212,홍천,2024-06-18,24,14.3,32.6,,1.1,58.9,13,
212,홍천,2024-06-19,26.2,17.3,35.5,,1,55.8,13,
212,홍천,2024-06-20,26,18.7,35.1,,1.1,58,10.1,
212,홍천,2024-06-21,25.8,17.9,33.7,,1.1,61.5,10.5,
212,홍천,2024-06-22,22.5,21.1,24.4,16.7,.7,87.1,0,
212,홍천,2024-06-23,23.8,20.4,29.8,13.1,1,82.3,4.2,
212,홍천,2024-06-24,24.3,20.2,29.8,1,1.6,68.6,9.9,
212,홍천,2024-06-25,21.5,16.3,26.1,,1.3,64.8,6.9,
212,홍천,2024-06-26,22.9,15.5,30.2,,.9,65.6,12.7,
212,홍천,2024-06-27,23.4,16.9,30.1,,.8,70.6,9.6,
212,홍천,2024-06-28,24.3,17.2,32.4,,.9,64.9,11.4,
212,홍천,2024-06-29,24.7,17.8,32.4,31.1,1,72.3,8.1,
212,홍천,2024-06-30,23.6,21.9,25.7,33.1,1.4,87,1,
212,홍천,2024-07-01,25.1,21.6,30.2,,.9,76.9,7.2,
212,홍천,2024-07-02,21.8,20.9,23.8,62.5,1.2,91.1,0,
212,홍천,2024-07-03,24.1,21.2,26.8,8,1.1,82.9,.3,
212,홍천,2024-07-04,25.7,21,30.4,6.1,1.2,76,4.2,
212,홍천,2024-07-05,24.2,20.9,27.2,6.2,1.9,76.9,2.9,
212,홍천,2024-07-06,24.6,20.2,30.1,6.1,1.4,85.4,.4,
212,홍천,2024-07-07,23.3,20.2,26.8,11.2,.7,88,.1,
212,홍천,2024-07-08,23.3,22.5,25.3,19.1,.4,96,0,
212,홍천,2024-07-09,23.8,21.8,27,,.6,87.6,.1,
212,홍천,2024-07-10,25.1,21,31.8,16.3,.9,80.9,7.8,
212,홍천,2024-07-11,25.1,20.7,31.2,,1.2,79,8.2,
212,홍천,2024-07-12,25.5,22.1,30.7,,.9,81.3,7.2,
212,홍천,2024-07-13,26.5,21.7,33.5,,1.1,71.8,10.3,
212,홍천,2024-07-14,25.7,20.9,31.6,,1.4,68.3,5.3,
212,홍천,2024-07-15,25.9,21.1,31.5,0,1.2,73,5.8,
212,홍천,2024-07-16,25.7,22.3,31.5,14.7,1,80.6,5.6,
212,홍천,2024-07-17,24.2,22.5,29.1,59.2,.7,92.4,.6,
212,홍천,2024-07-18,23.7,22.4,26.6,86.4,.9,94.4,0,
212,홍천,2024-07-19,26.1,22,31.5,,.8,80.4,9.1,
212,홍천,2024-07-20,25.5,22.5,30.3,17.3,.8,84.8,1.5,
212,홍천,2024-07-21,26.1,22.6,30.9,1.8,1.8,80.5,2.5,
212,홍천,2024-07-22,26.8,24.4,29.1,11,1,85.4,.2,
212,홍천,2024-07-23,25.5,22.8,28.6,42.6,1.2,90,.3,
212,홍천,2024-07-24,26.3,22.4,31.3,19.8,.9,85.8,4.8,
212,홍천,2024-07-25,28.1,24.5,32.9,4.9,.9,80.9,6.2,
212,홍천,2024-07-26,27.8,23.9,34.2,27.3,.9,81.6,5.8,
212,홍천,2024-07-27,27.7,25.1,32.7,2.7,.8,85.1,3,
212,홍천,2024-07-28,28.2,24.8,32.5,,1.1,78.6,4,
212,홍천,2024-07-29,27,25.5,29.1,,1.5,82.3,.1,
212,홍천,2024-07-30,27.3,25.7,31.4,,1.1,82.6,1.8,
212,홍천,2024-07-31,28.2,24,33,,.8,76.8,5.8,
212,홍천,2024-08-01,28.7,25.2,33.2,,.9,79,3.7,
212,홍천,2024-08-02,28.4,26,32.7,0,.7,83.1,2.1,
212,홍천,2024-08-03,29.4,25.5,34.7,,1,75.9,9.4,
212,홍천,2024-08-04,29.7,24.7,35.6,,1.1,74,9.7,
212,홍천,2024-08-05,29,23.7,35,29.3,1.4,76.6,8.5,
212,홍천,2024-08-06,26.3,23.6,31.4,0,.9,83.8,4,
212,홍천,2024-08-07,27.6,23.9,32.6,0,1,80.6,4.6,
212,홍천,2024-08-08,26.9,24.5,30.3,,.8,82.9,1.9,
212,홍천,2024-08-09,28.4,24.4,34.2,,.9,74.5,10.1,
212,홍천,2024-08-10,28.2,23.5,34.5,,.9,76.9,7.3,
212,홍천,2024-08-11,28.1,24.5,33.8,,.9,77.9,5.9,
212,홍천,2024-08-12,28.9,24.3,34.8,,1,75.6,10.2,
212,홍천,2024-08-13,28.4,24,35,21.9,1.2,77.1,10.1,
212,홍천,2024-08-14,28.5,23.9,35.6,,.8,73.6,10.2,
212,홍천,2024-08-15,27.4,23.8,33.8,0,1.2,74.8,8.1,
212,홍천,2024-08-16,27.9,23.2,34.5,0,1.2,70.3,10,
212,홍천,2024-08-17,28.6,23.4,34.8,,1.1,71.1,10.9,
212,홍천,2024-08-18,28.3,24.6,34.5,,1.3,74.1,8.4,
212,홍천,2024-08-19,28.7,24.5,35.3,,1.1,74.8,9.6,
212,홍천,2024-08-20,29.1,24.5,35.6,0,1,74.1,6.9,
212,홍천,2024-08-21,26.6,25,29.9,41.6,1,90.1,.2,
212,홍천,2024-08-22,27.6,25.2,31.7,13.4,1.2,83.8,1.3,
212,홍천,2024-08-23,27.1,23.8,32.2,.2,1.2,77.9,6.6,
212,홍천,2024-08-24,26.5,23.2,31.6,,.8,82.5,5.2,
212,홍천,2024-08-25,27,23.4,32.5,,.9,79,7.9,
212,홍천,2024-08-26,26.4,23.7,30.4,0,.8,83.1,.5,
212,홍천,2024-08-27,24.7,21.4,28.5,.5,.7,83.3,2.3,
212,홍천,2024-08-28,25.5,19.4,33,,1,71,9.2,
212,홍천,2024-08-29,25.2,19,32,,1.5,72.9,10.4,
212,홍천,2024-08-30,25.9,20.3,32.9,,1,72.6,11.8,
212,홍천,2024-08-31,24.8,19.5,32,,.9,73.8,9.2,
212,홍천,2024-09-01,24.9,20.1,31.4,,.9,72.9,9.1,
212,홍천,2024-09-02,23.2,20.8,26.9,0,.9,79.5,.2,
212,홍천,2024-09-03,24.2,18.7,30.8,,1,63.6,9,
212,홍천,2024-09-04,24.5,18.5,31.9,,1,69,11.5,
212,홍천,2024-09-05,23.9,20.6,29.4,.5,.7,84,.9,
212,홍천,2024-09-06,22.3,20.7,23.6,10.1,.9,83,0,
212,홍천,2024-09-07,23.5,19.5,29.7,.4,.7,79.9,6.5,
212,홍천,2024-09-08,25.2,19.6,31.4,,.9,76.3,8.6,
212,홍천,2024-09-09,26.5,22.5,31.9,,.7,77.9,5.2,
212,홍천,2024-09-10,27.1,22.5,33.9,,.8,78.3,9.8,
212,홍천,2024-09-11,27.3,22.7,34.8,15.6,1.1,77,6.3,
212,홍천,2024-09-12,22.6,22.1,23.4,32.4,1,94.3,0,
212,홍천,2024-09-13,24.4,21.8,30.1,3.1,.5,90.5,.8,
212,홍천,2024-09-14,26,23.3,29.7,0,.6,87,3.3,
212,홍천,2024-09-15,24.6,21.1,29.6,,1.9,73.5,5.5,
212,홍천,2024-09-16,24.4,19.3,30.1,,.8,79.5,5,
212,홍천,2024-09-17,26.9,23,32.3,,.7,81.9,3.9,
212,홍천,2024-09-18,26.9,24.1,32,10.9,.6,85.6,2.6,
212,홍천,2024-09-19,26.5,23.4,31.1,,.5,86.3,.8,
212,홍천,2024-09-20,23.4,16.4,27.4,43.9,1.2,92.5,.2,
212,홍천,2024-09-21,17.8,16.2,20.6,54,.9,89.1,0,
212,홍천,2024-09-22,18.8,15.6,24.6,,1.1,76.9,3.2,
212,홍천,2024-09-23,17.9,11.9,24.8,,1.2,69.6,10,
212,홍천,2024-09-24,17.3,11.5,25.4,,.9,74.6,9,
212,홍천,2024-09-25,19.4,13.2,26.4,,.5,81.8,3.5,
212,홍천,2024-09-26,21.6,18.5,27.5,.5,.6,83.1,5,
212,홍천,2024-09-27,21.3,18.7,27,,1,76.9,3.6,
212,홍천,2024-09-28,21,16.7,26.9,,1.2,66.4,7.1,
212,홍천,2024-09-29,19.9,14,28.1,,.9,74.4,7.5,
212,홍천,2024-09-30,18.9,13.6,26.4,,.9,77.1,8.4,
216,태백,2024-05-20,16.1,10.6,24.4,,1.2,63.6,3.6,15.81
216,태백,2024-05-21,13.2,8.6,20.2,,1.4,84.1,4.4,17.32
216,태백,2024-05-22,18,5.7,27.8,,1.1,54,11.8,28.07
216,태백,2024-05-23,21.3,14.3,28.7,,1.5,41,11.7,29.43
216,태백,2024-05-24,13,11.9,15.8,,1.4,80.3,0,5.87
216,태백,2024-05-25,14.7,9.5,21.6,,1.5,54.4,5.5,20.95
216,태백,2024-05-26,17.3,9.2,24.8,13.9,1.9,68.9,6.2,20.89
216,태백,2024-05-27,15.9,11.4,20.8,0,2,58.3,10.2,25.97
216,태백,2024-05-28,10.4,5.2,16.5,1.8,1.6,82.3,3.9,11.82
216,태백,2024-05-29,16.1,4.5,25.8,,.9,58.8,12,28.99
216,태백,2024-05-30,17.1,10.7,27.1,,1,63.5,3.1,16.73
216,태백,2024-05-31,18.8,12.9,26.8,,1.2,58,11.7,30.16
216,태백,2024-06-01,14.4,11.2,22,0,1.7,75.9,4.5,15.93
216,태백,2024-06-02,13.3,8,18.9,,1.8,80,4.1,13.62
216,태백,2024-06-03,13.5,7.4,20.3,,2.3,73.8,10.9,29.24
216,태백,2024-06-04,14.4,5.6,23.8,,1.3,61.1,11.8,31
216,태백,2024-06-05,17.6,7.3,27.9,,.9,59.5,9.4,26.06
216,태백,2024-06-06,18.5,10.2,27.9,,.9,57.3,9.1,23.84
216,태백,2024-06-07,18.5,8.6,27.1,,1,57.9,8.5,20.81
216,태백,2024-06-08,17.4,14.5,19.6,.8,1.5,78.3,0,6.87
216,태백,2024-06-09,20.6,13.1,29.1,,1,64.8,10.8,28.51
216,태백,2024-06-10,22.4,13.3,29.1,,1.4,56.3,11.6,27.27
216,태백,2024-06-11,24.1,16.8,32.7,,1.1,55.3,12.6,29.35
216,태백,2024-06-12,23.2,14.8,31.9,,1.1,48.6,12.7,30.13
216,태백,2024-06-13,22.2,14.2,32.5,,.9,59,8.1,22.64
216,태백,2024-06-14,23.2,14.2,31.8,,1,56.8,11.3,26.93
216,태백,2024-06-15,19.9,17.4,27.6,4,.8,81,1.8,11.75
216,태백,2024-06-16,20.3,14.2,26.6,2.6,1.2,62,11.6,30.22
216,태백,2024-06-17,21.6,14.6,28.3,,1.3,47.9,9.3,24.85
216,태백,2024-06-18,24.2,13.7,32.3,,1.2,46.6,12.6,29.96
216,태백,2024-06-19,24.4,15.9,33.7,,1,55,10.5,24.75
216,태백,2024-06-20,22.8,14.6,31.5,,1.1,56.4,8.9,23.01
216,태백,2024-06-21,21.7,12.4,30.3,,1.1,61.8,10.5,25.87
216,태백,2024-06-22,19.4,16.5,22.1,47.5,.5,88.8,0,4.08
216,태백,2024-06-23,21.3,18.4,26.2,10.1,.6,83.1,2.4,12.04
216,태백,2024-06-24,22.6,17.6,28.4,2.9,1.6,61.3,9.2,25.33
216,태백,2024-06-25,18.9,15.6,22.8,,1.4,59,4.9,16.6
216,태백,2024-06-26,19.6,12.1,26.8,,1,69.3,,
216,태백,2024-06-27,20,12.3,27.4,,1,70.3,4.6,18.09
216,태백,2024-06-28,20.4,11,30.3,,1.3,67.5,9,25.55
216,태백,2024-06-29,22.3,13.6,29.7,21.4,1.7,72,7.2,23.74
216,태백,2024-06-30,22.6,20.6,26.5,23.8,2.1,80.1,1.6,10.66
216,태백,2024-07-01,22.9,16.3,31.4,,1.3,72.5,6.6,22.21
216,태백,2024-07-02,19.3,18.2,20.4,48.3,.8,93.4,0,.52
216,태백,2024-07-03,23.7,20.4,28.1,12.2,2.5,74.5,4.7,20.04
216,태백,2024-07-04,25,21.3,30,,2.5,64.5,7.1,23.57
216,태백,2024-07-05,23.7,21.5,27.9,16.9,2.5,68.5,7.2,23.11
216,태백,2024-07-06,25.5,20.5,29.1,5.5,2.7,71.5,1.9,15.24
216,태백,2024-07-07,22.2,20,25.9,26.2,1.9,87.3,0,5.73
216,태백,2024-07-08,21.8,19.9,24,67.9,1.7,88.3,0,5.9
216,태백,2024-07-09,21,18.6,24.1,4.2,1.1,89.5,0,6.09
216,태백,2024-07-10,21.1,17.7,25.8,31.3,1.8,86.6,2.1,14.92
216,태백,2024-07-11,22.6,17.8,30.7,2.4,1,79.1,6.8,23.02
216,태백,2024-07-12,22.3,17.5,30,7.7,1.1,83,7.6,20.49
216,태백,2024-07-13,21.8,16.7,29.4,,1.4,77.5,10.2,24.64
216,태백,2024-07-14,19.8,17.8,21.9,.2,1.1,90.6,0,6.47
216,태백,2024-07-15,20.8,18.6,25,,1.5,90.1,.5,11.8
216,태백,2024-07-16,23.3,20,28.1,6.9,1.2,81.1,1.7,14.52
216,태백,2024-07-17,23.7,20.3,27,6.4,1.9,76.3,0,9.82
216,태백,2024-07-18,23.6,22.1,25,45.7,2.3,80.5,0,4.52
216,태백,2024-07-19,24.5,19.3,29.7,,1.3,72,7.5,21.31
216,태백,2024-07-20,24.4,18.2,29.8,0,2.1,74,5.1,14.25
216,태백,2024-07-21,25,22,28,10.7,3,69.8,4.1,15.19
216,태백,2024-07-22,26.8,24.5,30.9,,2.6,67.8,5.3,18.85
216,태백,2024-07-23,24.9,23.1,27.2,4.2,2.8,74.1,.5,8.88
216,태백,2024-07-24,25.3,20.7,29,6,1.6,76.5,2.8,12.5
216,태백,2024-07-25,27,24,31.7,0,1.5,70.6,4.8,19.02
216,태백,2024-07-26,26.8,22.4,31.6,0,1.9,70.4,7.9,20.71
216,태백,2024-07-27,26.3,23.7,30.5,.9,1.8,76.1,2.6,13.04
216,태백,2024-07-28,27.4,23.9,32.4,,1.9,68.1,10,25.04
216,태백,2024-07-29,26.4,24.4,29.3,,2.3,69.8,2.2,12.28
216,태백,2024-07-30,25.9,24,30.8,,1.6,75,3.5,13.26
216,태백,2024-07-31,26.7,21.2,33.3,,1.5,69.1,11.6,27.78
216,태백,2024-08-01,27.6,23.1,32.4,,1.4,67.9,9.9,26.43
216,태백,2024-08-02,28.5,23.7,33.8,,1.3,69.5,8.1,22.11
216,태백,2024-08-03,27.7,22.9,33.3,,1.4,70.1,10,24.61
216,태백,2024-08-04,25.2,20.8,31.7,0,1.5,82.1,4.8,15.86
216,태백,2024-08-05,25.5,21.6,31.3,12.1,1.1,82.3,4.8,14.83
216,태백,2024-08-06,23.2,19.7,32,8,.9,89.4,4.4,14.65
216,태백,2024-08-07,24.7,18.4,32.1,,.9,78.9,7.5,19.43
216,태백,2024-08-08,24.3,20.4,30.3,,1,79.1,3.3,15.07
216,태백,2024-08-09,24.7,18.3,32.1,,1.3,78.8,7.7,21.22
216,태백,2024-08-10,25.6,20,31.4,0,1.3,77.6,5.9,18.2
216,태백,2024-08-11,25.1,19.3,32.7,2.8,1.1,79.6,5.9,18.24
216,태백,2024-08-12,25.3,19.7,31.4,,1.7,78.4,8.6,23.92
216,태백,2024-08-13,23.9,15.8,31.9,,1.4,68.5,10.3,24.71
216,태백,2024-08-14,24,18,31.2,,1.6,75.5,8.3,20.6
216,태백,2024-08-15,24.3,19.2,31.1,,1.6,75,7.9,23.32
216,태백,2024-08-16,22.8,18.7,29.3,.5,1.4,81.9,2.1,13.41
216,태백,2024-08-17,23.6,17.8,29.9,,1.5,79.3,4.7,16.82
216,태백,2024-08-18,24.9,18,33.2,,1.1,73,9.4,22.76
216,태백,2024-08-19,26,18.7,33.5,,1.3,70.6,9.5,24.49
216,태백,2024-08-20,25.2,21.8,29.9,10.8,1.1,85.5,2,10.3
216,태백,2024-08-21,25.7,23,28.1,3.1,2,79.8,.1,8.59
216,태백,2024-08-22,25.8,23.3,30.6,4,2.2,78.3,4.8,15.52
216,태백,2024-08-23,25.2,22.1,29.5,,1.6,68.5,4.6,15.87
216,태백,2024-08-24,25.5,20.2,32.2,,1.2,71.9,8.2,19.85
216,태백,2024-08-25,24.4,19.9,31,9.9,1.4,82.3,5.9,17.04
216,태백,2024-08-26,23.3,21.2,28.4,10.5,1.1,89.9,.7,10.06
216,태백,2024-08-27,20.1,16.8,22.3,16.4,1,93.8,0,2.91
216,태백,2024-08-28,20,15.5,24.3,.5,1.2,89.8,1,8.43
216,태백,2024-08-29,21.2,19.5,22.1,62.8,2.4,93.4,0,5.4
216,태백,2024-08-30,22.1,19,26.2,2.7,2.5,89.3,2.9,12.62
216,태백,2024-08-31,21.3,16.3,26.8,,1.8,81.5,8,21.22
216,태백,2024-09-01,22,16.5,28.9,,1.1,74.9,8.5,20.56
216,태백,2024-09-02,20.1,16,24.9,6.4,1.9,85.9,.6,9.66
216,태백,2024-09-03,19.3,15,24.6,.2,2,78.6,5.9,19.23
216,태백,2024-09-04,19.9,11.4,29.3,,.9,74.9,8.9,23.18
216,태백,2024-09-05,22.6,14.9,29.8,0,1.4,75.6,6.7,19.61
216,태백,2024-09-06,19.5,18.1,21.8,5,1.3,91,0,4.15
216,태백,2024-09-07,22.1,17.6,28.9,.8,1.2,84.6,5.8,19.02
216,태백,2024-09-08,22.5,19.4,27.5,.8,1.5,85,3.6,13.35
216,태백,2024-09-09,23,19.2,28.8,.2,1.1,84.4,3.8,13.04
216,태백,2024-09-10,24.4,17.8,32.7,,1,76.8,8.5,22.05
216,태백,2024-09-11,23.4,17.3,30.2,1,1.3,84.1,4.6,14.29
216,태백,2024-09-12,21.8,21.1,22.6,42.1,.8,94.4,0,2.43
216,태백,2024-09-13,24.3,20.6,30.1,,1,82,4.7,14.91
216,태백,2024-09-14,23.9,21.9,28.9,0,1,83,.8,10.22
216,태백,2024-09-15,20.4,18.7,22.5,2,1.5,92.8,0,6.62
216,태백,2024-09-16,21.4,18.5,24.7,.3,.8,90.8,0,6.83
216,태백,2024-09-17,24.7,20.8,31.3,0,.9,85,2.9,12.99
216,태백,2024-09-18,23.6,20.9,31.5,48.5,1.1,88.5,2.3,10.81
216,태백,2024-09-19,24.1,20.3,30.6,,.8,83.5,2.5,12.52
216,태백,2024-09-20,21.6,15.2,26.6,54.6,1.5,87.4,.2,5.32
216,태백,2024-09-21,16.7,15.2,17.3,92,1.6,94.8,0,.95
216,태백,2024-09-22,15,12.5,17.4,15.4,2.3,93,0,6.51
216,태백,2024-09-23,13,8.1,18.3,.2,2,81.8,4.5,13.99
216,태백,2024-09-24,14.4,7.6,23.5,,1.2,84.5,6.4,17.31
216,태백,2024-09-25,18.1,12.9,24.5,,.9,82.9,3.4,11.95
216,태백,2024-09-26,19.1,15.1,25.9,,1.2,84.5,4.1,13.47
216,태백,2024-09-27,18.2,15.2,24.5,2.1,1.4,85.5,3.2,11.6
216,태백,2024-09-28,16.6,14.2,20.2,18.1,1.9,83.9,2.7,10.17
216,태백,2024-09-29,15.5,10.4,21.5,0,1.2,85.6,2.6,9.42
216,태백,2024-09-30,15.1,8.7,24.4,,1,74.6,7.9,19.25
217,정선군,2024-05-20,17.4,10.2,25.6,.2,.9,71,2.7,
217,정선군,2024-05-21,18.5,12,28.1,,1.2,57.9,6,
217,정선군,2024-05-22,19.8,8.3,29.3,,1.4,59.6,11.6,
217,정선군,2024-05-23,21.9,12.1,31.4,,1.5,54.9,11.9,
217,정선군,2024-05-24,16.8,12.6,22.9,,1.3,64.6,1.6,
217,정선군,2024-05-25,17.5,12.4,25.2,0,1.1,57.1,4.2,
217,정선군,2024-05-26,19,10.7,29.4,11.8,1.9,66.1,6.7,
217,정선군,2024-05-27,17.8,12.3,23.3,.1,2.6,55.5,7.9,
217,정선군,2024-05-28,13.7,7.5,21.3,0,1.6,66.8,4.6,
217,정선군,2024-05-29,16.9,4.6,28.5,,1.3,61.4,11.7,
217,정선군,2024-05-30,18.2,10.8,26.7,,.9,63,1.8,
217,정선군,2024-05-31,20.9,12,28.9,0,1.6,52.3,11.5,
217,정선군,2024-06-01,17.7,13,25.9,0,1.4,62.1,2.8,
217,정선군,2024-06-02,16.1,10.2,22.8,0,1.1,67.6,4.1,
217,정선군,2024-06-03,16.5,9.4,25.3,,1.7,59.6,10.3,
217,정선군,2024-06-04,17.5,5.6,29.3,,1.4,53.3,11.9,
217,정선군,2024-06-05,19,8.3,32.3,.8,1.6,65.6,7.8,
217,정선군,2024-06-06,18.1,13.1,30.2,3.1,1.5,74.5,6.3,
217,정선군,2024-06-07,20.2,12.7,29.8,,1.3,64.4,,
217,정선군,2024-06-08,18.4,16.4,21.4,2.3,.7,82.3,,
217,정선군,2024-06-09,22.3,14.9,30.7,,1.5,67.6,,
217,정선군,2024-06-10,23.3,13.8,31.8,,1.4,62.9,,
217,정선군,2024-06-11,24.9,17.6,33.8,,1.3,60.5,,
217,정선군,2024-06-12,25.1,15.1,35.9,,1.5,52.4,,
217,정선군,2024-06-13,23.2,15,36.2,3.6,1.3,66.8,,
217,정선군,2024-06-14,24.6,15.5,34.9,,1.3,60.4,,
217,정선군,2024-06-15,21.5,18.1,29.8,13.8,1.2,76.8,,
217,정선군,2024-06-16,21.9,16.1,29.5,10.3,1.8,62.6,,
217,정선군,2024-06-17,21.4,12.5,30.3,,1.3,62.5,,
217,정선군,2024-06-18,24,12.2,34.7,,1.3,57.8,,
217,정선군,2024-06-19,26.1,15.2,37.4,,1.1,55.8,,
217,정선군,2024-06-20,25.2,16.4,34.9,,1.1,59,,
217,정선군,2024-06-21,24.4,14.5,35.6,,1.2,64.6,,
217,정선군,2024-06-22,21.2,19.3,24,60.6,.6,83.8,,
217,정선군,2024-06-23,23,19.9,29,11.1,.7,82,,
217,정선군,2024-06-24,24.6,19.8,30.6,6,1.8,61.8,,
217,정선군,2024-06-25,20.9,14.9,26.8,,1.7,59.6,,
217,정선군,2024-06-26,22.3,13,32.1,,1,63.1,,
217,정선군,2024-06-27,22.3,15.4,30,,.8,69.8,,
217,정선군,2024-06-28,23.3,15.9,33.9,,1.3,61.6,,
217,정선군,2024-06-29,24.7,14.8,34.3,29.9,1.3,65.3,,
217,정선군,2024-06-30,24.5,21.3,27.4,22,2,75.6,,
217,정선군,2024-07-01,25.5,19.4,32.6,,.9,69.9,,
217,정선군,2024-07-02,20.2,18.9,21.3,56.6,.7,88.9,,
217,정선군,2024-07-03,24.1,19.7,27.3,19,1.7,76,,
217,정선군,2024-07-04,26.4,22.9,31.8,,1.8,66.4,,
217,정선군,2024-07-05,24.9,21.7,29,6.9,2.6,67.3,,
217,정선군,2024-07-06,25.4,19.6,31.8,8,1.6,75.8,,
217,정선군,2024-07-07,23.3,22.1,27.4,5,1.4,82.4,,
217,정선군,2024-07-08,22.9,21.1,24.7,61.3,.8,87.5,,
217,정선군,2024-07-09,22.5,20.3,25.8,5.2,.5,88.4,,
217,정선군,2024-07-10,23.9,19.6,31.3,68.3,1.3,78.9,,
217,정선군,2024-07-11,24.5,20.2,32.1,,1.1,74.6,,
217,정선군,2024-07-12,25.6,19.7,33.6,,1.4,71,,
217,정선군,2024-07-13,25.3,19.5,33.9,,1.2,69.1,,
217,정선군,2024-07-14,22.7,17.8,26.9,,1.3,75.8,,
217,정선군,2024-07-15,24.5,21,30.5,,1.2,73.1,,
217,정선군,2024-07-16,25.7,20.3,32.3,24,1,74,,
217,정선군,2024-07-17,24.7,21.9,29.1,7.9,1,81.9,,
217,정선군,2024-07-18,24.2,22.7,26.2,33.5,1.1,84.9,,
217,정선군,2024-07-19,25.7,21.3,31.3,,1,75.1,,
217,정선군,2024-07-20,25.9,20.4,30.3,0,1.1,75,3.5,
217,정선군,2024-07-21,27.4,23.6,32.7,9.3,2.4,68.4,6.3,
217,정선군,2024-07-22,27,24.2,30.2,7.1,1,76.1,1,
217,정선군,2024-07-23,25.4,23.9,28.1,10.7,2,81,0,
217,정선군,2024-07-24,25.6,22.3,31.8,11.3,1,81.9,2.9,
217,정선군,2024-07-25,27.8,21.7,34.5,0,.8,74.9,7.1,
217,정선군,2024-07-26,28.9,24.5,35.7,0,1,72.9,5.1,
217,정선군,2024-07-27,27.3,24.5,34.2,6.9,.9,80.3,2,
217,정선군,2024-07-28,28.4,23,33.9,0,1.5,71.6,6.4,
217,정선군,2024-07-29,28,26.4,31.3,,2.1,69.9,.4,
217,정선군,2024-07-30,26.2,24,28.2,0,1.5,78.8,0,
217,정선군,2024-07-31,27.9,23,34.9,,1.4,71.5,9.8,
217,정선군,2024-08-01,28.3,22.4,35.3,,1.1,72.9,4.3,
217,정선군,2024-08-02,29.2,24.6,35.9,1.4,1.2,73.8,5.8,
217,정선군,2024-08-03,29.4,24.4,36.6,,1.1,72.4,9.7,
217,정선군,2024-08-04,29,24.3,37.3,,1.3,70.6,7.3,
217,정선군,2024-08-05,27.8,23.7,36.4,.2,1.4,75.5,4.1,
217,정선군,2024-08-06,25.5,23.1,36.2,18.3,1,82.3,5.5,
217,정선군,2024-08-07,26.5,21.5,35,5,1.4,80.4,8.1,
217,정선군,2024-08-08,26.5,23.3,31.2,.3,1.1,81.3,1.9,
217,정선군,2024-08-09,28.4,23.1,36.5,,1.5,71.8,9.6,
217,정선군,2024-08-10,28.4,23.3,35.3,,1.4,72.6,7.7,
217,정선군,2024-08-11,29.1,23,37,,1.5,68.6,10.2,
217,정선군,2024-08-12,28.4,23.2,35.2,,1.5,69.4,8.4,
217,정선군,2024-08-13,27.8,20.4,37,,1.6,64.9,11.2,
217,정선군,2024-08-14,27.5,21.6,34.8,,1.7,68.5,9.8,
217,정선군,2024-08-15,27,21.4,33.8,,1.6,69,9.3,
217,정선군,2024-08-16,26.3,20,32.8,,1.6,70.6,5.9,
217,정선군,2024-08-17,26.8,21.1,35.1,,1.6,70.9,7.1,
217,정선군,2024-08-18,27.7,21.2,37.2,0,1.5,70,7.9,
217,정선군,2024-08-19,28.6,23.2,37.2,,1.6,66.5,9.4,
217,정선군,2024-08-20,27.6,22.4,34.5,.6,1.3,78.1,3.2,
217,정선군,2024-08-21,26.8,24.8,30.3,9.5,.7,85.9,.7,
217,정선군,2024-08-22,28.9,25.3,33.8,5.5,1.8,71.4,4.5,
217,정선군,2024-08-23,26.9,24.1,31.8,0,1.7,73.1,4.2,
217,정선군,2024-08-24,27.3,22.3,34.3,,1.1,74.4,8.1,
217,정선군,2024-08-25,27,22.6,34.4,,1.1,72,6.9,
217,정선군,2024-08-26,25.9,22.5,31.9,0,.9,79.8,.5,
217,정선군,2024-08-27,22.5,18.9,25.2,33.2,.8,89.6,.2,
217,정선군,2024-08-28,23.1,17.7,29,,1.7,76.8,3.2,
217,정선군,2024-08-29,23.8,20,27.8,1.3,1.4,81.4,1.4,
217,정선군,2024-08-30,25.2,21.6,33,.4,1.3,80.9,5.7,
217,정선군,2024-08-31,24.5,19.2,31.3,,1.3,71.8,7,
217,정선군,2024-09-01,23.7,17.8,32.6,,1.3,72.9,8.6,
217,정선군,2024-09-02,22.6,18.2,29,0,1,75.4,.1,
217,정선군,2024-09-03,22.6,17.2,29.6,,2,65.6,8.1,
217,정선군,2024-09-04,22.4,16.3,33.4,,1.3,67.5,7.9,
217,정선군,2024-09-05,23.9,16,31.1,0,1.2,73.8,5,
217,정선군,2024-09-06,22,19.9,23.7,.9,1.1,78.9,0,
217,정선군,2024-09-07,23.9,19.3,32.2,.2,.8,77.4,5.6,
217,정선군,2024-09-08,25.3,19.9,33.5,,1.1,71.8,5.7,
217,정선군,2024-09-09,26.6,21.1,34.8,,1,73,6.4,
217,정선군,2024-09-10,27.4,22,37.1,,1.6,67.4,8.7,
217,정선군,2024-09-11,26.3,20.2,35.8,13.2,1.2,75.8,4.7,
217,정선군,2024-09-12,22.9,22.2,23.9,40.6,.3,90.9,0,
217,정선군,2024-09-13,25.7,22,32.2,0,.7,82.6,2.2,
217,정선군,2024-09-14,25.5,23.5,30.5,5.1,.4,88.3,.5,
217,정선군,2024-09-15,23.5,21.2,27.9,0,1.6,79.3,.7,
217,정선군,2024-09-16,24.8,21.1,30.1,0,1.2,78.5,2,
217,정선군,2024-09-17,26,23.2,32.7,3.9,.4,87.5,1.6,
217,정선군,2024-09-18,25,22.9,32.1,48.8,.4,89.5,1.6,
217,정선군,2024-09-19,25.9,22.7,32.6,,.6,84.6,1.8,
217,정선군,2024-09-20,23.1,16.2,29.9,64,1.3,87,1.1,
217,정선군,2024-09-21,18,15.8,19.3,64.3,1.2,92.3,0,
217,정선군,2024-09-22,18.4,15.4,23.5,0,1.8,77.9,1.8,
217,정선군,2024-09-23,16.1,10.5,22.3,0,1.9,70.1,7,
217,정선군,2024-09-24,16.8,10.6,27.1,,1.4,75.4,7.4,
217,정선군,2024-09-25,19.1,14.2,28.5,,1,81.1,4.4,
217,정선군,2024-09-26,20.9,16.2,28.8,0,1.1,80.3,4.3,
217,정선군,2024-09-27,21.2,17.8,29.9,1.8,1.3,77.6,5.9,
217,정선군,2024-09-28,19.3,14.7,24,1.1,1.7,73.3,6.4,
217,정선군,2024-09-29,18.1,12.8,25.4,,1.3,77.9,3.6,
217,정선군,2024-09-30,17,12.4,27.6,,1.2,75.9,8,
221,제천,2024-05-20,16.6,9.9,23.1,0,.9,78.4,1.3,
221,제천,2024-05-21,18.5,12,25.8,,.9,75.8,8.8,
221,제천,2024-05-22,18.9,11.9,26.7,,1.3,75.3,12,
221,제천,2024-05-23,19.7,12.2,28,,,69.6,,
221,제천,2024-05-24,18.9,12,26.7,,,69.5,,
221,제천,2024-05-25,18.7,15.4,23.5,,,55.9,,
221,제천,2024-05-26,19.3,13.5,26.4,29.5,1.3,69.9,5.9,
221,제천,2024-05-27,17,13.1,21.7,.5,2.9,69.4,9,
221,제천,2024-05-28,15.8,10.5,21.6,,1.3,71.3,10.6,
221,제천,2024-05-29,17.7,8.9,26.4,,1.2,66.6,13.2,
221,제천,2024-05-30,18.6,13,25.1,,.8,68.4,3.2,
221,제천,2024-05-31,20.1,14.5,25.6,,1.8,58.8,12.7,
221,제천,2024-06-01,18.6,14.3,24.1,.1,1.7,63.8,5,
221,제천,2024-06-02,17.9,11.1,23.9,,.9,67.3,5.6,
221,제천,2024-06-03,18.3,12.4,25.2,,1.6,59,10.7,
221,제천,2024-06-04,17.6,8.3,26.8,,1,61.8,13.5,
221,제천,2024-06-05,20.3,11.4,28.8,,.8,63.9,12.1,
221,제천,2024-06-06,20.6,14.2,28.5,,.9,62.4,9.9,
221,제천,2024-06-07,20.4,12.2,27.3,,.8,67.5,8.2,
221,제천,2024-06-08,18.8,17.5,20.9,2.2,.6,90.1,.3,
221,제천,2024-06-09,21.3,16.9,27.9,,.9,77.6,9.6,
221,제천,2024-06-10,22.4,14.7,28.9,,1,73,9.3,
221,제천,2024-06-11,23,17.2,30.1,,1.2,73.6,9,
221,제천,2024-06-12,23.5,15.3,32.1,,1,62.5,13.2,
221,제천,2024-06-13,24.1,15.9,32.8,,1,64.6,12.9,
221,제천,2024-06-14,25,16.5,32.3,,1.1,61.3,12.9,
221,제천,2024-06-15,22.3,19,28,3.1,.9,83.8,2.3,
221,제천,2024-06-16,22.6,17.4,28.6,0,1.9,64.9,10.6,
221,제천,2024-06-17,20.9,12.9,28.2,,1.2,62.6,10.8,
221,제천,2024-06-18,23.3,12.4,32.8,,1.2,56.8,13.5,
221,제천,2024-06-19,25,15.3,34.6,,.8,58.6,13,
221,제천,2024-06-20,24.4,17.3,32.6,,.9,63.4,9.5,
221,제천,2024-06-21,23.9,15.5,31.5,,.8,68.9,10.7,
221,제천,2024-06-22,21.5,20.8,23.4,77.1,.7,94.4,0,
221,제천,2024-06-23,22.9,20.6,27,8.5,1.2,91,1.6,
221,제천,2024-06-24,23.4,18.5,29,11.1,2,73,8.8,
221,제천,2024-06-25,20.8,15.1,26.3,,2,64.9,8.8,
221,제천,2024-06-26,21.2,14.1,28.8,,.8,73.6,13,
221,제천,2024-06-27,21.4,15.4,27.8,,.7,77.1,6.9,
221,제천,2024-06-28,22.1,14.5,30.4,,.8,72.9,12.9,
221,제천,2024-06-29,23.4,16.7,30.2,51.2,1.1,79.5,7.8,
221,제천,2024-06-30,23.6,20.1,25.6,18.4,2.4,89.9,.7,
221,제천,2024-07-01,23.7,19.3,29,,.9,81.8,6.9,
221,제천,2024-07-02,21.3,19.8,22.4,61.7,1.5,96.5,0,
221,제천,2024-07-03,24,21.8,27.1,20.5,1.8,87.8,1.2,
221,제천,2024-07-04,24.9,21.9,29.6,,1.6,80.9,5.1,
221,제천,2024-07-05,23.5,20.2,27.2,2.7,2.5,81.9,1.5,
221,제천,2024-07-06,24.8,19.4,29.1,32,1.6,87.8,2.2,
221,제천,2024-07-07,22.1,20.5,26.3,13.3,.7,98.5,0,
221,제천,2024-07-08,22.4,21,23.9,75,.9,100,0,
221,제천,2024-07-09,22,20.4,23.3,15.2,.4,100,0,
221,제천,2024-07-10,24.1,20.4,29,23,1.3,85.4,4.8,
221,제천,2024-07-11,24.1,20.5,29.8,,.9,84.3,7.9,
221,제천,2024-07-12,24.8,20.6,29.8,,.7,85.4,7.7,
221,제천,2024-07-13,25,20.4,31.1,,1,75,10.1,
221,제천,2024-07-14,23.8,20.1,28.1,,1.8,79.1,1.9,
221,제천,2024-07-15,25.3,21.3,29.5,0,1.4,77.9,6.2,
221,제천,2024-07-16,24.1,21.6,29,27,.9,91.3,2.5,
221,제천,2024-07-17,24.6,22,29.3,14.5,.8,93.6,.6,
221,제천,2024-07-18,23.6,22.8,24.6,81.6,1,99.4,0,
221,제천,2024-07-19,25,21.3,29.3,,.9,87.1,4.5,
221,제천,2024-07-20,24.8,21.5,28.3,1.1,.5,90.9,3.7,
221,제천,2024-07-21,25.8,23.5,29.1,3.9,2.3,84.3,2.6,
221,제천,2024-07-22,26.7,23.6,29.3,.3,.9,84,1.2,
221,제천,2024-07-23,25.3,23.5,28,28.5,2.1,91,.2,
221,제천,2024-07-24,24.2,20.8,30.4,62,.8,94.6,,
221,제천,2024-07-25,26.4,21.9,31.9,1,.7,88,7.9,
221,제천,2024-07-26,26.8,22.9,31.8,.6,.9,87,4.7,
221,제천,2024-07-27,26.8,24.2,31.8,3.9,.9,90,3.6,
221,제천,2024-07-28,27.4,23.8,31.7,,1.2,84,7.1,
221,제천,2024-07-29,26.7,25.2,29.3,0,1.8,85.6,.7,
221,제천,2024-07-30,25.6,24.1,29,0,1.4,92.1,1,
221,제천,2024-07-31,26.8,22.4,31.5,,1,83,7.3,
221,제천,2024-08-01,27.4,24,31.8,,.9,87.1,4.3,
221,제천,2024-08-02,27.7,24.8,32.5,.1,1,86.9,4.3,
221,제천,2024-08-03,28.2,24.4,33.6,,.8,83.4,8.2,
221,제천,2024-08-04,28.5,23,35,,.9,79.1,9.8,
221,제천,2024-08-05,26.9,23.5,32.8,2.8,1.1,87.3,4.7,
221,제천,2024-08-06,26.4,22.2,32.1,,.9,85.1,8.1,
221,제천,2024-08-07,26.6,22.3,32.2,.2,.8,86.8,5.3,
221,제천,2024-08-08,25.4,22.8,29.3,0,.9,90.3,1.1,
221,제천,2024-08-09,26.8,22.1,33,,.6,82.3,9.2,
221,제천,2024-08-10,26.9,22.3,32.8,,.7,82.1,8.9,
221,제천,2024-08-11,27.3,21.6,33.6,,.8,80.1,11.1,
221,제천,2024-08-12,27.2,22.8,33.8,3.2,.9,86,10.5,
221,제천,2024-08-13,27,22.8,34.3,,.9,80.5,10.4,
221,제천,2024-08-14,27.6,21.9,33.5,,1,76.5,11,
221,제천,2024-08-15,27.6,22.7,33.7,,1,73,9.7,
221,제천,2024-08-16,26.6,21.2,32.6,.6,.9,77.8,9.6,
221,제천,2024-08-17,27.1,22.3,34.1,43.4,1,79.5,10,
221,제천,2024-08-18,26.9,22.4,33.1,,.7,79.6,10.6,
221,제천,2024-08-19,27.1,22.2,33.5,,.8,77.9,12,
221,제천,2024-08-20,28,23.3,32.1,,1.1,79.6,6,
221,제천,2024-08-21,26.3,24.5,28.9,17.8,.7,95.5,.4,
221,제천,2024-08-22,26.9,24.7,31.2,6.5,1.4,89.9,4.1,
221,제천,2024-08-23,25.3,22.8,28.7,0,1.5,89.5,3.3,
221,제천,2024-08-24,25.7,22,31.5,,.8,85.5,8,
221,제천,2024-08-25,25.7,21.6,31.6,,.6,84.1,8.4,
221,제천,2024-08-26,25,21.8,29.9,1.8,.5,90.4,1.7,
221,제천,2024-08-27,22.6,19.1,25.2,22.7,.9,96.4,.4,
221,제천,2024-08-28,24.3,18.3,29.6,,2,76.4,11.5,
221,제천,2024-08-29,24.1,19.4,29.5,,1.6,81.8,7.3,
221,제천,2024-08-30,25.2,19.9,32.5,,.8,80,10.3,
221,제천,2024-08-31,23.9,18.1,30.5,,.7,81.3,9.4,
221,제천,2024-09-01,23.3,19.2,30.1,,1,81,6.2,
221,제천,2024-09-02,22.8,18.2,27.2,0,1.1,81.9,.3,
221,제천,2024-09-03,23.5,20,29.2,,2,66.8,8.2,
221,제천,2024-09-04,22.5,16.2,30.5,,.8,75.9,11.9,
221,제천,2024-09-05,23.5,17.5,30.4,0,1,83.1,5.9,
221,제천,2024-09-06,22.2,19.9,23.9,3.4,1.1,91,0,
221,제천,2024-09-07,23.9,19.9,30.1,.2,.8,83.5,8,
221,제천,2024-09-08,25,19.3,31.7,,.7,79.9,9.8,
221,제천,2024-09-09,26.2,21.4,32,,.7,79,5.5,
221,제천,2024-09-10,26,20.4,33.5,,.7,80.5,11.5,
221,제천,2024-09-11,25.8,20.7,33.4,4.9,.8,84.8,4.4,
221,제천,2024-09-12,23.5,23,24.4,32.9,.6,100,0,
221,제천,2024-09-13,24.8,22.7,30.3,3.8,.6,92.8,2.8,
221,제천,2024-09-14,25.1,23.1,28.9,.2,.5,94.9,.7,
221,제천,2024-09-15,25,21.9,28.8,,2.5,79.6,7.4,
221,제천,2024-09-16,25.7,21.5,30.5,,1.4,77.1,4.9,
221,제천,2024-09-17,26.2,22.8,32.1,.1,.3,88.5,4.2,
221,제천,2024-09-18,25.6,22.3,32.8,19.4,.8,90,4.8,
221,제천,2024-09-19,25.2,21.7,30.5,,.7,92.4,2,
221,제천,2024-09-20,23.3,16.9,27.4,51.9,1,96.5,.2,
221,제천,2024-09-21,18.1,16.4,19.9,74.6,1.6,97.6,0,
221,제천,2024-09-22,19.2,14.8,24.7,.2,2,76.9,5.6,
221,제천,2024-09-23,17.2,11.9,22.5,,2.2,69,11,
221,제천,2024-09-24,17,11.1,24.9,,.9,80.4,9.9,
221,제천,2024-09-25,19.2,13.7,26.3,,.5,84.9,5.9,
221,제천,2024-09-26,20.8,17.3,27.1,4,.8,88.3,5.6,
221,제천,2024-09-27,21,17.4,26.6,,1.1,82.5,6.2,
221,제천,2024-09-28,20.9,17.3,25.7,,2.6,68.8,7.7,
221,제천,2024-09-29,19.4,14,24.9,,1.7,74.9,9.6,
221,제천,2024-09-30,16.8,10.8,25.4,,.8,79.6,10.6,
226,보은,2024-05-20,18,11.9,24,,.8,80.6,4.1,
226,보은,2024-05-21,17.5,13.2,22.7,,1.5,82.8,7.9,
226,보은,2024-05-22,19.8,12.1,27.7,,.9,75.3,11.1,
226,보은,2024-05-23,20.9,14.2,28,,1.1,68.3,12.4,
226,보은,2024-05-24,20,11.4,27.2,,1.1,68.6,11.3,
226,보은,2024-05-25,18.6,16.6,20.5,,1.8,54.3,0,
226,보은,2024-05-26,19.4,12.5,25.4,49.1,1.5,77.1,5.3,
226,보은,2024-05-27,17.8,13.6,22.6,.1,2.3,64,10.1,
226,보은,2024-05-28,17,10.4,24.3,,1.2,72.9,10.1,
226,보은,2024-05-29,18.7,10.1,26.7,,.8,69.1,12.7,
226,보은,2024-05-30,19.2,14.2,24.8,,.8,74.1,2.4,
226,보은,2024-05-31,20.6,15.2,26.2,,1.5,60.3,12.1,
226,보은,2024-06-01,18.9,14.3,24.4,,1.5,66,8.2,
226,보은,2024-06-02,18.1,10.9,25.4,,1.3,65,11.4,
226,보은,2024-06-03,18.6,11.1,24.6,.2,1.1,69.9,9.8,
226,보은,2024-06-04,18.9,12.3,25.5,,1.1,64.9,12.9,
226,보은,2024-06-05,19.8,11.2,27.7,,.9,68.9,10,
226,보은,2024-06-06,21.2,15.4,27.3,,1.2,65.8,11.4,
226,보은,2024-06-07,20.8,13.8,27.7,0,.8,73.6,7.9,
226,보은,2024-06-08,19,16.8,22.5,2,1.1,91.8,1.1,
226,보은,2024-06-09,22,16.1,28.8,,.9,76.4,10.1,
226,보은,2024-06-10,23.2,16.2,30.4,,1.1,67.9,10.9,
226,보은,2024-06-11,23.8,16.4,30.9,,1.1,69.1,11.4,
226,보은,2024-06-12,24.1,16.8,32.2,,1.1,59.6,12.3,
226,보은,2024-06-13,24.1,15.5,32.8,,1,62.5,12.8,
226,보은,2024-06-14,24.7,16.8,32,0,1,63.9,11.2,
226,보은,2024-06-15,23.1,19.1,29.4,2.2,1.1,81.4,4.9,
226,보은,2024-06-16,22.5,17.1,29.1,,1.4,66.4,10.2,
226,보은,2024-06-17,21.3,14.2,28,,.9,69.4,7,
226,보은,2024-06-18,23.5,13.7,32.4,,1.1,61.4,13,
226,보은,2024-06-19,25.6,17,34.5,,.8,63.6,12.3,
226,보은,2024-06-20,22.8,16.9,29,,1.4,67.1,5.5,
226,보은,2024-06-21,23.8,15.4,31.3,,1,69.5,10.6,
226,보은,2024-06-22,22.3,21.4,24.1,10.2,1,92.8,0,
226,보은,2024-06-23,23.7,21.8,27.7,7.9,1.2,88.8,2.4,
226,보은,2024-06-24,24.2,18.8,29.7,,1.8,73.8,7.2,
226,보은,2024-06-25,21.1,15.1,26.8,,1.2,70.6,5.4,
226,보은,2024-06-26,22,15,29.5,,.7,71.5,12.2,
226,보은,2024-06-27,20.6,15.5,26.8,0,.8,78.4,2,
226,보은,2024-06-28,22.8,13.7,31.7,,.8,66.1,12.9,
226,보은,2024-06-29,23.9,18.3,29.1,37.4,2,79.1,4.8,
226,보은,2024-06-30,24,21.5,25.7,10.2,1.8,89.8,.2,
226,보은,2024-07-01,24.8,20.2,30.4,,.8,77.5,10.9,
226,보은,2024-07-02,23,20.6,25.3,52,1.8,92.3,0,
226,보은,2024-07-03,25.1,22.8,28.7,25.8,1.6,83.6,2.8,
226,보은,2024-07-04,26.6,22.4,31.5,,1.1,74.4,8.3,
226,보은,2024-07-05,24.6,21.3,28.7,2.6,2.1,78.4,6.3,
226,보은,2024-07-06,26.5,20.9,31.1,,1.5,79.3,1.4,
226,보은,2024-07-07,24.6,22.2,27.7,46.8,1,94.6,0,
226,보은,2024-07-08,23.4,22,25.1,154.8,1.1,98.1,0,
226,보은,2024-07-09,22.8,21.9,24.6,9.9,1.1,97.1,0,
226,보은,2024-07-10,23.1,21.2,26.4,55.6,1.6,91.9,3,
226,보은,2024-07-11,24.1,21.8,28.6,3.8,.8,88.6,3.1,
226,보은,2024-07-12,25.4,21.8,30.5,,.8,80.9,7.6,
226,보은,2024-07-13,26,22.2,30.1,,1.5,76.9,9.8,
226,보은,2024-07-14,24.7,22.6,27.5,0,1.8,81,1.5,
226,보은,2024-07-15,25.3,22.9,29,,2,78.1,6.5,
226,보은,2024-07-16,24,21.7,26.2,54.1,1.3,92.1,.9,
226,보은,2024-07-17,25.6,21.9,29.5,2.7,1.1,87.9,1.4,
226,보은,2024-07-18,25.5,23.7,26.8,20.4,2.1,85.8,0,
226,보은,2024-07-19,24.7,22.7,28.4,3,.8,91.5,2.6,
226,보은,2024-07-20,25.4,22.2,29.2,9.2,1.4,88.1,3.5,
226,보은,2024-07-21,26.7,23.8,30.8,11.7,1.4,83.6,4.4,
226,보은,2024-07-22,27.6,23.8,31,,1.3,79.3,4.7,
226,보은,2024-07-23,26.4,24.2,28,2.1,1.2,85.8,0,
226,보은,2024-07-24,26.9,23.8,31.8,6,.7,90,5.1,
226,보은,2024-07-25,27.2,23.6,33.2,,.9,84.8,7.8,
226,보은,2024-07-26,27.4,23.3,31.9,.5,2,82.3,6.1,
226,보은,2024-07-27,26.5,24.4,32.1,52.8,1,91.9,4.1,
226,보은,2024-07-28,28.3,24.7,33.4,,1.2,80.3,9.9,
226,보은,2024-07-29,26.9,23.6,31.4,,1.4,81.8,4.5,
226,보은,2024-07-30,27.3,24.2,31.9,,1,81.1,3.9,
226,보은,2024-07-31,27.5,23.8,32.8,,.7,82.8,5.8,
226,보은,2024-08-01,28,24.5,32.5,,.9,81.6,5.1,
226,보은,2024-08-02,28.6,25.8,33,.2,1,83.5,6,
226,보은,2024-08-03,28.9,25.6,34.1,,.8,83.8,7.2,
226,보은,2024-08-04,28.2,24,34.5,,.8,82.4,8.1,
226,보은,2024-08-05,27.7,23.6,33.9,25.6,1.2,83.5,7.1,
226,보은,2024-08-06,,24.7,32.6,,1.1,,,
226,보은,2024-08-07,27.7,23.4,33.4,,.7,83.3,,
226,보은,2024-08-08,26.2,23.3,29.6,,.7,87.6,,
226,보은,2024-08-09,26.9,23.3,32.6,,.8,82.4,,
226,보은,2024-08-10,27.2,22.1,32.4,,1.1,82.8,,
226,보은,2024-08-11,27.5,22.8,32.7,,1,78.9,,
226,보은,2024-08-12,27.9,23,33.3,.2,1.1,78.1,,
226,보은,2024-08-13,27.7,23.5,33.3,,.9,76.3,,
226,보은,2024-08-14,27.1,22.4,32.9,,1.2,74,,
226,보은,2024-08-15,27.7,22.1,32.5,,1.2,71.3,,
226,보은,2024-08-16,27.2,22.4,32.4,,1.3,73.8,,
226,보은,2024-08-17,27.4,22,32.6,3.6,1,76.1,,
226,보은,2024-08-18,27,22.4,32.3,,1.4,77.3,,
226,보은,2024-08-19,27.4,22.6,32.7,.1,1.2,76.8,10,
226,보은,2024-08-20,28.4,24.8,33,0,2,79.4,4.4,
226,보은,2024-08-21,27.4,25.7,30,13.6,2,87.8,1.4,
226,보은,2024-08-22,27.2,24.4,31.5,1.4,1.7,84.4,4.8,
226,보은,2024-08-23,26.2,23.1,31.2,0,.9,83.6,6.7,
226,보은,2024-08-24,26.3,22.5,31.9,0,.7,84.8,7.3,
226,보은,2024-08-25,26.3,22,32.8,,.7,83.8,6.8,
226,보은,2024-08-26,25.9,22.4,31.5,0,.7,86,2.7,
226,보은,2024-08-27,24.9,21.8,27.5,1.5,.9,86,.3,
226,보은,2024-08-28,24.8,19,29.7,,1.3,75.8,7,
226,보은,2024-08-29,24.8,19.8,31.4,1.4,1.1,83.8,5.9,
226,보은,2024-08-30,26.2,20.7,32.7,,1.5,75,10.8,
226,보은,2024-08-31,24.8,19.8,31.3,,.8,78.3,9.9,
226,보은,2024-09-01,25.1,20.3,31.6,,.8,78.3,9.1,
226,보은,2024-09-02,23.8,19.6,29,0,.6,81.1,2,
226,보은,2024-09-03,25,21.7,29,,2.1,67.3,9.6,
226,보은,2024-09-04,23.6,17.4,30.4,,1.3,70.5,11.2,
226,보은,2024-09-05,25,18.4,32.1,.2,1.1,77.3,7,
226,보은,2024-09-06,24.6,22.5,27.3,1.1,.7,86.8,0,
226,보은,2024-09-07,24.5,21.6,29.4,.4,.7,86.3,4.2,
226,보은,2024-09-08,26.6,21.3,33,,.7,76,8.4,
226,보은,2024-09-09,27.3,22.5,32.8,,1.4,72.8,10.5,
226,보은,2024-09-10,,22.1,34.8,,1,,10.4,
226,보은,2024-09-11,26.1,22.1,31.9,3.4,1,84.1,1.9,
226,보은,2024-09-12,24.8,23.3,27.5,2.4,.7,94.1,0,
226,보은,2024-09-13,26.4,22.6,32.6,,.8,84,5.4,
226,보은,2024-09-14,27.4,23,34.1,.2,.8,80.5,8.6,
226,보은,2024-09-15,27.5,23.3,32.4,,1.7,76.3,11,
226,보은,2024-09-16,25.6,23,28.8,,1.8,79.1,1.6,
226,보은,2024-09-17,28.1,23.2,34.8,,.8,77.5,10.1,
226,보은,2024-09-18,26,23.2,33.8,14.4,1,88.8,2.9,
226,보은,2024-09-19,26.2,22.9,31.3,,.6,89.4,1.2,
226,보은,2024-09-20,24.9,24.1,26.3,27.4,.7,97.4,0,
226,보은,2024-09-21,20.6,19.2,25,98.6,1.3,94.1,0,
226,보은,2024-09-22,20.4,16.6,25.4,0,.9,84.1,.7,
226,보은,2024-09-23,18.5,13.8,23.6,,1.5,70.4,10.3,
226,보은,2024-09-24,18.5,12.3,24.9,,1.1,78.9,10.1,
226,보은,2024-09-25,21.1,16,26.3,,.9,82,9,
226,보은,2024-09-26,22.2,18.6,28.2,,.7,82.4,6.8,
226,보은,2024-09-27,21,17.3,27.8,,.7,82.8,7.7,
226,보은,2024-09-28,20.9,16.3,25.3,,1.3,79.5,4.1,
226,보은,2024-09-29,20.4,16.1,25.6,,1.3,74.9,8.7,
226,보은,2024-09-30,18.3,11.8,26.2,,.8,76.3,10.7,
232,천안,2024-05-20,18.4,12.3,24.7,,.9,79.9,4.6,
232,천안,2024-05-21,19.9,15.4,26.2,,1,75.9,6.3,
232,천안,2024-05-22,19.3,13.1,25.9,,.8,79,7.9,
232,천안,2024-05-23,19.8,12.9,27.7,,1,69.5,12.5,
232,천안,2024-05-24,19.3,12.5,26,,1.1,78.3,8.7,
232,천안,2024-05-25,19.3,16.2,23.3,,1.5,62.6,1.2,
232,천안,2024-05-26,19,13.8,25.4,28,1.5,81.1,4,
232,천안,2024-05-27,17.6,13.7,22.4,,2.1,66.1,11.6,
232,천안,2024-05-28,17.4,10.5,24.8,,1.5,69.5,9.9,
232,천안,2024-05-29,19.6,10.5,27.2,,1,61.5,13,
232,천안,2024-05-30,19.4,13.8,25.6,,.7,66.3,1.4,
232,천안,2024-05-31,19.9,14,25.6,,1.3,58.4,12.7,
232,천안,2024-06-01,19.4,16.4,24,0,1.6,64.6,7.9,
232,천안,2024-06-02,19.3,12.1,25.5,,1.4,60.6,13.1,
232,천안,2024-06-03,19.6,10.8,26.4,,1.1,60.3,12.8,
232,천안,2024-06-04,20.3,13,27.6,,1.2,56.5,13.3,
232,천안,2024-06-05,20.7,12.2,28.7,,.9,65.9,10.3,
232,천안,2024-06-06,21.8,15.1,28.8,,1,64.1,10.5,
232,천안,2024-06-07,21.5,13.9,27.7,0,.8,64.9,5.5,
232,천안,2024-06-08,20.5,17.5,25.1,1.8,1,84.8,2.6,
232,천안,2024-06-09,22.5,18,29.1,,1,74.8,11.2,
232,천안,2024-06-10,23.2,16,30,,1.2,70.8,11.5,
232,천안,2024-06-11,23.6,16.6,31.1,,1,68.9,10.5,
232,천안,2024-06-12,23.3,15.6,32.3,,1.1,60,13,
232,천안,2024-06-13,23.6,14.4,32.5,,1,62.3,12.7,
232,천안,2024-06-14,24.1,16.7,31.4,,1.2,61,12.1,
232,천안,2024-06-15,23.2,18.9,27.5,.3,1,72.4,2.5,
232,천안,2024-06-16,23.5,18.1,28.9,,1.4,60.8,12.6,
232,천안,2024-06-17,22.2,14.2,29.9,,.9,62.3,10.9,
232,천안,2024-06-18,23.8,13.5,32.5,,1.1,60.3,13.3,
232,천안,2024-06-19,25.9,17,34.7,,.9,62,12.3,
232,천안,2024-06-20,24.2,17.3,31.7,,1.3,57.9,7.9,
232,천안,2024-06-21,24.9,16,31.9,,.9,62.6,11.9,
232,천안,2024-06-22,22.2,21.5,24.1,40.7,1.5,92.8,0,
232,천안,2024-06-23,24.4,22.2,29.1,7.5,1.4,85.8,2.1,
232,천안,2024-06-24,23.9,18.5,29,,1.3,79,4.6,
232,천안,2024-06-25,21.8,15.2,27.7,,1.6,65.8,11,
232,천안,2024-06-26,22.5,15.3,29.3,,.9,69.8,12.7,
232,천안,2024-06-27,21.7,15.7,27.8,,.7,71.8,5,
232,천안,2024-06-28,23.3,14.4,30.9,,.8,65.1,12.9,
232,천안,2024-06-29,24.4,19.5,30,52.1,1.6,79.3,5.1,
232,천안,2024-06-30,24.8,21.9,27.7,4,2,85.1,1.9,
232,천안,2024-07-01,25.2,20.9,30.4,,.9,75.3,11.3,
232,천안,2024-07-02,22.9,20.8,25,57.2,1.8,92.6,0,
232,천안,2024-07-03,25.1,23.2,27.6,1.6,1.7,81.3,.7,
232,천안,2024-07-04,26.6,21.5,30.9,,1.2,76.9,7.5,
232,천안,2024-07-05,24.7,21.7,28.4,.7,2,77.6,5.9,
232,천안,2024-07-06,26.5,21.5,30.5,.7,2,82,2,
232,천안,2024-07-07,23.2,21.2,26.3,108.7,.9,97,0,
232,천안,2024-07-08,23.7,22.7,25.6,76.9,.9,96.9,0,
232,천안,2024-07-09,23.3,22.6,24.5,13.6,1,95.9,0,
232,천안,2024-07-10,24.6,21.2,29.4,61,1.8,82.3,7.1,
232,천안,2024-07-11,24.6,21.9,29.1,.5,.8,86,2.2,
232,천안,2024-07-12,24.9,21.2,29.8,,.7,82.9,5.5,
232,천안,2024-07-13,25.7,21.3,31.7,.5,1,80.4,7.5,
232,천안,2024-07-14,25.4,21.7,29.8,,2.3,80.3,5.4,
232,천안,2024-07-15,26.5,22.6,30.2,,1.9,75.4,6.9,
232,천안,2024-07-16,24.7,22.6,28.6,37.5,1.5,89.6,2.5,
232,천안,2024-07-17,26.7,22.2,30.1,60.5,1.4,84.3,.8,
232,천안,2024-07-18,25.4,23.7,27.1,52.3,1.5,89.5,0,
232,천안,2024-07-19,25.6,23.1,30.2,,.8,87.6,3.5,
232,천안,2024-07-20,26.1,23,29.9,7.2,1.7,87.8,3,
232,천안,2024-07-21,26.9,23.2,30.8,.2,1.6,82.1,3.9,
232,천안,2024-07-22,28.3,25.3,30.7,,1.4,77.9,1.6,
232,천안,2024-07-23,26.4,24.7,28.1,7.5,1.3,89.5,0,
232,천안,2024-07-24,26.9,24.4,31.5,2.1,.8,89.1,3.1,
232,천안,2024-07-25,27.9,23.5,33.1,.7,1,82.6,9.3,
232,천안,2024-07-26,27.9,24.3,33,15.9,1.8,84.5,6.5,
232,천안,2024-07-27,27.3,25.3,32,4.6,1.1,90.4,1.6,
232,천안,2024-07-28,28.5,25.5,32.3,,1.4,79,7.4,
232,천안,2024-07-29,27.2,24.3,30.5,,1.6,82.4,2.9,
232,천안,2024-07-30,27.4,24.6,32.1,,.8,82.8,2.4,
232,천안,2024-07-31,28.1,24.1,32.6,,.9,82.4,5.7,
232,천안,2024-08-01,28.5,24.7,32.4,,.8,83.9,4.2,
232,천안,2024-08-02,28.9,26.1,32.7,0,.9,84.9,4.6,
232,천안,2024-08-03,29.3,25.8,34.2,,.8,81,9.5,
232,천안,2024-08-04,29.7,24,35.1,,.8,78.1,9.6,
232,천안,2024-08-05,27.9,23.2,33.9,21.7,1.2,84.1,6.1,
232,천안,2024-08-06,27.4,23.1,32.4,,.8,84,7.2,
232,천안,2024-08-07,28.3,24,33.7,,.8,79.5,8,
232,천안,2024-08-08,26.5,23.5,29.8,,.6,86.5,1,
232,천안,2024-08-09,27.3,22.8,32.8,,.7,81.8,9.1,
232,천안,2024-08-10,27.6,23,33.2,,.9,83.6,7.3,
232,천안,2024-08-11,28.4,24.8,33.5,,1,78.8,10.8,
232,천안,2024-08-12,29.1,24,34.3,,.9,78.3,10.2,
232,천안,2024-08-13,29,24.8,34.1,.6,1.2,77.6,10.6,
232,천안,2024-08-14,28.6,24.8,33.9,8.3,1,78.8,12,
232,천안,2024-08-15,28.1,24.1,33.6,0,1.1,78.1,10.5,
232,천안,2024-08-16,28.3,23.2,33.6,,1.1,74.9,11.5,
232,천안,2024-08-17,28.6,24.5,33.7,,1,74.8,9.8,
232,천안,2024-08-18,28,24.3,33.7,,1,79.9,9.4,
232,천안,2024-08-19,28.4,24.3,34.1,0,.9,76.4,11.4,
232,천안,2024-08-20,28.5,25.2,34,5.8,1.7,81.5,6.2,
232,천안,2024-08-21,27.5,26.1,31.1,22.1,1.3,92.1,.7,
232,천안,2024-08-22,27.2,25.2,31.2,2.8,1.4,88.6,3.5,
232,천안,2024-08-23,25.2,22.8,30.6,5,.8,89.8,5,
232,천안,2024-08-24,26.5,23.3,31,0,.6,86.9,5.6,
232,천안,2024-08-25,26.5,22.7,32.1,,.7,86.3,7.3,
232,천안,2024-08-26,26.6,22.8,30.8,,.5,87,2.6,
232,천안,2024-08-27,25.3,23.7,26.9,.1,1.3,88.4,.7,
232,천안,2024-08-28,26.4,21,31.7,,2.3,71.1,10.9,
232,천안,2024-08-29,26.7,21.6,32.4,,2,71.8,10.6,
232,천안,2024-08-30,26.5,21.2,32.3,,1,75.5,11.1,
232,천안,2024-08-31,25.7,21.6,30.8,,.8,77.1,10.6,
232,천안,2024-09-01,25.3,20.6,31.2,,.8,80,5.8,
232,천안,2024-09-02,23.6,20.1,27.7,.1,.7,79,.3,
232,천안,2024-09-03,25.7,22.2,30.7,,2.1,68,8,
232,천안,2024-09-04,24.6,18.2,31.6,,1,70.5,11.3,
232,천안,2024-09-05,25.6,21.3,31.3,.1,1.1,82.4,5.5,
232,천안,2024-09-06,25,22.9,27.5,.9,1,88.8,0,
232,천안,2024-09-07,25.5,22,30.9,,.8,80.6,6.3,
232,천안,2024-09-08,25.5,20.2,31.6,,.6,78.4,10,
232,천안,2024-09-09,27.3,22.8,32.9,,1,77,8,
232,천안,2024-09-10,27.7,22.9,34.1,,.9,75.9,10.8,
232,천안,2024-09-11,26.6,23.1,32.8,24.8,.7,86.1,1.3,
232,천안,2024-09-12,25.3,23.8,27.9,51.6,.9,95.6,0,
232,천안,2024-09-13,26.3,23.2,31.1,,.9,88.8,1.4,
232,천안,2024-09-14,26.9,24.1,31.5,.2,.6,88.3,4,
232,천안,2024-09-15,27.9,23.8,32.9,,2,77.5,8.4,
232,천안,2024-09-16,26.9,23.4,31,,2.1,77,5.1,
232,천안,2024-09-17,28.3,24.2,33.6,,.7,82.4,8,
232,천안,2024-09-18,27.7,23.9,32.9,8.3,1,85,4.2,
232,천안,2024-09-19,27.2,23.2,31.7,,.8,87.3,3.3,
232,천안,2024-09-20,25.2,22.4,27.2,79.4,1,95.5,0,
232,천안,2024-09-21,19.7,19.1,23.4,152.5,2.7,94.1,0,
232,천안,2024-09-22,20.2,16.7,24.2,.1,1.3,82.3,.8,
232,천안,2024-09-23,19.7,16.1,24.8,,2.1,68.9,10.1,
232,천안,2024-09-24,18.9,13.6,25.9,,1.3,74,10.3,
232,천안,2024-09-25,21.8,16.5,27.5,,.8,80.8,6.1,
232,천안,2024-09-26,22.7,19,28.3,,.7,82.4,5.2,
232,천안,2024-09-27,21.2,17.4,27.5,,.6,83,8,
232,천안,2024-09-28,22.5,16.8,27.6,,2.2,73.1,8.4,
232,천안,2024-09-29,21.6,16.9,27.2,,1.8,73.9,8.7,
232,천안,2024-09-30,19.4,13.1,27,,.8,76,10.4,
235,보령,2024-05-20,19.1,13.2,25.6,,.8,75.6,7.2,21.11
235,보령,2024-05-21,18.8,14.9,24.8,,1.1,81.1,7.1,23.66
235,보령,2024-05-22,18.5,14,26.2,,1,82.5,6.9,22.59
235,보령,2024-05-23,17,13.5,21.3,,1.4,85,9.4,27.86
235,보령,2024-05-24,17.7,14.2,22.1,,1.3,81.4,9.9,24.69
235,보령,2024-05-25,19.1,14.6,23.9,,1.2,82.4,1.4,19.12
235,보령,2024-05-26,19.6,15,23,31.3,2.6,80.8,2.2,7.59
235,보령,2024-05-27,16.4,12.1,21.2,,.7,79.6,11.1,22.86
235,보령,2024-05-28,18.5,11.9,25.9,,1.9,69.4,10.6,27.75
235,보령,2024-05-29,18.8,12.4,25.7,,1.4,68.9,12.3,29.01
235,보령,2024-05-30,20.1,15.2,25.8,,1,65.4,1.7,14.17
235,보령,2024-05-31,18.9,14.1,24.3,,1.3,77.8,12.2,30.07
235,보령,2024-06-01,18.4,13.9,24.6,.4,.9,76.8,8,25.13
235,보령,2024-06-02,17.8,11.9,24.4,,1.3,73.4,12.2,29.5
235,보령,2024-06-03,19.3,12.5,25.5,,1.2,72.6,11.9,28.85
235,보령,2024-06-04,19.7,15,23.7,,1.5,78.1,12.3,28.91
235,보령,2024-06-05,19.7,14.7,25.3,,.9,80.8,8.3,21.89
235,보령,2024-06-06,20.1,15.8,26.8,,1,74.9,9.4,25.42
235,보령,2024-06-07,20.4,14.2,26.5,0,.8,61.1,6.8,20.78
235,보령,2024-06-08,20.8,18.4,24.7,1.2,1.8,82,4.6,18.09
235,보령,2024-06-09,21.5,17.7,25.8,,1.5,78.6,11.1,28.62
235,보령,2024-06-10,23.2,17.5,29,,3.4,73.1,11.6,26.49
235,보령,2024-06-11,21.3,17.8,26.4,,2.5,84.5,7.9,25.38
235,보령,2024-06-12,22.3,16,28.8,,1.5,69.6,12.2,29.33
235,보령,2024-06-13,23.5,16.4,31.4,,1,67,11.9,28.21
235,보령,2024-06-14,23.7,18.7,30.1,,1.3,70,10.7,24.24
235,보령,2024-06-15,23.4,20.4,28,0,1,76.3,5.3,16.65
235,보령,2024-06-16,22.3,18.2,27.6,,.9,79.5,10.8,29.37
235,보령,2024-06-17,21.5,15.9,27.1,,1,66.4,7.3,20.37
235,보령,2024-06-18,22.8,16.4,30,,1.5,70.6,12.5,29.39
235,보령,2024-06-19,24.7,17.7,32.6,,1.2,69.3,11.3,27.43
235,보령,2024-06-20,24.4,18.7,31.4,,1.2,68,6.1,18.28
235,보령,2024-06-21,24.9,19.7,30.4,,1.6,67.4,10.7,25.18
235,보령,2024-06-22,23.4,22.5,25,50,2.5,91.8,0,2.17
235,보령,2024-06-23,23.4,20.5,27,2.3,2.4,89.5,2.8,14.79
235,보령,2024-06-24,22.7,18.6,26.9,,2.3,85.4,3.3,16.2
235,보령,2024-06-25,21.6,16,26.4,,1.2,78.5,11.1,23.81
235,보령,2024-06-26,22.6,17.9,29.1,,1,76.9,12.2,26.45
235,보령,2024-06-27,23.1,18.3,29.6,,1.2,74.4,3,15.17
235,보령,2024-06-28,23.9,19.2,28.9,,1.4,72,12.1,27.08
235,보령,2024-06-29,25,21,30.2,31.4,3.3,79.5,2.5,13.01
235,보령,2024-06-30,23.7,21.7,26.4,3.7,3.9,92.1,1.2,9.53
235,보령,2024-07-01,25,20.7,29.3,,1,82,10.4,25.62
235,보령,2024-07-02,25.6,22.5,28.9,36.1,4.1,87.3,0,3.26
235,보령,2024-07-03,24.6,23.2,26.7,,4.8,90,3.6,19.18
235,보령,2024-07-04,26.4,22.7,31.2,0,4,82.9,7,22.62
235,보령,2024-07-05,24.5,22.5,27.9,,2.6,80.4,6.7,21.37
235,보령,2024-07-06,26.8,24.2,29.8,0,5.8,83.3,2,13.04
235,보령,2024-07-07,24.6,23.8,26.3,86.8,3.8,95.9,0,3.11
235,보령,2024-07-08,24.3,22.9,25.9,79.7,3.5,96.6,0,3.7
235,보령,2024-07-09,24,23.3,25.1,39,2.5,93.3,0,4.78
235,보령,2024-07-10,24.6,22.2,29.3,89.5,2.3,85.4,3.5,18.27
235,보령,2024-07-11,23.9,21.6,27.2,,.9,87,1.9,16.2
235,보령,2024-07-12,24.6,20,29.6,,.8,83.6,6.4,20.69
235,보령,2024-07-13,25.6,22.1,29.6,0,1.2,83,7.1,22.19
235,보령,2024-07-14,26.8,23.5,32.7,46.7,1.6,82,6.3,20.61
235,보령,2024-07-15,26.5,23.4,30.1,,1.5,81.5,6.8,20.16
235,보령,2024-07-16,25.4,22.5,27.8,74,2.2,89.6,.4,5.3
235,보령,2024-07-17,27.5,23.9,30.6,.8,6.4,84.9,2.1,15.8
235,보령,2024-07-18,25.8,24.2,27.8,52.1,6.4,91.6,0,2.35
235,보령,2024-07-19,24.7,22.9,26.7,1.5,3,93.9,.1,6.71
235,보령,2024-07-20,26.3,23,30.7,7.4,4.2,88.3,1.6,11.26
235,보령,2024-07-21,27.1,24.3,28.9,,4.6,87.9,0,9.35
235,보령,2024-07-22,28.4,27.1,30.2,,5.9,82,2,11.33
235,보령,2024-07-23,26.7,24.7,27.8,23.2,4.1,93.3,0,3.92
235,보령,2024-07-24,28.2,26.2,31.2,2.6,3.4,89.8,7.7,23.76
235,보령,2024-07-25,29.5,25.3,35.3,8.9,1.6,78.6,9.4,21.61
235,보령,2024-07-26,29.7,27.3,33.8,.2,2.2,75.1,7.3,20.16
235,보령,2024-07-27,29.3,26.5,33,8.8,2.8,79.4,6.7,18.98
235,보령,2024-07-28,29.3,27.6,32.4,,4.8,77.6,11.1,23.41
235,보령,2024-07-29,27.8,26.7,30.3,0,4.8,87.6,1.2,13.99
235,보령,2024-07-30,28.1,26.3,30.5,,4.1,85.9,6.7,21.81
235,보령,2024-07-31,29,26.6,31.9,,3.3,83.3,9.8,24.51
235,보령,2024-08-01,29.1,27.4,31.7,0,3.4,83.6,7.9,22.6
235,보령,2024-08-02,29.3,27.5,31.6,,2.8,86.4,5.6,18.64
235,보령,2024-08-03,29.7,27.1,33.8,,1.4,85.1,9.1,24.44
235,보령,2024-08-04,29.5,25.7,34.2,,1.3,80.9,11.5,26.51
235,보령,2024-08-05,29.5,26.1,34.2,,1.7,82,7.3,20.55
235,보령,2024-08-06,29.5,25.4,35,,1.4,78,8.6,22.83
235,보령,2024-08-07,29.7,25.8,35.2,,1.1,78,10.4,25.87
235,보령,2024-08-08,26.4,24.2,29.6,7.4,.9,90,1.4,9.39
235,보령,2024-08-09,27.9,24.1,32.9,,1.2,82.9,9.9,23.47
235,보령,2024-08-10,28.8,24.6,33.8,,1.4,79.9,9.8,23.48
235,보령,2024-08-11,29.7,25.4,34.3,,1.8,73.6,11,23.56
235,보령,2024-08-12,30,25.8,35.2,,1,75.5,11.5,24.55
235,보령,2024-08-13,30.7,26.8,36.4,.9,1.6,75.5,10.4,24.13
235,보령,2024-08-14,29.5,25.6,35.4,0,1.2,79.3,10.3,22.76
235,보령,2024-08-15,28.3,24.5,33.7,22.9,1.4,82.3,7.8,17.66
235,보령,2024-08-16,27.8,24.6,32.9,40.6,1.1,85.9,6.1,16.37
235,보령,2024-08-17,27.9,24.9,33.3,4.9,1,87.6,6.3,16.66
235,보령,2024-08-18,28,25.1,33.5,19.4,1.2,85.5,8.6,23.17
235,보령,2024-08-19,28.9,24.9,33.9,,1.2,82.6,9.9,21.93
235,보령,2024-08-20,30.5,26.2,35.8,11,1.5,77.6,8.7,20.64
235,보령,2024-08-21,29.1,27,32,40.9,4.7,85.3,3.6,9.74
235,보령,2024-08-22,28.2,25.3,31,1.6,3.6,84.1,2.7,10.78
235,보령,2024-08-23,27.8,24.3,31.1,,2.4,88,9.2,21.98
235,보령,2024-08-24,27.9,24.5,31.9,0,1.3,83.4,7.3,18.54
235,보령,2024-08-25,27.7,24.9,32.9,,1.4,82,9.1,21.95
235,보령,2024-08-26,28,24.4,32,,1.1,82.6,4.3,18.12
235,보령,2024-08-27,26.8,24.9,28.7,.1,2.6,85.4,0,6.41
235,보령,2024-08-28,28.6,23.9,33.9,,2.6,64.8,11.2,24.29
235,보령,2024-08-29,28.6,24.2,33.4,,3.2,66.8,10.9,24.35
235,보령,2024-08-30,27.8,23.3,34,,2,72.8,11.2,24.61
235,보령,2024-08-31,26.2,22.2,31.9,,.7,79.9,9.5,22.81
235,보령,2024-09-01,25.9,22.6,30.8,,1.4,82.9,7.8,20.01
235,보령,2024-09-02,24.6,21.7,28.2,.4,1.2,82.1,.2,5.41
235,보령,2024-09-03,27.7,23.1,33.1,0,1.4,69.9,7.3,20.58
235,보령,2024-09-04,26.7,23.2,32.5,,1.4,69.9,10.2,22.51
235,보령,2024-09-05,26.3,22.8,29.6,5.8,2,84.9,5,14.54
235,보령,2024-09-06,25.8,23,28.1,,.7,87.9,.2,7.71
235,보령,2024-09-07,26,22.1,31.7,,1,80.8,8.9,21.9
235,보령,2024-09-08,25.6,20.3,31,,1,80,10.9,23.13
235,보령,2024-09-09,27.7,22.6,33.6,,1.1,76.6,10.7,21.98
235,보령,2024-09-10,29.2,24.3,34.9,,1.4,74.9,10.5,20.65
235,보령,2024-09-11,27.5,25.5,33.5,24.7,1.7,82.9,3.3,11.72
235,보령,2024-09-12,27.6,25.5,30.3,23.6,1,88.5,0,7.32
235,보령,2024-09-13,27.8,24.8,31.3,,2.3,84.6,4.6,16.87
235,보령,2024-09-14,28.1,25.3,32.5,2.1,1.4,86.1,8.1,18.62
235,보령,2024-09-15,29.4,24.6,34.7,,1.6,77.6,9.9,19.21
235,보령,2024-09-16,29.4,24.5,34.1,0,1.5,73.3,4.4,14.04
235,보령,2024-09-17,29.8,26.5,35.2,,1,76.6,9.7,21.03
235,보령,2024-09-18,29.6,26,34.8,,1,77,8.5,19.32
235,보령,2024-09-19,30.1,25.4,37.1,,1.3,71.9,7.5,19.64
235,보령,2024-09-20,27,25.4,30.2,41.9,2.6,88.8,0,4.44
235,보령,2024-09-21,22.5,20.1,26.5,136.4,3.2,93.8,0,3.06
235,보령,2024-09-22,21.9,18.3,26.8,,3.4,75.8,6.2,17.42
235,보령,2024-09-23,22,18.3,26.5,,2.5,63.8,8.9,18.26
235,보령,2024-09-24,22,16.8,28.3,,1.4,65.6,8.6,18.62
235,보령,2024-09-25,23.5,19.6,29.3,,1.1,75.1,5,13.43
235,보령,2024-09-26,23.6,20.6,29.3,,1.5,80,8.3,18.18
235,보령,2024-09-27,22.9,18.6,29.2,,1.2,79.1,9.8,18.62
235,보령,2024-09-28,24.7,19.3,30.9,,1.9,67.8,8.7,17.45
235,보령,2024-09-29,24.7,21.3,30,,2,60.5,8.6,16.95
235,보령,2024-09-30,22,16.6,29.2,,1.3,65.1,10.3,19.09
236,부여,2024-05-20,18.4,11.2,26.5,,1,77.8,6.1,
236,부여,2024-05-21,20.5,14.1,27.4,,.9,77.4,8,
236,부여,2024-05-22,21,16.3,28.5,,1.2,77.9,8,
236,부여,2024-05-23,20.5,15.4,28.8,,1.1,75.8,9.5,
236,부여,2024-05-24,19.2,14,28.1,,1.1,82.6,8,
236,부여,2024-05-25,20.1,16.5,25,,1,74.8,1.4,
236,부여,2024-05-26,19.6,13.7,25.8,34.7,1.4,85.8,3.3,
236,부여,2024-05-27,17.5,12.6,23.4,,1.7,69.6,8.7,
236,부여,2024-05-28,18.5,11,26.1,,1.1,68.8,11,
236,부여,2024-05-29,19.7,11.8,27.7,,.8,67.3,13.3,
236,부여,2024-05-30,20.1,14.8,25.5,,.7,68.8,.4,
236,부여,2024-05-31,20.5,14,26.8,,1.4,62.9,13.1,
236,부여,2024-06-01,19.8,14.6,25.8,,2,67.5,8.7,
236,부여,2024-06-02,19,11.7,26.7,,1.2,67.9,10.6,
236,부여,2024-06-03,20.1,11.3,28.2,,.9,66.8,13.5,
236,부여,2024-06-04,20.5,14.4,28.4,,1.1,70.6,12.8,
236,부여,2024-06-05,21.4,15.4,28.7,,1.1,75.9,6,
236,부여,2024-06-06,21.2,16.3,29.1,,1,71.3,10.4,
236,부여,2024-06-07,21.5,14.3,28,0,.9,65.6,7,
236,부여,2024-06-08,20.8,17.5,26.3,2.2,1,85.1,3.4,
236,부여,2024-06-09,22.5,18.1,29.4,,1.1,78,10.7,
236,부여,2024-06-10,23.2,17.4,30.4,,1.4,72.5,9.8,
236,부여,2024-06-11,23.6,18.5,30.8,,1.2,69.3,11.5,
236,부여,2024-06-12,24.1,15.8,32.6,,1.1,61.9,12.6,
236,부여,2024-06-13,25.1,16,33.8,,1,58.5,13.5,
236,부여,2024-06-14,25,17.7,32.3,,1.3,63.5,12.2,
236,부여,2024-06-15,24.1,20.1,28.6,.5,1.3,75,5.6,
236,부여,2024-06-16,23.4,18,30.1,,1.4,68.5,12.6,
236,부여,2024-06-17,21.8,15.2,28.4,,.7,70.6,5.4,
236,부여,2024-06-18,23.2,13.8,33.7,,.8,68.9,13.5,
236,부여,2024-06-19,25.3,16.9,35.8,,.9,63.3,10.1,
236,부여,2024-06-20,24.2,17.2,31.2,,.7,64.5,5.8,
236,부여,2024-06-21,25.2,17.4,31.6,0,1.2,64.5,10.8,
236,부여,2024-06-22,23.1,21.7,24.5,17,.9,94.4,0,
236,부여,2024-06-23,24.4,21.9,29.2,.5,1.5,85.4,3.4,
236,부여,2024-06-24,24.4,18.8,29.1,,2.1,75.3,6.1,
236,부여,2024-06-25,21.6,15.9,28.7,,1.1,75,8,
236,부여,2024-06-26,23.4,16.8,30.6,,.8,72.3,11.4,
236,부여,2024-06-27,23.2,17.9,28.6,,.7,75.9,3,
236,부여,2024-06-28,24.8,18.5,31.8,,1,67.3,13.3,
236,부여,2024-06-29,24.3,20.4,29,65.1,2.8,84.1,2.5,
236,부여,2024-06-30,24.4,21.8,28,5.9,2.6,89.8,1.7,
236,부여,2024-07-01,25.3,20.5,31.3,,1,81,8.7,
236,부여,2024-07-02,25,21.7,29.3,86.4,1.5,91.3,0,
236,부여,2024-07-03,25.5,22.4,29.1,3.5,2,83.5,3.2,
236,부여,2024-07-04,27.3,22.8,32,1.1,1.6,78.8,6.5,
236,부여,2024-07-05,25.4,22.6,29.6,0,2.1,75.4,8.5,
236,부여,2024-07-06,27.3,22.5,31.7,,3.2,80.9,1,
236,부여,2024-07-07,25.7,24.2,27.7,21.9,1.3,94.9,0,
236,부여,2024-07-08,24.7,22.7,26.7,96.7,.8,97,0,
236,부여,2024-07-09,23.8,22.4,24.6,42.4,.7,96.4,0,
236,부여,2024-07-10,23.9,21.7,27.4,135.6,1.2,91,.7,
236,부여,2024-07-11,23.9,21,27.2,,.6,88.9,.7,
236,부여,2024-07-12,25.5,21.6,31,.1,.8,82.6,4.1,
236,부여,2024-07-13,25.9,21.3,30.8,,.4,84,6.4,
236,부여,2024-07-14,26.1,23.1,31.7,1.5,.8,83.8,4.4,
236,부여,2024-07-15,26.8,23.5,31.9,0,.7,79.9,5.2,
236,부여,2024-07-16,24.5,22.5,26.5,107.3,.5,96,.3,
236,부여,2024-07-17,27.2,22.6,31.2,.5,1.1,84.6,.3,
236,부여,2024-07-18,25.9,23.9,27.6,17.8,1.7,89.3,0,
236,부여,2024-07-19,25.1,23.2,28.6,1.4,.6,93.3,.8,
236,부여,2024-07-20,26.3,22.6,31.4,25.4,1.1,89.1,1.9,
236,부여,2024-07-21,27.5,23.9,31.5,3.3,1,86.1,2.3,
236,부여,2024-07-22,28.8,25.1,31.6,,1.4,79.3,3.2,
236,부여,2024-07-23,26.9,25.3,28.6,4.2,.7,91.8,0,
236,부여,2024-07-24,28.3,25.3,33.2,1.4,.8,86.3,8.6,
236,부여,2024-07-25,27.9,24.2,34.2,14,.5,85.9,8.1,
236,부여,2024-07-26,27.8,24.6,33.6,2.5,.8,88.1,6.5,
236,부여,2024-07-27,28.6,25.4,33,1.9,.7,86,3.7,
236,부여,2024-07-28,29.2,25.6,33.9,,1,78.8,9.3,
236,부여,2024-07-29,28.1,25.9,31.6,,1,81.8,5.6,
236,부여,2024-07-30,28.5,25.8,31.9,,.9,79.8,7.6,
236,부여,2024-07-31,28.6,25.2,33.3,,.7,83.4,6.3,
236,부여,2024-08-01,29.4,25.8,33.5,,.6,80.8,5.9,
236,부여,2024-08-02,29.5,26.3,33.5,,.7,84,7.8,
236,부여,2024-08-03,29.9,26.7,34.7,0,.4,82.8,5.8,
236,부여,2024-08-04,29.7,25.1,35.5,,.4,81.6,7.4,
236,부여,2024-08-05,27.7,24.4,34.1,3.8,.7,88.5,5.9,
236,부여,2024-08-06,27.8,23.7,33.6,3.9,.6,86.1,8.4,
236,부여,2024-08-07,28.9,25.1,34.6,,.4,82.1,7.9,
236,부여,2024-08-08,26.3,24.2,29,.3,.3,91.4,0,
236,부여,2024-08-09,28.1,24.3,33.9,,.4,83.5,7.3,
236,부여,2024-08-10,28.8,24.9,34.5,,.5,80,6,
236,부여,2024-08-11,29.3,24.4,34.6,,.5,76.8,11.8,
236,부여,2024-08-12,29.4,24.9,35.5,,.4,80,7.7,
236,부여,2024-08-13,29.5,25.5,35.3,.3,.8,75.5,9.9,
236,부여,2024-08-14,29.2,24.5,35,,.6,73.8,11.6,
236,부여,2024-08-15,28.5,24.5,34.7,,.5,77.4,8.7,
236,부여,2024-08-16,28.6,23.8,34.8,,.6,77.6,9.6,
236,부여,2024-08-17,28.7,24.4,34.5,1,.6,79.4,8.4,
236,부여,2024-08-18,27.6,24.2,34,0,.5,84.1,5.1,
236,부여,2024-08-19,29,23.6,34.6,0,.5,77.4,9.9,
236,부여,2024-08-20,29.9,26,35.7,13.2,.7,80.1,8,
236,부여,2024-08-21,28.9,27,32.4,3.1,1.3,85.6,1.6,
236,부여,2024-08-22,27.3,24.3,31.2,12.8,.9,90.1,4,
236,부여,2024-08-23,27.5,23.2,32.6,,.6,85.5,8.2,
236,부여,2024-08-24,27.3,23.2,32.8,2.2,.4,85.8,6.2,
236,부여,2024-08-25,27.2,23.8,32.5,0,.3,88.1,4.1,
236,부여,2024-08-26,27.5,24.3,32.4,,.4,86.5,2.9,
236,부여,2024-08-27,26.3,24.4,28.4,.2,.7,87.4,0,
236,부여,2024-08-28,27.2,22.4,32.4,,1.2,70.5,12.5,
236,부여,2024-08-29,28.3,23.3,33.9,,1,66.9,11.7,
236,부여,2024-08-30,27.7,22.1,34.1,,.8,72,11.1,
236,부여,2024-08-31,26.3,20.6,32.4,,.4,79,11,
236,부여,2024-09-01,26.3,22.3,32,,.6,80.1,8.6,
236,부여,2024-09-02,23.9,21.6,26.5,.7,.3,89,0,
236,부여,2024-09-03,26.9,22.1,31.6,,.7,72.1,4.5,
236,부여,2024-09-04,26.6,21,33,,.6,68.6,11.9,
236,부여,2024-09-05,25.8,21.6,31.6,0,.6,85.5,6.5,
236,부여,2024-09-06,25.2,24,27.8,4.1,.2,92.4,0,
236,부여,2024-09-07,26.1,22.3,32.2,,.5,83.5,7.3,
236,부여,2024-09-08,25.5,20.8,32.6,,.4,82.5,8.2,
236,부여,2024-09-09,27.8,22.4,34.4,,.4,77.4,9,
236,부여,2024-09-10,29.1,23.7,35.5,,.5,73,11,
236,부여,2024-09-11,26.9,24.2,34.1,5.5,.4,87.1,1,
236,부여,2024-09-12,26.3,24.7,30.4,1.7,.4,93.3,.2,
236,부여,2024-09-13,27.2,24,32.9,,.6,85.3,5.5,
236,부여,2024-09-14,28.6,24.8,33.9,,.6,79.3,9,
236,부여,2024-09-15,29.7,24.1,35.3,,.8,73.4,10.2,
236,부여,2024-09-16,28.3,24.5,32.5,,.8,74.6,3.5,
236,부여,2024-09-17,29.5,24.9,35.6,0,.5,78,8.5,
236,부여,2024-09-18,27.9,24.1,34.8,3.5,.6,83.9,6.6,
236,부여,2024-09-19,28.4,24,34.8,,.3,82,4.2,
236,부여,2024-09-20,25.9,24.3,27.5,37.5,.6,95.8,0,
236,부여,2024-09-21,22.8,20.4,26.7,109.6,.9,95.9,0,
236,부여,2024-09-22,22.2,18.2,27,,1,75.4,7.1,
236,부여,2024-09-23,21,16.7,26.7,,1.1,67.5,10.7,
236,부여,2024-09-24,20.6,15.5,27.4,,.8,69.5,10.1,
236,부여,2024-09-25,22.6,18.4,28.4,,.4,77.6,6.2,
236,부여,2024-09-26,23.2,19.4,29.1,,.5,83.4,6.7,
236,부여,2024-09-27,22.4,17.5,28.8,,.5,79.9,8.4,
236,부여,2024-09-28,23.8,19.1,29.5,,1.3,71.1,10.5,
236,부여,2024-09-29,22.7,17.6,28.5,,1,73,10.5,
236,부여,2024-09-30,20.9,16.1,28,,.6,72.6,10.9,
238,금산,2024-05-20,17.9,9.1,25.4,,.9,68.6,8.5,
238,금산,2024-05-21,19.3,13.1,26.7,,1,77.3,9.3,
238,금산,2024-05-22,20.4,13.2,28,,.9,72,9,
238,금산,2024-05-23,21,14.1,28.8,,1,66.1,12.7,
238,금산,2024-05-24,20.6,11.7,28.5,,1,70.4,12.3,
238,금산,2024-05-25,18.6,15.2,21.4,,1.2,63,.1,
238,금산,2024-05-26,20,11.8,27.4,13.1,2,79.9,7,
238,금산,2024-05-27,17.6,13.2,22.1,0,1.6,66.3,9.3,
238,금산,2024-05-28,17.1,10.3,24.2,,1,70.1,9.3,
238,금산,2024-05-29,19.2,9.9,27.1,,.9,65.9,13.3,
238,금산,2024-05-30,19.5,13.5,24.8,0,.7,69,.8,
238,금산,2024-05-31,20.3,15.2,26.3,,1.3,59.4,12.9,
238,금산,2024-06-01,18.9,14.7,25.1,0,1.4,61.5,8.7,
238,금산,2024-06-02,18.3,10.7,25.6,,1.1,63.6,10.7,
238,금산,2024-06-03,18.8,10.6,26.7,,.9,64.9,9.9,
238,금산,2024-06-04,19.8,13.2,27.6,,1.1,56.3,12,
238,금산,2024-06-05,20.9,11,29.7,,1.1,63,10.7,
238,금산,2024-06-06,21.5,16.3,28.6,0,1,65.4,7.9,
238,금산,2024-06-07,21.2,13.5,28.1,,.8,64,6.4,
238,금산,2024-06-08,19.3,17.5,22.9,3.9,1,90.3,.9,
238,금산,2024-06-09,22.3,17.5,29.4,,.9,74.9,8.5,
238,금산,2024-06-10,23.7,15.9,31.7,,1,66,11.9,
238,금산,2024-06-11,24.4,17.2,31.3,,1.1,62.4,12.4,
238,금산,2024-06-12,24.4,16.2,32.9,,1,56,12.7,
238,금산,2024-06-13,24.7,15.5,33.8,,1,55.4,13.3,
238,금산,2024-06-14,25.2,17.1,32.4,0,1.2,61.8,11.3,
238,금산,2024-06-15,24.3,20.1,29.7,0,1.3,71.6,7.1,
238,금산,2024-06-16,23.4,18.8,29.7,,1.3,65.5,11.7,
238,금산,2024-06-17,21.6,15.2,27.9,,.7,67.5,4.1,
238,금산,2024-06-18,23.8,13.9,32.9,,1.1,57.9,13.5,
238,금산,2024-06-19,25.6,15.4,36.7,,1,53.9,10.7,
238,금산,2024-06-20,23.2,16.7,30,,1.3,60.9,4.2,
238,금산,2024-06-21,24.9,16,32.6,,1,62.1,10.3,
238,금산,2024-06-22,23,21.8,24.4,18.6,.9,94.3,0,
238,금산,2024-06-23,23.5,21.8,26.9,.8,1.1,87.5,2,
238,금산,2024-06-24,24.5,19.6,29.6,0,1.6,69.1,7.7,
238,금산,2024-06-25,22,16,27.4,,1.3,65.5,11.2,
238,금산,2024-06-26,22.8,15.7,30.1,,.8,66,11.8,
238,금산,2024-06-27,21.8,16.5,27.4,,.8,69.5,1.1,
238,금산,2024-06-28,24.4,16,31.7,,1.1,64.1,12.4,
238,금산,2024-06-29,24,20.4,29.3,48.5,1.5,82.5,4,
238,금산,2024-06-30,24.1,23,25.9,47.9,1.6,91.4,.6,
238,금산,2024-07-01,25.2,21.5,30.1,,.8,78.9,9.1,
238,금산,2024-07-02,25.1,20.7,29,28.1,1.8,86.5,0,
238,금산,2024-07-03,25.3,22.2,29.2,21.2,1.5,80.9,4.2,
238,금산,2024-07-04,27.2,20.6,31.9,0,1.2,73.3,10.2,
238,금산,2024-07-05,25.3,22.6,29,1.8,1.7,74,5.4,
238,금산,2024-07-06,27.6,22.1,30.8,,1.9,75.5,2,
238,금산,2024-07-07,26.6,23.6,28.6,22.2,1.2,86.8,0,
238,금산,2024-07-08,24.4,22.3,27.9,72.5,1.2,95.9,0,
238,금산,2024-07-09,23.1,21.3,26.3,44.9,1,97.5,0,
238,금산,2024-07-10,22.3,21.1,24.6,192.8,.9,98.6,.7,
238,금산,2024-07-11,23.5,21.4,26.4,,.6,89.8,.5,
238,금산,2024-07-12,24.8,20.7,31,.3,.8,82.6,5.7,
238,금산,2024-07-13,24.7,20.2,31.1,0,.9,83.1,5.8,
238,금산,2024-07-14,25.5,21.6,29.5,0,1.4,79.1,4,
238,금산,2024-07-15,25.7,21.7,30.9,24.7,1.2,80.9,5.5,
238,금산,2024-07-16,24.1,21.8,27.7,31.4,.9,92.3,.4,
238,금산,2024-07-17,26.3,21.8,30.2,.1,1.4,81.3,.5,
238,금산,2024-07-18,26.8,24.1,28.8,20.3,2.5,77.6,.1,
238,금산,2024-07-19,24.9,22.9,29.1,1.9,.7,91.5,2.2,
238,금산,2024-07-20,26,21.7,31.3,9.3,1.7,84.4,3.3,
238,금산,2024-07-21,27.9,24.6,31.9,24.4,1.7,78.3,5.9,
238,금산,2024-07-22,28.7,25.1,32.1,,1.9,71.5,7.3,
238,금산,2024-07-23,27.3,25.3,29,0,1.3,79.3,0,
238,금산,2024-07-24,27.5,23.8,33.2,0,1.1,82.1,7.4,
238,금산,2024-07-25,27.7,23.7,33.4,0,1.1,82.5,6.8,
238,금산,2024-07-26,27.3,24,32.2,2.5,1.1,85.3,3.5,
238,금산,2024-07-27,27.5,24.9,32.1,3.1,1.3,86.3,2.6,
238,금산,2024-07-28,28.8,24.3,33.7,,1.4,73.4,10.6,
238,금산,2024-07-29,27.8,23.8,31.7,,1.6,74.5,8.7,
238,금산,2024-07-30,28.2,25.2,32.3,,1.3,74.1,8.5,
238,금산,2024-07-31,28.5,23.5,34.3,,.9,78.5,7.7,
238,금산,2024-08-01,28.8,25.2,33.5,0,.9,78.3,,
238,금산,2024-08-02,30.1,25.9,35,,.9,78.6,8.9,
238,금산,2024-08-03,29.9,26.7,34.8,.1,.9,80.8,7.5,
238,금산,2024-08-04,28.5,25.9,35.2,1.3,.8,87.5,2.8,
238,금산,2024-08-05,27.3,24,35,39.4,1,88.6,5.8,
238,금산,2024-08-06,27.9,23.7,33.6,,.8,83.9,8.5,
238,금산,2024-08-07,28.7,24.2,34.3,,.8,80.8,10,
238,금산,2024-08-08,26.8,24.2,30.3,0,.7,85.6,2.3,
238,금산,2024-08-09,27.6,23.1,34,,.8,79.8,9,
238,금산,2024-08-10,28.6,23.3,34,,.8,76.6,6.2,
238,금산,2024-08-11,29,24,34.6,,1,76.4,10.9,
238,금산,2024-08-12,29.1,24.4,35.1,,.8,76.4,9,
238,금산,2024-08-13,28.9,24,35.3,,1,69.3,11.2,
238,금산,2024-08-14,28.6,22.9,35.8,,1,65.5,12.5,
238,금산,2024-08-15,28.3,22.6,34.5,,.9,72.6,9.4,
238,금산,2024-08-16,28.5,22.9,35.3,,1,74.1,10,
238,금산,2024-08-17,28.2,23.6,35.1,,.9,77.3,8,
238,금산,2024-08-18,28.2,24.5,35.4,0,.9,78,7.8,
238,금산,2024-08-19,29.4,24.6,35.7,.1,1,73.4,10.2,
238,금산,2024-08-20,29.4,25.2,35.9,.8,1.1,80.6,6.4,
238,금산,2024-08-21,28.5,26.4,31.4,9.5,1.4,85,.9,
238,금산,2024-08-22,28,24.4,32.9,2.4,1.8,83.3,5.2,
238,금산,2024-08-23,27.3,22.5,32.6,,1,80.1,10.7,
238,금산,2024-08-24,27.7,22.8,32.8,,.8,80.8,7,
238,금산,2024-08-25,27.4,23.6,32.5,,.7,82.3,4.1,
238,금산,2024-08-26,27.1,24,31.9,3.1,.8,85.4,3.3,
238,금산,2024-08-27,26.4,24.2,29.2,0,.8,82.5,0,
238,금산,2024-08-28,27,21.7,31.5,,1.8,68.1,9.9,
238,금산,2024-08-29,27.7,23.3,33.3,,2,68.3,7.4,
238,금산,2024-08-30,26.9,21.5,33.5,,1.2,72.9,11.5,
238,금산,2024-08-31,25.5,19.6,32.4,,.9,75,10.2,
238,금산,2024-09-01,26,20.2,32.2,,.9,74.6,8.6,
238,금산,2024-09-02,24.6,20.3,29.2,0,.6,83.1,2.9,
238,금산,2024-09-03,26.6,22.1,31.8,,1.4,67,7.2,
238,금산,2024-09-04,26.2,19.1,34.4,,.9,65.5,10.6,
238,금산,2024-09-05,27,20.6,33,,1.2,71.8,9,
238,금산,2024-09-06,25.7,23.9,29.7,1,.6,81.5,0,
238,금산,2024-09-07,25.5,23.2,30.1,1.9,.5,88.3,1.6,
238,금산,2024-09-08,26.9,21.7,34.3,,.8,74.4,9.1,
238,금산,2024-09-09,28.2,22.2,34.9,0,.8,72.8,5.9,
238,금산,2024-09-10,28.4,22.6,36.5,,.8,69.8,10.3,
238,금산,2024-09-11,26.7,24.2,33.6,1.6,.7,88.4,.8,
238,금산,2024-09-12,26.6,24,31.7,35.6,.7,90.6,.3,
238,금산,2024-09-13,27.4,23.7,33.6,,.9,82.1,5.9,
238,금산,2024-09-14,27.7,22.7,34.1,,.8,78.9,9.1,
238,금산,2024-09-15,28.8,23.4,34.8,,1.5,74.9,10.2,
238,금산,2024-09-16,27.9,24.8,32.4,0,1.6,73.9,2.2,
238,금산,2024-09-17,29.2,23.5,35.7,,.8,75.6,9.7,
238,금산,2024-09-18,26.8,23.6,34,63.4,.8,88.8,3.1,
238,금산,2024-09-19,26.4,23.5,33.6,7.3,.8,89.1,4.3,
238,금산,2024-09-20,25.2,24.5,26.6,15.2,.9,97.9,0,
238,금산,2024-09-21,22.3,20.6,25.2,138.8,1,97.1,0,
238,금산,2024-09-22,21.9,18.8,26.3,,1.3,79.4,2.8,
238,금산,2024-09-23,20.2,15.6,25.5,,1.5,68.6,11.2,
238,금산,2024-09-24,19.7,13.8,27,,.8,74.5,9.8,
238,금산,2024-09-25,21.4,15.5,27.8,,.6,81.4,7.3,
238,금산,2024-09-26,23.3,18.6,29.2,,.8,80.1,7.6,
238,금산,2024-09-27,22.4,17.9,28.3,,.7,78.3,8,
238,금산,2024-09-28,22,16.1,27.8,,1.5,77.3,7,
238,금산,2024-09-29,21.5,16.2,27.1,,1.3,76.8,9,
238,금산,2024-09-30,19.2,12.5,27.5,,.7,74.5,10.9,
239,세종,2024-05-20,18.7,12.2,25.9,,1.3,73.9,4.9,19.7
239,세종,2024-05-21,20.1,15.5,26.5,,1.4,73.4,7.4,21.8
239,세종,2024-05-22,20.6,15,27.7,,1.5,75.4,8,24.81
239,세종,2024-05-23,21.1,15.7,29.1,,1.4,70.1,9.8,27.17
239,세종,2024-05-24,20.1,13.9,27.7,,1.5,77.3,7.2,23.23
239,세종,2024-05-25,20,17.8,23.4,,2.1,55.9,.3,14.97
239,세종,2024-05-26,20,15.5,26.7,28.5,1.6,76.3,5.8,18.03
239,세종,2024-05-27,17.9,13.5,22.9,,2.1,63.5,10.8,24.35
239,세종,2024-05-28,18.5,11.5,24.7,,1.6,64,10.2,27.06
239,세종,2024-05-29,20.2,12.3,27.5,,1.1,60.9,12.8,28.21
239,세종,2024-05-30,20.4,15.2,25.4,,.9,66.3,1.3,13.82
239,세종,2024-05-31,20.8,15.1,26.9,,1.5,53.6,12.6,30.14
239,세종,2024-06-01,19.5,15.1,24.4,,1.9,64.5,8,24.72
239,세종,2024-06-02,19.5,12.7,25.9,,1.8,58.5,12.9,29.3
239,세종,2024-06-03,20.4,12.3,26.8,,1.2,59.5,11.8,26.62
239,세종,2024-06-04,21.2,14.8,28.3,,1.2,54,13.1,30.49
239,세종,2024-06-05,21.7,14.7,28.6,,1.1,67.4,9.3,24.85
239,세종,2024-06-06,21.9,16.7,29.2,,1.2,63.6,9.4,24.34
239,세종,2024-06-07,22,15.2,28,0,1.1,62.9,6.9,21.41
239,세종,2024-06-08,20.5,17.7,25.4,2.3,1,85.1,3,11.66
239,세종,2024-06-09,23.3,18.2,30,,1.1,71.3,10.2,25.35
239,세종,2024-06-10,23.7,17.1,30,,1.5,67,11.7,26.8
239,세종,2024-06-11,24.5,19.5,31.4,,1.4,64.5,12.7,27.93
239,세종,2024-06-12,24.3,17.3,32.9,,1.6,56.5,12.6,29.65
239,세종,2024-06-13,24.8,16.5,32.9,,1.5,52.6,12.8,29.11
239,세종,2024-06-14,25.2,18.5,31.7,,1.3,58.8,11.1,24.27
239,세종,2024-06-15,23.5,20.6,28.5,1.3,1.5,76.4,2.7,16.26
239,세종,2024-06-16,23.4,18.4,29.1,,1.7,63,11.5,27.43
239,세종,2024-06-17,22.5,16,28.4,,1,64.1,7.9,21.16
239,세종,2024-06-18,24.6,14.8,33.7,,1.3,59.8,13.1,29.42
239,세종,2024-06-19,26.3,17.8,35.1,,1.1,55.9,12.6,27.54
239,세종,2024-06-20,25,18.8,31.7,,1.4,53.4,6.7,19.39
239,세종,2024-06-21,25.7,17.9,32.5,,1.1,58.5,10.7,25.17
239,세종,2024-06-22,22.9,22,24.4,36.9,1,91.1,0,2.84
239,세종,2024-06-23,24.3,22.3,28.7,1.1,1.4,84.9,2,14.32
239,세종,2024-06-24,24.3,18.8,29.4,,1.8,72.3,6.9,23.33
239,세종,2024-06-25,21.8,16.5,27.6,,1.3,69,9,21.82
239,세종,2024-06-26,23.6,17.4,30.2,,1.2,65.8,11.9,26.28
239,세종,2024-06-27,23.1,18.3,28.6,,1,66.9,3.2,16.2
239,세종,2024-06-28,24.8,17.4,32.1,,1.2,61.9,12.9,29.07
239,세종,2024-06-29,24.9,21.2,29.5,55,1.6,78.8,4.3,13.56
239,세종,2024-06-30,24.5,22.2,27.5,7.7,1.9,87.3,1.7,9.29
239,세종,2024-07-01,26,21.6,31.6,,1.1,75.5,8.9,25.07
239,세종,2024-07-02,23.6,21.3,26.6,83.5,1.4,92.4,0,2.87
239,세종,2024-07-03,25.2,23.1,28.9,10.6,1.7,80.5,4.5,20.17
239,세종,2024-07-04,27.3,22.7,31.2,,1.7,73.1,10.9,26.94
239,세종,2024-07-05,25.3,22.8,29,4.1,1.7,74.5,6.8,21.88
239,세종,2024-07-06,26.9,22.7,30.8,0,1.7,79,.9,12.44
239,세종,2024-07-07,24.6,22,26.5,60.9,1.4,93.8,0,3.82
239,세종,2024-07-08,24,22.7,25.5,131.6,1.4,95.9,0,3.5
239,세종,2024-07-09,23.1,22.2,24.3,16.5,.9,95,0,4.67
239,세종,2024-07-10,23.6,21.2,27.8,69.2,1.8,90.1,3.6,15.86
239,세종,2024-07-11,23.9,21.5,26.7,.1,.8,87.9,0,9.79
239,세종,2024-07-12,25.4,21.7,30.7,0,1.4,80,5.8,20.74
239,세종,2024-07-13,26,22,30.7,0,1,79.6,5,19.43
239,세종,2024-07-14,25.9,23.3,29.8,0,2.2,78.6,3,17.58
239,세종,2024-07-15,26.8,23.7,31.3,0,2,75.4,5,18.81
239,세종,2024-07-16,24.3,22.3,26.5,72.2,1.4,91.3,.7,5.73
239,세종,2024-07-17,26.6,22.3,29.7,1.7,1.8,82.4,.5,12.37
239,세종,2024-07-18,25.6,23.6,27.6,30.2,2.2,85.9,0,3.01
239,세종,2024-07-19,25.3,23.3,29.1,2.3,1.2,87.6,2.9,15.28
239,세종,2024-07-20,26.1,22.7,30.6,18.7,1.6,86.3,3.5,13.4
239,세종,2024-07-21,27.2,23.8,31.2,.7,1.7,82.8,4.9,18.81
239,세종,2024-07-22,28.6,26.2,31.1,,1.9,74.9,3.5,16.41
239,세종,2024-07-23,26.3,25.2,27.7,13.7,1.9,89.8,0,5.06
239,세종,2024-07-24,27.7,24.8,32.5,3.3,1.1,85.1,6.1,19.26
239,세종,2024-07-25,27.9,24.5,34.5,1.6,1,82.6,8.4,22.39
239,세종,2024-07-26,28.2,24.9,33.2,16.8,1.3,84.4,6.8,18.57
239,세종,2024-07-27,28,25.5,32.1,4.4,1,86.9,2.4,15.62
239,세종,2024-07-28,29,26.2,32.9,,1.5,75.4,8.5,23.88
239,세종,2024-07-29,27.6,25.6,31.5,,1.7,79.4,5.3,18.15
239,세종,2024-07-30,28,25.6,32.3,,1.4,78.6,6.4,20.59
239,세종,2024-07-31,29,25,33.5,,1,78.4,6.4,22.21
239,세종,2024-08-01,29.2,25.7,33.4,0,1.1,79.1,6.9,21.06
239,세종,2024-08-02,29.6,26.8,33.2,,1.1,80.3,7,21.15
239,세종,2024-08-03,30,26.6,34.6,,1.3,77.1,8.3,23.07
239,세종,2024-08-04,29.6,24.7,35.3,,1.1,76,9.6,23.79
239,세종,2024-08-05,27.8,23.6,34.2,5.7,1.5,82.1,6.3,17.35
239,세종,2024-08-06,28.2,23.3,33.2,,1.3,80,9.8,22.91
239,세종,2024-08-07,29,24.9,34.1,,1.1,78.5,5.9,20.99
239,세종,2024-08-08,26.8,24.6,29.2,.3,.8,87.4,1.7,10.46
239,세종,2024-08-09,28,24.1,33.9,,1,76.5,6.9,19.65
239,세종,2024-08-10,28.5,24.1,34.2,,.9,79.3,6.4,20.43
239,세종,2024-08-11,29.5,25.2,35,,1.2,73.3,10.7,24.73
239,세종,2024-08-12,29.4,25,35,1.1,1.1,77,6.6,18.29
239,세종,2024-08-13,28.8,24.7,34.6,27.8,1.5,74.9,9.9,24.38
239,세종,2024-08-14,28.8,24.9,33.9,,1.2,72.3,11.5,25.36
239,세종,2024-08-15,28.5,24.6,34.4,,1.2,73.4,8.3,22.4
239,세종,2024-08-16,28.7,24.6,33.7,,1.2,72.1,10.3,23.06
239,세종,2024-08-17,28.7,24.9,33.8,,1.2,73.4,8.5,21.1
239,세종,2024-08-18,28.5,24.7,34.6,,1.4,74.9,10,23.52
239,세종,2024-08-19,29.3,24.4,34.8,.1,1.4,72.9,10.7,24.93
239,세종,2024-08-20,29.3,26.4,35.3,7.7,1.5,80.5,6.3,18.67
239,세종,2024-08-21,27.5,25.9,31.7,19.9,1.3,90.1,1.4,8.6
239,세종,2024-08-22,27.1,24.8,31.3,1.9,1.7,88.5,3.1,11.16
239,세종,2024-08-23,27,23.6,31.7,1.6,.9,85.6,7.4,18.59
239,세종,2024-08-24,27.3,24.1,32.2,,1,84.5,3.3,15.74
239,세종,2024-08-25,26.9,23.9,31.7,0,.9,85.3,4.4,15.56
239,세종,2024-08-26,26.6,23.5,31.2,4.6,1,87.4,2.3,13.25
239,세종,2024-08-27,25.8,23.9,27.4,0,1.5,84.5,0,5.99
239,세종,2024-08-28,26.8,21.5,31.1,,2.6,68.8,10,22.97
239,세종,2024-08-29,27.7,22.9,33.4,,2.3,65.9,10.1,24.06
239,세종,2024-08-30,26.8,22.4,32.7,,1.9,70.4,9.1,21.18
239,세종,2024-08-31,25.9,20.9,32.2,,1.1,75.4,9.5,22.65
239,세종,2024-09-01,26.2,22.1,31.4,,1.1,76.5,7.6,20.31
239,세종,2024-09-02,24,20.9,27.8,.3,.7,83.9,.6,7.25
239,세종,2024-09-03,27,23,31.6,,2.1,63.4,8.2,20.33
239,세종,2024-09-04,26.1,21,32.9,,1.7,63.6,10.2,22.85
239,세종,2024-09-05,26.2,22.2,31.6,0,1.2,77.6,6,17.42
239,세종,2024-09-06,24.9,23.3,27.7,2,1,88.4,0,5.12
239,세종,2024-09-07,26,23,31.5,,1,80.5,4.5,16.77
239,세종,2024-09-08,26,21.1,32.3,,1.1,76.8,8.5,22.31
239,세종,2024-09-09,28.3,23.1,33.6,,1.2,73.1,7.6,18.37
239,세종,2024-09-10,28.8,24.7,35.2,,1.6,68.6,9.6,20.21
239,세종,2024-09-11,27.4,24.4,34,13.9,1.1,81.4,2.9,13.4
239,세종,2024-09-12,26,24.6,30.2,11.7,.9,91.6,.2,7.61
239,세종,2024-09-13,27.4,24.4,32,,1.2,82.3,5.2,17.39
239,세종,2024-09-14,27.9,24.7,32.9,,1.4,81.5,7.5,19.81
239,세종,2024-09-15,29.2,24.6,34.2,,2.1,71.6,9,21.29
239,세종,2024-09-16,27.8,24.9,31.1,0,2.3,71.6,3.7,14.08
239,세종,2024-09-17,29.3,24.7,35.2,,1.3,74.6,8.6,19.52
239,세종,2024-09-18,27.6,23.6,33.8,49.2,1.2,83.6,4.2,14.89
239,세종,2024-09-19,28.1,23.9,33.5,,.9,81.5,4.5,16.92
239,세종,2024-09-20,25.4,24.5,27.3,45.2,1,95.5,0,2.65
239,세종,2024-09-21,20.3,19.6,25.9,109.7,1.6,95.5,0,2.06
239,세종,2024-09-22,21.1,17.4,25.5,.1,1.8,76.9,4.3,15.92
239,세종,2024-09-23,20.9,17.1,25.2,,2.6,62.5,9.9,20.99
239,세종,2024-09-24,20.4,15.2,27.2,,1.4,66.4,9.8,20.65
239,세종,2024-09-25,22.6,18.3,28.3,,.8,77,6.4,15.59
239,세종,2024-09-26,23.3,20,28.5,,1.1,78.9,6.7,16.36
239,세종,2024-09-27,22.3,18.1,28.1,,1.1,75.9,7.5,18.44
239,세종,2024-09-28,22.9,18.3,27.9,,1.9,72,8.1,17.01
239,세종,2024-09-29,22.7,18.9,27.3,,2.2,66,7.7,15.94
239,세종,2024-09-30,20.9,15.6,27.6,,1.1,67.5,9.5,18.64
243,부안,2024-05-20,19,13.2,25.6,,1.2,78.4,10.1,
243,부안,2024-05-21,18.9,16.2,25.2,,1.5,84.8,7.5,
243,부안,2024-05-22,19.1,15.4,26.1,,1.3,83.3,8.9,
243,부안,2024-05-23,18.7,15,24.5,,1.6,82.4,11.5,
243,부안,2024-05-24,17.5,14.4,22.1,,1.8,82.9,9.7,
243,부안,2024-05-25,19.6,16.2,23.9,,1.4,82.3,7.4,
243,부안,2024-05-26,20.9,15.2,25.8,0,3.3,75.1,4.6,
243,부안,2024-05-27,17.8,14.5,21.8,,1.9,70.3,9.6,
243,부안,2024-05-28,19.1,12.9,26.3,,1.7,67.8,10.9,
243,부안,2024-05-29,20,13.8,26.4,,1.3,67.1,12.6,
243,부안,2024-05-30,20.5,16.6,26.1,0,1,63.9,1.5,
243,부안,2024-05-31,19.9,16.5,24.2,,1.6,69.4,11.6,
243,부안,2024-06-01,18.8,16.2,23.2,0,2.5,75.1,9.1,
243,부안,2024-06-02,19.3,13.8,24.8,,1.5,64,12.6,
243,부안,2024-06-03,20.2,13.2,27.4,,1.4,62.9,12.9,
243,부안,2024-06-04,19.8,15.9,25.7,,1.5,75.5,8.9,
243,부안,2024-06-05,20.2,15.6,28.1,,1.4,78.5,9.2,
243,부안,2024-06-06,20.6,16.3,26.2,,1.3,68.1,7,
243,부안,2024-06-07,21.6,15.6,27.5,0,1.2,63.6,6.8,
243,부안,2024-06-08,21.4,19.5,26.1,1.3,1.8,81,3,
243,부안,2024-06-09,22.3,18.1,27.3,,1.5,77.5,9.4,
243,부안,2024-06-10,24.3,17.1,31.8,,1.9,64.9,11.8,
243,부안,2024-06-11,23.4,19,28.7,,1.6,68.1,11,
243,부안,2024-06-12,23.3,17.6,32.9,,1.3,70.1,11.6,
243,부안,2024-06-13,23.8,17.3,30.8,,1.7,62.8,13,
243,부안,2024-06-14,24.3,18.7,31.4,,1.5,67.6,10.8,
243,부안,2024-06-15,24.6,21,29.8,,1.5,73.3,10,
243,부안,2024-06-16,23.1,19.6,27.6,,1.9,75.4,12.8,
243,부안,2024-06-17,22.1,17.9,27.5,,.9,79,2.3,
243,부안,2024-06-18,23.3,16.7,31.3,,1.4,68.3,12.7,
243,부안,2024-06-19,25.1,18.7,35.5,,1.3,63.4,8.7,
243,부안,2024-06-20,24.2,18.9,28.9,,1.7,63.9,2,
243,부안,2024-06-21,25.5,21,30,,1.4,69,10.9,
243,부안,2024-06-22,24.1,23.1,25.8,10.5,2.2,90.6,0,
243,부안,2024-06-23,24.1,22.1,28.1,1.8,2.3,87.5,4.2,
243,부안,2024-06-24,23.8,20.3,28,.2,1.9,80.6,2.5,
243,부안,2024-06-25,22.8,17.6,27.7,,1.1,70.4,9.7,
243,부안,2024-06-26,23.5,18.5,29.4,,1.2,71.8,10.5,
243,부안,2024-06-27,22.8,18.9,27.1,,.9,70.9,.1,
243,부안,2024-06-28,24.8,18.6,30.7,,1.2,69.3,11.8,
243,부안,2024-06-29,24.3,22,27.7,31.8,2.5,86.4,.4,
243,부안,2024-06-30,24.3,22.7,25.9,32.1,2.2,92.4,.3,
243,부안,2024-07-01,25.1,22.7,29.6,.1,1.1,84.3,10.5,
243,부안,2024-07-02,26.8,23.2,31,22.1,3.4,84.9,1.2,
243,부안,2024-07-03,26.2,23.6,30.3,23.4,2,79.3,6.9,
243,부안,2024-07-04,27.8,22,33.1,,2.3,75.1,9.4,
243,부안,2024-07-05,26.2,23.7,29.1,2.6,2.3,77,8.9,
243,부안,2024-07-06,28.2,25.3,31,,4.3,78.1,5.7,
243,부안,2024-07-07,27.3,25.3,29.4,8,3.2,85.8,.4,
243,부안,2024-07-08,26.1,25,27.7,30.8,2.2,91.8,0,
243,부안,2024-07-09,24.1,22.9,26,110.2,1.9,95.5,0,
243,부안,2024-07-10,24.7,23.7,26.6,21.6,3.1,90.8,1,
243,부안,2024-07-11,24.1,22.3,26.2,,.7,87,.3,
243,부안,2024-07-12,25.1,22.6,29.1,,.9,83,4,
243,부안,2024-07-13,25.8,22.8,29.9,,.8,82.8,4.4,
243,부안,2024-07-14,26.7,23.6,30.7,.1,1.6,79,3.5,
243,부안,2024-07-15,26.9,24,30.9,.2,.8,80.9,2.2,
243,부안,2024-07-16,25.9,23.7,28.4,21.7,2,87.5,.4,
243,부안,2024-07-17,28,23.7,30.9,,3,79.3,1.9,
243,부안,2024-07-18,26.7,24.2,28.9,26.5,3.3,85.3,.1,
243,부안,2024-07-19,25.4,23.7,29.6,1,1.6,88.9,3,
243,부안,2024-07-20,26.5,23.2,31.8,39.7,3,87.8,4.1,
243,부안,2024-07-21,28.5,25.4,32.9,.1,2.5,77.6,7.6,
243,부안,2024-07-22,28.9,26.6,32,,3.2,75.6,3.8,
243,부안,2024-07-23,28.2,26.4,30.8,.1,2.1,81.9,0,
243,부안,2024-07-24,29.1,25.8,33.3,.1,1.5,81.4,8.3,
243,부안,2024-07-25,28.7,25.2,34.6,.6,1.3,81.4,7.9,
243,부안,2024-07-26,28.6,26.1,32.4,4.5,2.3,81,3.9,
243,부안,2024-07-27,28.2,26,31,12.1,1.9,86.6,3,
243,부안,2024-07-28,29.5,26.5,33.5,,2.6,74.3,11,
243,부안,2024-07-29,28.4,25.5,32.2,,1.7,78.3,9.4,
243,부안,2024-07-30,28.1,24.8,32.3,,1.3,79.6,10.2,
243,부안,2024-07-31,29.3,25.3,33.9,,1.5,78.4,9.6,
243,부안,2024-08-01,29.8,26.3,34.1,,1.3,78.4,7.5,
243,부안,2024-08-02,29.7,26.4,33.8,,1.4,81.3,8.7,
243,부안,2024-08-03,29.5,26.9,33.7,,1,83.5,8.5,
243,부안,2024-08-04,29.7,26.1,34.3,,.9,80.1,10.9,
243,부안,2024-08-05,28.1,25.8,33.4,0,1.1,83,6,
243,부안,2024-08-06,28.8,24.8,33.3,,1,81.4,9.2,
243,부안,2024-08-07,29.4,26.6,33.9,,1,79.1,10.1,
243,부안,2024-08-08,27.4,25.1,30.9,.2,.5,81.8,3.5,
243,부안,2024-08-09,28.1,24.1,33.8,,1,79.5,11,
243,부안,2024-08-10,29.3,25.2,34.4,,1.1,75,10.7,
243,부안,2024-08-11,29.8,25.4,34.9,,1.5,72.9,11.9,
243,부안,2024-08-12,29.9,25.8,35.1,,1.3,71.9,11.2,
243,부안,2024-08-13,30.4,27.5,35.7,,1.4,72.8,10.9,
243,부안,2024-08-14,29.7,25.6,36,,1.4,75.6,10.3,
243,부안,2024-08-15,28.4,25.7,34,5.2,1.2,79.8,7,
243,부안,2024-08-16,28,24.9,32.7,,1.4,81.4,6.3,
243,부안,2024-08-17,27.8,25.2,32.9,.2,1.2,82.8,5.1,
243,부안,2024-08-18,27.1,24.3,33.3,4.2,1.2,84.5,6.7,
243,부안,2024-08-19,29.1,24.9,34.6,0,1,77.1,10.5,
243,부안,2024-08-20,28.5,25.7,35.4,11.3,1.8,83.4,6.4,
243,부안,2024-08-21,29.3,27.3,32.7,.7,2.7,81.4,2.4,
243,부안,2024-08-22,27.9,25.1,31.5,15.4,2.3,84.8,3,
243,부안,2024-08-23,27.8,24,32.3,,1.3,81.3,9.8,
243,부안,2024-08-24,28,24.7,32.6,,1,82.8,9.4,
243,부안,2024-08-25,27.4,24.7,32.3,0,.9,83.5,5.5,
243,부안,2024-08-26,27.5,23.9,32.5,,.8,81.1,7.9,
243,부안,2024-08-27,26.8,24.9,30.1,0,1.2,86.6,.1,
243,부안,2024-08-28,28.1,22.7,33.5,,2.8,69.3,9.3,
243,부안,2024-08-29,28.3,22.9,34.1,,2.8,68.9,10.8,
243,부안,2024-08-30,27,23.7,32,,1.7,73.9,10.9,
243,부안,2024-08-31,25.9,21.6,30.5,,1,74.5,10.7,
243,부안,2024-09-01,26.3,22.8,31.7,,1.1,77.1,8.8,
243,부안,2024-09-02,25.4,21.9,28.5,.3,.6,81.5,.8,
243,부안,2024-09-03,26.8,23.2,32.2,5,.9,77.4,4,
243,부안,2024-09-04,26.4,22.2,32.3,,1.2,73,10.8,
243,부안,2024-09-05,27.1,22.3,32.2,.2,1.5,76.1,7.8,
243,부안,2024-09-06,25.9,24.3,28.9,.7,.6,88,0,
243,부안,2024-09-07,26.1,22.8,30.5,0,.8,80.9,5.2,
243,부안,2024-09-08,25.4,20.9,31.4,,1.1,75.6,10.7,
243,부안,2024-09-09,27.1,22.2,33.5,,1,77.5,8.1,
243,부안,2024-09-10,28.5,23.4,34.7,,.9,75.6,10.4,
243,부안,2024-09-11,27.9,25.2,35.5,83.3,1,83,3.9,
243,부안,2024-09-12,27.9,25.4,32.8,0,.9,85.9,3.6,
243,부안,2024-09-13,27.9,24.2,32.8,,1.2,79.9,7,
243,부안,2024-09-14,28,24.3,32.3,,1,81.3,10.2,
243,부안,2024-09-15,28.8,24.7,34.1,,1.1,80.5,9.7,
243,부안,2024-09-16,28.3,24.6,31.5,,1.2,77.5,.6,
243,부안,2024-09-17,29,25.8,33.9,,1,80.9,9.1,
243,부안,2024-09-18,28.1,24.9,34.1,0,1.2,78.8,8.2,
243,부안,2024-09-19,29.1,23.7,35.7,,.8,75.4,7.7,
243,부안,2024-09-20,26.4,24.8,28.7,19.5,1.7,91.9,0,
243,부안,2024-09-21,24.1,20.9,27.2,56.1,1.8,94.8,0,
243,부안,2024-09-22,21.8,19.4,25,,1.2,83.5,.4,
243,부안,2024-09-23,22,18.9,27,,1.9,69.1,5.6,
243,부안,2024-09-24,21.4,16.7,27.5,,1.1,67.6,8.3,
243,부안,2024-09-25,22.8,18.4,27.7,,.8,77.5,5.9,
243,부안,2024-09-26,23.9,20.1,28.9,,.9,79.9,7.5,
243,부안,2024-09-27,22.7,18.4,28.2,,.9,78.5,9.7,
243,부안,2024-09-28,24,18,30.3,,1.2,72.4,8.7,
243,부안,2024-09-29,23.8,19,29.8,,1.4,66.9,9.1,
243,부안,2024-09-30,21.7,16.1,28.5,,.8,69.4,9.9,
244,임실,2024-05-20,18.7,9.1,27.1,,1,64.5,12.3,
244,임실,2024-05-21,20.8,12.2,28.2,,1,68.5,12.4,
244,임실,2024-05-22,21.7,16.1,28.8,,1.2,71.5,11,
244,임실,2024-05-23,20.5,14.3,29.2,,1.2,66.6,12.7,
244,임실,2024-05-24,20.1,10.9,28.6,,1.1,71,12.5,
244,임실,2024-05-25,20.2,16.1,24.7,,1.3,70.3,5.1,
244,임실,2024-05-26,18.8,12,24.1,9.7,1.8,79.6,4.6,
244,임실,2024-05-27,17.4,13,22.2,,1.9,66.5,11,
244,임실,2024-05-28,17.3,10.4,24.9,,1.2,67.9,9.4,
244,임실,2024-05-29,19.1,10.1,27.6,,.9,64,12.9,
244,임실,2024-05-30,18.7,13.1,24.7,0,.8,69.4,1.2,
244,임실,2024-05-31,19.4,13.7,25.8,,1.3,64.6,11.7,
244,임실,2024-06-01,17.6,13.3,23.8,0,1.4,71.5,5.6,
244,임실,2024-06-02,17.9,10.8,25.3,,1.2,66.4,12.1,
244,임실,2024-06-03,18.3,9.7,27.4,.3,1.1,68.6,10.2,
244,임실,2024-06-04,19.4,14.5,27.3,,1.1,71.3,10.2,
244,임실,2024-06-05,20.5,14.5,27.9,,1.1,71.8,7.6,
244,임실,2024-06-06,20,14.5,27.2,,1.1,68.9,6.9,
244,임실,2024-06-07,20.2,12.8,26.8,0,1.3,67.3,7.3,
244,임실,2024-06-08,18.7,17.3,20.7,4,1,91.3,.1,
244,임실,2024-06-09,21.8,17.3,28.4,,1,77.1,8.8,
244,임실,2024-06-10,22.3,14.7,30.3,,1.3,73.6,11,
244,임실,2024-06-11,23,16.3,30.8,,1,69.9,11.4,
244,임실,2024-06-12,23.9,16.1,32.1,,1,59.6,12.6,
244,임실,2024-06-13,24.7,15,34.2,,1,57.3,13.1,
244,임실,2024-06-14,24,16.2,31.9,,1.2,69.9,10.6,
244,임실,2024-06-15,23.7,18.9,30.2,,1.3,76.1,6.6,
244,임실,2024-06-16,22.8,17.6,29.2,,1.2,68.3,8.2,
244,임실,2024-06-17,21.2,14.7,27.6,,.7,71.3,3,
244,임실,2024-06-18,23.3,13.7,32.7,,1.2,59.8,13.1,
244,임실,2024-06-19,24.5,15.4,34.6,,1,62.1,9,
244,임실,2024-06-20,21.7,16.5,25.1,,1,71.8,.5,
244,임실,2024-06-21,25,18.8,30.8,,1.2,68.3,9.1,
244,임실,2024-06-22,22.7,21.3,24.5,27,1.4,92.5,0,
244,임실,2024-06-23,22.9,21.6,26.3,2.6,1.2,90.3,.9,
244,임실,2024-06-24,22.9,20.2,28.3,0,1.6,81.9,1.6,
244,임실,2024-06-25,21.2,15.9,26.9,,1.1,68.1,9.6,
244,임실,2024-06-26,22.2,14.9,29.8,,.9,69.8,10.3,
244,임실,2024-06-27,19.8,16.1,23.8,.2,.6,79.5,0,
244,임실,2024-06-28,23.8,15.6,31.4,,.9,70.4,11,
244,임실,2024-06-29,22.5,19.3,25,30,1.6,91.3,.5,
244,임실,2024-06-30,23.9,22.7,25.2,36.3,1.5,93.8,0,
244,임실,2024-07-01,25.4,22.3,30.7,1.8,.8,80,8.2,
244,임실,2024-07-02,25.3,22.8,29.3,10.2,2.1,88.9,1.1,
244,임실,2024-07-03,25.4,21.7,29.7,28.1,1.6,83.8,4.8,
244,임실,2024-07-04,26.1,19.7,31.2,,1.4,79.5,8.3,
244,임실,2024-07-05,25.9,22.5,30,4.1,1.5,77.5,7.1,
244,임실,2024-07-06,26.6,23.3,29,,2.2,81,.3,
244,임실,2024-07-07,26.6,25.1,29.8,2.5,2.2,85.4,.4,
244,임실,2024-07-08,25.4,24.5,26.2,19.3,1.8,92.3,0,
244,임실,2024-07-09,23.4,22,25.6,141.3,.9,95.6,0,
244,임실,2024-07-10,24.1,21.8,26.4,33.8,2.1,90.4,0,
244,임실,2024-07-11,23.6,21.4,26.3,0,.8,86.8,.1,
244,임실,2024-07-12,24.5,21.3,30.2,31.4,.9,83.9,3.5,
244,임실,2024-07-13,24.9,21.9,28.5,,1.2,81.3,6.1,
244,임실,2024-07-14,24.1,22.1,27.4,.8,1.1,86.3,1.3,
244,임실,2024-07-15,25.3,21.3,30,,1.2,81.4,4.3,
244,임실,2024-07-16,23.7,22.6,25.9,2.8,1.5,91.9,.1,
244,임실,2024-07-17,25.3,22.9,28.2,1.2,2.1,89.8,.1,
244,임실,2024-07-18,25.4,23.9,27.9,19.9,2.2,89,.1,
244,임실,2024-07-19,24.2,22.6,28.3,18,1.1,92.4,1,
244,임실,2024-07-20,25.4,22,30.1,18.1,1.8,88,4.6,
244,임실,2024-07-21,27.1,23.9,31.6,10.9,1.6,85.3,3.8,
244,임실,2024-07-22,27.6,24.7,31.1,,2,80.8,4.9,
244,임실,2024-07-23,26.5,24.7,29.9,1.1,1.6,86.3,.4,
244,임실,2024-07-24,26.7,24,32.2,1.3,1.1,89,3.8,
244,임실,2024-07-25,28.2,24.6,32.6,,1.7,79,9.9,
244,임실,2024-07-26,26.2,24.1,31.1,12.4,1.7,88.9,2.9,
244,임실,2024-07-27,26.9,24.8,30.2,10.7,1.8,88.6,1.6,
244,임실,2024-07-28,27.8,24.8,32.1,,1.8,79.8,7,
244,임실,2024-07-29,27.2,23.7,32.3,,1.7,81,7.5,
244,임실,2024-07-30,27.3,23.4,32.4,,1.1,80.6,8.6,
244,임실,2024-07-31,27.8,23.6,32.9,,1.2,80.4,6.5,
244,임실,2024-08-01,28,24.1,32.1,,1.1,82.4,4.3,
244,임실,2024-08-02,28.6,24.8,33.2,0,1.2,82.5,7.4,
244,임실,2024-08-03,29.1,25.8,34.1,,1,81.6,6.9,
244,임실,2024-08-04,28.3,25.3,34.8,3.2,1,83.1,7.4,
244,임실,2024-08-05,26.1,23.7,33,28.6,1.1,90,5.7,
244,임실,2024-08-06,27.3,22.9,33.1,,.9,83.3,9.4,
244,임실,2024-08-07,28.1,23.2,34.1,,.8,81.3,8.5,
244,임실,2024-08-08,26.6,23.3,30.8,0,.8,82.4,6,
244,임실,2024-08-09,27.4,22.6,33.4,,1,78.8,9.9,
244,임실,2024-08-10,27.7,23.3,33.4,8.2,1,80.8,9.2,
244,임실,2024-08-11,27.5,23.6,32.9,,.9,78.5,10.7,
244,임실,2024-08-12,27.3,23.3,34.4,0,.8,82.1,7.7,
244,임실,2024-08-13,28.5,24.2,34.5,,.9,74.4,8.9,
244,임실,2024-08-14,28,23,33.4,0,1.1,74.6,11.1,
244,임실,2024-08-15,26.9,23.3,33.3,.1,.9,79.5,8.2,
244,임실,2024-08-16,25.9,22.8,32.8,36.8,.9,84,6.5,
244,임실,2024-08-17,25.6,22.6,31.9,8.6,.9,87.3,5.1,
244,임실,2024-08-18,26.5,22.8,32.3,0,1,83.6,6.6,
244,임실,2024-08-19,27.4,23.3,32.6,0,.9,80.9,9.3,
244,임실,2024-08-20,27.5,24,32.1,1.8,1.5,86.3,6.1,
244,임실,2024-08-21,27.4,25.4,30.2,15.3,1.9,88.3,2.5,
244,임실,2024-08-22,26.4,23.5,30.2,5.1,1.6,91.1,3.1,
244,임실,2024-08-23,25.9,22.2,31.7,,1,84,8.2,
244,임실,2024-08-24,26.7,21.9,32.7,,.8,81,9.4,
244,임실,2024-08-25,26.5,23.1,31.9,,.9,84,6.4,
244,임실,2024-08-26,26.4,23.5,32.3,0,1,82.6,5.7,
244,임실,2024-08-27,26,22.9,31.2,.2,.8,86.1,.9,
244,임실,2024-08-28,26.2,21.7,31.5,,1.5,76.1,7.2,
244,임실,2024-08-29,26.7,20.5,33.1,,1.7,72.5,9.3,
244,임실,2024-08-30,26.4,20.9,32.8,,1.5,76.8,10.2,
244,임실,2024-08-31,25.1,20,31.2,,1.1,79.5,10,
244,임실,2024-09-01,25.4,20.1,31.4,,.8,77.8,9.2,
244,임실,2024-09-02,24.4,20.6,29.5,,.9,80.4,2.4,
244,임실,2024-09-03,25.6,22.1,29.6,0,1.3,75,6.1,
244,임실,2024-09-04,24.6,18.3,31.1,,.9,71.3,11.4,
244,임실,2024-09-05,25.4,19,31.7,1,1.1,78,9.2,
244,임실,2024-09-06,24.8,22.6,27.7,16.4,.8,90,0,
244,임실,2024-09-07,24.5,23.5,27.6,21.2,1,94.6,.2,
244,임실,2024-09-08,25.9,22.2,31.5,,.9,80.3,8.9,
244,임실,2024-09-09,26.7,21.6,32.6,,.9,80.3,10.2,
244,임실,2024-09-10,27.4,22.4,33.3,,.8,77.3,9.9,
244,임실,2024-09-11,26.1,23.9,31.9,4.6,.8,88.1,2.7,
244,임실,2024-09-12,26.7,23.9,31.7,,.9,86.1,2.1,
244,임실,2024-09-13,26.8,22.6,32.8,,.9,81.6,7.4,
244,임실,2024-09-14,26.9,21.8,33.4,,.8,79.3,10.2,
244,임실,2024-09-15,27.8,22,33.9,,1.1,76,7.8,
244,임실,2024-09-16,27.4,24.5,30.6,,1.4,77.6,.1,
244,임실,2024-09-17,27,23.6,34.6,25,.8,83.5,6.6,
244,임실,2024-09-18,26.8,23.1,33.4,1.7,.9,86.1,7,
244,임실,2024-09-19,27.7,23.1,34,,.9,78.6,8.7,
244,임실,2024-09-20,24.5,23.1,25.4,78,1.2,95.6,0,
244,임실,2024-09-21,23.6,20.7,25.2,127.3,1.1,95.8,0,
244,임실,2024-09-22,21.3,19.3,24.5,1.4,.6,90.9,0,
244,임실,2024-09-23,20.4,17.1,25.4,,1.3,69.9,6.7,
244,임실,2024-09-24,19.4,13.8,26.5,,.7,78.4,8.8,
244,임실,2024-09-25,21,14.8,28,,.7,80.8,7.1,
244,임실,2024-09-26,22.4,17.7,28.1,,.6,82.3,5.1,
244,임실,2024-09-27,21.7,17.9,27.8,,.8,80,8.4,
244,임실,2024-09-28,22.4,15.6,28.6,,1.4,73.8,10.3,
244,임실,2024-09-29,21.2,16.3,27.3,,1.6,73.9,10.7,
244,임실,2024-09-30,19,12.7,27.4,,.7,76.3,10.5,
245,정읍,2024-05-20,19.4,11.3,27.7,,1.9,65.5,11.7,25.9
245,정읍,2024-05-21,19.9,14.8,28.7,,,78,,
245,정읍,2024-05-22,21,15.6,29.8,,,76.8,9.6,24.92
245,정읍,2024-05-23,21,15.2,29.3,,1.8,72,12.2,27.02
245,정읍,2024-05-24,19.6,14.5,28.3,,1.8,76.5,9.6,24.46
245,정읍,2024-05-25,20.9,16,27.3,,1.5,75.8,6.3,18.55
245,정읍,2024-05-26,21.1,15.7,25.2,8.1,3.4,71.6,4.2,12.59
245,정읍,2024-05-27,17.9,13.8,23.3,,2.3,67.9,9.3,22.55
245,정읍,2024-05-28,18.7,11.7,26,,2.4,66.4,11.1,26.33
245,정읍,2024-05-29,20.7,12.8,28.5,,1.6,65.1,12.3,28
245,정읍,2024-05-30,20.5,15.3,26.7,0,1.5,63,1.1,14.58
245,정읍,2024-05-31,20.5,15.1,26.4,,2,64,12,28.42
245,정읍,2024-06-01,18.9,14.8,24.1,0,2.5,69.3,8.3,22.35
245,정읍,2024-06-02,19.6,12.4,27.2,,1.9,59.9,12.2,27.8
245,정읍,2024-06-03,20.7,11.6,29.4,,1.7,54.1,12.6,28.87
245,정읍,2024-06-04,20.8,14.9,27.8,,2.1,70.5,11,26.34
245,정읍,2024-06-05,21.3,15.9,29.1,,1.8,73.9,6.6,20.92
245,정읍,2024-06-06,21.1,15.9,29.5,0,1.5,66.9,6.6,20.92
245,정읍,2024-06-07,22.1,14.4,28.8,,1.7,62,6,17.56
245,정읍,2024-06-08,20.8,18.7,23.9,8.6,1.4,85.6,.4,4.58
245,정읍,2024-06-09,22.7,17.9,29,,1.5,76.5,9.6,23.52
245,정읍,2024-06-10,24.5,16.2,32.3,,2,65.9,11.7,26.55
245,정읍,2024-06-11,24.2,18.7,31.3,,1.6,64.9,10.7,25.64
245,정읍,2024-06-12,24.1,17,33.7,,1.8,62.9,11.6,27.95
245,정읍,2024-06-13,24.9,16.6,33,,1.9,56.6,12.7,28.3
245,정읍,2024-06-14,25.3,18.6,33.4,,1.7,65.1,9.5,23.79
245,정읍,2024-06-15,25.4,21,31.6,,2.1,70.6,7.9,20.98
245,정읍,2024-06-16,24.1,19.5,30.4,,1.9,68,10.5,26.87
245,정읍,2024-06-17,22.6,16.3,28.8,,1.3,72.5,2,14.97
245,정읍,2024-06-18,24.3,16.1,33.1,,1.7,62,12.3,28.3
245,정읍,2024-06-19,25.3,17.3,37.5,,1.9,58.4,8.4,24.37
245,정읍,2024-06-20,23.6,18.5,26.7,,1.9,64.6,.3,9.34
245,정읍,2024-06-21,26.1,20.6,33.2,,1.6,66.9,9.2,23.8
245,정읍,2024-06-22,24.4,22.9,25.3,23.4,2.7,88.1,0,.11
245,정읍,2024-06-23,23.8,22.2,27.9,3.8,2.4,89.8,2.8,6.82
245,정읍,2024-06-24,24.2,20.7,30.3,0,2.7,80.6,4.7,17.99
245,정읍,2024-06-25,22.8,17.5,28.8,,1.6,68.5,8.8,23
245,정읍,2024-06-26,23.6,17.5,30.8,,1.9,69.5,11.2,26.51
245,정읍,2024-06-27,22.4,18.7,26.2,,1.3,70.6,.3,8.72
245,정읍,2024-06-28,25.4,17.6,33,,1.5,65.4,11.3,27.02
245,정읍,2024-06-29,24.7,21.9,27.3,27.2,2.8,82.8,.1,
245,정읍,2024-06-30,24.2,23.1,26,13.3,4.4,94,0,
245,정읍,2024-07-01,26.3,22.8,32,,1.5,80.6,7.5,
245,정읍,2024-07-02,27.3,23.7,31,7.9,4.8,81.6,1.5,
245,정읍,2024-07-03,26.5,23.7,30.6,28.1,3.3,81.6,7.1,
245,정읍,2024-07-04,27.9,21.5,33.9,,3,74.9,,
245,정읍,2024-07-05,26.4,23.5,30.9,5.6,2.7,79.4,7.9,24.04
245,정읍,2024-07-06,28.1,26.1,31,,5.6,77.4,3.7,19.35
245,정읍,2024-07-07,27.2,25.8,29.7,1.1,4.5,85.1,.3,8.87
245,정읍,2024-07-08,26.6,25.1,28.2,25.9,3.3,88.8,.1,4.59
245,정읍,2024-07-09,24.7,23.4,26.6,101.9,2.1,93.8,0,3.51
245,정읍,2024-07-10,24.8,23.3,26.8,25.6,4.6,90,.1,6.61
245,정읍,2024-07-11,24,22.6,27,6,1,89.8,0,8.09
245,정읍,2024-07-12,25.2,22.3,30.3,0,1.2,85.1,1.6,14.52
245,정읍,2024-07-13,26.5,22.2,31.6,0,1.6,76.4,8.1,20.23
245,정읍,2024-07-14,25.8,23,29.2,4.5,1.7,84.1,2.3,13.28
245,정읍,2024-07-15,27.4,24.2,32.8,2.4,1.2,78.4,3.3,16.4
245,정읍,2024-07-16,26.6,24.4,29.2,4.2,2,83.8,.2,8.42
245,정읍,2024-07-17,28.1,26.3,31.2,,4.7,78.5,.4,12.07
245,정읍,2024-07-18,27.6,24.4,29.2,20.8,5.3,79.6,.4,8.38
245,정읍,2024-07-19,25.6,23.5,29.8,24.4,2,89.6,2.4,12.48
245,정읍,2024-07-20,26.8,22.9,32.3,31.3,3.7,83.9,5.8,16.39
245,정읍,2024-07-21,28.9,25.8,33.3,5.5,3.6,78.3,7.5,22.55
245,정읍,2024-07-22,29.6,27.5,32.8,,5.3,72.4,6.4,19.6
245,정읍,2024-07-23,28.7,27.1,31.6,0,3.7,79.5,.4,10.12
245,정읍,2024-07-24,29.5,26.1,34.6,1.6,1.9,80.5,7.1,18.89
245,정읍,2024-07-25,30.1,25.4,35.2,0,2,73.4,9.1,21.5
245,정읍,2024-07-26,28.9,26.6,32.5,9.6,3.1,77,3.1,13.33
245,정읍,2024-07-27,29.3,26.5,32.5,1,2.5,78.1,3.5,14.59
245,정읍,2024-07-28,30.3,27.9,34.7,,3.8,69,10.7,25.77
245,정읍,2024-07-29,29,25.9,33.4,,3.4,75.1,9,22.27
245,정읍,2024-07-30,28.6,25.4,32.8,,2.4,79,10.5,24.04
245,정읍,2024-07-31,30,25.3,35.9,,2.1,73.1,9.3,24.99
245,정읍,2024-08-01,30.5,26.7,35.9,,2.3,74.6,8.4,22.07
245,정읍,2024-08-02,30.5,26.6,36,,1.9,78.9,9.4,21.67
245,정읍,2024-08-03,30.6,26.9,36.3,,1.4,79.9,7.7,21.26
245,정읍,2024-08-04,31,26.4,36.7,,1.4,72.6,11.5,27.41
245,정읍,2024-08-05,27.4,23.5,34.6,55.9,1.4,86,4.2,8.61
245,정읍,2024-08-06,28.7,24.4,34.3,.4,1.5,83.6,9.5,22.1
245,정읍,2024-08-07,29.7,25.9,35.1,0,1.4,80.5,9.8,22.39
245,정읍,2024-08-08,27.7,25,32.3,0,1.1,83.6,3.4,14.17
245,정읍,2024-08-09,28.8,23.6,35,,1.5,77.5,11.9,25.39
245,정읍,2024-08-10,30,25.2,36.1,0,1.4,72.3,9.1,23.03
245,정읍,2024-08-11,30.3,24.6,35.8,,1.3,68.9,11.5,25.2
245,정읍,2024-08-12,30.5,25.2,36.2,0,1.3,72.3,9.4,21.57
245,정읍,2024-08-13,29.9,26.6,35.3,0,2,77.3,7.4,18.81
245,정읍,2024-08-14,30.4,25.5,36.7,0,1.5,71.1,9.6,21.65
245,정읍,2024-08-15,28.4,25.2,34.6,0,1.1,76.4,6.7,15.41
245,정읍,2024-08-16,27,24,34,26.4,1.6,84,4.9,11.96
245,정읍,2024-08-17,27.2,24.1,32.7,.2,1.1,86,4.6,14.45
245,정읍,2024-08-18,27.6,23.9,33.6,8.7,1.2,84,8.2,21.02
245,정읍,2024-08-19,29.7,24.6,35.2,0,1.1,76,10.9,23.49
245,정읍,2024-08-20,29.3,25.7,34.9,21.6,1.8,80.8,6.9,18.31
245,정읍,2024-08-21,29.2,27.1,33,12.6,2.6,82.9,5,12.38
245,정읍,2024-08-22,28.7,25.3,31.7,1.1,3,80.8,3.9,12.84
245,정읍,2024-08-23,27.7,23.2,33.3,,1.4,80.9,9.9,20.87
245,정읍,2024-08-24,28.6,23.9,34.5,,1.1,76.9,9.9,23.8
245,정읍,2024-08-25,28.1,24.1,32.7,,1,80.4,5,14.72
245,정읍,2024-08-26,28,23.8,34.5,,1.2,79.3,9,21.94
245,정읍,2024-08-27,27.5,24.6,31.7,0,1.2,84.3,.4,9.71
245,정읍,2024-08-28,28.6,22.8,35.5,,1.8,70.9,10.2,22.75
245,정읍,2024-08-29,28.2,22.7,34.9,,2.5,70.6,11.1,22.25
245,정읍,2024-08-30,27.4,22.8,33.2,,2.2,74.6,11,24.37
245,정읍,2024-08-31,26.3,21.7,32.2,,1.4,73.3,10.1,22.95
245,정읍,2024-09-01,27.1,22.1,32.6,,1.6,72.5,9.3,21.97
245,정읍,2024-09-02,25.7,21.4,30.3,,1.1,76.8,1.6,10.22
245,정읍,2024-09-03,26.8,23,32.8,.6,1.4,77.5,3.2,14.75
245,정읍,2024-09-04,27,21.7,33.6,,1.2,70.6,11.5,23.75
245,정읍,2024-09-05,27.2,21.6,32.8,1,1.6,75.3,9.4,21.82
245,정읍,2024-09-06,26.5,24.7,29.5,7.2,.8,89,.2,5.99
245,정읍,2024-09-07,26.6,23,31.1,0,1.1,84.1,3.3,11.37
245,정읍,2024-09-08,26.4,21.8,33.1,,1.3,75.1,11.7,23.5
245,정읍,2024-09-09,28.1,22.4,34.9,,1.4,75.5,8,18.32
245,정읍,2024-09-10,28.9,23.2,36,,1.4,74.3,10.6,22.48
245,정읍,2024-09-11,28.4,25.8,36.1,1.1,1.3,80.9,3.6,13.66
245,정읍,2024-09-12,28.6,25.6,35.1,,1.4,80.8,5.6,16.35
245,정읍,2024-09-13,28.6,24,34.9,,1.7,76.1,8.8,20.81
245,정읍,2024-09-14,28.7,23.7,34.4,,1.7,76.3,11.4,22.3
245,정읍,2024-09-15,29.4,24.3,35.5,,1.7,78,9.1,20.49
245,정읍,2024-09-16,28.2,24.6,31.4,0,1.1,79.5,.4,7.34
245,정읍,2024-09-17,29.7,25.3,35.7,,1.8,77.5,8.5,17.7
245,정읍,2024-09-18,28.4,25,36.5,3,1.4,82.3,7.7,17.2
245,정읍,2024-09-19,30,23.8,37.3,0,1.4,72.4,8.7,20.02
245,정읍,2024-09-20,26.6,24.8,28.6,55.6,1.7,90,0,3.57
245,정읍,2024-09-21,24.3,20.7,26.9,84.6,2.6,95.6,0,2.85
245,정읍,2024-09-22,21.3,18.6,23.8,.5,1.6,92.5,0,6.37
245,정읍,2024-09-23,22.4,19.2,27.9,,1.4,71.4,3.9,15.59
245,정읍,2024-09-24,21.9,16.6,27.9,,1.6,64.4,10.5,20.01
245,정읍,2024-09-25,22.8,17.4,29.5,,1.4,76.5,9.3,17.61
245,정읍,2024-09-26,24.2,19.8,30.5,,1.4,78.6,8.2,18.08
245,정읍,2024-09-27,22.9,18.7,28.5,,1.5,77.4,9.9,19.08
245,정읍,2024-09-28,24.1,18,31.1,,1.4,71,9.6,17.99
245,정읍,2024-09-29,23.8,18.3,29.7,,1.5,65.4,9.7,17.8
245,정읍,2024-09-30,21.8,15.9,29.2,,1.3,68,10.8,20.45
247,남원,2024-05-20,20.3,10.6,28.5,,1.4,56.9,12.7,
247,남원,2024-05-21,21.5,13.1,29,,1.8,64.8,11.9,
247,남원,2024-05-22,22.4,15.6,29.7,,1.4,66.1,11.6,
247,남원,2024-05-23,22.5,15.9,30.3,,1.6,56.9,12.8,
247,남원,2024-05-24,22.1,12.7,30.4,,1.5,61.8,12.6,
247,남원,2024-05-25,20.9,16.7,25.9,,2.2,64.9,6.9,
247,남원,2024-05-26,20.4,15.3,24.3,4.8,2.4,73.6,3.5,
247,남원,2024-05-27,18.7,14.4,23.4,.6,1.6,62.6,8.5,
247,남원,2024-05-28,19,12.1,25.4,,1.6,61.3,8.9,
247,남원,2024-05-29,20.8,12,28.6,,1.7,59.6,13.5,
247,남원,2024-05-30,20.3,15,25.6,0,1.4,65.1,.9,
247,남원,2024-05-31,21.1,15.3,27.3,,1.5,59.4,11.6,
247,남원,2024-06-01,18.5,14,24.7,,1.7,66.1,7.1,
247,남원,2024-06-02,19,11.4,26.8,,1.8,62,12,
247,남원,2024-06-03,19.8,11.8,28.4,.6,1.9,64.3,10.5,
247,남원,2024-06-04,21.2,16.4,28.6,,1.3,66.4,8.4,
247,남원,2024-06-05,21.6,15.6,28.9,,2,64.6,7.1,
247,남원,2024-06-06,20.9,15.8,26.4,,1.7,63.6,5.2,
247,남원,2024-06-07,21.4,14.5,27.5,0,2.1,64.3,7.5,
247,남원,2024-06-08,19.2,17.6,20.8,11.1,.9,92.3,0,
247,남원,2024-06-09,22.9,17.9,28.8,,1.2,76,9.8,
247,남원,2024-06-10,24.1,16.3,31.6,,1.6,67.4,11.7,
247,남원,2024-06-11,24.6,17.6,32.2,,1.5,65.9,10.9,
247,남원,2024-06-12,25.3,17.9,32.4,,1.5,59.1,12.7,
247,남원,2024-06-13,25.8,17.1,35,,1.7,55.1,10.6,
247,남원,2024-06-14,25.7,18.3,32.8,,1.7,64.1,9.8,
247,남원,2024-06-15,25.8,20,32.1,,1.8,66.6,10,
247,남원,2024-06-16,24.1,19.1,30.1,,1.3,62.5,8,
247,남원,2024-06-17,21.7,15.3,28.2,,1.4,67.4,1.6,
247,남원,2024-06-18,24.5,15.4,34,,1.9,55.5,13.8,
247,남원,2024-06-19,26.1,16.8,35.9,,2,54.9,9,
247,남원,2024-06-20,22.8,18.3,26.2,,1.4,67.3,.5,
247,남원,2024-06-21,26,20.5,31.4,,1.9,64.3,9.5,
247,남원,2024-06-22,23.4,21.6,24.6,53.6,.9,94,0,
247,남원,2024-06-23,23.9,22.3,27.3,.1,1.6,88.8,.5,
247,남원,2024-06-24,24.2,21.2,29.4,,1.9,79.6,3.4,
247,남원,2024-06-25,22,17.3,28,,1.4,66.9,8.9,
247,남원,2024-06-26,23,15.9,30.2,,1.8,64.5,11.7,
247,남원,2024-06-27,20,16.4,23.4,,1.8,73.9,.4,
247,남원,2024-06-28,24.8,16.1,32.5,,1.4,68,13,
247,남원,2024-06-29,23.3,20.3,25.4,52.7,1.3,89.6,.4,
247,남원,2024-06-30,24.4,23.8,26,72.9,2,97.3,0,
247,남원,2024-07-01,26.3,23.1,31.2,0,1.3,79.6,9,
247,남원,2024-07-02,26.7,22.8,30.9,13.1,3,83.3,.6,
247,남원,2024-07-03,26.9,23.6,31.2,20.8,2.5,78.5,8,
247,남원,2024-07-04,27.2,21,32.9,,1.7,77.3,9,
247,남원,2024-07-05,27.2,23.7,31.5,8.9,2.4,75.3,7.3,
247,남원,2024-07-06,27.6,23.5,30.7,,2.5,79,.8,
247,남원,2024-07-07,28.1,26.3,31.4,,2.1,80.1,.4,
247,남원,2024-07-08,26.7,25.3,28.8,14.3,1.5,87.4,0,
247,남원,2024-07-09,24.6,23.1,26.8,43.2,1.7,94,0,
247,남원,2024-07-10,25.5,23.4,27.9,20.7,2.6,86.4,.5,
247,남원,2024-07-11,24,21.9,27.8,53.7,.9,88.9,.4,
247,남원,2024-07-12,24.4,21.1,30,26,1,88.6,2.2,
247,남원,2024-07-13,25.5,22.1,29.4,0,1.3,80.6,4.3,
247,남원,2024-07-14,24.6,22.4,28.2,1.8,2,85.8,.4,
247,남원,2024-07-15,26.1,22,30.7,,1.4,80.4,6.5,
247,남원,2024-07-16,23.9,22.8,25.6,34.1,1,94.3,.2,
247,남원,2024-07-17,26.6,22.5,30.7,,1.6,83.9,.2,
247,남원,2024-07-18,27.2,25.1,29.4,5.9,2.6,80.9,0,
247,남원,2024-07-19,24.8,22.8,28.2,16.4,1.3,91.5,1.7,
247,남원,2024-07-20,26.2,21.6,31.9,28.2,2.1,84.3,4.2,
247,남원,2024-07-21,28.4,24,33.1,12,1.7,80.8,4.5,
247,남원,2024-07-22,28.9,24.3,33.1,,2.6,76.3,8.7,
247,남원,2024-07-23,28.6,26.2,31.6,,2.1,76.9,1.1,
247,남원,2024-07-24,28.3,24.9,34.3,3.7,1.5,83.1,6,
247,남원,2024-07-25,29,24.3,34.1,.1,2.1,77.4,10.7,
247,남원,2024-07-26,27.2,24.8,31.8,5.7,1.5,88.9,3.1,
247,남원,2024-07-27,28.4,25.3,31.1,4.2,2.3,81,2,
247,남원,2024-07-28,29.8,27.3,33.9,,2.5,72.8,9.8,
247,남원,2024-07-29,28.7,23.9,33.3,,2,76.9,8.3,
247,남원,2024-07-30,28.8,24.9,33.4,,1.2,76.5,6.3,
247,남원,2024-07-31,29.4,24.5,34.7,,1.5,77.1,7.5,
247,남원,2024-08-01,29.6,26,34.4,,1.4,76.8,5.9,
247,남원,2024-08-02,29.8,25.2,35,0,1.4,80.5,7.8,
247,남원,2024-08-03,30.2,26.7,35.5,0,1.1,80,7.9,
247,남원,2024-08-04,29.5,26.2,35.7,,2,76.6,6.4,
247,남원,2024-08-05,26.8,24.1,33.4,13.9,1.6,87,5.4,
247,남원,2024-08-06,28.2,23.7,34.2,,1.4,79.3,10.6,
247,남원,2024-08-07,29.2,23.8,35.2,,1.2,77.6,11.4,
247,남원,2024-08-08,28.2,24.3,33,.1,1.2,80.3,8.1,
247,남원,2024-08-09,28.5,23.1,34.8,,1.4,72.3,12.1,
247,남원,2024-08-10,28.9,24,34.5,.4,1.8,75.1,7.5,
247,남원,2024-08-11,28.9,24.6,34.4,,1.2,76.8,9.7,
247,남원,2024-08-12,28.9,24.3,36.3,,1.5,75,9.3,
247,남원,2024-08-13,28.9,24.3,35.2,,1.8,67.8,8.7,
247,남원,2024-08-14,28.7,22.8,34.6,0,1.6,69.4,9,
247,남원,2024-08-15,27.8,24.2,34.6,,1.2,77.4,7.7,
247,남원,2024-08-16,27.3,24,34.7,1.6,1.5,80.5,9.4,
247,남원,2024-08-17,26.4,23.5,33.8,3.4,1.2,85.8,5.5,
247,남원,2024-08-18,27.4,23.4,33.5,,1.2,80.5,7.8,
247,남원,2024-08-19,28.5,23.4,34.6,0,1.4,76.8,9.6,
247,남원,2024-08-20,29,25,34.4,2,2,80,7.1,
247,남원,2024-08-21,29.2,26.7,31.8,5.2,2.2,79.1,5.1,
247,남원,2024-08-22,27.7,24.3,32.4,7.6,2.4,85,4.3,
247,남원,2024-08-23,27.3,23,32.5,0,.9,80.6,6.4,
247,남원,2024-08-24,27.7,22.7,34.2,,1.4,78.6,11,
247,남원,2024-08-25,27.9,23.5,34.4,,1.2,80.3,7,
247,남원,2024-08-26,27.6,22.9,34.1,112.7,1.5,74.1,7.8,
247,남원,2024-08-27,26.9,23,32,,,,1,
247,남원,2024-08-28,27.4,24.8,31,,5.7,72.4,7.8,
247,남원,2024-08-29,28.7,24.5,33.7,,3.3,69.1,10.3,
247,남원,2024-08-30,27.5,21.8,33.6,,1.5,78.1,11.3,
247,남원,2024-08-31,26.6,21.4,32.5,,1.2,78.3,11.3,
247,남원,2024-09-01,26.6,21.4,32.6,,1.2,78.5,11,
247,남원,2024-09-02,26.1,21.6,31.4,,1.3,80.3,4.5,
247,남원,2024-09-03,26.5,24,29.9,0,3.2,73.5,7.1,
247,남원,2024-09-04,25.9,20.6,32.2,,2.3,69.1,11.6,
247,남원,2024-09-05,26.1,19.3,32.4,,1.6,76.9,9.5,
247,남원,2024-09-06,26,24.3,28.9,2,.8,90,0,
247,남원,2024-09-07,25.1,23.9,28.6,17.3,.8,97.4,.5,
247,남원,2024-09-08,27.3,23.4,32.3,,1.2,82.6,8.4,
247,남원,2024-09-09,27.7,23.7,33.2,,1.1,82.6,7.5,
247,남원,2024-09-10,28.4,23.1,34.6,,1.4,78.6,10.1,
247,남원,2024-09-11,26.6,24.7,31.5,17.1,1.3,91.6,1.1,
247,남원,2024-09-12,27.9,24.5,32.7,,1.4,85.9,5.3,
247,남원,2024-09-13,28,23.3,33.7,,1.3,81.1,9.4,
247,남원,2024-09-14,28.3,22.9,34.5,,1.2,80.1,11.7,
247,남원,2024-09-15,28.7,23.8,34.3,0,2.2,79.4,8,
247,남원,2024-09-16,28.3,26.3,32,,3.6,76.5,.8,
247,남원,2024-09-17,27.9,24.1,35.8,5.1,1.1,87.5,6.7,
247,남원,2024-09-18,28.1,23.9,34.1,,1.2,86.6,5.8,
247,남원,2024-09-19,29.1,23.5,35.5,,1.7,77.6,10.9,
247,남원,2024-09-20,25.2,23.6,27,120.9,1.2,96.3,.1,
247,남원,2024-09-21,24.1,21.9,25.7,60.6,1.4,99,0,
247,남원,2024-09-22,22.9,20.9,26,0,2.6,79.4,.6,
247,남원,2024-09-23,21.3,17.8,25.9,,4.4,68,6.2,
247,남원,2024-09-24,21,15.5,27.2,,1.9,72,7.5,
247,남원,2024-09-25,22.2,16,29.1,,1.2,80.4,9,
247,남원,2024-09-26,23.3,18.3,29.3,,1.1,81.9,5.2,
247,남원,2024-09-27,22.4,18.8,28.8,,1.2,83.3,7.6,
247,남원,2024-09-28,23.3,17.6,29,,3.3,77,9.2,
247,남원,2024-09-29,23.3,20.3,27.5,,4.5,69,10.7,
247,남원,2024-09-30,20.7,14.8,28.6,,1.6,72.3,10.7,
248,장수,2024-05-20,17.5,8,26.4,,1.2,61.9,11.7,
248,장수,2024-05-21,19.6,10.5,27.3,,1,70.1,11.5,
248,장수,2024-05-22,20.2,13.8,28.1,,1.3,72.4,10.1,
248,장수,2024-05-23,19.8,13.3,28.7,,1.2,64.9,12.3,
248,장수,2024-05-24,20.2,10,28.2,,1.4,68.9,12.2,
248,장수,2024-05-25,18.9,13.8,23.8,,1.4,72,2,
248,장수,2024-05-26,18.6,11,24.5,11.9,1.7,80.4,4.5,
248,장수,2024-05-27,16.6,11.8,21.1,,2.5,67.3,9.4,
248,장수,2024-05-28,15.7,9.3,23.2,,1.5,72.3,8.4,
248,장수,2024-05-29,17.6,8.5,26.2,,.8,69.1,12.4,
248,장수,2024-05-30,18,12.2,23.7,0,.8,74,.4,
248,장수,2024-05-31,19.2,13.6,25.5,,1.6,62.3,11.2,
248,장수,2024-06-01,16.5,11.6,22.6,0,1.8,71.3,6.6,
248,장수,2024-06-02,16.2,8.4,23.8,,1.6,68.3,9.7,
248,장수,2024-06-03,16.6,8.7,25.8,11.7,1.1,74.3,9.8,
248,장수,2024-06-04,17.9,12.6,25.8,,1.4,70.9,10.1,
248,장수,2024-06-05,19.2,10.3,26.8,,1.1,68.1,8.7,
248,장수,2024-06-06,18.4,12.5,25.1,,1,69.6,5.6,
248,장수,2024-06-07,19.6,11.6,26.2,0,1.2,69.1,7.7,
248,장수,2024-06-08,18.1,16.6,19.9,9.2,.7,92.8,0,
248,장수,2024-06-09,20.6,16.4,26.9,.3,1.1,81.5,8.7,
248,장수,2024-06-10,21.9,14.7,29.2,,1.1,76,10.4,
248,장수,2024-06-11,22.2,15.4,29.8,,1.1,73.1,11.5,
248,장수,2024-06-12,22.8,15.7,30.5,,1.1,65.8,12.1,
248,장수,2024-06-13,23.8,14,32.7,,1,61.4,11.2,
248,장수,2024-06-14,23.8,15.9,31.5,0,1.2,68.1,11.1,
248,장수,2024-06-15,23,17.7,28.9,0,1.3,76.8,6.8,
248,장수,2024-06-16,21.5,15.7,27.2,,1.7,64,11.9,
248,장수,2024-06-17,19.6,12.5,26.5,,.7,72.5,2.4,
248,장수,2024-06-18,22,12.4,32.2,,1.5,62.3,12.9,
248,장수,2024-06-19,23.2,13.8,33.6,,.9,63.4,9,
248,장수,2024-06-20,20.6,15.3,25.5,,.8,72.9,.5,
248,장수,2024-06-21,23.9,16.5,30,,1.4,70.3,9.4,
248,장수,2024-06-22,22.3,20.7,23.9,50.8,1.4,92.1,0,
248,장수,2024-06-23,22.2,20.6,24.4,2.6,1.3,89.4,.1,
248,장수,2024-06-24,22.9,18.8,27,.1,2,76.1,2.2,
248,장수,2024-06-25,19.6,14.2,25.5,,1.5,70,9.2,
248,장수,2024-06-26,20.2,13.1,27.7,,.9,74.1,10.6,
248,장수,2024-06-27,18.5,14.7,24.1,0,.6,84.6,0,
248,장수,2024-06-28,23.1,14.5,29.8,,1.1,74,9.8,
248,장수,2024-06-29,21.8,18,24.7,39.1,1.4,91.8,1.9,
248,장수,2024-06-30,23.1,21.7,24.2,69.5,2.4,93.8,0,
248,장수,2024-07-01,24.3,20.8,28.9,.9,.9,82.6,8.5,
248,장수,2024-07-02,24.9,20.9,28.8,14,2,84.5,.9,
248,장수,2024-07-03,24.6,20.7,28.3,42.5,2.2,82.8,2,
248,장수,2024-07-04,26,19.6,29.6,,1.6,76.1,8.8,
248,장수,2024-07-05,25.1,22,28.7,5.7,2.3,77.5,6.2,
248,장수,2024-07-06,26.1,22.4,28.7,,2.2,79.5,.5,
248,장수,2024-07-07,26,24.7,28.8,.2,2.4,84.3,.1,
248,장수,2024-07-08,25.3,23.9,26.1,12.3,2.1,86,.1,
248,장수,2024-07-09,22.6,20.9,25.7,180.3,1.2,97.9,0,
248,장수,2024-07-10,23.5,21,25.3,58.7,2.4,90.1,.3,
248,장수,2024-07-11,23.1,20.5,26.4,21.4,1.1,88.3,.6,
248,장수,2024-07-12,24.2,21,30.4,10.3,1.2,84,5.9,
248,장수,2024-07-13,23.9,20.8,28.1,,1.1,82.5,5.4,
248,장수,2024-07-14,23.4,20.8,27.1,.5,1,86.5,.8,
248,장수,2024-07-15,23.8,19.3,29.9,,.9,84.8,4.3,
248,장수,2024-07-16,23.7,20,26.7,.7,1.1,88.8,.5,
248,장수,2024-07-17,25.4,23.9,27.4,.7,1.8,82,.1,
248,장수,2024-07-18,25.1,23.5,27,21.5,3,83.5,0,
248,장수,2024-07-19,23.6,20.7,27.4,12.8,1.4,89.6,1.6,
248,장수,2024-07-20,24.3,19.1,30.1,31.1,1.6,87.1,3.2,
248,장수,2024-07-21,26.9,23.5,30.8,8,2.1,79.9,4.8,
248,장수,2024-07-22,27.2,24.9,30,,2.1,75.5,3.2,
248,장수,2024-07-23,26.1,23.7,29,1.8,1.9,83.6,.3,
248,장수,2024-07-24,25.7,23,32.2,11.5,1.2,90.1,4.7,
248,장수,2024-07-25,25.3,21.8,31.6,28.7,.8,90.9,7.4,
248,장수,2024-07-26,25.5,22.4,30.6,3.7,1.1,87.8,3.9,
248,장수,2024-07-27,26.6,23.6,31.2,2.9,1.5,85.1,3,
248,장수,2024-07-28,27.4,22.6,31.4,,1.8,76.6,7.4,
248,장수,2024-07-29,26.9,23.2,31.1,,1.9,76.4,4.7,
248,장수,2024-07-30,26.2,22.3,30.5,,1.4,78,6.5,
248,장수,2024-07-31,26.3,21,32.1,,1.1,83.3,8.7,
248,장수,2024-08-01,27.4,22.7,31.5,,1.1,79.8,5.3,
248,장수,2024-08-02,27.2,22.4,32.3,,1.2,84,6.9,
248,장수,2024-08-03,27.8,23.9,32.9,0,1,83.6,6.8,
248,장수,2024-08-04,26.2,23.2,33.8,.9,.9,89.8,5.6,
248,장수,2024-08-05,24.7,22.6,32.2,19.3,1,90.9,5.6,
248,장수,2024-08-06,26.1,21.5,32.5,3.4,1.1,86.8,10.1,
248,장수,2024-08-07,26.8,22.2,32.6,,.9,85.3,7.6,
248,장수,2024-08-08,25.7,22.1,31,,1.1,85.3,5.3,
248,장수,2024-08-09,25.3,20.7,32.2,3.2,1,83.6,7.8,
248,장수,2024-08-10,26.3,21.4,32.2,.6,.8,84.9,6.4,
248,장수,2024-08-11,27.1,22.4,32.4,0,1,80.3,9.6,
248,장수,2024-08-12,25.9,21.5,33.1,0,.8,84.8,5.7,
248,장수,2024-08-13,26.1,21.2,32.8,,.9,80.1,8.8,
248,장수,2024-08-14,26.1,19.9,32.9,,.8,76.3,10.2,
248,장수,2024-08-15,25.1,20.7,31.9,21.5,.9,86.1,6.8,
248,장수,2024-08-16,25.1,20.8,32,,.9,85.1,6.4,
248,장수,2024-08-17,24.8,21.2,31.2,1.2,.8,89.1,5.1,
248,장수,2024-08-18,25.7,21.8,32.2,,.9,83.5,6.8,
248,장수,2024-08-19,26.2,20.8,31.8,0,.9,80.3,8.6,
248,장수,2024-08-20,26.8,22.6,31.7,1.4,1,85.9,3.2,
248,장수,2024-08-21,27.4,24.9,29.9,6.5,1.7,82.4,1.4,
248,장수,2024-08-22,26.1,22.3,31.1,5.2,1.6,86.3,4.5,
248,장수,2024-08-23,24.8,20.2,30.2,,.8,84.3,6.2,
248,장수,2024-08-24,24.9,18.8,31.7,,.7,84,9.2,
248,장수,2024-08-25,25.5,21.4,31.5,,.7,85.1,5.1,
248,장수,2024-08-26,25.8,21.4,31.8,4.6,1,84.8,7.5,
248,장수,2024-08-27,25,22.5,29.5,0,1.2,87.8,.5,
248,장수,2024-08-28,25.1,19.7,29.7,,2.2,74.8,5.5,
248,장수,2024-08-29,25.3,21.1,30.8,0,2.9,76.1,6.3,
248,장수,2024-08-30,24.9,19.5,31.8,,1.6,80.5,8.3,
248,장수,2024-08-31,23.9,18.1,30.8,,1,82.3,9.3,
248,장수,2024-09-01,23.8,18.9,29.5,,.9,82.1,8.4,
248,장수,2024-09-02,23.2,18.2,28.3,.2,.8,81.8,2.6,
248,장수,2024-09-03,23.7,19,28.1,,1.2,78.4,2.9,
248,장수,2024-09-04,22.8,16.4,30.6,,.9,73,11,
248,장수,2024-09-05,24.1,16.8,30.3,.9,1.2,78.1,8,
248,장수,2024-09-06,23.7,21.3,27.4,14.8,.7,92.8,0,
248,장수,2024-09-07,23.5,21.5,27,6.2,.7,95.3,0,
248,장수,2024-09-08,24.6,21.5,30.9,,.9,85.5,8.3,
248,장수,2024-09-09,25.5,20.9,31.7,,.6,82.8,6.9,
248,장수,2024-09-10,25.6,20,33.1,,.7,79.8,9.9,
248,장수,2024-09-11,25.1,21.9,30,.7,.8,90.3,.5,
248,장수,2024-09-12,25.6,21.9,30.6,0,.8,87.8,2.1,
248,장수,2024-09-13,25.1,19.9,31.5,,1.1,84,9,
248,장수,2024-09-14,26.1,20.7,32.7,,.8,82.1,9.5,
248,장수,2024-09-15,26.8,20.3,32.7,,1.1,78,7.5,
248,장수,2024-09-16,26.5,23.3,30.4,,1.7,78.8,.6,
248,장수,2024-09-17,26.3,22.7,33,4.4,.8,87.9,5.7,
248,장수,2024-09-18,26,22.3,33,3.2,.8,88,4.9,
248,장수,2024-09-19,25.8,21.8,33.4,5.1,.8,86.8,6.1,
248,장수,2024-09-20,23.7,22.4,25,51,.8,97.5,0,
248,장수,2024-09-21,22.8,19.5,24.8,192.1,1.6,97.6,0,
248,장수,2024-09-22,20.6,18.4,24.1,.3,1.7,86.3,.3,
248,장수,2024-09-23,18.5,13.2,24.2,,1.4,75.8,7.6,
248,장수,2024-09-24,18,11.7,26.1,,.7,81.9,8,
248,장수,2024-09-25,19.3,13.2,26.7,,.6,83.3,7.2,
248,장수,2024-09-26,21.1,15.9,27.6,,.6,84.4,4.6,
248,장수,2024-09-27,20.5,15.9,27,,.8,81.8,7.8,
248,장수,2024-09-28,20.4,13.7,26.9,,1.2,77.5,6.8,
248,장수,2024-09-29,19.6,13.3,25.2,,1.3,77.1,7.2,
248,장수,2024-09-30,17.1,10.4,26.5,,.7,78.1,10,
251,고창군,2024-05-20,19.1,10.6,26.8,,1.2,65.3,10.9,27.66
251,고창군,2024-05-21,19.6,14.3,26.7,,1.3,81.6,8.6,24.77
251,고창군,2024-05-22,20.2,15.8,28.2,,1.3,79.8,9.7,25.46
251,고창군,2024-05-23,20.2,14.5,28.6,,1.4,72.9,10.7,28.22
251,고창군,2024-05-24,18.5,13.6,27.5,,1.6,78.4,9.7,26.01
251,고창군,2024-05-25,20.2,15.1,27.2,,1,75.9,3.8,20.01
251,고창군,2024-05-26,21.1,15.6,25.1,3.9,2.5,70.6,1.7,15.71
251,고창군,2024-05-27,18,13.3,23.4,,2.2,66.8,7.8,24.93
251,고창군,2024-05-28,18.2,11.5,24.9,,1.7,68.1,10.1,27.36
251,고창군,2024-05-29,19.6,11.9,28,,1.3,70.3,12.1,28.88
251,고창군,2024-05-30,19.8,14.8,26.1,0,1,67,.8,14.68
251,고창군,2024-05-31,19.6,14.1,25.7,0,1.4,70.9,10.7,29.02
251,고창군,2024-06-01,18.7,14,24.1,0,2.1,73,6.6,22.22
251,고창군,2024-06-02,18.9,12,26.8,,1.4,67.3,9.6,27.84
251,고창군,2024-06-03,19.6,11.3,28.9,,1.3,64.5,12.6,30.38
251,고창군,2024-06-04,19.9,13.6,26.4,,1.4,75.9,8.6,24.81
251,고창군,2024-06-05,20.6,16.2,27.8,,1.2,78.8,1.8,20.57
251,고창군,2024-06-06,20.2,14.4,27.1,0,1.1,73.9,5.6,21.63
251,고창군,2024-06-07,21.3,14.6,27.4,0,1.1,70.6,2.8,17.98
251,고창군,2024-06-08,20.6,18.3,23.3,,1.4,86.8,.2,7.83
251,고창군,2024-06-09,21.7,17.1,27.7,,1.2,81.9,6.5,24.59
251,고창군,2024-06-10,23.5,16.2,31.6,0,1.2,69,11.3,27.98
251,고창군,2024-06-11,23,17.1,30.5,,1.1,70.8,9.3,26.18
251,고창군,2024-06-12,22.9,15.6,32.6,,1.4,69,11.8,29.02
251,고창군,2024-06-13,23.5,15.8,33.4,,1.3,65.8,12.1,28.96
251,고창군,2024-06-14,24.4,17,32.1,,1.2,69.5,6.8,23
251,고창군,2024-06-15,25.2,20.1,31.4,,1.6,73,8.1,23.37
251,고창군,2024-06-16,22.9,17.6,30,,1.6,74.5,10.2,27.27
251,고창군,2024-06-17,21.9,15.8,29.6,,.9,76,1.4,16.6
251,고창군,2024-06-18,23.5,14.8,32.7,,1.4,64.3,12.8,30.2
251,고창군,2024-06-19,25,16.6,36.2,,1.3,63,7.7,26.17
251,고창군,2024-06-20,22.8,18.7,25.4,,1.3,70.3,0,7.95
251,고창군,2024-06-21,25.2,20,32.6,,1.2,73.5,4.8,20.88
251,고창군,2024-06-22,23.8,22.2,24.7,33.8,1.9,90.4,0,3.57
251,고창군,2024-06-23,23.4,21.7,27.9,4.6,1.4,90.4,1.8,10.38
251,고창군,2024-06-24,24.1,20.2,29,0,1.9,82,2,14.36
251,고창군,2024-06-25,22.1,17.1,28.5,,1.3,73.1,5.4,23.36
251,고창군,2024-06-26,22.7,16.6,30.2,,1.4,73.4,9.9,28.04
251,고창군,2024-06-27,21.2,17.6,24.7,0,.6,75.6,.2,8.35
251,고창군,2024-06-28,24.4,16.8,31.7,,1.1,73.3,9.5,27.69
251,고창군,2024-06-29,24.2,21.3,26.2,31.5,2.5,85.5,0,4.51
251,고창군,2024-06-30,23.8,22.5,25.6,12.7,2.1,94.5,0,2.21
251,고창군,2024-07-01,25.8,22.2,31.6,,1.1,83.9,8.6,26.48
251,고창군,2024-07-02,26.9,23.7,31.1,10.8,3.3,84.8,.5,13.27
251,고창군,2024-07-03,26.2,22.6,31.1,29.9,1.9,83.4,6.5,21.65
251,고창군,2024-07-04,27,20.7,32.9,,1.7,79.4,8.8,24.09
251,고창군,2024-07-05,26.4,23,31,7.8,1.7,81.3,6.8,23.68
251,고창군,2024-07-06,27.5,25.6,30.9,,3.1,82.5,1,14.13
251,고창군,2024-07-07,26.8,25.3,29,4.2,2.3,88.1,0,8.46
251,고창군,2024-07-08,26.1,24.7,28,40.7,1.9,91.5,0,4.94
251,고창군,2024-07-09,24.6,23.3,26.3,55.6,1.7,92.9,0,4.36
251,고창군,2024-07-10,24.2,22.8,26.3,19.4,2.9,92,.1,6.2
251,고창군,2024-07-11,23.1,21.5,26.2,3.4,.6,92.3,0,7.39
251,고창군,2024-07-12,24.6,21.7,29.6,,.7,86.5,2.3,14.28
251,고창군,2024-07-13,25.8,21.2,30.5,,1.2,79,4.4,20.42
251,고창군,2024-07-14,25.1,22.8,28.2,16,1.3,86.9,1.6,10.09
251,고창군,2024-07-15,26.8,24.1,31.1,2.4,1.4,80.3,4.2,17.91
251,고창군,2024-07-16,26.1,24.5,28.5,3,1.9,85.8,0,6.39
251,고창군,2024-07-17,27.6,26,30.1,.1,2.9,82,.1,10.87
251,고창군,2024-07-18,26.8,24.7,29.2,26.8,3.2,83.6,.2,8.19
251,고창군,2024-07-19,25,23.2,29.1,41.3,1.1,89.8,1.7,11.49
251,고창군,2024-07-20,26.7,22.1,31.6,7.5,2.4,84.4,3.3,15.73
251,고창군,2024-07-21,28.3,24.8,32.5,.9,2.3,81,5.4,22.16
251,고창군,2024-07-22,28.8,26.2,32.3,,3.3,77,2.2,19.04
251,고창군,2024-07-23,28.3,26.9,31.2,0,2.3,81.6,0,10.03
251,고창군,2024-07-24,29.1,25.6,34,.2,1.5,79.9,6,21.27
251,고창군,2024-07-25,30.3,25.7,35,,2,72.9,8.5,24.69
251,고창군,2024-07-26,28.4,26.3,32.2,13.5,2.4,79.1,1.5,12.89
251,고창군,2024-07-27,28.7,26.4,31.4,3.7,2.6,81.1,1.7,15.2
251,고창군,2024-07-28,29.4,26.7,33.2,,3,75.4,9.4,26.7
251,고창군,2024-07-29,28.6,25.1,33.4,,2.2,78.4,7.3,23.88
251,고창군,2024-07-30,28.2,24.7,33,,1.4,79.4,6.3,22.03
251,고창군,2024-07-31,29,24.7,34.3,,1.5,78,5.5,21.55
251,고창군,2024-08-01,29.7,26.3,34.6,,1.8,77.5,5.8,21.65
251,고창군,2024-08-02,29.7,26.3,34.6,,1.5,81.4,5.8,19.72
251,고창군,2024-08-03,29.6,26,35.2,,1,80.8,7.8,24.2
251,고창군,2024-08-04,29.7,25.2,35.4,,1,76.3,11,27.76
251,고창군,2024-08-05,27.1,24,33.2,9.1,1.1,85.9,2.9,9.18
251,고창군,2024-08-06,28.6,23.7,33.7,0,1.1,81,7.6,20.17
251,고창군,2024-08-07,29.1,25.2,35,,1,79.6,7.3,21.18
251,고창군,2024-08-08,27.7,23.8,32.6,,1,80.3,1.6,14.84
251,고창군,2024-08-09,28.1,23.1,34.7,,1.2,77.8,11.2,26.34
251,고창군,2024-08-10,29,24,34.9,,1.3,76,9.3,24.15
251,고창군,2024-08-11,29.3,24.5,34.6,,1.3,72.1,10.6,25.8
251,고창군,2024-08-12,29.4,24.2,35.5,,1.1,72.5,9,23.65
251,고창군,2024-08-13,29.7,25.6,35,0,1.5,77,6.4,21.02
251,고창군,2024-08-14,29,24.6,34.9,6.7,1.2,78.8,6.6,19.51
251,고창군,2024-08-15,27.7,24.2,33.6,.1,1,79.3,6.3,18.92
251,고창군,2024-08-16,26.6,23.7,33.6,21.3,.9,85.9,4.7,14.16
251,고창군,2024-08-17,27,23.7,31.6,0,.7,85.1,3.9,14.17
251,고창군,2024-08-18,27,23.3,33,0,.8,84.1,5.8,16.48
251,고창군,2024-08-19,28.8,24.5,34.4,0,1,77.4,9.3,23.64
251,고창군,2024-08-20,29,24.8,33.9,4.5,1.9,81.6,6.3,20.06
251,고창군,2024-08-21,29,26.7,32.7,12.7,2.9,83.3,4.7,16.74
251,고창군,2024-08-22,28.2,24.7,30.7,1.5,2.5,83.1,1.5,12.34
251,고창군,2024-08-23,27.4,23.3,33.2,,1,82.6,7.8,19.43
251,고창군,2024-08-24,28,23.6,33.8,,.9,80.3,10.1,24
251,고창군,2024-08-25,27.1,23.6,31.4,,.8,83.9,3,13.89
251,고창군,2024-08-26,27.6,22.7,33.2,,1,79.4,7.1,20.54
251,고창군,2024-08-27,27,23.6,31.3,,1.4,83.3,.1,10.27
251,고창군,2024-08-28,28.3,23.1,34.4,,2.1,72,8.9,23.19
251,고창군,2024-08-29,28.3,22.8,34,,2.6,69.6,10.2,24.15
251,고창군,2024-08-30,27.2,22.2,33.5,,1.9,74,10.5,23.95
251,고창군,2024-08-31,25.4,19.9,32,,1,75.3,9.9,22.96
251,고창군,2024-09-01,26.3,21.7,32.7,,1.2,76.8,10.2,23.33
251,고창군,2024-09-02,25,20.7,30,0,.8,80,1.5,11.86
251,고창군,2024-09-03,26.7,22.7,31.5,,.9,73.3,2.3,13.2
251,고창군,2024-09-04,26.8,22.6,32.7,,1.2,68.5,10.9,23.81
251,고창군,2024-09-05,26.9,21.1,33.3,,1.3,76.6,7.5,19.8
251,고창군,2024-09-06,26.3,24.3,29.9,.4,.7,85.9,.2,6.68
251,고창군,2024-09-07,25.9,21.8,30.9,0,1,83.4,3.3,11.92
251,고창군,2024-09-08,25.7,20.2,33.5,,.9,75.4,10.9,23.56
251,고창군,2024-09-09,27.5,21.3,34.6,,1,77.1,7.9,18.54
251,고창군,2024-09-10,28.7,23,36.1,,.9,72.6,10.1,23.15
251,고창군,2024-09-11,27.9,25.2,34,.9,1,81.8,.9,11.4
251,고창군,2024-09-12,28.6,24.5,34.1,,1.4,78.4,4.1,15.84
251,고창군,2024-09-13,27.9,23.2,35.1,,1.2,77.4,8.7,20
251,고창군,2024-09-14,28.6,23.3,35.1,,1.2,76.4,8.9,19.3
251,고창군,2024-09-15,29.3,23.7,36.1,0,1.3,75.5,7.8,18.43
251,고창군,2024-09-16,28.2,25.1,31.2,0,.9,79,.1,7.76
251,고창군,2024-09-17,29.3,25.5,35.4,.3,.8,79.3,4.9,13.58
251,고창군,2024-09-18,28.1,24.6,35.7,21.2,.9,82.8,5.7,14.95
251,고창군,2024-09-19,29.4,23.1,35.7,.1,1.1,73.3,9.3,20.49
251,고창군,2024-09-20,26.2,24.7,29.4,52.9,1.7,89,0,5.55
251,고창군,2024-09-21,24.4,20.7,27.2,86.5,1.7,92.8,0,3.16
251,고창군,2024-09-22,21,18.8,23.8,.1,1.4,89.5,0,6.22
251,고창군,2024-09-23,21.8,18.3,26.2,2.7,1.1,77.8,1,12.19
251,고창군,2024-09-24,22,17.5,28.4,,1.2,67,9.4,19.44
251,고창군,2024-09-25,22.8,17.3,29.4,,1,75.1,7.5,18.08
251,고창군,2024-09-26,23.5,19.1,29.9,,.9,81.1,7.1,17.35
251,고창군,2024-09-27,22.3,18,28.4,,1.2,78.1,9.9,20.23
251,고창군,2024-09-28,23.8,17.7,31.1,,1.3,74.3,9.5,20.21
251,고창군,2024-09-29,23.5,19,29.6,,1.4,67.1,7.2,17.13
251,고창군,2024-09-30,22,16.2,28.9,,1.1,66.5,9.5,19.24
252,영광군,2024-05-20,18.7,11.3,26.3,,1.4,72.1,11.4,29.53
252,영광군,2024-05-21,18.5,14.8,24.8,,1.6,84.8,8.1,25.96
252,영광군,2024-05-22,19,15.3,25.8,,1.5,85.8,8.8,25.03
252,영광군,2024-05-23,18.7,14.3,24.6,,1.5,83.3,10.8,28.02
252,영광군,2024-05-24,17.6,13.9,24.1,,1.6,82.3,8.8,26.68
252,영광군,2024-05-25,20.1,14.3,26.5,,1.3,74.1,9.7,26.2
252,영광군,2024-05-26,21.1,16.6,24.7,2.5,3.3,72,3.2,12.39
252,영광군,2024-05-27,17.7,14.3,22.6,,2.3,69.8,7.7,24.9
252,영광군,2024-05-28,18,12.3,23,,2,70.9,12.2,30.31
252,영광군,2024-05-29,19.8,12.6,27,,1.4,72.9,12.5,30.29
252,영광군,2024-05-30,20,15.6,26.3,.1,1,70.6,.9,14.71
252,영광군,2024-05-31,19.6,15.6,24.1,0,1.7,67.4,12.1,30.2
252,영광군,2024-06-01,18.4,15.3,22.3,.4,2.1,75,7,23.07
252,영광군,2024-06-02,19.1,13.1,25.9,,1.3,67.4,11.1,27.67
252,영광군,2024-06-03,19.8,13.1,27.6,,1.3,65,13.2,31.05
252,영광군,2024-06-04,19.4,14.3,25,,1.4,76.6,8.8,25.21
252,영광군,2024-06-05,20.8,16.3,26.9,,1.3,77.9,5,20.88
252,영광군,2024-06-06,20.6,16.2,26.5,,1.3,73.4,6.1,22.98
252,영광군,2024-06-07,21.5,15.5,27.1,0,1.3,67.8,4.5,18.03
252,영광군,2024-06-08,20.3,18.2,23,11.2,1.4,88.3,0,6.86
252,영광군,2024-06-09,22,18.4,26.7,,1,80.6,7.3,24.37
252,영광군,2024-06-10,23.9,17.2,30.3,,1.9,70.8,10.9,28.6
252,영광군,2024-06-11,22.8,18.8,28.7,,1.7,76.5,9.9,27.8
252,영광군,2024-06-12,22.4,16.7,31,,1.4,75.3,7.9,26.79
252,영광군,2024-06-13,23.1,17,30.6,,1.2,67.8,9.2,19.87
252,영광군,2024-06-14,24.3,18,31,,1.3,69.8,8.7,25.82
252,영광군,2024-06-15,24.7,20.2,30.9,,1.6,74.5,,
252,영광군,2024-06-16,23,19.3,28.1,,1.5,76.9,8.3,26.75
252,영광군,2024-06-17,22,16.9,28.7,,.8,81.1,.5,15.5
252,영광군,2024-06-18,23.7,16.3,31.1,,1.3,68.8,13.1,30.88
252,영광군,2024-06-19,25.1,18.1,34.8,,1.5,65.6,7.8,26.42
252,영광군,2024-06-20,23.1,19.6,25.2,,1.7,71.3,.5,8.18
252,영광군,2024-06-21,25.1,20.2,31.3,,1.5,74.5,4.9,23.46
252,영광군,2024-06-22,23.5,22.4,25,30.2,2.8,91.5,0,2.46
252,영광군,2024-06-23,23.8,21.8,27.2,2.1,1.8,88.3,1.3,13.01
252,영광군,2024-06-24,23.6,21,27.3,,2,84.9,.5,13.07
252,영광군,2024-06-25,22.4,18.2,27.4,,1.1,71.9,5.1,23.76
252,영광군,2024-06-26,22.6,17.2,28.3,,1.1,74.1,10,27.55
252,영광군,2024-06-27,21.3,18,25.1,0,.7,75,.2,8.47
252,영광군,2024-06-28,23.8,17.2,29.9,,1.2,73.6,9.9,28.21
252,영광군,2024-06-29,24.1,21.7,25.6,34.6,3,86.9,0,4.19
252,영광군,2024-06-30,23.8,22.3,25.1,9.8,2.6,93.4,0,2.29
252,영광군,2024-07-01,25,22.3,29.6,.5,1.2,87.8,5.7,21.56
252,영광군,2024-07-02,26.7,23.8,31.6,9.2,4,84.6,.3,12.09
252,영광군,2024-07-03,26.1,23.2,30.1,16.1,2.2,82.9,5.3,22.29
252,영광군,2024-07-04,26.7,22.6,32.7,,2.4,81.1,8.7,22.85
252,영광군,2024-07-05,26.2,22.8,29.5,4.7,1.9,82.5,8.7,27.88
252,영광군,2024-07-06,27.4,25.5,30.4,,3.9,81.6,.4,17.27
252,영광군,2024-07-07,26.6,25.8,28,0,2.8,87.4,0,5.88
252,영광군,2024-07-08,25.8,25.1,26.7,27.4,2.8,91.1,0,2.94
252,영광군,2024-07-09,24.7,23.5,26.3,28.1,1.7,93.6,0,4.36
252,영광군,2024-07-10,24.2,23.1,26.8,14.2,2.9,91,.2,9.84
252,영광군,2024-07-11,23.4,22.2,25.7,.2,.7,89.6,0,7.17
252,영광군,2024-07-12,24.2,22,28.6,,.9,84.5,2.9,17.1
252,영광군,2024-07-13,25.7,21.6,30.3,.1,1.5,78.8,5.6,22.27
252,영광군,2024-07-14,25,23,27.9,5.6,1.5,86,1.1,10.22
252,영광군,2024-07-15,26.6,22.8,30.7,,1.8,80,3.3,17.46
252,영광군,2024-07-16,25.4,23.7,27.2,15.1,2.3,90.5,0,5.76
252,영광군,2024-07-17,27.6,25.7,30.8,,3.4,82,.1,12.42
252,영광군,2024-07-18,26.8,23.9,28.5,21.6,3.6,85,0,7.59
252,영광군,2024-07-19,25,23.2,28.7,45.1,1.8,88.8,2,11.28
252,영광군,2024-07-20,26.9,22.7,31.2,8.1,2.8,86,1,12.02
252,영광군,2024-07-21,28.3,24.8,31.7,.6,2.9,81.8,6.3,24
252,영광군,2024-07-22,28.7,26.1,32,,3.4,79.8,1.3,18.29
252,영광군,2024-07-23,28.5,27,31.2,0,2.7,82.1,0,10.18
252,영광군,2024-07-24,29.3,26.2,33.9,.1,2.1,78.4,9.3,26.2
252,영광군,2024-07-25,30.3,26.3,35.2,,2.5,72.9,10.7,27.71
252,영광군,2024-07-26,27.9,26.2,31.8,3.7,2.9,82.6,3.7,13.92
252,영광군,2024-07-27,29.1,26.2,32,5.6,3,82.1,4.9,18.45
252,영광군,2024-07-28,29.4,26.8,33.8,,3.2,75.5,9.9,24.73
252,영광군,2024-07-29,28.6,26.2,32.2,,2.4,79.6,8.4,23.06
252,영광군,2024-07-30,28.6,25.5,32.3,,1.7,79.4,10.5,26.2
252,영광군,2024-07-31,29.4,26.1,34,,2.3,78.3,9,25.76
252,영광군,2024-08-01,29.9,27,34.1,,2.3,78.1,9.3,26.59
252,영광군,2024-08-02,29.7,26.6,34.5,,1.6,82.8,7,20.46
252,영광군,2024-08-03,30,26.7,34.6,,1.1,80.4,7.9,24.51
252,영광군,2024-08-04,29.9,26.1,35.3,,.9,77.4,10.7,26.95
252,영광군,2024-08-05,27.6,24.8,33.8,1,1.2,85.1,4.2,11.93
252,영광군,2024-08-06,28.7,24.2,33.5,,1.1,78.1,10.3,24.07
252,영광군,2024-08-07,29.3,25.7,34,,1,79.8,8.5,20.34
252,영광군,2024-08-08,27.8,24.8,32.2,.4,.8,84.9,2.5,13.5
252,영광군,2024-08-09,28.3,23.8,34,,.9,78.4,9,20.76
252,영광군,2024-08-10,29.2,24,35.6,,1.3,74.9,10.6,25.55
252,영광군,2024-08-11,29.8,25,34.9,,2,69.4,9.9,24.26
252,영광군,2024-08-12,29.7,24.8,35.8,,1.3,71.3,10.5,24.89
252,영광군,2024-08-13,28,26,33.4,25.1,1.1,84.5,3,15.3
252,영광군,2024-08-14,28.6,25.2,33,,1.1,81.1,7.7,19.53
252,영광군,2024-08-15,27.4,24.3,32.8,7.9,1.1,82.6,6.3,19.52
252,영광군,2024-08-16,26.3,24,32.8,1.2,.9,86,5.6,14.64
252,영광군,2024-08-17,26.8,23.7,32.1,8.4,1,86.3,5.3,14.05
252,영광군,2024-08-18,26.7,23.2,32.8,12.1,.9,87.3,6.3,17.85
252,영광군,2024-08-19,28.9,24.3,34,0,1.2,78.4,10.4,24.62
252,영광군,2024-08-20,29.3,25.5,33.9,,2.1,81,6,19.29
252,영광군,2024-08-21,29.9,27.7,33.5,,3.3,79.1,7.5,19.9
252,영광군,2024-08-22,28,24.6,31.2,.7,2.6,85,2,12.57
252,영광군,2024-08-23,27.7,23.3,32.5,,1.2,81.8,10.7,23.42
252,영광군,2024-08-24,28,24.2,33.3,,.9,82.4,,
252,영광군,2024-08-25,27.5,24.3,32.6,,.9,82.4,6.1,19.29
252,영광군,2024-08-26,27.6,23.3,32.5,,.9,81.6,8.4,21.03
252,영광군,2024-08-27,27,24.3,31,.4,.9,83.9,.6,10.98
252,영광군,2024-08-28,28.2,23.6,34.2,.2,1.3,73.1,10.5,23.97
252,영광군,2024-08-29,27.8,22.7,33.6,,1.8,72.4,11.7,25.87
252,영광군,2024-08-30,27,23.2,31.7,,1.7,75.1,12,25.94
252,영광군,2024-08-31,25.5,21,30.4,,1.1,75.9,11.6,25.82
252,영광군,2024-09-01,26.2,21.7,31.3,,1.1,77.3,10.9,23.9
252,영광군,2024-09-02,24.9,21,28.3,.7,1,81.3,2.3,9.67
252,영광군,2024-09-03,26.6,22.1,31.7,1.3,1.2,76.9,6.1,17.54
252,영광군,2024-09-04,26.9,22.6,32.7,,1.2,70.1,11.5,24.57
252,영광군,2024-09-05,27.1,21.8,32.6,.2,1.3,76.5,8.5,20.92
252,영광군,2024-09-06,26.5,24.7,30,12,.6,88.1,1.4,9.14
252,영광군,2024-09-07,26.2,22.2,30.5,0,.8,83.4,4.1,13.89
252,영광군,2024-09-08,25.2,20.3,32,,.9,76.9,11.5,24.37
252,영광군,2024-09-09,27.2,21.6,33.4,,1,78.9,10.4,22.13
252,영광군,2024-09-10,28.5,23.5,34.8,,1,75.9,10.7,22.65
252,영광군,2024-09-11,27.4,25.5,33.2,4,.9,85.9,.5,9.6
252,영광군,2024-09-12,28.3,25.2,34.3,1.8,1.3,81.5,5,17.42
252,영광군,2024-09-13,28,24,33.7,,1.1,80.1,10.7,22.5
252,영광군,2024-09-14,27.9,23.8,32.7,,.9,81.5,9.4,19.79
252,영광군,2024-09-15,28.6,24.2,34.8,0,1.2,80.6,9.1,20.23
252,영광군,2024-09-16,28.3,25.1,31.5,0,.7,81,.6,8.85
252,영광군,2024-09-17,29.1,25.7,34.2,,1,81.1,8.3,17.52
252,영광군,2024-09-18,28.4,25.2,35.3,3,1,82.4,8.9,20.77
252,영광군,2024-09-19,29.6,24.1,36.3,.5,1.3,71.6,10.9,21.39
252,영광군,2024-09-20,26.4,24.6,30.8,37.5,2,90.6,.2,7.98
252,영광군,2024-09-21,25.2,21.6,27.7,50.6,2.4,92.9,0,4.17
252,영광군,2024-09-22,21.8,20.1,23.8,.1,1,86.8,.6,8.21
252,영광군,2024-09-23,21.7,18.8,25.4,2.2,.6,82.1,3.2,9.43
252,영광군,2024-09-24,21.5,16.2,27.8,,.7,71.8,10.2,18.96
252,영광군,2024-09-25,22.7,17.2,28.9,,.9,75.9,10.4,19.29
252,영광군,2024-09-26,23.7,19.2,29.6,,.8,81.3,8.7,17.62
252,영광군,2024-09-27,22.5,18.3,27.5,,1.3,79.1,10.7,20.32
252,영광군,2024-09-28,23.5,18.3,29.8,,.8,78.6,9.4,17.57
252,영광군,2024-09-29,23,18,29.4,,1,74.3,9.8,19.65
252,영광군,2024-09-30,21.8,16.7,28.8,,.8,72.6,10.9,19.54
253,김해시,2024-05-20,21.9,15.4,31.3,,1.6,61.6,12.2,27.88
253,김해시,2024-05-21,19.4,15.2,25.4,,1.4,72.5,12.2,27.22
253,김해시,2024-05-22,19.1,13.3,26.6,,1.3,74,9.4,23.65
253,김해시,2024-05-23,23.4,16.8,30.5,,1.5,65,12.5,27.87
253,김해시,2024-05-24,22.2,17.4,28.9,,2,59.5,12.4,27.53
253,김해시,2024-05-25,20.1,15.6,24.7,,1.6,49.9,7.7,23
253,김해시,2024-05-26,19.7,14.3,24,4.4,1.9,80.1,2.8,12.14
253,김해시,2024-05-27,22.2,19.2,26.8,.2,2.1,61.4,8.9,22.85
253,김해시,2024-05-28,19.9,14.5,27,,1.1,54.6,5.4,19.87
253,김해시,2024-05-29,19.4,11.8,26.7,,1.6,62.9,12.7,28.36
253,김해시,2024-05-30,19.6,15.4,25.7,.5,1,65.3,.9,12.68
253,김해시,2024-05-31,21.7,16.3,29.5,.4,1.7,67.9,10.5,26.9
253,김해시,2024-06-01,21.4,17.8,28.7,,1.7,63.5,8.9,23.72
253,김해시,2024-06-02,20,15.9,27.3,,1.8,68.4,7.9,23.65
253,김해시,2024-06-03,19.1,15,25,,1.4,71,3.9,17
253,김해시,2024-06-04,19.6,13.9,27.9,,1.3,66.5,11.4,27.76
253,김해시,2024-06-05,20.6,13.3,28.4,,1.5,63.5,10.6,25.7
253,김해시,2024-06-06,20.4,16.7,25.9,,1.3,70.9,1.7,14.33
253,김해시,2024-06-07,22.5,16.2,28.7,,1.6,62.8,9.8,23.47
253,김해시,2024-06-08,19.1,17.9,22.5,17.4,1,93.3,.1,3.77
253,김해시,2024-06-09,21.2,18.4,26.4,.1,1,92,3.9,12.68
253,김해시,2024-06-10,23.2,19.7,30.3,,1.4,81.4,9.6,25.51
253,김해시,2024-06-11,24.7,18.8,32,,1.1,69,11.1,26.14
253,김해시,2024-06-12,25.4,19.2,31.6,,1.3,69,11.4,26.77
253,김해시,2024-06-13,25.7,20.5,33.1,,1.4,69.8,11.2,26.53
253,김해시,2024-06-14,25.3,19.3,31.9,,1.5,67.1,12.6,28.4
253,김해시,2024-06-15,26.1,21.2,33.3,20.7,1.6,70.6,11.7,26.7
253,김해시,2024-06-16,25.2,20.8,31,,1.7,74.4,9.7,21.79
253,김해시,2024-06-17,22.9,19.6,28.1,,1.1,72.5,1,11.7
253,김해시,2024-06-18,25.1,18.4,34.4,,1.7,62,13,28.62
253,김해시,2024-06-19,26.3,21.1,33.4,,1.5,62.6,9.8,23.65
253,김해시,2024-06-20,22.8,19.9,25.4,,1.1,73.5,0,7.03
253,김해시,2024-06-21,24.2,21.4,29.5,,1.5,78.1,6.5,17.57
253,김해시,2024-06-22,23.1,22.2,24.1,33,2,97.8,0,2.15
253,김해시,2024-06-23,25.3,23,30.1,.1,1.3,87.6,1.7,10.51
253,김해시,2024-06-24,24.7,22.3,29.8,,1.7,85,6.5,22.35
253,김해시,2024-06-25,23.8,20.9,28.4,,1.5,63.4,2,15.12
253,김해시,2024-06-26,23.1,19.3,29.3,,1.5,66,9.1,22.51
253,김해시,2024-06-27,21,18,24.6,.6,.7,73,0,7.82
253,김해시,2024-06-28,23.8,18.7,29.7,0,1.9,78.4,12.9,28.53
253,김해시,2024-06-29,23.4,20.7,26.3,67.5,2.1,93.6,1.7,8
253,김해시,2024-06-30,24.5,23.4,25.5,39.1,2.8,98,0,2.47
253,김해시,2024-07-01,25.9,22.6,31.5,.1,1.3,87.8,7.4,21.17
253,김해시,2024-07-02,24,22.8,25.3,53.1,1.8,100,0,1.62
253,김해시,2024-07-03,26.4,24.2,30.1,1.5,2.5,91.3,5.9,15.73
253,김해시,2024-07-04,27.3,22.9,33,,1.7,83.8,12.6,27.44
253,김해시,2024-07-05,27.2,23.9,31.5,1.9,2.5,83,7.5,20.39
253,김해시,2024-07-06,26.3,23,30.4,,1.9,89.3,4.9,18.06
253,김해시,2024-07-07,27.2,25,30.6,,2.9,88,3,16.33
253,김해시,2024-07-08,26.2,24.6,27.8,0,2.1,93,0,5.11
253,김해시,2024-07-09,25.7,24.5,26.9,10.5,1.3,97.3,0,3.35
253,김해시,2024-07-10,25,21.9,30.7,26.5,2.9,95.1,1.6,10.14
253,김해시,2024-07-11,23.5,21.7,27,.1,1.1,93.6,.6,11.69
253,김해시,2024-07-12,25,21.8,31.3,,1.7,87,9.2,24.19
253,김해시,2024-07-13,24.7,21.3,28.8,.3,1.3,85.6,4.6,16.74
253,김해시,2024-07-14,23.2,22.1,25.4,33.5,.8,98.5,0,4.17
253,김해시,2024-07-15,24.8,22.3,28.5,1.4,1,90.6,.3,9.93
253,김해시,2024-07-16,23.5,22.7,25.5,31.4,.8,100,0,3.02
253,김해시,2024-07-17,26.4,23.5,30.8,,2.1,93,2,11.62
253,김해시,2024-07-18,26.2,24.7,28.8,.4,2.4,97,.6,5.32
253,김해시,2024-07-19,25.1,23.6,28.3,16.5,1.2,96.4,1.8,6.9
253,김해시,2024-07-20,26.9,22.9,31.3,0,1.7,87.3,4.8,15.93
253,김해시,2024-07-21,28.4,25,33.7,1.2,2.4,81.4,8.5,21.34
253,김해시,2024-07-22,28.7,26.4,32.8,,2.1,82.9,6.9,21.2
253,김해시,2024-07-23,28.9,26.2,32.5,4.3,2.7,82.9,3.1,15.33
253,김해시,2024-07-24,26.4,23.5,29.4,26.5,1.5,94.6,2.1,12.16
253,김해시,2024-07-25,28.6,24.8,32.8,.1,1.5,87.9,10.7,24.75
253,김해시,2024-07-26,28.6,25.7,32.6,.1,2.4,85.1,7.4,21.73
253,김해시,2024-07-27,29,27,32.6,.8,2.5,87.6,5,18.66
253,김해시,2024-07-28,29.1,26.3,33,.4,2.1,82.1,11,26.29
253,김해시,2024-07-29,29.8,26.1,35.4,,1.8,77,10.2,24.35
253,김해시,2024-07-30,30.5,25.4,35.7,,1.3,73.4,12.5,27.65
253,김해시,2024-07-31,30.2,26.8,35.4,,1.5,76.1,11.7,26.35
253,김해시,2024-08-01,29.6,25.7,34.1,,1.3,80.3,10,23.64
253,김해시,2024-08-02,30.4,26.1,35.2,,1.3,79.1,11.1,24.98
253,김해시,2024-08-03,30.6,27.5,37.1,8.1,1.3,84.6,8.4,22
253,김해시,2024-08-04,30,26.8,34.5,,1.1,82.6,5.9,18.48
253,김해시,2024-08-05,29.6,26.3,34.9,,1.1,79.8,7.5,20.11
253,김해시,2024-08-06,28.6,25.6,34.4,.6,1.1,84.5,8.3,20.71
253,김해시,2024-08-07,29.2,25.5,34.4,,1.4,83.1,9.3,22.43
253,김해시,2024-08-08,28.2,24,35.6,17.7,.9,87.3,6.9,17.7
253,김해시,2024-08-09,28.8,24.5,33.8,,1.3,81.9,10,25.27
253,김해시,2024-08-10,29,24.8,34.2,,1.2,78.4,9.2,21.46
253,김해시,2024-08-11,28.7,24.4,34,,1.3,76.1,10.6,25.38
253,김해시,2024-08-12,28.5,23.3,34.1,,1.5,73,11.7,26.17
253,김해시,2024-08-13,28.4,23.9,34.8,,1.4,71.5,10.7,23.83
253,김해시,2024-08-14,29.1,24.2,34.6,,1.3,72.9,9.5,22.84
253,김해시,2024-08-15,29.2,25.8,34.5,,1.2,74,6.6,18.28
253,김해시,2024-08-16,28.7,24.6,35.1,,1.3,73.5,7.4,20.37
253,김해시,2024-08-17,28.9,25.4,33.7,,1.3,73.3,5.6,15.77
253,김해시,2024-08-18,29,24.7,34.1,,1.7,71.8,9.9,22.29
253,김해시,2024-08-19,29.3,24.9,34.3,.8,1.3,77.4,5.5,14.89
253,김해시,2024-08-20,28.2,26.1,31.2,14.3,2.9,92.5,1.5,9.28
253,김해시,2024-08-21,27.8,25.1,31,19.8,2.2,95,1.5,8.64
253,김해시,2024-08-22,28.8,26.9,32.9,5.2,2.5,89.5,4.8,16.82
253,김해시,2024-08-23,29.4,26,34.2,0,1.2,79,11.4,24.13
253,김해시,2024-08-24,29,25.4,34.4,,1.2,81.6,10.1,21.49
253,김해시,2024-08-25,28.4,25,33.3,,1.2,82.3,10.5,21.87
253,김해시,2024-08-26,28.5,24.5,33.4,0,1.2,83.1,8.2,20.55
253,김해시,2024-08-27,27.8,25.5,31.5,,1.1,78.5,2.1,12.21
253,김해시,2024-08-28,27.6,25.2,31.7,.4,1.4,76,4.4,16.5
253,김해시,2024-08-29,29.1,25.2,33.1,0,1.8,72.3,6.1,17.87
253,김해시,2024-08-30,29.3,25.5,35.4,0,1.4,68.9,7.3,20.66
253,김해시,2024-08-31,27.7,23.9,34.3,,1.7,71.4,10.2,23.63
253,김해시,2024-09-01,27.1,22,33.3,,1.4,76.8,10.7,23.66
253,김해시,2024-09-02,27,23.5,32.5,0,.9,78.5,3.8,12.94
253,김해시,2024-09-03,25.6,22.7,31.1,.5,1,73.3,3.8,15.85
253,김해시,2024-09-04,25.6,20.9,32.2,,1.7,69.8,11,22.76
253,김해시,2024-09-05,26.8,20.3,34.3,,1,72.6,10.9,22.66
253,김해시,2024-09-06,27.1,24.4,32.7,0,.9,80.4,1.4,8.68
253,김해시,2024-09-07,27.5,24,33,,1,81.3,3.9,15.72
253,김해시,2024-09-08,28.2,24.5,33.5,,1,79.1,4.9,15.77
253,김해시,2024-09-09,28.5,24.8,34.1,,1.2,73.8,7.3,17.79
253,김해시,2024-09-10,29.3,24.2,35.9,,1.5,71.1,7.9,18.07
253,김해시,2024-09-11,28.1,25.7,33,7.7,.7,86.8,2,11.6
253,김해시,2024-09-12,28.9,25.7,34.4,,.9,81.3,4.2,13.95
253,김해시,2024-09-13,29.2,25.1,34.9,,1.3,79.4,9.8,21.04
253,김해시,2024-09-14,29.9,24.8,36.5,,1.3,74.6,10.2,21.5
253,김해시,2024-09-15,29.5,26.5,34,,1,74.1,3.9,13.78
253,김해시,2024-09-16,28.8,26.4,34,,.8,76.5,1.3,11.29
253,김해시,2024-09-17,29.9,25.3,36.1,,1,78.9,8.9,18.78
253,김해시,2024-09-18,30.2,26.6,36.9,,1.2,71.4,8.3,19.37
253,김해시,2024-09-19,30.1,24.8,37.5,,1.1,71.3,9.5,18.93
253,김해시,2024-09-20,26.9,25.3,29.4,62.4,1.2,91.9,0,1.62
253,김해시,2024-09-21,22.7,20.9,25.8,368.7,1.2,100,0,.34
253,김해시,2024-09-22,21.8,20.2,24.7,1,1.2,85.3,0,4.9
253,김해시,2024-09-23,21,17.5,26.6,,1.4,63.3,7.5,17.68
253,김해시,2024-09-24,21.4,16.3,27.8,,1.5,73.6,4,13.08
253,김해시,2024-09-25,23.7,19,29.7,0,1.3,71.3,4.8,14.8
253,김해시,2024-09-26,24,18.8,30.6,,.9,74.3,8.7,17.03
253,김해시,2024-09-27,24.5,20.2,31.1,,.9,77.9,3.5,10.72
253,김해시,2024-09-28,23.8,20.6,30.1,0,1.1,78,5.3,12.6
253,김해시,2024-09-29,23.1,19.8,28.6,,1.1,68,6.9,14.5
253,김해시,2024-09-30,22.8,17.9,29.8,,1.5,75,8.2,17.27
254,순창군,2024-05-20,19.9,10.5,29,,1.4,58.5,12.4,29.11
254,순창군,2024-05-21,21.2,13.5,28.6,,1.4,67.6,11.2,28.33
254,순창군,2024-05-22,22.3,16.7,29.5,,1.5,68.1,11,26.8
254,순창군,2024-05-23,21.8,15.6,30.1,,1.7,58.5,12.8,29.39
254,순창군,2024-05-24,21.5,12.5,29.9,,1.6,60.5,12.2,28.96
254,순창군,2024-05-25,21.4,16.3,26.8,,1.7,60.5,7.7,22.32
254,순창군,2024-05-26,19.4,12.8,23.7,10.3,2.1,78.1,3.5,11.45
254,순창군,2024-05-27,18.5,14.3,22.9,,3.2,54.9,6.8,24.92
254,순창군,2024-05-28,19,11.6,25.9,,1.7,58.3,8.9,25.29
254,순창군,2024-05-29,20.3,11.8,29.5,,1.4,59.4,12.8,30.65
254,순창군,2024-05-30,20.4,15,26.4,0,1.3,63.3,.2,14.85
254,순창군,2024-05-31,20.8,14.9,26.9,,2,57.5,11.6,29.49
254,순창군,2024-06-01,18.2,13.9,24,0,2.2,63.9,6.7,22.84
254,순창군,2024-06-02,18.9,12,25.9,,1.9,57.5,11.3,28.64
254,순창군,2024-06-03,19.7,10.9,29.1,0,1.6,61.6,12.6,30.9
254,순창군,2024-06-04,21.1,15.2,28.9,,1.6,66.9,9.2,27.29
254,순창군,2024-06-05,22,16.8,28.8,,1.5,65.9,4.1,22.58
254,순창군,2024-06-06,21.9,17.2,27.2,,1.5,60.9,4.4,23.71
254,순창군,2024-06-07,21.5,15.1,27.3,0,1.6,60.6,5.4,20.37
254,순창군,2024-06-08,19.6,18.1,21.2,5.7,.7,88.8,0,5.76
254,순창군,2024-06-09,22.7,18.7,29.4,,1.3,74,5.6,21.39
254,순창군,2024-06-10,23.7,16.3,31.6,,1.8,65.5,10.2,27.93
254,순창군,2024-06-11,24.2,17.3,32.4,,1.5,66.4,9.7,27.43
254,순창군,2024-06-12,24.9,17.3,33.4,,1.3,58,12.3,29.94
254,순창군,2024-06-13,25.7,16.5,35.1,,1.4,54.3,11.1,29.25
254,순창군,2024-06-14,25.2,17.7,32.6,,1.2,64.4,8.3,
254,순창군,2024-06-15,25.5,20,32.8,,1.9,66.4,9.1,26.87
254,순창군,2024-06-16,23.7,18.6,30.2,,2,61,9.8,26.02
254,순창군,2024-06-17,21.8,15.3,28.8,,1,68.4,1.3,16.12
254,순창군,2024-06-18,23.9,15.3,33.3,,1.9,53.6,13.2,31.08
254,순창군,2024-06-19,25.8,16.2,36.2,,1.6,52.9,8.7,26.77
254,순창군,2024-06-20,22.3,17.8,25.8,,1.4,69.1,.6,9.49
254,순창군,2024-06-21,25.3,19.5,31.7,,1.5,65.9,6.9,21.66
254,순창군,2024-06-22,23.5,21.1,25.2,46.4,1.8,87.8,0,2.81
254,순창군,2024-06-23,23.9,22.1,27.8,.9,2.4,85,1.6,11.46
254,순창군,2024-06-24,24,20.5,28.5,0,2.1,76.9,2,15.68
254,순창군,2024-06-25,22.1,17.1,28.1,,1.7,62.8,5.6,23.74
254,순창군,2024-06-26,23,15.4,30.4,,1.3,63,10.7,29.1
254,순창군,2024-06-27,20.2,17.2,23.5,.1,.7,77.3,.3,7.78
254,순창군,2024-06-28,24.5,15.8,32.9,,1.1,66.3,9.7,27.45
254,순창군,2024-06-29,23.4,21,25.6,48.1,1.6,86.3,0,4.33
254,순창군,2024-06-30,24.4,23.3,26.2,57.5,3,89.8,0,4.61
254,순창군,2024-07-01,26.2,22.9,31.4,0,1.7,76.1,6.5,25.67
254,순창군,2024-07-02,26.8,23.3,31.6,14.9,2.6,79.9,.4,10.11
254,순창군,2024-07-03,26.6,23.3,31,32.4,2.9,75.6,7.6,24.65
254,순창군,2024-07-04,27.4,22.1,32.7,,1.7,75.9,6,21.47
254,순창군,2024-07-05,27,23.3,31.5,13.1,2.7,72.4,7.4,26.82
254,순창군,2024-07-06,27.3,23.4,31.1,,1.7,78.3,.2,11.82
254,순창군,2024-07-07,26.9,25.9,29.1,.1,2.1,83,0,7.16
254,순창군,2024-07-08,26.2,25,27,19.7,1.5,88,0,4.29
254,순창군,2024-07-09,24.8,23.1,26.7,29.7,1.9,89.6,0,5.19
254,순창군,2024-07-10,24.9,22.7,27.3,28.9,3.3,84.1,.4,8.65
254,순창군,2024-07-11,24,22.1,27.8,.7,1.2,84.3,0,10.98
254,순창군,2024-07-12,25.5,21.6,31.5,21.5,1.1,79.4,4,21.55
254,순창군,2024-07-13,25.5,22.5,29.7,0,1.4,77.3,4.7,19.74
254,순창군,2024-07-14,24.5,22.5,28,3.3,1.2,86,.1,8.26
254,순창군,2024-07-15,25.8,21.8,31,,1.4,78.6,1.7,16.02
254,순창군,2024-07-16,24.1,23.1,25.2,32.6,1.2,91,0,4.52
254,순창군,2024-07-17,26.3,23,30.2,2.1,1.5,84,0,8.93
254,순창군,2024-07-18,26.7,24.2,28.7,9.4,2.9,81.3,.1,6.16
254,순창군,2024-07-19,24.8,23.1,27.9,20.4,1.1,90.3,.3,8.46
254,순창군,2024-07-20,26.5,22.9,32.5,48.5,1.7,84.3,3.1,14
254,순창군,2024-07-21,28.4,24.3,33.2,5.8,2.4,76.1,5.9,22.41
254,순창군,2024-07-22,28.5,24.2,33.5,,1.8,74.9,3.6,19.33
254,순창군,2024-07-23,27.9,25.4,31.4,2.8,1.6,78.5,.5,10.33
254,순창군,2024-07-24,28,25,33.5,1.1,1.3,81.8,4.9,19.59
254,순창군,2024-07-25,28.9,24.3,33.7,1.6,2.2,73.9,9.4,25.07
254,순창군,2024-07-26,27.2,24.9,30.6,13.3,1.7,84.4,1.5,12.97
254,순창군,2024-07-27,27.8,25.4,31.3,17,1.6,82.4,1.9,13.26
254,순창군,2024-07-28,28.9,25.4,33.7,,2.2,73.5,8.4,23.75
254,순창군,2024-07-29,28,23.9,33,,2.2,77,7.5,23.92
254,순창군,2024-07-30,28.6,24.7,34,,1.8,73.6,10.4,27.66
254,순창군,2024-07-31,29.1,24.7,35.2,,1.4,74.4,6,20.52
254,순창군,2024-08-01,29.3,24.9,34.4,,1.2,75,4,18.91
254,순창군,2024-08-02,29.6,25.5,35.2,,1.2,78.4,5.7,21.64
254,순창군,2024-08-03,30.5,26.8,35.2,,1.1,75.6,6.3,18.27
254,순창군,2024-08-04,29.9,25.6,36.2,,1.3,73.3,7.9,25.97
254,순창군,2024-08-05,26.9,24.3,34.9,7,1.2,85.5,4,13.76
254,순창군,2024-08-06,28.2,23.6,34,,1.3,79.4,6.6,21.89
254,순창군,2024-08-07,29.4,25,35.1,,1.1,76.3,7.8,22.12
254,순창군,2024-08-08,28.1,24.5,32.8,.3,1.2,77.9,4.4,18.49
254,순창군,2024-08-09,28.4,23.6,35,,1.2,74.1,8.6,23.92
254,순창군,2024-08-10,28.7,24.4,35.5,.4,1.4,75.6,8.8,24.78
254,순창군,2024-08-11,29.1,23.9,35.4,,1.3,72.5,10.4,25.6
254,순창군,2024-08-12,29.6,23.7,36.7,,1,71,10.1,25.66
254,순창군,2024-08-13,29.4,25.6,35.8,,1.3,72.3,6,20.66
254,순창군,2024-08-14,28.7,24.2,35.3,10.5,1.4,71.6,9.2,25.01
254,순창군,2024-08-15,27,23.8,35.4,26.5,1.3,80.3,8.7,23.54
254,순창군,2024-08-16,26.9,23.4,35.2,.8,1.2,81.1,7.3,21.1
254,순창군,2024-08-17,25.6,22.8,34.4,51.3,1.1,85.5,6.1,18.53
254,순창군,2024-08-18,27.3,23,34.2,,1.2,79.6,6.8,22.78
254,순창군,2024-08-19,28.6,24.3,34.4,,1.3,75.9,8.7,23.66
254,순창군,2024-08-20,28.6,25,32.8,1.8,2,80.1,5.1,19.93
254,순창군,2024-08-21,28.8,26,32.3,13.8,1.7,80.6,2.1,13.82
254,순창군,2024-08-22,27.2,24.3,31,2.3,1.6,87.9,2.8,11.31
254,순창군,2024-08-23,27.6,23.2,33.6,,1.4,78.8,7.8,23.87
254,순창군,2024-08-24,27.3,22.7,33.9,,1.1,79.4,7.6,21.57
254,순창군,2024-08-25,27.5,23.8,33.5,0,1.3,81,4.7,19.01
254,순창군,2024-08-26,27.1,23.3,33.1,.3,1.3,79.5,4.9,19.11
254,순창군,2024-08-27,26.9,23.3,31.4,2.5,1,80.3,.5,11.8
254,순창군,2024-08-28,27.7,22,32.7,,2,65.6,11.3,25.6
254,순창군,2024-08-29,29.1,23.8,34.3,,2.4,58.6,10.7,23.57
254,순창군,2024-08-30,27.4,22.3,32.8,,2.5,69,11.3,24.56
254,순창군,2024-08-31,25.9,20.1,32.8,,1.4,71.9,10.5,23.93
254,순창군,2024-09-01,26.2,21.1,32.8,,1.5,74.3,10.9,24.64
254,순창군,2024-09-02,25.2,21.4,30.4,0,1.3,75.4,1.5,13.87
254,순창군,2024-09-03,26.6,22.8,32,,1.2,71.1,4.8,18.57
254,순창군,2024-09-04,25.8,20,32.9,,1.3,68.8,11.7,24.74
254,순창군,2024-09-05,26,19.9,32.8,,1.4,74.6,9,22.97
254,순창군,2024-09-06,25.9,24.6,28.9,2.3,.8,85.6,0,5.87
254,순창군,2024-09-07,25.3,24.1,29,3.4,.8,91.3,.4,7.75
254,순창군,2024-09-08,27.1,23.3,32.5,,1.3,74.1,9.6,23.08
254,순창군,2024-09-09,27.8,22.5,35.1,,1,73.8,8.9,20.61
254,순창군,2024-09-10,28.4,22.7,35.7,,1.2,72.1,10.4,23.35
254,순창군,2024-09-11,27.5,25,32.9,.1,1.2,79.8,1.5,13.11
254,순창군,2024-09-12,28.3,25,33.6,.1,1.2,76.4,6,17.93
254,순창군,2024-09-13,27.7,23.4,34.2,,1.3,75.9,6.9,18.87
254,순창군,2024-09-14,28.1,22.6,35.5,,1.3,72.4,11.3,22.97
254,순창군,2024-09-15,28.4,23.1,36.3,12.3,1.2,74.3,9.5,20.48
254,순창군,2024-09-16,27.8,24.3,31.7,,1,76.6,.2,9.51
254,순창군,2024-09-17,27.9,24,36.6,49,1.1,79.1,8.9,21.32
254,순창군,2024-09-18,27.6,23.3,35.2,0,1,81.5,6.6,17.93
254,순창군,2024-09-19,28.7,23.5,35.2,,1.4,71.9,10.3,21.55
254,순창군,2024-09-20,25.4,23.7,27.2,90,1.1,90.6,0,2.96
254,순창군,2024-09-21,24.7,22.1,27.1,51.1,1.5,91,0,2.6
254,순창군,2024-09-22,22.5,20.9,25.5,.8,.8,85.4,0,6.95
254,순창군,2024-09-23,21.3,17.5,26.9,,1.5,64.3,1.8,14.5
254,순창군,2024-09-24,20.2,14.1,28,,1.1,73.1,7.4,18.91
254,순창군,2024-09-25,22.4,15.7,30,,1,72.8,9.5,20.71
254,순창군,2024-09-26,23,18.4,29,,1,78.5,4.9,16.09
254,순창군,2024-09-27,22.3,17.8,28.7,,1.3,75.6,8,19.52
254,순창군,2024-09-28,23.2,17.3,29.9,,1.3,70.3,9.9,19.63
254,순창군,2024-09-29,22.2,17.2,29,,1.3,68.6,10.3,20.17
254,순창군,2024-09-30,20.5,14,29.2,,1,69.9,10.8,21.86
255,북창원,2024-05-20,23.2,16.6,31.7,,1,52.4,12.1,27.27
255,북창원,2024-05-21,20.6,16.3,26.6,,1.4,71.4,10.2,24.21
255,북창원,2024-05-22,21,14.9,27.3,,1,67.5,9.7,23.69
255,북창원,2024-05-23,24.5,17.7,32.1,,1,61.4,12.7,27.8
255,북창원,2024-05-24,23.6,18.8,30.5,,1.2,58.8,12.7,27.92
255,북창원,2024-05-25,21.3,17.8,25.8,,1.7,46,6.8,22.28
255,북창원,2024-05-26,20.9,15.1,24.8,8.8,1.3,77.9,4.1,13.7
255,북창원,2024-05-27,22.8,20,27.2,,2,60.5,9.2,23.11
255,북창원,2024-05-28,20.8,16.3,26.8,,2.1,54.4,5.6,21.11
255,북창원,2024-05-29,21.1,13.1,28.7,,.8,61,13.1,28.82
255,북창원,2024-05-30,21.2,17.3,27.6,.5,.6,64.1,1.3,13.54
255,북창원,2024-05-31,22.6,17,29.9,.4,1.1,65.5,10.5,27.08
255,북창원,2024-06-01,22.2,18.3,28.9,,1.4,60.3,8.6,25.45
255,북창원,2024-06-02,21.1,16.6,27.9,,1.5,63.5,8.7,21.89
255,북창원,2024-06-03,19.8,15.7,25.4,.1,.9,74.4,6.8,18.79
255,북창원,2024-06-04,20.5,14.8,27.2,,1.5,65.9,,
255,북창원,2024-06-05,20.8,15.3,28.8,,1.1,70.8,10.8,25.89
255,북창원,2024-06-06,21.5,17.5,26.5,,.8,68.9,2.7,16.12
255,북창원,2024-06-07,23.2,16.7,29.4,,.8,61.6,9.6,22.06
255,북창원,2024-06-08,19.8,18.4,22.3,22.6,.7,93,0,3.97
255,북창원,2024-06-09,22.7,19.3,28.5,.2,1,85.8,3.8,14.38
255,북창원,2024-06-10,25,21,32.5,,.9,72.8,9.5,24.96
255,북창원,2024-06-11,25.6,19.9,33.2,,.9,68.1,11,25.65
255,북창원,2024-06-12,26,20.1,32.7,,.9,66.1,10.4,24.53
255,북창원,2024-06-13,27,21.3,34.8,,.8,62.6,10.6,25.2
255,북창원,2024-06-14,26.7,20.4,34,,1,62.4,13,27.45
255,북창원,2024-06-15,26.7,21.7,33.8,14.8,1.3,71.3,11.4,25.94
255,북창원,2024-06-16,25.6,21.1,30.9,,1.5,72.6,10.8,25.53
255,북창원,2024-06-17,23.8,20.7,30,,.7,66.3,.7,12.08
255,북창원,2024-06-18,26.7,18.9,35.1,,1,57.3,13.1,28.97
255,북창원,2024-06-19,27.5,21.7,35.8,,.9,53.9,9.4,24.54
255,북창원,2024-06-20,23.9,20.8,26.6,,1,69.3,0,7.52
255,북창원,2024-06-21,25.7,21.7,30.7,,1,72.3,5.7,17.24
255,북창원,2024-06-22,24.2,22.8,25.4,28,.9,92.6,0,3.57
255,북창원,2024-06-23,25.9,23.6,30.7,0,.7,83.8,1.4,11.49
255,북창원,2024-06-24,25.7,23.1,30,,1,80.4,4.5,19.56
255,북창원,2024-06-25,24.7,21.9,29.2,,1.5,58.6,4.1,17.86
255,북창원,2024-06-26,24.2,19.6,30.3,,.9,58.5,9.9,23.44
255,북창원,2024-06-27,21.7,19.1,26.3,.4,.8,72.1,0,8.16
255,북창원,2024-06-28,25.2,19,31.9,,.9,74,12.2,27.04
255,북창원,2024-06-29,24.5,21.9,26.8,60.9,1,88.8,.7,6.63
255,북창원,2024-06-30,25.2,23.8,26.4,32.1,1.8,93.5,0,4.59
255,북창원,2024-07-01,26.8,23.4,32.7,,.8,82.6,8.4,22.4
255,북창원,2024-07-02,26,23.9,28.4,59.2,1.5,94.4,.1,5.22
255,북창원,2024-07-03,27.5,25,31.4,1.6,2.1,84.4,6.8,19.7
255,북창원,2024-07-04,27.9,23.8,33.6,,1.1,79.4,12.4,26.83
255,북창원,2024-07-05,28.5,25.3,32.7,.8,1.6,77,10.2,26.79
255,북창원,2024-07-06,27.6,25,31.2,,1.6,82.4,5.9,21.18
255,북창원,2024-07-07,28.3,26.5,32.4,,1.7,82.1,4.1,18.58
255,북창원,2024-07-08,27.3,26.6,28.9,,1.3,86.4,0,5.32
255,북창원,2024-07-09,26.6,25.7,27.8,3.8,.6,91.5,0,3.6
255,북창원,2024-07-10,26.1,23.3,30.9,30.7,1.9,88.4,.5,8.56
255,북창원,2024-07-11,24.7,22.7,28.6,.1,.6,87.9,.3,8.46
255,북창원,2024-07-12,26.4,22.8,32.4,,.7,80.3,6.7,20.24
255,북창원,2024-07-13,25.7,22.2,30,1.2,.8,82.6,4.6,14.31
255,북창원,2024-07-14,24.2,23,26.6,16.5,.6,94.9,.1,6.13
255,북창원,2024-07-15,25.3,23.7,28.2,0,1,87.9,.2,7.84
255,북창원,2024-07-16,24.5,23.6,25.8,46.3,.5,98.9,0,3.5
255,북창원,2024-07-17,27.7,24.4,32,,1.3,86.1,2.4,14.53
255,북창원,2024-07-18,27.9,26.8,30.6,2.1,2.2,85.5,.2,7.3
255,북창원,2024-07-19,26.1,24.6,29.3,26.4,.7,90.8,2,8.22
255,북창원,2024-07-20,27.7,23.8,32.4,1.9,1.1,85.1,4,15.63
255,북창원,2024-07-21,29.5,25.1,34,4.8,1.4,79.8,9.3,23.42
255,북창원,2024-07-22,29.9,27.3,33.8,,1.6,78.5,7.7,21.83
255,북창원,2024-07-23,30,27.7,33,1.5,1.6,79.6,3.6,17.7
255,북창원,2024-07-24,27.8,25.5,30.9,13.3,1,88.5,2.2,13.01
255,북창원,2024-07-25,30.3,27,34.7,.2,.9,78.3,9.4,23.16
255,북창원,2024-07-26,29.7,26.8,34.1,.6,1.3,80.6,7.6,23.01
255,북창원,2024-07-27,30.2,27.9,33.3,0,1.6,79.9,5.4,19.56
255,북창원,2024-07-28,30.4,28,34.3,,1.4,77.4,10.6,25.07
255,북창원,2024-07-29,30.5,26.8,35.6,,1.1,75.6,9.5,23.19
255,북창원,2024-07-30,31.1,26,36.6,,1.3,70.9,12.4,26.93
255,북창원,2024-07-31,30.7,26.6,36.4,,1.2,75.3,12.7,27.53
255,북창원,2024-08-01,30.2,26.5,34.5,,1,77.1,10.8,24.48
255,북창원,2024-08-02,31.3,27.3,35.7,,.9,76.5,11.4,24.91
255,북창원,2024-08-03,31.2,28.3,37.5,1.2,1.1,81.8,8.7,21.27
255,북창원,2024-08-04,30.5,27.8,34.9,6.1,.9,83.3,6.2,16.28
255,북창원,2024-08-05,29.8,26.9,34.6,,1,79,6.1,15.65
255,북창원,2024-08-06,29.2,25.7,35.5,1.7,1.1,83.3,8.2,21.53
255,북창원,2024-08-07,30.7,26.6,36.1,,.9,76.6,9.6,21.9
255,북창원,2024-08-08,30,25.8,36.7,1.1,1,78.5,7.2,18.35
255,북창원,2024-08-09,29.9,25.6,35.2,,.9,75.9,9.8,21.73
255,북창원,2024-08-10,29.9,26.6,34.9,,1.2,77.1,9.1,21.51
255,북창원,2024-08-11,29.2,25.2,34.5,,1.1,73.9,10.8,22.76
255,북창원,2024-08-12,29.2,24.2,35.6,,1.2,70.4,11.9,25.11
255,북창원,2024-08-13,29.2,24.5,34.8,,1.8,68.1,8.4,20.54
255,북창원,2024-08-14,29.4,24.9,35.6,0,1.3,70.6,7.2,18.71
255,북창원,2024-08-15,28.4,25.3,35.4,26.5,1.2,81.3,6.2,16.57
255,북창원,2024-08-16,28.8,24.6,34.2,0,.9,78.1,6.2,17.76
255,북창원,2024-08-17,29.1,25.6,34.5,,1,74.8,6,16.2
255,북창원,2024-08-18,29.3,25.6,33.9,,1.1,70.8,10.2,22.79
255,북창원,2024-08-19,29.6,25.5,34,.7,1,77.4,4.3,13.04
255,북창원,2024-08-20,29.7,26.3,33.9,19.3,1.5,83.9,2.7,12.29
255,북창원,2024-08-21,29.1,26.6,33.1,23.3,1.1,88.1,2.5,12.18
255,북창원,2024-08-22,30.3,28.2,34,2,1.6,80.1,5.2,16.49
255,북창원,2024-08-23,30.3,25.9,35,,.9,74.9,11.4,23.52
255,북창원,2024-08-24,30,26.4,35.1,,.8,77.3,8.8,18.94
255,북창원,2024-08-25,29.4,25.9,34.4,,.8,76.1,8.6,18.06
255,북창원,2024-08-26,29.6,25.8,34.8,,.8,77.6,7,16.44
255,북창원,2024-08-27,27.9,25.6,31.7,3,1.4,79.9,.8,10.42
255,북창원,2024-08-28,27.3,25.2,31.4,0,2.5,75.6,1.1,9.81
255,북창원,2024-08-29,29,26,33.8,.6,4.1,70.5,5.8,18.12
255,북창원,2024-08-30,30.8,26.7,35.1,0,3.1,62.6,8.9,22.27
255,북창원,2024-08-31,29.1,25.4,34.9,,1.4,64,11.7,24.59
255,북창원,2024-09-01,27.8,23.2,33.3,,.9,70.5,9.4,19.33
255,북창원,2024-09-02,28.3,24.5,32.6,,1,72.5,4.1,13.03
255,북창원,2024-09-03,26.3,23.4,30.2,.1,2,69.4,2.3,11
255,북창원,2024-09-04,26.3,21.1,32.6,,1.5,67.4,9.8,20.69
255,북창원,2024-09-05,27.9,21.6,33.8,,.9,67.9,11.1,23.2
255,북창원,2024-09-06,27.9,26.4,32.6,0,.9,81.1,1.5,9.76
255,북창원,2024-09-07,28.7,25.7,33.2,,1,77.6,2.6,14.02
255,북창원,2024-09-08,29.3,25.9,34.1,0,.8,77,5.6,15.25
255,북창원,2024-09-09,29.5,26.9,34.7,,1.8,69.1,4.4,15.24
255,북창원,2024-09-10,29.4,24.4,36.1,,1.7,72.5,9.7,20.71
255,북창원,2024-09-11,28.7,26.4,32.8,8.6,.7,85,1.3,10.45
255,북창원,2024-09-12,29.2,26.4,35.1,.2,1,83.4,4.9,14.08
255,북창원,2024-09-13,29.7,25.8,35.6,,.9,77.8,8.7,18.04
255,북창원,2024-09-14,29.9,26.1,35,,.8,74.4,7.4,15.02
255,북창원,2024-09-15,29.9,26.9,33.4,,1.9,72.8,2.8,11.11
255,북창원,2024-09-16,29,26.8,31.8,0,1.7,75.5,.3,9.42
255,북창원,2024-09-17,30.5,26.4,36.1,0,.9,75.8,8.1,17.19
255,북창원,2024-09-18,30.3,26.6,36.2,,.8,72.3,7.9,17.59
255,북창원,2024-09-19,30.8,25.7,37.3,,1.1,70.3,10.2,21.09
255,북창원,2024-09-20,27.4,25.7,30.4,120.7,1,89.5,0,1.96
255,북창원,2024-09-21,24,22.2,26.5,357.5,1.6,98.8,0,1.16
255,북창원,2024-09-22,23,21.2,25.6,.7,2,81.3,0,6.39
255,북창원,2024-09-23,21.5,17.7,26.2,0,2.5,62.4,6.7,17.54
255,북창원,2024-09-24,22,17.2,27.5,,2.1,69.9,5.4,16.35
255,북창원,2024-09-25,23.6,19.1,29.2,,1.9,72.6,4.2,13.23
255,북창원,2024-09-26,24.5,18.9,30.1,,.8,72.3,8.4,17.65
255,북창원,2024-09-27,24.8,21,30.6,1.9,1.1,79.5,7.2,16.52
255,북창원,2024-09-28,24.4,21.7,28.9,0,2.4,73.5,4.7,12.32
255,북창원,2024-09-29,23.4,19.9,28.3,,2.4,65.3,7,16.12
255,북창원,2024-09-30,23.1,17.8,29.5,,1.3,73.1,9.5,19.27
257,양산시,2024-05-20,22.5,14.2,31.8,,1.5,61,10.2,27.15
257,양산시,2024-05-21,19.5,16.3,25.9,,3.1,70,10,27.32
257,양산시,2024-05-22,20.2,13.5,27.6,,1.7,67.3,8.2,24.22
257,양산시,2024-05-23,23.5,17.1,30.9,,2.2,66,10.7,27.49
257,양산시,2024-05-24,22.2,16.3,30.3,,2.2,63,10.8,27.27
257,양산시,2024-05-25,20.7,17.6,25.4,,2.8,51.3,7.2,23.74
257,양산시,2024-05-26,20.1,14.4,25.3,11.3,2.8,65.3,2.5,14.21
257,양산시,2024-05-27,23,19.5,27.6,.6,2.2,60.9,7.2,22.91
257,양산시,2024-05-28,19.9,13.4,25.8,,2.6,54.1,7,24.17
257,양산시,2024-05-29,19.2,10.6,27.5,,1.8,63.3,10.8,27.95
257,양산시,2024-05-30,20.5,14.3,27.8,0,1.1,62.9,.6,13.49
257,양산시,2024-05-31,22.7,17.1,30.9,.2,1.7,63.1,9.2,26.33
257,양산시,2024-06-01,22.1,17.7,29.6,,1.9,63.5,6.7,21.28
257,양산시,2024-06-02,20,14.7,26.6,,1.7,68.8,5.7,19.18
257,양산시,2024-06-03,19.8,15.6,26,,1.9,67.8,6,22.09
257,양산시,2024-06-04,20.2,13.9,27.2,,1.9,63.8,9.3,27.12
257,양산시,2024-06-05,21.5,13.3,29.3,,1.6,56.3,9.4,27.14
257,양산시,2024-06-06,21.3,17.1,27.1,,1.5,68.9,2.4,16.28
257,양산시,2024-06-07,23.1,16.1,29.7,,1.5,60.3,8.7,24.57
257,양산시,2024-06-08,19.8,18,24.4,15.9,.9,94.4,.1,5.12
257,양산시,2024-06-09,22.4,19.2,28.1,.3,1.6,85,1.4,13.8
257,양산시,2024-06-10,24.4,20.9,31.5,,2.2,75.5,9.5,26.02
257,양산시,2024-06-11,25.3,19.3,33.8,,2,68.6,8.8,26
257,양산시,2024-06-12,25.9,19.9,32.7,,2,66.3,9.7,27
257,양산시,2024-06-13,26.6,20.8,34.6,,1.6,63.8,10.1,26.17
257,양산시,2024-06-14,26,18.1,33.3,,1.7,61.9,10.3,28.04
257,양산시,2024-06-15,26.7,20.8,33.9,1.7,2,69.1,10.1,26.19
257,양산시,2024-06-16,26.4,21.6,33.1,,1.9,67.3,9.3,26.34
257,양산시,2024-06-17,23.6,19.4,29.2,,1.3,68.4,.5,12.98
257,양산시,2024-06-18,26.1,18.9,35.7,,1.8,59.9,11,28.2
257,양산시,2024-06-19,27.1,20,34.3,,1.8,59.3,8.8,23.12
257,양산시,2024-06-20,23.8,20.5,27.2,0,1.4,68.8,0,8.17
257,양산시,2024-06-21,25.7,22.7,30.7,,1.8,71.1,5.1,17.12
257,양산시,2024-06-22,24.1,23,25.1,33.2,1.9,95.9,0,3.37
257,양산시,2024-06-23,25.7,23.1,31.2,0,2.8,85.1,.6,9.06
257,양산시,2024-06-24,25.4,22.5,29.3,,2.9,82.4,6.3,22.72
257,양산시,2024-06-25,24.6,20.7,29.5,,1.6,63.3,1.7,15.45
257,양산시,2024-06-26,24,18.8,30,,1.3,62.3,8.5,22.81
257,양산시,2024-06-27,22.4,18.1,26.5,0,.9,69.3,0,8.85
257,양산시,2024-06-28,25.3,20.2,31.3,0,2,72.5,11,28.45
257,양산시,2024-06-29,24.6,21.7,28.1,69.9,2.3,90.8,1.5,10.43
257,양산시,2024-06-30,25.2,24.3,26.6,39.6,3.8,95.8,0,5.53
257,양산시,2024-07-01,27.1,23.7,32.2,0,2.1,82.1,7.2,23.6
257,양산시,2024-07-02,24.7,23.1,26.4,73.4,2.2,98.6,0,3.02
257,양산시,2024-07-03,26.7,25,30.6,.8,4,89.8,4.4,15.34
257,양산시,2024-07-04,27.8,23.9,34,,3.2,80.3,10.9,27.34
257,양산시,2024-07-05,27.7,24.9,32.7,.2,3.8,81,5,20.15
257,양산시,2024-07-06,26.9,24.3,29.8,,3.6,85.5,3.9,18.62
257,양산시,2024-07-07,27.8,25.9,32.2,,3.3,84.5,2.4,15.55
257,양산시,2024-07-08,26.9,25.5,28.8,,3,89,0,5.73
257,양산시,2024-07-09,26.6,25.4,27.7,27.3,2.2,94.5,0,4.44
257,양산시,2024-07-10,25.4,22.6,30.1,38.4,3.5,92.9,1.1,8.58
257,양산시,2024-07-11,24.7,22.4,29,,1.4,88.1,.6,13.09
257,양산시,2024-07-12,26.1,21.9,33.1,,1.4,82,8.3,24.75
257,양산시,2024-07-13,26,21.5,29.7,0,1.2,78.9,3.4,14.24
257,양산시,2024-07-14,24.1,22.8,26.7,32.2,1.8,95.3,0,5.72
257,양산시,2024-07-15,25.4,22.9,28.7,.2,2.1,85.1,.3,10.76
257,양산시,2024-07-16,24.5,23.4,26.9,12.9,1.4,98.6,.1,6.11
257,양산시,2024-07-17,27,23.8,31.6,,2.8,91.1,.6,10.25
257,양산시,2024-07-18,27.2,26,28.4,.1,3.5,92,0,6.31
257,양산시,2024-07-19,26.1,24.3,29,10.7,2.2,91.4,.8,7.86
257,양산시,2024-07-20,27.4,23.5,33,3.9,2.4,85.5,5.4,18.54
257,양산시,2024-07-21,29.6,26.3,33.9,1.3,3.1,78.8,6,20.1
257,양산시,2024-07-22,29.2,27.2,33.2,,3.3,82.9,5.7,20.31
257,양산시,2024-07-23,29.9,27.1,33.9,0,3.3,80.9,2.7,16.62
257,양산시,2024-07-24,27.1,24,30.4,4.6,2.2,89.9,2.5,13.05
257,양산시,2024-07-25,29.6,25.5,34.7,0,1.7,80.5,7.9,23.82
257,양산시,2024-07-26,29.2,26.1,34,4.7,1.8,81.8,6.2,19.93
257,양산시,2024-07-27,29.4,26.5,32.4,.6,2.9,86.9,5.2,18.09
257,양산시,2024-07-28,30.3,27.3,34.7,,3.1,78.3,9.2,25.67
257,양산시,2024-07-29,30.9,26.7,36.5,,2.6,75.3,9.5,25.52
257,양산시,2024-07-30,31.5,25.6,37.7,,1.6,71.5,10.4,26.89
257,양산시,2024-07-31,31,26.7,36.7,,2.2,74.5,10.4,26.53
257,양산시,2024-08-01,30.7,26.3,36.1,,2.3,77,7.1,20.12
257,양산시,2024-08-02,31.2,27,35.9,,2.2,76.5,9.5,24.22
257,양산시,2024-08-03,32,28.4,39.3,0,1.6,76,7.3,21.48
257,양산시,2024-08-04,31.4,28.5,36.6,0,1.8,73.3,5,17.29
257,양산시,2024-08-05,31.1,27.7,36.7,,2,71.9,7.4,20.42
257,양산시,2024-08-06,29.1,24.9,35.8,29.2,1,83.1,6.9,16.7
257,양산시,2024-08-07,29.4,24.6,36.7,9.7,1.2,81.4,7.7,20.83
257,양산시,2024-08-08,29.1,25.2,37.6,13.1,1,83,6.6,19.69
257,양산시,2024-08-09,28.9,24.8,35.5,7.9,1,81.9,6.4,19.21
257,양산시,2024-08-10,29.6,25,35.3,,1.7,74.9,10.3,25.22
257,양산시,2024-08-11,29.3,25.4,35,,2,73,8.1,23.15
257,양산시,2024-08-12,29.2,23.8,34.8,,2.2,72.3,10.9,26.02
257,양산시,2024-08-13,29.4,25.1,35.1,,2.1,68.3,10.4,25.6
257,양산시,2024-08-14,29.7,25.6,35.3,,2.3,71.8,10.1,25.4
257,양산시,2024-08-15,29.6,27.2,35.4,,2.3,72.6,7.9,22.24
257,양산시,2024-08-16,29.7,25.2,35.4,,1.9,70.5,7.9,21.09
257,양산시,2024-08-17,30.1,26.7,34.9,,1.8,69.4,8.8,23.09
257,양산시,2024-08-18,29.8,25.9,34.5,,2,68.9,9.5,22.51
257,양산시,2024-08-19,30.3,26.3,35.6,0,2.1,75.1,7.1,18.03
257,양산시,2024-08-20,29.2,26.5,33.6,25.1,1.9,86.6,2,11.61
257,양산시,2024-08-21,29,26,32.6,14.3,2.4,90.4,2.3,11.74
257,양산시,2024-08-22,30.2,27.2,33.9,.7,3.1,85.9,6.6,20.63
257,양산시,2024-08-23,30.5,26.7,36,0,1.7,74.8,10.8,24.04
257,양산시,2024-08-24,29.9,26,36.4,,1.7,76.5,10.2,22.8
257,양산시,2024-08-25,29.8,25.3,34.8,,1.5,75.9,9,20.2
257,양산시,2024-08-26,29.6,25.5,35.3,,1.2,77.4,5.7,17.04
257,양산시,2024-08-27,28.2,26.1,32.6,,2.6,76.6,1.8,12.97
257,양산시,2024-08-28,26.6,25.4,29.2,.4,3.2,82.6,.3,5.05
257,양산시,2024-08-29,28.8,25.3,33.1,10.7,3.7,76.3,4.8,17.81
257,양산시,2024-08-30,29.7,26.4,35.6,0,3,68.3,7.8,21.69
257,양산시,2024-08-31,27.8,22.5,34.7,,1.6,70.6,9.2,22.93
257,양산시,2024-09-01,27.7,22.6,34,,1.6,73.6,9.5,22.66
257,양산시,2024-09-02,27.7,24.1,33.1,,1.7,76.5,3.8,14.11
257,양산시,2024-09-03,25.6,23.6,30.3,1.9,2.5,74.8,2.3,11.29
257,양산시,2024-09-04,26.5,22.3,31.9,,2.1,68.4,10,22.31
257,양산시,2024-09-05,27.4,20.3,33.5,,1.7,69.1,10.5,23
257,양산시,2024-09-06,27.5,25.2,32.9,0,2,79.4,.2,7.7
257,양산시,2024-09-07,28.3,25,33.4,0,1.7,77.4,2.6,14.86
257,양산시,2024-09-08,28.6,25.1,34.1,0,1.4,78.8,4.7,14.55
257,양산시,2024-09-09,29.1,26.7,34,,2.6,72.4,7.1,18.37
257,양산시,2024-09-10,29.9,25.7,35.9,,2.1,70.3,9.4,20.68
257,양산시,2024-09-11,29,26.4,33.9,4.7,1.1,82.5,2.6,13.03
257,양산시,2024-09-12,28.4,26,34.7,0,1.2,83.9,3.4,12.38
257,양산시,2024-09-13,29.5,24.8,35.9,,1.2,76.5,10.1,21.43
257,양산시,2024-09-14,29.7,24.8,36,,1.5,74.1,9.5,20.83
257,양산시,2024-09-15,28.4,26.8,32.4,0,3.2,80,3.3,12.69
257,양산시,2024-09-16,27.2,25.2,31.7,.1,3.2,82.3,1.8,12.88
257,양산시,2024-09-17,30,25.3,36.1,.8,1.2,76.9,6.7,16.68
257,양산시,2024-09-18,30.2,26.1,37.2,,1.4,71.3,7.1,17.67
257,양산시,2024-09-19,30.1,24.9,37.7,,1,70.5,8.4,19.56
257,양산시,2024-09-20,27.5,25.6,30.8,46.6,1.2,89.9,0,2.62
257,양산시,2024-09-21,22.1,20.8,26.8,336,3,99.3,0,.96
257,양산시,2024-09-22,22.6,20.4,25.3,.4,3.2,81.9,.4,7.59
257,양산시,2024-09-23,21.2,18.7,26.4,,2.9,64.8,6,16.91
257,양산시,2024-09-24,22.5,18.5,27.8,,2.5,72.3,4.7,15.82
257,양산시,2024-09-25,24.4,20.6,30,,2.5,71.4,4.6,14.92
257,양산시,2024-09-26,24.7,18.8,31,,1,76.3,8.3,17.53
257,양산시,2024-09-27,25,20.8,31.6,,1.8,78,5.9,15.82
257,양산시,2024-09-28,23.8,22.2,28.5,.2,2.7,79.5,1.6,9.04
257,양산시,2024-09-29,23.7,21.4,27.9,,3,66.5,8,18.5
257,양산시,2024-09-30,23.4,19.5,29.9,,1.6,75,6.3,15.92
258,보성군,2024-05-20,22.6,11.1,30.3,,2.9,52.6,12.7,29.48
258,보성군,2024-05-21,19.2,14.8,25.1,,2.2,80.5,10,27
258,보성군,2024-05-22,19.7,13.9,25.9,,2,80.1,7.8,23.23
258,보성군,2024-05-23,23.6,16.2,31.5,,2.9,64.4,12.6,29.11
258,보성군,2024-05-24,22.1,16.9,29.5,,3.3,63.5,12.7,29.24
258,보성군,2024-05-25,19.7,14.9,24.6,,2.9,68.6,11,27.25
258,보성군,2024-05-26,18.9,12.7,22.1,17.3,2.1,91.8,1.9,8.41
258,보성군,2024-05-27,21,17.3,25.4,,3.7,55.9,7.5,22.95
258,보성군,2024-05-28,20.7,15.8,27,,3,57.3,9.4,26.24
258,보성군,2024-05-29,20.4,14.3,26.4,,2.5,73.3,13.5,31.22
258,보성군,2024-05-30,20.1,15.9,25,1.7,1.8,77.1,1.6,15.88
258,보성군,2024-05-31,21.3,15.8,27.3,.3,2.9,71.4,11.3,29.38
258,보성군,2024-06-01,20.6,16.4,26,,3.8,61.3,9,25.62
258,보성군,2024-06-02,21.5,15.2,28,,3.1,52.5,10.7,25.59
258,보성군,2024-06-03,19.8,13.7,25,,2.6,73.5,11.1,28.41
258,보성군,2024-06-04,20.3,16.1,25.5,,2.2,76.1,11.1,28.74
258,보성군,2024-06-05,20.3,15.9,25.2,,2,76.6,8,22.27
258,보성군,2024-06-06,19.9,15.8,24.1,,1.8,78.6,.6,14.13
258,보성군,2024-06-07,20.9,16.5,26.4,0,1.8,79,4.7,19.74
258,보성군,2024-06-08,19.7,18.8,20.5,26.9,2.2,98.6,0,4.06
258,보성군,2024-06-09,23.5,19.5,29.5,,2.1,82.4,7.5,22.02
258,보성군,2024-06-10,23.9,18,30.5,,2.8,76.1,11.7,27.81
258,보성군,2024-06-11,23.5,18.2,30,,2.3,77.9,10.5,26.1
258,보성군,2024-06-12,24,18.3,29.4,,2.5,77.9,12.4,28.25
258,보성군,2024-06-13,25.3,19.6,31.8,,2.3,68.9,13.3,29.39
258,보성군,2024-06-14,24.6,18.4,30.3,,2.1,77.4,11.5,27.97
258,보성군,2024-06-15,25.1,20.8,30.6,3.9,2.5,81.5,8,25.04
258,보성군,2024-06-16,25.2,21.4,30.3,,3.3,68,10,23.57
258,보성군,2024-06-17,22.1,18.2,26.5,,1.8,78.1,.6,10.56
258,보성군,2024-06-18,26.6,18.9,34.5,,3.9,52.4,13.8,30.91
258,보성군,2024-06-19,25,19.5,31.7,,2,63.9,8.8,26.08
258,보성군,2024-06-20,21.8,19.8,23.2,.2,2.6,90.8,0,3.44
258,보성군,2024-06-21,24.2,19.7,29,,2.5,82.8,9.6,25.91
258,보성군,2024-06-22,23.9,22.4,26,50.3,2.5,98,0,2.39
258,보성군,2024-06-23,25,22.9,29.9,.4,2.5,88.4,2.5,13.52
258,보성군,2024-06-24,24.2,21.4,27.8,,1.9,87.1,.7,11.49
258,보성군,2024-06-25,24,20.5,29.4,,2.4,68.1,5.1,22.1
258,보성군,2024-06-26,22.7,18,28.3,,2.2,71.1,10.8,27.3
258,보성군,2024-06-27,20,17.4,23,1.4,1.7,86,0,5.88
258,보성군,2024-06-28,23.9,18,29,,1.9,83.3,12.3,29.05
258,보성군,2024-06-29,23.6,21.9,25.8,91.1,2.4,98.1,0,2.44
258,보성군,2024-06-30,25,23.8,26.8,68.8,2.9,98,0,4.87
258,보성군,2024-07-01,25.6,23,29.6,6.2,1.8,90,4.8,18.67
258,보성군,2024-07-02,25.9,23.8,29.1,27.1,3.1,96.1,.3,10.37
258,보성군,2024-07-03,27.3,24.9,31.2,4.7,3,90,8.3,24.4
258,보성군,2024-07-04,26.7,23,31.3,,2.4,88.3,11.3,27.63
258,보성군,2024-07-05,27.4,24.6,31.2,10,1.8,87.9,4.9,20.55
258,보성군,2024-07-06,27.4,24.2,30.9,,1.9,86.5,3.1,16.18
258,보성군,2024-07-07,27.3,26.2,29.7,,2.3,92.3,.5,12.38
258,보성군,2024-07-08,26.8,25.9,27.8,,1.7,95.5,0,3.58
258,보성군,2024-07-09,26.8,24.9,29.9,0,1.9,94.8,.2,8.45
258,보성군,2024-07-10,25.9,23.4,29.7,25.4,3.3,90.9,1.9,14.24
258,보성군,2024-07-11,24.8,22.7,27.2,,2.2,89.4,.1,8.82
258,보성군,2024-07-12,25.5,22,30.1,,2.2,84,11.2,28.73
258,보성군,2024-07-13,24.8,21.8,28.9,2.9,1.8,89,2.4,14.07
258,보성군,2024-07-14,24.3,22.1,26.9,44.6,2.2,97.4,1.1,6.58
258,보성군,2024-07-15,24.8,23,27.4,0,1.9,94.4,.9,8.16
258,보성군,2024-07-16,23.9,23.1,25,157.3,1.7,99.4,0,2.35
258,보성군,2024-07-17,26.5,23.9,30,,1.8,96,.7,8.24
258,보성군,2024-07-18,27.3,25.8,30.1,1.7,2.2,94,.1,8.51
258,보성군,2024-07-19,25.1,23.7,28.8,29,1.2,96,2.7,10.16
258,보성군,2024-07-20,27.2,22.7,32,0,1.9,90.9,3.6,17.58
258,보성군,2024-07-21,27.8,24,31.7,53.9,2.2,90.3,7.8,24.07
258,보성군,2024-07-22,28.5,25.6,32.2,0,2.3,89.1,5.7,20.94
258,보성군,2024-07-23,28.8,25.9,32.1,.2,2,89.3,2.4,15.85
258,보성군,2024-07-24,29.1,25.8,33,0,2,88.8,8.4,24.81
258,보성군,2024-07-25,28.8,26.2,33.1,.4,2.7,88.4,5.6,19.98
258,보성군,2024-07-26,27.7,26,30.6,14.3,3.6,94,1.3,10.79
258,보성군,2024-07-27,28.2,25.7,31.4,5.6,3.2,94.8,2.5,15.33
258,보성군,2024-07-28,28.9,26.1,32.4,,2.5,89.3,9.2,24.27
258,보성군,2024-07-29,28.6,24.7,34.1,,1.9,85,9.3,24.38
258,보성군,2024-07-30,28.8,24.6,34.2,,2.4,83.4,11.5,27.93
258,보성군,2024-07-31,28.8,24.7,33.5,,2,87,8.6,24.58
258,보성군,2024-08-01,28.9,25.3,33.1,,1.6,87.3,7.1,21.4
258,보성군,2024-08-02,29.6,25.9,34.3,,1.5,89.9,6.5,20.36
258,보성군,2024-08-03,30.8,27,36.3,,2,83.8,12.3,26.99
258,보성군,2024-08-04,30.6,26.2,36,,2.4,84.4,11.9,28.61
258,보성군,2024-08-05,29.2,25.8,34.2,0,1.8,84.8,8.9,23.02
258,보성군,2024-08-06,28.8,24.4,34.6,,1.7,86.5,8.8,22.11
258,보성군,2024-08-07,29.4,25,34.7,,1.9,86.8,10.2,25.95
258,보성군,2024-08-08,29.4,25.7,34.9,,2.2,82.1,8.2,21.57
258,보성군,2024-08-09,29,25,34.2,,2.1,84.8,11.3,26.8
258,보성군,2024-08-10,28.5,25.3,33,,1.6,85.1,9.4,24.34
258,보성군,2024-08-11,28.2,24.2,33.1,,1.6,81.9,12.1,27.45
258,보성군,2024-08-12,28.1,23.9,33.6,,1.7,84,10.3,24.63
258,보성군,2024-08-13,28.7,25,33.5,,1.7,80.1,7.2,21.54
258,보성군,2024-08-14,28.8,24.3,34,2.5,1.9,79.8,11.8,26.75
258,보성군,2024-08-15,28.5,24.9,33.9,.2,2,83.6,10.2,24.9
258,보성군,2024-08-16,27.8,24.8,33.7,0,2.1,84.5,8.8,23.07
258,보성군,2024-08-17,27.3,24.2,33.7,7.7,2.2,89.3,5.5,18.78
258,보성군,2024-08-18,27.9,24.2,33,,2.1,85.6,8.8,23.03
258,보성군,2024-08-19,28.9,24,33.9,,2.2,82.6,10,24.64
258,보성군,2024-08-20,28.4,26.1,31.6,7.8,2.5,95.9,1,8.82
258,보성군,2024-08-21,29.2,27.2,32,.2,2.7,92.5,3.1,16.15
258,보성군,2024-08-22,28.3,25.8,32.6,1.9,2.4,94.8,2.9,15.26
258,보성군,2024-08-23,28.2,23.9,33.7,,2.3,86.9,10.9,24.43
258,보성군,2024-08-24,28.3,23.8,33.6,,1.7,84.9,11.7,25.17
258,보성군,2024-08-25,28.3,24.1,33.9,,2,83.8,10.1,24.34
258,보성군,2024-08-26,28,24.4,33.1,,1.7,87,6.3,20.15
258,보성군,2024-08-27,28,24.1,33.8,13.9,2.1,86.5,3.2,15.96
258,보성군,2024-08-28,28.4,24.6,33.2,0,3.8,73.4,11.2,24.95
258,보성군,2024-08-29,28.9,23.4,34.7,,2.5,73,8,20.75
258,보성군,2024-08-30,28.8,24.6,34.4,,3.2,71.9,12.2,25.37
258,보성군,2024-08-31,27.1,22,33.4,,2.8,78.6,12.2,25.89
258,보성군,2024-09-01,26.9,22.6,32.2,,1.7,81.9,10.9,25.55
258,보성군,2024-09-02,26.3,22.2,30.7,,1.7,79.9,5.5,16.62
258,보성군,2024-09-03,26.6,23.5,30.6,,2.4,80.8,6.7,18.78
258,보성군,2024-09-04,25.5,20.2,31,,2.2,79,11.8,25.11
258,보성군,2024-09-05,26.5,20.8,32.4,,1.8,84.1,10.9,25.06
258,보성군,2024-09-06,27,24.9,32,0,1.6,91.1,2,12.15
258,보성군,2024-09-07,26.6,24.2,31.7,.3,1.3,93.1,.5,10.39
258,보성군,2024-09-08,27.2,23.1,32.4,,1.7,86.8,10.3,23.21
258,보성군,2024-09-09,28,24.1,32.9,,1.9,85.1,9.7,21.86
258,보성군,2024-09-10,28.3,23.3,33.4,,2.2,83,11.5,23.28
258,보성군,2024-09-11,26.8,25.4,30.5,18,1.4,97.1,.1,6.62
258,보성군,2024-09-12,28.1,24.9,33,.5,1.5,88,8.6,20.77
258,보성군,2024-09-13,28.1,24.3,32.9,1.9,1.7,88.5,9.2,22.13
258,보성군,2024-09-14,28.3,24.1,33.9,,1.6,86.8,10.5,22.21
258,보성군,2024-09-15,29.4,25,33.9,,2.2,82.3,8.1,19.2
258,보성군,2024-09-16,28.5,26.9,30.2,0,2.5,83.9,0,6.15
258,보성군,2024-09-17,28.9,26,33.9,,1.6,89.9,8.1,18.69
258,보성군,2024-09-18,28.7,25.4,33.6,,1.7,85.8,7.2,18.6
258,보성군,2024-09-19,29.1,24.3,35,.8,2,80.8,10.4,22.28
258,보성군,2024-09-20,26.9,25.7,29,59.3,2.4,99.8,0,3.63
258,보성군,2024-09-21,25.9,24,30.1,154.5,2.7,97.4,.8,4
258,보성군,2024-09-22,23.1,21.8,25.3,3.9,1.7,90.6,0,7.56
258,보성군,2024-09-23,21.4,17.6,26.2,,3,76.6,6.4,17.79
258,보성군,2024-09-24,21.1,15.3,27,,2,80.4,6.8,17.78
258,보성군,2024-09-25,22.9,17.2,29.2,,2.1,84.8,9.6,21.34
258,보성군,2024-09-26,24.2,19.5,29,,1.9,82.8,9.4,18.86
258,보성군,2024-09-27,23.6,19.3,29.6,,1.9,81,9.4,20.02
258,보성군,2024-09-28,23.8,19,29.3,,2.7,78.8,10.5,20.41
258,보성군,2024-09-29,23,17.6,28.5,,3.1,73.8,10.2,21.05
258,보성군,2024-09-30,21.9,15.3,28.5,,1.7,80.4,11.1,21.57
259,강진군,2024-05-20,21.3,11.6,30.1,,1.5,61,12,27.58
259,강진군,2024-05-21,19,13.7,25.4,,1.4,81.5,9.6,26.64
259,강진군,2024-05-22,20.1,13.8,26.9,,1.2,79,8.6,23.71
259,강진군,2024-05-23,23.1,15.6,30.8,,1.6,65,12,28.45
259,강진군,2024-05-24,,14.9,31,,1.9,,9.5,25.48
259,강진군,2024-05-25,20.5,15,26.2,,2.1,60.6,11.5,27.42
259,강진군,2024-05-26,19.7,14.1,23.8,12.8,1.5,87.8,1.6,8.39
259,강진군,2024-05-27,20.3,16.9,25.3,,2.9,59.5,8,23.55
259,강진군,2024-05-28,20.4,14,27,,1.9,61.1,12,30.47
259,강진군,2024-05-29,20.2,13.6,27.2,,1.2,73,12,29.47
259,강진군,2024-05-30,19.9,15.1,25.8,1.7,1,77.3,1.2,14.49
259,강진군,2024-05-31,20.4,15.8,27.5,2.1,1.7,76,9.4,26.77
259,강진군,2024-06-01,20.1,15,25.3,,2.3,68.4,8.2,24.37
259,강진군,2024-06-02,20.7,15.3,27.3,,2,60.9,8.3,24.46
259,강진군,2024-06-03,19.5,12.3,25.9,,1.3,74.1,11.6,28.86
259,강진군,2024-06-04,20.1,14.8,25.6,,1.3,76.5,7.2,22.83
259,강진군,2024-06-05,21.1,16.8,26.4,,1.5,68.1,5.9,21.19
259,강진군,2024-06-06,19.8,15.7,24.5,0,1,77,.5,12.72
259,강진군,2024-06-07,21.6,17,27.3,,1.5,72.3,3.8,17.95
259,강진군,2024-06-08,20.2,19.1,21.3,13.9,1.2,96.1,0,5.34
259,강진군,2024-06-09,23.4,19.4,29.1,,1.4,79,7.1,21.33
259,강진군,2024-06-10,23.5,16.6,31.5,,1.3,75.3,10.5,26.84
259,강진군,2024-06-11,22.9,16.2,29.9,,1,78.6,10.1,24.59
259,강진군,2024-06-12,23.3,17.9,30.6,,1.1,80.4,9.6,26.15
259,강진군,2024-06-13,25.3,17.9,32.8,,1.1,68.8,12.5,29.01
259,강진군,2024-06-14,24.9,18.6,30.9,,1.2,75.6,10.4,27.45
259,강진군,2024-06-15,25.5,20.1,30.9,,1.6,76,8.2,24.62
259,강진군,2024-06-16,25.1,20,30.2,,2.3,70.9,9.9,26.51
259,강진군,2024-06-17,21.4,17.5,26.3,,.9,80.6,1,10.91
259,강진군,2024-06-18,25,16.2,34.2,,1.7,60,12.7,30.38
259,강진군,2024-06-19,24.6,18.2,32.6,,1.2,66.5,8.5,25.22
259,강진군,2024-06-20,21.8,20.2,23,2.2,2.2,88.6,0,2.09
259,강진군,2024-06-21,24,18.9,30.3,,1.4,82.8,7.1,23.61
259,강진군,2024-06-22,23.7,22.5,25.3,46.6,1.8,97.4,0,2.43
259,강진군,2024-06-23,24.2,21.9,28.8,.4,2,90.9,1.6,10.59
259,강진군,2024-06-24,24.6,22.1,28.8,,1.7,85.9,1,10.77
259,강진군,2024-06-25,23.8,19.6,29.4,,1.3,67.8,5.8,21.68
259,강진군,2024-06-26,22.5,16.9,29.4,,1,72.3,9.9,26.58
259,강진군,2024-06-27,19.3,16.7,22.7,1.2,1.2,90.8,0,5.19
259,강진군,2024-06-28,23.4,17.5,29.4,,1.1,84.1,9.9,27.6
259,강진군,2024-06-29,23.7,22.3,24.8,73,1.6,96.1,0,2.13
259,강진군,2024-06-30,24.6,23.5,25.6,90.9,2.1,98.4,0,4.79
259,강진군,2024-07-01,25.5,23.1,30.1,10.4,1.1,90.1,4.1,18.5
259,강진군,2024-07-02,27.1,23.6,30.9,8,1.9,88,2.1,14.76
259,강진군,2024-07-03,27.2,24.2,32.1,2.6,2,84.4,5.2,18.92
259,강진군,2024-07-04,27,23.5,31.6,,1.4,86.6,8.8,25.4
259,강진군,2024-07-05,27,24.3,31.7,7.5,1.7,86,3.5,18.16
259,강진군,2024-07-06,27.4,25,29.7,,1.8,86.9,1.6,11.95
259,강진군,2024-07-07,26.7,25.9,27.8,,1.7,93.1,0,2.25
259,강진군,2024-07-08,26.4,25.6,27.6,0,1.4,95,0,2.01
259,강진군,2024-07-09,26.4,25.4,27.9,3.2,1.3,94.5,0,4.59
259,강진군,2024-07-10,25,22.9,27.5,18.3,2.6,92.1,.3,9.6
259,강진군,2024-07-11,24.1,21.6,27.4,,1.3,90.4,0,7.65
259,강진군,2024-07-12,25.2,20.5,30.3,,1,84.5,5.3,20.65
259,강진군,2024-07-13,24.8,22.2,28.8,4,1.3,88.8,1.5,12.14
259,강진군,2024-07-14,24.4,23.2,26.8,17.8,1.6,92.9,2.9,9.72
259,강진군,2024-07-15,24.6,22.6,27,,1,92.9,0,7.17
259,강진군,2024-07-16,24.4,22.6,27,56.9,.8,99.9,0,2.45
259,강진군,2024-07-17,27,23.2,30.7,.3,1,90.6,.9,12.43
259,강진군,2024-07-18,26.8,24.3,29.5,9.3,1.5,92.6,.1,8.18
259,강진군,2024-07-19,25.1,23.3,29.8,50,.9,93.6,3.5,12.19
259,강진군,2024-07-20,27.6,22.7,32.4,0,1.6,88.4,4.1,17.04
259,강진군,2024-07-21,27.8,23.7,33.1,30.8,1.5,87.8,5.8,21.45
259,강진군,2024-07-22,28.4,25,32.6,,1.6,86.1,4.7,18.98
259,강진군,2024-07-23,28.8,25.6,33.3,,1,85.8,2.4,14.22
259,강진군,2024-07-24,29.1,25.6,33.3,.6,.9,86.8,6.1,19.1
259,강진군,2024-07-25,29.5,26.3,33.2,9.5,2.3,83.9,7.8,23.79
259,강진군,2024-07-26,27.9,25.4,30.3,13.3,2.7,88.9,.6,9.09
259,강진군,2024-07-27,29.1,25.9,33.1,.9,2.1,85.9,3.7,17.01
259,강진군,2024-07-28,29.5,26,33.9,,1.4,82.6,9.1,26.18
259,강진군,2024-07-29,28.5,24.4,33.3,,1.6,85.3,5.6,20.44
259,강진군,2024-07-30,28.9,24.3,34.6,,1.8,80.3,10.8,28.16
259,강진군,2024-07-31,28.9,25.2,34,.1,.9,84.5,7.2,22.65
259,강진군,2024-08-01,29.2,25.3,33.6,,1,85.6,8.2,23.4
259,강진군,2024-08-02,29.6,25.9,34.2,,1.3,87.9,6.2,19.21
259,강진군,2024-08-03,31.1,26.2,36.4,,1.3,79.4,11,24.75
259,강진군,2024-08-04,31.1,26.6,37,0,1.1,79.4,8.8,22.29
259,강진군,2024-08-05,28.5,24.3,34.2,.5,1.3,84.8,6.1,20.29
259,강진군,2024-08-06,29.1,23.9,35.6,,1,81.4,10.4,23.58
259,강진군,2024-08-07,30.1,25.2,36.3,,1.2,80.1,9.8,22.76
259,강진군,2024-08-08,28.5,25.3,34.8,5.8,1.1,86,6.7,19.37
259,강진군,2024-08-09,29.8,24.8,35.7,,1.1,78,11.2,25.91
259,강진군,2024-08-10,28.7,25.1,33.9,,1.5,81.6,10.9,26.49
259,강진군,2024-08-11,28.6,24.4,33.5,,1.2,78.3,10,23.42
259,강진군,2024-08-12,28.4,23.6,34.2,,1.5,78.5,11.8,26.66
259,강진군,2024-08-13,28.5,24.6,34,,1.4,77.6,5.2,18.76
259,강진군,2024-08-14,28.5,23.8,34.2,,1.5,80.4,10.6,23.98
259,강진군,2024-08-15,28.9,24.9,34.8,,1.2,80.6,9,24.36
259,강진군,2024-08-16,28.1,25,33.4,0,1.3,82.6,5.6,16.85
259,강진군,2024-08-17,26.1,22.8,34,21,1,88.6,6.4,18.14
259,강진군,2024-08-18,27.7,23.6,33.3,,.9,84.5,7.7,21.1
259,강진군,2024-08-19,29.1,24.5,34,,1.9,80.8,9.4,22.05
259,강진군,2024-08-20,28.7,26.3,32.1,28.1,2.1,90.6,2.4,12.12
259,강진군,2024-08-21,30,27.1,34.1,5.1,1.3,85.9,7.5,20.93
259,강진군,2024-08-22,28.3,25.2,32.1,5,1.2,90.1,1.9,10.81
259,강진군,2024-08-23,28.5,23.8,34.7,,1.2,84.1,8.7,22.87
259,강진군,2024-08-24,28.5,24.3,34.4,,.9,82.9,7.3,19.29
259,강진군,2024-08-25,28.5,24,35,,1,82.9,8.2,22.68
259,강진군,2024-08-26,28,23.9,33.8,,1,84.4,7.7,21.57
259,강진군,2024-08-27,,24.2,34.4,,1.3,,4.3,18.26
259,강진군,2024-08-28,,27.1,34.3,,3,,4.3,8.47
259,강진군,2024-08-29,29.6,23.3,35.6,,2,70,10,23.28
259,강진군,2024-08-30,28.6,24,34.7,,2.4,73.3,11.9,25.67
259,강진군,2024-08-31,27.1,21.2,33,,1.4,75.5,11.8,25.26
259,강진군,2024-09-01,26.9,22.6,32,,1.1,79.8,8.6,19.28
259,강진군,2024-09-02,25.3,21.1,31.4,.4,.9,78.8,1.8,13.83
259,강진군,2024-09-03,25.9,22.1,30.9,,1.2,81.3,1.7,11.27
259,강진군,2024-09-04,26.1,21.1,31.8,,1.5,76.4,11.5,23.46
259,강진군,2024-09-05,27,20.8,32.7,,1.2,80.8,11.6,24.75
259,강진군,2024-09-06,27.2,24,32.2,0,.9,87,2.6,14.2
259,강진군,2024-09-07,26.5,24.2,30.8,.1,.7,91.3,.2,7.78
259,강진군,2024-09-08,27.7,23.8,33.7,,1.2,79.9,9.1,22.34
259,강진군,2024-09-09,28.2,23.2,34.2,,1.2,80.3,10.6,22.37
259,강진군,2024-09-10,29,23.4,34.5,,1.6,77.3,11.3,23.27
259,강진군,2024-09-11,27.4,25.3,30.5,30.2,1.4,92.3,.4,7.53
259,강진군,2024-09-12,28,24.1,33.2,2,1.2,87,4.6,15.61
259,강진군,2024-09-13,28.2,23.6,34.7,,.7,83.3,8.7,21.31
259,강진군,2024-09-14,28.8,23.9,36.1,,1,82.6,7.7,19.32
259,강진군,2024-09-15,29.8,24.6,34.7,,2,79.4,9.5,21.11
259,강진군,2024-09-16,27.9,26.9,29.4,3.9,1.8,87.9,0,4.57
259,강진군,2024-09-17,28.4,26,34.4,35,1,89.5,7.4,18.57
259,강진군,2024-09-18,28.8,25,34,,1.1,83.6,8.9,18.59
259,강진군,2024-09-19,28.7,24.4,35.3,20.4,1.9,80.1,9.4,20.33
259,강진군,2024-09-20,27.3,24.2,30.8,90,1.2,94.4,.8,8.63
259,강진군,2024-09-21,25.6,23.3,29.1,247.4,1.8,96.5,.1,2.17
259,강진군,2024-09-22,22.5,21.2,24,3,1,96,0,6.55
259,강진군,2024-09-23,22.3,18.8,26.7,.3,2,74.6,9.6,20.58
259,강진군,2024-09-24,21.6,16.4,27.7,,1.3,77.4,6.2,16.84
259,강진군,2024-09-25,23.5,17.1,30.4,,.9,82.5,8.4,19.11
259,강진군,2024-09-26,24.3,19.6,30.4,,.8,82.4,6.3,16.26
259,강진군,2024-09-27,24,19.4,29.7,,1.4,75.9,10.4,20.41
259,강진군,2024-09-28,24,18.5,30,,1.4,78.8,10.5,20.81
259,강진군,2024-09-29,23.5,19.3,29,,1.9,73,10.4,20.84
259,강진군,2024-09-30,22.4,16.1,29.5,,.9,78.8,9.5,19.64
260,장흥,2024-05-20,20.3,10.1,29.3,,1.2,62,12.8,
260,장흥,2024-05-21,18.8,12.5,25.2,,1.7,79.3,12.1,
260,장흥,2024-05-22,19.8,13.7,26.7,,1.2,77.4,8.8,
260,장흥,2024-05-23,22.6,15.5,30.3,,1.1,62.8,11.3,
260,장흥,2024-05-24,20.8,14,30.1,,2.1,65.5,12.2,
260,장흥,2024-05-25,19.9,14.7,24.7,,2,60,11.5,
260,장흥,2024-05-26,19.7,14.7,22.5,10.2,1.7,85.1,1.9,
260,장흥,2024-05-27,20.2,17.1,24.4,0,2.7,55.1,8.9,
260,장흥,2024-05-28,19.8,13.3,26.6,,1.8,59.8,10.8,
260,장흥,2024-05-29,19.9,13.3,27.1,,1.2,69.8,12.9,
260,장흥,2024-05-30,19.3,14.8,24.9,1.7,1,76.3,1.6,
260,장흥,2024-05-31,20.5,16,27.4,.7,1.5,72.1,10.3,
260,장흥,2024-06-01,19.4,14.6,24.4,,2.8,66.1,10.4,
260,장흥,2024-06-02,20,14.7,26.8,,1.8,58.3,10,
260,장흥,2024-06-03,18.9,12,24.5,,1.9,74.8,11,
260,장흥,2024-06-04,19.9,14.4,25.1,,1.5,75.3,10,
260,장흥,2024-06-05,20.7,17.2,25.9,,1.4,69.6,7.4,
260,장흥,2024-06-06,19.5,15.3,24.5,0,1.1,75.8,.9,
260,장흥,2024-06-07,21,16.1,26.2,0,1.4,73,4.9,
260,장흥,2024-06-08,20,19.1,21,10.9,1.4,97.9,0,
260,장흥,2024-06-09,23.1,18.8,28.7,,1.4,80.1,8.2,
260,장흥,2024-06-10,23.4,16.6,31.5,,1.2,74.4,11.2,
260,장흥,2024-06-11,23.4,16.5,30.4,,.9,75.3,10.3,
260,장흥,2024-06-12,23.5,17.9,30.1,,1.3,77.5,10.8,
260,장흥,2024-06-13,24.7,17.7,32.2,,1.4,69.8,12.8,
260,장흥,2024-06-14,24.4,18.2,30.3,,1.6,74.5,10.5,
260,장흥,2024-06-15,25.2,20,31.2,,1.2,75.9,6.4,
260,장흥,2024-06-16,24.3,19.5,29.8,0,1.7,72,11.6,
260,장흥,2024-06-17,21.3,17.3,26.2,,.7,79.9,.7,
260,장흥,2024-06-18,24.9,16.5,34,,1.7,58.4,13.2,
260,장흥,2024-06-19,23.9,17.8,31.3,,1.6,67.5,8.7,
260,장흥,2024-06-20,21.8,19.7,23.3,.6,2.2,82.1,0,
260,장흥,2024-06-21,23.7,18.7,29.4,,1.8,81.5,8.2,
260,장흥,2024-06-22,23.7,22.3,25.3,45.9,1.8,97,0,
260,장흥,2024-06-23,24.3,21.8,29,0,1.3,87.8,2.4,
260,장흥,2024-06-24,24.3,21.5,29.2,,1.4,84,2.1,
260,장흥,2024-06-25,23.2,19.4,28.9,,1.4,69.6,6,
260,장흥,2024-06-26,22,16.3,29.1,,1.3,71.6,10.4,
260,장흥,2024-06-27,19.1,16.4,22.7,1.5,.9,89.6,.3,
260,장흥,2024-06-28,23.2,17.6,28.7,,1.7,82.6,10.8,
260,장흥,2024-06-29,23.5,21.3,25.4,65.2,2.3,97.1,0,
260,장흥,2024-06-30,24.9,23.8,26.3,98.8,1.8,97,0,
260,장흥,2024-07-01,25.3,23.2,30.3,6.9,1.4,89.9,4.4,
260,장흥,2024-07-02,26,23.1,28.9,13.5,3,90.8,.4,
260,장흥,2024-07-03,27.1,23.9,31.6,3.4,1.5,83,7.3,
260,장흥,2024-07-04,27.1,22.6,31.8,,1.4,82.6,10.9,
260,장흥,2024-07-05,27,24.2,31.7,9.1,1.2,85,6.3,
260,장흥,2024-07-06,27.4,23.7,30.3,,1.6,81.6,3.8,
260,장흥,2024-07-07,27.2,25.9,29.3,,1.2,87.4,.2,
260,장흥,2024-07-08,26.6,25.5,27.9,.2,.9,93.8,0,
260,장흥,2024-07-09,26.4,24.8,29.1,0,1.5,93.9,0,
260,장흥,2024-07-10,25,22.7,28.7,20.1,1.8,91,1.4,
260,장흥,2024-07-11,24.1,21.5,26.9,,.7,90,.1,
260,장흥,2024-07-12,24.5,20.9,29.8,,1.3,85.4,5.9,
260,장흥,2024-07-13,24.6,21.8,28,3.2,1.4,88,2.6,
260,장흥,2024-07-14,24.4,23.3,26.3,12.2,1.2,93.8,3.1,
260,장흥,2024-07-15,24.5,21.9,27.7,0,1.3,93.3,1.5,
260,장흥,2024-07-16,24.3,22.9,25.9,66.9,1.4,99,0,
260,장흥,2024-07-17,26.2,23.1,29.7,0,1.6,94.5,.7,
260,장흥,2024-07-18,26.9,24.5,29.5,5.3,1.9,90.4,.4,
260,장흥,2024-07-19,24.9,23.3,29.7,47.9,.9,93.1,4.3,
260,장흥,2024-07-20,27.8,22.6,32.8,,1.5,84.9,5,
260,장흥,2024-07-21,27.7,23.5,32.6,76.3,1.3,89.1,5.6,
260,장흥,2024-07-22,28,25,32.7,0,1.4,86.5,5,
260,장흥,2024-07-23,28.6,25.3,33.2,.1,1.5,86,3.9,
260,장흥,2024-07-24,28.3,25.1,31.7,1.5,1.5,91.5,6.7,
260,장흥,2024-07-25,28.7,25.8,31.9,17.2,2.5,87.9,7,
260,장흥,2024-07-26,26.8,25.1,28.9,36.7,3.2,92.4,.8,
260,장흥,2024-07-27,27.6,25.5,29.9,29.8,2.9,92.5,.4,
260,장흥,2024-07-28,28.3,25.3,31.7,,2.3,88,8.4,
260,장흥,2024-07-29,28.1,23.4,32.7,,1.1,83.5,9.2,
260,장흥,2024-07-30,27.9,23,33.2,,1.1,80.8,11.7,
260,장흥,2024-07-31,28.1,24.1,33.7,0,1,86.5,8.4,
260,장흥,2024-08-01,28.1,24.6,32.7,,1.3,88.4,5.3,
260,장흥,2024-08-02,29.7,25,34.4,0,.7,85.6,6.2,
260,장흥,2024-08-03,30.2,26,35.5,,.7,82.3,12.2,
260,장흥,2024-08-04,30.1,25.5,35.8,0,.9,81.6,10.6,
260,장흥,2024-08-05,28,23.3,33.6,1,1.3,85.3,8.8,
260,장흥,2024-08-06,28.6,23.4,34.6,0,.9,81.5,11.1,
260,장흥,2024-08-07,29.3,24.1,35.3,,.7,81.8,11.6,
260,장흥,2024-08-08,28.4,24.5,34.8,0,1,82.4,8.1,
260,장흥,2024-08-09,28.8,24.5,34.4,,1,81.3,10.5,
260,장흥,2024-08-10,28.2,24.3,32.7,,1.4,82.1,11.4,
260,장흥,2024-08-11,27.6,22.9,32.5,,1.5,81.1,12.5,
260,장흥,2024-08-12,27.7,22.8,33.9,,1.1,81.9,12.1,
260,장흥,2024-08-13,27.7,23.8,33.9,,.8,80.3,6.7,
260,장흥,2024-08-14,28.1,23.2,33.6,,1.1,80.4,12.1,
260,장흥,2024-08-15,28.3,24.5,33.6,0,1.2,81.8,9.8,
260,장흥,2024-08-16,27.7,24.1,33.7,0,1.1,83.4,8.1,
260,장흥,2024-08-17,26.3,23.6,33.7,0,1,85.6,6.8,
260,장흥,2024-08-18,27.4,23.2,33.4,,1.1,83.8,8.8,
260,장흥,2024-08-19,28.7,23.8,33.8,,1.3,81.4,11.1,
260,장흥,2024-08-20,28.1,25.5,32.4,34.2,2.6,91.8,4.3,
260,장흥,2024-08-21,28.9,27.2,32,3.3,2.1,89.5,6.8,
260,장흥,2024-08-22,28.3,25,31.9,6.3,1.8,88.8,4,
260,장흥,2024-08-23,28,23.7,33.8,,.7,84.3,9,
260,장흥,2024-08-24,27.9,23.7,33.9,,.6,81.9,10.8,
260,장흥,2024-08-25,28.3,23.4,34.2,,.8,82.1,10.1,
260,장흥,2024-08-26,27.3,23.3,33.1,,1,85.8,7.9,
260,장흥,2024-08-27,27.2,23.5,33.6,13.5,.9,86.4,3.7,
260,장흥,2024-08-28,28.3,24.6,32.9,0,2,70.6,10.4,
260,장흥,2024-08-29,28,22.6,34.6,,1.4,74.9,10.4,
260,장흥,2024-08-30,27.6,22.4,33.5,,1.8,75.6,11.9,
260,장흥,2024-08-31,26.2,20.2,31.9,,1.3,78.1,11.8,
260,장흥,2024-09-01,26.2,21.2,32.1,,.9,81.6,10.4,
260,장흥,2024-09-02,24.2,20.2,30.2,1.3,.6,85.9,2.2,
260,장흥,2024-09-03,25.3,21.1,30.4,,1.1,84.5,4.6,
260,장흥,2024-09-04,25.2,20,30.8,,1.3,79.6,11.5,
260,장흥,2024-09-05,25.4,19.8,31.9,,.8,85.1,7.8,
260,장흥,2024-09-06,26,23,32.2,5.7,.9,92.4,2.9,
260,장흥,2024-09-07,26.2,24,29.7,.2,.7,91.6,.2,
260,장흥,2024-09-08,26.9,23.6,32.5,,.7,85.8,7,
260,장흥,2024-09-09,27.1,22.1,33.1,,1,84.4,11,
260,장흥,2024-09-10,28.1,22.4,33.8,,1.2,79.6,11.3,
260,장흥,2024-09-11,26.6,24.9,31.4,33.4,.8,95.8,.7,
260,장흥,2024-09-12,27.5,23.8,31.9,10.7,1.3,87.5,7.9,
260,장흥,2024-09-13,27.3,22.6,33.5,,1,86.8,8.9,
260,장흥,2024-09-14,28,23,34.9,,.8,84.9,10.3,
260,장흥,2024-09-15,29.4,23.9,33.8,,1.5,78,9.5,
260,장흥,2024-09-16,28.2,27.3,29.7,0,1.7,81.5,0,
260,장흥,2024-09-17,28.4,25.1,33.7,,.8,87.9,6.3,
260,장흥,2024-09-18,28.1,24.1,33.3,,1,84.4,10.2,
260,장흥,2024-09-19,28,22.8,34.5,8.1,1.1,80,10,
260,장흥,2024-09-20,27.2,23.9,28.8,125.9,1.8,94.9,.8,
260,장흥,2024-09-21,25.4,23.6,29.2,231.7,1,96.3,.5,
260,장흥,2024-09-22,22.2,21.2,24.2,3.8,.7,95.9,0,
260,장흥,2024-09-23,21.4,18.5,26.3,2.5,1.5,75.5,7.5,
260,장흥,2024-09-24,21,15.6,27.5,,1,78.4,7.2,
260,장흥,2024-09-25,22.9,16.3,29.5,,.9,82.4,10.1,
260,장흥,2024-09-26,23.5,19,30.4,,.5,84.8,6.5,
260,장흥,2024-09-27,22.8,18.5,29,,1,80.8,10.5,
260,장흥,2024-09-28,23.5,17.4,29.6,,1.2,75.8,9.1,
260,장흥,2024-09-29,23,18.4,28.3,,1.7,70.5,10,
260,장흥,2024-09-30,21.3,14.7,29.2,,.9,79.6,10.6,
261,해남,2024-05-20,19.7,11.7,28.2,,1.7,71.5,12.9,
261,해남,2024-05-21,18.7,13,24.7,,2.1,80.3,11.1,
261,해남,2024-05-22,19.8,13.9,27.5,,1.6,78.9,9.6,
261,해남,2024-05-23,21.1,15.3,28.2,,1.8,72.5,9.8,
261,해남,2024-05-24,20.6,14,28.3,,2.1,75.4,12.2,
261,해남,2024-05-25,20.5,16.4,24.7,,3,56.8,11.9,
261,해남,2024-05-26,20.3,16.9,22.8,4.7,3.2,86.5,2.3,
261,해남,2024-05-27,19.6,17,24.1,0,2.5,61.3,8.8,
261,해남,2024-05-28,19.8,14.7,24.9,,3,62.5,12.6,
261,해남,2024-05-29,19.6,13.5,26.1,,1.4,77.6,13.4,
261,해남,2024-05-30,19.6,14.2,25.7,2.4,1.1,75.3,1.4,
261,해남,2024-05-31,19.6,16,25.3,4.7,1.6,79.4,9,
261,해남,2024-06-01,19.2,15.9,23.6,,1.9,74.1,9.8,
261,해남,2024-06-02,19.7,15.3,26.1,,2.2,68.6,9.5,
261,해남,2024-06-03,19.7,12.9,25.8,,1.4,76,9.9,
261,해남,2024-06-04,20.1,15,25.3,,1.6,76.4,8.4,
261,해남,2024-06-05,19.7,14.3,25.9,,1.2,75.1,5.8,
261,해남,2024-06-06,19.9,15.6,23.7,0,1.2,73.9,.2,
261,해남,2024-06-07,21.4,16.3,26.4,,1.9,70.8,4.8,
261,해남,2024-06-08,20.8,19.6,22.4,9.4,2.7,91.4,0,
261,해남,2024-06-09,22.6,17.7,27.5,,1.8,79.1,8.9,
261,해남,2024-06-10,22.1,16.5,28.9,,1.2,78.1,10.6,
261,해남,2024-06-11,22,16.2,28.6,,1.1,83.4,9.7,
261,해남,2024-06-12,22.8,16.2,30.1,,1.3,80.3,12.2,
261,해남,2024-06-13,24.2,17.8,32.3,,1.2,72.4,13.2,
261,해남,2024-06-14,24.5,18,31.2,,1.5,73.4,9.2,
261,해남,2024-06-15,24.8,20.2,29.8,,1.9,78.9,7.9,
261,해남,2024-06-16,23.7,19.2,29.2,,2.3,78.6,11.6,
261,해남,2024-06-17,21.2,16.9,26.1,,.8,80.9,2.1,
261,해남,2024-06-18,23.3,15,32,,1.8,69.9,12.3,
261,해남,2024-06-19,24.3,17.5,33.5,,1.5,70.1,9.3,
261,해남,2024-06-20,21.8,20.4,22.9,4.4,3.3,87.3,0,
261,해남,2024-06-21,23.8,19.2,29,,1.9,83.6,7.2,
261,해남,2024-06-22,23.8,22.8,25.5,40.7,3.5,96,0,
261,해남,2024-06-23,23.8,22,27.9,.5,2,91.9,2.2,
261,해남,2024-06-24,24.3,22.1,28,,2.4,87.5,3.1,
261,해남,2024-06-25,23.2,19.4,28.5,,1.8,71.9,6.1,
261,해남,2024-06-26,22.5,17.1,30.4,,1.1,73.9,10.3,
261,해남,2024-06-27,19.8,17.1,22.6,2.8,1.2,91,.3,
261,해남,2024-06-28,23.8,17.9,29.2,,1.6,82.1,12.5,
261,해남,2024-06-29,24.1,22.5,25.8,57.6,3.4,94.4,0,
261,해남,2024-06-30,24.1,23.1,25.3,70.4,3.8,97.8,0,
261,해남,2024-07-01,25.1,22.3,29.3,17.9,1.3,90,4.2,
261,해남,2024-07-02,26.9,24.1,30.4,.3,4.6,88.4,3.3,
261,해남,2024-07-03,26.4,23.5,30.4,2.3,2.9,87,9.6,
261,해남,2024-07-04,26.2,23,30.2,,2.1,90,5.6,
261,해남,2024-07-05,26.5,24.1,30.1,3.4,1.9,88.1,6.5,
261,해남,2024-07-06,26.7,24.9,27.9,,4.4,88.9,.2,
261,해남,2024-07-07,26,25.2,26.8,,3.5,95.9,0,
261,해남,2024-07-08,25.9,25.3,26.9,.2,3.6,96,0,
261,해남,2024-07-09,26.3,24.7,27.9,.5,2.9,93.4,0,
261,해남,2024-07-10,24.4,22.5,27.1,17.8,3.9,94.8,0,
261,해남,2024-07-11,23.4,22,26,,1.3,94.3,.1,
261,해남,2024-07-12,24.2,21.7,28.9,,1.3,88.9,3.4,
261,해남,2024-07-13,24.5,21,28.2,2.3,2.1,89.5,2.5,
261,해남,2024-07-14,24.7,23.6,26.7,17.1,2.1,91.8,3.3,
261,해남,2024-07-15,24.6,23.3,27.1,3,2.5,91.9,2.5,
261,해남,2024-07-16,25.6,21.3,27.7,96.7,2.7,94.1,0,
261,해남,2024-07-17,28.1,26.2,30.4,,3.3,85.6,2.2,
261,해남,2024-07-18,26.9,23.6,28.8,13.5,3.6,91,.3,
261,해남,2024-07-19,24.7,23.1,28.8,41.2,1.5,93.9,4.3,
261,해남,2024-07-20,28.2,22.7,31.5,.1,3.8,87.6,5.7,
261,해남,2024-07-21,27.5,23.8,31,9.9,2.7,88.3,4.5,
261,해남,2024-07-22,28.8,26.9,31.6,0,3.1,81.4,7,
261,해남,2024-07-23,29.2,26.9,32.4,,2.7,83.4,5.7,
261,해남,2024-07-24,29.4,26.4,32.8,0,1.8,83.5,10.8,
261,해남,2024-07-25,29.1,26.8,32.2,1.8,3.4,86.4,11.6,
261,해남,2024-07-26,27,25.9,28.8,23.7,3.4,93.4,0,
261,해남,2024-07-27,28.8,25.9,32.5,18.1,2.9,85.9,8,
261,해남,2024-07-28,29.2,25.8,33,,2,81.1,12.8,
261,해남,2024-07-29,28.5,26.1,31.7,,2.6,86.5,10.7,
261,해남,2024-07-30,28.2,25.3,32.2,,1.8,87.6,11.4,
261,해남,2024-07-31,28.8,25.5,32.4,,1.8,85.8,10,
261,해남,2024-08-01,29.2,26.5,32.6,,2,85.3,8,
261,해남,2024-08-02,29.2,25.6,33.4,,1.6,89.3,7.3,
261,해남,2024-08-03,29.8,26,34.7,,1.1,85.8,11.5,
261,해남,2024-08-04,30,26.6,35,0,1.1,85,10.2,
261,해남,2024-08-05,28.3,24.4,33.5,1.3,1.8,86.6,8.7,
261,해남,2024-08-06,29,23.9,34.3,0,1.1,81.1,11.3,
261,해남,2024-08-07,29.3,25,34.6,,1.2,82.5,11.5,
261,해남,2024-08-08,28.3,24.2,34.2,,1.1,86.1,6.8,
261,해남,2024-08-09,28.9,24.9,34.5,,1.1,82.4,12.5,
261,해남,2024-08-10,28.7,24.3,34.1,,1.6,81,11.4,
261,해남,2024-08-11,28.9,25.1,33,,2.4,74.6,12.4,
261,해남,2024-08-12,28.4,24.5,34.4,,2,79.5,12.5,
261,해남,2024-08-13,27.6,24.1,33.2,,.9,84.1,3.7,
261,해남,2024-08-14,28.2,22.8,34.4,,1.2,80.4,11.7,
261,해남,2024-08-15,27.6,24.1,34.8,0,1.2,86,8.5,
261,해남,2024-08-16,27,24.1,33.7,.3,1.1,87.3,5.7,
261,해남,2024-08-17,26.7,23.4,33.5,9.6,.8,87.6,5.6,
261,해남,2024-08-18,27.8,23.5,33.4,0,1.5,81.9,11.8,
261,해남,2024-08-19,28.8,24.1,33.7,,1.8,81.8,11.8,
261,해남,2024-08-20,28.5,25.5,33,21.5,2.7,91.8,4,
261,해남,2024-08-21,30.2,27.8,34.2,1.7,2,81.3,9.1,
261,해남,2024-08-22,28.2,24.9,31.7,6.6,1.7,90.5,3.5,
261,해남,2024-08-23,27.7,23.8,32.7,,1.2,86.6,9.8,
261,해남,2024-08-24,28,23.4,33.5,,.9,84.3,10.7,
261,해남,2024-08-25,28,23.9,33.7,,.9,86.1,7.7,
261,해남,2024-08-26,27.5,23.3,32.8,,.7,86.1,8.8,
261,해남,2024-08-27,28.1,23.6,34,.1,.9,85.1,4.3,
261,해남,2024-08-28,28.7,24.2,33.5,1.3,3.4,72.1,10,
261,해남,2024-08-29,28.4,22.6,34.4,,1.8,75.3,11.5,
261,해남,2024-08-30,27.7,22.7,33.3,,2.1,76.6,12.6,
261,해남,2024-08-31,25.9,20.6,31.4,,1.2,78.8,12,
261,해남,2024-09-01,26.3,21,32.5,,1.2,82.5,11.2,
261,해남,2024-09-02,25.2,20.8,30.4,1.7,.7,86.8,2.9,
261,해남,2024-09-03,26.4,21.9,30.9,,1.9,80.4,6.5,
261,해남,2024-09-04,26.3,22.4,31,,2.2,76.3,12.2,
261,해남,2024-09-05,26.8,21.5,32.8,,1.3,81.6,11.7,
261,해남,2024-09-06,27.5,23.4,33,,1.3,85.4,3.9,
261,해남,2024-09-07,26.1,23,32,2.6,.8,91.9,.9,
261,해남,2024-09-08,26.6,22.4,32.8,,1.3,82.8,11.6,
261,해남,2024-09-09,27.3,21.8,33.5,,1.9,83.4,11.2,
261,해남,2024-09-10,28.3,22.3,34,0,1.7,80.3,11.7,
261,해남,2024-09-11,27.6,25.4,32.1,15.8,2.1,91.8,1.5,
261,해남,2024-09-12,28.3,25.1,32.7,,2.2,86.3,8.4,
261,해남,2024-09-13,27.8,23.3,33.7,,.9,83.8,10.8,
261,해남,2024-09-14,28,22.7,34.5,,.9,82.5,8.8,
261,해남,2024-09-15,28.9,23.4,34.2,,1.8,83.3,9.1,
261,해남,2024-09-16,27.7,26.2,28.9,6.1,2.7,88.6,.1,
261,해남,2024-09-17,27.8,25.6,34.1,36.8,1,91,7,
261,해남,2024-09-18,28.5,24.3,33.8,,1.2,85.4,10.9,
261,해남,2024-09-19,28.7,24.6,34.2,11,2.2,79.4,10.6,
261,해남,2024-09-20,28.1,24.2,31.3,44.6,2.5,89,1.8,
261,해남,2024-09-21,25.7,23.3,28.3,205.7,2.9,95.9,0,
261,해남,2024-09-22,22.2,21.2,23.3,4.5,1.4,93.8,0,
261,해남,2024-09-23,22.6,19.3,27.3,,3.1,74.5,10.9,
261,해남,2024-09-24,22.2,18.2,28.5,,1.9,74.9,6.8,
261,해남,2024-09-25,23.1,17,29.8,,1.1,83.6,10.8,
261,해남,2024-09-26,24.2,18.4,29.8,,.9,82,8.8,
261,해남,2024-09-27,23.3,18.3,29,,1.9,76.8,10.7,
261,해남,2024-09-28,23.7,17.5,29.6,,1.3,80,9.7,
261,해남,2024-09-29,23.8,20,28.8,,2.8,71.3,10.3,
261,해남,2024-09-30,23,16.8,29.3,,1.1,77,10.9,
262,고흥,2024-05-20,21,11.6,29.8,,1.5,58.1,12.3,28.24
262,고흥,2024-05-21,19.1,14.7,24.2,,1.5,76.9,11.9,27.84
262,고흥,2024-05-22,19.2,13.3,26,,1,77.3,6.6,21.2
262,고흥,2024-05-23,22.5,14.8,30.3,,1.3,65.6,12.4,28.15
262,고흥,2024-05-24,20.7,13.2,30,,1.6,65.6,12.3,28.3
262,고흥,2024-05-25,19.2,13.6,23.8,,1.6,59.9,11.6,26.47
262,고흥,2024-05-26,19.3,13.2,22.6,9,1.4,86.9,1.9,9.64
262,고흥,2024-05-27,20.2,17.1,25.4,,2.7,58.9,6.9,20.53
262,고흥,2024-05-28,19.7,12.6,27.1,,1.6,60.4,10.9,27.87
262,고흥,2024-05-29,19.1,12.3,27,,1.2,71.4,12.1,29.04
262,고흥,2024-05-30,19,12.8,25.4,.6,.8,76.4,1.1,13.38
262,고흥,2024-05-31,20.6,16.1,27.3,.8,1.9,71.3,10.1,27.2
262,고흥,2024-06-01,20.4,13.6,26.8,,2.8,59.3,10,26.5
262,고흥,2024-06-02,20.7,14.1,27.8,,2,54.6,10,24.67
262,고흥,2024-06-03,19.3,12.4,25.9,,1.5,72.5,9.9,25.07
262,고흥,2024-06-04,19.4,14.2,25.9,,1.2,72.6,8.8,22.45
262,고흥,2024-06-05,19.4,15,25.7,,1.1,68.8,7.1,21.44
262,고흥,2024-06-06,18.9,15.2,23.6,0,.9,81.4,.3,10.66
262,고흥,2024-06-07,20.9,15.2,27.1,,1,73,4.6,19.03
262,고흥,2024-06-08,19.7,19,20.5,32.8,1.1,93.1,0,3.41
262,고흥,2024-06-09,22.6,19.1,28.6,,1.6,82.1,6.8,20.37
262,고흥,2024-06-10,22.7,16.1,30.8,,1.3,72.3,10.8,25.89
262,고흥,2024-06-11,22.6,16,29.9,,1.2,69.3,10.2,23.92
262,고흥,2024-06-12,22.5,14.6,29.8,,1.2,72.8,11.3,25.68
262,고흥,2024-06-13,24.1,17,32.6,,1.2,68.6,12.6,28.24
262,고흥,2024-06-14,23.8,16.3,31.4,,1,73.8,9.6,23.14
262,고흥,2024-06-15,25.3,19.9,30.9,,1.5,75,8.4,22.97
262,고흥,2024-06-16,25,19.2,31.1,,2.8,65.3,10.7,24.44
262,고흥,2024-06-17,20.8,16.6,27.2,,.6,79.4,.5,10
262,고흥,2024-06-18,24.5,15.5,34.3,,1.8,58.8,12.6,29.55
262,고흥,2024-06-19,24.5,17.6,34,,1.1,61.6,9.5,24.88
262,고흥,2024-06-20,21,19.4,22.6,2.6,1.4,88.6,0,2.57
262,고흥,2024-06-21,24,18.4,29.3,,1.2,79.1,8.7,21.75
262,고흥,2024-06-22,23.5,22.4,25.5,42.1,1.9,94.8,0,2.86
262,고흥,2024-06-23,24.4,21.8,28.3,.5,1.9,85.9,3.5,12.5
262,고흥,2024-06-24,24.1,21.3,27.9,,2.1,83.6,2.1,14.18
262,고흥,2024-06-25,22.7,18.3,27.8,,1.7,70.9,2.4,16.12
262,고흥,2024-06-26,21.5,15.5,28.6,,.9,70.6,8.9,23.81
262,고흥,2024-06-27,19,15.5,22.2,2.5,1,87.3,0,5
262,고흥,2024-06-28,23.3,17.3,28.4,,1.3,81.9,9.3,21.87
262,고흥,2024-06-29,23.4,20.3,25.1,42.6,1.7,92.9,0,2.76
262,고흥,2024-06-30,24.4,23.3,26,52.2,2.6,94.5,0,4.37
262,고흥,2024-07-01,25.4,22.7,29.7,13.2,1.6,86.4,5.6,18.74
262,고흥,2024-07-02,26.4,23.7,30.3,26.2,2.4,88,4.6,18.54
262,고흥,2024-07-03,26.6,24.3,31.7,6,2.1,85.6,6.4,18.99
262,고흥,2024-07-04,27,22.4,32.4,,1.8,82.8,12.2,27.46
262,고흥,2024-07-05,27,24.2,31.6,4.2,1.9,82.1,6.7,22.66
262,고흥,2024-07-06,27.3,23.6,30.7,,3.1,82.6,6.3,19.73
262,고흥,2024-07-07,26.8,25.9,29.1,,2.9,88.1,.5,9.41
262,고흥,2024-07-08,26.3,25.6,27.4,,2.4,90.1,0,4.13
262,고흥,2024-07-09,26.3,25.3,29.6,.2,2.1,90.5,.5,7.68
262,고흥,2024-07-10,25,22.2,28.3,33.3,2.8,89.1,2.1,12.42
262,고흥,2024-07-11,23.8,21.3,27.1,,1,89.9,0,7.44
262,고흥,2024-07-12,24,20.1,29.4,,1,84.3,6.5,18.29
262,고흥,2024-07-13,24,20.1,28.3,6,1.1,86.5,1.8,12.19
262,고흥,2024-07-14,23.7,22.7,25.7,11.9,1.1,94.6,.2,4.48
262,고흥,2024-07-15,23.9,22,26.9,.8,1.2,92.5,.4,8.35
262,고흥,2024-07-16,23.9,21.7,25.1,86.3,1,96.8,0,2.9
262,고흥,2024-07-17,26.8,23.6,30.4,,2,89.8,1.6,13.94
262,고흥,2024-07-18,27.1,25.2,30,.8,2.6,87.6,.5,8.8
262,고흥,2024-07-19,25,23.3,29.7,33.5,1.2,91,2.9,10.53
262,고흥,2024-07-20,27.6,22.5,32.4,,1.6,85.9,5.6,19.35
262,고흥,2024-07-21,27.9,23.7,32.6,16.9,1.7,84.9,7.3,22.09
262,고흥,2024-07-22,28.8,25,32.8,,2,82.8,7.9,21.98
262,고흥,2024-07-23,29,25.9,32.5,,2,83.9,4.6,16.11
262,고흥,2024-07-24,29.2,25.9,33.4,.8,1.6,84,9.7,24.12
262,고흥,2024-07-25,28.4,26.1,32,7.6,1.6,87.6,5.5,18.09
262,고흥,2024-07-26,27.6,25.7,29.6,13.7,2.4,87.9,.5,8.1
262,고흥,2024-07-27,28.6,25.3,32,3.4,3.2,83.3,4.7,17.79
262,고흥,2024-07-28,29.3,26,32.7,,2.9,80,10.7,25.02
262,고흥,2024-07-29,28.7,24.1,33.4,,1.7,80.3,11.2,26.46
262,고흥,2024-07-30,28.8,24.2,33.8,,2.1,78,10.3,25.51
262,고흥,2024-07-31,28.9,24.5,33.9,,1.5,81.6,8.3,23.29
262,고흥,2024-08-01,28.7,24.7,33.2,,1.2,82.4,6.8,19.12
262,고흥,2024-08-02,29.8,25.5,34.5,,1.2,81.9,9.9,22.21
262,고흥,2024-08-03,30.9,26.7,36.6,,1.3,78.3,11.9,25.95
262,고흥,2024-08-04,30.9,26.1,36.9,,1.3,76.1,11.4,26.73
262,고흥,2024-08-05,29.6,25.7,35,,1.2,77.8,9.3,23.29
262,고흥,2024-08-06,29,24.6,35.4,,1.1,79.4,10.1,23.69
262,고흥,2024-08-07,30,24.6,36.1,,1.1,77.8,11.5,25.37
262,고흥,2024-08-08,29.7,24.9,35.7,,1.4,74.6,9.8,23.24
262,고흥,2024-08-09,29.4,24.8,35.9,0,1,75.5,11,24.79
262,고흥,2024-08-10,28.9,24.6,34.4,,1.1,77.3,10.4,24.25
262,고흥,2024-08-11,28.2,24.1,33.5,,1.1,75.1,11.5,25.68
262,고흥,2024-08-12,28.4,23.6,34.1,,.9,76.9,9.3,21.85
262,고흥,2024-08-13,28.7,24.4,34.5,,1.1,74,8.8,21.77
262,고흥,2024-08-14,29.4,24.9,34,.2,1.1,74,11.3,25.17
262,고흥,2024-08-15,28.7,24.3,34.2,,1.1,77,6.4,15.51
262,고흥,2024-08-16,28.3,24.9,33.3,0,1.2,77.3,5.9,17
262,고흥,2024-08-17,28,24.2,33.5,,.9,78.1,3.8,14.54
262,고흥,2024-08-18,28.3,24.3,33.4,,1.2,76.9,7.4,20.45
262,고흥,2024-08-19,29.2,25,34.1,0,1.4,76.9,8.8,21.04
262,고흥,2024-08-20,28.4,26.5,31.5,22.2,2.7,87.3,1.6,8.6
262,고흥,2024-08-21,29.3,26.6,32.1,1.4,2.7,84.1,2.6,14.78
262,고흥,2024-08-22,28.7,25.8,31.9,26.1,2.2,86.1,3.5,12.28
262,고흥,2024-08-23,28.5,23.5,34.2,,1,80.1,11,23.33
262,고흥,2024-08-24,28.4,23.8,35,,.9,75.9,11.1,23.75
262,고흥,2024-08-25,28.4,23.8,35.1,,.9,77,10.5,22.82
262,고흥,2024-08-26,28,24.3,34.1,,.8,81.1,5.9,16.14
262,고흥,2024-08-27,27.7,24.2,33.1,,1.2,83.6,1.7,11.16
262,고흥,2024-08-28,28.9,25.7,33.6,,3.2,67.8,9.6,21.83
262,고흥,2024-08-29,29.5,24.4,35.4,,2.2,65.6,8,21.14
262,고흥,2024-08-30,28.5,22.4,35.5,,2,70.5,11.2,24.83
262,고흥,2024-08-31,27.6,20.9,34.3,,2.2,70.4,11,24.98
262,고흥,2024-09-01,26.8,22.2,32.9,,1.2,78,8.8,19.52
262,고흥,2024-09-02,26.6,21.4,32.3,0,.9,74.3,6.1,17.02
262,고흥,2024-09-03,26.3,23.2,30.4,,1.1,75.1,2,10.53
262,고흥,2024-09-04,25.9,21.5,31.2,,1.7,72.3,10.9,24.04
262,고흥,2024-09-05,27.1,20.6,33.5,,1.1,76.8,10.3,21.71
262,고흥,2024-09-06,27.7,24.3,33.5,0,.9,82.1,2.8,12.52
262,고흥,2024-09-07,26.9,23.5,33,1.1,.9,84.8,2,12.47
262,고흥,2024-09-08,27.6,23.4,33.3,,.7,79.8,5.7,14.87
262,고흥,2024-09-09,27.9,23.8,33.5,,1.2,78.9,8.4,19.45
262,고흥,2024-09-10,28.9,23.5,33.7,,1.6,76.8,10,21.26
262,고흥,2024-09-11,27.1,25.2,30.7,11.7,.7,90.6,0,5.97
262,고흥,2024-09-12,28.2,24.3,32.9,,.9,81.6,8.3,18.7
262,고흥,2024-09-13,27.8,23.9,33.1,21,.8,84.9,6.1,16.59
262,고흥,2024-09-14,28.3,23.8,34.7,,.7,81,8.4,17.36
262,고흥,2024-09-15,29.6,24.3,34.3,,1.6,78,5.7,15.26
262,고흥,2024-09-16,28.6,27.4,30.3,0,1.8,79.1,0,5.07
262,고흥,2024-09-17,28.9,26,34.6,3.3,.7,85.1,4.8,13.14
262,고흥,2024-09-18,28.3,24.8,33.3,,1,82.3,6.8,17.42
262,고흥,2024-09-19,29.2,24,34.9,0,1.3,76.8,10.2,21.31
262,고흥,2024-09-20,27.6,25.6,29.3,36.9,2.8,88.5,.1,3.62
262,고흥,2024-09-21,26,23.6,29.8,205.7,2.2,93.8,.8,4.92
262,고흥,2024-09-22,22.1,20.7,23.9,5.6,1.2,93.6,0,5.89
262,고흥,2024-09-23,21.9,19.1,26.4,,2,70.3,6.4,16.52
262,고흥,2024-09-24,21.8,16.4,28,,1.5,74.1,6.8,16.81
262,고흥,2024-09-25,23.4,18.6,29.6,,1.3,80,8.8,18.34
262,고흥,2024-09-26,24,19.1,30.1,,.8,81.6,8,16
262,고흥,2024-09-27,23.8,18.9,30.4,,.7,80.8,7.8,15.91
262,고흥,2024-09-28,24.3,19,29.3,,1.6,75,8.6,15.9
262,고흥,2024-09-29,24,21,28.4,,2.2,67.8,8.9,18.23
262,고흥,2024-09-30,21.8,15.8,29.7,,.7,78.1,7.4,16.79
263,의령군,2024-05-20,21.9,11.9,31.7,,1.5,56,11.3,28.74
263,의령군,2024-05-21,19.9,13.3,27.6,,1.4,71.6,9.7,26.57
263,의령군,2024-05-22,21.2,13.2,29.6,,1.5,64.8,9.4,25.48
263,의령군,2024-05-23,23.7,15.6,32.9,,1.3,63,11.1,27.6
263,의령군,2024-05-24,22.6,14.1,32.5,,1.4,63.6,11.4,28.09
263,의령군,2024-05-25,20.1,14.9,25.4,,1.4,57.6,.3,15.33
263,의령군,2024-05-26,19.8,11.5,27.3,11.7,2,78.6,5.2,16.24
263,의령군,2024-05-27,21.7,17.6,26,,2.4,55.6,8.4,23.32
263,의령군,2024-05-28,19.5,13.8,25.9,,2.1,61.6,6.2,22.21
263,의령군,2024-05-29,20.6,10.5,29.5,,1.3,63.9,11.7,29.18
263,의령군,2024-05-30,20.3,14.6,27.4,.1,1,67.6,1.1,14.64
263,의령군,2024-05-31,23,17.4,30.5,0,1.5,61.5,8.6,26.92
263,의령군,2024-06-01,21.8,14.7,28.6,,1.7,59.1,8,25.3
263,의령군,2024-06-02,20.8,13.1,29.6,,1.6,64.1,9.4,26.42
263,의령군,2024-06-03,20,13.6,27.8,,1.4,70.4,7,23.59
263,의령군,2024-06-04,21.4,14,28.7,,1.7,60.1,11.8,30.38
263,의령군,2024-06-05,21,12.8,30.1,,1.4,64.4,10.3,25.5
263,의령군,2024-06-06,20.1,14.7,26.3,,1.3,69.1,.9,14.98
263,의령군,2024-06-07,22.7,13.7,29.4,,1.5,58.3,9.4,23.5
263,의령군,2024-06-08,19.5,18,22.3,30.3,.8,89.5,0,3.87
263,의령군,2024-06-09,23.7,19.2,29.7,.3,1.3,76.3,4.6,19.76
263,의령군,2024-06-10,25.6,19.9,32.9,,1.5,67.8,9.1,26.09
263,의령군,2024-06-11,26.1,18.7,34.3,,1.6,65.5,10.7,27.24
263,의령군,2024-06-12,26.3,18.9,34.3,,1.2,65.1,11.3,27.7
263,의령군,2024-06-13,27.2,19.2,36.9,,1.3,60.8,11.8,29.13
263,의령군,2024-06-14,26.3,18.1,34.5,,1.5,63.1,11.4,27.62
263,의령군,2024-06-15,26.1,20.8,34,44.7,1.5,69,9.8,26.36
263,의령군,2024-06-16,25,19.5,32.5,,1.3,69.1,8,25.46
263,의령군,2024-06-17,21.8,16.8,28.3,,.9,76.1,.8,13.42
263,의령군,2024-06-18,25.8,16.4,35.5,,1.4,61.6,11.8,29.37
263,의령군,2024-06-19,26.6,18.4,35.9,,1.5,58.3,8.2,24.78
263,의령군,2024-06-20,22.6,18.3,25.8,,.8,75,.1,8.33
263,의령군,2024-06-21,25.9,20.4,31.4,,1.5,68.1,8.4,23.28
263,의령군,2024-06-22,24.4,22.6,26.6,27.2,1.8,86.6,0,3.81
263,의령군,2024-06-23,26.4,23,31.2,0,2,77.1,1.7,13.74
263,의령군,2024-06-24,25.9,21.7,30.6,,1.9,76.6,5.8,21.02
263,의령군,2024-06-25,24.3,19.8,29.9,,1.6,60.6,5.7,22.11
263,의령군,2024-06-26,23.6,16.4,30.6,,1.2,59.6,10.8,26.54
263,의령군,2024-06-27,20.1,16.3,24.3,0,.8,77,0,7.64
263,의령군,2024-06-28,25.2,17.5,33.5,,1.7,70,10.5,28.24
263,의령군,2024-06-29,23.8,20.5,26.9,72.2,1.1,86.3,0,6.27
263,의령군,2024-06-30,26.2,24.7,29.7,50.8,3.3,85.8,.9,11.21
263,의령군,2024-07-01,27.9,23.7,32.8,,1.8,75.1,8.6,24.91
263,의령군,2024-07-02,26.7,23.8,30,24.6,2.3,84,.6,10.01
263,의령군,2024-07-03,28.5,25.8,32.2,2.4,3.5,76.1,6.8,23.86
263,의령군,2024-07-04,28.5,23.2,34.2,,2.1,73.9,11.6,27.53
263,의령군,2024-07-05,28.8,25.9,32.8,1.1,2.8,73.9,5.8,20.23
263,의령군,2024-07-06,28.3,24.7,31.8,,3.4,74.6,6.8,21.34
263,의령군,2024-07-07,29.1,27.1,32.4,,3.8,74.4,2.1,17.31
263,의령군,2024-07-08,28.1,27,30,2,3.1,79.1,0,7.92
263,의령군,2024-07-09,26.4,24.7,28,23.1,1.7,88,0,3.15
263,의령군,2024-07-10,26.8,24.2,32.2,35.5,2.8,84,2.7,15.05
263,의령군,2024-07-11,25,23.4,28.5,.4,1,86,0,7.38
263,의령군,2024-07-12,26.6,22.3,32.6,,1.3,77.3,8.8,26.5
263,의령군,2024-07-13,25.5,21,29.4,.1,1,78.9,2.6,15.58
263,의령군,2024-07-14,24.4,23.2,26.3,13.9,1,89,0,6.05
263,의령군,2024-07-15,25.1,23.3,27.5,.1,.6,86.5,.1,7.36
263,의령군,2024-07-16,24.3,23.4,26,34.2,.7,91,0,4.23
263,의령군,2024-07-17,27.1,23.3,31,,2,82.4,.3,10.6
263,의령군,2024-07-18,28.3,27.2,29.9,4,3.3,78.5,0,8.6
263,의령군,2024-07-19,26.2,24.5,29.3,6.3,1.7,85,1,9.14
263,의령군,2024-07-20,27.4,23.1,31.7,5.4,1.8,81.3,4.3,15.91
263,의령군,2024-07-21,29.5,25,34.1,4.6,2.7,74.9,5.3,20.42
263,의령군,2024-07-22,30,26.7,33.4,,2.8,73.1,8.4,23.74
263,의령군,2024-07-23,29.8,27.4,32.5,3.9,3.1,74.9,2.6,15.6
263,의령군,2024-07-24,28.5,25.6,32.1,2.6,1.6,81.8,3.6,14.92
263,의령군,2024-07-25,29.9,25.2,34.8,0,1.3,75.5,9.1,24.51
263,의령군,2024-07-26,28.5,25.6,32.4,3.7,1.3,81.1,2.9,13.6
263,의령군,2024-07-27,29.2,25.8,33.2,8.8,1.9,80.4,4.9,19.78
263,의령군,2024-07-28,29.9,25.8,33.9,,2.3,74.8,9.9,25.87
263,의령군,2024-07-29,29.9,25.4,35.9,,1.4,75.1,8.1,22.57
263,의령군,2024-07-30,29.8,23.9,36.3,,1.4,72.1,11.3,28.41
263,의령군,2024-07-31,30.4,23.8,36.4,,1.5,72,11.2,27.8
263,의령군,2024-08-01,30.2,25.2,34.5,,1.8,74.5,9.8,25.61
263,의령군,2024-08-02,31,26.2,36.4,,1.6,74.3,7.6,24.32
263,의령군,2024-08-03,31.1,27,37.5,17.6,1.1,78.4,8.9,23.04
263,의령군,2024-08-04,30,26.5,36,.1,1.1,81.6,4.7,18.19
263,의령군,2024-08-05,28.7,24.9,35.9,,1.1,80.1,6.1,20.11
263,의령군,2024-08-06,29,24.1,35.8,0,1,77.4,8.2,23.46
263,의령군,2024-08-07,30.4,25,37,,1,74.5,10,25.56
263,의령군,2024-08-08,29.5,25.8,35.9,5.1,.9,79,8.4,21.65
263,의령군,2024-08-09,29.6,24.3,35.7,,1.1,74.1,10.2,26.11
263,의령군,2024-08-10,29.6,25,36.2,,1.2,73.9,9.7,25.2
263,의령군,2024-08-11,29.4,24.3,35.6,,1,71.4,9.5,25.5
263,의령군,2024-08-12,29.6,24.5,36.2,,1.1,68.8,10.1,26.35
263,의령군,2024-08-13,28.8,22.7,35.9,,1.2,72.3,10.6,25.97
263,의령군,2024-08-14,28.3,23.4,36.3,.6,1.2,73.8,9.4,24.67
263,의령군,2024-08-15,28.6,24.4,36.5,6.5,1.3,77,7.8,23.72
263,의령군,2024-08-16,28,23.7,35,11.4,1.2,78.5,7.3,22.07
263,의령군,2024-08-17,28.5,24.2,35.4,0,1.3,76.1,8.4,23.88
263,의령군,2024-08-18,28.5,23.9,34.5,,1.2,74.6,8.6,24.27
263,의령군,2024-08-19,29.1,23.5,34.8,,1,76.3,7.1,20.04
263,의령군,2024-08-20,29.1,26.2,33.8,6.8,1.4,84.8,3.6,15.23
263,의령군,2024-08-21,,,,33.4,1.5,94.6,3.2,14.6
263,의령군,2024-08-22,29,25.8,34,2.1,2,93,4,16.81
263,의령군,2024-08-23,29.2,23.5,35.1,,1.3,85.8,10.6,24.33
263,의령군,2024-08-24,29.2,24.3,35.5,,1,87.5,9,23.34
263,의령군,2024-08-25,28.8,24.2,35.9,,1.1,88.3,7.8,22.21
263,의령군,2024-08-26,29.3,25.1,35.4,,1,87.1,7.5,21.5
263,의령군,2024-08-27,27.8,24.9,33.3,0,1.4,89.8,.9,13.22
263,의령군,2024-08-28,27.4,24.9,31.4,0,2.7,82,2.2,13.75
263,의령군,2024-08-29,28.7,25.7,33.2,,3.5,76.8,5.9,19.07
263,의령군,2024-08-30,29.3,24,34.9,,2.8,76.5,9.8,23.96
263,의령군,2024-08-31,27.3,21.1,35.7,,1.3,79.1,10.9,24.93
263,의령군,2024-09-01,28,21.8,35.4,,1.1,79.5,9.9,22.96
263,의령군,2024-09-02,27.4,22.3,33.5,1.4,1,86,4.1,15.93
263,의령군,2024-09-03,25.8,20.1,31.1,.2,1.6,83.5,2.1,14.99
263,의령군,2024-09-04,25.3,18.1,33.2,,1.1,80.9,10.8,24.26
263,의령군,2024-09-05,27.1,19.2,34.1,,1.4,79.3,10.9,23.68
263,의령군,2024-09-06,27,24.8,33.7,19.8,1,92.5,1.5,10.05
263,의령군,2024-09-07,27.3,24.7,32,1.7,.8,93.4,.6,11.04
263,의령군,2024-09-08,28.8,25.2,35.1,,.9,84.8,6.2,18.35
263,의령군,2024-09-09,28.5,24.8,35.2,0,1.1,82.9,8,20.56
263,의령군,2024-09-10,28.4,22.5,36.1,,1.1,80.5,9.4,22.02
263,의령군,2024-09-11,27.2,25.1,29.9,4.1,.5,92.3,0,6.88
263,의령군,2024-09-12,28.6,25.4,34.1,,.7,85.4,2.5,14.17
263,의령군,2024-09-13,29.6,25.2,35.9,,1,79,9.6,21.76
263,의령군,2024-09-14,28.9,24.6,36.5,,.9,76.5,7.8,20.64
263,의령군,2024-09-15,29,24.8,32.5,,1.6,71.3,3.8,11.78
263,의령군,2024-09-16,28.6,26.3,32,,1.8,68.6,.1,10.81
263,의령군,2024-09-17,30.8,25.7,37.2,,1,68.4,9.3,21.93
263,의령군,2024-09-18,29.9,25.4,35.4,,1.2,70.5,7.4,17.21
263,의령군,2024-09-19,29.3,23.6,36.7,,.9,64.5,8,18.59
263,의령군,2024-09-20,26,25.1,27.2,66.8,.9,80.5,0,1.68
263,의령군,2024-09-21,23.9,21.5,28.8,172.5,1.7,92,.4,3.1
263,의령군,2024-09-22,22.5,20.5,25.5,.1,1.9,77.5,0,7.14
263,의령군,2024-09-23,20.4,14.4,26.2,,2.3,63.3,8.3,18.61
263,의령군,2024-09-24,20.2,13.8,27.3,,1.2,72,6.3,17.29
263,의령군,2024-09-25,22.4,16.2,30.7,,.9,71.5,7.9,18.6
263,의령군,2024-09-26,23.2,17.9,30.3,,.8,71.4,8,17.29
263,의령군,2024-09-27,24.5,19.6,31.2,.2,1,73.4,7.5,18.53
263,의령군,2024-09-28,23,18.9,28.6,,1.7,69.9,4.6,13.32
263,의령군,2024-09-29,21.7,16.1,27.8,,1.5,71.8,6.3,14.29
263,의령군,2024-09-30,21.2,14.3,29.3,,.8,76,8.3,14.02
264,함양군,2024-05-20,20,9.6,29.3,,1.7,51.6,11,28.07
264,함양군,2024-05-21,20,11.2,27.5,,1.2,68.1,11.1,28.64
264,함양군,2024-05-22,22.2,13.6,30.7,,1.1,65,11.3,28.04
264,함양군,2024-05-23,23.2,14.9,31.4,,1.8,55,11.6,29.53
264,함양군,2024-05-24,22.8,11.8,32.2,,1.4,56.4,11.1,29.82
264,함양군,2024-05-25,19.7,14.7,23.8,,1.7,62,1.3,16.58
264,함양군,2024-05-26,19.5,11,26.2,7.5,1,75.1,6.1,18.5
264,함양군,2024-05-27,20,14.4,24.2,.3,3.3,52.1,7.8,24.46
264,함양군,2024-05-28,17.7,10.9,25.6,,1,63.8,6.4,22.75
264,함양군,2024-05-29,20,9.4,29.9,,.9,60.9,12.4,30.71
264,함양군,2024-05-30,19.5,14,26,,.7,71,.6,13.67
264,함양군,2024-05-31,22.6,17.4,28.7,,2.8,48.6,10.4,29.3
264,함양군,2024-06-01,20,14.2,26.3,,2.9,53.1,9,26.25
264,함양군,2024-06-02,19.7,11.1,27.7,,1.9,54.1,10.2,29.37
264,함양군,2024-06-03,19.1,10.6,26.9,0,1.4,65,9.3,26.88
264,함양군,2024-06-04,21,14,28.6,,1.1,57.4,11,29.9
264,함양군,2024-06-05,20,11,28.7,,1.1,62.5,9.3,24.68
264,함양군,2024-06-06,19.9,13.8,27.3,,1,65.6,3.5,20.55
264,함양군,2024-06-07,21.2,12.6,28.5,,1.2,61.5,8,23.14
264,함양군,2024-06-08,19.3,17.6,21.2,9.4,.8,86,0,6.24
264,함양군,2024-06-09,22.8,18.4,29.7,1.3,1,73.3,7.7,24.09
264,함양군,2024-06-10,24.4,15.5,32.2,,1.8,60.5,10.9,29.39
264,함양군,2024-06-11,25.8,17.8,33.6,,1.7,57.6,9.9,28.03
264,함양군,2024-06-12,24.2,17.7,33.9,.8,1.1,68.9,10.1,28.07
264,함양군,2024-06-13,25.4,16.1,34.8,,.9,60.4,11.3,29.3
264,함양군,2024-06-14,25.3,17.1,33.6,,1.1,61.8,10.4,27.76
264,함양군,2024-06-15,26.1,19,32.4,,1.6,63.4,7.9,24.49
264,함양군,2024-06-16,25.1,18.7,30.6,,2.7,52.3,11.2,29.69
264,함양군,2024-06-17,21.2,14.1,29.2,,.7,64.4,1.7,16.37
264,함양군,2024-06-18,25.6,14.3,35.3,,1.8,48.9,12.4,30.88
264,함양군,2024-06-19,25.2,15.7,36.6,,.9,57.9,8.9,25.87
264,함양군,2024-06-20,21.7,17.1,25.3,,1.2,70.1,.6,9.84
264,함양군,2024-06-21,25.6,19,32.6,,1.1,65,8.3,23.96
264,함양군,2024-06-22,22.7,22,23.5,39.3,.6,89.6,0,2.99
264,함양군,2024-06-23,24.9,22.5,27.7,0,2.4,77.8,1,13.21
264,함양군,2024-06-24,25.6,21,30.9,,2.6,65.8,7.2,23.78
264,함양군,2024-06-25,23.1,17.5,29.3,,2.2,54.4,8.2,24.67
264,함양군,2024-06-26,22.8,15,31.4,,.9,61.3,9.9,27.27
264,함양군,2024-06-27,19,15.7,24.1,.1,.7,79.4,0,7.82
264,함양군,2024-06-28,24.5,15.1,33.6,,1,69.4,9.7,28.44
264,함양군,2024-06-29,22.5,19.7,25.1,43.7,.9,88.3,0,6.48
264,함양군,2024-06-30,24.7,22.7,28.7,66.7,1.6,87.5,.3,9.43
264,함양군,2024-07-01,26.8,21.5,32.5,,1.3,72.3,9.2,28.74
264,함양군,2024-07-02,25.6,23.2,30.1,8.4,1,87,.3,9.03
264,함양군,2024-07-03,27.2,24.2,31.8,14.2,2.2,72.8,6.6,21.65
264,함양군,2024-07-04,27.8,22.3,32.7,,2.1,71,9.9,26.9
264,함양군,2024-07-05,27.8,24.1,31.7,6.3,2.6,67.9,7.6,25.36
264,함양군,2024-07-06,28.1,22.7,33.3,,1.3,74,3.8,18.93
264,함양군,2024-07-07,27.8,24.6,32.3,,1.3,79.8,1.3,13.67
264,함양군,2024-07-08,26.1,24.7,28.6,15,.7,88.4,0,5.28
264,함양군,2024-07-09,25,22.4,28.3,48.9,1.2,89.9,0,6.27
264,함양군,2024-07-10,25.3,22.3,29.1,11,1.8,84.3,.9,12.51
264,함양군,2024-07-11,25.2,22.5,28.9,14.1,.9,82,1.6,13.41
264,함양군,2024-07-12,25.8,21.5,32.1,,1,78,8.7,26.11
264,함양군,2024-07-13,25.5,21.9,29.6,0,1.5,76.1,3.5,18.95
264,함양군,2024-07-14,23.8,22.8,26.1,4.5,1.2,88.3,0,6.8
264,함양군,2024-07-15,24.9,22.5,29.4,0,1.2,84,1.7,13.72
264,함양군,2024-07-16,23.7,22,27.1,18.9,.9,90.9,.2,6.91
264,함양군,2024-07-17,25.4,21.7,30,2,.6,87.9,.3,10.24
264,함양군,2024-07-18,26.3,23.2,31.1,3.3,1.3,82.6,.3,9.13
264,함양군,2024-07-19,25.1,22.3,29.1,18.9,1,86.3,1.3,11.37
264,함양군,2024-07-20,25.5,21.7,32.9,41.1,.8,86.4,5.4,16.02
264,함양군,2024-07-21,27.9,23.3,33.7,7.1,1.8,78.4,6.6,21.39
264,함양군,2024-07-22,28.1,23.1,34.3,,1,76.3,6.8,22.17
264,함양군,2024-07-23,27.7,24,32.1,0,1,79.8,.4,12.52
264,함양군,2024-07-24,28,24.1,33.4,1.4,1,82.6,5,18.59
264,함양군,2024-07-25,28.4,24.9,33.7,0,1.1,79,5.3,19.15
264,함양군,2024-07-26,27,25.5,30.7,7.4,1.6,85.5,1.4,10.78
264,함양군,2024-07-27,27.2,24.9,30.6,10.7,.6,88,1,10.71
264,함양군,2024-07-28,28.8,24.5,35.2,,1,74.9,10.3,27.18
264,함양군,2024-07-29,29,23.2,33.8,,2.5,70.1,8.9,26.28
264,함양군,2024-07-30,29.2,24.8,34.1,,2.5,68.9,11.9,28.62
264,함양군,2024-07-31,29.1,23.3,35.4,,1.5,73.4,11,27.89
264,함양군,2024-08-01,29.5,23.8,35.6,,1.1,73.6,9.4,23.25
264,함양군,2024-08-02,29.7,24.8,35.3,6.2,1.5,76.4,10.2,25.14
264,함양군,2024-08-03,30.6,25.5,36.2,,1.4,74,11.1,27.72
264,함양군,2024-08-04,,,,18.5,.9,,5.9,17.66
264,함양군,2024-08-05,,,,2.6,1,,4.7,17.62
264,함양군,2024-08-06,26.4,23.8,34.8,13.7,1,87.9,5.9,19.98
264,함양군,2024-08-07,27.3,23.8,35.8,6.7,.9,83.9,7,22.64
264,함양군,2024-08-08,28.2,23.5,34.2,,1.1,77.3,7.9,22.49
264,함양군,2024-08-09,27.9,21.8,35.6,,.7,73,10.8,27.13
264,함양군,2024-08-10,28.2,22.8,34.7,,.9,76.6,8.4,22.86
264,함양군,2024-08-11,28.9,24.4,34.3,,.8,74.4,10.3,24.2
264,함양군,2024-08-12,28.3,23.8,34.8,,.8,74.4,8.5,23.34
264,함양군,2024-08-13,27.9,22.8,34.1,,.9,70.8,10.6,26.19
264,함양군,2024-08-14,27.7,21.6,34.6,,.8,71.9,10.1,26.95
264,함양군,2024-08-15,28.7,23.8,34.5,0,.9,71.5,10.4,25.97
264,함양군,2024-08-16,27.8,24.1,34.5,.7,1.1,75.1,9,24.28
264,함양군,2024-08-17,27.8,24.1,34.7,.6,1,75.6,7.1,21.14
264,함양군,2024-08-18,27.2,23.2,33.5,,1,75.9,7.5,22.83
264,함양군,2024-08-19,27.9,22.5,33.5,0,1.1,76.3,7.7,22.62
264,함양군,2024-08-20,27.9,24.9,33,9,1.3,84,2.1,14.12
264,함양군,2024-08-21,27.8,25.5,32.1,17.1,.8,86,1.8,12.87
264,함양군,2024-08-22,27.4,24.1,32.6,3.9,.9,85.3,1.5,11
264,함양군,2024-08-23,27.6,22,33.7,,1.4,74.3,11.3,25.69
264,함양군,2024-08-24,27.8,22.3,35,,.7,74.5,10.5,24.49
264,함양군,2024-08-25,27.8,23.4,34.4,,.9,76.6,7.6,21.9
264,함양군,2024-08-26,27.5,23.9,33.7,0,.9,78.3,4.4,17.64
264,함양군,2024-08-27,27,23.9,32.1,,.9,79.1,.4,11.8
264,함양군,2024-08-28,25.8,22.4,30,.1,1.3,82,.5,9.25
264,함양군,2024-08-29,27.4,23.4,32.7,0,1.9,82,4.5,16.45
264,함양군,2024-08-30,27.8,21.9,34.4,,1.2,81.6,9.4,22.74
264,함양군,2024-08-31,27.2,20.7,34.8,,1.3,80.8,11.2,25.62
264,함양군,2024-09-01,26.4,20.9,33.7,,1.1,83.3,9.9,24
264,함양군,2024-09-02,25.4,19.9,31.6,,.5,86.8,2.2,13.9
264,함양군,2024-09-03,25,20.6,29.3,.6,1,86.4,1.6,12.1
264,함양군,2024-09-04,24.1,17.4,31.4,,1,79.6,11.1,24.65
264,함양군,2024-09-05,26.2,17.7,33.2,,1.6,78.1,9.9,23.39
264,함양군,2024-09-06,25.3,23.8,28.5,11.1,.6,95.8,0,6.72
264,함양군,2024-09-07,25.4,23.9,28.9,12.1,.5,97,.5,8.21
264,함양군,2024-09-08,27.2,23.1,33.5,,.7,89.3,8.2,20.73
264,함양군,2024-09-09,27.2,23.6,33.1,,.9,90.3,6.5,19.1
264,함양군,2024-09-10,27.6,22.7,33.9,,.9,86,9.8,21.75
264,함양군,2024-09-11,26.5,24,30.4,13.2,.7,96.4,.5,10.35
264,함양군,2024-09-12,27.7,25.1,32.8,.4,.5,94,1.6,13.11
264,함양군,2024-09-13,28.1,24.2,34.4,,.8,87,8.4,19.06
264,함양군,2024-09-14,27.7,23,34.9,,.8,87.4,8.2,20.46
264,함양군,2024-09-15,27.8,23.2,32.9,,1.1,87.1,3.9,15.11
264,함양군,2024-09-16,27.2,24.8,30.8,,.8,89.9,.1,7.8
264,함양군,2024-09-17,28.8,25.3,35.7,0,.8,86.6,7.4,17.91
264,함양군,2024-09-18,28.5,25.1,34.7,.5,.9,88.1,5.8,16.82
264,함양군,2024-09-19,27.9,24,35.1,,1,82.6,8.1,18.79
264,함양군,2024-09-20,25,24.2,26,63.4,.5,97.6,0,2.15
264,함양군,2024-09-21,23.3,20.8,26.9,67.8,.8,98.6,0,2.72
264,함양군,2024-09-22,21.6,20.1,23.8,.6,.8,90.8,0,5.45
264,함양군,2024-09-23,19.6,13.7,25.1,,1.4,82.1,5.2,15.51
264,함양군,2024-09-24,19,12.5,26.7,,.9,88.1,7.3,17.75
264,함양군,2024-09-25,21,15.3,29.3,,.8,85.9,8.4,19.4
264,함양군,2024-09-26,22.7,17.2,30.9,,.8,84.4,6,17.07
264,함양군,2024-09-27,22.6,17.6,30.8,,.7,82.1,8.4,18.09
264,함양군,2024-09-28,22.2,17.5,27.1,,1.1,82.1,3.8,12.53
264,함양군,2024-09-29,20.1,15.3,26,,.8,86.1,2.7,11.49
264,함양군,2024-09-30,18.8,13.7,28.3,,.7,85.3,8.3,18.82
266,광양시,2024-05-20,23.1,15.6,30.8,,1.6,45.5,12.1,28.71
266,광양시,2024-05-21,20.5,16.8,26,,1.9,71.4,11.7,27.75
266,광양시,2024-05-22,20.5,15.4,26.8,,1.4,71.6,8.9,23.68
266,광양시,2024-05-23,23.7,16.8,31.3,,1.3,60.1,12.2,28.31
266,광양시,2024-05-24,22.4,17,29.5,,1.4,57.6,12.4,28.14
266,광양시,2024-05-25,20.4,16.9,24.6,,2.3,55.8,10.5,26.13
266,광양시,2024-05-26,19.8,15,23,19.4,1.5,75.9,3.8,9.97
266,광양시,2024-05-27,20.5,17.3,24.8,,2.4,56.4,8.9,22.51
266,광양시,2024-05-28,19.8,14.7,25,0,1.5,61.3,6.2,21.23
266,광양시,2024-05-29,21,14.5,27.8,,1.4,67.5,12.7,29.67
266,광양시,2024-05-30,20.1,16.4,26.5,1.3,1,68.9,1.2,14.47
266,광양시,2024-05-31,21.3,15.6,27.9,.3,1.7,64.8,10.7,27.75
266,광양시,2024-06-01,21.3,17,26.7,,2.6,52.4,10.9,28.84
266,광양시,2024-06-02,20.8,15,28.3,,1.6,57.4,10.9,25.32
266,광양시,2024-06-03,19.5,15,25.6,.1,1.4,75.1,7.9,21.77
266,광양시,2024-06-04,20,15.6,25.7,,1.5,70.3,9.9,26.85
266,광양시,2024-06-05,20.5,14.5,27,,1.3,69.9,9.1,23.9
266,광양시,2024-06-06,20,16.2,24.8,,1.1,70.8,.6,13.78
266,광양시,2024-06-07,21.7,16.1,26.7,0,1.1,63.5,7.8,20.68
266,광양시,2024-06-08,19.2,18.7,20.7,40.8,1.5,91.4,0,2.52
266,광양시,2024-06-09,22.9,18.8,27.9,,1.4,80.5,7.1,20.66
266,광양시,2024-06-10,24.7,19.6,30.4,,1.3,73.3,11.4,27.96
266,광양시,2024-06-11,24.7,19.5,30.7,,1.5,65.9,11.1,26.06
266,광양시,2024-06-12,24.9,19.3,31.2,,1.5,68.5,11.9,28.2
266,광양시,2024-06-13,25.9,19.6,33.2,,1.2,64.6,12.7,28.13
266,광양시,2024-06-14,25.5,19.8,31.6,,1.4,69.4,10.3,22.92
266,광양시,2024-06-15,26.2,21.1,31.7,,1.5,70.8,10,25.46
266,광양시,2024-06-16,25.3,20.9,30.6,,2.2,58.8,8.6,22.95
266,광양시,2024-06-17,22.1,18,26.5,,.7,65.6,.1,10.27
266,광양시,2024-06-18,26.2,17.8,34.5,,1.2,54,12.7,29.32
266,광양시,2024-06-19,26.4,21.7,34,,1.2,56.3,9.3,24.2
266,광양시,2024-06-20,21.8,19.9,22.7,0,1.9,79.6,0,3.67
266,광양시,2024-06-21,25,21.2,30,,1.4,72.6,8.4,22.35
266,광양시,2024-06-22,23.3,21.8,24.7,39.3,1.7,95.4,0,2.23
266,광양시,2024-06-23,24.6,22.8,28.8,,1.9,85.9,1.5,10.62
266,광양시,2024-06-24,24.3,21.8,28.2,,1.8,84.3,2.2,14.89
266,광양시,2024-06-25,23.7,20,28.7,,1.6,60.5,6.1,20.88
266,광양시,2024-06-26,23.2,17.8,29,,1.2,58.3,10.7,24.95
266,광양시,2024-06-27,19.8,18.1,23.1,1,1.3,76.5,0,6.37
266,광양시,2024-06-28,24,17.4,30.3,,1.4,76.5,12.5,28.11
266,광양시,2024-06-29,22.8,21,24.1,107.1,1.4,95.1,0,2.51
266,광양시,2024-06-30,24.3,23.5,25.6,74.9,2.3,97,0,5.08
266,광양시,2024-07-01,26,22.5,30.3,.5,1.6,85.8,8.1,22.13
266,광양시,2024-07-02,25.3,23.3,28.7,45,1.7,93.4,.5,9.51
266,광양시,2024-07-03,27,24.7,31.2,3.8,2.5,85,7.3,23.31
266,광양시,2024-07-04,27.5,23,32.7,,1.7,80.8,12.7,28.28
266,광양시,2024-07-05,27.3,24.1,31.6,12,2.4,82.5,7.1,23.21
266,광양시,2024-07-06,27.2,24.4,30.6,,2.4,83.1,3.7,18.04
266,광양시,2024-07-07,27,26,29.9,,2.3,87.9,.4,11.29
266,광양시,2024-07-08,26.2,25.7,27.7,0,1.6,91.9,0,3.41
266,광양시,2024-07-09,26.4,24.8,28.7,.2,1.7,91.1,.1,6.44
266,광양시,2024-07-10,25.7,22.8,31.2,20.3,2.4,89.4,2.3,14.81
266,광양시,2024-07-11,23.7,22.1,26.4,.2,.8,91.3,0,6.82
266,광양시,2024-07-12,25.3,21.6,30.9,,1.2,81.5,10,25.22
266,광양시,2024-07-13,24.6,21.4,28.5,.8,1.3,85.5,2.8,14.07
266,광양시,2024-07-14,23.3,22.9,24.4,46.8,1.7,96.6,.5,4.48
266,광양시,2024-07-15,24.3,22.7,26.2,1,1.5,90.9,.3,7.19
266,광양시,2024-07-16,23.1,22.3,23.8,188.9,1,98.4,0,.48
266,광양시,2024-07-17,26.4,23.2,30.4,,1.3,91.5,1.2,13
266,광양시,2024-07-18,26.7,25.4,28.4,.9,2,91.4,0,5.92
266,광양시,2024-07-19,25.1,23.7,28.3,28.2,1.2,93.1,1.2,8.71
266,광양시,2024-07-20,27,22.9,32.4,,1.2,89,3.9,15.99
266,광양시,2024-07-21,27.8,23.6,32.3,14,1.9,86,8,24.42
266,광양시,2024-07-22,28.6,25.6,32.3,,1.8,82.9,6.9,21.79
266,광양시,2024-07-23,28.5,26.5,32.1,.3,1.6,85.9,2,14.29
266,광양시,2024-07-24,28.4,25.7,32.1,.1,1.2,86.6,5.7,17.31
266,광양시,2024-07-25,29.1,25.9,32.7,0,1.5,83,8.2,22.95
266,광양시,2024-07-26,27.1,25.2,29.2,24,2.6,89.5,.1,8.2
266,광양시,2024-07-27,27.7,25,30.7,16.4,1.9,90.6,2.2,13.68
266,광양시,2024-07-28,28.8,26.2,32.2,,1.9,83.1,8.6,23.87
266,광양시,2024-07-29,28.9,25.1,34,,1.8,79.5,11,26.93
266,광양시,2024-07-30,29.2,24,34.4,,1.8,75.1,12.3,28.53
266,광양시,2024-07-31,29.2,24.8,33.8,,1.6,79,10.2,24.85
266,광양시,2024-08-01,29,25.8,33,,1.3,82.5,6.2,17.95
266,광양시,2024-08-02,30.2,26,34.6,,1.4,82.4,9.1,23.58
266,광양시,2024-08-03,31.5,27.5,36.7,,1.4,77.5,11.8,26.17
266,광양시,2024-08-04,30.1,27.3,35.7,,1.2,80.5,7.4,19.79
266,광양시,2024-08-05,28.5,24.7,34.7,2.6,1.3,77.9,8.3,20.89
266,광양시,2024-08-06,28.5,25,34.8,1.4,1.1,78.9,8.1,21.33
266,광양시,2024-08-07,29.3,24.7,35.7,1.6,.9,81,9,22.32
266,광양시,2024-08-08,29.8,25.9,34.9,,1.3,76.5,9.3,22.26
266,광양시,2024-08-09,29.5,24.7,34.9,,1.1,72.1,10.4,25.02
266,광양시,2024-08-10,28.9,24.8,33.6,,1.1,76.5,9.3,22.7
266,광양시,2024-08-11,28.9,25.2,34.4,,1.2,73.9,8.5,22.49
266,광양시,2024-08-12,29.2,25.2,34.8,,1.1,73.8,9.4,24.63
266,광양시,2024-08-13,29.4,25.4,34.6,,1.3,70.1,11.4,25.87
266,광양시,2024-08-14,29.6,25.3,34.6,,1.3,69.3,11.3,25.67
266,광양시,2024-08-15,29,25.3,35,8.9,1.5,75.9,10.2,24.34
266,광양시,2024-08-16,28.7,24.9,33.8,7.8,1.4,76,8,21.03
266,광양시,2024-08-17,28.2,24.7,33.7,3.6,1.2,81.4,7.3,19.57
266,광양시,2024-08-18,28.6,24.7,33.1,,1.3,75.9,10,22.65
266,광양시,2024-08-19,29.1,25.3,32.6,,1.9,75.5,6.3,15.99
266,광양시,2024-08-20,27.9,26.4,30.6,21.3,2.2,90.3,.8,7.83
266,광양시,2024-08-21,28.7,26.1,31.9,13.7,1.6,87.3,2.1,11.59
266,광양시,2024-08-22,28.1,26.2,31.2,14.6,1.6,91.4,1.8,9.16
266,광양시,2024-08-23,28.6,23.6,33.9,,1.2,79.6,10.8,23.12
266,광양시,2024-08-24,29.2,24.2,35.1,,1,74.9,11.3,24.01
266,광양시,2024-08-25,28.9,24.6,34.3,,1,77.8,9.6,22.24
266,광양시,2024-08-26,29.1,25.4,33.9,,1.1,77,9,20.56
266,광양시,2024-08-27,27.7,25,32.8,.7,1.8,81.5,2.4,13.31
266,광양시,2024-08-28,27.8,24.7,31.3,0,3.2,70.4,9.2,23.11
266,광양시,2024-08-29,29.3,26.1,33.3,,2.8,63,8.1,21.85
266,광양시,2024-08-30,29.7,24.8,35.7,,1.6,65.4,9.8,22.36
266,광양시,2024-08-31,27.9,22.5,34.3,,1.6,67.5,11.1,24.69
266,광양시,2024-09-01,27.7,23,33.6,,1.3,70.9,10.3,23.86
266,광양시,2024-09-02,27.4,22.8,33.7,,1.2,72.3,7.2,19.5
266,광양시,2024-09-03,26.3,23.4,30.2,,2.1,72.1,4.5,17.69
266,광양시,2024-09-04,26.3,22.5,31.3,,1.9,65.6,10.9,24.37
266,광양시,2024-09-05,27.2,20.9,33.2,,1.4,72.3,10.9,23.73
266,광양시,2024-09-06,26.9,24.2,33,23.7,.9,84,3,11.91
266,광양시,2024-09-07,26.8,24,30.5,,.9,85.5,1,11.05
266,광양시,2024-09-08,28.3,23.9,33.6,,.8,78.4,8.3,20.27
266,광양시,2024-09-09,28.5,25.1,33.2,,1.7,77.4,8.4,19.81
266,광양시,2024-09-10,28.8,25.3,33.1,,2,74.5,8.8,18.69
266,광양시,2024-09-11,26.7,25.7,29.3,10.2,1,90.3,.3,5.94
266,광양시,2024-09-12,28.7,25.3,33.4,,1.1,82.9,5.5,16.57
266,광양시,2024-09-13,29,25.7,34.2,,1.1,80.3,8.2,19.39
266,광양시,2024-09-14,29.4,25,35.3,,1.2,75.9,9.8,21.45
266,광양시,2024-09-15,29.3,26.4,33,,2.3,75.3,4.6,13.67
266,광양시,2024-09-16,28.5,26.5,31.2,,2.6,74.5,1.6,12.95
266,광양시,2024-09-17,30.3,26.6,35.4,0,1.3,75.3,7.9,19.6
266,광양시,2024-09-18,29.7,26.9,35.1,,1.4,76.6,7.3,16.93
266,광양시,2024-09-19,30.3,25.3,36.3,,1.4,68.5,10,21.41
266,광양시,2024-09-20,26.6,24.9,28.8,59.7,1.7,93.1,0,1.78
266,광양시,2024-09-21,24.4,21.6,29.1,182.6,1.8,95.8,.3,3.72
266,광양시,2024-09-22,22.5,20.1,25.5,.3,2.2,83.1,.1,9.04
266,광양시,2024-09-23,21.1,18.3,25.5,,3,66.4,7.9,20.06
266,광양시,2024-09-24,22.2,18.2,26.7,,2.3,66.9,7.7,17.76
266,광양시,2024-09-25,23.8,20.2,29.1,,1.9,72,7.4,17.4
266,광양시,2024-09-26,24.4,19.8,30.4,,.8,74.1,7.5,16.77
266,광양시,2024-09-27,25,20.3,31,0,.9,76.6,6.2,17.07
266,광양시,2024-09-28,24.3,21.5,28.7,,2.5,71.5,7.8,18.14
266,광양시,2024-09-29,23.5,20.9,27.5,,2.7,64.9,8.6,19.03
266,광양시,2024-09-30,23.4,18.4,29.6,,1.4,67.8,9.2,19.62
268,진도군,2024-05-20,19.1,11.5,26.6,,1.8,70.3,12.5,
268,진도군,2024-05-21,18.4,14.5,23.4,,1.7,82,8.6,
268,진도군,2024-05-22,18.9,12.9,26.6,,1.6,79.5,9.6,
268,진도군,2024-05-23,19.3,14.6,26.2,,1.8,81.4,11.2,
268,진도군,2024-05-24,18.3,15.4,23.4,,2.5,82.5,12,
268,진도군,2024-05-25,19.8,13.8,24.7,,1.7,59.8,12.3,
268,진도군,2024-05-26,20.1,17.5,23.7,6,3.3,86.8,1.8,
268,진도군,2024-05-27,18.8,16.6,22.6,,3.9,67,8.5,
268,진도군,2024-05-28,18.8,15.4,23.2,,3.4,66.8,12.5,
268,진도군,2024-05-29,18.5,12.5,25.4,,1.6,77.9,13,
268,진도군,2024-05-30,18.5,13.3,25.3,2.5,1.4,78.3,1,
268,진도군,2024-05-31,18.5,14.9,22.9,.8,1.7,83.1,7.9,
268,진도군,2024-06-01,19,14.8,22.2,,3.2,75.4,9.1,
268,진도군,2024-06-02,18.4,14.4,23.7,,2.1,77.1,8.7,
268,진도군,2024-06-03,18.6,12.4,24.5,,1.8,78.1,9.9,
268,진도군,2024-06-04,18.8,13,24.9,,1.4,77.5,9.1,
268,진도군,2024-06-05,18.6,13,25.2,,1.5,77.5,4.6,
268,진도군,2024-06-06,19.3,15,24.8,0,1.2,76.5,.9,
268,진도군,2024-06-07,21,16.8,25.9,0,1.9,69.4,3.3,
268,진도군,2024-06-08,20.7,19.5,22.5,4.5,2,90.6,0,
268,진도군,2024-06-09,21.5,17.6,25.4,,1.7,83.1,7.6,
268,진도군,2024-06-10,22,16.1,28.9,,1.5,75.8,10.3,
268,진도군,2024-06-11,21,16.8,27.8,,1.2,83.5,6.8,
268,진도군,2024-06-12,21.5,14.8,29,,1.5,79.9,12.7,
268,진도군,2024-06-13,22.3,16.6,29.2,,1.6,74,13.2,
268,진도군,2024-06-14,23.5,17.4,29.3,,1.5,76.4,7.5,
268,진도군,2024-06-15,24,19.7,29,,1.5,80.6,8.6,
268,진도군,2024-06-16,22.6,17.9,27.3,0,2.2,81.6,10.3,
268,진도군,2024-06-17,20.6,15.5,25.9,,1.2,81.4,2,
268,진도군,2024-06-18,21.8,14.1,29.2,,1.9,74.1,11.6,
268,진도군,2024-06-19,23.5,17.2,30.9,,1.7,69.5,9.2,
268,진도군,2024-06-20,21.7,19.7,22.7,5.4,2.6,87.1,0,
268,진도군,2024-06-21,22.8,18.9,26.8,.1,1.9,86.3,5.1,
268,진도군,2024-06-22,23.6,22.4,24.8,52.7,3.7,95.4,0,
268,진도군,2024-06-23,23.5,21.3,27.4,.3,2,89.6,2.8,
268,진도군,2024-06-24,23.8,21.3,27.8,,2.1,86,3.3,
268,진도군,2024-06-25,22,18.5,26.9,,1.8,79.1,5.5,
268,진도군,2024-06-26,21.8,16.8,28.4,,1.4,79.5,10,
268,진도군,2024-06-27,19.7,17,22.4,5.1,1.4,90.9,.3,
268,진도군,2024-06-28,23,17.7,27.5,,1.6,83.9,11.4,
268,진도군,2024-06-29,23.8,22.3,25.2,106.1,3.6,93.8,0,
268,진도군,2024-06-30,24,22.8,25.3,66,3.4,96.3,0,
268,진도군,2024-07-01,24.6,21.8,28.2,24.3,1.4,91.3,1.7,
268,진도군,2024-07-02,25.8,23.9,27,2.8,4.6,90.8,0,
268,진도군,2024-07-03,26,22.7,30.2,3.7,2.5,86,8.8,
268,진도군,2024-07-04,24.8,22,28.2,,2.1,93.8,2.5,
268,진도군,2024-07-05,26.1,23.6,29.9,5.6,1.8,87.5,5.9,
268,진도군,2024-07-06,26.5,24.8,27.7,,4.3,87.3,.5,
268,진도군,2024-07-07,26.1,25.2,28,,3.3,92.4,.1,
268,진도군,2024-07-08,26,24.6,27.5,,3,91.9,0,
268,진도군,2024-07-09,25.8,25,27.1,.2,3,94.1,0,
268,진도군,2024-07-10,23.8,22,26.4,24.6,3.2,94.9,.1,
268,진도군,2024-07-11,22.8,20.6,25.7,.5,.7,93.6,0,
268,진도군,2024-07-12,23.4,20.5,28.2,,1.2,89.6,3.4,
268,진도군,2024-07-13,23.9,19.3,27.3,.3,2.1,87.5,2.2,
268,진도군,2024-07-14,24.1,22.2,26.1,17.2,2.6,91.4,1.9,
268,진도군,2024-07-15,24.7,22,27.9,6.5,2,90,4.1,
268,진도군,2024-07-16,25.8,22.2,27.9,117.4,2.9,93.3,0,
268,진도군,2024-07-17,27.6,26.4,29.8,,4.2,87.1,1.1,
268,진도군,2024-07-18,26.8,23.6,29.8,3,3.8,87,.4,
268,진도군,2024-07-19,24.3,22.6,28.1,41.8,1.4,94.3,3.3,
268,진도군,2024-07-20,27.6,22.6,29.7,,3.6,89.1,1.1,
268,진도군,2024-07-21,27.3,23.4,30.4,9.4,3.2,89.5,3.8,
268,진도군,2024-07-22,28.3,26.6,30.7,0,4.1,86,5.7,
268,진도군,2024-07-23,28.9,27.3,31.6,,3.6,84.8,3.5,
268,진도군,2024-07-24,28.9,27,31.8,,2.7,84.9,7.8,
268,진도군,2024-07-25,29.2,26.9,32.1,,3.1,82.9,9.5,
268,진도군,2024-07-26,27.5,25.3,29.6,16.2,3.6,88.4,.3,
268,진도군,2024-07-27,28.6,26.3,32,.4,2.9,84.4,6.8,
268,진도군,2024-07-28,28.7,26.3,31.5,,3.3,83,10.8,
268,진도군,2024-07-29,28.4,25.3,31.2,,3.2,82.1,8.1,
268,진도군,2024-07-30,28.2,24.9,32.1,,2,83.1,11.3,
268,진도군,2024-07-31,28.6,25.9,32,,2.2,85.5,7.3,
268,진도군,2024-08-01,28.7,26.8,31.9,,2.5,85.5,4.7,
268,진도군,2024-08-02,29.3,26.7,33,,1.8,86.5,6.1,
268,진도군,2024-08-03,29.6,26,34.1,,1.1,85.4,11.8,
268,진도군,2024-08-04,29.8,26.7,34.6,,1.2,83.1,11.8,
268,진도군,2024-08-05,27.9,25.1,32.9,0,1.8,83.4,10.6,
268,진도군,2024-08-06,28.7,24.2,33.4,,1.5,79.1,11.9,
268,진도군,2024-08-07,28.6,24.6,33.6,,1.2,80.6,12.2,
268,진도군,2024-08-08,27.8,24.2,33.1,0,1.1,86.9,8.1,
268,진도군,2024-08-09,28.5,25.1,33.5,,1.2,82.4,11.1,
268,진도군,2024-08-10,28.5,23.8,32.7,,1.8,79.9,11.9,
268,진도군,2024-08-11,29.1,25.9,32.5,,2.6,72.8,12.2,
268,진도군,2024-08-12,28.4,24.8,32.8,,2.6,73.8,12.2,
268,진도군,2024-08-13,27.4,24,31.9,,1,83.4,2.1,
268,진도군,2024-08-14,27.6,23.1,33.1,,1.1,81.3,9.4,
268,진도군,2024-08-15,27.4,24,33,27,1.1,87.3,4.2,
268,진도군,2024-08-16,26.4,23.5,33,.1,1.1,89.6,5.1,
268,진도군,2024-08-17,26.6,23.5,33.2,.3,1,89.3,5.5,
268,진도군,2024-08-18,27.4,23.4,31.7,,1.4,80.3,8.5,
268,진도군,2024-08-19,28.4,23.8,33.1,,1.6,80.1,11.6,
268,진도군,2024-08-20,29.1,25.6,33.2,12.5,2.7,85.8,7.1,
268,진도군,2024-08-21,29.6,27.8,32.3,.9,3.3,82.9,7.1,
268,진도군,2024-08-22,27.9,24.6,30.9,8.8,2.3,88.8,1.8,
268,진도군,2024-08-23,27.1,23.7,31.4,,1.1,89.5,7.2,
268,진도군,2024-08-24,27.5,23,32.8,,1,84.9,11.5,
268,진도군,2024-08-25,27.4,23.3,32.2,,1.1,86,11.3,
268,진도군,2024-08-26,27.3,23.6,32.2,,1,84.5,7.3,
268,진도군,2024-08-27,27.1,23.5,33,.5,1.1,86.4,2.3,
268,진도군,2024-08-28,29,23.9,33.9,0,2.9,70.5,10,
268,진도군,2024-08-29,28,24.4,32.6,,3.6,74.5,11.6,
268,진도군,2024-08-30,27.5,23.8,31.5,,3.2,76.5,11.5,
268,진도군,2024-08-31,25.2,20.5,29.9,,1.9,78.6,10.5,
268,진도군,2024-09-01,25.3,20.1,31.6,,1.3,83.9,9,
268,진도군,2024-09-02,25.4,19.7,30.8,0,1.1,86,3.1,
268,진도군,2024-09-03,26.8,23.8,31.2,,1.7,77.3,6,
268,진도군,2024-09-04,26.4,23,31.2,,2,73,10.5,
268,진도군,2024-09-05,26.4,22,31.9,,1.4,81.5,9.7,
268,진도군,2024-09-06,26.4,23.5,32.3,0,1,88.3,2.6,
268,진도군,2024-09-07,25.6,22.4,29.2,2.7,1,91.5,1,
268,진도군,2024-09-08,25.7,21.8,32.2,,1.1,82.5,10.4,
268,진도군,2024-09-09,26.8,21.5,32.7,,1.2,84.5,10,
268,진도군,2024-09-10,28.5,22.8,33.5,0,1.6,77.5,10.6,
268,진도군,2024-09-11,28.6,26.7,32.4,0,2.2,83,4.7,
268,진도군,2024-09-12,29.2,26.2,33.2,,2.1,79.1,7.6,
268,진도군,2024-09-13,28,24.4,33.9,,1.6,82.1,8.7,
268,진도군,2024-09-14,27.8,23,33,,1.8,82,9,
268,진도군,2024-09-15,29.1,24,34.7,,1.8,80.5,8.9,
268,진도군,2024-09-16,27.5,26,28.9,10.8,1.2,89.6,.3,
268,진도군,2024-09-17,27.9,25.2,33.4,7.1,1,91.9,4.6,
268,진도군,2024-09-18,28.3,24.5,33.8,,1.3,84,9.6,
268,진도군,2024-09-19,28.8,23.9,34.6,5,2.2,77,10.1,
268,진도군,2024-09-20,27.9,25,30.7,25.3,2.8,87.5,1.4,
268,진도군,2024-09-21,25.5,22.8,28.2,287.6,3.2,94.8,0,
268,진도군,2024-09-22,22.2,21,24.2,3.6,2.8,91.9,0,
268,진도군,2024-09-23,22.3,18.9,27.2,,1.6,78.6,9.1,
268,진도군,2024-09-24,21.7,17.2,27.8,,1.1,80.1,7,
268,진도군,2024-09-25,23.4,17.9,29.7,,1.2,82.3,9.8,
268,진도군,2024-09-26,23.8,19.2,28.9,,.9,84.1,8.2,
268,진도군,2024-09-27,23.6,20.2,27.1,,2.9,74.5,9.6,
268,진도군,2024-09-28,23.9,18.6,29.5,0,1.1,80.1,7.8,
268,진도군,2024-09-29,22.8,18.3,28.2,,1.8,79.1,9.5,
268,진도군,2024-09-30,21.9,16.7,28.6,,1,81.8,8.5,
271,봉화,2024-05-20,16.4,10,23.7,,1.2,77.3,6.5,
271,봉화,2024-05-21,15.9,11.3,21.9,,1.1,80.9,2.9,
271,봉화,2024-05-22,18.3,11.2,26.3,,1.3,71.6,10.6,
271,봉화,2024-05-23,20,11.3,29,,1.3,63,12,
271,봉화,2024-05-24,16.7,12.1,22.4,,1.3,69.3,1.5,
271,봉화,2024-05-25,16.1,10.9,21.7,,1.4,56.5,5.3,
271,봉화,2024-05-26,16.8,8.5,25,23.9,1.2,74.9,6.3,
271,봉화,2024-05-27,17.5,12.4,21.4,,1.9,64.4,8.1,
271,봉화,2024-05-28,14.4,8.1,19.4,,2,73.3,9.4,
271,봉화,2024-05-29,16.5,6.2,25.9,,1.2,67.6,12.4,
271,봉화,2024-05-30,18.2,11.5,25.4,,.9,69.1,3.3,
271,봉화,2024-05-31,19.2,13.8,26.1,,1.3,64,12.4,
271,봉화,2024-06-01,16.9,11.1,24.2,,1.2,74.1,6.5,
271,봉화,2024-06-02,15.5,10.8,21,0,1.1,79.6,2.8,
271,봉화,2024-06-03,16.4,9.8,22.3,,1.3,70.3,9.2,
271,봉화,2024-06-04,16,6.3,24.7,,1.3,67.9,11.1,
271,봉화,2024-06-05,18.3,9.4,27.1,,1.2,64.9,10.3,
271,봉화,2024-06-06,18.5,11,26,,1.1,63.6,11,
271,봉화,2024-06-07,19.1,9.6,26.5,,1.1,62.6,8.3,
271,봉화,2024-06-08,17.8,15.2,20,6.9,.6,88.1,0,
271,봉화,2024-06-09,20.7,16,26.9,,1.1,78.8,9.4,
271,봉화,2024-06-10,21.4,13.8,28.7,,1.2,73,11,
271,봉화,2024-06-11,22.7,15.5,30.5,,1.2,70.5,12.5,
271,봉화,2024-06-12,23.3,15.4,32.1,,1.3,60.8,12.4,
271,봉화,2024-06-13,22.6,14.2,31,,1.1,64.3,10,
271,봉화,2024-06-14,23.2,15.3,31.5,,1.2,64.3,10.3,
271,봉화,2024-06-15,21.3,16.5,27.5,9.3,1,79.3,3.3,
271,봉화,2024-06-16,21.3,15.9,26.8,,1.4,70.3,8.3,
271,봉화,2024-06-17,20,12.9,26.9,,1.1,68.9,8.6,
271,봉화,2024-06-18,22.5,12.6,31.8,,1.1,63.3,12.6,
271,봉화,2024-06-19,23.7,15.1,33.2,,1.2,61.9,11.8,
271,봉화,2024-06-20,,15.6,30.5,,1.1,63.3,7.2,
271,봉화,2024-06-21,23,14.7,30.5,,1.3,69.9,7.8,
271,봉화,2024-06-22,21.3,19.4,22.9,30.9,.4,94.1,0,
271,봉화,2024-06-23,22.7,21,27.2,12.3,.6,91.1,1.7,
271,봉화,2024-06-24,22.8,17.8,29.7,2.1,1.1,82.3,5.9,
271,봉화,2024-06-25,19.9,15.5,25.3,,1.6,73.4,7.8,
271,봉화,2024-06-26,20.9,13.3,28,,1,73.1,10.5,
271,봉화,2024-06-27,20.9,14.6,26.9,,.7,80.1,5.2,
271,봉화,2024-06-28,22.2,14.5,30.6,,1.1,69.5,12.6,
271,봉화,2024-06-29,23.4,15.8,30.1,39.5,1.1,76.8,7.8,
271,봉화,2024-06-30,24.1,21.2,27.5,23.3,1.5,87.9,1.2,
271,봉화,2024-07-01,24.8,19.7,29.7,,1.1,76.1,9.3,
271,봉화,2024-07-02,21.4,20.3,22.3,52.6,.8,96.6,0,
271,봉화,2024-07-03,24.6,21.3,28.5,15.1,1.1,83,3.4,
271,봉화,2024-07-04,24.6,20,29.9,,1.1,80.3,5.6,
271,봉화,2024-07-05,24.7,20.8,28.1,6.6,1.6,79,5.8,
271,봉화,2024-07-06,25.4,19.9,29.3,,1,82.3,2.1,
271,봉화,2024-07-07,23,20.5,27.3,94.3,1.2,94.8,0,
271,봉화,2024-07-08,23.1,22,24.2,84.1,.9,96.4,0,
271,봉화,2024-07-09,22.4,20,24.3,8.3,.6,95.6,0,
271,봉화,2024-07-10,23.7,19.7,28.2,65,1.1,87.3,4.2,
271,봉화,2024-07-11,24.5,20.8,29.5,.6,.9,82.5,10,
271,봉화,2024-07-12,23.1,19.4,29.6,18,1.1,88.3,8.2,
271,봉화,2024-07-13,24.1,19.4,30.6,,1,75.3,11.1,
271,봉화,2024-07-14,23.3,21,26,0,1.5,82.3,.5,
271,봉화,2024-07-15,23.9,20.7,28.1,,1.2,83.3,3.7,
271,봉화,2024-07-16,24,21.3,28.5,16.3,.6,88.1,1.6,
271,봉화,2024-07-17,24.6,22,28.2,24,.9,89.8,.4,
271,봉화,2024-07-18,24.9,23.5,26.9,22.6,1,91.1,0,
271,봉화,2024-07-19,25,20.8,28.9,,1.1,85.4,3.8,
271,봉화,2024-07-20,24.1,20.1,27.5,1.7,.9,89.3,2.6,
271,봉화,2024-07-21,26,23.2,30.2,9.7,1.8,80.4,7.6,
271,봉화,2024-07-22,26.5,22.1,30.1,,1,83.9,4.3,
271,봉화,2024-07-23,26.1,23.7,28.5,.5,1.4,84,.2,
271,봉화,2024-07-24,24.9,22.3,30.6,1.6,1.1,90.4,4.6,
271,봉화,2024-07-25,26.9,22.8,31.7,,1,83.8,7.9,
271,봉화,2024-07-26,27.4,23.9,32.4,,1.2,80.6,8.1,
271,봉화,2024-07-27,26.3,24.3,31.3,16.7,.8,88.4,2.3,
271,봉화,2024-07-28,27.4,24.3,31.5,,1.1,82.8,8,
271,봉화,2024-07-29,27.7,24.5,30.9,,1.8,74.4,6.5,
271,봉화,2024-07-30,25.8,23,28.8,,1.4,84.1,1.3,
271,봉화,2024-07-31,26.9,22.6,32.1,,1.1,80.1,10.5,
271,봉화,2024-08-01,26.5,21.7,31.6,,.9,84.1,5.9,
271,봉화,2024-08-02,27.7,24.2,32.8,.9,.9,85.9,6.7,
271,봉화,2024-08-03,27.6,23.7,33.4,,.9,81.8,8.3,
271,봉화,2024-08-04,27.1,22.6,33.2,,1.1,81.3,8.6,
271,봉화,2024-08-05,25.8,22.9,32.1,8.5,.8,87,4.5,
271,봉화,2024-08-06,24.8,22,30.7,36.7,1,89.6,6.5,
271,봉화,2024-08-07,26.1,21.2,33.1,,.9,82.9,9.2,
271,봉화,2024-08-08,24.8,21.9,30.1,1.2,.8,89.6,3.7,
271,봉화,2024-08-09,26,20.8,32.2,,1,81.5,8.9,
271,봉화,2024-08-10,25.9,21.3,32.1,,.9,81,9,
271,봉화,2024-08-11,25.8,20.6,32.4,1.3,.8,83.1,10,
271,봉화,2024-08-12,26,22.5,32,1.4,1,84.8,4.7,
271,봉화,2024-08-13,26,20,33.1,,1.1,76.9,11.7,
271,봉화,2024-08-14,25.9,21.4,32.5,,1.2,76.1,10.6,
271,봉화,2024-08-15,25.9,20.8,31.9,,1.3,75.6,10.8,
271,봉화,2024-08-16,24.7,20.3,30.2,,.9,82.5,3.1,
271,봉화,2024-08-17,25.3,20,31.9,,1.2,79.5,7.9,
271,봉화,2024-08-18,25.6,20.3,32.3,,1,78.3,10.3,
271,봉화,2024-08-19,26.1,19.9,32.7,,1,78.3,11.4,
271,봉화,2024-08-20,26.5,22.8,31.8,1.4,1.1,87.5,4.9,
271,봉화,2024-08-21,26.3,24.3,29.2,5.1,.7,91.6,.1,
271,봉화,2024-08-22,26.8,24.6,30.9,2.1,1.1,87.1,1.5,
271,봉화,2024-08-24,26,20.9,32.6,,.8,80.6,9.2,
271,봉화,2024-08-25,26.2,21.3,31.9,,1,77.8,9.7,
271,봉화,2024-08-26,25.2,22.5,29.2,2.9,.5,88.4,.9,
271,봉화,2024-08-27,23.2,18.9,26.8,23.6,.9,90.1,.1,
271,봉화,2024-08-28,23.6,17.5,28.2,,1.7,76,6.9,
271,봉화,2024-08-29,24.7,21.6,28.5,2.6,1.4,83.3,2.7,
271,봉화,2024-08-30,25.4,20.8,31.2,.2,1.4,78.5,7.7,
271,봉화,2024-08-31,23.6,18.8,30.6,,1.1,79.5,7.5,
271,봉화,2024-09-01,23.5,19,30.9,,1,77.9,7.6,
271,봉화,2024-09-02,22.9,17.5,28.7,.7,.7,78.9,1.4,
271,봉화,2024-09-03,22.7,17.2,28.2,,1.9,69.4,9.2,
271,봉화,2024-09-04,21.8,14.5,30.1,,1,75.1,10.6,
271,봉화,2024-09-05,23.9,15.8,30.7,,1.3,74.1,3.3,
271,봉화,2024-09-06,22.7,20.5,24.8,.8,1,84.6,0,
271,봉화,2024-09-07,23,20,27.8,.1,.9,89.3,0,
271,봉화,2024-09-08,25,20.8,30.5,,1.1,79,0,
271,봉화,2024-09-09,24.9,20.2,32.1,,1.1,78.4,0,
271,봉화,2024-09-10,25.1,19.4,33.2,,1,74.4,7.5,
271,봉화,2024-09-11,24.8,19.6,31.9,5.9,.9,87.3,3.2,
271,봉화,2024-09-12,24.1,23.5,25.5,30.1,.4,96.5,0,
271,봉화,2024-09-13,25.3,23.1,30,,.7,88.5,2.8,
271,봉화,2024-09-14,26.5,23.3,32.4,.1,.9,81.8,6.4,
271,봉화,2024-09-15,25.1,22.9,29.5,.2,1.6,78.3,7.2,
271,봉화,2024-09-16,24.8,22.4,27.7,,1.5,79.4,2.9,
271,봉화,2024-09-17,26.7,22.6,33.5,,.8,80.4,6.6,
271,봉화,2024-09-18,25.7,22.7,32.1,1.8,.9,86.8,5.2,
271,봉화,2024-09-19,25.4,22.1,30.4,,.7,89.3,4.1,
271,봉화,2024-09-20,23.7,18.8,27.4,48,.7,94.5,0,
271,봉화,2024-09-21,19.7,17.8,21.6,94.5,1.2,91.9,0,
271,봉화,2024-09-22,20.1,17.3,23.3,,2,74.5,3.2,
271,봉화,2024-09-23,17.1,10.9,22.2,,1.7,69.6,9.3,
271,봉화,2024-09-24,17.1,9.6,25.1,,1.1,81.4,7.3,
271,봉화,2024-09-25,19.9,15.2,26,,.8,82.9,7.7,
271,봉화,2024-09-26,20.8,16.6,26.6,3.8,.8,86.5,5.8,
271,봉화,2024-09-27,21.1,17.2,27.4,,1,83.5,6.8,
271,봉화,2024-09-28,20.2,17.2,24.3,,1.6,74.9,6,
271,봉화,2024-09-29,18.7,12.4,24.5,,1.3,78,6.3,
271,봉화,2024-09-30,16.5,9.8,25.2,,.9,78.9,9.3,
272,영주,2024-05-20,17.7,11.2,24.4,,2.3,69.3,5.5,
272,영주,2024-05-21,16.6,13.3,22.6,,1.1,85.1,4.4,
272,영주,2024-05-22,19.6,10.5,27.3,,2.3,72,12.4,
272,영주,2024-05-23,21.4,13.2,28.6,,2.9,57.8,12.5,
272,영주,2024-05-24,19.5,13.1,26,,1.5,57.9,4.1,
272,영주,2024-05-25,17.5,13.2,23.2,,1.5,54.9,4.9,
272,영주,2024-05-26,18,11,25.7,23.8,1.5,75.4,7.6,
272,영주,2024-05-27,18.1,15.4,22.4,0,5.2,60.9,9.3,
272,영주,2024-05-28,16.2,10.6,23.1,,2.2,67.8,8.9,
272,영주,2024-05-29,18.3,8.3,26.7,,2.2,63.4,13.3,
272,영주,2024-05-30,19.5,13.8,26.7,0,1.3,70.5,3.3,
272,영주,2024-05-31,21.1,15.8,26.3,,3.2,56.9,13.3,
272,영주,2024-06-01,19,14.7,24.1,0,3.2,63.5,7.8,
272,영주,2024-06-02,17.6,12.8,24.1,.2,1.8,74.5,7.5,
272,영주,2024-06-03,18.2,13.1,24.6,,1.2,71.9,7.5,
272,영주,2024-06-04,17.8,9.4,25.9,,1.5,67.8,13.4,
272,영주,2024-06-05,19.9,11.7,27.3,,1.5,65.5,12.3,
272,영주,2024-06-06,20.1,13.5,27.7,,1.6,58.6,9.4,
272,영주,2024-06-07,20.5,12.2,27.8,,1.2,65,9.6,
272,영주,2024-06-08,18.7,17.5,20.7,1.3,1.1,88.9,0,
272,영주,2024-06-09,22.4,16.4,29,,2.1,72.6,12.2,
272,영주,2024-06-10,23.3,15.3,30.4,,1.5,69.9,10.6,
272,영주,2024-06-11,25.2,16.9,31.9,,2.5,62.4,12.7,
272,영주,2024-06-12,26,17.2,32.7,,2.1,51.3,13.5,
272,영주,2024-06-13,24.8,17,33,,1.7,59,11.9,
272,영주,2024-06-14,25.8,17.4,32.4,,1.7,57.4,12.6,
272,영주,2024-06-15,21.9,20.2,26.4,21.2,1.6,83.9,2.3,
272,영주,2024-06-16,23.4,17.5,28.2,0,2.6,62.1,12.5,
272,영주,2024-06-17,22.9,14.6,28.6,,2.4,54.4,8.9,
272,영주,2024-06-18,26,15.7,32,,2.9,44.3,13.5,
272,영주,2024-06-19,25.6,16.7,33.7,,1.5,58.5,12.8,
272,영주,2024-06-20,23.7,18.2,30.2,,1.5,66.1,7.7,
272,영주,2024-06-21,23.8,15.9,30.8,,1.4,71.9,10.9,
272,영주,2024-06-22,21.4,20.6,22.5,29.6,.5,97.3,0,
272,영주,2024-06-23,23.4,20.8,27.8,3.7,1.7,88.5,3.7,
272,영주,2024-06-24,23.8,19.9,29.6,3.8,2.5,74.3,5.7,
272,영주,2024-06-25,21.5,18.1,26.2,,3.7,61.8,7.3,
272,영주,2024-06-26,22.2,14.8,29,,1.7,64.6,13.3,
272,영주,2024-06-27,21.1,15.6,26.6,,1.2,81.1,6,
272,영주,2024-06-28,22.6,13.7,30.9,,1.5,68.5,13.3,
272,영주,2024-06-29,23.5,17.1,30.7,49.5,1.2,79.8,7.9,
272,영주,2024-06-30,24.8,21.9,28.4,21,2.6,85.4,3.2,
272,영주,2024-07-01,25.7,21.4,30.7,,2.9,68.6,13.2,
272,영주,2024-07-02,21.4,20.3,22,59.2,1.2,98.3,,
272,영주,2024-07-03,24.9,21.4,29.2,24.9,1.3,81.6,2.6,
272,영주,2024-07-04,26.4,23.2,31.4,,2.5,72.4,8.9,
272,영주,2024-07-05,25.2,22.4,27.9,7,3.1,75.6,4.8,
272,영주,2024-07-06,26.4,20.7,29.8,0,1.7,79.1,2.6,
272,영주,2024-07-07,22.8,21.1,27.8,54.5,1.5,99.6,0,
272,영주,2024-07-08,23,22.1,23.9,58.4,1.2,99.1,0,
272,영주,2024-07-09,22.7,21.5,23.9,8.1,1.2,100,0,
272,영주,2024-07-10,23.9,19.5,28.1,63.4,1.7,87.8,4,
272,영주,2024-07-11,24.8,20,29.8,,1.2,82.9,11.3,
272,영주,2024-07-12,24.3,19.9,30.4,,1,86.5,7.3,
272,영주,2024-07-13,25.3,19.4,31,,1.1,74.4,10.3,
272,영주,2024-07-14,23,21.5,26.5,7.1,.9,90.1,0,
272,영주,2024-07-15,24.3,21,29.2,8.4,1.2,88.5,3,
272,영주,2024-07-16,24,21.9,27.3,12.7,.5,94.3,.3,
272,영주,2024-07-17,24.7,21.8,28.5,23.7,1.1,95.8,.1,
272,영주,2024-07-18,24.8,23.2,27.2,36.7,1.5,96.8,0,
272,영주,2024-07-19,25.3,21.2,30.3,,1.7,83.6,6.1,
272,영주,2024-07-20,23.9,20.3,27.5,2.1,1.1,97.3,1.7,
272,영주,2024-07-21,27,23.2,30.4,7.5,2.4,76,6,
272,영주,2024-07-22,27.4,23.5,31,,1.2,82.8,4.7,
272,영주,2024-07-23,26.9,23.3,29.1,.1,1.7,78.3,.1,
272,영주,2024-07-24,25.3,22.8,31,13.6,.8,94.3,3.4,
272,영주,2024-07-25,26.5,22.8,32.1,0,.9,93,5.5,
272,영주,2024-07-26,27.7,23.8,32.5,,1.2,83.8,3.2,
272,영주,2024-07-27,26.3,24.3,31.6,15.6,.9,94,1.2,
272,영주,2024-07-28,27.4,23.8,33,,1.1,86.1,6.9,
272,영주,2024-07-29,27.8,23.8,30.4,,3.2,76.8,3.4,
272,영주,2024-07-30,26.8,24.2,29.5,,3.6,80.6,2.3,
272,영주,2024-07-31,28.1,23.1,33,,2.8,75.9,11.3,
272,영주,2024-08-01,27.9,23.7,32.2,,1.4,84.8,6.8,
272,영주,2024-08-02,28.7,24.6,34.1,,1.4,82.6,8.5,
272,영주,2024-08-03,28.8,24.5,33.9,,2.2,78,12,
272,영주,2024-08-04,28.7,23.2,35.2,,1.3,78.3,10.6,
272,영주,2024-08-05,26.3,23,33.9,17.2,1.2,89.8,4.6,
272,영주,2024-08-06,25.8,22,32.8,5.2,1.1,89.5,8.3,
272,영주,2024-08-07,26.9,21.8,33.6,,1.4,83.5,10.6,
272,영주,2024-08-08,26,22.7,30.5,,1.9,85.5,4.8,
272,영주,2024-08-09,26.7,20.8,33.1,,1.2,81.3,12,
272,영주,2024-08-10,26.9,21.9,32.9,,1.2,82.4,11.8,
272,영주,2024-08-11,26.9,22.1,32.7,,1.1,82.5,9.7,
272,영주,2024-08-12,27.5,22.9,33.9,0,1,80.8,7.1,
272,영주,2024-08-13,27.5,23.4,33.7,,1.1,75.8,12,
272,영주,2024-08-14,27.4,22.6,33.7,,1,76.5,9.6,
272,영주,2024-08-15,27.4,22.2,33.4,,1.1,72.3,11.9,
272,영주,2024-08-16,25.9,21.2,31.1,0,1.2,81.5,6.8,
272,영주,2024-08-17,26.7,21.1,34.3,0,1.1,79.3,10,
272,영주,2024-08-18,26.4,21.3,33.9,,1.3,78.1,12.4,
272,영주,2024-08-19,27,21.1,33.5,,1.4,76.6,12.2,
272,영주,2024-08-20,27.3,23.6,32.5,5.3,.9,88.5,3.8,
272,영주,2024-08-21,26.1,24.2,28.8,18.7,.7,99.1,.2,
272,영주,2024-08-22,26.1,23.2,31.2,5.8,.9,97.4,.7,
272,영주,2024-08-23,26.1,23,30.7,0,2.8,80,7.2,
272,영주,2024-08-24,26,21.8,32.5,,1.3,83.3,8.3,
272,영주,2024-08-25,26.4,21.2,32.5,0,.9,82.3,8.8,
272,영주,2024-08-26,25.8,22.5,30.4,.1,.9,91.1,1.3,
272,영주,2024-08-27,23.5,20,27.5,14.5,1.1,94.6,0,
272,영주,2024-08-28,23.7,18.3,30.6,0,1.9,80.5,8,
272,영주,2024-08-29,24.4,19,31.1,0,1.3,84.8,4.2,
272,영주,2024-08-30,26.7,21.1,32.5,,2.2,74.1,9.1,
272,영주,2024-08-31,24.9,19.2,31.1,,1.4,76.4,10.6,
272,영주,2024-09-01,24.3,19.6,30.6,,1.6,78.5,9.5,
272,영주,2024-09-02,23.2,18.6,28.5,,.8,84.5,1.1,
272,영주,2024-09-03,23,18.1,29.3,,1.3,75.5,8.6,
272,영주,2024-09-04,22.2,15.7,30.1,,1.3,74,11.4,
272,영주,2024-09-05,24.3,17,31.3,,1.9,76.3,6.8,
272,영주,2024-09-06,23.1,20.2,25.3,2.4,.9,88,0,
272,영주,2024-09-07,22.9,20,27.2,.2,.9,93.4,1.3,
272,영주,2024-09-08,26.3,21.5,32.3,,1.2,79,8.2,
272,영주,2024-09-09,26.4,21.6,32.8,,1.1,75.9,11.1,
272,영주,2024-09-10,25.4,20,33.9,,1.5,77.5,11.2,
272,영주,2024-09-11,26,20.5,32.6,2.9,1.1,83.4,3.6,
272,영주,2024-09-12,24.1,22.9,25.6,48.9,.5,100,0,
272,영주,2024-09-13,25.6,22.3,30.2,0,.7,93.1,1.9,
272,영주,2024-09-14,27.1,22.7,31.7,0,1,84.4,4.9,
272,영주,2024-09-15,26.1,21.6,32.2,0,1.3,80.9,5.4,
272,영주,2024-09-16,24.9,20.3,28.7,,1,84.6,1.9,
272,영주,2024-09-17,27.1,22.9,33.6,0,1,85.1,7.4,
272,영주,2024-09-18,25.5,22.3,31.9,51.7,1.2,91,3.4,
272,영주,2024-09-19,25.2,21.6,29.7,,.7,94.5,2.4,
272,영주,2024-09-20,24.2,20.2,27.3,37.5,1.1,99.4,.1,
272,영주,2024-09-21,18.6,17.7,20.3,128,.7,100,0,
272,영주,2024-09-22,20,17,24.7,0,1,85.1,2.9,
272,영주,2024-09-23,17.2,12.2,23.4,,1.6,77.3,10.4,
272,영주,2024-09-24,17.6,10.7,24.9,,1,83.6,8.5,
272,영주,2024-09-25,20.5,17.1,26.6,0,1.1,85.8,7.3,
272,영주,2024-09-26,21,17.9,25.5,5.2,.8,91.6,3.9,
272,영주,2024-09-27,21.3,17.6,27.2,,1.1,86.4,7.8,
272,영주,2024-09-28,20.9,16.9,25.7,.2,1.3,81.4,3.2,
272,영주,2024-09-29,19.6,14,25.4,,1.7,78,5.3,
272,영주,2024-09-30,17.3,10.5,25.8,,1.2,76.5,10.6,
273,문경,2024-05-20,18.9,12.8,25.5,,1.4,69.1,4.1,
273,문경,2024-05-21,17,13.9,22.4,,1.3,83.4,3.4,
273,문경,2024-05-22,19.2,11.4,28.3,,1.4,76.9,8,
273,문경,2024-05-23,21.7,14.8,29.5,,1.6,59.1,12,
273,문경,2024-05-24,20.8,14.4,28,,1.8,54,7.4,
273,문경,2024-05-25,17.9,14.2,23.1,,1.4,57.9,3.7,
273,문경,2024-05-26,18.4,11.3,26.1,42.6,1.3,74.4,8.4,
273,문경,2024-05-27,18.4,14.3,23,.3,3,59.9,10.5,
273,문경,2024-05-28,17.2,11.1,23.7,,1.5,68.8,7.4,
273,문경,2024-05-29,19.3,9.5,27.5,,1.3,64.3,12.6,
273,문경,2024-05-30,19.9,14.9,26,,1,70.4,2.7,
273,문경,2024-05-31,21.6,16.1,26.9,,1.8,52.3,12.4,
273,문경,2024-06-01,19.8,14.5,24.3,,2.1,60,6.6,
273,문경,2024-06-02,18.6,12.6,25.1,0,1.8,66,9.5,
273,문경,2024-06-03,18.5,11.7,25.2,,1.5,71.5,9.8,
273,문경,2024-06-04,18.6,11.1,25.6,,1.5,66.3,12.7,
273,문경,2024-06-05,20,11.5,27.6,,1.2,66.5,11,
273,문경,2024-06-06,20.4,14.6,27.1,,1.2,61.6,8.9,
273,문경,2024-06-07,21.3,13.3,28.3,,.9,67.6,10.1,
273,문경,2024-06-08,19.2,18.4,20.5,1.8,.8,90,0,
273,문경,2024-06-09,22.7,16.8,29.7,,1.2,75.4,9.9,
273,문경,2024-06-10,24.3,17.2,31.7,,1.5,62.9,11.2,
273,문경,2024-06-11,25.5,18.2,32.3,,1.8,61,12.5,
273,문경,2024-06-12,26.8,19.1,33.4,,2.1,47.6,12.7,
273,문경,2024-06-13,26.4,20,33.5,,1.6,53.4,11.6,
273,문경,2024-06-14,25.8,17.7,32.6,,1.2,60.9,10.8,
273,문경,2024-06-15,24,19.7,29.6,8,1.2,75.9,4.1,
273,문경,2024-06-16,23.7,18.1,29.3,,2.1,59.8,12.4,
273,문경,2024-06-17,22.8,15.4,29.2,,1.2,57.6,7.8,
273,문경,2024-06-18,25.9,17.7,32.9,,1.9,46,12.8,
273,문경,2024-06-19,26.4,19.1,35,,1.4,58.4,11.4,
273,문경,2024-06-20,23.8,18.2,30.2,,1.4,66.6,6.7,
273,문경,2024-06-21,24.4,16.4,30.9,,1.2,69.5,10.9,
273,문경,2024-06-22,22.1,21.3,23.4,21.9,.5,94.6,0,
273,문경,2024-06-23,24,21.8,28.4,6.1,1.1,88,3.2,
273,문경,2024-06-24,24.9,20.6,30.9,0,1.9,70.9,8.4,
273,문경,2024-06-25,21.7,16.4,27.1,,1.9,64.6,7.9,
273,문경,2024-06-26,22.8,16,29.8,,1.2,65.5,12.4,
273,문경,2024-06-27,20.9,15.9,26.3,,1,80.6,3.6,
273,문경,2024-06-28,23.8,14.7,31.9,,1.2,65.1,11.9,
273,문경,2024-06-29,23.9,18.7,30.5,65.5,1.6,79.5,6.8,
273,문경,2024-06-30,24.5,22.2,27.9,12.8,1.4,89.4,1.9,
273,문경,2024-07-01,25.9,20.2,31.6,,1.3,72.4,11.1,
273,문경,2024-07-02,21.7,20.9,22.6,63.9,.6,98.6,0,
273,문경,2024-07-03,25.3,22.2,29.7,23.8,.8,84.8,2.4,
273,문경,2024-07-04,26.1,21.2,32.3,,1.1,76.5,8.4,
273,문경,2024-07-05,25.5,22.2,29.5,2.3,1.8,74.8,5.2,
273,문경,2024-07-06,26.2,21.5,30.4,0,.9,81.5,1,
273,문경,2024-07-07,24.7,22.5,28.3,33.4,1.2,94.5,0,
273,문경,2024-07-08,23.6,22.6,24.6,107.1,1,99.1,0,
273,문경,2024-07-09,23.1,21.9,25.1,9.3,1,98.9,0,
273,문경,2024-07-10,23.9,20.2,27.2,55.1,1.4,91.1,1.7,
273,문경,2024-07-11,25.8,22.2,30.1,,.9,84.6,5.9,
273,문경,2024-07-12,26,22.5,30.9,,1.5,80.3,11.8,
273,문경,2024-07-13,26,21.5,31,,1.3,79.9,8.9,
273,문경,2024-07-14,23.9,22.7,26.9,.1,1.4,86.8,0,
273,문경,2024-07-15,25,21.9,29,,1.2,83.3,1.6,
273,문경,2024-07-16,24.1,22.9,26.5,27,.8,93.4,0,
273,문경,2024-07-17,25.4,22.2,29.7,23.5,.9,92.6,1.2,
273,문경,2024-07-18,25.1,23.6,27.2,23.9,.8,95.6,0,
273,문경,2024-07-19,25.6,22.6,30.7,.5,.8,88.6,3.5,
273,문경,2024-07-20,24.5,21.2,27.4,5.7,.8,94.1,2.8,
273,문경,2024-07-21,27.3,22.7,32.1,12.1,1.6,79.1,6.1,
273,문경,2024-07-22,27.9,23.9,31.9,,.9,82.5,5.1,
273,문경,2024-07-23,26.7,23.8,29,.5,1,83.1,.5,
273,문경,2024-07-24,26.2,23.5,31.1,34.1,.7,94.8,3.3,
273,문경,2024-07-25,27.5,23.6,33.1,0,.9,86.5,7.1,
273,문경,2024-07-26,27.8,24.5,32.7,.3,1.4,86.4,3.2,
273,문경,2024-07-27,27.2,24.9,32.7,12.9,.9,91.9,1.1,
273,문경,2024-07-28,28.2,24.6,33.6,,.9,84.9,7.5,
273,문경,2024-07-29,27.7,24,31.7,,2,77.8,6.2,
273,문경,2024-07-30,27.7,24.2,32.1,,1.5,80.6,5.5,
273,문경,2024-07-31,28.1,23.2,33,,1.1,80.3,8.5,
273,문경,2024-08-01,28.6,24.8,33.4,,.8,80.1,5.9,
273,문경,2024-08-02,29.2,24.7,34,,.7,83.1,8,
273,문경,2024-08-03,29.3,25.9,34.4,0,1,80.8,8.1,
273,문경,2024-08-04,29.1,24.2,35.3,,.9,78.8,10.8,
273,문경,2024-08-05,27,22.8,33.7,39.8,1.1,86.6,4.7,
273,문경,2024-08-06,26.8,22.4,33.3,,1,87.1,9.8,
273,문경,2024-08-07,27.5,22.9,33.9,,.9,82.9,8,
273,문경,2024-08-08,27,23.7,31.6,,1,83.6,3.8,
273,문경,2024-08-09,27.4,22.6,32.9,,1.1,82.1,11.9,
273,문경,2024-08-10,27.1,23,33.4,,1,83.9,8.6,
273,문경,2024-08-11,27.6,23.7,33,,1,80.9,8.9,
273,문경,2024-08-12,28,22.8,33.8,,1,78.6,11.6,
273,문경,2024-08-13,27.5,22.9,33.2,,1,78.5,11.5,
273,문경,2024-08-14,27.2,22.5,33.3,,1,75,11.1,
273,문경,2024-08-15,27.3,22,33.1,,1.1,76,12,
273,문경,2024-08-16,26.7,22,32.5,,1.2,80.3,8.3,
273,문경,2024-08-17,27.4,22.3,33.7,17,1.2,79.8,10.6,
273,문경,2024-08-18,26.7,22.5,32.5,,1,83.4,10.6,
273,문경,2024-08-19,27.3,22.6,32.7,0,1,79.8,10.3,
273,문경,2024-08-20,28.1,25.5,32.6,.4,1.1,84.8,4.7,
273,문경,2024-08-21,26.7,24.8,28.9,12.7,.4,96.1,.2,
273,문경,2024-08-22,26.7,23.7,31,3.7,.8,93.6,1.3,
273,문경,2024-08-23,26.1,22.5,31.8,0,1.3,84.5,7.6,
273,문경,2024-08-24,27.1,22.5,33,,1,82.1,10,
273,문경,2024-08-25,27.3,22.6,33.2,0,.8,81.5,9.7,
273,문경,2024-08-26,26.6,22.6,31,21,.8,84.9,1,
273,문경,2024-08-27,24,20.6,27.9,0,.7,92.3,0,
273,문경,2024-08-28,24.3,18.8,30.4,,1.2,81.8,4.1,
273,문경,2024-08-29,25.5,20,31.7,1.3,1.3,81.8,7.1,
273,문경,2024-08-30,27.7,21.4,32.9,,2.1,70.9,10.6,
273,문경,2024-08-31,26,20.6,31.8,,1.1,74.8,11.8,
273,문경,2024-09-01,25.5,21.1,31.5,,1.1,74.3,9.9,
273,문경,2024-09-02,23.9,19.9,27.5,,.6,84.9,2.2,
273,문경,2024-09-03,24.1,19.5,29.7,,1.2,71,8.8,
273,문경,2024-09-04,23.1,17,30.1,,1.1,76.4,11.9,
273,문경,2024-09-05,25,18.1,32.7,0,1.2,78.8,7.5,
273,문경,2024-09-06,24.2,21.7,27.2,0,.8,87.3,0,
273,문경,2024-09-07,23.4,20.4,27.7,0,.6,92.8,2.6,
273,문경,2024-09-08,26.6,22.4,32.5,,1,81.6,7.7,
273,문경,2024-09-09,26.7,23.2,32.5,,.8,77.3,7.3,
273,문경,2024-09-10,26.4,20.9,34,,1,75.5,11.6,
273,문경,2024-09-11,25.8,21.5,32.1,55.5,1,85.5,2.2,
273,문경,2024-09-12,24.7,23.2,26.6,3.6,.3,98.4,0,
273,문경,2024-09-13,26.2,23.1,31.5,,.8,90.8,3.8,
273,문경,2024-09-14,27.5,22.9,32.9,,.7,83.6,7.1,
273,문경,2024-09-15,27.1,23.7,33.4,,1.7,79.1,7,
273,문경,2024-09-16,25.2,21.3,28.8,0,.8,85.4,.7,
273,문경,2024-09-17,27.5,23.7,34,0,.7,86.1,6.7,
273,문경,2024-09-18,26.2,23.4,33,3.2,1,89.4,3,
273,문경,2024-09-19,25.5,23.2,28.5,,.5,94,.2,
273,문경,2024-09-20,25.1,23.8,26.8,26,.7,98.8,0,
273,문경,2024-09-21,19.8,18.6,24.4,102.5,.8,99.6,0,
273,문경,2024-09-22,20.4,16.2,25.4,,.8,87.1,.7,
273,문경,2024-09-23,17.5,12.8,24.4,,1.5,78.5,10.5,
273,문경,2024-09-24,18,11.5,25.1,,1,82.5,10,
273,문경,2024-09-25,20.6,16.2,26.5,,.9,85.6,7.8,
273,문경,2024-09-26,22.2,18.5,27.5,,.8,85.5,5.1,
273,문경,2024-09-27,22.1,17.8,28.7,,.9,83.3,9.1,
273,문경,2024-09-28,21.1,17.6,26.3,0,1.1,82,2.3,
273,문경,2024-09-29,19.6,14.7,25.9,,1.4,81.8,7.4,
273,문경,2024-09-30,18.2,12.1,26,,1.1,78.3,10.7,
276,청송군,2024-05-20,17.3,8.7,26.4,,1.5,67.4,5.8,19.56
276,청송군,2024-05-21,15.5,10,21.1,,2.2,74.3,3.9,16.83
276,청송군,2024-05-22,18.7,9.7,29,,1.3,65.4,9.5,28.54
276,청송군,2024-05-23,20.7,12.5,30.6,,1.7,57.4,12,28.96
276,청송군,2024-05-24,17.7,9.8,25.1,,1.9,56.1,12,27.39
276,청송군,2024-05-25,16.8,11.3,22.4,,2,50.1,7.9,23.87
276,청송군,2024-05-26,19.3,8.5,28.9,9.9,1.5,63.1,9.2,25.93
276,청송군,2024-05-27,18.6,13.5,22.9,1,3.6,53.1,8.9,25.05
276,청송군,2024-05-28,15.3,8,22.6,,1.6,62.8,8.4,23.49
276,청송군,2024-05-29,17.3,5.5,28.3,,1.2,60.4,13,29.86
276,청송군,2024-05-30,18.3,10.9,27.4,,1.1,65.8,3.3,16.95
276,청송군,2024-05-31,20.2,13.1,28,,1.6,52.1,11.3,28.88
276,청송군,2024-06-01,17.6,11.2,25.2,,2,66,6,19.95
276,청송군,2024-06-02,16.5,10.6,24.2,.3,1.7,68,5.7,21.55
276,청송군,2024-06-03,16.8,10.7,23.8,,1.5,65.9,8.2,23.29
276,청송군,2024-06-04,16.2,7.9,25.3,,1.4,61.9,10.7,29.8
276,청송군,2024-06-05,18.2,7,28.3,,1.5,55,11.3,27.55
276,청송군,2024-06-06,18.5,10.2,27.6,,.8,56.9,6.9,19.2
276,청송군,2024-06-07,20.4,9.8,29.6,,1.4,58.3,9.8,24.31
276,청송군,2024-06-08,19,16.4,23.5,5,1.1,79.6,.1,6.86
276,청송군,2024-06-09,21.6,16.3,29,.3,1,69.5,8.6,24.53
276,청송군,2024-06-10,23.1,14.4,32.2,,1.5,60.3,11.1,28.45
276,청송군,2024-06-11,24,15.2,33.2,,1.6,58.6,13.1,30.07
276,청송군,2024-06-12,24.2,15.7,33.9,,1.5,55.1,13.2,30.41
276,청송군,2024-06-13,23.9,15.2,34.9,,1.3,57.1,10.9,28.45
276,청송군,2024-06-14,24.7,15,35.1,,1.4,53.5,9.6,25.32
276,청송군,2024-06-15,22.2,16.7,31.8,11.6,1.1,71.6,4.6,17.04
276,청송군,2024-06-16,22.6,15.3,30,,2,59.3,9,25.18
276,청송군,2024-06-17,20.5,12.7,28.9,,1.2,61.5,6.8,18.98
276,청송군,2024-06-18,23.8,13.5,34.3,,1.4,53.5,13.4,30.33
276,청송군,2024-06-19,25.2,14.8,36.6,,1.2,54.1,12.3,27.99
276,청송군,2024-06-20,23.5,16.2,31.8,,1.5,55.1,7,20.75
276,청송군,2024-06-21,23.9,16.4,31.5,,1.6,61.8,7.7,22.51
276,청송군,2024-06-22,21.5,18.7,23.6,10,.9,83.9,0,5.01
276,청송군,2024-06-23,23.1,20.3,28.4,4.8,1.2,81.9,2.2,8.54
276,청송군,2024-06-24,23.7,19.2,31.1,.6,1.6,70.1,5.7,19.31
276,청송군,2024-06-25,21.4,15.8,27.6,,2.6,58.9,7.8,23.8
276,청송군,2024-06-26,20.7,12.8,29.2,,1.4,62.6,11.9,25.9
276,청송군,2024-06-27,20.3,13.2,27.8,,.8,68.1,1.9,15.25
276,청송군,2024-06-28,23.5,15.1,33,,1.5,63.5,11.5,30.18
276,청송군,2024-06-29,24.5,17.5,33.1,15.6,1.7,69.5,7.1,20.73
276,청송군,2024-06-30,24.8,21.2,28.8,19.1,2.2,77.8,.7,11.13
276,청송군,2024-07-01,25.6,20,32.2,,1.3,65.6,10.9,27.16
276,청송군,2024-07-02,22,20.2,24.9,24.4,.9,85.1,.1,4.72
276,청송군,2024-07-03,26.2,21.2,31.4,6.9,2.3,70.9,4.2,15.7
276,청송군,2024-07-04,25.9,19.3,33.3,,1.6,68.8,8.2,25.98
276,청송군,2024-07-05,26.2,20.9,31,1.9,2.7,64,8.4,26.38
276,청송군,2024-07-06,26.7,20.1,32.4,,1.1,69.3,4,17.21
276,청송군,2024-07-07,25.9,24.2,29,.9,1.5,78.3,.7,9.26
276,청송군,2024-07-08,24,23.2,25.7,75.2,1.4,86.1,0,5.24
276,청송군,2024-07-09,23.3,21.7,25.1,9.9,1.2,85,.1,6.4
276,청송군,2024-07-10,23,20.6,26.9,47.5,1.6,80.6,.7,12.25
276,청송군,2024-07-11,24.6,20.1,30,,.8,77,3.4,18.66
276,청송군,2024-07-12,25.2,19.9,31.4,,1.1,72.3,8.5,24.37
276,청송군,2024-07-13,24.1,17.5,30.6,,1.9,69.6,10.7,26.16
276,청송군,2024-07-14,22.8,20.5,24.4,12.6,.9,81.6,0,6.04
276,청송군,2024-07-15,23.7,20.5,27.4,,1.2,77.3,.7,11.35
276,청송군,2024-07-16,24.5,21.1,30.6,17.7,1.3,78.6,2.2,14.94
276,청송군,2024-07-17,25.4,21.8,31.4,2.4,1.1,78.4,2.4,16.57
276,청송군,2024-07-18,26,23.3,29.2,1.9,1.7,77.1,.2,8.11
276,청송군,2024-07-19,25.8,21.4,29.4,,1.5,75.4,2.1,11.63
276,청송군,2024-07-20,25.2,20.8,30.4,3.4,1.1,78.4,6.7,16.33
276,청송군,2024-07-21,27.3,23.9,32.7,.6,2.5,70.6,6.7,20.09
276,청송군,2024-07-22,28.2,23.5,33.8,,1.2,71.1,9.1,22.43
276,청송군,2024-07-23,27.9,24.5,31.8,0,2.1,68.1,3.4,13.88
276,청송군,2024-07-24,26.6,22.5,33.6,18,1.1,87.5,,
276,청송군,2024-07-25,28.3,23.6,34.2,,1,87,6.8,20.62
276,청송군,2024-07-26,28.3,23.7,34.3,,1.2,85.4,8.7,21.04
276,청송군,2024-07-27,28.2,24.4,34.1,.5,1.3,88.9,3.5,17.33
276,청송군,2024-07-28,28.8,23.7,34.3,,1.3,85,10.3,25.62
276,청송군,2024-07-29,28.5,23.6,33.5,,3.2,80.9,9.2,25.86
276,청송군,2024-07-30,28,24,32.5,,2.1,84.8,5.2,19.66
276,청송군,2024-07-31,28.1,22.1,35.1,,1.7,83.3,11.9,28.64
276,청송군,2024-08-01,28.4,22.6,34.8,,1.5,82.8,10.5,25.08
276,청송군,2024-08-02,29.4,23.5,35.9,,1.4,84.3,9.8,24.63
276,청송군,2024-08-03,29.8,24.4,36.4,,1.4,84.5,9.6,21.22
276,청송군,2024-08-04,27.9,24.1,35.2,,1.4,87.9,6,19.3
276,청송군,2024-08-05,26.8,22.7,34.7,2.4,1.2,92,5.4,16.51
276,청송군,2024-08-06,27.1,22.1,35.2,,1.2,87.6,7.6,22.76
276,청송군,2024-08-07,28.3,23.4,35.7,,1.2,84.1,8.4,23.37
276,청송군,2024-08-08,27.6,22.6,34.2,,1.3,86,6.8,19.91
276,청송군,2024-08-09,27.4,22.5,35.5,,1.3,83.3,8,22.87
276,청송군,2024-08-10,26.9,20.7,35.4,,1.6,80,11.2,27.39
276,청송군,2024-08-11,27.1,20.2,35.7,,1.4,81.6,10.2,26.11
276,청송군,2024-08-12,26.6,19.8,35.9,,1.7,80.1,10.4,26.87
276,청송군,2024-08-13,26.2,19.8,34.6,,1.4,82.3,10.3,26.79
276,청송군,2024-08-14,26.2,19.6,34.4,,1.6,80.3,10.6,26.95
276,청송군,2024-08-15,26.1,20.2,33.4,,1.6,83.5,7.8,21.19
276,청송군,2024-08-16,25.8,20.4,33.8,,1.5,85.5,5.6,17.99
276,청송군,2024-08-17,26.5,21.5,34.5,,1.5,83,7.4,19.45
276,청송군,2024-08-18,26.7,20.8,34.2,,1.6,79.9,9.6,24.38
276,청송군,2024-08-19,27.8,20.2,36.1,0,1.5,82.3,7.1,20.75
276,청송군,2024-08-20,28,23.5,33.7,0,1.3,88,1.8,11.89
276,청송군,2024-08-21,28,25.3,32.8,0,1.8,88.8,.5,9.57
276,청송군,2024-08-22,28.7,22.9,35.4,.5,1.8,82.9,5.2,16.08
276,청송군,2024-08-23,27.6,22.4,35,,2.1,79.6,10.7,23.85
276,청송군,2024-08-24,27.8,20.5,36.4,,1.3,78.4,10.5,22.5
276,청송군,2024-08-25,27.3,23,35.7,.9,1.4,87,6.4,18.56
276,청송군,2024-08-26,27.4,23.6,35,.3,1.3,87.1,2.7,14.69
276,청송군,2024-08-27,24.1,20.4,30.7,6.9,1,95.6,.5,6.92
276,청송군,2024-08-28,24.4,18.9,29.6,,2.2,83,4,14.84
276,청송군,2024-08-29,25.9,22.6,30.6,8.1,2.2,89.6,4.5,16.23
276,청송군,2024-08-30,26.4,21.5,33,,1.7,83,7.1,19.7
276,청송군,2024-08-31,24.4,19.6,32.5,,1.5,84.8,7.2,21.75
276,청송군,2024-09-01,25.1,19.1,32.9,,1.3,79.9,8.9,23.14
276,청송군,2024-09-02,24.3,17.6,31.8,.1,1.2,81.9,4,13.61
276,청송군,2024-09-03,23.2,16.8,29.1,,2.2,74.8,7.1,20.11
276,청송군,2024-09-04,22.5,15.4,31.4,,1.5,77.6,10.4,24.72
276,청송군,2024-09-05,25.4,14.7,34.6,,1.8,74,10.4,22.63
276,청송군,2024-09-06,23.6,21.3,25.6,10.3,.8,94.8,0,3.96
276,청송군,2024-09-07,23.5,20.9,28.5,.6,.9,96.4,2,9.47
276,청송군,2024-09-08,25.5,22.6,31.2,,1.6,89.4,5,17.37
276,청송군,2024-09-09,25.8,21,32.8,,1.6,84.4,8.9,20.82
276,청송군,2024-09-10,26.7,20,36.4,,1.3,83.9,7,20.93
276,청송군,2024-09-11,25.1,21.9,33.3,16.7,.9,93.5,.9,9.48
276,청송군,2024-09-12,26.1,23.4,30.6,.2,1.2,94.4,.4,10.8
276,청송군,2024-09-13,27.4,23.4,34.1,,1.2,87,8.2,19.69
276,청송군,2024-09-14,26.9,22.9,34,,1.7,87.4,8.4,19.67
276,청송군,2024-09-15,25.4,21.8,29.5,0,1.9,88.5,1.5,9.06
276,청송군,2024-09-16,25.2,23,29.1,,1.6,88.1,0,7.68
276,청송군,2024-09-17,27.1,22.9,35.9,2,1,88.5,6.5,17.19
276,청송군,2024-09-18,26.4,22.2,34,88.4,1.3,90.9,5.7,14.26
276,청송군,2024-09-19,26.7,22.4,33.3,,.9,91.6,4.3,15.7
276,청송군,2024-09-20,25.6,24,29.4,11.4,1,97.1,0,4.62
276,청송군,2024-09-21,19.7,18.4,24,93.9,1.1,100,0,2.35
276,청송군,2024-09-22,20.1,17.5,23.3,0,2,85.1,1,10.76
276,청송군,2024-09-23,16.9,10.4,22.6,,1.9,78.8,11.2,23.32
276,청송군,2024-09-24,17.5,10.2,26,,1.3,86.5,8.8,19.68
276,청송군,2024-09-25,20.6,14.7,28.3,0,1.1,87.8,5.2,15.79
276,청송군,2024-09-26,21.1,15.4,29.1,,.9,88.3,8,18.53
276,청송군,2024-09-27,20.9,17.1,28.5,,1.1,90.8,4,13.74
276,청송군,2024-09-28,19.1,16,23.3,.1,1.6,92.9,.2,7.96
276,청송군,2024-09-29,18.5,12.4,25.2,,1.8,84.4,6.9,16.59
276,청송군,2024-09-30,17.7,11.6,27.2,,1,86.6,6.8,17.76
277,영덕,2024-05-20,14.8,10.3,21,,2.7,84.9,3.3,
277,영덕,2024-05-21,14.6,10.8,19.7,,3,82,3.4,
277,영덕,2024-05-22,17.5,9.4,23.2,,2.2,75.4,11.6,
277,영덕,2024-05-23,25.4,19.4,32.1,,3.7,43.9,12.1,
277,영덕,2024-05-24,17.8,15.7,23.6,,4.8,66.8,9.6,
277,영덕,2024-05-25,16.1,11.5,20.7,,1.8,71.5,7.4,
277,영덕,2024-05-26,19.2,10.2,27.1,3.5,2.4,79.1,8.2,
277,영덕,2024-05-27,20.3,17,23.8,2.2,3.4,55.3,8.8,
277,영덕,2024-05-28,15.9,9.9,20.3,,4.3,70.4,11.1,
277,영덕,2024-05-29,19.1,8.5,28.6,,2.6,61.9,13.2,
277,영덕,2024-05-30,19.6,14.7,28.7,,1.9,62.9,2.6,
277,영덕,2024-05-31,20.2,14.8,25.9,,2,63.3,10.7,
277,영덕,2024-06-01,18,14.6,22.9,0,2.8,74.8,5,
277,영덕,2024-06-02,16.4,13.3,20.3,0,2,82.4,4.4,
277,영덕,2024-06-03,17.1,12.7,22.7,.2,2.6,78.4,12.6,
277,영덕,2024-06-04,16.4,11.8,23,,2.1,78.3,11.2,
277,영덕,2024-06-05,17,9.8,23.4,,2,75.4,12.6,
277,영덕,2024-06-06,18.3,13.1,24.9,,1.4,82,5.7,
277,영덕,2024-06-07,19.6,12.1,27.9,,2.1,75.9,10.3,
277,영덕,2024-06-08,19.8,17.1,23.4,6.9,1.6,83.1,0,
277,영덕,2024-06-09,20.1,16.9,24.7,,1.8,88.1,9.8,
277,영덕,2024-06-10,25.2,17,31.8,,2.5,59.3,12.4,
277,영덕,2024-06-11,26.8,20.3,34,,2.6,52.9,13,
277,영덕,2024-06-12,25.9,20,33.2,,2.4,55.1,13.4,
277,영덕,2024-06-13,23.5,18.5,31.7,,2.2,68.3,10.2,
277,영덕,2024-06-14,23.9,16.6,30.1,,2.2,66,12.7,
277,영덕,2024-06-15,22.8,19.1,30.4,11,1.8,77.5,7.1,
277,영덕,2024-06-16,22.7,18.6,30.1,,2.9,72.3,13.3,
277,영덕,2024-06-17,24.8,20.2,29.3,,2.5,47.5,7.2,
277,영덕,2024-06-18,25.6,19.8,33,,2.5,46.5,13.6,
277,영덕,2024-06-19,27.1,19.6,34.3,,2.3,49.5,12.7,
277,영덕,2024-06-20,25,19.1,32.5,,2.3,59.3,7.6,
277,영덕,2024-06-21,22.7,18.3,28.4,,1.8,76.5,11,
277,영덕,2024-06-22,20.6,18.8,24.1,22.7,1.4,94.8,0,
277,영덕,2024-06-23,21.4,19.8,23.6,6.4,.9,96.3,.7,
277,영덕,2024-06-24,24.1,19.9,31.1,7.3,1.6,79.5,6.2,
277,영덕,2024-06-25,23.1,19.2,28.1,,2.9,58.4,10.1,
277,영덕,2024-06-26,22.2,17.2,27.7,,2.1,63.3,13.2,
277,영덕,2024-06-27,22.2,16.3,27.8,,1.7,72.5,2.8,
277,영덕,2024-06-28,22.1,16.4,27.8,,1.8,80.3,13.9,
277,영덕,2024-06-29,23.9,18.3,29.8,12.5,2.4,80.6,9,
277,영덕,2024-06-30,24.6,19.9,28.7,4.9,2.6,85.9,.5,
277,영덕,2024-07-01,24.8,19.4,30.3,,1.9,77.1,13,
277,영덕,2024-07-02,20.8,20.3,21.6,31.9,1.9,97.9,0,
277,영덕,2024-07-03,26.8,20.4,31.3,1.6,2.4,73.4,4.5,
277,영덕,2024-07-04,27.6,24.2,33.1,,3.1,64.8,11.8,
277,영덕,2024-07-05,27.9,24.7,30.7,.3,4.5,62,11,
277,영덕,2024-07-06,28,24.1,31.3,,1.7,69.6,3.4,
277,영덕,2024-07-07,26.2,22.4,29.7,1,1.6,80.4,0,
277,영덕,2024-07-08,,,,,,,0,
277,영덕,2024-07-09,22.9,21.4,25,6.5,1.3,96,0,
277,영덕,2024-07-10,21.7,19.9,26.2,44.1,1.9,94,.6,
277,영덕,2024-07-11,22,20.3,26.2,,1.1,92.4,2.8,
277,영덕,2024-07-12,24.1,20.7,28.5,,1.5,87.8,11.9,
277,영덕,2024-07-13,22.5,18.4,27,,1.3,90.5,7.8,
277,영덕,2024-07-14,21.6,20.6,23,21.7,2.6,99,0,
277,영덕,2024-07-15,22.2,20.4,25.4,,2.5,92.5,.1,
277,영덕,2024-07-16,23.5,21.3,26.6,9.6,1.1,92.1,2.2,
277,영덕,2024-07-17,25,22,30.2,3.8,1.3,88.3,1.5,
277,영덕,2024-07-18,26,23.2,29.6,.3,2.6,82.6,.4,
277,영덕,2024-07-19,27.5,24.6,30.1,0,2.2,72.6,4.5,
277,영덕,2024-07-20,,24.5,30.8,.6,2.4,,,
277,영덕,2024-07-21,29.3,26.1,32.7,.2,3.4,66,7.3,
277,영덕,2024-07-22,29.7,26.4,34.4,,2.2,69.8,10.4,
277,영덕,2024-07-23,28.2,25.7,32.4,0,2.1,74.1,4,
277,영덕,2024-07-24,28,24.3,32.8,0,1.9,79.8,5.9,
277,영덕,2024-07-25,28.3,25.2,32.1,0,1.8,78.9,9,
277,영덕,2024-07-26,28,24.3,31.3,,2.2,78.9,12.2,
277,영덕,2024-07-27,29.2,24.5,34.4,,1.5,75.4,9,
277,영덕,2024-07-28,29.9,24.6,34.6,,2.2,70.4,12.8,
277,영덕,2024-07-29,30.4,27.4,34.2,,3.6,62.8,11.9,
277,영덕,2024-07-30,28.8,25.3,33.2,,3.5,70.3,7.3,
277,영덕,2024-07-31,29.5,25.1,35,,2.7,68.5,13.5,
277,영덕,2024-08-01,29.4,24.4,35.2,,2,70.4,13,
277,영덕,2024-08-02,30.9,26.6,35.9,,2.3,69.5,12.3,
277,영덕,2024-08-03,29.3,25.5,36.2,,1.6,77.1,8.5,
277,영덕,2024-08-04,27.3,24,32.9,,1.9,84.8,8.8,
277,영덕,2024-08-05,27,24.2,31.8,,1.3,84,8,
277,영덕,2024-08-06,26.4,23.5,32.1,,1.2,83.6,7,
277,영덕,2024-08-07,27.6,23.2,34.7,,1.8,80,12.3,
277,영덕,2024-08-08,27.2,23.8,35.6,,1.6,78.4,4.8,
277,영덕,2024-08-09,26.7,22.7,33.5,,1.7,78.5,12.4,
277,영덕,2024-08-10,26.1,20.8,31.6,,1.9,82.4,12.5,
277,영덕,2024-08-11,26.2,22.4,31.6,,1.6,81,10.2,
277,영덕,2024-08-12,25.8,21.3,31,,2,81,12.2,
277,영덕,2024-08-13,25.9,21.4,32.9,,2,81.8,9.9,
277,영덕,2024-08-14,26.3,21.6,32.9,0,2.6,81.4,12.1,
277,영덕,2024-08-15,26.4,22,33.5,,2.3,81.5,8.9,
277,영덕,2024-08-16,26.7,22.4,33.4,.1,2.2,82.4,6.3,
277,영덕,2024-08-17,26.6,23.5,32.4,4.1,1.8,84.4,9.3,
277,영덕,2024-08-18,26.4,22.4,32.2,,1.8,79.5,10.9,
277,영덕,2024-08-19,27.6,22.1,33.6,,1.6,80.3,10.5,
277,영덕,2024-08-20,27.7,24.8,32.5,1.8,1.2,88.3,2.9,
277,영덕,2024-08-21,28.6,25.9,32.4,0,2,79.1,1.7,
277,영덕,2024-08-22,29.3,24.6,34.4,,2.7,72.3,8.2,
277,영덕,2024-08-23,29.8,26.1,35.8,,3.1,59.6,12.3,
277,영덕,2024-08-24,28.2,23.3,35.9,,1.6,69.5,11.2,
277,영덕,2024-08-25,27.1,23.2,33.2,.1,2,80.9,8.2,
277,영덕,2024-08-26,27.1,24.2,32.3,,1.1,83.3,4.5,
277,영덕,2024-08-27,23.8,21.2,28.8,,2.7,89.1,.2,
277,영덕,2024-08-28,25.4,20.2,31.4,7.2,4.1,82.1,4.2,
277,영덕,2024-08-29,25.5,23.3,28.6,15.5,6.4,93.5,.9,
277,영덕,2024-08-30,26.2,21.9,31,.1,5.8,80.9,8.1,
277,영덕,2024-08-31,24.7,20.2,30.7,,2.9,80.4,10.1,
277,영덕,2024-09-01,25.1,21.1,33,,2.1,79.6,10.4,
277,영덕,2024-09-02,25.2,20.2,32.4,5.7,3.7,77.3,3.4,
277,영덕,2024-09-03,23.1,18.8,28,0,4,76.8,8,
277,영덕,2024-09-04,22.2,17.7,28.2,,1.9,78.5,12.1,
277,영덕,2024-09-05,27,17.6,34.6,,2.3,64.3,11.7,
277,영덕,2024-09-06,22.4,20.7,27.4,17.4,1.6,97.3,0,
277,영덕,2024-09-07,23.1,20.4,28.6,0,.7,90.1,1.7,
277,영덕,2024-09-08,24.4,22.8,27.2,0,1.4,91,.3,
277,영덕,2024-09-09,25,21.3,29.2,,1.3,86.3,8.8,
277,영덕,2024-09-10,25.6,21.3,31.2,,1.4,85.8,11.2,
277,영덕,2024-09-11,25.7,22.6,30.2,1.3,2,87.9,1,
277,영덕,2024-09-12,24.7,23.5,27.4,2.1,1,92.6,0,
277,영덕,2024-09-13,26.6,23.5,32.2,,1.5,86.5,8.6,
277,영덕,2024-09-14,25.3,23.3,29.6,,2.5,87.9,3.8,
277,영덕,2024-09-15,23.9,22.5,27.6,7.1,3.9,92.4,0,
277,영덕,2024-09-16,23.8,22.1,28.5,.2,3.6,89.1,.5,
277,영덕,2024-09-17,26.7,22.8,33.8,0,1.5,86.6,6.3,
277,영덕,2024-09-18,25.2,23.4,30.8,8.8,1.6,91.6,3.7,
277,영덕,2024-09-19,26.2,22.5,31.2,,1.5,87.9,4.5,
277,영덕,2024-09-20,25.5,18.6,30.6,10.1,2.2,88.8,.1,
277,영덕,2024-09-21,19.9,18.2,20.8,64.5,5.5,98.9,0,
277,영덕,2024-09-22,19.3,16.3,23.1,5.8,5.4,91.4,.9,
277,영덕,2024-09-23,17.6,12.9,22.6,,3.9,72.6,9.3,
277,영덕,2024-09-24,18.4,12.8,24.8,,2.2,79.3,6.1,
277,영덕,2024-09-25,21.5,17,26.4,0,1.4,84.1,8.6,
277,영덕,2024-09-26,22.2,17.3,27.5,,1.7,82,8.9,
277,영덕,2024-09-27,21.9,19.4,26.6,,2.6,84.8,7.3,
277,영덕,2024-09-28,19.7,17.8,21.9,5.8,3.6,90,.1,
277,영덕,2024-09-29,19.9,15.9,24.4,,2.6,81,7.9,
277,영덕,2024-09-30,18.7,14,24.8,,1.4,87,4.4,
278,의성,2024-05-20,19,11.3,26.6,,.9,71.9,5.7,
278,의성,2024-05-21,17.4,12.4,24.7,,.9,79.8,3.9,
278,의성,2024-05-22,19.7,10.6,29.3,,.9,72.8,10.4,
278,의성,2024-05-23,21.6,14.2,31.3,,1.1,67.3,11.8,
278,의성,2024-05-24,19.9,10.9,28.5,,1,60.6,9.9,
278,의성,2024-05-25,19.5,15.8,24.8,,1.1,50.3,3.8,
278,의성,2024-05-26,20.2,11.1,28,11.7,1.6,71.3,8.4,
278,의성,2024-05-27,19.6,13.2,23.9,0,2.6,61.3,7.8,
278,의성,2024-05-28,16.5,9.8,24.5,,1.4,70.9,7.3,
278,의성,2024-05-29,18.3,7.4,28.7,,.9,68,13.2,
278,의성,2024-05-30,19.7,12.7,26.5,,.7,74,2,
278,의성,2024-05-31,21.8,16.5,28.7,,1.4,60.9,11.5,
278,의성,2024-06-01,19.7,13.6,26.9,,1.3,68.4,8.4,
278,의성,2024-06-02,18.7,11.2,26.7,1.3,1.2,70.4,8.9,
278,의성,2024-06-03,19.1,13.5,26.3,,1.1,68.6,7.5,
278,의성,2024-06-04,19,9.8,27.3,,1.1,61.8,13.2,
278,의성,2024-06-05,20.4,10,30.3,,.9,59.3,11.7,
278,의성,2024-06-06,20.3,12.4,28.1,,.8,61.9,7.9,
278,의성,2024-06-07,22.6,12.3,30.3,,1,60.5,9.5,
278,의성,2024-06-08,20.1,18,23.6,10.4,.8,85.3,0,
278,의성,2024-06-09,22.2,18,29.2,0,.8,80.8,7.4,
278,의성,2024-06-10,24.1,15.5,32.6,,1.1,68.9,11.8,
278,의성,2024-06-11,25.1,16.4,34,,1.3,66,12.3,
278,의성,2024-06-12,25.1,17.4,34.1,,1,60,12.9,
278,의성,2024-06-13,25.6,16,35.4,,.7,57.1,12.3,
278,의성,2024-06-14,26.2,17.4,34.7,,1,59.5,12.2,
278,의성,2024-06-15,23.3,18.4,32.9,2.5,.9,82.1,6.4,
278,의성,2024-06-16,23.7,16.8,30.9,,1.5,66.5,11.3,
278,의성,2024-06-17,22.2,13.8,29.7,,.9,64.9,5.1,
278,의성,2024-06-18,25,14.4,35,,1.2,59.5,13,
278,의성,2024-06-19,26.5,15.8,37.1,,.9,58.1,11.8,
278,의성,2024-06-20,24.3,17.1,31.7,,1,60.5,5.9,
278,의성,2024-06-21,24.8,16.5,31.6,,.9,68.3,7.4,
278,의성,2024-06-22,22.8,21.1,24.1,17.4,.4,94.6,0,
278,의성,2024-06-23,24.3,21.7,29,1.7,1,92.1,2.7,
278,의성,2024-06-24,25,20.5,32.8,5.7,1.2,74.4,5.9,
278,의성,2024-06-25,22.2,16.8,28.4,,1.8,66.8,10.5,
278,의성,2024-06-26,22.4,14.5,30.5,,.8,68.9,11.9,
278,의성,2024-06-27,21.5,15.4,26.9,,.7,78.6,1.2,
278,의성,2024-06-28,24.6,16,33.4,,.8,64.5,13.3,
278,의성,2024-06-29,24.8,19.2,32.2,10.7,1.1,81,7,
278,의성,2024-06-30,24.9,22.5,28.7,16.9,1.2,94.5,.5,
278,의성,2024-07-01,26.3,21.2,32.1,,1,73.9,10.6,
278,의성,2024-07-02,23.4,21.9,26.4,26.4,.7,96.8,.2,
278,의성,2024-07-03,27,21.7,32.6,10.7,1.8,78.9,6.6,
278,의성,2024-07-04,26.5,19.7,33.6,,1,78.3,8.6,
278,의성,2024-07-05,26.9,21.6,31.4,5.7,2.1,71.9,9.6,
278,의성,2024-07-06,27.5,21,33.5,,1.4,76.9,4.4,
278,의성,2024-07-07,26.4,24.5,28.8,30.7,.8,89.6,0,
278,의성,2024-07-08,24.4,23.6,25.8,71.8,.8,98.8,0,
278,의성,2024-07-09,23.7,22.4,25.4,20.4,.6,99.4,0,
278,의성,2024-07-10,23.4,21.1,26.5,68.7,1.1,95,.3,
278,의성,2024-07-11,25.1,21.4,30.2,.2,.6,87.1,3.2,
278,의성,2024-07-12,25.9,22,32.7,,.8,85.3,7.1,
278,의성,2024-07-13,25.9,20.2,32.3,,1,79.3,10.8,
278,의성,2024-07-14,24.7,22.5,27,.1,.9,83.5,.3,
278,의성,2024-07-15,25.4,22.3,29.6,,.8,82.6,2.1,
278,의성,2024-07-16,24.8,22.4,30.3,35.9,.7,91.1,1.7,
278,의성,2024-07-17,26.4,22.5,32.2,1.2,.8,86.8,1.3,
278,의성,2024-07-18,26.4,23.9,30.8,12.3,1.2,90.5,.5,
278,의성,2024-07-19,26.2,23,30,.1,.8,89.8,1.7,
278,의성,2024-07-20,26.1,22.7,30.5,4.3,.9,88.3,4.9,
278,의성,2024-07-21,28.7,24.7,33.9,1.9,1.6,79.4,8.6,
278,의성,2024-07-22,29.1,23.5,33.4,,1,76.8,7.8,
278,의성,2024-07-23,28.2,25.7,32.3,0,1.2,81.4,3.8,
278,의성,2024-07-24,28.1,24.4,32.5,0,.9,85.8,6.7,
278,의성,2024-07-25,28.9,24.9,34.7,,.8,81.6,7.1,
278,의성,2024-07-26,29,24.6,34.5,0,1.1,79.3,6.9,
278,의성,2024-07-27,28.5,25.4,33.4,.1,1,84.9,2.1,
278,의성,2024-07-28,29.4,24.6,34.8,,1.2,79.3,9.6,
278,의성,2024-07-29,29.3,23.5,34.7,,1.9,73.4,10.4,
278,의성,2024-07-30,28.2,24.5,33.5,,1.2,79.4,5.6,
278,의성,2024-07-31,28.7,22.5,34.8,,1.3,76.1,13.2,
278,의성,2024-08-01,29.3,23.4,35.2,,1.1,76.5,10.6,
278,의성,2024-08-02,30.2,24.7,36.5,,1.1,77.8,9.2,
278,의성,2024-08-03,30.5,25.2,36.8,,1.2,77.1,9.3,
278,의성,2024-08-04,28.2,24.6,36,2.6,.8,86.5,5.8,
278,의성,2024-08-05,27.3,22.8,34.9,61.2,.9,86.8,4.6,
278,의성,2024-08-06,26.9,22.1,34.1,,.9,85.6,5.9,
278,의성,2024-08-07,28.5,23.4,35.8,,.8,83.5,5.7,
278,의성,2024-08-08,28.1,24.5,33.6,,1,83.3,4.1,
278,의성,2024-08-09,28,23.5,34.8,,.8,80.3,8.7,
278,의성,2024-08-10,28,22.2,35.2,,.8,74.9,8.6,
278,의성,2024-08-11,28.4,21.7,35.1,,.8,74,10.2,
278,의성,2024-08-12,28.5,22.4,36.5,,.9,70.6,9.3,
278,의성,2024-08-13,27.8,21.2,36.2,,1.1,70.9,10.4,
278,의성,2024-08-14,27.6,20.8,36,,.9,71.5,9.2,
278,의성,2024-08-15,27.1,21.8,35.6,,.8,77.9,6.4,
278,의성,2024-08-16,26.5,21.2,33.6,,1.1,79,4.7,
278,의성,2024-08-17,27.2,21.7,34.9,,.8,77.9,5.2,
278,의성,2024-08-18,27.9,21.4,36.1,,1,71.6,9.5,
278,의성,2024-08-19,28.6,21.2,36.1,.1,.9,72.8,8.9,
278,의성,2024-08-20,28.6,24.6,34.7,.5,.9,83.3,2.3,
278,의성,2024-08-21,28.1,25.2,32.3,1.3,1.1,87.1,.1,
278,의성,2024-08-22,28.8,23.9,34.9,0,1.4,80.6,3.5,
278,의성,2024-08-23,27.8,22.4,35.2,,1.3,75.5,9.4,
278,의성,2024-08-24,28.4,21.4,36,,.9,73.1,9.9,
278,의성,2024-08-25,28.8,23.4,35.9,3,1,75.8,9.9,
278,의성,2024-08-26,27.9,24.1,34.6,.9,1,79.5,3.1,
278,의성,2024-08-27,25.2,22.1,32,0,.9,87,.7,
278,의성,2024-08-28,25.5,19.9,31.6,,1.5,75.5,3.6,
278,의성,2024-08-29,27.4,22.8,32.8,0,2.2,73.6,5.9,
278,의성,2024-08-30,27.7,22.3,34.6,,1.3,72.5,7.4,
278,의성,2024-08-31,26.1,19.6,34.3,,.9,73.4,10,
278,의성,2024-09-01,26.2,20.7,33.9,,1.1,70.6,8.5,
278,의성,2024-09-02,25.8,18.9,31.3,0,1,73.1,2.9,
278,의성,2024-09-03,25.3,18.9,31.4,0,1.4,63.1,4.7,
278,의성,2024-09-04,24.3,16.8,33.5,,.9,69.4,10.4,
278,의성,2024-09-05,26.9,17.4,34.7,,1.3,66.4,9,
278,의성,2024-09-06,25.4,22,28.8,6,.9,81.5,0,
278,의성,2024-09-07,23.9,21.4,28.1,1.6,.6,93.5,1.8,
278,의성,2024-09-08,27.2,23.7,33.6,,.9,80.3,5.2,
278,의성,2024-09-09,27.3,22.4,33.3,,.9,74.9,4,
278,의성,2024-09-10,27.7,20.4,36.4,,.8,71.6,11,
278,의성,2024-09-11,26.5,23.1,34.8,60.5,.9,86.4,1.2,
278,의성,2024-09-12,26.5,24,30.4,1.3,.7,91.3,.1,
278,의성,2024-09-13,27.9,25,33.7,0,.7,84.4,4.4,
278,의성,2024-09-14,28.7,23.6,35.4,,.9,77.5,9.4,
278,의성,2024-09-15,26.9,22.7,32.4,,1.4,79.3,4.4,
278,의성,2024-09-16,26.3,24.4,29,,1.3,80.1,0,
278,의성,2024-09-17,28.5,23.5,35.8,,.7,78.5,8.3,
278,의성,2024-09-18,27.5,23.5,35.8,12.5,.8,84.4,5.8,
278,의성,2024-09-19,27.2,23.1,33.2,,.6,89,2.7,
278,의성,2024-09-20,25.7,24.8,28.3,23,.4,99.4,0,
278,의성,2024-09-21,20.7,19.3,24.9,94.5,.9,98.6,0,
278,의성,2024-09-22,21.5,19.4,26.2,,1.7,77.9,2.8,
278,의성,2024-09-23,18.9,12.6,25.1,,1.6,67.5,8.1,
278,의성,2024-09-24,19,11.4,27.1,,.7,81,6.1,
278,의성,2024-09-25,22.1,16.4,28.7,0,.7,82.8,6.2,
278,의성,2024-09-26,22.3,17.5,29.7,0,.6,84.6,7.4,
278,의성,2024-09-27,22.5,18.6,29.5,,.7,82.6,5.2,
278,의성,2024-09-28,20.8,16.7,26.1,,1.3,82.4,1.8,
278,의성,2024-09-29,20.1,14.4,26.9,,1.2,75.1,7.6,
278,의성,2024-09-30,18.7,11.6,28.1,,.7,79.3,9.3,
279,구미,2024-05-20,20.6,13.9,27.8,,.9,54.1,8.1,
279,구미,2024-05-21,19,15.4,24.5,,1,69,4.6,
279,구미,2024-05-22,21.2,12.5,29.3,,.8,65.9,11,
279,구미,2024-05-23,23.8,17.2,31,,1,56.9,11.4,
279,구미,2024-05-24,22.3,15.8,30.1,,1.2,53,10.2,
279,구미,2024-05-25,19.4,16.4,22.7,,.8,50.8,0,
279,구미,2024-05-26,20.5,13,27.3,6.5,1.3,69,9,
279,구미,2024-05-27,20.3,16.4,24.2,.6,1.5,53.4,8.5,
279,구미,2024-05-28,18.6,13.7,25.8,,.9,59.1,8.5,
279,구미,2024-05-29,20.4,11.2,28.9,,.7,57.8,11.9,
279,구미,2024-05-30,20.9,15.9,26.8,,.5,63.8,1.3,
279,구미,2024-05-31,23.2,19.3,29.2,,1,46.9,10.5,
279,구미,2024-06-01,21.1,16.1,27,,1.1,50.6,10,
279,구미,2024-06-02,21.3,15.5,27.3,0,1.3,50.1,9.8,
279,구미,2024-06-03,20.3,15,26.9,,.9,59.9,7.2,
279,구미,2024-06-04,20.4,13.2,27.2,,.9,54.9,12.1,
279,구미,2024-06-05,22.3,13,29.5,,1,50.4,11.7,
279,구미,2024-06-06,22,16.2,29.1,,.9,53.5,10.3,
279,구미,2024-06-07,23.7,15.4,29.2,,.9,51.9,9.9,
279,구미,2024-06-08,20,18.3,23.4,3.6,1.1,79.5,0,
279,구미,2024-06-09,22.9,18.7,29.6,.1,.6,70.1,7.4,
279,구미,2024-06-10,25.8,17.9,33.3,,.7,59.9,11.6,
279,구미,2024-06-11,26.8,19.1,34,,1,53.4,12,
279,구미,2024-06-12,26.8,20.4,34,,.8,47.1,,
279,구미,2024-06-13,28.2,19.3,36.1,,.7,42.8,,
279,구미,2024-06-14,27.9,20.4,33.8,,.9,49.4,12,
279,구미,2024-06-15,24.4,20.9,31.9,7.8,.7,73.6,5.5,
279,구미,2024-06-16,25.1,19.3,31.3,,1,59.3,11.6,
279,구미,2024-06-17,23.8,18,29.4,,.5,57,6.1,
279,구미,2024-06-18,26.8,18.1,34.8,,.9,46.9,12.3,
279,구미,2024-06-19,28.2,19.7,36.7,,.5,46.5,11.7,
279,구미,2024-06-20,24.1,19.7,28.6,,.8,57.3,5.4,
279,구미,2024-06-21,25.9,17.8,32.1,,.8,59.5,9.6,
279,구미,2024-06-22,23.5,22.5,26,24.3,.7,86,0,
279,구미,2024-06-23,25.1,22.8,29.1,0,.7,80.5,3.8,
279,구미,2024-06-24,26.2,21.3,32.8,0,1.2,62.4,8.6,
279,구미,2024-06-25,24.1,19.4,28.9,,1.3,52.9,10.6,
279,구미,2024-06-26,23.9,17.4,30.5,,.8,57.1,11.5,
279,구미,2024-06-27,22.3,17.7,27.1,,.7,64.8,0,
279,구미,2024-06-28,26.1,17.6,32.8,,.7,57.3,12,
279,구미,2024-06-29,24.6,22.2,29.9,9.9,1.4,76.9,6.5,
279,구미,2024-06-30,25.1,22.7,28.2,17.8,.9,85.1,.3,
279,구미,2024-07-01,26.9,21.9,32.5,,.8,68.8,11.2,
279,구미,2024-07-02,24.3,22.1,27.1,19.7,.9,87.9,0,
279,구미,2024-07-03,27.2,23,32.6,8.2,1.2,73.4,8.2,
279,구미,2024-07-04,28,20.8,34.5,,.8,67.8,9.8,
279,구미,2024-07-05,27.5,23.7,32.1,3.9,1.3,67.8,11.2,
279,구미,2024-07-06,28.3,23.1,32.7,,1.1,70.4,7.9,
279,구미,2024-07-07,27.5,25.8,29.4,3.3,.6,80,.8,
279,구미,2024-07-08,24.9,23.4,27.8,39.2,.5,92,0,
279,구미,2024-07-09,23.8,22.7,25.5,33.6,.3,94.3,0,
279,구미,2024-07-10,23.3,20.8,25.7,133,.5,89.1,0,
279,구미,2024-07-11,25.3,22.5,29.3,,.3,80.8,2.4,
279,구미,2024-07-12,27,21.7,32,0,.6,70,4.6,
279,구미,2024-07-13,26.5,21.8,31.2,,.9,72,0,
279,구미,2024-07-14,24.5,22.9,26.8,2.3,.9,82.4,0,
279,구미,2024-07-15,25,22.4,28.4,,.7,78.1,0,
279,구미,2024-07-16,25.1,22.8,29.4,20.1,.9,81.6,0,
279,구미,2024-07-17,26.1,22.2,30.2,.1,.8,82.1,0,
279,구미,2024-07-18,27.1,24.8,30.6,11,1.3,78.6,,
279,구미,2024-07-19,26,24.1,30,.8,.4,84.9,,
279,구미,2024-07-20,26.6,23.4,29.4,16.9,.8,81.4,5.4,
279,구미,2024-07-21,28.4,23.9,33.6,6.4,.8,76.3,7.8,
279,구미,2024-07-22,29.2,24.4,33.5,,1,71.1,9.8,
279,구미,2024-07-23,28.7,26.1,31.4,0,.7,73.5,1.7,
279,구미,2024-07-24,27.6,24.9,32.1,.6,.6,81.6,6.2,
279,구미,2024-07-25,28.1,24.4,33.3,,.5,77.5,5.6,
279,구미,2024-07-26,29.2,25.8,33.5,.1,1.2,71.5,6.2,
279,구미,2024-07-27,29.3,26.7,33,.2,1.1,71.4,2.8,
279,구미,2024-07-28,29.5,25.3,34.2,,.7,72.4,9.9,
279,구미,2024-07-29,29.5,24.3,34.7,,.9,67.9,12,
279,구미,2024-07-30,29,23.9,34.4,,.9,69.3,11.5,
279,구미,2024-07-31,29.4,24.3,34.9,0,.7,71.1,10.5,
279,구미,2024-08-01,30,25.1,35.8,,.7,71.1,10.6,
279,구미,2024-08-02,30.4,26,35.9,,.8,72.8,9.9,
279,구미,2024-08-03,31.1,26.9,36.3,,.8,70,10.7,
279,구미,2024-08-04,30.2,26.1,36.4,0,.7,72.3,8.2,
279,구미,2024-08-05,28.2,23.7,35.1,8.7,.7,77.5,6.5,
279,구미,2024-08-06,28,23.4,34.8,,.6,76,8.7,
279,구미,2024-08-07,30,24.8,35.7,,.6,71,11.3,
279,구미,2024-08-08,29.2,25.7,33.7,0,.9,70.3,7.4,
279,구미,2024-08-09,29,23.7,35.4,,.8,67.4,11.3,
279,구미,2024-08-10,29.3,24,35.4,,.8,64.9,8.8,
279,구미,2024-08-11,29.7,24.5,34.9,,.9,64.1,8.8,
279,구미,2024-08-12,29.6,23.7,36.5,,.9,62.5,10.7,
279,구미,2024-08-13,28.7,22.9,35.3,,.8,62.9,11.6,
279,구미,2024-08-14,28.6,22.4,35.1,,.9,63.6,11,
279,구미,2024-08-15,28.3,24,35.2,0,.7,67.9,9.4,
279,구미,2024-08-16,28.5,23.3,34.2,,.7,66.3,7.9,
279,구미,2024-08-17,28.8,23.5,35.5,.4,.7,67.8,10.5,
279,구미,2024-08-18,29.3,23.5,34.4,,.8,62.1,11.1,
279,구미,2024-08-19,29.4,24,34.7,0,.9,65,10,
279,구미,2024-08-20,28.7,26.6,33.1,5.7,.8,77.3,2.4,
279,구미,2024-08-21,28.4,25.9,31.3,9,1.3,79,.6,
279,구미,2024-08-22,28.4,24.9,33.9,.7,.9,77.6,5,
279,구미,2024-08-23,28.5,22.9,34.4,,.7,68.5,9.3,
279,구미,2024-08-24,28.7,23.1,34.9,.1,.7,70.6,9.5,
279,구미,2024-08-25,28.5,23.5,34.4,.8,.6,72.6,7.4,
279,구미,2024-08-26,27.7,23.8,33,37,.8,76.4,3.1,
279,구미,2024-08-27,25.4,22.5,30,.7,.6,84.5,.1,
279,구미,2024-08-28,25.7,21.6,29.9,,.8,71.6,2.1,
279,구미,2024-08-29,27.3,24.1,33.2,0,1.2,69,4.9,
279,구미,2024-08-30,28.7,23.7,34.4,,1.2,63.1,11,
279,구미,2024-08-31,27.6,23.2,32.8,,1,60.6,11.5,
279,구미,2024-09-01,26.7,21.4,32.7,,.7,65.3,9.5,
279,구미,2024-09-02,26.2,21.4,30.2,0,.5,70.9,3,
279,구미,2024-09-03,25.5,21,30,,.9,60.8,2.2,
279,구미,2024-09-04,25.3,19.6,31.3,,.8,62,10.4,
279,구미,2024-09-05,27.4,20.3,35,,.6,64.1,9.8,
279,구미,2024-09-06,25.6,22.8,28.3,3.2,.5,79.4,0,
279,구미,2024-09-07,23.9,21.9,27.1,5,.3,89.5,1.8,
279,구미,2024-09-08,27.2,24,32.5,6.4,.6,76,7.4,
279,구미,2024-09-09,27.6,23.6,33.2,.3,.7,70.6,8.1,
279,구미,2024-09-10,27.6,22.1,34.7,,.7,71,10.9,
279,구미,2024-09-11,27.8,24.7,32.1,0,.7,76.1,1.8,
279,구미,2024-09-12,26.6,24.8,31.5,11.4,.5,85.9,.1,
279,구미,2024-09-13,28.2,24.7,33.4,0,.5,76.6,7.5,
279,구미,2024-09-14,28.6,23.7,33.8,,.7,72.4,9.9,
279,구미,2024-09-15,27.5,23.6,31.7,0,1.1,73,5.4,
279,구미,2024-09-16,26.8,24.7,30.3,,.7,72.3,.5,
279,구미,2024-09-17,28.9,23.9,35.9,,.6,70.3,10,
279,구미,2024-09-18,27.7,24.4,35.3,3.9,.7,79.1,6.3,
279,구미,2024-09-19,27.2,23.8,32,,.4,82.5,2.7,
279,구미,2024-09-20,25.5,24.8,26.7,33.8,.6,92.5,0,
279,구미,2024-09-21,21,19.9,25.5,103.9,.5,92.9,0,
279,구미,2024-09-22,21.9,19.8,26.3,0,.8,74.1,1.5,
279,구미,2024-09-23,20.1,14.7,25.7,,.8,59,8.8,
279,구미,2024-09-24,19.7,13.2,26.3,,.6,70.3,9,
279,구미,2024-09-25,21.5,16.7,27.9,,.5,75.6,8.5,
279,구미,2024-09-26,22.9,18.2,29.4,,.4,76.3,7.6,
279,구미,2024-09-27,23.3,19.7,29.3,,.4,74.8,7.1,
279,구미,2024-09-28,21.4,18.2,25.9,.4,.6,78.1,2.3,
279,구미,2024-09-29,20.3,15.2,27.5,,.7,72.3,6.1,
279,구미,2024-09-30,19.5,13.5,27.1,,.4,71,8.6,
281,영천,2024-05-20,18.9,11.4,28.5,,1.8,65,9.8,
281,영천,2024-05-21,16.2,11.7,21.1,,2.5,75.9,6.2,
281,영천,2024-05-22,19.8,9.2,29.2,,1.1,65.4,12.7,
281,영천,2024-05-23,23.4,15.4,31.3,,1.8,50.8,9.4,
281,영천,2024-05-24,19.2,13.9,23.2,,2.6,61.9,11.5,
281,영천,2024-05-25,18.5,15.7,22.6,,2.6,58.1,5.3,
281,영천,2024-05-26,20.1,12.1,26.8,7.9,1.7,73.8,7.2,
281,영천,2024-05-27,20.7,17.4,24.4,.5,3.1,56.5,9.1,
281,영천,2024-05-28,17.4,11.2,24.1,,1.8,63.8,4.9,
281,영천,2024-05-29,19.2,8.3,29,,1.2,63.5,12.8,
281,영천,2024-05-30,19.9,13.8,25.9,,1,66.4,.6,
281,영천,2024-05-31,22.1,16.9,29.2,,1.6,52.3,10.2,
281,영천,2024-06-01,20.3,16.2,27.2,,2.3,63.3,7.9,
281,영천,2024-06-02,18.1,12.1,25.9,1.8,2.1,73.6,8.5,
281,영천,2024-06-03,18,15,24.2,.1,1.9,73.9,7.5,
281,영천,2024-06-04,17.5,10.8,24.4,,1.6,71.1,11.2,
281,영천,2024-06-05,19.4,10.6,27.4,,1.5,62.5,12.2,
281,영천,2024-06-06,20.8,14,27.4,,1,64.8,3.8,
281,영천,2024-06-07,22.5,14.5,29.5,,1.1,62.5,9.2,
281,영천,2024-06-08,19.6,18.3,23.5,18.2,.9,85.8,.2,
281,영천,2024-06-09,22.1,18.3,28.2,1.5,1.1,79.3,7.4,
281,영천,2024-06-10,24.2,16.1,31.9,,1.1,68.6,12.4,
281,영천,2024-06-11,25.9,17.7,33.6,,1.4,62,12.6,
281,영천,2024-06-12,25.7,18.5,33.4,,1.5,63.1,12.6,
281,영천,2024-06-13,25.6,18.3,33.5,,1.4,62,12.3,
281,영천,2024-06-14,25.8,16.7,34.2,,1.3,59.4,10.8,
281,영천,2024-06-15,24.3,18.8,32.8,2.3,1.5,71.8,7.9,
281,영천,2024-06-16,24.5,19.1,31.3,.3,2.1,60.3,12.3,
281,영천,2024-06-17,23.1,16,30.1,,1.4,60,4.6,
281,영천,2024-06-18,26.3,17.1,34.8,,1.5,51.4,12.9,
281,영천,2024-06-19,27.5,18,36.3,,1.2,54.9,11.9,
281,영천,2024-06-20,23.8,18,29.6,,1.4,63.8,3.4,
281,영천,2024-06-21,24.6,19.8,29.6,,1.4,68.5,5.5,
281,영천,2024-06-22,22.4,20.4,23.5,21.8,.9,94.9,0,
281,영천,2024-06-23,24.2,21.7,29.4,0,1.3,88.5,1.8,
281,영천,2024-06-24,24.8,20,31.2,0,1.4,75.5,5.2,
281,영천,2024-06-25,23.2,19.1,29.4,,2.4,59.8,6.1,
281,영천,2024-06-26,22.7,16.2,29.2,,1.3,64,12.1,
281,영천,2024-06-27,21,15.6,25.5,.5,.8,76.8,.2,
281,영천,2024-06-28,24.2,17.2,32.6,,1.2,73.1,10.2,
281,영천,2024-06-29,23.7,19.7,30,19.9,1.3,86.5,6.8,
281,영천,2024-06-30,25.2,22.9,29.3,32.6,1.5,92.1,.2,
281,영천,2024-07-01,26.8,22.7,31.9,,1.4,72.4,10.1,
281,영천,2024-07-02,22.8,21.3,25.4,30.4,2.1,93.8,.4,
281,영천,2024-07-03,27.3,22.6,32.6,7.9,2,76.4,5.7,
281,영천,2024-07-04,28,20.8,34.1,,1.6,69.4,10.8,
281,영천,2024-07-05,28.1,23.7,32.5,.9,2.5,66.3,8.3,
281,영천,2024-07-06,27.4,21.9,32,,2,74.3,6.3,
281,영천,2024-07-07,28.4,25.7,31.3,3.5,2.2,74.8,3.1,
281,영천,2024-07-08,27,25.7,28.2,1,1.3,83.1,0,
281,영천,2024-07-09,23.7,22,26.5,158.8,1,97.6,0,
281,영천,2024-07-10,22.7,21.2,25.5,96.1,1.5,96,.1,
281,영천,2024-07-11,23.8,20.8,27.7,.1,.6,89.9,.7,
281,영천,2024-07-12,25.6,20.6,31.7,,1.1,79.9,6.2,
281,영천,2024-07-13,24.3,19.8,29.2,0,1.6,84.4,0,
281,영천,2024-07-14,23,21.9,24.5,2.8,1.5,94.3,0,
281,영천,2024-07-15,23.3,21.5,26.1,,1.5,90.3,0,
281,영천,2024-07-16,24.3,21.8,28.1,19.6,1.2,89.9,0,
281,영천,2024-07-17,26.4,22.3,30.1,.2,1.2,81.6,0,
281,영천,2024-07-18,27.2,24.9,29.1,2,1.7,80.4,0,
281,영천,2024-07-19,26.7,24.2,30.1,.4,1.6,80.1,0,
281,영천,2024-07-20,26.2,22.1,30.9,15,1.5,83.8,,
281,영천,2024-07-21,29,25.6,33.2,.4,2.2,73.5,6.7,
281,영천,2024-07-22,29.2,24.5,32.9,,1.7,72,9.5,
281,영천,2024-07-23,29.4,27.3,31.8,,2.2,70.3,2.9,
281,영천,2024-07-24,27.6,24.2,31.8,27.2,1.3,82,7.7,
281,영천,2024-07-25,28.7,24,33.7,,1,79.1,9.4,
281,영천,2024-07-26,28.9,24.8,33.8,0,1.2,75.6,7.3,
281,영천,2024-07-27,29,25.3,33,0,1.5,75.8,6.9,
281,영천,2024-07-28,29.8,25.4,34.1,,1.8,69.3,11.1,
281,영천,2024-07-29,29.7,25.4,34.9,,2.5,68.3,11.8,
281,영천,2024-07-30,29.2,23.7,34.3,,2.1,70,12.1,
281,영천,2024-07-31,29.7,25.2,35.3,,1.8,70.9,12.7,
281,영천,2024-08-01,30.3,24.9,36,,1.4,71.5,10.7,
281,영천,2024-08-02,31,25.4,36.8,10.9,1.4,73.1,10.9,
281,영천,2024-08-03,30.9,26.9,35.9,,1.5,75,10.6,
281,영천,2024-08-04,28.8,25.5,33.4,,1.7,80,6.1,
281,영천,2024-08-05,28,24.1,34.2,,1.2,77.6,7.3,
281,영천,2024-08-06,27.8,22.7,35.9,1.8,1.3,79.1,7.5,
281,영천,2024-08-07,29.7,24,36.2,,1.2,73.9,10.9,
281,영천,2024-08-08,28,23.3,34.3,28.5,1.3,77.3,8.7,
281,영천,2024-08-09,27.8,23.1,33.9,,1.2,75.6,10.1,
281,영천,2024-08-10,27.4,22.1,33.7,,1.3,73.6,10.5,
281,영천,2024-08-11,27.5,22.4,34.1,,1.2,74,11.6,
281,영천,2024-08-12,27,21.3,33.8,,1.4,73.9,12.2,
281,영천,2024-08-13,26.6,21.1,32.4,,1.5,74.8,11.6,
281,영천,2024-08-14,26.3,20.7,32.1,,1.5,77,7.9,
281,영천,2024-08-15,26.5,21.5,32.6,,1.5,78,6.7,
281,영천,2024-08-16,27.3,21.7,33.3,,1.5,72.4,10.7,
281,영천,2024-08-17,27.7,22.6,33.3,,1.4,72.3,9.2,
281,영천,2024-08-18,27.4,22.2,32.9,,1.6,73.1,11,
281,영천,2024-08-19,28.3,22.5,34.4,0,1.2,75.6,6.1,
281,영천,2024-08-20,28.7,25.7,33.2,.3,1.5,77.5,2.4,
281,영천,2024-08-21,27,25.1,30.5,3.2,.9,91.3,1.1,
281,영천,2024-08-22,28.3,23.7,34.1,0,1.6,79.8,3.6,
281,영천,2024-08-23,29.1,23.6,35.5,,1.6,67.4,11.4,
281,영천,2024-08-24,28.8,22.6,35.4,,1,69,10.6,
281,영천,2024-08-25,27.4,23.3,34.4,11.6,1.1,82,8.2,
281,영천,2024-08-26,27.7,23.9,33.6,0,1,80.4,6.1,
281,영천,2024-08-27,25.5,23.3,30,0,1.9,83.1,.9,
281,영천,2024-08-28,26,22.4,29.6,,2.8,72.6,1.6,
281,영천,2024-08-29,27.5,25,31.5,2.1,3.2,73.1,7.6,
281,영천,2024-08-30,28,23.5,34.6,,1.8,68.3,7.7,
281,영천,2024-08-31,25.9,21.6,32.7,,1.8,73.1,10.3,
281,영천,2024-09-01,26.3,20.5,33.9,,1.2,68.5,8.2,
281,영천,2024-09-02,25.5,20.2,31,0,1.2,74.6,3,
281,영천,2024-09-03,24.5,19.5,28.7,,2,65.3,4.6,
281,영천,2024-09-04,23.7,17.4,30.5,,1.4,70.9,10.5,
281,영천,2024-09-05,27,18,34.7,,1.5,64,9.9,
281,영천,2024-09-06,24.2,22,28,12.6,1.3,90,.1,
281,영천,2024-09-07,24.9,21.3,30.2,3.1,1,88.1,.9,
281,영천,2024-09-08,26.1,23.9,31.1,.4,1.5,83.1,5.4,
281,영천,2024-09-09,26.6,24,31.3,,1.5,78.3,6.4,
281,영천,2024-09-10,27.5,21.7,34.6,,.9,74.4,9.9,
281,영천,2024-09-11,26.4,23.8,32.2,61.5,1,86.4,.8,
281,영천,2024-09-12,26.4,23.7,31,.1,1.2,89.1,2.6,
281,영천,2024-09-13,28.2,24.9,33.2,,.9,79.6,7.3,
281,영천,2024-09-14,26.8,23.9,34.1,,1.4,84.6,8.4,
281,영천,2024-09-15,26,23.5,29.2,0,1.7,82.9,.1,
281,영천,2024-09-16,25.2,23.6,28.4,,1.4,84.6,.1,
281,영천,2024-09-17,28,23.8,34.2,,1,77.8,7.9,
281,영천,2024-09-18,27.9,24.4,34.8,0,1.2,81.9,8,
281,영천,2024-09-19,27.4,22.8,33,,.9,81.6,4.9,
281,영천,2024-09-20,25.5,24.3,28.2,15.4,.6,94.5,.4,
281,영천,2024-09-21,20.3,19.1,24.5,112,1.3,99.1,0,
281,영천,2024-09-22,21.2,19.2,24.8,,1.8,78.4,1.4,
281,영천,2024-09-23,18.7,13.6,23.4,,2.3,65,9.7,
281,영천,2024-09-24,18.5,12,25.4,,1.2,81.1,6.8,
281,영천,2024-09-25,21.1,16.2,27.3,,1,81.3,8.5,
281,영천,2024-09-26,22.2,15.6,29,,.8,78,9.6,
281,영천,2024-09-27,22.1,18.9,27.8,,1.1,85,6,
281,영천,2024-09-28,20.6,17.1,25.2,.3,1.4,87.3,3.2,
281,영천,2024-09-29,19.6,15.3,25.3,,1.5,80.9,5.7,
281,영천,2024-09-30,19.6,12.8,26.9,,.9,81.5,9.2,
283,경주시,2024-05-20,20.2,12.2,30.1,,2.4,57,,
283,경주시,2024-05-21,16.1,11.3,21.5,,2.4,69.6,2.4,15.8
283,경주시,2024-05-22,19.7,9.5,29.5,,2,60,11,27.64
283,경주시,2024-05-23,24.4,15.1,32.9,,2.2,46.6,12,29.32
283,경주시,2024-05-24,19.4,16.3,23.7,,3.5,60.9,12.5,27.57
283,경주시,2024-05-25,19.4,16.3,24.2,,2.4,51.6,8.6,25.6
283,경주시,2024-05-26,20.8,12.3,28.3,1.1,3.3,68.5,6.2,17.97
283,경주시,2024-05-27,22.2,19.3,25.4,,3.9,44.9,8.8,24.68
283,경주시,2024-05-28,17.4,11.1,23.1,,3.5,59.8,8.8,25.46
283,경주시,2024-05-29,19.8,8.3,30.8,,1.9,59.6,13.1,29.76
283,경주시,2024-05-30,20.5,14.3,26.9,,1.4,63.8,.6,13.18
283,경주시,2024-05-31,23,17.5,30.6,,2.2,53.6,9.8,27.34
283,경주시,2024-06-01,20.6,15.8,28,,2.9,62.4,6.7,22.14
283,경주시,2024-06-02,18.7,14,25.1,,1.8,69.8,6.8,20.49
283,경주시,2024-06-03,18.7,15.5,24.4,.3,2.1,68,6.8,22.13
283,경주시,2024-06-04,18.5,13.5,24.5,,2.3,65.4,8.7,24.13
283,경주시,2024-06-05,19.6,10.6,28.3,,1.8,58.6,11.5,28.28
283,경주시,2024-06-06,20.9,14.1,28.8,,1.2,60.8,2.9,18.17
283,경주시,2024-06-07,23.2,15.1,31.1,,2,55.3,10.4,25.93
283,경주시,2024-06-08,20,18.8,25.7,9.9,1.9,77.4,.8,7.59
283,경주시,2024-06-09,22.6,18.6,27.6,.8,1.5,76.6,5,19.95
283,경주시,2024-06-10,25.7,17.9,34.2,,2,60.8,11.7,28.08
283,경주시,2024-06-11,27,19,36,,2.3,57.8,12.7,29.12
283,경주시,2024-06-12,26.8,19.6,34.9,,2.3,57.1,11.1,28.14
283,경주시,2024-06-13,26.7,19.6,35,,2,56.1,12.6,29.36
283,경주시,2024-06-14,26.2,16.9,35.2,,2.1,55.3,12.9,28.4
283,경주시,2024-06-15,25.6,19.8,34.9,.1,2,63.8,8.4,22.62
283,경주시,2024-06-16,25.4,20,32.3,.2,2.5,54.1,11.9,29.06
283,경주시,2024-06-17,23.6,17.1,31.1,,2.5,56.8,3.6,16.61
283,경주시,2024-06-18,27,17.3,36.3,,2.3,44.5,12.6,28.67
283,경주시,2024-06-19,28.4,18.3,37.7,,2.4,49.1,12.1,28.06
283,경주시,2024-06-20,23.9,18.2,29.3,,2.4,60.8,1.5,14
283,경주시,2024-06-21,25.2,20.7,30.2,,1.4,65,4,15.79
283,경주시,2024-06-22,23.2,20.7,25.5,15.4,1,85.1,0,4.81
283,경주시,2024-06-23,24.6,22.1,29.8,,1.4,80,.7,9.57
283,경주시,2024-06-24,27.1,21,33.3,,2.7,63.5,8.3,24.46
283,경주시,2024-06-25,24.3,19.3,29.7,,2.5,51.3,3.6,19.27
283,경주시,2024-06-26,23,16.4,30,,1.6,61.8,10.3,25.31
283,경주시,2024-06-27,21.5,16,26.9,.1,1.6,68.9,0,10.33
283,경주시,2024-06-28,24.3,16.8,33.3,,1.9,69.5,11.4,27.17
283,경주시,2024-06-29,24.5,20,32.4,36.6,2.1,81,5.8,16.74
283,경주시,2024-06-30,26.4,24.3,29.7,10.4,3.8,81.1,.3,10.02
283,경주시,2024-07-01,27.8,22.9,33.9,,1.9,69.3,10.9,28.01
283,경주시,2024-07-02,22.8,22.1,24.6,17.4,2.1,88.1,0,4.09
283,경주시,2024-07-03,28.1,22,33.3,.3,3.4,74.8,6.4,20.36
283,경주시,2024-07-04,28.9,22.2,35.1,,2.6,65.6,12.5,28.46
283,경주시,2024-07-05,29.4,25,34.4,0,3.7,61.3,9.7,27.24
283,경주시,2024-07-06,29,23.9,34.5,,2.7,67.8,9.1,23.67
283,경주시,2024-07-07,29.5,26.3,33.1,0,3.2,67.6,3.2,16.74
283,경주시,2024-07-08,27.8,25.9,29.6,0,2.6,74.9,0,4.96
283,경주시,2024-07-09,24.8,22,28.2,110.3,1.8,90,0,5.87
283,경주시,2024-07-10,23.3,21.8,24.9,61.8,1.5,90.8,0,3.22
283,경주시,2024-07-11,24.2,21.3,28.1,1.5,1.1,82.8,.6,12.61
283,경주시,2024-07-12,25.7,20.4,32.5,0,1.3,74.8,9.5,24.34
283,경주시,2024-07-13,25.1,20.7,30.2,.1,1.6,77.3,5,18.62
283,경주시,2024-07-14,23,22.1,23.8,16.6,1.7,90.5,0,3.54
283,경주시,2024-07-15,22.9,21.7,24.9,0,2.2,87.1,0,5.73
283,경주시,2024-07-16,24.9,22.1,28.7,4.7,1.5,83.9,.6,11.16
283,경주시,2024-07-17,26.6,22.9,31.3,,2.5,80,.5,10.35
283,경주시,2024-07-18,27.5,25.3,30.6,0,3.6,80.5,.3,8.35
283,경주시,2024-07-19,28,24.2,31.4,0,2.6,74.9,3.7,15.99
283,경주시,2024-07-20,26.5,22.2,32.4,9.6,2.2,82.9,9.2,17.45
283,경주시,2024-07-21,30.5,25.4,34.7,,3.9,66.9,11.1,27.81
283,경주시,2024-07-22,30,25,34.2,,3.1,71.3,10.1,24.8
283,경주시,2024-07-23,29.9,27.2,34.1,,3.2,69.6,4.1,17.64
283,경주시,2024-07-24,29.1,25.7,33.8,0,2.9,77,6.3,17.05
283,경주시,2024-07-25,29.7,24.7,36,,1.7,75.5,8.9,21.94
283,경주시,2024-07-26,29.5,25.1,35.2,1.6,2.7,76.5,10.8,26.24
283,경주시,2024-07-27,30.2,26.1,34.6,,3.2,75.9,6.8,20.44
283,경주시,2024-07-28,30.5,25.4,35.4,,2.8,70.3,12.4,26.55
283,경주시,2024-07-29,31.1,26.4,36,,3.2,65.4,12.9,28.68
283,경주시,2024-07-30,30.2,24.4,36,,2.5,69.6,12.7,27.94
283,경주시,2024-07-31,31,25.2,37.5,,2,69.4,11.9,28.43
283,경주시,2024-08-01,31.3,25.4,36.9,,2,70,11.1,24.9
283,경주시,2024-08-02,32.2,26,38.9,,1.9,68.8,11.8,26.5
283,경주시,2024-08-03,31.9,27.4,38.6,,1.9,70.8,10.3,25.13
283,경주시,2024-08-04,29.7,26.3,34.7,,1.5,77.9,3.6,13.85
283,경주시,2024-08-05,29.5,25.5,35.6,,1.6,73,7.7,20.3
283,경주시,2024-08-06,29.3,23.9,37.4,,1.5,74.1,9.6,23.41
283,경주시,2024-08-07,29.7,25.3,38.4,.2,1.5,76.4,8.6,23.41
283,경주시,2024-08-08,29.4,23.9,36.5,4.5,1.7,74.5,8.7,22.88
283,경주시,2024-08-09,29.3,24.6,35.3,,1.4,71.4,11,24.45
283,경주시,2024-08-10,28.4,23.9,34.4,,1.5,72.6,8.5,21.77
283,경주시,2024-08-11,28.1,22.8,35.3,,1.5,72.5,10,26.23
283,경주시,2024-08-12,27.7,21.6,34.8,,1.7,71.6,11.3,27.09
283,경주시,2024-08-13,27.2,22.4,32.6,,2.2,72.1,11.5,25.88
283,경주시,2024-08-14,27,23.2,31.2,.2,1.7,79,2,14.08
283,경주시,2024-08-15,27.3,23.6,32.2,,1.7,78.3,2.8,14.88
283,경주시,2024-08-16,28,23.7,33.4,0,1.9,73.4,8,23.2
283,경주시,2024-08-17,28.4,24.5,34.4,.3,1.7,73.5,9.1,23.14
283,경주시,2024-08-18,28.2,23.1,34.3,,1.7,70.9,9.9,24.6
283,경주시,2024-08-19,29.3,22.9,36.2,,1.6,73,9.3,21.55
283,경주시,2024-08-20,29.2,25.3,34.5,14.9,2.3,79.9,4.4,17.36
283,경주시,2024-08-21,28.5,26.1,33.8,4.7,2.3,84.4,1.9,12.62
283,경주시,2024-08-22,29.7,24.4,36.3,,3.4,76.5,7.8,22.09
283,경주시,2024-08-23,30.3,24.8,36.4,,2.2,63.1,11.8,25.5
283,경주시,2024-08-24,29.8,23.6,36.9,,1.7,69.6,11.2,23.64
283,경주시,2024-08-25,28.5,24.1,35.3,2.3,1.4,77.8,7.4,19.55
283,경주시,2024-08-26,28,24.9,33.9,0,1.3,81.9,6,18.11
283,경주시,2024-08-27,25.7,23.3,29.8,.3,2.5,84.3,.4,7.68
283,경주시,2024-08-28,25.1,23.2,28,5.8,3,86.9,0,5.18
283,경주시,2024-08-29,26.6,24.3,30.2,77.8,4.5,86.4,2.4,13.52
283,경주시,2024-08-30,26.8,23.5,31.6,2.9,4.2,78,7,18.66
283,경주시,2024-08-31,25.7,21.2,31.6,,2.1,77.1,10.8,23.59
283,경주시,2024-09-01,26.4,21,33.8,,1.5,75,9,22.68
283,경주시,2024-09-02,26,21.8,30.9,24.5,2.2,77.6,4.1,16.18
283,경주시,2024-09-03,23.5,19.8,26.9,22.5,3.2,77.9,2.8,14.57
283,경주시,2024-09-04,23.7,18.3,29.8,,1.6,76.6,10.5,23.94
283,경주시,2024-09-05,26.2,18.4,34.3,,2,69.4,11.2,23.5
283,경주시,2024-09-06,24.7,22.5,27.8,2.6,1.7,86.1,0,5.8
283,경주시,2024-09-07,25.8,22.2,30.9,7.6,1,85.6,1.6,12.01
283,경주시,2024-09-08,26.3,24.6,30.2,,1.7,86.4,2,12.65
283,경주시,2024-09-09,26.3,23.1,31.4,,1.4,82.9,3.9,14.79
283,경주시,2024-09-10,27.7,22.2,34.9,,1.3,77.4,11.1,23.29
283,경주시,2024-09-11,26.7,24.6,33.1,26.7,1.2,86.9,1.1,10.23
283,경주시,2024-09-12,27,24.7,31.3,.1,1.2,86.9,1.4,12.36
283,경주시,2024-09-13,29,25.5,35.3,,1,79.8,9.5,20.99
283,경주시,2024-09-14,27.7,24.2,35,,1.8,82.6,9.3,21.06
283,경주시,2024-09-15,25.5,24.5,27,.5,2.5,90.3,0,2.83
283,경주시,2024-09-16,24.1,22.5,25.7,.7,2.5,93,0,4.31
283,경주시,2024-09-17,28.8,24,36.2,,.9,80.1,7.3,20.17
283,경주시,2024-09-18,28.3,24.9,36,0,1.5,83.8,6.4,18
283,경주시,2024-09-19,28.3,23.9,34.1,0,1.3,80.5,5.5,14.91
283,경주시,2024-09-20,26,24.5,29,25.3,1.2,91.5,0,3.87
283,경주시,2024-09-21,20.8,19.6,25,102.2,2.5,95.4,0,1.91
283,경주시,2024-09-22,20.6,18.3,23.2,.5,3.7,85.9,0,4.74
283,경주시,2024-09-23,19.3,,22.9,.1,,67.5,7.3,17.94
283,경주시,2024-09-24,,,24,,,,,
283,경주시,2024-09-25,21.7,16.7,28.5,,1.6,78.6,8.9,17.23
283,경주시,2024-09-26,22.6,15.8,31.2,,1.1,77,9.4,18.9
283,경주시,2024-09-27,23.2,19.5,27.8,,2.7,81.5,5.1,15.05
283,경주시,2024-09-28,20.9,19.1,23.9,15,2.3,88.1,0,5.52
283,경주시,2024-09-29,20.9,17.1,25.5,0,2.6,78.8,5.9,16.28
283,경주시,2024-09-30,20.7,15,26.7,,1.6,79.5,9,19.12
284,거창,2024-05-20,19.6,9.5,29.5,,1.1,52.6,10.7,
284,거창,2024-05-21,18.3,10.4,24.6,,1.5,74.4,9.8,
284,거창,2024-05-22,20.5,12.1,28.6,,1.3,71.3,10.7,
284,거창,2024-05-23,21.9,14.2,31.5,,1.1,60.9,13,
284,거창,2024-05-24,21.2,11.3,31,,1.4,61.8,10.2,
284,거창,2024-05-25,17.5,13.1,20.8,,1.4,67.9,0,
284,거창,2024-05-26,18.4,10.1,25.9,9.9,1.5,80.8,7,
284,거창,2024-05-27,18.9,13.4,23.2,.4,2.6,58,9.1,
284,거창,2024-05-28,16.8,10.3,24.2,,1.5,68.4,8.4,
284,거창,2024-05-29,18.8,8.4,28.2,,1,66.3,13.2,
284,거창,2024-05-30,18.3,13,24.6,0,.8,76.1,.3,
284,거창,2024-05-31,21.3,15.9,28.4,0,1.3,56,11,
284,거창,2024-06-01,18.9,13.4,25.6,,1.7,59.8,10.6,
284,거창,2024-06-02,18.8,9.8,27.5,,1.7,58.6,11.2,
284,거창,2024-06-03,17.6,10.6,24,1.4,1.1,76.5,9.6,
284,거창,2024-06-04,19,12.9,26.2,,1.3,62.5,12.3,
284,거창,2024-06-05,19.4,9.3,27.4,,1.1,62.3,10.7,
284,거창,2024-06-06,19.2,13.1,25.8,,1.1,67,4.5,
284,거창,2024-06-07,20.2,11.8,27.2,.1,1.3,66.9,10.4,
284,거창,2024-06-08,17.9,16.4,19.3,11.3,.7,94.4,0,
284,거창,2024-06-09,21.4,16.5,29,1.5,.8,78.5,9.2,
284,거창,2024-06-10,22.8,14,31.8,,1.1,69.1,11,
284,거창,2024-06-11,24.3,16.7,32.8,,1,67.8,11.8,
284,거창,2024-06-12,23.9,17,32.2,0,1,70.8,10.8,
284,거창,2024-06-13,24.7,15.8,33.5,,1.1,62.3,13.2,
284,거창,2024-06-14,24.4,16.2,32.3,,1.3,65.3,11.9,
284,거창,2024-06-15,23.7,18.2,30.6,0,1.2,76.4,8.7,
284,거창,2024-06-16,23.5,17.4,30.4,,1.5,62.8,12.5,
284,거창,2024-06-17,20.4,13.4,28.3,,.8,68.9,3,
284,거창,2024-06-18,24.3,13.1,34.2,,1.7,56.5,13.4,
284,거창,2024-06-19,24.5,15.2,34.7,,1.1,61.3,10.8,
284,거창,2024-06-20,21.1,15.8,25.4,,1.1,72.8,1,
284,거창,2024-06-21,24.5,18.4,31.2,,1.4,67.9,10.4,
284,거창,2024-06-22,21.5,20.6,23,40,.5,96.8,0,
284,거창,2024-06-23,24.3,20.7,28.9,,2.3,79.8,2.6,
284,거창,2024-06-24,24.1,19.6,30.2,.3,2.1,73.1,7.6,
284,거창,2024-06-25,22.1,16.8,28.5,,1.7,57.1,10.2,
284,거창,2024-06-26,21.5,13.2,29.5,,1,67.6,10.6,
284,거창,2024-06-27,18.2,14.9,23.6,7.8,.7,86.8,0,
284,거창,2024-06-28,23.1,16,31.5,,.7,79.4,7.4,
284,거창,2024-06-29,21.5,19.1,23.9,40.2,.9,94.5,.1,
284,거창,2024-06-30,24.2,21.7,28.2,43.6,1.8,91.1,1.1,
284,거창,2024-07-01,25.6,21.2,32.1,0,.9,77.4,10.9,
284,거창,2024-07-02,24.9,22.2,30.1,13,1,89.6,1.7,
284,거창,2024-07-03,25.6,21.6,31.2,11.3,1.8,80.6,8.1,
284,거창,2024-07-04,26.3,18.8,32.2,,1.2,77.1,11.7,
284,거창,2024-07-05,26.5,22.9,31.6,2.3,2.2,72.8,12.1,
284,거창,2024-07-06,27,21.9,31.4,,1.9,78.4,5.1,
284,거창,2024-07-07,27.7,25.3,31.1,0,2.7,77.5,.9,
284,거창,2024-07-08,25.5,24.2,27.1,4.8,1.6,89,0,
284,거창,2024-07-09,23.1,20.6,27,143.2,1.1,97.8,0,
284,거창,2024-07-10,23.7,21.2,27.8,28.3,1.4,93.4,.5,
284,거창,2024-07-11,23.2,20.9,27.3,38.2,1,91,.9,
284,거창,2024-07-12,24.3,19.1,30.1,,1.1,82.8,9.8,
284,거창,2024-07-13,24.1,20.4,28,0,1.2,84.8,2.4,
284,거창,2024-07-14,22.6,21.5,24.6,5,.8,94.9,0,
284,거창,2024-07-15,23.4,21.6,27,.3,1.3,90.9,2.1,
284,거창,2024-07-16,23.4,21.7,26.4,2,1,91.5,.6,
284,거창,2024-07-17,24.7,21.2,29.1,0,1,89.3,1.1,
284,거창,2024-07-18,25.6,22.6,28.6,10.5,1.8,85.3,.8,
284,거창,2024-07-19,24.7,21.5,29.2,17.8,1.5,86.5,4.1,
284,거창,2024-07-20,24.6,21.1,29.9,14.8,.8,90.6,4.6,
284,거창,2024-07-21,27.1,23,32.3,10.5,1.5,82.6,8.1,
284,거창,2024-07-22,27.3,22.9,32.1,,1.3,79.3,8.7,
284,거창,2024-07-23,27,24,29.9,0,1.4,80.6,.4,
284,거창,2024-07-24,26.6,23.3,32.7,0,1.1,87.6,5.1,
284,거창,2024-07-25,27.3,23.3,32.5,,1,82.3,8.4,
284,거창,2024-07-26,25.9,24.3,29.1,10.1,1.5,89.8,1.6,
284,거창,2024-07-27,26.1,23.9,31.2,9.7,.9,92.6,2,
284,거창,2024-07-28,27.3,22.7,33.3,,1,82.6,9.4,
284,거창,2024-07-29,27.4,21.8,34,,1.3,77.4,12.3,
284,거창,2024-07-30,27.6,22.1,33.6,,1.3,75.1,12.7,
284,거창,2024-07-31,27.5,20.8,34.1,,1,79.5,13,
284,거창,2024-08-01,28.2,22.7,33.9,,1.1,79.6,11.6,
284,거창,2024-08-02,29,24.7,35.6,,1.1,79.5,9.4,
284,거창,2024-08-03,28.9,24,35.2,0,.8,82.6,8.9,
284,거창,2024-08-04,27.1,23.8,34.1,3.7,1.1,88.3,7.4,
284,거창,2024-08-05,25.9,23.3,33.7,.1,1,87.3,6.8,
284,거창,2024-08-06,26.3,23.1,34.4,2,.8,86.9,7.7,
284,거창,2024-08-07,27.1,23.2,34.3,2.7,.8,85,8.1,
284,거창,2024-08-08,27.1,23,33.3,,.8,79.8,5.6,
284,거창,2024-08-09,26.8,20.6,33.8,,.9,77.9,11.9,
284,거창,2024-08-10,26.9,22.1,32.5,,1.2,83.3,8.7,
284,거창,2024-08-11,27.5,24.1,32.8,,1.2,79.8,9.4,
284,거창,2024-08-12,27.2,23.1,33.5,,1,77.6,8.8,
284,거창,2024-08-13,26.8,21.7,33.2,,1.2,74.3,11.5,
284,거창,2024-08-14,26,19.2,32.8,,1,76.5,10.5,
284,거창,2024-08-15,27,21.2,33.5,,1.1,75.3,11.1,
284,거창,2024-08-16,27,21.9,33.5,,.9,76.1,8.9,
284,거창,2024-08-17,27.1,22.7,33.9,0,1.1,76.9,8.2,
284,거창,2024-08-18,26.3,22.4,32.3,,1.2,78.6,9.2,
284,거창,2024-08-19,27.1,21.8,32.6,0,1.1,79.9,7.6,
284,거창,2024-08-20,26.9,24,32.7,13.4,1.3,89.1,2.9,
284,거창,2024-08-21,26.5,24.5,31.3,24.8,1.1,91.4,3,
284,거창,2024-08-22,26.3,23.2,31.8,1.9,1.4,87.8,3.8,
284,거창,2024-08-23,26.2,21.2,33.5,,.9,80.3,10.6,
284,거창,2024-08-24,26.5,21.6,34,,.8,79.6,9.3,
284,거창,2024-08-25,26.5,22.2,34,0,.8,82.4,7.3,
284,거창,2024-08-26,26.5,23.3,32.2,0,.9,83.1,6.4,
284,거창,2024-08-27,25.8,22.9,31.3,0,.8,81,1,
284,거창,2024-08-28,24.9,21.8,28.5,,1.4,76.6,.3,
284,거창,2024-08-29,25.9,23,31.8,.6,2.7,75,3.9,
284,거창,2024-08-30,27.1,21.2,33.4,,2.3,69.4,11.3,
284,거창,2024-08-31,25.4,18.7,33,,1.2,73.9,11.4,
284,거창,2024-09-01,25.3,19.5,32.9,,1,75,11.2,
284,거창,2024-09-02,24.1,18.5,30.9,0,.7,81,3.7,
284,거창,2024-09-03,23.7,18.6,27.7,0,.9,76.3,2.1,
284,거창,2024-09-04,22.8,16,30.3,,1,73.5,11.7,
284,거창,2024-09-05,25.3,17,33.2,,1.2,71.6,10.7,
284,거창,2024-09-06,23.8,21.7,27.2,8.5,.5,91.1,0,
284,거창,2024-09-07,24.5,22.5,29.3,.2,.6,91.8,1,
284,거창,2024-09-08,26.3,23.2,32,,.7,83.5,7.5,
284,거창,2024-09-09,26.7,23.1,31.7,0,1.1,81.5,8.8,
284,거창,2024-09-10,26.9,21.7,33.5,,1,79.4,11.2,
284,거창,2024-09-11,25.5,23,30,16.2,.8,90.9,1.9,
284,거창,2024-09-12,26.4,24.1,31.6,.1,.6,88.6,2.3,
284,거창,2024-09-13,26.8,23.2,32.6,,.8,82.9,7.5,
284,거창,2024-09-14,26.4,21.4,34.2,,.9,84.8,7.5,
284,거창,2024-09-15,26.6,22.5,31.1,,1.5,81.3,6.3,
284,거창,2024-09-16,26.2,24.2,29.7,,1.1,80.6,0,
284,거창,2024-09-17,27.2,24.3,34.1,0,.9,85.6,7.8,
284,거창,2024-09-18,27.2,23.3,34.1,0,1,83.9,7.1,
284,거창,2024-09-19,27,23,34.2,,1.1,80.5,7.9,
284,거창,2024-09-20,23.9,23.4,24.5,46.5,.4,99,0,
284,거창,2024-09-21,21.1,19.4,24.2,72.2,.9,99,0,
284,거창,2024-09-22,20.4,19,22.6,0,.8,88.4,0,
284,거창,2024-09-23,18.6,12.1,23.6,,1.4,72.4,8.1,
284,거창,2024-09-24,17.8,11.4,25.4,,.9,82.8,8.4,
284,거창,2024-09-25,19.8,15.3,27.7,,.7,84.5,7.5,
284,거창,2024-09-26,21.4,16.2,28.5,,.5,83.1,5.8,
284,거창,2024-09-27,21.3,17.1,28.8,,.7,82.5,7.9,
284,거창,2024-09-28,20.7,16.6,25.3,0,.8,83.5,2.6,
284,거창,2024-09-29,18.7,13.1,25,,1,84.1,2.7,
284,거창,2024-09-30,17.5,12.7,26.2,,.8,84.1,7.7,
285,합천,2024-05-20,21.5,12.4,31,,.7,54.3,12.2,
285,합천,2024-05-21,19.8,13.8,26.4,,.9,68.6,8.3,
285,합천,2024-05-22,21.6,13.6,29.8,,.8,61,12.1,
285,합천,2024-05-23,23.8,15.8,32.7,,.6,56.4,12.6,
285,합천,2024-05-24,22.8,14,32.3,,.8,55.9,10.9,
285,합천,2024-05-25,19.5,15.5,22.6,,.7,59.6,0,
285,합천,2024-05-26,19.4,12.1,26.2,3.2,1.3,76.3,6.2,
285,합천,2024-05-27,21.8,16.6,26.3,.1,1.3,49.5,8.4,
285,합천,2024-05-28,19.2,12.8,26.1,,1.1,58.9,7.1,
285,합천,2024-05-29,20.8,10.2,30.1,,.7,56.6,13.3,
285,합천,2024-05-30,20.4,14.9,26.3,,.4,64.5,.1,
285,합천,2024-05-31,23.2,18,30.2,,.9,49,10.4,
285,합천,2024-06-01,22.1,15.9,28.2,,1,44.9,9.5,
285,합천,2024-06-02,21,12.7,28.6,,1,52.5,9.6,
285,합천,2024-06-03,19.7,13.2,26,0,.7,66,6.2,
285,합천,2024-06-04,20.8,14.3,27.9,,.9,53.1,13.6,
285,합천,2024-06-05,21.3,12.4,29.6,,.7,59.9,10.3,
285,합천,2024-06-06,20.8,14.7,27.8,,.7,62.1,3.9,
285,합천,2024-06-07,22.3,13.4,29.3,,.9,56.3,9.4,
285,합천,2024-06-08,19.6,18.9,22,18.7,.3,83.4,0,
285,합천,2024-06-09,22.8,18.6,28.9,1.7,.6,75.1,8.1,
285,합천,2024-06-10,25.2,18.2,33.4,,.9,64.9,10.4,
285,합천,2024-06-11,25.9,18,34.2,,.8,60.3,9.5,
285,합천,2024-06-12,24.8,18.7,33.3,0,.7,69.3,10.1,
285,합천,2024-06-13,26.6,18.5,35.3,,.8,57.6,11.8,
285,합천,2024-06-14,26.1,18.5,34.2,,1,59.3,9.8,
285,합천,2024-06-15,24.7,19.7,33.2,.6,.7,73,7.8,
285,합천,2024-06-16,25.1,19.8,32.5,,.9,59.5,8.7,
285,합천,2024-06-17,21.8,15.8,29.1,,.6,67.3,2.1,
285,합천,2024-06-18,26.1,15.5,35.5,,.7,53.4,13.2,
285,합천,2024-06-19,26.8,17.4,36.5,,.9,51.8,9.1,
285,합천,2024-06-20,22.7,18.2,26.6,,.5,67.5,.8,
285,합천,2024-06-21,25.7,19,31.8,,.9,63.4,9.8,
285,합천,2024-06-22,22.9,21.8,24.7,27.8,.2,89.6,0,
285,합천,2024-06-23,26.2,22.9,31,,1.2,72.5,4,
285,합천,2024-06-24,25.8,20.6,31.1,,1.4,69.5,4.5,
285,합천,2024-06-25,24.9,20,30.7,,1.1,48.1,8.9,
285,합천,2024-06-26,23.4,15.8,30.8,,.8,56.3,12.2,
285,합천,2024-06-27,20.1,16.2,24.2,.1,.3,74,0,
285,합천,2024-06-28,24.9,16,33.3,,.9,64.8,12.2,
285,합천,2024-06-29,23.4,20.2,26,36,.5,84.8,0,
285,합천,2024-06-30,25.5,24.1,28.6,68.9,1.2,87.3,.2,
285,합천,2024-07-01,27.5,22.6,33,,.8,73.3,10.7,
285,합천,2024-07-02,26.4,23.4,30.5,22.2,1.3,83,1.8,
285,합천,2024-07-03,28.1,24.8,33.8,8.4,1.4,72.4,7.4,
285,합천,2024-07-04,28.2,22.1,33.6,,1.2,71.6,9.8,
285,합천,2024-07-05,28.6,25,33.7,2,1.4,65.3,11.4,
285,합천,2024-07-06,27.7,23.9,32,,1.7,75,3.6,
285,합천,2024-07-07,28.6,26.6,32.3,,1.7,74.4,1.3,
285,합천,2024-07-08,26.9,25.2,29.5,6.5,1,82.4,0,
285,합천,2024-07-09,25.2,23.3,27.8,115.7,.5,89.6,0,
285,합천,2024-07-10,25.3,23.2,28.1,10.4,1.1,84.8,.6,
285,합천,2024-07-11,25.2,23,28.9,5.1,.6,81.9,.9,
285,합천,2024-07-12,25.9,22,32,,.7,76.9,7.5,
285,합천,2024-07-13,24.9,21.2,28.9,.3,.6,80.9,2,
285,합천,2024-07-14,23.9,22.6,26.1,10.9,.3,89.4,0,
285,합천,2024-07-15,24.7,22.8,27.6,.1,.3,84.4,.2,
285,합천,2024-07-16,24.2,23.1,27.7,11.3,.4,88.3,.4,
285,합천,2024-07-17,26.4,22.8,30.3,0,1.1,82.1,.2,
285,합천,2024-07-18,27.2,25.8,28.8,4.6,1.7,82.1,0,
285,합천,2024-07-19,26.1,23.9,29.5,14.3,.8,84.1,3.2,
285,합천,2024-07-20,26.6,23.3,31.3,33.1,1,81.3,6,
285,합천,2024-07-21,28.7,24.4,33.5,6,1.5,76.9,7,
285,합천,2024-07-22,29.3,24.8,33.3,,1.7,73.8,,
285,합천,2024-07-23,29.2,25.7,32.1,0,1.2,74.3,.8,
285,합천,2024-07-24,28.7,25.4,33.4,.3,.9,77.4,6.7,
285,합천,2024-07-25,29.2,24.9,34.5,.2,.8,75.3,8.4,
285,합천,2024-07-26,27.3,25.3,31.6,3.7,.5,84.8,3.8,
285,합천,2024-07-27,28.2,25.3,33,7.2,1,83.1,3.8,
285,합천,2024-07-28,29.6,25.9,34.2,,1.3,73.5,10.4,
285,합천,2024-07-29,29.7,24.2,35.4,,1.1,68.6,12.5,
285,합천,2024-07-30,29.6,24,36.2,,1,68,12.2,
285,합천,2024-07-31,30.1,23.4,36.8,,.9,69.6,13.2,
285,합천,2024-08-01,30,25.3,35,,1.2,71.8,11.7,
285,합천,2024-08-02,30.9,26.3,37.1,,1,71.1,7.7,
285,합천,2024-08-03,30.7,26.3,38.2,0,.5,74.5,7.5,
285,합천,2024-08-04,29.8,26.6,35.4,,.6,78,4,
285,합천,2024-08-05,28.2,24.6,35.4,3.1,.4,79.6,7,
285,합천,2024-08-06,27.8,24.4,34.8,0,.8,78.8,6.5,
285,합천,2024-08-07,29.7,24.2,35.8,,.9,73.5,10.1,
285,합천,2024-08-08,29.5,25.5,36.3,,.9,72,6.9,
285,합천,2024-08-09,29.1,23.5,35.7,,.7,67.5,11.4,
285,합천,2024-08-10,29.1,23.7,35.4,,.7,72.1,10.6,
285,합천,2024-08-11,29.5,25.5,34.8,,.5,68.9,6.6,
285,합천,2024-08-12,29.1,24.1,36.3,,.7,66,9.5,
285,합천,2024-08-13,28.5,23.2,35.4,,.8,67.3,10.7,
285,합천,2024-08-14,27.8,21.6,35.4,,.7,70.4,8.5,
285,합천,2024-08-15,29,23.5,35.6,,.9,67.4,11.6,
285,합천,2024-08-16,28.7,23.9,35.4,,1,69.8,7.5,
285,합천,2024-08-17,28.6,23.5,35.8,4.4,.8,72.1,10.3,
285,합천,2024-08-18,27.9,23.5,33.9,,.8,73.4,8.3,
285,합천,2024-08-19,29,23.6,34.2,0,.7,71.4,8.5,
285,합천,2024-08-20,28.5,25.6,33.2,14.2,.8,82.5,2.2,
285,합천,2024-08-21,27.3,25.6,31,22.1,.6,88.6,.7,
285,합천,2024-08-22,27.9,25.8,32.1,1,1,83.4,1.4,
285,합천,2024-08-23,28.5,22.9,35.1,,.9,70.3,11.4,
285,합천,2024-08-24,28.7,23.5,34.9,,.6,70.6,10.4,
285,합천,2024-08-25,27.9,24.1,35,,.8,74.3,7.7,
285,합천,2024-08-26,28.7,25,34.2,,.7,73.6,6.5,
285,합천,2024-08-27,27.5,24.6,32,0,1.1,74.9,.9,
285,합천,2024-08-28,27.1,24.6,29.8,,1.6,65.8,.5,
285,합천,2024-08-29,28.4,25.5,33.5,0,2.2,64,4.8,
285,합천,2024-08-30,29.2,23.6,34.8,,1.7,60.8,11.1,
285,합천,2024-08-31,27,20.3,34.3,,.8,64.5,11.9,
285,합천,2024-09-01,27.7,22.1,33.9,,.8,65,9.9,
285,합천,2024-09-02,26.9,21.6,32.2,,.7,70.5,2.7,
285,합천,2024-09-03,25.4,20.4,30,0,1,68.9,2.6,
285,합천,2024-09-04,25,18,32.8,,.9,65.1,12.1,
285,합천,2024-09-05,27.7,19.8,34.7,,1.1,64.1,11.6,
285,합천,2024-09-06,25.8,23.7,30.5,48.5,.8,83.6,1,
285,합천,2024-09-07,25.5,23.7,31,1,.4,87.5,.6,
285,합천,2024-09-08,27.8,23.7,33.1,,.5,78.4,8.5,
285,합천,2024-09-09,28,24.6,33.2,,.8,75.3,8.1,
285,합천,2024-09-10,28.1,22.4,34.4,,.7,73.9,10.8,
285,합천,2024-09-11,27,25,30.9,1.7,.6,85.1,.8,
285,합천,2024-09-12,28.3,25.3,32.9,,.5,79.6,2.2,
285,합천,2024-09-13,28.9,25.2,34.2,,.7,74.4,7.9,
285,합천,2024-09-14,28.3,24.5,34.7,,.6,82.8,,
285,합천,2024-09-15,28,24.5,31.6,0,1.3,,3.4,
285,합천,2024-09-16,27.7,26.2,30.2,,1.4,78.5,.4,
285,합천,2024-09-17,29.6,24.7,35.7,,.6,78.3,10.2,
285,합천,2024-09-18,29.3,25.4,35.5,,.8,79.9,7.3,
285,합천,2024-09-19,29,23.7,35.8,,.7,79.1,7.7,
285,합천,2024-09-20,25.3,24.7,26.5,70.8,.4,97.4,0,
285,합천,2024-09-21,22.5,21,25.6,94,1,97.8,0,
285,합천,2024-09-22,22.2,20.4,25.3,,1,83.1,0,
285,합천,2024-09-23,20.2,14.5,25.4,,1.5,70.6,9.1,
285,합천,2024-09-24,19.7,13.3,26.8,,.7,82.3,7.3,
285,합천,2024-09-25,22,16.7,29,,.7,82.4,9.1,
285,합천,2024-09-26,23.1,18.2,29.7,,.7,83.8,7.4,
285,합천,2024-09-27,23.8,20.2,30.2,,.6,82.3,8.7,
285,합천,2024-09-28,21.9,18.7,27.2,.4,1,87.1,3.1,
285,합천,2024-09-29,20.3,15.7,26.9,,.8,84.6,4,
285,합천,2024-09-30,20,13.6,28,,.6,82.4,9.9,
288,밀양,2024-05-20,22.6,13.6,31,,1,47.1,11.4,
288,밀양,2024-05-21,19.8,15.6,25.7,,1.4,61.8,7.2,
288,밀양,2024-05-22,20.8,13.2,29.4,,1.3,57.8,11.6,
288,밀양,2024-05-23,24.5,16.8,33.4,,.9,49.3,11.9,
288,밀양,2024-05-24,23,16.4,32,,1.3,50.3,11.2,
288,밀양,2024-05-25,20.8,16.2,25.5,,1,40.4,2.7,
288,밀양,2024-05-26,20.5,13.2,26.6,5.7,1.8,66,7.5,
288,밀양,2024-05-27,22.1,19.3,25.8,0,1.6,52.9,7.8,
288,밀양,2024-05-28,19.8,14.1,26.2,,1.6,47,7.7,
288,밀양,2024-05-29,20.3,10.6,29.8,,.9,51.9,12.1,
288,밀양,2024-05-30,20.7,15.5,26.6,0,.6,58.9,1.4,
288,밀양,2024-05-31,23.1,17.6,29.9,0,.9,49.1,9.3,
288,밀양,2024-06-01,21.8,16.9,27.8,0,1.1,51.3,7.9,
288,밀양,2024-06-02,20.6,15,27.4,,1.1,57.1,8.3,
288,밀양,2024-06-03,20.3,15.4,26.6,,.8,56.4,7,
288,밀양,2024-06-04,20.5,13.7,27.3,,1.1,46,12.3,
288,밀양,2024-06-05,21.4,12.5,29.8,,1,46.9,10.4,
288,밀양,2024-06-06,21.6,16.5,27.9,,.8,53.1,4.2,
288,밀양,2024-06-07,23.2,15.7,29.9,,1,52.4,9.5,
288,밀양,2024-06-08,19.1,17.6,21.8,29.5,.6,85.6,.1,
288,밀양,2024-06-09,23,18.8,28.2,.3,.7,73.3,6.9,
288,밀양,2024-06-10,25.1,19.8,32.8,,.9,65.3,9.1,
288,밀양,2024-06-11,25.9,19.3,34,,.8,60.6,10.4,
288,밀양,2024-06-12,26.1,19.6,33.4,,.7,60,11,
288,밀양,2024-06-13,26.7,20.3,34.6,,1,58,8.8,
288,밀양,2024-06-14,26,18,34,,1.1,54.1,10.7,
288,밀양,2024-06-15,25.9,20.5,33.9,3.5,.8,64.5,10,
288,밀양,2024-06-16,25.8,21.5,31.6,,1,56.3,10.9,
288,밀양,2024-06-17,22.8,18.2,29.2,,.6,62.9,1.7,
288,밀양,2024-06-18,26.3,17.6,35.2,,.8,51,12.4,
288,밀양,2024-06-19,27.5,19.5,35.8,,1,47,10.7,
288,밀양,2024-06-20,23.5,19.1,27,,.5,58.1,.7,
288,밀양,2024-06-21,25.9,21.1,31,,1,59,7.8,
288,밀양,2024-06-22,23.7,22.1,25.3,26.7,.8,84.9,0,
288,밀양,2024-06-23,26.1,22.6,30.3,0,1,72.8,2.4,
288,밀양,2024-06-24,25.7,21.6,30.5,,1,71.8,6.5,
288,밀양,2024-06-25,24.5,20.6,29.5,,.8,52.5,5.6,
288,밀양,2024-06-26,23.8,17.7,30.5,,.7,54.1,11.4,
288,밀양,2024-06-27,21,17.4,24.7,0,.3,66.8,0,
288,밀양,2024-06-28,25,17.6,33.4,,.9,65.3,12.3,
288,밀양,2024-06-29,24,20.5,27.5,47.4,1,80.6,1.3,
288,밀양,2024-06-30,25.6,24.3,27.5,31.7,2.3,81.9,.1,
288,밀양,2024-07-01,27.5,23.1,32.6,0,.9,69.9,8.1,
288,밀양,2024-07-02,26.1,23.1,29.5,33.5,1.7,81.3,1.1,
288,밀양,2024-07-03,27.9,25.5,32,1.6,2,73.6,2.8,
288,밀양,2024-07-04,28.3,22.9,34.4,,1.2,68.4,11.6,
288,밀양,2024-07-05,28.9,25.2,33.6,1.6,1.6,65.3,9.2,
288,밀양,2024-07-06,27.8,24.3,31.9,,2.2,71.3,5.7,
288,밀양,2024-07-07,28.6,26.5,32.2,,2.2,70,3.3,
288,밀양,2024-07-08,27.6,26.8,30.1,0,1.8,75.1,0,
288,밀양,2024-07-09,25.2,24,27.7,60.6,.7,87.5,0,
288,밀양,2024-07-10,26.2,23,30.1,31.8,1.7,79.9,.7,
288,밀양,2024-07-11,24.7,22.6,28.7,.1,.7,79,.6,
288,밀양,2024-07-12,26.3,21.7,33.1,,.6,71.1,10.1,
288,밀양,2024-07-13,25.9,21.8,30.7,0,.8,70.3,4,
288,밀양,2024-07-14,24.3,23,27.2,1.4,.4,82.6,0,
288,밀양,2024-07-15,25.4,23,28.6,0,.6,74.9,1.3,
288,밀양,2024-07-16,24.5,23.1,27.4,15.1,.5,86,.4,
288,밀양,2024-07-17,26.6,23,31.3,.1,.9,79.9,.8,
288,밀양,2024-07-18,27.8,26,29.6,.7,2.2,74.8,.2,
288,밀양,2024-07-19,26.1,23.9,28.9,5,.6,82,1.4,
288,밀양,2024-07-20,26.8,23.2,31.7,29,1.1,78.5,5.8,
288,밀양,2024-07-21,29.3,25.2,34,.9,1.6,68.8,8.6,
288,밀양,2024-07-22,29.8,25.5,34.2,,1.6,67.6,9,
288,밀양,2024-07-23,30,26.9,33.2,,1.5,66.3,3,
288,밀양,2024-07-24,27.6,24.8,31.6,.3,1.3,77.1,2.7,
288,밀양,2024-07-25,29.9,24.8,35.4,,.9,68.5,8.9,
288,밀양,2024-07-26,29.6,25.8,34.2,0,1.8,68,7.9,
288,밀양,2024-07-27,30.3,28.1,33.5,.3,1.9,67.8,6.8,
288,밀양,2024-07-28,29.9,26,34.6,,1,67.8,10,
288,밀양,2024-07-29,30.3,25.4,35.4,,1.1,63.5,11.8,
288,밀양,2024-07-30,30.3,24.3,36,,1,65,11.9,
288,밀양,2024-07-31,30.6,24.8,36.4,,1,65.8,11.7,
288,밀양,2024-08-01,30.3,25.5,35.6,,1,68.1,10.3,
288,밀양,2024-08-02,31.3,26.1,36.6,,.9,66.6,10.7,
288,밀양,2024-08-03,31.5,27.2,37.7,0,.8,67.3,9,
288,밀양,2024-08-04,29.7,26.7,35.8,10.3,.7,74.9,5,
288,밀양,2024-08-05,28.9,25.5,36.1,.7,.8,72.9,7.3,
288,밀양,2024-08-06,28.9,24.6,35.9,,.9,68.1,9.5,
288,밀양,2024-08-07,30.3,25.1,36.5,,1,66.9,10.2,
288,밀양,2024-08-08,30.3,26.5,35.5,0,1.1,63.8,8.4,
288,밀양,2024-08-09,29,24.5,36,1.2,.8,70.1,8.1,
288,밀양,2024-08-10,29.3,25.1,36.2,,.9,66.5,8.3,
288,밀양,2024-08-11,29.3,23.7,35.9,,1,63.4,10.2,
288,밀양,2024-08-12,29.3,22.8,36.4,,1,58.8,11.2,
288,밀양,2024-08-13,29,22.8,35.9,,1,57.3,11.7,
288,밀양,2024-08-14,29,23.4,35.4,0,1,61.5,8.4,
288,밀양,2024-08-15,28.3,24.5,36.1,.8,.7,68.9,7.8,
288,밀양,2024-08-16,28.4,23.5,35.9,0,.7,67.8,7.9,
288,밀양,2024-08-17,28,23.9,36.4,.4,.7,72,7.8,
288,밀양,2024-08-18,28.8,23.1,35.8,,.7,65.1,10.2,
288,밀양,2024-08-19,29.4,23.6,35.1,,.7,66.6,7.9,
288,밀양,2024-08-20,28.9,26,35,7.2,1.5,75.6,4.7,
288,밀양,2024-08-21,28,26.2,32.4,21.9,1.2,82.9,3.2,
288,밀양,2024-08-22,28.7,26,34.1,5.2,1.1,78.8,5.2,
288,밀양,2024-08-23,28.8,23.9,34.4,,.7,69.3,11.3,
288,밀양,2024-08-24,29.2,24.4,35.1,,.7,68.3,9.8,
288,밀양,2024-08-25,28.9,24.6,35.1,,.9,69.1,10,
288,밀양,2024-08-26,28.8,24.5,35.1,0,.9,70.9,7.4,
288,밀양,2024-08-27,26.5,24,33.4,5.6,1,72.5,2.2,
288,밀양,2024-08-28,27,24.4,30.5,,2.1,67.6,4.2,
288,밀양,2024-08-29,28.3,25.1,32.3,5.7,2.3,65.5,7.8,
288,밀양,2024-08-30,29.5,24.8,34.4,,1.7,58.6,8,
288,밀양,2024-08-31,27.8,21.7,34.3,,1.2,60.5,11.2,
288,밀양,2024-09-01,27.4,22,33.7,,1,64.1,10.1,
288,밀양,2024-09-02,27.2,22.8,32.2,,.7,67.6,3.9,
288,밀양,2024-09-03,25.4,21.1,29.4,0,1.7,60.8,4.1,
288,밀양,2024-09-04,25.4,18.9,33,,.8,64.4,10.1,
288,밀양,2024-09-05,26.9,19.8,34.3,,.8,61.5,11.4,
288,밀양,2024-09-06,26,24.1,32.1,4.4,.6,78.8,.6,
288,밀양,2024-09-07,26.7,23.6,32.1,1.1,.4,78.9,2.2,
288,밀양,2024-09-08,27.9,24.9,34.2,0,.6,74.6,5,
288,밀양,2024-09-09,28.6,24.7,33.6,,.7,66,5.6,
288,밀양,2024-09-10,28.5,22.1,36.5,,.7,66.8,11.2,
288,밀양,2024-09-11,27.6,25.2,32.4,4.5,.6,77.3,1.3,
288,밀양,2024-09-12,27.8,25.2,34.1,0,.6,76.6,4,
288,밀양,2024-09-13,29,24.8,35.3,,.8,69.9,8.9,
288,밀양,2024-09-14,29.5,24.8,36.2,,.9,65.1,10.8,
288,밀양,2024-09-15,28,24.5,31.8,,1.5,69.1,3.9,
288,밀양,2024-09-16,27.6,25.7,30.2,,1.7,67.6,2.2,
288,밀양,2024-09-17,30.1,24.3,36.8,0,.7,66.4,8.3,
288,밀양,2024-09-18,29.6,25.3,36.5,,.9,64.9,8.5,
288,밀양,2024-09-19,30,23.8,37.4,,.8,63.5,9.1,
288,밀양,2024-09-20,26.3,24.9,28.2,73.6,.9,85.8,0,
288,밀양,2024-09-21,22.6,21.1,25.5,122.6,1.1,88.5,0,
288,밀양,2024-09-22,22.6,20.4,24.9,,2,66.8,.1,
288,밀양,2024-09-23,20.9,16.3,25,,2.1,52.6,9.6,
288,밀양,2024-09-24,21,16.1,27.6,,.9,65.1,7.5,
288,밀양,2024-09-25,22.9,16.6,30.8,,.7,68.3,10.3,
288,밀양,2024-09-26,23.4,17.6,30.3,,.6,69.4,8.5,
288,밀양,2024-09-27,24.1,19.3,30.3,,.8,69.6,6.5,
288,밀양,2024-09-28,23.2,19.3,28.2,0,1.3,67.9,4.5,
288,밀양,2024-09-29,21.9,18.2,27.2,,1.1,64.3,4.9,
288,밀양,2024-09-30,21.7,15.4,29,,.6,67.8,10.3,
289,산청,2024-05-20,21.1,11.3,30.8,,1.4,50.9,12.4,
289,산청,2024-05-21,19.4,12.2,26.3,,1.2,73.9,8.8,
289,산청,2024-05-22,21,13.5,27.8,,1.3,70.3,11.6,
289,산청,2024-05-23,23.4,15.1,32.4,,1.2,59.9,12.3,
289,산청,2024-05-24,22.1,13,31.5,,1.7,61.1,10.9,
289,산청,2024-05-25,19.5,15.7,23.3,,1.6,61.9,2.6,
289,산청,2024-05-26,19.1,11.4,25.2,4.4,1.9,81.4,5.3,
289,산청,2024-05-27,20.5,16.2,24,.2,4.3,52.8,7.5,
289,산청,2024-05-28,18.6,12.1,25.5,,1.5,63.5,6.2,
289,산청,2024-05-29,20.1,10.5,29.7,,1,65.8,12.5,
289,산청,2024-05-30,19.5,14.4,26,.1,.8,72.4,.8,
289,산청,2024-05-31,22.3,16,29.6,.1,1.9,56.5,9.7,
289,산청,2024-06-01,20.9,14.7,26.4,,2.8,51.9,10.2,
289,산청,2024-06-02,20.3,12.4,27.5,,2.1,56.1,10.8,
289,산청,2024-06-03,18.4,12.2,26.9,1.6,1.5,78.8,10.1,
289,산청,2024-06-04,20.8,15.3,28,,1.1,64.8,10.9,
289,산청,2024-06-05,20.4,12.3,28.7,,1.1,67.1,10,
289,산청,2024-06-06,19.5,14.1,25.2,,1,70.3,2.8,
289,산청,2024-06-07,21.1,13.1,27.7,,1.2,64.5,9.9,
289,산청,2024-06-08,18.6,18,21,6.2,1.6,92,0,
289,산청,2024-06-09,22.7,18.1,29.7,2.5,.9,78.9,6.7,
289,산청,2024-06-10,24.3,16.3,32.8,,1.1,69.6,11.7,
289,산청,2024-06-11,25.2,17.7,34.2,,1.2,66.9,10.7,
289,산청,2024-06-12,24.8,18.4,33.9,13.4,1.1,74.5,11.9,
289,산청,2024-06-13,25.5,16.9,34.9,,1.2,67.8,12.1,
289,산청,2024-06-14,24.9,17.9,32.5,,1.3,69.6,10.5,
289,산청,2024-06-15,25.7,19.2,31.9,.5,1.2,70.8,7.3,
289,산청,2024-06-16,25.3,19.6,31.1,,2.1,56.5,12,
289,산청,2024-06-17,21,15.2,27.7,,.9,73.4,1.6,
289,산청,2024-06-18,26.4,15.5,35.5,,1.6,52,12.8,
289,산청,2024-06-19,25.6,17.2,35,,1.5,61.1,8.7,
289,산청,2024-06-20,21.7,17.3,24.3,,1.2,75.5,.9,
289,산청,2024-06-21,25,19.5,31.6,,1.7,72.5,9.1,
289,산청,2024-06-22,22.5,21.4,23.5,26.7,1.1,96.6,0,
289,산청,2024-06-23,24.8,21.9,29.2,,1.5,84.3,1.9,
289,산청,2024-06-24,24.8,20.1,30.7,,1.6,75.4,3.6,
289,산청,2024-06-25,23.9,19.4,29.6,,2.4,54.3,7.7,
289,산청,2024-06-26,23,16.1,30.2,,1.3,62.9,11.3,
289,산청,2024-06-27,19.4,16.2,23.7,,.9,80.5,0,
289,산청,2024-06-28,23.9,15.3,32.7,,1.4,76.1,10,
289,산청,2024-06-29,22.5,20.1,24.4,44.1,1.8,94,0,
289,산청,2024-06-30,24.8,23.3,27.1,59.4,1,95.9,0,
289,산청,2024-07-01,26.6,22.4,32.2,,1.2,83.9,9.5,
289,산청,2024-07-02,25.3,22.9,28.2,14.3,2.2,91.4,.1,
289,산청,2024-07-03,26.9,23.8,32.5,10.8,1.4,83.6,4.8,
289,산청,2024-07-04,27.1,20.7,33.4,,1.1,80.1,9.6,
289,산청,2024-07-05,27.5,23.9,32.2,5,1.7,75.5,9.9,
289,산청,2024-07-06,27.4,23,31.8,,1.7,81.9,5.5,
289,산청,2024-07-07,27.4,24.3,31.7,,1.4,86.3,1.2,
289,산청,2024-07-08,26,24.5,28.5,12.8,1.2,92.5,.1,
289,산청,2024-07-09,24.6,22.8,28,39.6,.9,96.9,0,
289,산청,2024-07-10,26.1,23.2,32.1,14.7,1.8,86.8,2.5,
289,산청,2024-07-11,24.4,21.9,28.3,53.8,1.2,90.1,.9,
289,산청,2024-07-12,25.1,21.1,32,.1,1.1,85.1,6.9,
289,산청,2024-07-13,24.4,21,28.3,0,1.4,85.5,3.5,
289,산청,2024-07-14,23.1,22.4,24.4,12.7,1.1,96.8,.1,
289,산청,2024-07-15,24.3,22.3,26.9,0,1.2,91,1.2,
289,산청,2024-07-16,23.2,22.4,25.3,17.6,1.2,96.4,.3,
289,산청,2024-07-17,25.7,22.3,30.2,0,1.3,90.9,.4,
289,산청,2024-07-18,26.3,24,28.6,13.3,1.8,90.5,.2,
289,산청,2024-07-19,24.5,23.4,27.9,21.4,.6,96.3,1.6,
289,산청,2024-07-20,26,22.4,31.3,59.3,1.3,87.5,3.5,
289,산청,2024-07-21,27.6,23.7,33.8,4.4,1.1,87,5.2,
289,산청,2024-07-22,28.8,24.4,33.7,,1.9,79.6,9.3,
289,산청,2024-07-23,28.4,24.8,31.7,,1.2,83.5,1.8,
289,산청,2024-07-24,27.5,24.9,32.4,1.4,1.3,89,5.6,
289,산청,2024-07-25,28.2,24.6,32.5,.3,1.4,84.8,7,
289,산청,2024-07-26,26.7,25.1,29.2,24.2,2.9,91.4,.8,
289,산청,2024-07-27,27.5,24.9,31.6,12.2,1.6,90.1,3.6,
289,산청,2024-07-28,28.5,24.7,33.2,,1.8,81.6,10.9,
289,산청,2024-07-29,28.8,23.1,34.5,,2.1,75.6,11.4,
289,산청,2024-07-30,29.4,24.1,34.4,,2.3,72.3,12,
289,산청,2024-07-31,28.9,22.7,35.4,,.8,79.9,8.9,
289,산청,2024-08-01,29,24.3,34.1,,1,83,9.4,
289,산청,2024-08-02,29.9,25.8,35.6,,1.1,82.5,9.1,
289,산청,2024-08-03,31,26,36.5,,1.2,77.3,10.6,
289,산청,2024-08-04,28.3,24.8,35.3,0,1.1,86.9,6.1,
289,산청,2024-08-05,27,23.6,34.3,9,1.1,88.5,6.5,
289,산청,2024-08-06,27.6,23.6,35.6,.9,1,85.3,7.5,
289,산청,2024-08-07,28.6,24.4,36.2,,1.2,82.1,8.7,
289,산청,2024-08-08,28.9,24.1,35,,1.4,78.1,8.4,
289,산청,2024-08-09,28.4,22.5,34.8,,1,77.3,11.6,
289,산청,2024-08-10,28,23.7,34,,1.2,82.3,7.8,
289,산청,2024-08-11,28.5,24.5,33.9,,1,78.1,9.6,
289,산청,2024-08-12,27.9,23.7,34.8,,.8,76.9,9.3,
289,산청,2024-08-13,28.1,23.3,35.1,,1,73.6,11.2,
289,산청,2024-08-14,28.2,22.5,34.7,,1,76,11.1,
289,산청,2024-08-15,28.6,23.9,34.9,0,1,76.6,10.1,
289,산청,2024-08-16,28.5,23.7,34.3,0,.9,76.6,8.7,
289,산청,2024-08-17,28.1,24.6,34.9,0,1.2,79.6,8.1,
289,산청,2024-08-18,27.5,23.9,33.9,,1,79.1,8.3,
289,산청,2024-08-19,28.5,23.8,33,,1.1,79.1,6.9,
289,산청,2024-08-20,27.8,25.5,31.9,45.6,1.9,89.8,1.9,
289,산청,2024-08-21,27.4,25.3,31.2,48.8,1.7,90.4,1.9,
289,산청,2024-08-22,27,24.6,31.7,7.1,1.4,91.8,4.2,
289,산청,2024-08-23,27.1,21.1,34,,.9,80.6,11.1,
289,산청,2024-08-24,27.7,22.5,34.4,,.8,80.4,10.3,
289,산청,2024-08-25,27.9,23,34.3,,.8,82,9.3,
289,산청,2024-08-26,27.8,24.6,33.1,0,1,80.9,6.5,
289,산청,2024-08-27,27,24,31.8,0,.9,83.4,.6,
289,산청,2024-08-28,26.1,23.1,29.3,0,1.2,77.1,.3,
289,산청,2024-08-29,27.6,24.2,31.7,0,1.6,72.8,3.6,
289,산청,2024-08-30,28.7,23.9,34.5,,1.7,68.6,10.6,
289,산청,2024-08-31,27,20.3,33.6,,1.4,72.1,11.8,
289,산청,2024-09-01,26,20.9,32.9,,.7,77.9,10.8,
289,산청,2024-09-02,25.5,20.5,30.9,3.2,.7,84.8,2.7,
289,산청,2024-09-03,24.2,20.3,27.9,.2,.6,85.6,.3,
289,산청,2024-09-04,23.9,17.8,30.6,,.8,76.4,11.5,
289,산청,2024-09-05,25.9,18.6,33.2,,.9,76.4,9.6,
289,산청,2024-09-06,25.2,23.7,29.1,50.5,.7,93.5,.6,
289,산청,2024-09-07,25.3,23.6,28.7,7.8,.4,95.5,.2,
289,산청,2024-09-08,26.9,23.5,32.3,,.8,85.4,7.9,
289,산청,2024-09-09,27.4,24.5,32.6,,.7,83.6,7.6,
289,산청,2024-09-10,27.5,22.9,33.7,,.7,83.1,9.5,
289,산청,2024-09-11,26.3,24.4,29.4,1.4,.7,91.3,.6,
289,산청,2024-09-12,27.6,25.1,31.5,,.9,88.5,1.2,
289,산청,2024-09-13,27.9,24.9,32.7,,.7,85.5,6.9,
289,산청,2024-09-14,27.7,23.2,34.4,,.8,82.9,8.5,
289,산청,2024-09-15,27.9,24,32,,.8,81.6,2.6,
289,산청,2024-09-16,27.2,25.4,30,,.9,82.6,.1,
289,산청,2024-09-17,29,25.4,35.6,,.7,80.8,9.7,
289,산청,2024-09-18,29,25.1,34.3,,1,79,9.2,
289,산청,2024-09-19,28.1,23.2,34.7,,.9,78.3,8.9,
289,산청,2024-09-20,25.2,24.6,26.5,91,.8,97.3,0,
289,산청,2024-09-21,23.3,20.9,27.1,78.7,.8,98.5,0,
289,산청,2024-09-22,21.2,18.5,23.8,.6,.6,93.6,0,
289,산청,2024-09-23,19.1,13.6,24.7,.4,1,80.3,5.8,
289,산청,2024-09-24,19,12.6,26,,.7,83.5,7.2,
289,산청,2024-09-25,21.2,16.3,28.9,,.6,83.3,8.4,
289,산청,2024-09-26,22.7,17.8,29,,.5,84.6,5,
289,산청,2024-09-27,22.7,18.6,29.9,,.8,84.4,8.6,
289,산청,2024-09-28,21.9,18.4,26.5,,.7,84.4,1.5,
289,산청,2024-09-29,20.1,15.7,26.3,,.6,86,2.8,
289,산청,2024-09-30,19.3,14.1,27.5,,.7,84,7.6,
294,거제,2024-05-20,21.3,14.7,29.2,,1.5,58.8,12.3,
294,거제,2024-05-21,18.3,15.7,22.2,,2.5,71,11.5,
294,거제,2024-05-22,18.7,13.3,25.1,,1.1,71.3,6.4,
294,거제,2024-05-23,21.5,14.6,29.3,,1.2,66.3,12.5,
294,거제,2024-05-24,20.2,17,26.6,,2.1,65.5,12.6,
294,거제,2024-05-25,18.9,16.4,22.7,,2.5,60.5,9.5,
294,거제,2024-05-26,19.9,15.4,23.2,19.8,2.2,84.9,1.5,
294,거제,2024-05-27,21.2,18.1,25.9,2.3,1.7,64.9,7.5,
294,거제,2024-05-28,19.4,14.3,25,,1.6,59.6,5.9,
294,거제,2024-05-29,19.1,12,26.5,,1,70.8,12.8,
294,거제,2024-05-30,19.2,14.6,24.9,0,.6,72.4,.7,
294,거제,2024-05-31,20.6,15.5,26.2,.3,1.9,66.8,10.1,
294,거제,2024-06-01,21,16.6,26.6,,1.4,64.3,9.5,
294,거제,2024-06-02,19.6,15.1,25.8,,1.5,68.4,11.3,
294,거제,2024-06-03,18.6,14.7,23.2,,1.8,74.9,7.2,
294,거제,2024-06-04,18.9,13.3,24.6,,1.6,69.1,12.5,
294,거제,2024-06-05,19.2,13.6,24.4,,1.4,72,10.2,
294,거제,2024-06-06,19.9,17.6,23.5,,1,76.8,.5,
294,거제,2024-06-07,21.4,15,27.4,,1,63.6,9.1,
294,거제,2024-06-08,19.1,17.4,22.1,57.3,.9,89,.2,
294,거제,2024-06-09,20.6,18.3,25.4,2,.9,91.6,4,
294,거제,2024-06-10,21.9,17.1,28.9,,1.6,79.3,10.2,
294,거제,2024-06-11,23.3,17.8,28.7,,1.9,65.8,11.7,
294,거제,2024-06-12,23.3,17.8,29,,1.6,67.3,11.6,
294,거제,2024-06-13,24.5,18.1,31.7,,.9,69.4,13,
294,거제,2024-06-14,24.1,17.8,30,,1.3,67.8,13,
294,거제,2024-06-15,25.1,20.2,30.9,,1.3,72.3,11.6,
294,거제,2024-06-16,24.4,20.4,30.6,,1.3,71.4,10.8,
294,거제,2024-06-17,22.2,19,26.5,,1,71.5,.4,
294,거제,2024-06-18,24.5,16.5,32.6,,1.3,58.5,13,
294,거제,2024-06-19,24.7,19.6,32.1,,1.2,63,8.6,
294,거제,2024-06-20,21.6,19,24.9,.2,.9,78,0,
294,거제,2024-06-21,23.7,20.3,28.7,,1.4,77.3,6.4,
294,거제,2024-06-22,23,21.4,23.7,92,1.6,93.1,0,
294,거제,2024-06-23,23.5,22.4,26.2,1.8,2.4,87.4,1.7,
294,거제,2024-06-24,23.3,21.9,26.5,,2.1,85.3,2.3,
294,거제,2024-06-25,22.7,19.2,26.1,,1.5,66.3,1,
294,거제,2024-06-26,21.7,17.3,27.2,,.7,67.4,6.2,
294,거제,2024-06-27,19.5,16.4,23,6.2,.4,81.1,0,
294,거제,2024-06-28,23,18.8,28.7,.8,1.3,82.6,10.8,
294,거제,2024-06-29,23.2,20.8,24.8,89.8,1.4,90.5,0,
294,거제,2024-06-30,23.6,22.4,24.5,38.1,2.4,95.1,0,
294,거제,2024-07-01,24.8,21.9,29.7,0,2.2,85.6,9.5,
294,거제,2024-07-02,24.4,22.9,25.2,31.1,1.4,96.5,0,
294,거제,2024-07-03,24.6,23.6,27,5.4,1.9,92.5,1.5,
294,거제,2024-07-04,25.3,22.9,30.1,.1,2.7,85.3,9.5,
294,거제,2024-07-05,25.3,23.3,28.8,7.8,2.5,86.3,7.6,
294,거제,2024-07-06,24.7,23.3,25.9,1.4,1.6,92.1,.2,
294,거제,2024-07-07,25.2,24.2,26.4,1.4,1.9,92.5,0,
294,거제,2024-07-08,24.8,24,26,3.2,1.7,94.3,0,
294,거제,2024-07-09,25,24.3,25.8,2.9,1.3,94.9,0,
294,거제,2024-07-10,24.2,22.2,26,45.3,2.4,91.3,1,
294,거제,2024-07-11,22.8,21.1,25.2,0,.7,91,0,
294,거제,2024-07-12,23.6,20.7,29.8,,1.4,84.6,7.6,
294,거제,2024-07-13,23.3,20.1,27.1,2.2,.8,89.8,2.3,
294,거제,2024-07-14,22.6,21.9,24.3,147.6,1.1,96.9,0,
294,거제,2024-07-15,23.5,22,27.4,10,1.1,92.4,.2,
294,거제,2024-07-16,23.2,22.1,24.7,63.2,.8,97.8,0,
294,거제,2024-07-17,26,24.5,28.2,0,1.9,90.9,0,
294,거제,2024-07-18,26,25.2,27,2.1,1.7,91.4,0,
294,거제,2024-07-19,24.6,23,27.5,10.9,1.5,89.3,2.3,
294,거제,2024-07-20,27.1,23.2,30.2,,1.9,84.9,1.8,
294,거제,2024-07-21,27.5,24.3,30.6,2.2,2.2,81.9,9.5,
294,거제,2024-07-22,27.5,26.3,29.1,4.7,2.1,87.6,0,
294,거제,2024-07-23,27.9,26.7,29.6,2.6,2.3,86.9,.4,
294,거제,2024-07-24,26.1,24.5,27.5,38.2,1.5,92.6,.5,
294,거제,2024-07-25,28.4,25.7,31.8,,1,82.6,8.1,
294,거제,2024-07-26,28,25.5,31.3,.5,2.1,80.9,4.9,
294,거제,2024-07-27,28.4,26.1,30.4,.2,2.1,83.1,.9,
294,거제,2024-07-28,28.7,27.1,31.1,0,1.9,82.6,4.6,
294,거제,2024-07-29,28.2,26.5,31.6,,2.5,79.1,12.6,
294,거제,2024-07-30,28.6,25.6,31.7,,2,75.4,12.9,
294,거제,2024-07-31,28.7,25.4,32.5,,2,77.3,12.9,
294,거제,2024-08-01,28.6,25.4,32,,2,80.8,11.2,
294,거제,2024-08-02,29.4,26.6,32.9,,2.1,78.8,10.2,
294,거제,2024-08-03,30.5,26.7,34.9,,1.1,77.6,11.6,
294,거제,2024-08-04,29.4,26.9,33.5,,1.6,83,6.4,
294,거제,2024-08-05,29,26.3,33,,1.4,76.5,11.2,
294,거제,2024-08-06,28.8,26.2,33.8,,1.2,78,5.8,
294,거제,2024-08-07,28.8,25,34.4,,1,79.3,11.7,
294,거제,2024-08-08,28.2,22.7,34.5,6.7,1.1,80.4,10.7,
294,거제,2024-08-09,28.1,23.6,32.7,,.8,81.1,9.8,
294,거제,2024-08-10,28.3,24.9,32.7,,1.2,78.4,11.3,
294,거제,2024-08-11,28.1,24.3,32.7,,1.4,74.3,11.2,
294,거제,2024-08-12,27.7,23.1,32.7,,1.5,74.8,12.1,
294,거제,2024-08-13,27.3,23,32.1,,1.4,75.8,10.1,
294,거제,2024-08-14,28.3,23.5,33.3,,1.4,75.5,11.4,
294,거제,2024-08-15,28.2,24.7,32.8,,1.4,76.1,7.5,
294,거제,2024-08-16,28.2,24.6,33.2,,1.3,75.1,7.9,
294,거제,2024-08-17,28.2,24.6,32.8,,1.2,74.6,7.1,
294,거제,2024-08-18,28.4,24.5,32.3,,1.6,72.6,10.7,
294,거제,2024-08-19,28.4,25,32.3,1.7,1.5,80.5,3,
294,거제,2024-08-20,27.8,25.4,31.2,65.9,2,85.9,.8,
294,거제,2024-08-21,27.8,25.5,29.7,21.8,1.9,87.3,.1,
294,거제,2024-08-22,28.6,26.6,31,9.5,2,83.6,1.5,
294,거제,2024-08-23,28.5,24.8,31.9,,1.4,77.3,12,
294,거제,2024-08-24,28.1,24.8,32.6,,1.1,79.8,10,
294,거제,2024-08-25,27.4,24,32.2,,.9,79.4,10.1,
294,거제,2024-08-26,27.2,23.8,30.8,.3,.8,84.1,4.3,
294,거제,2024-08-27,27.7,26.1,31.3,,1.5,79.1,2.4,
294,거제,2024-08-28,25.9,23.6,28,2.6,1.5,81.8,0,
294,거제,2024-08-29,28.2,24.6,31.9,1,2,71.3,3.7,
294,거제,2024-08-30,28.6,25.1,33,,1.9,68.5,8.4,
294,거제,2024-08-31,26.9,22.8,32.4,,1.5,72.8,12,
294,거제,2024-09-01,26.3,21.8,31.5,,1.4,75.5,11.4,
294,거제,2024-09-02,26.4,23.2,29.7,0,1.1,79.9,4.7,
294,거제,2024-09-03,25.5,22.9,28.6,,1.5,72.4,3.1,
294,거제,2024-09-04,25.1,20.9,29.8,,1.6,71.9,11.4,
294,거제,2024-09-05,26,20.5,31.2,,1.3,75.9,11.7,
294,거제,2024-09-06,26.8,24.7,30.3,0,1.3,82.1,.9,
294,거제,2024-09-07,27.5,24.9,32.2,,1.4,79.4,5.3,
294,거제,2024-09-08,27.2,24.4,31.4,0,1,83.6,3.1,
294,거제,2024-09-09,27.7,25.2,31.8,0,1.9,75.9,7.3,
294,거제,2024-09-10,27.5,23.2,32.6,,1.3,78.5,8.1,
294,거제,2024-09-11,27,25,30,8.9,.5,88.1,.8,
294,거제,2024-09-12,28,25.6,32.1,,1.4,83.8,4.1,
294,거제,2024-09-13,27.8,25.1,32,,1,81.8,6.5,
294,거제,2024-09-14,28.3,24.2,33.2,,1.5,79,10.1,
294,거제,2024-09-15,28.5,26.1,32.2,.5,2,78.4,3,
294,거제,2024-09-16,27.6,25.9,30.2,0,1.7,81,1.2,
294,거제,2024-09-17,29.2,25.7,33.9,,1.2,78.5,7.8,
294,거제,2024-09-18,29.2,26.6,34,,1.3,74.8,6.1,
294,거제,2024-09-19,28.8,24.5,33.9,,1.4,76.3,10.5,
294,거제,2024-09-20,27.2,25.3,29.3,33,2,86.6,0,
294,거제,2024-09-21,24.3,21.7,27.3,348.2,1.9,94.3,0,
294,거제,2024-09-22,22.2,21,24.2,.3,1.4,82.4,0,
294,거제,2024-09-23,21.6,18.2,25.6,,1.8,61.9,8.6,
294,거제,2024-09-24,21.5,16.9,26.8,,1.2,73.8,3.4,
294,거제,2024-09-25,22.6,18.7,27.8,,1.1,79.1,2.4,
294,거제,2024-09-26,23.2,19.2,28.7,,.7,79.5,9,
294,거제,2024-09-27,23.6,20.4,28.6,,1.2,82.1,6.9,
294,거제,2024-09-28,23.8,20.3,27.9,0,1.4,75.4,5,
294,거제,2024-09-29,23.2,20.8,27,,1.9,65.3,6.1,
294,거제,2024-09-30,21.8,17.6,27.5,,.9,80.1,7.7,
295,남해,2024-05-20,22,15.6,29.2,,1.2,54.3,12,
295,남해,2024-05-21,19.5,15.5,23.9,,1.5,71.5,11.4,
295,남해,2024-05-22,19.2,14.9,25.1,,1,72,5.5,
295,남해,2024-05-23,22,16.1,29.5,,1,70.4,12.3,
295,남해,2024-05-24,21.7,17.1,28.2,,1.5,61.8,12,
295,남해,2024-05-25,19.4,15.9,24.2,,1.7,53.9,10.4,
295,남해,2024-05-26,19.6,14.3,23.4,15.7,2,81.3,2.8,
295,남해,2024-05-27,21.5,18,25.6,,2.4,54.6,7.9,
295,남해,2024-05-28,19.6,16,24.9,,1.7,60.9,7.1,
295,남해,2024-05-29,20.2,14.1,27,,1.3,66.1,12.4,
295,남해,2024-05-30,19.2,14.8,24.4,.2,1,69.8,.9,
295,남해,2024-05-31,21.3,15.4,27.2,.7,1.6,61.5,10.4,
295,남해,2024-06-01,21.8,17.3,26.4,,1.9,51.6,8.9,
295,남해,2024-06-02,20.3,15.4,26.1,,1.4,60.3,10.3,
295,남해,2024-06-03,19,15.4,23.9,0,1.4,77.3,7.4,
295,남해,2024-06-04,19.2,15.8,25,,1.6,70.9,10.6,
295,남해,2024-06-05,19.9,15,26.3,,1.2,67.5,6.6,
295,남해,2024-06-06,19.3,16.5,22.8,0,1,73.4,.4,
295,남해,2024-06-07,21.2,16.1,26.2,,1.1,63.9,6.3,
295,남해,2024-06-08,19.1,18.2,20,56.4,1.3,96.8,0,
295,남해,2024-06-09,,18.7,27.2,.6,1.5,,5.8,
295,남해,2024-06-10,23.5,18.2,30.7,,1.1,75.8,10.3,
295,남해,2024-06-11,23.8,18.9,30.2,,1,70.6,10.5,
295,남해,2024-06-12,24.2,18.2,30,,1.2,69.3,10.9,
295,남해,2024-06-13,24.9,19.8,31.9,,1.1,63,12.4,
295,남해,2024-06-14,24.5,18.3,30.5,,1.3,68.1,10.5,
295,남해,2024-06-15,25.5,20.8,30.4,,1.4,73.9,10.5,
295,남해,2024-06-16,25.4,20.9,30.7,,1.6,57.9,9.3,
295,남해,2024-06-17,21.8,18.7,26.4,,.9,66.4,.5,
295,남해,2024-06-18,25,17.5,33.1,,1.1,61.3,12.3,
295,남해,2024-06-19,25,20.9,32.8,,1.2,63.4,8.2,
295,남해,2024-06-20,21.4,19,23.9,.6,1.1,79.5,0,
295,남해,2024-06-21,23.7,20.3,28.7,,1.4,78.1,6.2,
295,남해,2024-06-22,23.4,21.8,25,39.9,1.6,95.4,0,
295,남해,2024-06-23,24.8,22.7,28.7,.3,1.9,82.8,2.4,
295,남해,2024-06-24,24.7,21.7,27.3,,1.6,80.4,2.9,
295,남해,2024-06-25,23.1,20.5,26.6,,1.3,63.5,1.4,
295,남해,2024-06-26,22.3,18.4,27.5,,1.2,60.1,7.7,
295,남해,2024-06-27,19.5,17.7,22.2,6.7,.9,82.1,0,
295,남해,2024-06-28,23,18.2,29,,1.5,79.5,11.7,
295,남해,2024-06-29,23.2,19.9,25.7,56.4,1.7,93.5,0,
295,남해,2024-06-30,24.9,23.4,26.8,45.7,2.1,92.5,0,
295,남해,2024-07-01,25.7,22.1,30,3.6,1.1,85.9,8,
295,남해,2024-07-02,25,23,26.5,37,2.1,95,0,
295,남해,2024-07-03,26.8,24.4,30.7,1.4,2.1,83,7.6,
295,남해,2024-07-04,26.8,22.4,32,,1.3,81.5,12.3,
295,남해,2024-07-05,27.2,24.2,30.8,8.7,2,78.9,9.5,
295,남해,2024-07-06,26.9,23.3,29.9,,2.2,81.9,8,
295,남해,2024-07-07,27.2,26.2,29.7,,2.9,82.6,1.4,
295,남해,2024-07-08,26.9,25.9,28.8,0,2.4,85.3,.2,
295,남해,2024-07-09,26.6,24.9,28.9,0,2.2,87.1,.1,
295,남해,2024-07-10,25.7,23,29.7,32.8,2.4,86.6,3.5,
295,남해,2024-07-11,23.5,21.9,26.7,,.9,92.4,0,
295,남해,2024-07-12,24.5,21,29.7,,1.1,83.1,10.2,
295,남해,2024-07-13,23.5,20.4,27.6,.7,.8,89.3,.5,
295,남해,2024-07-14,23.1,22.7,23.8,97.9,1,97.9,0,
295,남해,2024-07-15,23.9,22.7,26.6,1.3,1,93.8,0,
295,남해,2024-07-16,23.1,21.6,24,207.1,.8,97.5,0,
295,남해,2024-07-17,26.1,22.6,29,,1.3,90.3,.5,
295,남해,2024-07-18,27.1,25.2,28.7,0,2.2,86.1,.1,
295,남해,2024-07-19,25.3,23.7,28.8,22,1.4,90.1,2.9,
295,남해,2024-07-20,26.9,22.6,31.1,,1.6,85.9,3.7,
295,남해,2024-07-21,27.8,23.8,31.9,13,1.8,81.4,8.5,
295,남해,2024-07-22,28.3,26.1,30.9,,1.7,81.5,4.4,
295,남해,2024-07-23,28.7,27.2,30.7,2,1.6,82.6,2.4,
295,남해,2024-07-24,27.9,25.9,30.5,2.3,1.4,88.3,4.9,
295,남해,2024-07-25,27.7,25,31.9,11.3,1.2,87.1,7.9,
295,남해,2024-07-26,27.2,24.3,30.5,22,2,87.4,.8,
295,남해,2024-07-27,28.1,25.3,29.7,9.3,2.1,86.1,.7,
295,남해,2024-07-28,28.8,26.6,31.4,1.2,1.3,80.9,5.3,
295,남해,2024-07-29,29.1,25.3,33,,1.8,76.1,11.4,
295,남해,2024-07-30,29.6,24.6,34.1,,2,71.1,12.2,
295,남해,2024-07-31,29.3,25.7,33.3,,1.9,73,11.8,
295,남해,2024-08-01,28.1,25,32,,1.2,82.5,7.6,
295,남해,2024-08-02,29.3,25.7,34,,1.1,81.4,9.6,
295,남해,2024-08-03,30.4,26.8,35.7,,1,80.5,11.4,
295,남해,2024-08-04,29.3,26.7,34,,1.1,84,6.4,
295,남해,2024-08-05,28.5,25.2,33.9,,1.2,79,8.5,
295,남해,2024-08-06,28.4,24.8,33.7,,1.1,80,9.3,
295,남해,2024-08-07,28.9,24.6,34.5,,1,79.3,9.3,
295,남해,2024-08-08,29.3,25.8,34.3,,1,78,8.6,
295,남해,2024-08-09,28.3,25.2,34.2,,1.2,74.1,11.5,
295,남해,2024-08-10,27.7,24.6,32.6,,1.1,79.9,10.2,
295,남해,2024-08-11,28,24.2,32.7,,1.1,77.6,10.4,
295,남해,2024-08-12,27.8,24.2,33.2,,1.1,76.4,11.2,
295,남해,2024-08-13,27.9,24.6,33,,1.3,74.3,11.5,
295,남해,2024-08-14,28.5,24.7,33.3,,1.2,74.6,11.7,
295,남해,2024-08-15,28.9,25.7,33.6,,1.3,76,10.6,
295,남해,2024-08-16,28.3,25.2,32.8,,1.2,77,7.5,
295,남해,2024-08-17,28.5,25.4,33.6,,1.2,77.4,8.7,
295,남해,2024-08-18,28.1,25.4,33.1,,1.4,75,9,
295,남해,2024-08-19,28.6,25.3,32.9,0,1.1,79.3,6.1,
295,남해,2024-08-20,28.2,26.7,31.2,17.9,2.1,87.8,.9,
295,남해,2024-08-21,28.7,25.2,30.9,40.3,1.9,85.4,1.6,
295,남해,2024-08-22,28.3,26.5,29.6,10.1,1.8,85.3,.5,
295,남해,2024-08-23,28.3,24.2,32.9,,1.1,78,11,
295,남해,2024-08-24,27.9,24.6,33,,1.2,78.8,10.2,
295,남해,2024-08-25,28,24.6,32.7,,1.2,79.5,10.4,
295,남해,2024-08-26,27.9,25,32.3,,1.1,81,7.9,
295,남해,2024-08-27,28.1,25.4,32.9,0,1.7,81.5,3.1,
295,남해,2024-08-28,27,24.9,29.7,0,2.7,75.9,.3,
295,남해,2024-08-29,28.5,25.7,32.1,,3,68.9,6.2,
295,남해,2024-08-30,29.4,25.7,34.6,,1.7,64.9,9.4,
295,남해,2024-08-31,26.9,22.6,33.5,,1.1,68.9,11.4,
295,남해,2024-09-01,26.6,23,31.5,,1.2,75.8,10.2,
295,남해,2024-09-02,26.5,23.3,31.8,,1,76.9,5.3,
295,남해,2024-09-03,26.4,23.5,29.4,0,1.8,73.4,2.3,
295,남해,2024-09-04,25,21,30.5,,1.8,69.5,11.4,
295,남해,2024-09-05,26.3,20.7,32,,1.2,74,11.3,
295,남해,2024-09-06,27.1,25.1,30.6,.3,.9,82,2.7,
295,남해,2024-09-07,26.6,24.1,30,4.4,.7,86.5,.8,
295,남해,2024-09-08,26.9,24,30.9,,.9,82.6,4.7,
295,남해,2024-09-09,27.6,24.6,32.6,,1.3,79.3,8.5,
295,남해,2024-09-10,28,24.2,33.8,,1.4,77.5,11.3,
295,남해,2024-09-11,26.8,25.7,28.9,1.3,1,90,.3,
295,남해,2024-09-12,27.7,25.5,32.1,,1,85,3.7,
295,남해,2024-09-13,27.8,25.2,32.9,,1.1,82,6.9,
295,남해,2024-09-14,28.8,25,34.3,,1.1,76.6,10.4,
295,남해,2024-09-15,29.4,26.7,33.2,,2,75.9,7,
295,남해,2024-09-16,28.1,26.4,30.7,,2,78.4,.7,
295,남해,2024-09-17,29.1,25.7,34.3,,1.1,78.4,9.6,
295,남해,2024-09-18,28.8,26.1,33.7,,1.1,76.4,5.7,
295,남해,2024-09-19,29,25.4,35,,1.2,73.9,10.4,
295,남해,2024-09-20,27.4,25.2,29.1,63.9,2.1,86.8,0,
295,남해,2024-09-21,25.4,21.9,28.7,228.6,2.3,89.4,.1,
295,남해,2024-09-22,22.4,20.8,24.2,3.7,1.8,84.1,0,
295,남해,2024-09-23,21,17.6,24.8,0,2.5,70.4,4.5,
295,남해,2024-09-24,21.3,16.5,26.6,,1.6,72.9,7.2,
295,남해,2024-09-25,22.7,19.2,28.2,,1.3,79.1,9.7,
295,남해,2024-09-26,23.4,19.8,28.9,,1.1,76.4,8.8,
295,남해,2024-09-27,23.9,20.9,29,,1.1,81.5,7.3,
295,남해,2024-09-28,24.2,21.6,28.9,,2.3,74.8,8.1,
295,남해,2024-09-29,23.5,20,27.4,,2.3,68.3,6.1,
295,남해,2024-09-30,21.6,17.6,27.2,,1.3,76.9,9.4,
296,북부산,2024-05-20,21.6,13.9,31.3,,1.9,59.1,11.3,27.9
296,북부산,2024-05-21,19.9,16.3,25.1,,3.7,66.8,11.2,27.81
296,북부산,2024-05-22,19.5,13.1,26,,2,67.4,9,24.4
296,북부산,2024-05-23,22.5,15.8,28.4,,1.9,69.1,11.5,28.09
296,북부산,2024-05-24,21.5,15.5,28.7,,2.3,63.5,11.7,28.05
296,북부산,2024-05-25,20.5,17,25.3,,3.1,48.1,8,24.59
296,북부산,2024-05-26,19.7,13.1,24.8,10,2.6,77.3,2.7,15.21
296,북부산,2024-05-27,23.1,20.2,27.4,1,2,57.3,8.5,23.9
296,북부산,2024-05-28,19.5,13.4,25,,3.5,55,6.6,23.42
296,북부산,2024-05-29,18.7,10.3,26.1,,2.2,63.9,11.8,28.95
296,북부산,2024-05-30,20,13.7,26.9,0,1.3,62.9,.9,13.78
296,북부산,2024-05-31,21.6,16.3,28.8,.5,1.9,67.3,9.9,27.42
296,북부산,2024-06-01,21.5,16.1,27.3,,1.7,64.8,6.6,20.49
296,북부산,2024-06-02,19.8,14.5,26.1,,1.8,69.3,6.4,20.85
296,북부산,2024-06-03,19.4,14.9,24.8,,2.1,68.1,4.9,20.06
296,북부산,2024-06-04,19.4,13,26.4,,2.4,65.6,10.8,29.25
296,북부산,2024-06-05,20.7,13.2,27.6,,2,57.5,10.3,26.64
296,북부산,2024-06-06,20.9,16.6,25.3,,1.5,67.9,1.4,15.21
296,북부산,2024-06-07,22.4,15.2,28,,1.8,60.8,9.3,24.41
296,북부산,2024-06-08,20,18.3,23.6,14.5,1.3,88.5,.1,5.69
296,북부산,2024-06-09,22,19.2,26.2,.5,1.9,86.1,2.4,13.11
296,북부산,2024-06-10,23.4,20,29.5,,1.6,79.8,9,25.67
296,북부산,2024-06-11,24.1,18.4,31.4,,1.9,70.4,10.8,26.92
296,북부산,2024-06-12,24.8,18.3,30.8,,1.9,69,11,27.55
296,북부산,2024-06-13,25.7,19.7,33.5,,1.6,68.4,11.2,27.93
296,북부산,2024-06-14,25,17.8,31.3,,1.9,66.1,11.8,29.25
296,북부산,2024-06-15,26.3,20.3,32.5,23.5,2.1,70.1,11.2,27.66
296,북부산,2024-06-16,25.6,21.1,31.4,,1.6,71.3,9.8,25.37
296,북부산,2024-06-17,22.8,18.6,28.2,,1.3,74.5,.8,12.83
296,북부산,2024-06-18,24.6,17.7,33.6,,1.7,64.8,11.8,29.11
296,북부산,2024-06-19,25.6,19.2,32.3,,2.1,65.4,9.9,24.99
296,북부산,2024-06-20,22.9,18.6,26.1,0,1.4,74.4,0,8.02
296,북부산,2024-06-21,24.9,21.8,29.2,,2.1,74.9,5.9,18.62
296,북부산,2024-06-22,23.8,23.1,25,31,2.4,93.9,0,2.87
296,북부산,2024-06-23,25.4,22.8,31.4,,2.5,85.8,1.1,11.79
296,북부산,2024-06-24,24.3,22,27.6,,2.9,86,4,17.49
296,북부산,2024-06-25,23.8,19.8,28.9,,1.4,64.8,1.4,15.43
296,북부산,2024-06-26,23.1,17.5,28.9,,1.5,65,8.5,23.13
296,북부산,2024-06-27,21.5,16.8,25.5,.5,.8,73.4,0,8.68
296,북부산,2024-06-28,24.2,19,29,0,2,78.3,11.8,28.9
296,북부산,2024-06-29,23.7,20.5,26.2,55.5,2.5,92.3,1.1,9.72
296,북부산,2024-06-30,24.5,23.7,25.8,51.5,3.2,96.3,0,3.68
296,북부산,2024-07-01,26,23,30.4,,2.2,87.3,7.6,23.58
296,북부산,2024-07-02,24.8,23.7,26.8,47,2.6,97.3,0,5.53
296,북부산,2024-07-03,26.2,24.3,29.5,.5,3.5,90.8,4.8,16.36
296,북부산,2024-07-04,26.9,22.9,32.6,,2.7,83,10.2,26.41
296,북부산,2024-07-05,26.6,23.9,30.9,1.5,3.4,85.1,7.2,21.67
296,북부산,2024-07-06,26.2,23.5,29.3,,3.4,89.9,5.3,19.44
296,북부산,2024-07-07,26.8,24.9,30.3,,3.4,87.1,1.4,12.4
296,북부산,2024-07-08,26.1,24.7,27.5,0,2.7,92.6,0,4.71
296,북부산,2024-07-09,26.3,25.4,27.5,3,2,94.4,0,3.79
296,북부산,2024-07-10,25.5,23,29.1,29.5,3.6,92,1.5,9.37
296,북부산,2024-07-11,24.1,22.4,27.1,0,1.5,89.1,.3,11.77
296,북부산,2024-07-12,25.4,21.4,31.5,,1.7,83.3,9.2,25.22
296,북부산,2024-07-13,25.4,21.2,28.9,0,1.7,80.4,3.6,15.44
296,북부산,2024-07-14,24,22.9,26.4,40,1.9,94.5,0,5.11
296,북부산,2024-07-15,25.5,22.9,28.5,.5,2.6,84,.7,14.67
296,북부산,2024-07-16,24.3,23.5,26.3,28.5,1.2,96.9,0,4.44
296,북부산,2024-07-17,26.6,23.7,31.5,,2.5,92.5,2.2,13.91
296,북부산,2024-07-18,26.4,25.5,27.6,1,3.6,95.5,0,6.77
296,북부산,2024-07-19,25.6,23.8,29.3,14,2,92,1.8,9.51
296,북부산,2024-07-20,27.4,23,31.8,.5,2.1,86.6,5.3,18.73
296,북부산,2024-07-21,29.1,26.3,33.6,1,3.1,79.3,9.3,25.58
296,북부산,2024-07-22,28.9,26.5,33.1,,2.9,85.1,6,21.78
296,북부산,2024-07-23,29.5,26.7,33.4,1.5,2.9,81.4,3.3,16.54
296,북부산,2024-07-24,26.5,23.6,29,47,2,90.9,1.8,12.59
296,북부산,2024-07-25,29,24.9,33.1,1.5,1.9,85,9.5,25.46
296,북부산,2024-07-26,29.3,25.8,32.8,0,2.6,80.5,6.3,21.33
296,북부산,2024-07-27,29.3,27.3,32.1,0,3.3,86.3,7.3,23.73
296,북부산,2024-07-28,29.9,26.4,34.1,0,2.7,77.5,8.5,21.59
296,북부산,2024-07-29,30.2,26.6,35.9,,2.5,75.9,9,24.06
296,북부산,2024-07-30,30.9,24.6,37,,1.5,71.4,11.4,27.95
296,북부산,2024-07-31,30.3,25.6,35.3,,1.9,76.9,11.2,27.23
296,북부산,2024-08-01,29.9,25.3,34.7,,2.2,78.8,10.9,27.09
296,북부산,2024-08-02,30.2,26.3,34.7,,2.1,81.5,11.4,27.14
296,북부산,2024-08-03,31.3,27.6,36.8,2,1.3,79.9,7.1,19.35
296,북부산,2024-08-04,30.7,27.7,36,0,1.7,79.6,5.9,17.68
296,북부산,2024-08-05,30.5,27.1,35.7,,1.6,77,8.4,22.18
296,북부산,2024-08-06,29.3,26,34.6,4.5,1.4,84.5,5.9,17.68
296,북부산,2024-08-07,29.6,25.5,34.5,0,1.8,83.3,9.9,24.57
296,북부산,2024-08-08,28.9,25,36.5,8.5,1.4,85.9,6.9,17.92
296,북부산,2024-08-09,29.2,24.5,34.4,,1.5,80.6,8.1,22.05
296,북부산,2024-08-10,29.5,25,34.8,,2.1,77.1,10.1,23.78
296,북부산,2024-08-11,28.7,24.8,34.4,,1.9,76.1,7.6,21.43
296,북부산,2024-08-12,28.8,23.1,34.7,,2,75.4,11,25.68
296,북부산,2024-08-13,28.9,23.5,34.9,,2.5,72,10.4,24.61
296,북부산,2024-08-14,29.4,24,35.3,,2.5,75.1,9.8,23.55
296,북부산,2024-08-15,29.5,26.3,34.9,,2.6,75.8,8.3,23.16
296,북부산,2024-08-16,29.4,24.5,35,,2.3,73.4,7.6,21.72
296,북부산,2024-08-17,29.9,25.6,35,,1.9,73,9.4,23.25
296,북부산,2024-08-18,29.3,24.9,34.3,,2.1,71.9,10.1,23.58
296,북부산,2024-08-19,29.9,25,35,0,2,79.3,6.8,17.7
296,북부산,2024-08-20,29.1,26.8,32.1,38,2.8,93.4,3.1,12.19
296,북부산,2024-08-21,28.8,26.1,32.1,10.5,3,97.4,1.6,11.84
296,북부산,2024-08-22,29.8,26.7,32.5,0,3.2,93.3,6.5,21.07
296,북부산,2024-08-23,29.8,26.2,34.8,0,1.7,78.5,11,24.76
296,북부산,2024-08-24,29.1,25.2,34.7,,1.6,82,9.9,21.14
296,북부산,2024-08-25,29,24.8,33.8,,1.7,81.9,10.3,22.11
296,북부산,2024-08-26,28.9,25.2,33.1,5,1.6,84.8,5.9,15.04
296,북부산,2024-08-27,28,25.5,32.4,0,3.4,78.8,2.2,14.32
296,북부산,2024-08-28,27.1,25.4,30.1,2,4.7,81.4,1,9.09
296,북부산,2024-08-29,29.2,26,32.5,3,5.7,74,6.5,20.4
296,북부산,2024-08-30,29.8,25.6,35.4,0,3.7,66.4,6.4,20.77
296,북부산,2024-08-31,27.8,22.6,34.1,,1.8,70.6,9.6,23.05
296,북부산,2024-09-01,27.3,22.4,32.3,,1.8,76.1,9.9,22.16
296,북부산,2024-09-02,27.3,23.1,32.3,0,1.6,76.1,3.5,13.13
296,북부산,2024-09-03,25.7,23.7,29.6,1,3.9,72.3,3.2,15.11
296,북부산,2024-09-04,26.1,20.3,32,,2.3,69,10.8,24.06
296,북부산,2024-09-05,26.4,19.9,32.8,,1.8,74.9,11.1,23.79
296,북부산,2024-09-06,27.2,24.3,32.1,0,1.8,80.6,1.2,9.09
296,북부산,2024-09-07,27.9,25,32.7,,2,79,3.7,15.81
296,북부산,2024-09-08,28.3,24.5,33.2,0,1.5,80.4,3.9,13.67
296,북부산,2024-09-09,28.8,25.4,33.6,,2.6,73.8,7.4,18.83
296,북부산,2024-09-10,29.3,24.2,35,,2,73.1,9.3,21.16
296,북부산,2024-09-11,28.5,26.1,32.5,5,1.3,86.6,1,10.85
296,북부산,2024-09-12,28.3,25.7,33.7,1.5,1.6,85.9,2.8,11.1
296,북부산,2024-09-13,29,24.8,33.9,,1.7,80.4,9.9,21.38
296,북부산,2024-09-14,29.4,24.5,35.4,,1.7,74.9,9.3,20.57
296,북부산,2024-09-15,29,27.1,31.8,0,3.9,77.3,5.3,14.72
296,북부산,2024-09-16,28,26.1,31.9,0,3.9,79.5,3,16.37
296,북부산,2024-09-17,29.9,25.5,35,,1.6,79.4,6.3,15.57
296,북부산,2024-09-18,30.1,26,35.7,,1.9,71.6,8.9,21.32
296,북부산,2024-09-19,29.9,24.3,36.2,,1.5,73.8,9.4,20.43
296,북부산,2024-09-20,27.5,25.7,30.5,33,1.9,93.8,0,3.01
296,북부산,2024-09-21,22.9,21.2,26.9,369,3.6,97.9,0,1.22
296,북부산,2024-09-22,22.3,20.6,25.2,1,3.8,81.9,.3,7.01
296,북부산,2024-09-23,21.3,19.3,25,,4.6,61,8.8,20.37
296,북부산,2024-09-24,22.1,17,26.5,,3.2,71.9,4.4,15.92
296,북부산,2024-09-25,23.6,19.4,30.1,,2,74.4,4.2,15.45
296,북부산,2024-09-26,24.1,18,31,,1.3,77.6,8.6,17.95
296,북부산,2024-09-27,24.5,20.5,30.5,,1.9,78.9,4.1,12.08
296,북부산,2024-09-28,24.1,22.4,28,8,3.7,75.3,4.5,13.16
296,북부산,2024-09-29,23.7,21.7,27.7,,4.2,62.5,7.7,18.01
296,북부산,2024-09-30,23.1,17.1,29.4,,1.6,75.6,7.3,16.45
