지점,지점명,일시,평균기온(°C),최저기온(°C),최고기온(°C),일강수량(mm),평균 풍속(m/s),평균 상대습도(%),합계 일조시간(hr),합계 일사량(MJ/m2)
90,속초,2025-05-15,22.2,17.8,28.4,.5,2.2,56.8,9,22.48
90,속초,2025-05-16,21.2,18.3,24.6,.2,1.6,67.1,4.2,15.23
90,속초,2025-05-17,19.8,15.4,26.4,0,2.9,69.8,11.8,25.37
90,속초,2025-05-18,16.6,13.7,19.2,,2.9,53.1,12.7,27.86
90,속초,2025-05-19,18.1,11.8,25.3,,2.7,49.1,7.6,22.06
90,속초,2025-05-20,22,16.1,29.8,,2.6,67.6,9.8,22.84
90,속초,2025-05-21,16,13.4,23.3,.1,2.4,84.4,4.3,17.04
90,속초,2025-05-22,15.3,11.9,19,1.3,1.6,76.9,9.8,26.15
90,속초,2025-05-23,14.6,11.5,17,1.9,1.5,85.9,0,9.39
90,속초,2025-05-24,13.7,12.8,15.3,1.6,1.4,82.6,.1,6.71
90,속초,2025-05-25,14.6,8.8,19,,2.6,79.6,11.9,28.05
90,속초,2025-05-26,16.4,12.6,21.2,,2.2,79.5,12.9,26.92
90,속초,2025-05-27,16.9,12.3,21,,1.6,78.6,13.2,27.98
90,속초,2025-05-28,15.7,14.3,17.7,0,2,88.3,1.1,14.14
90,속초,2025-05-29,16.5,13.4,20.4,,2.1,84.1,9,24.17
90,속초,2025-05-30,15.7,11.9,19.7,,1.9,81.4,13,27.07
90,속초,2025-05-31,17,10.3,22.1,,1.6,68.5,11.1,25.07
90,속초,2025-06-01,17,14.6,19.8,,2.1,81.5,8.7,25.08
90,속초,2025-06-02,18.5,15.3,22.7,0,1.1,84,0,7.12
90,속초,2025-06-03,19,14.3,24.2,7.1,1.8,74.9,6.8,20.42
90,속초,2025-06-04,20.6,14.7,26.8,0,3.1,46.6,8.7,22.08
90,속초,2025-06-05,23.5,16.8,30.2,,2.5,45.3,13.1,29.45
90,속초,2025-06-06,25.6,20.8,32.4,,2.7,38.1,12.4,27.54
90,속초,2025-06-07,22.7,19.4,27,,2.6,59.6,5.2,13.72
90,속초,2025-06-08,21.4,18.5,23.8,,1.9,74.3,13.4,28.99
90,속초,2025-06-09,22.3,17.7,26.9,,2.2,72.8,13,29.52
90,속초,2025-06-10,26.5,21.8,31,,3.3,42.5,5.5,15.51
90,속초,2025-06-11,23.9,19.6,29.6,,3.3,44.8,12.9,29.48
90,속초,2025-06-12,21.8,17.8,25.2,,1.6,65.5,13.7,30.4
90,속초,2025-06-13,21.3,17.7,25.2,0,1.7,80.8,8,22.48
90,속초,2025-06-14,21.6,19.3,25.5,,1.8,83.5,8.9,23.87
90,속초,2025-06-15,20.4,19.2,22.6,3.9,2.2,85.8,0,12.54
90,속초,2025-06-16,21,19.1,25.1,11,1.8,86.9,2.2,10.39
90,속초,2025-06-17,25.4,20.3,31.5,,2.2,56.4,12.5,26.93
90,속초,2025-06-18,24.4,20.3,29.6,,2,68,13.7,28.98
90,속초,2025-06-19,26.2,20.9,32.5,,1.9,59,11.5,27.16
90,속초,2025-06-20,25.1,19.7,30,1.2,2.8,74.1,0,3.01
90,속초,2025-06-21,23.3,19.6,28.5,0,2.1,72.3,.1,9.74
90,속초,2025-06-22,27.6,22,32.2,,3.2,43.5,13.7,30.64
90,속초,2025-06-23,23,19.5,25.8,,1.7,68.6,13.3,30.51
90,속초,2025-06-24,21.1,16.9,23.3,.2,1.6,75.5,3.8,14.07
90,속초,2025-06-25,20.3,18.1,22.5,5.2,1.9,83.6,.3,8.33
90,속초,2025-06-26,21.9,19.5,26.2,0,1.4,84.5,4.4,15.68
90,속초,2025-06-27,23.8,20.3,29,0,1.2,79.5,.6,13.28
90,속초,2025-06-28,22.9,21.4,25.9,1.6,1.2,89.4,.8,7.71
90,속초,2025-06-29,25.6,21.7,30.9,0,1.5,81,7.8,22.14
90,속초,2025-06-30,27.7,22.9,34.2,0,1.6,69.1,7.2,20.23
90,속초,2025-07-01,29.5,26.2,32.8,,1.7,62.3,5.1,14.93
90,속초,2025-07-02,31.4,27.9,34,0,2.5,53,4.7,13.45
90,속초,2025-07-03,28.8,26.9,31.9,0,1.4,63,,
90,속초,2025-07-04,29.1,25.2,32,0,3.4,56.9,3,9.13
90,속초,2025-07-05,30.6,25.7,35,,2.5,59.3,9.2,24.93
90,속초,2025-07-06,31.2,28.1,34.6,,2.8,59.4,5.9,18.45
90,속초,2025-07-07,27.7,24.2,31.2,,2.1,74.8,5,19.2
90,속초,2025-07-08,25.3,23.9,27.9,,1.3,76.1,3,19.5
90,속초,2025-07-09,25.3,22.5,28.2,,1.5,74.5,8,23.58
90,속초,2025-07-10,24.4,21.2,27.1,,2.8,78,13.4,28.97
90,속초,2025-07-11,24.6,22,27.9,,2,77.5,12.8,28.09
90,속초,2025-07-12,24.7,20.6,28.5,,3.2,78.1,13.4,29.62
90,속초,2025-07-13,25.1,22,28.8,.3,2.2,78.5,5.4,17.81
90,속초,2025-07-14,20.8,20,22.6,75.6,2.5,93.8,0,3.87
90,속초,2025-07-15,21.3,19.7,24.9,20.8,2.7,89.9,3.3,16.87
90,속초,2025-07-16,22.5,20.4,26.1,15.4,1.4,90.4,2.1,11.01
90,속초,2025-07-17,22,21.3,23.1,17.5,1.4,94.9,0,3.39
90,속초,2025-07-18,22.9,21.6,25.2,.9,1.4,92.8,1.2,10.7
90,속초,2025-07-19,24,21.7,27.9,11,1.4,88.8,3.1,14.07
90,속초,2025-07-20,25.9,23.4,29.4,7.1,1.4,84.5,3.9,14.13
90,속초,2025-07-21,29.1,24.6,35,,1.8,69.1,10.4,27.27
90,속초,2025-07-22,29.9,25.9,34.9,,2.1,64,7.9,22
90,속초,2025-07-23,28.7,25.3,32.8,,1.6,67.5,8.2,19.95
90,속초,2025-07-24,27.9,24.9,31.2,0,1.8,74,9.1,23.52
90,속초,2025-07-25,27.4,24.1,31.1,,1.5,79.1,13.4,28.57
90,속초,2025-07-26,28.4,24.6,31.9,,1.7,77.8,13.4,26.58
90,속초,2025-07-27,28.6,25.6,32.1,,1.5,77,13.6,28.49
90,속초,2025-07-28,29,26.3,32.9,,1.6,74.9,12.6,27.85
90,속초,2025-07-29,27.6,25.7,30.2,,1.9,85,10.6,25.48
90,속초,2025-07-30,27.9,25.3,31,,1.8,86.8,5.7,19.45
90,속초,2025-07-31,27.6,25.7,30.2,,1.4,85.9,1.3,14.07
90,속초,2025-08-01,27.1,25.5,30.3,,1.8,82,6.9,21.22
90,속초,2025-08-02,27.6,24.3,31.5,,1.6,79.6,9.7,21.02
90,속초,2025-08-03,27.6,22.6,31.2,.3,1.7,80.5,1.4,12.33
90,속초,2025-08-04,25.2,21.6,27.9,11.2,2.1,85,6.8,21.61
90,속초,2025-08-05,27.1,23.8,29.9,,1.8,86.6,9.4,24.3
90,속초,2025-08-06,27,23.3,29.9,42.9,2.3,78.4,1.5,3.03
90,속초,2025-08-07,25.7,22.2,29.5,,1.7,74.5,8.8,20.18
90,속초,2025-08-08,25,21.7,27.7,,1.8,83,11,25.51
90,속초,2025-08-09,24.4,22.5,26.6,0,1.2,87.3,.6,9.64
90,속초,2025-08-10,24.7,21.1,28.3,,1.8,78.4,12.1,26.26
90,속초,2025-08-11,24.3,21.8,27.3,,1.8,86,.3,11.32
90,속초,2025-08-12,25.8,21.6,29.9,,2.8,80.6,12.3,26.6
90,속초,2025-08-13,23.8,22.7,25.7,16.3,1.3,94.3,0,3.98
90,속초,2025-08-14,27.4,24.2,31.5,5.8,1.8,75.9,4.7,14.81
90,속초,2025-08-15,26.7,24.1,29.5,,1.8,75.6,12.7,26.02
90,속초,2025-08-16,30.1,24.1,33.9,,2.1,61.1,11.9,25.18
90,속초,2025-08-17,29.8,26.6,34.6,0,2.5,59.9,6.2,21.62
90,속초,2025-08-18,28.2,25.7,31,.3,1.6,69,2.1,10.1
90,속초,2025-08-19,30.6,27,33.9,0,2.7,56.9,5.4,12.75
90,속초,2025-08-20,29.8,27.5,33.6,,2.9,64.8,9.4,22.66
90,속초,2025-08-21,28,25.4,32.9,,1.5,75.5,8.2,20.15
90,속초,2025-08-22,29,24.1,33.3,,1.7,75.3,12.4,24.85
90,속초,2025-08-23,29,26.5,35,,1.7,75,7.8,19.32
90,속초,2025-08-24,29.3,25.6,33.1,,2,73.1,12.2,23.62
90,속초,2025-08-25,28.6,25.6,32.7,0,2.2,78.4,11.4,24.55
90,속초,2025-08-26,28,23.6,32.8,19,1.8,74.3,4.3,11.99
90,속초,2025-08-27,26.5,23.6,29.5,0,2.4,72.4,5.4,17.45
90,속초,2025-08-28,26.3,22.5,30.1,,2.1,80.1,5.7,19.06
90,속초,2025-08-29,30.6,27.3,34,,2.1,60.8,3.4,13.52
90,속초,2025-08-30,26.8,23.9,31.5,1.6,1.5,83.1,1.4,10.49
90,속초,2025-08-31,27.1,22.7,31.2,0,2,82,8.8,20.78
90,속초,2025-09-01,27.5,24.5,31.9,13.5,1.9,79,2.5,9.35
90,속초,2025-09-02,25.6,22.9,28.7,,1.9,81.3,9.8,21.1
90,속초,2025-09-03,25.2,21.6,29.3,,2.4,81.8,11,22.4
90,속초,2025-09-04,22.9,21.1,25.5,19.1,1.6,86,.3,5.23
90,속초,2025-09-05,25.1,21.9,28.3,.1,2.1,80.1,7.8,20.08
90,속초,2025-09-06,26.8,23,30.6,0,1.4,78.9,2.1,7.85
90,속초,2025-09-07,24.6,20.5,27.4,5.5,1.7,81.3,2.7,12.2
90,속초,2025-09-08,25.1,20.5,29.2,0,1.9,64.9,8.2,19.49
90,속초,2025-09-09,22.9,18.3,25.9,0,1.8,62.9,.2,8.43
90,속초,2025-09-10,22.1,16.9,27.1,,1.9,60.4,11.9,23.51
90,속초,2025-09-11,23.4,18.2,27.1,,1.9,73.9,10.7,22.38
90,속초,2025-09-12,23.3,19.4,27.6,4.3,1.9,78,3.4,14.99
90,속초,2025-09-13,20.1,19,21.6,118.8,3.1,93.9,0,4.23
90,속초,2025-09-14,22.6,18.9,26.7,,2.3,84.1,7.5,17.04
90,속초,2025-09-15,24.8,20.9,29.7,,1.8,71.6,11,18.7
90,속초,2025-09-16,25,19.8,28.1,.2,2.1,73.1,5.2,11.87
90,속초,2025-09-17,21.9,18.6,27.2,77.3,2.5,87.1,0,1.4
90,속초,2025-09-18,20,17.3,23.5,11.5,2,77.6,4.2,14.07
90,속초,2025-09-19,19.4,16.3,22.7,5.7,1.8,78.6,.1,6.47
90,속초,2025-09-20,17.3,15.8,19.4,93.8,2.3,95.4,0,3.48
90,속초,2025-09-21,18.6,14.6,22.4,6,2.2,79.5,9.8,20.94
90,속초,2025-09-22,19.2,13.6,23,,1.7,73,2.4,12.41
90,속초,2025-09-23,20.6,16.1,23.8,0,1.9,68.8,9.5,20.2
90,속초,2025-09-24,21.2,19.9,24,2.4,1.5,84,1.1,6.77
90,속초,2025-09-25,23.7,17.9,29.2,,1.8,65.8,8.8,16.06
90,속초,2025-09-26,21,16.8,25.5,,2.1,68.4,10.7,19.78
90,속초,2025-09-27,20,16.3,23.8,,1.9,80.6,7.5,15.49
90,속초,2025-09-28,18.6,16.9,19.7,20.9,1.5,88.1,0,3.13
90,속초,2025-09-29,19.3,15.5,22.7,,2.1,76.9,10.1,18.99
90,속초,2025-09-30,19.6,14.6,24.3,,1.8,74.1,5,12.59
93,북춘천,2025-05-15,18.3,14.9,23.4,2.6,1.5,84.4,5.8,14.91
93,북춘천,2025-05-16,18.4,14.9,21.2,11.1,.6,90.9,0,5.91
93,북춘천,2025-05-17,19,14.8,25,.7,2.3,80.1,6.4,18.17
93,북춘천,2025-05-18,15.5,10.5,22.3,,1.6,59.6,12.3,27.69
93,북춘천,2025-05-19,15,7.7,21.4,.1,1.3,74.3,5.8,12.58
93,북춘천,2025-05-20,20.7,17,26,.7,.7,91.4,2.7,8.39
93,북춘천,2025-05-21,25.2,20,32,,1.1,73.5,8.2,22.94
93,북춘천,2025-05-22,20.9,15.5,26.6,.3,2.2,53.4,10.8,27.16
93,북춘천,2025-05-23,16.9,11.8,21.2,.8,1.7,52.1,.5,9.78
93,북춘천,2025-05-24,14.3,11.8,17.9,2.2,1.6,71,3.4,12.16
93,북춘천,2025-05-25,16.6,8.2,24.8,,1.3,65.6,11.4,27.97
93,북춘천,2025-05-26,18.1,10.5,26.6,,1,64.8,12.5,28.09
93,북춘천,2025-05-27,19.4,11,27.6,,1,60.6,12.1,27.55
93,북춘천,2025-05-28,18.6,13.5,27.4,2.1,1.2,74.9,9.2,22.94
93,북춘천,2025-05-29,18.7,13.4,27.1,,1.1,74.4,7.5,23.86
93,북춘천,2025-05-30,19,11.1,27.5,,1,53.4,12.1,27.05
93,북춘천,2025-05-31,18.5,9.1,27.2,,.9,56.1,12,25.12
93,북춘천,2025-06-01,21.5,12.5,30.5,,1.2,59,10.8,27.8
93,북춘천,2025-06-02,19.2,17.3,22.1,0,.7,83.3,.2,6.56
93,북춘천,2025-06-03,20.3,14.4,26.9,0,2,65,8.9,23.41
93,북춘천,2025-06-04,18.2,10.2,25.5,0,2.2,56.1,7.6,19.21
93,북춘천,2025-06-05,19.5,10,28.5,,1.7,58.6,12,27.92
93,북춘천,2025-06-06,22.2,13.9,31.2,,1.9,51.4,11.8,28.1
93,북춘천,2025-06-07,22.1,14.8,27.5,0,1.4,63.8,5.7,18.61
93,북춘천,2025-06-08,24.4,19.6,30.6,,1.2,62.3,12.1,27.56
93,북춘천,2025-06-09,24.2,18,31.5,,1.4,63.6,11.2,28.59
93,북춘천,2025-06-10,22.6,18.6,27.8,,2.3,67.1,8.7,20.98
93,북춘천,2025-06-11,21.8,13.1,30,,1.6,57.3,13.2,30.33
93,북춘천,2025-06-12,23.8,15,31.7,,1,55.8,12.8,30.12
93,북춘천,2025-06-13,23.3,16.8,30.5,0,1.4,62.6,7,21.39
93,북춘천,2025-06-14,25.4,19.2,33.1,,1.1,63.1,9.5,25.97
93,북춘천,2025-06-15,26.5,21.2,32.7,.4,1.5,70.3,6.1,20.43
93,북춘천,2025-06-16,23.1,20.8,28.1,37.9,1.1,88,2.1,9.22
93,북춘천,2025-06-17,23.7,18.9,29.6,,1.7,72.4,9.9,23.25
93,북춘천,2025-06-18,23.7,17.5,30.5,,1.3,72.8,9.3,23.85
93,북춘천,2025-06-19,25.9,18,33.9,,1,65.3,11,26.38
93,북춘천,2025-06-20,23.5,22.6,25.9,74,1.5,93.1,0,3.71
93,북춘천,2025-06-21,22.9,19.6,26.4,.2,1.4,85.1,.5,10.13
93,북춘천,2025-06-22,23.3,17.1,30.5,,1.2,70.3,11.4,28.53
93,북춘천,2025-06-23,24.8,17.5,32.7,,.9,68.5,13.3,29.52
93,북춘천,2025-06-24,23,17.7,28.2,.2,1.1,68.3,2.1,11.9
93,북춘천,2025-06-25,20.3,18.7,22.1,3.9,1.3,87.3,.2,6.49
93,북춘천,2025-06-26,21.8,18.4,25.7,1.3,.8,89.4,1.3,10.51
93,북춘천,2025-06-27,23.3,21.1,27.1,0,.6,88.4,1.9,9.49
93,북춘천,2025-06-28,24,20.9,28.5,6,.4,94,1.2,9.09
93,북춘천,2025-06-29,26.9,23.8,31.9,,1.2,83.1,6.9,21.61
93,북춘천,2025-06-30,26.7,22.3,31.5,,1.2,82.5,5.2,18
93,북춘천,2025-07-01,27.4,22.9,33.3,1.5,1.3,85.4,5.6,18.62
93,북춘천,2025-07-02,27.9,24.5,31.9,.1,1.5,81.8,6.4,18.75
93,북춘천,2025-07-03,27.8,24.6,31.9,,1.5,79.8,4.1,14.78
93,북춘천,2025-07-04,25.1,23,28,1.9,1,89,.1,6.55
93,북춘천,2025-07-05,27.2,24.4,31.2,0,.8,82.9,3.7,11.33
93,북춘천,2025-07-06,27.2,25.1,29.7,,1,85.5,.7,7.14
93,북춘천,2025-07-07,29.8,25.8,35.4,,.9,79.3,9.3,24.39
93,북춘천,2025-07-08,30.2,24.6,37.2,,1,73.6,10.4,23.95
93,북춘천,2025-07-09,30.2,24.1,36.1,,1.4,63.6,11.9,27.6
93,북춘천,2025-07-10,28.4,22.4,35,,1.8,52.6,13.1,29.46
93,북춘천,2025-07-11,27.3,19.7,34.4,,2.1,55.3,13.1,29.47
93,북춘천,2025-07-12,27.3,18.6,36,,1,58.5,13,29.48
93,북춘천,2025-07-13,25,20.5,30.7,1,.7,82.6,4.5,12.95
93,북춘천,2025-07-14,21.8,20.4,24.1,10,1,92.1,0,6.69
93,북춘천,2025-07-15,22.7,19.9,26.7,15.9,1.1,87.3,4.2,12.97
93,북춘천,2025-07-16,22.3,21,25.4,39.3,.8,93.3,1.2,5.69
93,북춘천,2025-07-17,22.2,21.1,24.2,43.5,1.1,95.8,.5,3.96
93,북춘천,2025-07-18,23.7,21.6,26.7,18.5,.6,93.5,.7,8.16
93,북춘천,2025-07-19,23.5,21.3,26,19.8,.7,95.4,.1,6.05
93,북춘천,2025-07-20,26.5,23.2,31.7,136.7,1.4,85.5,6.3,16.9
93,북춘천,2025-07-21,27.5,23.7,32.9,,1.5,83.6,7,20.18
93,북춘천,2025-07-22,27.8,24,33.2,.3,1.4,79.6,6.5,18.71
93,북춘천,2025-07-23,27.2,22,33,,.8,80.5,9.8,24.13
93,북춘천,2025-07-24,27.8,23.2,34.2,,.7,79.6,8.8,22.95
93,북춘천,2025-07-25,28.6,22.8,36.3,,.7,73.1,9.9,26.47
93,북춘천,2025-07-26,29.2,23.2,36.7,,.8,73.5,12.7,27.97
93,북춘천,2025-07-27,29.6,23.6,36.6,,.9,72.5,12.8,28.58
93,북춘천,2025-07-28,29.9,24,36.3,,.9,73,12.8,27.95
93,북춘천,2025-07-29,29.9,23.6,37.2,,.8,70.5,12.6,27.53
93,북춘천,2025-07-30,29.6,24.7,35.9,0,.8,76.8,8.9,21.45
93,북춘천,2025-07-31,28.9,25.5,33.9,,.8,73.1,7.8,17.89
93,북춘천,2025-08-01,28.7,24.3,35.5,,.8,76.6,8.2,20
93,북춘천,2025-08-02,29.2,24.7,35.2,,.8,75.6,10.1,21.9
93,북춘천,2025-08-03,27.1,23.2,32.4,1.2,.7,85.6,2.1,10.65
93,북춘천,2025-08-04,27,22,33,10.6,.8,84.3,6.3,20.73
93,북춘천,2025-08-05,28.3,25.1,33.5,,1.4,77.8,9.8,24.59
93,북춘천,2025-08-06,24.8,23.2,26.9,67.4,.8,95.5,1.4,3.44
93,북춘천,2025-08-07,26.8,22.8,32.3,,1.1,77.1,10.1,25.27
93,북춘천,2025-08-08,26.5,20.9,32.5,,.8,78,10.1,25.52
93,북춘천,2025-08-09,24.1,20,27.2,0,.7,84.5,.4,6.97
93,북춘천,2025-08-10,25.4,18.3,32.5,,1,76.1,12.1,26.98
93,북춘천,2025-08-11,24.8,21.5,29.1,,.7,85.8,3.8,12.25
93,북춘천,2025-08-12,26.7,21.6,33.5,,.9,76.1,10.5,25.85
93,북춘천,2025-08-13,23.1,21.2,24,63.2,.7,96.1,0,1.93
93,북춘천,2025-08-14,25.2,23.4,28.8,40.4,1.3,92.3,2.6,9.59
93,북춘천,2025-08-15,26.9,23,31.9,,.9,83.9,9.3,21.14
93,북춘천,2025-08-16,27.3,23.3,32.8,,1.5,80.5,10.6,24.26
93,북춘천,2025-08-17,26.4,22.6,30.9,0,.9,85.6,2.7,13.36
93,북춘천,2025-08-18,27.3,24,32.3,.5,1.4,81.5,5.7,16.27
93,북춘천,2025-08-19,27.8,23.3,33.1,,1.6,78.9,10,20.64
93,북춘천,2025-08-20,27.3,23.4,32.7,2.8,1.1,84,8.8,19.54
93,북춘천,2025-08-21,27.4,23.3,33.3,0,.8,83.9,7.6,17.37
93,북춘천,2025-08-22,28.4,24.8,33.7,,1.4,78.1,10.9,24.06
93,북춘천,2025-08-23,26.8,23.2,30.5,0,.6,86.3,5.1,11.51
93,북춘천,2025-08-24,28.2,24.4,33.8,,.9,83.4,7.3,18.28
93,북춘천,2025-08-25,28,23.7,33.4,3.1,1.1,84,6.7,17.74
93,북춘천,2025-08-26,26.2,23.6,31.8,42,1.2,88.9,5.2,11.86
93,북춘천,2025-08-27,26.7,22.3,31.5,,.8,77.5,9.8,21.37
93,북춘천,2025-08-28,26.2,23.3,30.4,.1,.7,85.3,3,12.88
93,북춘천,2025-08-29,27.9,24.8,33,.8,1.6,84.6,2.9,10.84
93,북춘천,2025-08-30,26.4,23.7,31.9,3.7,.7,89.8,5.2,12.68
93,북춘천,2025-08-31,26.1,23.7,31.4,3.1,.7,89.1,7.9,16.48
93,북춘천,2025-09-01,25.2,23.1,28,39.5,.9,93.3,.3,5.03
93,북춘천,2025-09-02,25.1,21.2,30.4,,.8,81.6,10.8,22.35
93,북춘천,2025-09-03,25.6,20.6,32.3,,.8,81.4,9.8,21.82
93,북춘천,2025-09-04,23.9,21.5,28.8,27.4,.9,86.4,5.5,11.62
93,북춘천,2025-09-05,25.6,19.2,32.5,0,.8,80.5,11.6,23.38
93,북춘천,2025-09-06,25,23.2,28.1,18.1,.7,95.8,.8,5.47
93,북춘천,2025-09-07,24.9,18.7,30.8,4.7,1.3,81.3,7.6,17.26
93,북춘천,2025-09-08,22.6,18.1,28.8,,.7,84.9,5.8,17.32
93,북춘천,2025-09-09,21.5,16.8,25.9,0,.7,86.5,1.6,8.79
93,북춘천,2025-09-10,21.2,14.6,30.6,,.8,74.5,11.7,23.84
93,북춘천,2025-09-11,23,14.4,31,,1.2,70.4,11.7,23.17
93,북춘천,2025-09-12,22,17.6,27.7,8.4,.7,83.9,3.3,11.41
93,북춘천,2025-09-13,21.8,19.1,25.6,66.6,1.3,85.4,1.8,9.46
93,북춘천,2025-09-14,22.6,18.9,28.2,,.7,84.9,7.2,15.82
93,북춘천,2025-09-15,22.6,18.5,28.9,,.6,87.3,7.8,16.12
93,북춘천,2025-09-16,22.3,18.9,25.2,7.1,.6,95.1,.3,5.77
93,북춘천,2025-09-17,21.3,19.4,23,41.9,.8,95.8,.1,2.46
93,북춘천,2025-09-18,20,15.7,24.6,,1.3,77.3,4.6,12.95
93,북춘천,2025-09-19,17.8,14.6,23,11.4,.5,92.1,1.1,7.03
93,북춘천,2025-09-20,18.3,16.3,22,39.1,.9,93.1,.9,7.94
93,북춘천,2025-09-21,18.9,13.3,26.1,,1,76,10.4,19.51
93,북춘천,2025-09-22,18.1,12.3,24.3,,.8,79.1,7.3,13.94
93,북춘천,2025-09-23,21.1,15.1,26.7,,1.5,67.5,10.1,19.16
93,북춘천,2025-09-24,20.1,16.9,23,11.2,.5,91.3,.3,5.04
93,북춘천,2025-09-25,21.1,16.1,26.5,0,.9,87.1,7,13.98
93,북춘천,2025-09-26,19.4,15.3,26.2,,.8,84.9,7.6,18.29
93,북춘천,2025-09-27,19.2,13.2,26.7,,.7,81,10.8,17.44
93,북춘천,2025-09-28,17.7,15.5,20.8,30.1,.7,96.4,.7,4.59
93,북춘천,2025-09-29,18.8,14.8,24.7,,.7,84.1,9.4,16.75
93,북춘천,2025-09-30,17.6,14.3,21.7,,.6,91.4,3.1,8.82
95,철원,2025-05-15,18.4,15.9,22.6,11,1.3,90.3,4.6,11.52
95,철원,2025-05-16,18.4,15.6,23,6.4,.8,95.5,.2,7.21
95,철원,2025-05-17,17.6,14.2,23.9,2.2,2.1,89,4.4,16.02
95,철원,2025-05-18,14.9,10.6,21,,1.5,66,10.6,25.95
95,철원,2025-05-19,14.5,7.6,21.1,.8,1.5,75.5,6,16.04
95,철원,2025-05-20,19.2,16.2,22.4,1.9,1.1,98,0,4.76
95,철원,2025-05-21,23.3,17.6,28.4,.2,1.6,81.1,6.6,18.52
95,철원,2025-05-22,20.7,15.3,26.9,0,3.2,58.3,11.9,28.75
95,철원,2025-05-23,16.8,13.7,21.5,0,1.7,60.4,1.1,9.1
95,철원,2025-05-24,14.5,10,18.2,0,2.3,69.3,2.4,9.68
95,철원,2025-05-25,16.1,8.4,23.2,,1.3,71.8,12.2,27.36
95,철원,2025-05-26,17.8,10.3,25.2,,.9,69.8,11.7,25.53
95,철원,2025-05-27,19.1,11.4,26.4,,1,68.1,12,27.17
95,철원,2025-05-28,18.3,13.4,25.8,5.4,1.1,77,8.5,22.12
95,철원,2025-05-29,18.7,12,25.9,.1,1.1,74.9,10.8,27.38
95,철원,2025-05-30,19.5,12,27.8,,1.3,55.3,11.6,27.42
95,철원,2025-05-31,18.5,9.3,26.4,,.8,58.3,11.9,25.29
95,철원,2025-06-01,20.8,12.6,28.8,,1.1,63.5,10.8,27.71
95,철원,2025-06-02,18.8,16,21.6,0,.7,77.3,0,6.75
95,철원,2025-06-03,19.8,15,24.6,,1.7,62.4,12.7,28.29
95,철원,2025-06-04,17.8,11.7,23.6,,1.8,60.4,8.4,20.12
95,철원,2025-06-05,19.3,10.2,26.5,,1.4,60.5,12.4,28.79
95,철원,2025-06-06,21.4,12.9,30.2,,1.5,57.4,11.2,27.47
95,철원,2025-06-07,21.2,15.9,26.6,.4,1.3,76.8,5.6,15.6
95,철원,2025-06-08,24.1,19.5,30.2,,1.2,70.8,11.3,28.45
95,철원,2025-06-09,23.3,18.2,29.7,,1.5,71.1,10.5,28.43
95,철원,2025-06-10,20.6,15.6,25.5,.6,1.8,78.8,6.2,17.15
95,철원,2025-06-11,21.1,11.8,28.7,,1.5,63,13.3,30.1
95,철원,2025-06-12,23.1,14.3,31.1,,1.1,62.1,12.9,30.48
95,철원,2025-06-13,22.5,16.2,28.4,,1.1,70.9,5.7,18.56
95,철원,2025-06-14,25.1,18.6,31.8,,1.2,69,9.8,27.3
95,철원,2025-06-15,24.8,19.6,30.9,33.3,1.5,77.5,7.2,19.36
95,철원,2025-06-16,22.3,20.7,27.6,26.9,1.7,90.9,1.9,11.19
95,철원,2025-06-17,23.1,19.4,28.3,,1.6,75.8,10.4,25.69
95,철원,2025-06-18,23,17.2,29.7,,1.1,78.6,8.9,26.05
95,철원,2025-06-19,25.5,17.4,33.1,0,1.1,69.1,11.7,28.14
95,철원,2025-06-20,23,21.6,27.3,120.5,2.8,96.6,0,4.09
95,철원,2025-06-21,21.7,19.8,23.8,2.8,1.5,89,.7,10.47
95,철원,2025-06-22,22.4,15.4,28.2,,1.5,77.4,11.8,29.36
95,철원,2025-06-23,23.9,16.4,31.1,,.9,75.6,13.4,29.71
95,철원,2025-06-24,22.3,17.6,25.9,2.2,1.1,74.4,.6,11.15
95,철원,2025-06-25,19.6,18.3,21.8,1.5,2.3,85.6,.1,6.67
95,철원,2025-06-26,21.8,18.2,26.3,,1.1,88.6,3.9,15.68
95,철원,2025-06-27,23.1,20.6,26,0,.7,92.8,1.3,9.43
95,철원,2025-06-28,23.2,21.1,24.8,9.8,.6,99,0,4.73
95,철원,2025-06-29,25,22.8,28.1,0,.9,91.9,.8,11.59
95,철원,2025-06-30,26.2,22,29.4,,1.2,84.1,4.6,14.72
95,철원,2025-07-01,27.5,24.8,31.4,.9,2,84.8,6.2,20.28
95,철원,2025-07-02,26.2,22.5,31.2,0,1.4,87.5,2.6,14.89
95,철원,2025-07-03,26.4,23,30.2,0,1.4,87.1,2.5,11.18
95,철원,2025-07-04,24.6,23.3,26.4,9,1.5,91.5,.1,4.88
95,철원,2025-07-05,26.3,24.1,29.9,,1.4,86.5,3.4,11.43
95,철원,2025-07-06,26.4,24,29.5,0,1.1,90,1.6,8.31
95,철원,2025-07-07,27.9,24.7,32.6,0,1.5,87,7.6,23.88
95,철원,2025-07-08,28.7,22.4,35.5,0,1.9,76.4,11.3,28.7
95,철원,2025-07-09,28.7,22.7,34.6,,1.5,72.6,10.2,25.38
95,철원,2025-07-10,27.2,21.9,33.5,,3,61.9,12.9,30.09
95,철원,2025-07-11,26.2,20.6,32.7,,3.4,65.6,13.4,30.29
95,철원,2025-07-12,26.2,17.9,33.4,,1,69.5,13.2,30.11
95,철원,2025-07-13,24.4,19.9,29.6,11.9,.8,85.9,3.6,12.63
95,철원,2025-07-14,21.5,20.1,24.2,7.2,1.3,96.3,.1,7.48
95,철원,2025-07-15,22,19.6,26.7,2.6,.9,89.8,3.1,12.31
95,철원,2025-07-16,21.8,20.5,25.5,14.1,.8,94.9,.3,4.61
95,철원,2025-07-17,22.9,20.8,26,8.3,.7,94.4,1.2,6.9
95,철원,2025-07-18,23.2,22,25.8,7.7,.6,97.6,.3,6.8
95,철원,2025-07-19,23.5,20.5,27,39.8,.8,96.3,1.4,8.21
95,철원,2025-07-20,25.8,23.3,30.2,93.2,1.4,90,4.8,15.39
95,철원,2025-07-21,26.8,23.6,31.1,0,1.4,88.3,4.6,16.02
95,철원,2025-07-22,26.1,22.4,31.2,11,1.5,88,5.9,19.25
95,철원,2025-07-23,25.9,21.1,32.2,,.8,86.9,9.2,25.4
95,철원,2025-07-24,26.7,22.1,32.7,,.7,83,10.2,24.38
95,철원,2025-07-25,27,21.4,33.6,,1,78.6,12.6,28.84
95,철원,2025-07-26,28,21.6,33.9,,.8,80.5,13.2,28.64
95,철원,2025-07-27,28.8,22.6,34.9,,1,79.6,13.3,29.04
95,철원,2025-07-28,28.4,23.3,34.1,,.9,77.5,12.6,27.37
95,철원,2025-07-29,28.5,21.8,35.3,,1,75.5,13,28.3
95,철원,2025-07-30,28.3,23.4,34.1,,.9,83.6,6.5,18.37
95,철원,2025-07-31,27.8,24.9,31.6,0,.9,84.5,3.5,13.98
95,철원,2025-08-01,27.9,23,35,,1,78.1,7,20.84
95,철원,2025-08-02,27.6,22.3,33.4,,.8,79.8,10.2,23.39
95,철원,2025-08-03,27.6,23.9,32.7,.3,.9,79.8,3.3,13.86
95,철원,2025-08-04,27.8,22.9,32.9,.1,1.1,77.8,10.7,25.23
95,철원,2025-08-05,27.6,23.2,32.6,0,1.2,77.9,9.9,25.07
95,철원,2025-08-06,25.8,24.5,27.7,27.3,2,91.1,2.3,6.44
95,철원,2025-08-07,26,21.7,31,,1,79.5,10.6,25.89
95,철원,2025-08-08,25.4,19.9,31.1,,1,81.8,10.4,24.04
95,철원,2025-08-09,23.6,19.3,26.6,0,.8,84.6,2,8.64
95,철원,2025-08-10,24.8,17.4,31.9,,1.1,78.5,12.6,27.89
95,철원,2025-08-11,25.1,20.4,29.7,0,.8,80.6,6,15.39
95,철원,2025-08-12,25.8,19,32.7,,.9,77.5,11.5,26.21
95,철원,2025-08-13,23.2,20.9,25.4,128.1,1.1,96.3,0,1.5
95,철원,2025-08-14,24.6,22.8,28.3,102.7,1.2,95.9,3.4,10.07
95,철원,2025-08-15,26.4,21.6,31.4,,1.1,84.5,9.5,22.37
95,철원,2025-08-16,27,23.7,31.6,.9,1.5,81.9,9.3,22.38
95,철원,2025-08-17,26.4,24.1,30.2,0,1.2,87.3,1.3,11.59
95,철원,2025-08-18,26.9,23.8,31.5,1,1.5,84.3,5,16.67
95,철원,2025-08-19,27.5,24.5,31.3,1.6,1.6,83.8,7.3,18.31
95,철원,2025-08-20,27.3,23.8,31.4,.3,1.3,84.1,8.2,20.04
95,철원,2025-08-21,26.9,23.6,31.6,2.5,.8,89.1,5.1,16.68
95,철원,2025-08-22,27.2,22.1,32.4,,1.2,82.3,10.2,24.65
95,철원,2025-08-23,26.8,23.5,30.7,,.8,89.6,3.1,9.3
95,철원,2025-08-24,27.5,23.8,33,,.8,85.9,7.3,19.07
95,철원,2025-08-25,27.1,23.2,32.2,56.8,1.6,87.1,6.9,16.45
95,철원,2025-08-26,26.5,23.4,30.2,57.1,1.5,86.8,6.1,15.98
95,철원,2025-08-27,24.7,20.8,30,,1,86.3,8.3,19.78
95,철원,2025-08-28,26,21.7,29.3,0,1.1,84,2.5,11.86
95,철원,2025-08-29,27,26,30.7,13.3,1.7,91.5,2.1,7.92
95,철원,2025-08-30,25.7,23.1,29.1,16.4,1,95.4,3.1,8.56
95,철원,2025-08-31,24.1,22.4,29,22.5,.8,95.9,5.9,14.57
95,철원,2025-09-01,24.8,22.5,27.3,26.7,1.4,94.1,.7,7.51
95,철원,2025-09-02,24.4,21,29.7,,.8,85.8,8.1,20.45
95,철원,2025-09-03,25.2,19.6,31.7,,.9,80.5,9.8,23.12
95,철원,2025-09-04,24.1,21.8,28.4,27,1.8,89.1,6.3,14.25
95,철원,2025-09-05,25.7,19.7,32,0,.8,81.3,9.6,21.82
95,철원,2025-09-06,25.3,23.4,28.3,35.9,1.6,94,1.5,7.67
95,철원,2025-09-07,23.7,18.4,27.4,.6,1,84.6,6.1,14.31
95,철원,2025-09-08,21.4,16.7,26.8,,.8,85.8,5.2,15.31
95,철원,2025-09-09,20.4,15.9,25,,.9,90,1.9,8.1
95,철원,2025-09-10,21.5,13.7,31.3,,1,76.5,11.4,23.69
95,철원,2025-09-11,23.1,14.8,31,,1.4,70.3,11.6,23.37
95,철원,2025-09-12,22,16.9,28,4.6,1,79.8,3.6,12.61
95,철원,2025-09-13,21,17.9,24.9,24.9,2.8,86.5,3.2,10.75
95,철원,2025-09-14,21.6,16.5,28.2,,.7,84.3,9.3,20.04
95,철원,2025-09-15,22.3,16.7,29.2,,.7,86,10,18.86
95,철원,2025-09-16,21.8,18,25.6,9.5,.7,95,2,6.88
95,철원,2025-09-17,20.4,17.8,22.1,73.8,1.4,97.9,0,2.75
95,철원,2025-09-18,19.6,15.1,25,,1.4,79.9,6.1,14.59
95,철원,2025-09-19,17.6,14.2,21.5,11.6,.9,92.9,0,5.94
95,철원,2025-09-20,18.3,16.2,21.6,20.7,1.8,89.6,1.7,8.59
95,철원,2025-09-21,19.1,13.3,25.6,,2.3,74.1,10.5,21.2
95,철원,2025-09-22,17.2,11.7,22.8,,1,82.9,4.2,11.19
95,철원,2025-09-23,20.8,15.7,26.9,0,1,69.5,8.5,19.29
95,철원,2025-09-24,20.3,17.9,23.9,16.6,1.2,91.5,.1,4.57
95,철원,2025-09-25,21,16,26.7,,.9,83.5,8.5,19.61
95,철원,2025-09-26,18.9,14.2,26.4,,.7,88.3,7.1,17.12
95,철원,2025-09-27,19.4,14,26.7,,.7,81.4,9.1,17.11
95,철원,2025-09-28,17.9,16,20.1,17.7,.7,95.5,1,4.63
95,철원,2025-09-29,18.1,14.3,24.1,,.7,87.6,7,16.17
95,철원,2025-09-30,17.8,14,24,,.8,88.9,6.2,13.88
98,동두천,2025-05-15,18.4,16,23.4,7,1.4,91,3.2,10.51
98,동두천,2025-05-16,18.3,16.6,22,17.6,.7,98.8,0,4.89
98,동두천,2025-05-17,17.3,12.6,24.1,1.5,1.8,92.5,4.3,15.34
98,동두천,2025-05-18,15,10.1,21.4,,1.5,65.9,11.2,27.44
98,동두천,2025-05-19,14.9,7.8,21.1,1.4,1.5,78.9,2.7,12.77
98,동두천,2025-05-20,20.1,16.5,24.7,2.9,1.1,98,1.1,6.26
98,동두천,2025-05-21,24.1,21.1,29.6,0,.8,86.9,5,18.48
98,동두천,2025-05-22,21.8,17.2,28.1,,1.1,64.4,10.6,26.82
98,동두천,2025-05-23,17.3,14.6,21.9,.2,.9,63.4,.3,9.14
98,동두천,2025-05-24,15,11.1,18.8,.2,1.1,70.9,.8,12.46
98,동두천,2025-05-25,15.9,8.6,23.4,,1.3,71.1,10.9,27.15
98,동두천,2025-05-26,18.1,9.8,26.2,,.9,69.1,11.1,26.11
98,동두천,2025-05-27,19.3,11.8,26.8,,1,69.6,11.5,25.93
98,동두천,2025-05-28,19.5,14,26.7,,1,70.4,8.4,22.65
98,동두천,2025-05-29,20.2,12.5,27.6,,.9,72.3,11.4,26.02
98,동두천,2025-05-30,20.4,13.4,27.8,,.7,60.5,11.3,26.24
98,동두천,2025-05-31,19.6,11.7,26.5,,.8,62.8,10.6,22.27
98,동두천,2025-06-01,21.3,13.6,29.4,,1.1,65,11,27.01
98,동두천,2025-06-02,18.7,16.6,21.3,0,.5,79.6,0,5.69
98,동두천,2025-06-03,19.8,14.1,26.1,2.3,1.7,66.1,9.9,25.79
98,동두천,2025-06-04,18.8,11.8,26.2,,1.8,60.8,8.7,23.9
98,동두천,2025-06-05,19.9,11.6,27.4,,1.3,57.1,11.6,28.03
98,동두천,2025-06-06,22.1,14.3,29.7,,1.8,53.1,11.6,27.95
98,동두천,2025-06-07,21.3,16.1,27.5,.2,1.5,76,3.7,15.75
98,동두천,2025-06-08,23.9,19.4,30.2,,1,73.4,8.4,25.16
98,동두천,2025-06-09,23.4,19,30.2,,1.4,70.5,10.4,28.07
98,동두천,2025-06-10,20.9,17.6,26.4,.2,1.7,78.8,4.7,17.23
98,동두천,2025-06-11,21.5,13,29.1,,1.3,61.1,12.1,29.18
98,동두천,2025-06-12,24.1,15,32.4,,.8,58.4,12.1,29.39
98,동두천,2025-06-13,23,17.8,29.2,,.9,68.3,5.8,17.92
98,동두천,2025-06-14,25,19.2,32.4,,.9,68.8,7.6,23.54
98,동두천,2025-06-15,24.9,20.2,32.1,22.1,1.4,76.8,5.3,18.54
98,동두천,2025-06-16,22.2,20.7,27,24.3,1.5,93.9,.5,7.12
98,동두천,2025-06-17,23.6,19.6,29.4,,1.1,78.4,8.9,24.33
98,동두천,2025-06-18,23.7,18.3,30.1,,1,76.4,9.4,26.28
98,동두천,2025-06-19,25.8,18.1,32.7,,.9,66.1,10.5,24.42
98,동두천,2025-06-20,22.7,21.2,26.6,117,2.8,100,0,2.92
98,동두천,2025-06-21,21.5,19.6,23.7,1.5,1.1,93.6,0,7.63
98,동두천,2025-06-22,22.3,16.7,28.7,,1.2,77.6,12,29.1
98,동두천,2025-06-23,24,16.7,31.7,,.6,75.5,11.6,27.19
98,동두천,2025-06-24,22.5,18.7,26.8,1.5,.8,79.4,.1,10.41
98,동두천,2025-06-25,19.5,18,21.2,7.7,.6,95.4,0,5.86
98,동두천,2025-06-26,21.1,18.7,24.3,1.8,.7,94,.7,9.97
98,동두천,2025-06-27,23.5,20.3,27.8,0,.5,90.3,1.9,11.41
98,동두천,2025-06-28,23.6,22.2,24.9,24.8,.5,99.6,0,3.37
98,동두천,2025-06-29,25.1,23.1,27.8,0,.7,93.5,.7,9.72
98,동두천,2025-06-30,26.5,23.2,30.7,0,1.2,85.6,3.4,15.59
98,동두천,2025-07-01,27.3,25.2,31.2,1.1,1.7,91,3.7,16.57
98,동두천,2025-07-02,27.2,25.2,30.6,0,1.6,86.1,2,14.73
98,동두천,2025-07-03,26.8,24.9,30.6,0,1.6,87.8,2.8,13.84
98,동두천,2025-07-04,25.2,23.5,26.2,3.4,1.4,91.3,0,5.16
98,동두천,2025-07-05,26.6,24.8,30.4,,1.4,86.6,4.3,13.51
98,동두천,2025-07-06,27,24.6,30.9,,1,87.8,1.9,11.87
98,동두천,2025-07-07,28.2,25,32.5,.1,.7,89,4.2,15.26
98,동두천,2025-07-08,30,24,35.3,,.8,76.8,11.3,25.71
98,동두천,2025-07-09,29.6,24.7,34.8,,.7,71.1,10.1,26.26
98,동두천,2025-07-10,28.8,24.2,34.4,,1,57.3,11.4,27.54
98,동두천,2025-07-11,27.5,21.6,33.7,,1.1,58,12,28.22
98,동두천,2025-07-12,27.4,21,34.6,,.6,58.9,12,28.49
98,동두천,2025-07-13,25.3,21.3,30.2,11.8,.7,84.9,3.2,11.53
98,동두천,2025-07-14,21.8,20.3,24.5,17.5,.7,97.5,.7,7.31
98,동두천,2025-07-15,21.8,20,25.8,4.9,.7,97.5,1.8,10.25
98,동두천,2025-07-16,21.8,20.5,24.4,54,.9,99.9,.1,3.12
98,동두천,2025-07-17,23,21.5,25.3,28.7,1.3,96.4,0,5.98
98,동두천,2025-07-18,23.2,21.9,25.7,12,.6,99.8,0,6.2
98,동두천,2025-07-19,23.3,21.1,27.2,35.9,.9,99.8,.6,7.96
98,동두천,2025-07-20,25.8,23.2,31.1,86,1.4,92.8,3.1,13.44
98,동두천,2025-07-21,26.8,23.7,31.2,.8,1.3,91.3,2.8,14.78
98,동두천,2025-07-22,26.6,23.2,31.6,3.2,1.2,88.4,5.6,19.32
98,동두천,2025-07-23,26.9,22.2,32.7,,.6,82.6,8.7,24.52
98,동두천,2025-07-24,27.2,22.5,33,,.6,81.4,7.6,22.57
98,동두천,2025-07-25,28.2,22.2,34,,.6,78.6,11.5,26.1
98,동두천,2025-07-26,28.9,23.1,34.7,,.7,80.1,10.6,22.87
98,동두천,2025-07-27,29.8,24,35.5,,.7,74.5,11.7,27.4
98,동두천,2025-07-28,29.1,24.8,34.5,,.7,78,10.2,23.98
98,동두천,2025-07-29,29.2,23.2,35,,.6,74.3,11.3,24.21
98,동두천,2025-07-30,29,24.7,34.3,,.6,78.3,4.1,17.04
98,동두천,2025-07-31,28.5,26,32.7,,.7,79,1.4,14.65
98,동두천,2025-08-01,28.2,24.7,33.9,,.6,77.4,5.3,17.94
98,동두천,2025-08-02,28.4,23.2,34.2,,.6,75.8,7.7,19.45
98,동두천,2025-08-03,26.6,21.7,31.8,2,.7,84.9,.3,10.44
98,동두천,2025-08-04,27.3,22.3,32.6,13.6,.7,83.9,7.9,22.8
98,동두천,2025-08-05,27.2,23.7,31.9,,1.1,80.5,9,22.98
98,동두천,2025-08-06,25.6,23.2,27.7,34.5,1.6,97.5,.3,4.46
98,동두천,2025-08-07,26.4,23.1,31.4,,.9,83.4,8,22.59
98,동두천,2025-08-08,25.6,20.8,30.9,,.9,83,8,19.45
98,동두천,2025-08-09,23.4,19.5,26.7,.1,.5,87.9,.7,6.22
98,동두천,2025-08-10,25.1,18.5,31.8,,.6,80,11.3,26.52
98,동두천,2025-08-11,24.6,21.2,29.4,2.5,.8,89,2.6,13.73
98,동두천,2025-08-12,26.4,20.6,32.5,,.7,74.6,10.5,25.49
98,동두천,2025-08-13,23.8,20.7,26,149.9,1.1,96.9,0,1.35
98,동두천,2025-08-14,24.7,23.2,27.2,88.6,.8,99,.1,6.4
98,동두천,2025-08-15,26.4,22.5,31.2,,.9,89.5,8,21.67
98,동두천,2025-08-16,27.1,24.3,31.7,,1.4,84.8,8,22.14
98,동두천,2025-08-17,26.5,24.5,30.3,,1,90.8,.6,10.71
98,동두천,2025-08-18,27,24.3,32.2,5,1.5,88.6,4.2,15.91
98,동두천,2025-08-19,27.1,24.3,31.3,1,1.4,90.9,5,16.33
98,동두천,2025-08-20,27.3,24.2,31.8,.3,1.1,89.6,5.2,16.45
98,동두천,2025-08-21,27.6,24.6,32.7,0,.8,88,5.9,17.06
98,동두천,2025-08-22,27.5,23,33,,1,84.6,8.5,21.31
98,동두천,2025-08-23,27.3,24.6,30.9,0,.7,91.4,3.3,11.33
98,동두천,2025-08-24,27.9,23.7,33,,.7,85.5,5.8,16.99
98,동두천,2025-08-25,26.9,23.7,32,43.3,1.3,91.8,4.1,14.99
98,동두천,2025-08-26,26.5,23.8,31,3.7,1.5,90.5,5.6,16.73
98,동두천,2025-08-27,25.2,21.3,30.5,,.5,86.5,5.5,17.46
98,동두천,2025-08-28,26.5,22.8,29.9,0,1.2,85.8,3,12.86
98,동두천,2025-08-29,28.1,26.2,32,.9,2.2,89.4,3.3,13.51
98,동두천,2025-08-30,26.4,23.6,30.2,9,.8,95,4.2,11.47
98,동두천,2025-08-31,25.6,22.6,30.1,.3,.7,93.8,5,13.17
98,동두천,2025-09-01,24.6,21.6,28.3,21.3,1.4,99.4,.5,8.17
98,동두천,2025-09-02,24,20.2,30.2,,.6,89.5,8.1,21.72
98,동두천,2025-09-03,25.4,20.1,31.5,,.6,79.8,9.8,22
98,동두천,2025-09-04,24.2,22,29.2,41.3,.6,94.6,3.1,11.62
98,동두천,2025-09-05,26.1,20.7,31.7,,.7,82.3,9.2,21.07
98,동두천,2025-09-06,25.1,23.7,29,32.4,1.3,98.4,.8,7.68
98,동두천,2025-09-07,23.9,19.3,28.4,6.9,.9,89,3.9,14.14
98,동두천,2025-09-08,22.1,18.1,28.1,0,.5,84.1,4.4,15.93
98,동두천,2025-09-09,21,17.7,25.5,,.5,91.1,1.5,8.43
98,동두천,2025-09-10,22.2,15.8,30.2,,.6,77.8,10.4,22.97
98,동두천,2025-09-11,23.4,16.3,30.8,,.7,74,10.9,22.82
98,동두천,2025-09-12,22,18.2,27.8,8.5,.7,83.4,2.1,11.31
98,동두천,2025-09-13,21.4,18.8,25.3,33.3,1,90.4,1.7,11.37
98,동두천,2025-09-14,22.2,17.3,28.5,,.6,87,7.6,17.59
98,동두천,2025-09-15,23.3,18.2,29.3,,.5,87,8.8,17.92
98,동두천,2025-09-16,22,19.2,25.7,21,.7,98.3,1.3,5.21
98,동두천,2025-09-17,20.8,19,22.6,30.9,.6,100,.5,3.73
98,동두천,2025-09-18,20.5,17.1,26.1,,.8,84.6,6.2,16.42
98,동두천,2025-09-19,18.2,15.6,22.2,12.8,.5,94.5,0,5.99
98,동두천,2025-09-20,18.3,16.4,24.1,23.9,.7,95.4,1.1,9.91
98,동두천,2025-09-21,19.4,14.5,25.7,,.7,81.9,10.6,21.44
98,동두천,2025-09-22,18.3,13.5,24.3,,.6,82.9,3.4,13.29
98,동두천,2025-09-23,21.1,16.3,26.7,,.9,71.6,7.4,16.86
98,동두천,2025-09-24,21,19.7,23.3,16.6,1.3,88.5,.2,3.61
98,동두천,2025-09-25,21.3,17,26.8,0,.7,88.9,9.3,16.95
98,동두천,2025-09-26,19.3,15.8,26.2,,.5,90.1,7.1,17.11
98,동두천,2025-09-27,20,14.4,26.9,,.7,83.9,8.9,16.58
98,동두천,2025-09-28,18.2,16.5,21,30.9,.5,98.4,1.2,5.98
98,동두천,2025-09-29,18.4,15,23.8,,.5,90.6,7.1,14.56
98,동두천,2025-09-30,17.8,14.3,23.7,,.5,92.3,3.3,10.41
99,파주,2025-05-15,17.6,15.3,23.9,2.6,1.3,91.4,3.5,11.62
99,파주,2025-05-16,18.4,16.2,22.2,14,.9,96.9,0,5.37
99,파주,2025-05-17,16.4,12.3,23.5,2.5,1.5,93.4,1.8,12.2
99,파주,2025-05-18,13.3,7.8,20.8,,1.2,75.4,10.7,27.12
99,파주,2025-05-19,13.7,6.4,20,2.2,1.4,87,.4,10.8
99,파주,2025-05-20,19,15.6,22.3,2.9,1.2,99.1,0,3.86
99,파주,2025-05-21,23.2,19.7,27.7,0,1,88.6,6.5,20.51
99,파주,2025-05-22,21.4,16.6,27.3,0,1.8,67,11.9,28.2
99,파주,2025-05-23,16.5,13.6,21.9,.8,1.5,77,0,8.67
99,파주,2025-05-24,14.8,9.6,19.5,.1,2,76.1,1.3,15.43
99,파주,2025-05-25,15.5,7.6,22.3,,1.2,78,12.4,28.59
99,파주,2025-05-26,16.7,9,25.3,,.8,78.4,11,26.05
99,파주,2025-05-27,17.9,10.2,25.8,,.9,79.8,11.8,25.92
99,파주,2025-05-28,18.6,12.5,25.9,,1,77.8,9.4,25.55
99,파주,2025-05-29,19,12.8,26.8,,1.1,78,10.2,25.37
99,파주,2025-05-30,19.6,12.6,27.5,,.9,72.5,11.6,26.64
99,파주,2025-05-31,18.5,11,25.1,,.7,77.6,6.1,21.12
99,파주,2025-06-01,19.9,13.3,28.2,,.9,78.8,9.6,26.27
99,파주,2025-06-02,18.1,15.3,21,0,.6,87.9,0,6.42
99,파주,2025-06-03,19.4,13.4,25,,1.6,72.1,11.5,27.35
99,파주,2025-06-04,18.5,12,24.7,,2,66.4,10.1,26.52
99,파주,2025-06-05,18.8,10.6,26.7,,1.3,67.3,11.8,27.73
99,파주,2025-06-06,20.6,11.8,28.3,,1.7,66.8,12,27.75
99,파주,2025-06-07,20.6,15.5,26.2,0,1.5,83,3,15.92
99,파주,2025-06-08,23.2,19,29.5,,1,80.1,10.4,26.02
99,파주,2025-06-09,22.2,17.1,28.7,,1.5,79.1,10.1,27.22
99,파주,2025-06-10,20.4,14.5,26,0,1.5,80,5.9,16.24
99,파주,2025-06-11,20.3,11.3,29.1,,1.3,70.5,12.6,29.17
99,파주,2025-06-12,22.9,13.8,31.3,,.9,67.4,12.3,29.19
99,파주,2025-06-13,21.5,15.6,27.2,0,.8,76.8,2.7,16.51
99,파주,2025-06-14,24.3,18.6,31.6,,1.2,73.8,10,26.27
99,파주,2025-06-15,23.4,18.6,31.8,22.2,1.4,84.6,4.8,18.2
99,파주,2025-06-16,21.8,19.7,25.1,5.9,1.8,95.5,0,6.26
99,파주,2025-06-17,22.9,19.1,28.1,,1.3,84,9.8,24.67
99,파주,2025-06-18,23,18.7,28.9,,.9,79.6,10.6,26.29
99,파주,2025-06-19,24.2,16.8,31.7,9.2,.8,82.8,9,22.85
99,파주,2025-06-20,22.5,20.7,24.6,103.7,3.1,99.3,0,2.89
99,파주,2025-06-21,21.3,19.1,25.1,.2,1,94.9,.2,8.62
99,파주,2025-06-22,21.5,16.1,28,,1.2,82.9,12.4,28.97
99,파주,2025-06-23,23.3,16.7,30.7,,.7,84.5,10.3,26.78
99,파주,2025-06-24,21.9,18.8,26.5,3.9,1.2,87.9,.2,9.99
99,파주,2025-06-25,19.1,17.6,20.7,10.2,1.6,96,0,6.43
99,파주,2025-06-26,21.6,18.3,25.2,.2,.7,90.6,1.1,12.08
99,파주,2025-06-27,23.2,19.7,27.6,0,.5,92,1.5,11.77
99,파주,2025-06-28,23.8,22.2,25.4,2.9,.5,98.3,0,4.17
99,파주,2025-06-29,24.7,22.8,28.6,1.2,.8,94.6,2.4,10.4
99,파주,2025-06-30,26,23.1,28.8,.1,1.2,90.8,1.8,13.3
99,파주,2025-07-01,26.7,24.5,30.3,1.9,2.1,92.8,5.9,20.92
99,파주,2025-07-02,26.4,25,29.7,0,1.6,91.5,.6,14.27
99,파주,2025-07-03,26.2,24.5,30.4,0,1.7,90.8,2.5,14.79
99,파주,2025-07-04,24.8,23.8,25.8,13.5,1.6,94,0,4.41
99,파주,2025-07-05,26.2,24.2,30.1,,1.6,88.8,5.3,17.91
99,파주,2025-07-06,27,24.5,30.7,,1.2,88,4.4,17.18
99,파주,2025-07-07,26.8,24.7,30.3,.3,.8,94,1.6,11.93
99,파주,2025-07-08,28.6,23.3,34.9,,1.5,83.8,11.8,26.96
99,파주,2025-07-09,28.9,24.1,34,,1.9,79,11.5,27.16
99,파주,2025-07-10,27.6,23.1,32.9,,2.1,72.4,11.7,28.04
99,파주,2025-07-11,26.1,18.8,32.5,,2,72,12.6,28.94
99,파주,2025-07-12,26.5,20.3,33.3,,1.4,74.6,12.3,29.11
99,파주,2025-07-13,24.8,21.3,28.9,.8,.7,91.1,2.5,10.86
99,파주,2025-07-14,22.1,20.6,25.7,11.7,.8,96.9,.5,7.99
99,파주,2025-07-15,22.5,20.5,26.5,6.9,.7,94,.7,10.94
99,파주,2025-07-16,21.9,20.8,23.7,47.3,1.1,98,0,3.08
99,파주,2025-07-17,23,21.7,25.5,18.5,.8,96.4,0,4.76
99,파주,2025-07-18,23,22.1,25.3,29.8,1.1,98.9,0,5.26
99,파주,2025-07-19,23.9,20.6,27,42.5,1.2,96.1,.6,7.33
99,파주,2025-07-20,26.2,22.7,30.3,70.4,1.4,91,4.5,16.59
99,파주,2025-07-21,26.5,23.5,30.9,0,1.3,92.1,5.5,19.79
99,파주,2025-07-22,26.5,23,31.2,19,1.5,91.3,7.7,23.98
99,파주,2025-07-23,26.3,22,31.7,,.8,85.6,9.7,25.15
99,파주,2025-07-24,26.7,22,32,,.6,86.8,8.7,24.47
99,파주,2025-07-25,27.4,22.6,33.7,,.7,86.6,10.6,27.06
99,파주,2025-07-26,28.1,22.7,34.2,,.7,86.1,11.9,26.91
99,파주,2025-07-27,29.2,23.8,34.7,,.8,84.6,12.4,26.85
99,파주,2025-07-28,29,24.9,34.2,,.7,83.3,11.4,26.08
99,파주,2025-07-29,28.3,22.7,34.7,,.8,82.1,12.2,26.56
99,파주,2025-07-30,28.4,24.2,33.3,,.7,89.1,3.8,18.49
99,파주,2025-07-31,27.8,25.7,31.5,0,.6,88.6,.3,12.85
99,파주,2025-08-01,28,24.7,33.4,,.9,88,4,18.95
99,파주,2025-08-02,28,23.7,33.5,,.7,84.8,10.4,23.44
99,파주,2025-08-03,26.6,22.7,30.8,0,.7,90,1.2,10.58
99,파주,2025-08-04,26.8,22.3,32.5,4.8,1.1,85.8,10.8,25.41
99,파주,2025-08-05,26.3,23.1,31.1,,1.1,85,7.5,22.83
99,파주,2025-08-06,26,23.6,28.1,25.5,1.3,96.8,1.5,5.11
99,파주,2025-08-07,26.3,22.1,31,,.9,84.4,10.6,24.72
99,파주,2025-08-08,25.3,20.6,30.7,,.9,85.8,9.6,23.63
99,파주,2025-08-09,23.3,19.3,26.8,0,.5,92,1.9,6.12
99,파주,2025-08-10,24.8,18.4,31.3,,.8,85.3,12.3,26.28
99,파주,2025-08-11,24.5,21.5,29.7,4.1,.7,91.5,.7,11.64
99,파주,2025-08-12,25.5,21.5,32.4,,.8,87.3,8.7,24.19
99,파주,2025-08-13,23.6,21.7,25.5,150.1,1.3,98.3,0,1.6
99,파주,2025-08-14,24.5,23.1,27.2,167.4,1.1,98.5,.3,7.79
99,파주,2025-08-15,26,21.7,30.3,,.9,90,8.8,22.64
99,파주,2025-08-16,26.8,23.6,31.1,,1.3,87.6,10.6,23.56
99,파주,2025-08-17,26.3,23.7,31.3,,1,92.5,.8,11.39
99,파주,2025-08-18,27.1,24.2,31.4,9.8,1.7,90,5.6,19.11
99,파주,2025-08-19,27.1,24.6,31.7,1.5,1.6,90.6,7.4,19.83
99,파주,2025-08-20,27.1,24,32,1.6,1.1,90.4,5.4,18.04
99,파주,2025-08-21,27.5,24,32.6,,.9,88.6,7.8,21.22
99,파주,2025-08-22,27.1,23.2,32.6,,1,87,10.8,24.24
99,파주,2025-08-23,27.5,23.9,31.8,,.8,89.1,5,12.61
99,파주,2025-08-24,27.4,23.6,33.5,,.7,87.9,7.4,19.18
99,파주,2025-08-25,27.6,23.2,33.5,12.4,1.7,88.9,3,14.44
99,파주,2025-08-26,26.6,22.7,31.2,.3,1.4,90.4,6.6,18.1
99,파주,2025-08-27,24.6,20.1,30.9,,.8,89,6.8,20.64
99,파주,2025-08-28,26.4,22.5,31.2,,1.3,87.5,3.8,15.02
99,파주,2025-08-29,28.2,26.2,32.2,.4,2,89.5,5.3,17.27
99,파주,2025-08-30,27.3,23.6,31.7,0,1,89,7,17.29
99,파주,2025-08-31,25.8,23.2,30.5,1.4,1.1,92.5,6.2,13.21
99,파주,2025-09-01,25.1,21.5,30.2,20.3,1.5,94.3,2,10.99
99,파주,2025-09-02,24.1,20,29.6,,.7,88.5,10.5,22.64
99,파주,2025-09-03,24.7,20.2,31.7,0,.8,83.6,9.1,21.93
99,파주,2025-09-04,24.4,22.1,29.6,23.8,1.6,91.6,4.7,15.14
99,파주,2025-09-05,25.8,21.2,31.7,,1.3,85.4,7.2,19.59
99,파주,2025-09-06,25.5,23.8,30.2,30,1.6,96.4,2.4,10.73
99,파주,2025-09-07,23.9,18.7,28.6,.4,.7,85.6,5.6,16.95
99,파주,2025-09-08,21.8,18.1,27.2,,.7,91.5,2.6,14.05
99,파주,2025-09-09,21,18.1,25.7,,.8,94.4,1.6,8.44
99,파주,2025-09-10,21.6,16,30,,1,84.3,11,23.01
99,파주,2025-09-11,22.7,16.5,30,,1.5,78.9,11.2,22.59
99,파주,2025-09-12,21.8,18,27.8,8.8,1.4,87.4,2.3,11.96
99,파주,2025-09-13,21.5,18.8,26.8,28.1,2.3,89.3,3.6,15.15
99,파주,2025-09-14,21.9,16.5,28.7,,.9,85.9,9,19.77
99,파주,2025-09-15,22.4,17.6,28.6,,.7,91.6,7.5,16.95
99,파주,2025-09-16,21.6,19.2,25.6,19.9,.7,98.9,.5,5.65
99,파주,2025-09-17,20.6,18,23.2,69.4,1.2,98,1.3,4.88
99,파주,2025-09-18,20.1,16.6,26.1,,1.4,88.4,5.8,16.34
99,파주,2025-09-19,18,15.6,21.5,14,1.7,93,0,6.09
99,파주,2025-09-20,18.7,16.5,23.4,17.3,1.4,90.9,1.8,12.11
99,파주,2025-09-21,19.1,14.1,25.7,,1.6,79.9,10.4,21.11
99,파주,2025-09-22,18,13.5,23.2,,1.5,83,1.8,12.99
99,파주,2025-09-23,20.2,16.3,26.5,0,1.2,78.6,6,15.57
99,파주,2025-09-24,20.7,18.2,23,20.4,1.1,90.3,.1,2.86
99,파주,2025-09-25,20.9,16.6,26.6,,.7,89.3,9.3,18.84
99,파주,2025-09-26,18.9,15.5,25.8,,.7,91.8,6.8,17.78
99,파주,2025-09-27,19.6,15,27,,.8,89.4,6.5,15.1
99,파주,2025-09-28,18,15.8,21.7,18.1,.8,97,.9,6.82
99,파주,2025-09-29,17.4,13.5,23.8,,.6,90.5,7.4,15.85
99,파주,2025-09-30,17.4,13.6,23.9,,.7,94.3,3.7,11.12
100,대관령,2025-05-15,16.3,14.8,19.3,1.2,4.7,85.4,2.8,9.14
100,대관령,2025-05-16,17.3,13.3,21.6,14,3,87.3,1.6,11.42
100,대관령,2025-05-17,16.3,11.3,22.5,4.5,5.3,81.3,11,27.89
100,대관령,2025-05-18,12.4,6,18.1,,3.5,60.3,12.8,27.66
100,대관령,2025-05-19,13.4,1.9,19.3,0,5,68.1,11.1,28.81
100,대관령,2025-05-20,19.7,15.8,24.5,1.2,6.1,87.9,8.6,23.1
100,대관령,2025-05-21,17.1,9.6,23.7,,3.8,88.6,9,22.58
100,대관령,2025-05-22,10.5,5.3,16.2,2.1,2.3,84.9,7.4,20.86
100,대관령,2025-05-23,9.1,3.2,13,.4,1.8,83.3,2.2,11.48
100,대관령,2025-05-24,7.2,6.6,8.1,16.1,2.6,96.6,0,4.23
100,대관령,2025-05-25,10.7,2.8,19,,1.6,82.8,9.3,28.32
100,대관령,2025-05-26,12.6,4.4,21.5,,1.2,72.6,12.1,24.86
100,대관령,2025-05-27,13.2,5.5,20.2,,1.3,76.9,11.7,25.38
100,대관령,2025-05-28,13,7.8,20.5,6.7,1.1,89,5,14.13
100,대관령,2025-05-29,12.5,4.6,19.5,,1.9,85.6,11.2,29.14
100,대관령,2025-05-30,9.9,.1,17.5,,1.7,80.1,13.3,28.81
100,대관령,2025-05-31,12.1,.8,22.1,,1.3,66.1,12.7,25.81
100,대관령,2025-06-01,16.2,5,25.1,,1.4,65.9,11.2,29.33
100,대관령,2025-06-02,15.2,11.8,19,.4,.9,86.1,.2,7.02
100,대관령,2025-06-03,16.2,12.6,21.9,.7,2.9,66.9,7.4,17.75
100,대관령,2025-06-04,15,8.1,20.8,,5.7,55.9,11.2,29.38
100,대관령,2025-06-05,17.2,9.2,23.3,,4.2,61,13,30.39
100,대관령,2025-06-06,20,13.7,26.2,,5.2,46,13.2,29.79
100,대관령,2025-06-07,19.9,16,25.7,,4.4,61.9,10.5,26.94
100,대관령,2025-06-08,18.4,13,23.8,,2.3,82.4,10.6,26.58
100,대관령,2025-06-09,20.5,12.6,28.2,,2.4,70.3,12.2,29.08
100,대관령,2025-06-10,19.4,15.8,24.4,,5.1,73.9,7.9,20.16
100,대관령,2025-06-11,17.5,11.8,25,,3.5,64.8,13.4,31.88
100,대관령,2025-06-12,17.4,8.8,23.8,,1.6,70.1,12.5,30.57
100,대관령,2025-06-13,19,11.3,27.5,2.1,1.7,69.5,8.3,22.64
100,대관령,2025-06-14,18.7,14.5,25.4,2.1,1.7,83.4,8.9,23.07
100,대관령,2025-06-15,21.5,13,28.6,.4,1.8,78.4,8.5,22.39
100,대관령,2025-06-16,20.3,18.2,23.8,8.7,4.1,84.4,3.4,11.12
100,대관령,2025-06-17,19.1,14.6,24.4,1.7,4.1,80.1,8,22.59
100,대관령,2025-06-18,20.8,14.1,27.2,,2.9,74.1,12.9,29.37
100,대관령,2025-06-19,24,16.5,31.8,,2.3,57,11.6,27.8
100,대관령,2025-06-20,21.6,19.5,23.2,14.7,4.6,83.3,0,6.39
100,대관령,2025-06-21,18.8,16.7,20.4,25.6,3.9,90,0,5.92
100,대관령,2025-06-22,18.9,13.6,25.3,,3,74.4,13.1,31.11
100,대관령,2025-06-23,18.6,11.6,25.8,,1.3,73.8,13.4,31
100,대관령,2025-06-24,16.9,9.1,22.5,.4,1.4,77,4.3,15.34
100,대관령,2025-06-25,16.4,13.8,18.2,8.4,2.2,95.9,0,8.6
100,대관령,2025-06-26,18.9,15.8,23.3,,3.2,90,4.6,16.17
100,대관령,2025-06-27,21.4,16.5,27,,1.3,84.1,5.3,16.37
100,대관령,2025-06-28,21.4,18.3,27.7,9,1.5,93,2,11.78
100,대관령,2025-06-29,24.3,20.7,29.3,,3.1,82.9,9.2,22.34
100,대관령,2025-06-30,24.3,20.6,28.2,,4.1,79.6,9.6,21.15
100,대관령,2025-07-01,24.4,22.2,27.8,,4.9,81.8,7.7,17
100,대관령,2025-07-02,24,22.2,27.3,,4.7,82.5,4.2,13.1
100,대관령,2025-07-03,23.8,22.5,26.2,,3.9,82.8,2.1,9
100,대관령,2025-07-04,21.6,20.1,23.3,0,5.3,86.9,1.2,8.43
100,대관령,2025-07-05,23,20.7,26.6,,4,85,7.1,19.14
100,대관령,2025-07-06,24.4,21.1,29.1,,4,85.3,6.2,20.37
100,대관령,2025-07-07,24.4,21.2,29.5,,2.1,87.8,8,21.86
100,대관령,2025-07-08,22,19.6,26.1,,2,91.1,7.7,20.45
100,대관령,2025-07-09,21.6,17.7,26.3,,1.9,89.3,7.1,20.19
100,대관령,2025-07-10,19.4,13.5,24.8,,2.2,81.3,13.6,30.83
100,대관령,2025-07-11,19.4,15.5,24.2,,2.6,84.8,11.8,28.25
100,대관령,2025-07-12,21.1,12.8,28.5,,1.4,78.5,12.5,30.43
100,대관령,2025-07-13,21.4,15.1,29.9,8.2,1.7,78.5,7.2,20.37
100,대관령,2025-07-14,16.8,15.3,19.1,23.2,1.4,95.6,.3,7.81
100,대관령,2025-07-15,17.9,16,21.8,32,1.7,94,1.6,7.85
100,대관령,2025-07-16,19.2,17.2,22,9.9,2.6,89.9,1.3,7.9
100,대관령,2025-07-17,18.6,17.2,20.3,32.4,2.3,97,.1,4.6
100,대관령,2025-07-18,21.6,17.5,24.8,.4,1.5,89.9,3,13.5
100,대관령,2025-07-19,20.5,18.1,25.3,27.5,2.7,94.3,2.4,9.89
100,대관령,2025-07-20,22.8,19.7,27.3,8.9,4.1,88.5,6.7,19.35
100,대관령,2025-07-21,24.1,21.5,28.1,,4.3,85.3,7.7,22.27
100,대관령,2025-07-22,24,20.9,28.8,,4,84,9.5,25.08
100,대관령,2025-07-23,24,19.1,30,,2.1,81.9,12.6,27.56
100,대관령,2025-07-24,24.2,18.8,30.8,,1.3,80.4,11.6,26.3
100,대관령,2025-07-25,24.7,18,32,,1.1,78.5,11.6,29.02
100,대관령,2025-07-26,24.8,18.1,33.1,,1.1,78.9,13.2,27.58
100,대관령,2025-07-27,25.6,18.7,33.2,,1.5,77.1,13.4,30.11
100,대관령,2025-07-28,24.9,18.7,32.8,,1.6,78.1,12.4,28.08
100,대관령,2025-07-29,24.3,18.1,31.2,5.1,1.3,85.8,12.5,27.22
100,대관령,2025-07-30,24,19.7,28.9,,1.5,87.8,10.9,26.03
100,대관령,2025-07-31,23.2,19.3,30.5,,1.1,82.8,5,18.29
100,대관령,2025-08-01,23,16.9,28.7,,1.4,88.5,10.5,25.98
100,대관령,2025-08-02,24.8,20,30.9,,1.7,82.6,9.3,21.4
100,대관령,2025-08-03,23.7,19,28.2,1.7,.9,84.3,.4,10.02
100,대관령,2025-08-04,21.5,18.6,27.1,2,1.6,93.6,3.4,15.13
100,대관령,2025-08-05,24.5,20.5,29.6,,2.6,80.4,8.9,23.75
100,대관령,2025-08-06,22.4,20.6,25.5,24.4,4,91,0,4.42
100,대관령,2025-08-07,21.6,18.1,26.3,.1,2.6,85.1,8.5,22.53
100,대관령,2025-08-08,20.4,16.6,25.7,0,1.4,90.5,5,17.96
100,대관령,2025-08-09,19.3,15.1,23.2,,1.6,89,.8,8.92
100,대관령,2025-08-10,19.1,12.1,24.9,,1.5,83.4,12.4,28.47
100,대관령,2025-08-11,19.1,14.1,24.1,0,.4,90.6,.5,8.85
100,대관령,2025-08-12,21,16.7,27,,1,84.4,8.2,22.04
100,대관령,2025-08-13,20.4,16.7,23.7,13.9,1.6,95.3,.6,5.55
100,대관령,2025-08-14,21.8,19.7,24.3,5.8,3.9,93.3,1.5,7.84
100,대관령,2025-08-15,23.1,18.5,28.8,,2.4,83,10.4,25.26
100,대관령,2025-08-16,23.8,20.2,28.8,,3.7,81.3,11,24.92
100,대관령,2025-08-17,23.4,20.2,28.1,,3.7,80.8,8.7,22.73
100,대관령,2025-08-18,23.3,20.2,28,.2,3.8,83.8,3.6,12.55
100,대관령,2025-08-19,24.4,22.1,28.8,,5.2,79.8,8.7,21.13
100,대관령,2025-08-20,24.1,20.6,29.1,,3.5,80.9,8,21.91
100,대관령,2025-08-21,23.1,18.5,30.1,,1.8,84.1,10.2,21.54
100,대관령,2025-08-22,24.6,18.8,30.1,,3,79.8,11.7,25.82
100,대관령,2025-08-23,24.3,19.7,30.7,1.4,1.7,82.5,8.8,17.39
100,대관령,2025-08-24,24.3,20,30.1,,1.3,85.3,8.3,19.54
100,대관령,2025-08-25,25.3,18.6,32,,2.6,78,8.9,22.12
100,대관령,2025-08-26,22.9,20.5,25.6,2.6,4.3,87.5,4.3,11.14
100,대관령,2025-08-27,20.8,17.1,25.6,,1.8,87.3,8.2,20.71
100,대관령,2025-08-28,22.4,17,27.8,,2.5,82.1,4,15.64
100,대관령,2025-08-29,24.8,22.5,29.1,,5.6,80.9,7.1,17.89
100,대관령,2025-08-30,24,19.2,30.5,.1,2.5,84.3,5.7,16.69
100,대관령,2025-08-31,23.7,18.1,31,,1.9,81.6,6.7,17.99
100,대관령,2025-09-01,23.5,20.1,29.2,4.4,4.3,83.6,5.3,16.77
100,대관령,2025-09-02,21.4,17.2,26.2,10,1.7,88.1,7,16.95
100,대관령,2025-09-03,20.1,14.8,25.2,,1.8,89.5,8.1,20.01
100,대관령,2025-09-04,18.5,16.8,20.7,.9,1.2,94.8,0,6.41
100,대관령,2025-09-05,20.5,15.5,25.7,,1.4,86.4,11,23.4
100,대관령,2025-09-06,22.6,19.1,27.8,2,4.5,89.6,5.5,16.79
100,대관령,2025-09-07,20.8,14.3,26.7,12.8,3.3,86.8,2.9,12.18
100,대관령,2025-09-08,19.7,12.6,27.7,0,1.2,79.8,6.2,17.03
100,대관령,2025-09-09,16.7,11,20.8,.5,1.2,86.4,.5,9.22
100,대관령,2025-09-10,15.6,8.1,23.5,,1.4,83.1,11.1,23.13
100,대관령,2025-09-11,16.4,6,23.5,,1.8,83.6,9.7,23.42
100,대관령,2025-09-12,17.6,13.5,21.2,10.5,1.6,91.9,.5,7.71
100,대관령,2025-09-13,16.6,15,18,67,1.7,95.9,0,5.66
100,대관령,2025-09-14,18.5,14.8,22.3,,1.8,91.1,3.3,12.4
100,대관령,2025-09-15,20.6,14.5,27.8,,1.5,81.3,9.6,18.57
100,대관령,2025-09-16,20.7,15,26.3,2.9,3.3,87,7.2,16.23
100,대관령,2025-09-17,17.6,14.6,21.2,58.4,2.3,96,0,2.29
100,대관령,2025-09-18,14.1,12.1,16.7,2.7,1.8,93.1,.3,7.22
100,대관령,2025-09-19,13.9,12.3,16.5,6.9,1.7,92.9,0,6.82
100,대관령,2025-09-20,14.1,12.1,17.2,59.9,1.4,95.6,0,5.94
100,대관령,2025-09-21,13.3,8.8,17.3,2.3,1.6,90.5,5.5,12.76
100,대관령,2025-09-22,13,7.4,19,,1.3,89.6,5.2,14.61
100,대관령,2025-09-23,14.4,9.6,18.4,,1.6,87.5,5.5,14.09
100,대관령,2025-09-24,17.8,11.3,22.8,1.2,2.3,90.9,.7,7.66
100,대관령,2025-09-25,17.3,11.5,21.8,1.5,3.2,89.8,3.9,10.9
100,대관령,2025-09-26,15.3,9.6,23.1,,1.2,84.4,9.6,19.54
100,대관령,2025-09-27,14.3,6.5,21.7,,1.2,89.4,9.3,15.84
100,대관령,2025-09-28,14.4,10.6,17.6,15.4,1.1,96.1,.1,3.93
100,대관령,2025-09-29,13.3,6.8,18.9,,1.2,88.5,7.8,16.08
100,대관령,2025-09-30,12.5,5,20.1,,.8,88.6,1.9,8.96
101,춘천,2025-05-15,18.1,15.2,22.9,2.3,.8,83.9,2.6,9.03
101,춘천,2025-05-16,18,15.1,20.6,15.8,.8,89.8,0,5.03
101,춘천,2025-05-17,19.2,15.6,25.3,.6,1.3,79.3,3.8,17.12
101,춘천,2025-05-18,16.1,10.6,22.1,,1.4,59,11.5,26.31
101,춘천,2025-05-19,15.2,7.8,21,0,1.2,74.5,2.6,14.74
101,춘천,2025-05-20,20.7,17.1,25.8,.6,.5,90,1.7,8.2
101,춘천,2025-05-21,24.9,19.8,31.3,,.4,72.9,5.2,21.31
101,춘천,2025-05-22,20.8,15.7,26.7,0,1.5,54.4,10.9,26.77
101,춘천,2025-05-23,16.7,12.3,20.7,.9,1.8,57,0,9.76
101,춘천,2025-05-24,14.3,11.9,17.3,2.2,2,71.3,.6,11.61
101,춘천,2025-05-25,16.8,8.7,24.2,,.9,65,11.4,25.99
101,춘천,2025-05-26,18.1,10.5,26.4,,.6,65,12.4,26.94
101,춘천,2025-05-27,19.3,11.2,27.1,,.6,62.5,12.3,27
101,춘천,2025-05-28,18.6,13.8,26.6,6.5,.7,74.4,8.1,22.48
101,춘천,2025-05-29,18.6,14.1,27.2,.6,.8,78.9,6.8,23.43
101,춘천,2025-05-30,19.4,11.9,27.7,,.8,55,12.7,26.77
101,춘천,2025-05-31,18.5,10.1,27.5,,.8,58.1,11.1,24.84
101,춘천,2025-06-01,21.5,12.7,30.3,,.5,61.1,10.4,27.47
101,춘천,2025-06-02,18.9,17.1,21.9,0,.8,82.1,0,6.2
101,춘천,2025-06-03,20.8,16.4,26.1,.1,1,60.4,9.2,25.23
101,춘천,2025-06-04,18.3,9.9,24.7,,1.3,56.4,7.4,20.07
101,춘천,2025-06-05,,10.3,,,,,,
101,춘천,2025-06-08,24.2,18.8,30.1,0,1.4,63.1,11.2,26.88
101,춘천,2025-06-09,24.4,17.8,30.7,,1.7,62.4,10.6,26.88
101,춘천,2025-06-10,22.5,10.8,26.9,,2.3,67.1,7.6,20.64
101,춘천,2025-06-11,22,13.2,29.6,,1.7,58.6,13.6,29.61
101,춘천,2025-06-12,23.8,15.1,32,,1.5,57.9,13.3,29.32
101,춘천,2025-06-13,23.1,16.6,30.4,0,1.6,64.4,6.4,20.51
101,춘천,2025-06-14,25.6,18.9,33.2,,1.4,63.9,9.6,25.52
101,춘천,2025-06-15,26.4,20.8,32,0,1.5,69.6,4.8,21.04
101,춘천,2025-06-16,23.5,21.7,27.9,34.5,1.5,83.5,1.5,10.12
101,춘천,2025-06-17,23.7,18.8,29.5,,1.8,70.4,8.6,24.55
101,춘천,2025-06-18,24,17.3,30.8,,1.7,69.5,10.4,27.06
101,춘천,2025-06-19,25.9,17.9,33.3,,1.3,65.8,10.2,24.7
101,춘천,2025-06-20,23.5,22.5,25.5,69.3,2.2,90.9,0,4.96
101,춘천,2025-06-21,22.8,19.4,26.1,0,1.6,82.8,.3,10.59
101,춘천,2025-06-22,23.5,17.1,30.2,,1.6,68.6,11.4,28.91
101,춘천,2025-06-23,24.9,17.5,32.9,,1.3,66.4,13.1,28.78
101,춘천,2025-06-24,22.7,18.6,27.5,0,1.8,68.6,.7,11.71
101,춘천,2025-06-25,19.9,18.5,20.8,3.6,1.7,86.3,0,5.36
101,춘천,2025-06-26,21.6,18.3,26.7,.4,.8,86.4,.9,9.83
101,춘천,2025-06-27,23.4,20.9,27.3,0,.8,84.1,1.2,9.95
101,춘천,2025-06-28,24,21.1,28.2,13.5,.6,90.8,.3,9.66
101,춘천,2025-06-29,26.6,23.5,31.6,,1.3,80.5,5.2,20.81
101,춘천,2025-06-30,26.9,22.1,31.7,,1.3,77.9,4.4,17.4
101,춘천,2025-07-01,27.5,22.9,33.1,1.3,1.5,79.9,6.1,21.15
101,춘천,2025-07-02,27.8,24.4,32,,1.5,78.1,3.1,17.95
101,춘천,2025-07-03,27.9,24,31.6,0,1.5,75.4,2.1,16.29
101,춘천,2025-07-04,25.4,24.3,27.9,1.7,1.5,81.4,0,7.17
101,춘천,2025-07-05,27.6,24.6,31.5,,1.4,75.4,3.1,12.33
101,춘천,2025-07-06,27.4,25.1,30.1,,1.5,78.9,.1,10.46
101,춘천,2025-07-07,29.7,25.8,34.9,,1.4,74,8.9,24.03
101,춘천,2025-07-08,29.4,24.6,36.9,0,1.9,72.5,10.6,26.25
101,춘천,2025-07-09,29.9,24.4,35.6,,2.4,62,11.5,26.48
101,춘천,2025-07-10,28.2,22.8,34.4,,2.7,53.5,13.4,29.53
101,춘천,2025-07-11,26.7,19.6,33.6,,3.1,57.3,13.7,29.52
101,춘천,2025-07-12,27.2,19.5,35.4,,2,57.5,13.6,29.61
101,춘천,2025-07-13,25,20.5,30.5,.4,1.1,77.8,3.6,12.86
101,춘천,2025-07-14,21.6,20.2,23.9,18.5,1.1,89.5,0,7.16
101,춘천,2025-07-15,22.6,20.1,26.2,30.5,1.1,84.9,.1,11.43
101,춘천,2025-07-16,22.2,20.9,25.2,55.2,.9,91,.5,5.45
101,춘천,2025-07-17,21.8,20.9,23.5,42.1,1.1,93.9,.2,3.7
101,춘천,2025-07-18,23.6,21.5,26.3,18.6,.6,91.3,.1,7.81
101,춘천,2025-07-19,23.2,21.6,24.9,23,.7,93.1,.1,5.48
101,춘천,2025-07-20,26.5,23,32.1,94.7,1.5,82.3,6,20.09
101,춘천,2025-07-21,27.6,23.2,32.8,,1.4,78.1,7.2,22.61
101,춘천,2025-07-22,28.1,24.2,33.3,0,1.5,73.9,8,22.3
101,춘천,2025-07-23,27.4,22.1,33.7,,1.4,76.6,8.8,24.76
101,춘천,2025-07-24,28,23.2,34.7,,1.3,75.5,8.1,22.93
101,춘천,2025-07-25,28.5,22.9,36.5,,1.5,71,9.8,25.72
101,춘천,2025-07-26,29.4,23.5,36.5,,1.4,70.8,13.2,27.38
101,춘천,2025-07-27,29.7,24.1,36.5,,1.5,70.1,12.7,27.98
101,춘천,2025-07-28,29.9,24,36.6,,1.4,71.3,12.9,27.85
101,춘천,2025-07-29,29.9,23.6,37.1,,1.7,68.3,12.7,26.83
101,춘천,2025-07-30,29.3,24.7,35.6,,1.5,73.3,5.6,19.33
101,춘천,2025-07-31,28.8,25.4,34.2,,1.4,72,4,18.37
101,춘천,2025-08-01,29,24.2,35.5,0,1.4,70.3,6.8,20.34
101,춘천,2025-08-02,29,24.4,35,,1.6,71.1,8.9,22.58
101,춘천,2025-08-03,27,23,32.3,1.4,1.1,81,.3,10.18
101,춘천,2025-08-04,27,21.8,33.3,7.7,1.5,78.9,6.2,21.72
101,춘천,2025-08-05,28.2,25,33.4,,1.5,74.8,6.5,20.82
101,춘천,2025-08-06,24.8,23.2,27.1,70.9,1,90.5,.9,3.59
101,춘천,2025-08-07,26.8,22.4,32.3,,1.2,71.6,10.7,25.13
101,춘천,2025-08-08,26.4,21.2,32.5,,1.4,73.6,8.3,23.1
101,춘천,2025-08-09,23.9,20.2,27.2,,1,80.1,.1,6.48
101,춘천,2025-08-10,25.5,19,32.9,,1.3,72.4,11,26.02
101,춘천,2025-08-11,24.8,21.7,28.8,,1.3,80.3,1.4,11.53
101,춘천,2025-08-12,27,21.7,33.8,,1.3,70.6,10.4,25.5
101,춘천,2025-08-13,22.8,21.1,24.3,65.1,.9,91.3,0,1.97
101,춘천,2025-08-14,25.1,23.2,29,41.6,1.2,88.5,1,10.24
101,춘천,2025-08-15,27,22.9,32.7,,1.2,78.4,9.3,22.55
101,춘천,2025-08-16,27.3,22.8,33,,1.5,76.4,8.4,22.49
101,춘천,2025-08-17,26.2,22.4,31.5,,1,81.8,1.4,13.21
101,춘천,2025-08-18,27.4,23.8,33.2,.7,1.4,76.4,4.3,17.78
101,춘천,2025-08-19,27.8,23.1,32.7,,1.7,74.3,8.4,20.53
101,춘천,2025-08-20,27.6,23.4,33,8.6,1.2,78,6.4,19.41
101,춘천,2025-08-21,27.4,23.4,33.5,0,1.1,80,5.2,17.45
101,춘천,2025-08-22,28.4,24.7,33.6,,1.6,74.4,10,23.32
101,춘천,2025-08-23,26.9,22.9,30.7,0,1,82.6,3.3,10.5
101,춘천,2025-08-24,28.3,24.8,34.2,,1,79.8,6.1,17.37
101,춘천,2025-08-25,28.5,23.9,33.2,.4,1.6,76.5,4.3,15.87
101,춘천,2025-08-26,26.7,23.7,31.8,46.2,1.5,82.5,5.8,15.36
101,춘천,2025-08-27,26.7,22.7,31.8,,1.3,73.1,8.2,20.06
101,춘천,2025-08-28,26.3,23,29.9,0,1.1,80.4,1,11.39
101,춘천,2025-08-29,28.6,25,33.2,.6,2.1,75.8,5.1,16.53
101,춘천,2025-08-30,26.4,24.3,32.2,3.9,1.3,84.9,4.3,14.14
101,춘천,2025-08-31,26.1,24,31.8,5.8,.8,85.4,4.5,15.6
101,춘천,2025-09-01,25,22.8,27.5,54.4,1.4,88.9,.3,6.07
101,춘천,2025-09-02,25.2,21.8,30.9,,1,76,9.7,21.68
101,춘천,2025-09-03,25.8,20.7,32.5,,1.3,75.8,8.3,20.93
101,춘천,2025-09-04,23.8,21.4,28.2,30,1.7,84.1,3.3,11.37
101,춘천,2025-09-05,26,19.8,32.8,0,1.4,74.8,11.4,22.96
101,춘천,2025-09-06,24.7,23,29.7,45.3,1.2,90.8,.8,7.4
101,춘천,2025-09-07,25.1,18.9,30.4,5.1,1.7,75.4,4.8,17.4
101,춘천,2025-09-08,22.8,18.2,29.6,0,1.1,78.4,4.2,16.09
101,춘천,2025-09-09,21.7,17.7,25.6,0,1.2,81.9,.5,8.72
101,춘천,2025-09-10,22.1,15.6,31.3,,1.5,70,11.2,23.37
101,춘천,2025-09-11,23,15.8,30.8,,2.3,67,11.2,22.63
101,춘천,2025-09-12,22.2,18.4,27.4,8.7,1.5,79.4,1.5,10.2
101,춘천,2025-09-13,21.6,19.5,25.4,66.4,2,83.8,.2,9.29
101,춘천,2025-09-14,22.8,18.8,28.4,,1.1,78.9,5,15.18
101,춘천,2025-09-15,23,18.9,29.6,,1,81.5,6,15.38
101,춘천,2025-09-16,22.2,19.4,25.1,14.6,.9,90.1,0,5.67
101,춘천,2025-09-17,21.1,19.4,23,60.8,1,92.9,0,2.67
101,춘천,2025-09-18,19.9,16.3,24.6,,2.2,76.8,3.7,14.07
101,춘천,2025-09-19,18,15.5,22.3,11.5,1.3,86.5,0,6.76
101,춘천,2025-09-20,18.4,16.3,22.1,41,1.2,88.5,.2,7.51
101,춘천,2025-09-21,19,13.9,25.9,,1.2,74.4,9.8,19.7
101,춘천,2025-09-22,18.2,13,24,,1.6,76.6,2.9,13.61
101,춘천,2025-09-23,20.9,15.6,26.6,,2.1,67.4,8.3,18.79
101,춘천,2025-09-24,19.9,17,22.6,12.7,.7,86.3,0,4.81
101,춘천,2025-09-25,21.3,16.3,27,,.9,80.9,6.4,13.49
101,춘천,2025-09-26,19.8,15.8,27.1,,1.3,80.9,7,16.99
101,춘천,2025-09-27,19.9,14.5,26.9,,1.1,78.1,8.9,16.9
101,춘천,2025-09-28,17.8,16.1,21,30.9,.9,92.4,.4,4.25
101,춘천,2025-09-29,19.2,15.2,25.8,,.9,79.5,8.6,16.28
101,춘천,2025-09-30,17.6,14.8,22.5,,.7,87.1,1.7,7.67
102,백령도,2025-05-15,12,8.7,16.7,6.2,2.5,91.9,7,26.25
102,백령도,2025-05-16,14.5,10.2,16.7,.6,3.4,94.3,.9,8.21
102,백령도,2025-05-17,13.1,10.1,17.1,,4.6,88.6,3.6,10.31
102,백령도,2025-05-18,14,9.1,19.2,,4,62.3,11,29.04
102,백령도,2025-05-19,12.7,11.5,14.5,.3,5,85.9,1.9,12.38
102,백령도,2025-05-20,14,12.5,15.9,.2,5.6,95.1,0,12.99
102,백령도,2025-05-21,15.7,13.8,17.8,1.1,3,96.6,0,6.18
102,백령도,2025-05-22,16.4,12.6,19.7,,4.8,62.6,10.8,28.79
102,백령도,2025-05-23,14.1,11.8,18.9,22.6,3.5,80.6,0,3.45
102,백령도,2025-05-24,12.5,10.9,16.1,.6,3.1,87.9,4.1,14.2
102,백령도,2025-05-25,14.2,9.7,19.6,,1.7,82.3,12.2,27.82
102,백령도,2025-05-26,14.1,9.1,18.6,,3.4,88.8,8.7,24.88
102,백령도,2025-05-27,14.1,10.7,19.5,0,2.6,90,3.4,18.5
102,백령도,2025-05-28,17.2,12.5,22,,1.9,70.8,9.6,24.96
102,백령도,2025-05-29,17.9,13,23.4,,1.7,53.8,12.9,28.27
102,백령도,2025-05-30,18.4,12.4,24.6,,1.5,56.5,12.4,27.97
102,백령도,2025-05-31,17.9,14.7,22.7,,1.4,61.3,5.4,19.54
102,백령도,2025-06-01,18.7,14.2,23.6,,2.2,62.9,9.7,27.33
102,백령도,2025-06-02,17.7,14.9,21.8,0,2.4,65.6,3.6,19.39
102,백령도,2025-06-03,18.6,14,23.1,,4.2,61.6,12.7,31.2
102,백령도,2025-06-04,18.3,15.2,21,,4.9,61,13.9,31.73
102,백령도,2025-06-05,18.8,12.5,23.6,,3.9,60.9,13.1,28.65
102,백령도,2025-06-06,18.6,15.4,21.9,,4.8,78.8,12.1,26.99
102,백령도,2025-06-07,17.1,15.6,18.8,0,2.7,94.8,0,7.32
102,백령도,2025-06-08,17.7,13,23,,2.2,87,13.4,31.29
102,백령도,2025-06-09,17.6,13,21.5,0,3.1,88.1,6.3,24.67
102,백령도,2025-06-10,18.4,15.6,21.4,.5,3.7,82.9,10.7,28.86
102,백령도,2025-06-11,20.7,15.7,25.1,,3.2,61.6,13.8,31.05
102,백령도,2025-06-12,20.5,15.5,26.3,,2.1,63.5,13.9,31.12
102,백령도,2025-06-13,17.9,15.1,20,,3.2,82.6,2.3,10.96
102,백령도,2025-06-14,19,16.7,22.6,.7,3.5,88,11.1,29.91
102,백령도,2025-06-15,18.5,16.5,20.8,1.3,4.7,95.9,0,6.02
102,백령도,2025-06-16,19.2,15.3,22,,2.6,93.6,1.9,13.31
102,백령도,2025-06-17,18.1,15.1,22.9,,2.6,89.4,9.2,28.07
102,백령도,2025-06-18,17.7,14.4,20.6,,4.4,89.1,3.9,20.68
102,백령도,2025-06-19,20.1,17.8,22.8,5.8,5.4,92.5,0,6.77
102,백령도,2025-06-20,19.7,17.1,23.3,77.7,4.8,96.3,.2,5.65
102,백령도,2025-06-21,20.6,16.9,25.6,,2.4,66.1,3.7,18
102,백령도,2025-06-22,22.9,17.1,28.3,,1.8,60.9,13.7,31.32
102,백령도,2025-06-23,22,17,26.8,,2.2,67.8,13.9,31.13
102,백령도,2025-06-24,23.4,20.5,27.3,0,1.3,63.9,2.2,13.41
102,백령도,2025-06-25,18.6,17.2,22,12,1.9,92.6,.2,8.53
102,백령도,2025-06-26,21,17.7,24.1,0,1.8,82.9,12.5,29.13
102,백령도,2025-06-27,19.8,17.5,21.5,2.9,3.7,91,.6,10.95
102,백령도,2025-06-28,21.2,18.4,25.4,.1,3,91.9,5.9,24.74
102,백령도,2025-06-29,20.8,19.3,22.2,0,4.3,96.5,0,9.35
102,백령도,2025-06-30,21.2,19.7,23,.7,4.4,97,0,5.47
102,백령도,2025-07-01,22.1,20.7,23.7,.2,3.7,96.6,0,7.82
102,백령도,2025-07-02,21.7,20,24.4,20,2.9,96.1,.3,7.8
102,백령도,2025-07-03,22.7,20.7,24.1,.2,4.3,95,0,9.52
102,백령도,2025-07-04,23.2,21.2,25.4,,4,92.9,0,9.52
102,백령도,2025-07-05,22.9,21.6,25.2,,5.2,94.3,.5,17.09
102,백령도,2025-07-06,23.4,20.3,26.7,,3,94.1,1.7,17.16
102,백령도,2025-07-07,23.9,22.3,26.5,,2.1,93.5,.5,15.82
102,백령도,2025-07-08,24.4,22.1,30.8,,2.2,90.4,5.9,22.51
102,백령도,2025-07-09,27,23.6,30.8,,2,77.9,13.1,28.59
102,백령도,2025-07-10,27.1,23.8,32.3,,2.6,69.1,13.2,29.47
102,백령도,2025-07-11,26.1,22.1,30.9,,2.8,60.8,13.8,30.41
102,백령도,2025-07-12,25.2,22.4,28.9,,2.6,68,13.6,30.11
102,백령도,2025-07-13,24.1,21.6,28.4,,2,69.5,6,19.2
102,백령도,2025-07-14,22.9,20,26.5,0,4,74.6,13.5,31.03
102,백령도,2025-07-15,23.1,19.6,27.3,,2.4,83,8.8,25.77
102,백령도,2025-07-16,21.1,19.6,23.9,68.1,4.3,92.6,0,1.92
102,백령도,2025-07-17,22.9,20.6,26.5,,2,90.6,5.1,19.7
102,백령도,2025-07-18,23,19.6,27.3,0,1.7,87.1,8.4,23.94
102,백령도,2025-07-19,23.3,21.3,26.4,3.3,2.6,92.9,1.9,12.44
102,백령도,2025-07-20,25.6,22.4,27.8,2.7,4.5,90.4,.8,13.53
102,백령도,2025-07-21,26,23.7,28.5,,4.2,89.3,1.9,16.37
102,백령도,2025-07-22,25.6,22.8,28.8,0,3.7,88.5,2.7,17.91
102,백령도,2025-07-23,24.1,22.1,26.9,,2.5,93.9,3.4,18.86
102,백령도,2025-07-24,25.3,22.1,28.8,,1.4,87.1,6.2,19.31
102,백령도,2025-07-25,25.1,22.5,30.1,,1.6,82.9,13.1,28.96
102,백령도,2025-07-26,25.9,21.1,31.3,,1.6,65,12.4,26.8
102,백령도,2025-07-27,26.6,22.1,31.5,,2,58.6,13.7,29.44
102,백령도,2025-07-28,26.4,22.4,30.7,,2,65.5,13.7,29.48
102,백령도,2025-07-29,26.5,22.8,30.7,,1.3,75.6,13.6,29.2
102,백령도,2025-07-30,25.4,22,29.7,,1.7,81.3,.4,11.27
102,백령도,2025-07-31,26,23.7,28.8,0,1.3,82.9,.7,12.71
102,백령도,2025-08-01,25.7,23.5,29.6,0,1.5,81.1,1.1,10.95
102,백령도,2025-08-02,26.8,23.5,31.2,,1.3,75.4,11.6,26.41
102,백령도,2025-08-03,26,23.5,29.4,.6,2.7,77.5,3.8,17.54
102,백령도,2025-08-04,24.5,22.9,27.3,,3.1,79.4,9.9,25.4
102,백령도,2025-08-05,25.7,22.1,29.3,,2.8,84.4,8.5,22.87
102,백령도,2025-08-06,26.2,23.3,28.8,.2,3.1,84.4,4.8,13.81
102,백령도,2025-08-07,24.1,21.9,26.6,,3.5,79.6,13.2,29.12
102,백령도,2025-08-08,25.2,22.5,28,0,1.5,85.1,3.9,15.33
102,백령도,2025-08-09,23.6,20.8,27.2,.1,1.2,80,3.6,9.51
102,백령도,2025-08-10,23.6,20.4,26.2,,3.2,81,13.2,28.56
102,백령도,2025-08-11,25,22.2,29.3,,1.7,80.6,9,24.26
102,백령도,2025-08-12,24.7,21.9,28.4,,2.1,80.4,8.6,25.79
102,백령도,2025-08-13,23.9,22.6,25.1,60.8,3,94,0,4.51
102,백령도,2025-08-14,24.6,21.7,28.9,,1.2,87.5,5.8,18.09
102,백령도,2025-08-15,24.6,21.5,27.8,,2.3,93.5,1.9,15.64
102,백령도,2025-08-16,26.4,24,29.2,,3.7,87.9,5.5,20.02
102,백령도,2025-08-17,26.1,24.7,27.3,0,3,90.9,0,6.9
102,백령도,2025-08-18,26.8,26,28.1,.3,4.2,89.4,0,7.1
102,백령도,2025-08-19,27.1,25.4,29.7,,3.9,87.4,4.3,17.7
102,백령도,2025-08-20,25.9,22.7,28.7,35.1,3.6,87.8,1.8,10
102,백령도,2025-08-21,26.5,23.2,29,,3.2,89.6,3.5,15.9
102,백령도,2025-08-22,26.7,24,29.3,,3.5,87.5,7.5,20.49
102,백령도,2025-08-23,27,24.6,29.6,,3.1,88.1,8.4,21.82
102,백령도,2025-08-24,26.5,24.8,29.8,,3.3,89.6,7.1,21.78
102,백령도,2025-08-25,26,22.8,29.3,12,3.4,89.8,2,12.46
102,백령도,2025-08-26,24.5,22.2,27.3,.1,3.4,81.9,10.1,23.84
102,백령도,2025-08-27,24.1,21,27.2,,1.6,74.8,5.8,17.17
102,백령도,2025-08-28,26.4,22,29.5,,4.4,84.1,2.3,13.47
102,백령도,2025-08-29,24.9,21.7,27.5,,3,83.8,6.5,18.75
102,백령도,2025-08-30,24.9,21.5,28.6,2,2.2,85.1,7.3,19.06
102,백령도,2025-08-31,25.9,23.1,28.3,18.8,2.8,87.6,2.3,12.12
102,백령도,2025-09-01,23,21.1,24.7,10.9,3,87.1,7.6,20.04
102,백령도,2025-09-02,24.4,21.6,27.5,,1.4,87.3,9.2,20.27
102,백령도,2025-09-03,24.8,22.1,28.1,0,2.2,82.9,6.8,17.61
102,백령도,2025-09-04,24.4,22.1,27.5,1,2.3,83.9,3.2,12.69
102,백령도,2025-09-05,25.8,22.9,27.9,.3,3.1,84.1,7.1,21.3
102,백령도,2025-09-06,25,22.6,28.2,8,3.2,87,.4,7.49
102,백령도,2025-09-07,23.9,21.5,27.3,,2,69.8,9.4,22.49
102,백령도,2025-09-08,23.3,20.7,26.3,,1.3,77.4,.2,8.06
102,백령도,2025-09-09,23.6,20.6,27.6,,1.6,70.9,11.5,24.25
102,백령도,2025-09-10,23.3,19.6,28.5,,2.1,62.4,11.8,24.3
102,백령도,2025-09-11,23.5,20.4,27.4,,2,74,11.3,23.07
102,백령도,2025-09-12,22.6,20,25.9,7.9,3.7,77.6,2.8,12.16
102,백령도,2025-09-13,22.2,19.8,24.7,3,3.1,79.9,8.9,21.22
102,백령도,2025-09-14,23.6,19.3,26.5,,2.1,78.3,10.7,21.67
102,백령도,2025-09-15,24.4,21.7,27,,2.9,83.6,10.9,21.96
102,백령도,2025-09-16,23.3,21.6,25,68.4,3.1,88.3,1,6.39
102,백령도,2025-09-17,20.4,18.3,22.5,2,6.1,71.5,5,12.55
102,백령도,2025-09-18,21.1,19.8,22.4,,4.9,67,9.6,21.89
102,백령도,2025-09-19,19,16.5,21.6,28.8,3.5,82.5,0,3.46
102,백령도,2025-09-20,19.5,17,22.3,1.8,3.6,80.3,5.4,17.2
102,백령도,2025-09-21,20.7,17.6,23.5,,3.2,68.6,10.9,22.19
102,백령도,2025-09-22,20.8,19.4,22.9,,2.8,69,.6,10.68
102,백령도,2025-09-23,20.6,17.6,23.2,.7,3.4,69.4,.1,8.57
102,백령도,2025-09-24,21.1,19,22.9,49,2.9,88.3,.1,4.03
102,백령도,2025-09-25,20.6,18,23.5,,1.6,83.8,8.3,18.98
102,백령도,2025-09-26,20.9,18.6,23.9,,2.7,85.8,9.4,20.15
102,백령도,2025-09-27,20.9,18.9,24.2,,1.8,82.6,5.9,14.91
102,백령도,2025-09-28,19.1,16.7,21,9.9,3.8,80,3.5,12.48
102,백령도,2025-09-29,20.3,17.4,22.9,,4.4,75.5,9.7,19.28
102,백령도,2025-09-30,20.6,17.7,23.8,,1.8,77.6,8.5,16.09
104,북강릉,2025-05-15,23.8,20.9,28.2,.1,3,55.4,8.4,22.53
104,북강릉,2025-05-16,22.9,17.3,28.6,5.4,2,70,1,12.52
104,북강릉,2025-05-17,22.1,15.9,28.7,5.2,2.1,66,11.2,26.85
104,북강릉,2025-05-18,17.4,13.3,21,,2,45.3,12.4,26.68
104,북강릉,2025-05-19,20,13.4,26,0,2.6,44.1,7.5,23.45
104,북강릉,2025-05-20,25.8,18.6,32.2,0,1.8,61.4,12.8,28.24
104,북강릉,2025-05-21,17.9,13.4,25.6,,2.5,81.3,5.5,19.2
104,북강릉,2025-05-22,15,11,20.1,4.7,1.6,76.1,8.3,22.79
104,북강릉,2025-05-23,14.1,9.3,17.4,.2,1.1,82.4,.8,10.7
104,북강릉,2025-05-24,12.1,10.8,13.9,16.7,1.2,92.8,0,5.52
104,북강릉,2025-05-25,14.2,8,19.1,0,1.4,79.3,12.3,29.03
104,북강릉,2025-05-26,17.6,11.5,24.3,,1.4,74.9,10.3,24.43
104,북강릉,2025-05-27,18.2,13.6,23.4,,1.3,70.4,12,26.72
104,북강릉,2025-05-28,15.8,13.2,19.5,.2,1.1,89.6,2.2,13.37
104,북강릉,2025-05-29,15.7,12,20,0,1.5,87.1,9.1,25.22
104,북강릉,2025-05-30,15.3,10.3,19.9,,1.3,82.3,13.1,27.21
104,북강릉,2025-05-31,17.5,9.2,24.2,,1.3,62.9,12,25.03
104,북강릉,2025-06-01,16.4,12.8,19.8,,1.3,84.9,8.8,23.88
104,북강릉,2025-06-02,18.8,14.8,22.9,.2,.9,83.8,.1,6.92
104,북강릉,2025-06-03,21,15.4,26.2,0,1.8,62.6,6.7,22.43
104,북강릉,2025-06-04,20.2,14.7,26.4,0,2.4,45.3,7.6,19.77
104,북강릉,2025-06-05,22.7,14,29.1,,1.9,45.1,12.2,29.07
104,북강릉,2025-06-06,28,21.3,34.5,,2.9,28.5,13.2,29.49
104,북강릉,2025-06-07,24.3,20.2,29.8,,1.7,52.5,6.3,17.73
104,북강릉,2025-06-08,22.5,18.7,26.2,,1.5,71.4,12.6,27.22
104,북강릉,2025-06-09,23.7,17.9,29,,1.6,71,12.7,27.12
104,북강릉,2025-06-10,26,20.7,31.2,,2.7,50.8,6.8,19.89
104,북강릉,2025-06-11,24,19,30.7,,2.5,41.9,13.8,30.66
104,북강릉,2025-06-12,22.6,18.3,27.2,,1.5,58.9,12.7,29.85
104,북강릉,2025-06-13,22.5,17.7,27.6,.8,1.5,71.8,8.6,23.18
104,북강릉,2025-06-14,22.7,18.2,28.3,.4,1.7,77.4,9.1,23.03
104,북강릉,2025-06-15,19.1,17.5,21.1,.5,1.3,92.5,0,12.27
104,북강릉,2025-06-16,22.5,19.1,27.3,3.6,1.5,83.8,3.4,10.13
104,북강릉,2025-06-17,26.2,21.6,31.8,0,2.2,56.6,9.8,22.56
104,북강릉,2025-06-18,26,21.1,30.8,,1.7,61,13.6,29.52
104,북강릉,2025-06-19,29.3,22.3,34.2,,2,44.4,10.8,27.32
104,북강릉,2025-06-20,27,20.4,29.4,.4,2,68.4,0,3.2
104,북강릉,2025-06-21,23.5,19.6,27.7,4.3,1.5,78.8,.2,7.79
104,북강릉,2025-06-22,26.5,19.1,33,,2.4,47.8,12.9,30.04
104,북강릉,2025-06-23,24.4,18.5,29.4,,1.6,61.9,13.9,29.96
104,북강릉,2025-06-24,21.5,17.2,27.1,0,1,77.5,4.4,14.82
104,북강릉,2025-06-25,19.4,17.2,21.1,1.5,1.6,93.9,0,7.27
104,북강릉,2025-06-26,21.5,18,26.9,,1.2,90.1,4.1,16.96
104,북강릉,2025-06-27,25.8,19.5,31.8,,1.3,75.4,2,15.51
104,북강릉,2025-06-28,24.4,22.3,29.9,5.3,1,89.9,2.2,13.07
104,북강릉,2025-06-29,28.6,23.8,33.2,0,1.7,75.8,12,26.23
104,북강릉,2025-06-30,29.8,23.6,35.4,,1.9,63.4,8,22.73
104,북강릉,2025-07-01,30.6,28.3,35.9,,2.1,63.8,4.7,18.19
104,북강릉,2025-07-02,31.3,27,35.4,0,2.4,59.4,9.6,24.61
104,북강릉,2025-07-03,30.1,27.5,33.7,0,1.8,62.1,.5,8.14
104,북강릉,2025-07-04,28,25.1,30.5,0,2,64.4,1.1,8.26
104,북강릉,2025-07-05,30.8,24.8,36.7,,2.5,61,12.3,27.56
104,북강릉,2025-07-06,31.4,27.1,37.9,,2.1,61.5,8,23.66
104,북강릉,2025-07-07,28.3,24.4,32.5,,1.8,78.3,4.4,18.37
104,북강릉,2025-07-08,25.3,22.5,28.2,,1.1,77,0,11.47
104,북강릉,2025-07-09,25.4,22.3,29.4,,1.2,77.9,8.4,24.29
104,북강릉,2025-07-10,24.3,20.7,28.3,,1.9,80.6,13.8,29.69
104,북강릉,2025-07-11,24.3,20.6,28.2,,1.6,82.1,11.6,26.73
104,북강릉,2025-07-12,24.7,20,29.6,,1.6,79.6,13.4,29.8
104,북강릉,2025-07-13,24.9,20.2,32.3,4.6,1.5,81,6.4,18.75
104,북강릉,2025-07-14,19.8,18.8,20.8,43.9,2.4,98.6,0,4.44
104,북강릉,2025-07-15,21.1,19.3,23.9,38.7,1.5,97,.5,8.22
104,북강릉,2025-07-16,23.2,19.6,28.5,7.8,1.1,89.8,1.7,9
104,북강릉,2025-07-17,22.2,20.9,24.8,14.5,1.6,96.5,.1,4.23
104,북강릉,2025-07-18,23.5,20.6,27.5,.7,1,95.9,1.9,11.56
104,북강릉,2025-07-19,25.8,22.3,31.8,14.4,1.6,87.5,2.4,11.13
104,북강릉,2025-07-20,27.9,23,34,7.3,2.1,78.5,7.3,18.83
104,북강릉,2025-07-21,29.8,25.4,34.7,,1.6,70.8,7.1,19.95
104,북강릉,2025-07-22,30.3,27,35.9,,1.7,66.4,7.7,22.6
104,북강릉,2025-07-23,29,24.4,33.5,,1.3,68.6,12.3,26.74
104,북강릉,2025-07-24,29,24.7,33.4,,1.3,72.6,12.2,27.57
104,북강릉,2025-07-25,29.7,24.1,35.6,,1.1,69.1,13.3,28.65
104,북강릉,2025-07-26,30.3,26.4,34.9,,1.4,68.5,13.3,26.63
104,북강릉,2025-07-27,31.5,26.4,36.7,,1.7,62.9,13.4,28.67
104,북강릉,2025-07-28,30.5,26.4,35.6,,1.5,66.5,12.1,27.5
104,북강릉,2025-07-29,27.4,24.7,30.9,,1.5,85.9,10.9,25.38
104,북강릉,2025-07-30,27.4,24.7,31.9,,1.3,89.5,7,20.36
104,북강릉,2025-07-31,27.3,23.7,31.3,,1,86.5,3.3,16.83
104,북강릉,2025-08-01,26.8,23.2,30.3,0,1.6,86.8,8.6,22.55
104,북강릉,2025-08-02,28.4,24,33.6,,1.1,80,9.6,23.07
104,북강릉,2025-08-03,28,22.2,32.2,.7,.9,81.9,.4,10.54
104,북강릉,2025-08-04,24.4,21.6,27.9,1,1.3,91,1.5,12.11
104,북강릉,2025-08-05,26.9,22.5,31.4,,1.3,89.1,11.1,25.18
104,북강릉,2025-08-06,25.4,23.9,29.5,27.2,1.5,90.5,0,2.38
104,북강릉,2025-08-07,24.8,21.7,28.9,1.3,1.5,86.1,6.7,20.32
104,북강릉,2025-08-08,24.4,20.3,28.8,1.2,1.6,88.9,9.8,23.74
104,북강릉,2025-08-09,23.7,20.4,28,0,.8,91.1,.5,8.57
104,북강릉,2025-08-10,24.6,19.9,28.9,,1.3,75.3,13.1,26.89
104,북강릉,2025-08-11,23.7,20.6,26.9,0,1,90.6,.3,8.32
104,북강릉,2025-08-12,25.5,20.8,31.3,,1.4,77.8,10.9,25.04
104,북강릉,2025-08-13,24.1,21.4,28,5.5,1.1,94.6,0,3.99
104,북강릉,2025-08-14,27.3,24.4,32.1,3.1,1.6,83.3,2.8,11.99
104,북강릉,2025-08-15,26.9,23,31.8,,1.4,76.8,12.6,25.05
104,북강릉,2025-08-16,28.9,23.5,33.9,,1.5,70.8,10.2,23.2
104,북강릉,2025-08-17,30,26,35.8,,1.7,59.8,9.9,22.74
104,북강릉,2025-08-18,29.2,25.5,34.4,.1,1.5,67.9,1.5,8.57
104,북강릉,2025-08-19,30.8,27.2,34.8,,2.2,59.4,4.7,15.43
104,북강릉,2025-08-20,30.1,26.8,35.5,,1.9,63.1,8.9,21.67
104,북강릉,2025-08-21,28.7,24.8,33.8,,1.4,71.5,10.3,23.04
104,북강릉,2025-08-22,30.1,23.5,34.7,,1.4,70.1,11.6,24.47
104,북강릉,2025-08-23,29.2,26,34.6,,1.6,71.4,10.2,20.29
104,북강릉,2025-08-24,29.3,25.6,33.8,,1.4,75,12.2,24.07
104,북강릉,2025-08-25,29.5,25.2,33.4,,1.5,74,10.9,23.32
104,북강릉,2025-08-26,27.8,24.4,33,1.8,1.4,78.9,3.7,10.33
104,북강릉,2025-08-27,26.1,23.3,29.7,,1.8,78.9,7,20.19
104,북강릉,2025-08-28,27.2,22.2,32.2,,1.5,75.6,3.3,15.6
104,북강릉,2025-08-29,31.2,28.3,35.4,,2.2,62,4.5,15.5
104,북강릉,2025-08-30,27.6,23.8,31.3,0,1.6,79.3,4.3,15.93
104,북강릉,2025-08-31,27.1,22.4,32.7,.6,1.3,84,7.8,18.9
104,북강릉,2025-09-01,28.7,24,35,5.2,2.1,72.5,4.4,14.3
104,북강릉,2025-09-02,25.2,22.6,28.7,3.4,1.3,89.9,3.9,14.84
104,북강릉,2025-09-03,24.6,20.3,29,,1.6,85.8,10.3,22.28
104,북강릉,2025-09-04,22.6,21,24.8,5.3,1.1,93.1,.2,5.85
104,북강릉,2025-09-05,24.4,21,28.7,,1.2,87.6,6.3,17.03
104,북강릉,2025-09-06,28.9,22.6,33.4,.2,2.3,70.9,4.7,15.98
104,북강릉,2025-09-07,24.1,20,28.8,8.8,1.3,92.6,0,6.98
104,북강릉,2025-09-08,24.6,18.9,31.2,,1.3,68.1,5.7,16.83
104,북강릉,2025-09-09,22.8,18.7,26,0,1.3,72.1,.1,9.18
104,북강릉,2025-09-10,22.2,16.7,27.5,,1.4,77.9,11.8,23.05
104,북강릉,2025-09-11,23.1,16,27.8,,1.6,77.8,11.6,23.12
104,북강릉,2025-09-12,22.5,19.8,27.7,10.5,1.3,86.5,.5,9.55
104,북강릉,2025-09-13,19.7,19,20.6,121,2.2,99.3,0,3.35
104,북강릉,2025-09-14,22.6,18.2,27.9,,1,87.9,3.5,15.36
104,북강릉,2025-09-15,24.5,19.8,30.2,,1.2,78,10.1,19.24
104,북강릉,2025-09-16,25.3,20.2,29.4,2.4,1.8,77.8,7.5,16.78
104,북강릉,2025-09-17,20.9,18.6,26.3,86.6,1.2,97,0,1.36
104,북강릉,2025-09-18,19.4,17.1,23.5,15.2,1.7,85.3,4,13.34
104,북강릉,2025-09-19,18.7,16.2,22.3,4.7,.9,89.3,.3,7.61
104,북강릉,2025-09-20,17.2,15.8,19.2,85.5,2.1,99,0,5.78
104,북강릉,2025-09-21,18.5,14.6,22.8,10.1,1.9,86.8,7.9,19.44
104,북강릉,2025-09-22,18.8,13.9,23.2,,1.2,81.4,3.7,13.85
104,북강릉,2025-09-23,20,15.5,24.3,.2,1.2,78.9,7.6,18.95
104,북강릉,2025-09-24,22.1,16.5,27.5,0,1.2,86.6,3.9,9.37
104,북강릉,2025-09-25,22.3,18.3,27.5,0,1.1,85.3,4.8,12.67
104,북강릉,2025-09-26,20.7,16.3,26,,1.4,73.1,11,20.45
104,북강릉,2025-09-27,20,15,25.6,,1,85.9,6.6,15.94
104,북강릉,2025-09-28,18.6,16.8,20.1,17.2,1.7,93.9,0,2.44
104,북강릉,2025-09-29,18.6,14.5,23.4,0,1.6,87.4,7.9,15.79
104,북강릉,2025-09-30,18.4,13.6,24.5,,1.3,81.1,2.3,9.89
105,강릉,2025-05-15,24.3,20.8,27.7,.1,2.8,58,7.3,19.56
105,강릉,2025-05-16,24.5,18.6,29.3,7.2,2.4,64.4,1,11.89
105,강릉,2025-05-17,22.9,17,29.9,7,2.3,64.8,11.5,25.59
105,강릉,2025-05-18,18.8,16.3,22.1,,2.1,47.6,11,23
105,강릉,2025-05-19,21.1,14.3,26.5,,2.6,43.4,6.4,18.31
105,강릉,2025-05-20,28,21.3,32.1,,3.6,57.5,12.6,26.72
105,강릉,2025-05-21,19.5,14.4,28.6,,2.7,76.9,5.8,17.79
105,강릉,2025-05-22,16.2,12.9,20.7,3,1.6,70.9,7.2,19.75
105,강릉,2025-05-23,15.2,10.9,17.8,0,1.3,74.5,1,10.37
105,강릉,2025-05-24,12.7,11.5,14.5,17,1.3,90.5,0,4.31
105,강릉,2025-05-25,15.7,10,20.1,,1.5,74.3,12.1,27
105,강릉,2025-05-26,19.2,12.7,25,,1.7,65.6,10.1,22.94
105,강릉,2025-05-27,20,16.7,24,,1.9,62,11.8,25.53
105,강릉,2025-05-28,16.7,14.7,19.9,.1,1,86.4,1.8,12.48
105,강릉,2025-05-29,16.8,13.8,20.8,,1.5,81.1,9.2,24.04
105,강릉,2025-05-30,16.4,10.7,21,,1.6,70.4,13.3,25.8
105,강릉,2025-05-31,18.8,11.8,24.8,,1.7,53.3,11.6,23.47
105,강릉,2025-06-01,17.7,12.7,21.7,,1.4,75.3,11.1,26.33
105,강릉,2025-06-02,19.9,16.2,23,.2,.7,77.9,0,6.43
105,강릉,2025-06-03,22.1,16.9,27.6,0,2,58.4,6.9,20.54
105,강릉,2025-06-04,21.3,16.8,27.7,,3,45,8.2,20.88
105,강릉,2025-06-05,24.8,17.4,30.7,,2.8,42,12.2,27.71
105,강릉,2025-06-06,28.6,24.5,33.9,,3.7,30.5,12.8,27.85
105,강릉,2025-06-07,26,22.9,31,,2.5,48.3,6.1,16.29
105,강릉,2025-06-08,23.9,20.7,26.8,,1.8,66,12,25.85
105,강릉,2025-06-09,25.7,20.1,30.7,,2.1,63,11.6,25.56
105,강릉,2025-06-10,27.3,23.8,31.8,,2.7,49,5.9,18.85
105,강릉,2025-06-11,25,21,31,,2.7,43.5,13.4,28.82
105,강릉,2025-06-12,24,20.8,28,,2.1,52.5,12.4,28.26
105,강릉,2025-06-13,23.7,18.9,29.3,0,1.7,66.6,7.2,21.2
105,강릉,2025-06-14,23.7,19.5,28.6,.1,1.7,71.9,8.2,21.93
105,강릉,2025-06-15,20.4,18.1,23.3,0,1.7,87.8,5.4,20.57
105,강릉,2025-06-16,23.8,20,29.2,4.5,1.4,78.5,3.3,9.08
105,강릉,2025-06-17,27.1,22.8,31.7,,2.5,56.5,9.5,23.59
105,강릉,2025-06-18,27.9,22.4,31.8,,2.3,56,12.8,26.48
105,강릉,2025-06-19,31.1,26.5,35.8,,2.5,42.3,10.6,26.23
105,강릉,2025-06-20,28.2,22.3,30.4,0,2.6,64.3,0,3.64
105,강릉,2025-06-21,25.2,21.6,28.1,6.5,2.2,72.1,0,7.16
105,강릉,2025-06-22,27.8,23.1,33.3,,2.5,47.5,12.3,27.98
105,강릉,2025-06-23,25.9,21.6,30.1,,2.3,55.1,13.4,28.55
105,강릉,2025-06-24,22.5,19.1,27.6,0,1.4,71.4,3.6,13.38
105,강릉,2025-06-25,20.3,18.3,21.5,1.3,1.5,88.5,0,7.12
105,강릉,2025-06-26,22.8,19,27.2,,1.3,83.4,3.3,13.57
105,강릉,2025-06-27,27.4,21,33.6,,1.7,66.9,1.9,15.05
105,강릉,2025-06-28,25.3,23.5,29.8,5.9,1,85.1,1.1,11.72
105,강릉,2025-06-29,29.9,24.5,34.8,.1,2.1,69.8,12.8,26.13
105,강릉,2025-06-30,31.9,27.3,36.1,,2.7,56.1,7.2,22.47
105,강릉,2025-07-01,32.2,29.7,36.7,,2.7,58.6,6.4,20.08
105,강릉,2025-07-02,32.6,30.3,36.3,0,3.2,55.4,9,22.76
105,강릉,2025-07-03,31.6,30.4,33.9,,2.8,57.8,0,7.89
105,강릉,2025-07-04,30,28.8,31,0,4.1,56,1,8.47
105,강릉,2025-07-05,31.8,28.9,35.6,,4,54.5,12,26.36
105,강릉,2025-07-06,32.6,29.5,38.7,,3.4,55.9,7.4,22.38
105,강릉,2025-07-07,30.6,25.3,34.5,,2.1,66.3,7.3,20.15
105,강릉,2025-07-08,26.6,24.9,29.2,,1.3,66.1,0,9.97
105,강릉,2025-07-09,27.1,24.3,31.5,,1.4,66.4,8,22.31
105,강릉,2025-07-10,25.5,22.4,29,,2.1,70.8,13.3,28.36
105,강릉,2025-07-11,25.4,21.5,29.6,,1.8,70.8,11,27.22
105,강릉,2025-07-12,26.1,20.6,31.3,,1.9,69.4,12.9,28.2
105,강릉,2025-07-13,27.1,21.3,35.1,5.5,1.6,67.6,5.9,17.26
105,강릉,2025-07-14,20.7,19.9,21.6,34.1,2.3,92.9,0,4.44
105,강릉,2025-07-15,22.3,20.3,25.5,39.7,1.5,89.3,1.7,10.65
105,강릉,2025-07-16,25.5,21.5,29.2,4.7,1.8,71.6,,
105,강릉,2025-07-17,23.6,22.2,26.8,15.8,1.7,85.4,0,4.3
105,강릉,2025-07-18,25,21.7,28.4,0,1,85.4,1.7,11.49
105,강릉,2025-07-19,26.5,22.8,32.8,20.1,1.4,79.5,2.6,11.06
105,강릉,2025-07-20,28.7,24,33.6,8.3,1.8,71.9,5,14.96
105,강릉,2025-07-21,31.1,26,35.3,,2.6,60.9,10.1,23.77
105,강릉,2025-07-22,31.7,29.3,36.2,,2.8,56.8,6.9,20.63
105,강릉,2025-07-23,30.9,27.6,35.4,,1.9,58.1,11.4,25.4
105,강릉,2025-07-24,31.1,27.5,35.1,,1.9,60.4,11.9,25.95
105,강릉,2025-07-25,31.8,26.9,37,,1.8,54.9,13.2,27.01
105,강릉,2025-07-26,32.3,28.6,36.5,,1.9,57.4,12.9,25.13
105,강릉,2025-07-27,33.4,29.8,37.9,,2.3,52.6,13.2,27.15
105,강릉,2025-07-28,32.8,28.8,37.3,,2.1,54,12.4,26.45
105,강릉,2025-07-29,29.1,26.1,32.4,,1.5,73.8,10.7,22.77
105,강릉,2025-07-30,29,26.2,32.6,,1.5,78.3,6.8,18.61
105,강릉,2025-07-31,29,25.7,33.5,,1.3,68.8,4.1,17.32
105,강릉,2025-08-01,28.2,25.2,31.7,,1.7,75.3,8.9,22.22
105,강릉,2025-08-02,30.1,25.5,35.1,,1.4,68,9,21.07
105,강릉,2025-08-03,30,25.3,33.3,.4,1.5,67.8,.1,10.1
105,강릉,2025-08-04,25.7,23.1,29.2,1.9,1.3,82.1,2,11.76
105,강릉,2025-08-05,28.7,23.5,33.7,,1.5,74.9,11.9,24.72
105,강릉,2025-08-06,26.9,24.9,30.2,22.7,1.8,81.5,.2,2.43
105,강릉,2025-08-07,26.3,23.4,29.4,6,1.5,73.3,4.2,16.2
105,강릉,2025-08-08,26,22,29.4,,1.7,78.6,9,21.6
105,강릉,2025-08-09,25.5,23.4,28.5,,1.2,75.3,.2,7.54
105,강릉,2025-08-10,26,21.7,30.3,,2.3,63.3,13,25.52
105,강릉,2025-08-11,24.8,22.2,28,0,1.4,78.8,.2,7.76
105,강릉,2025-08-12,26.9,22.5,32,,2.1,67.1,11.2,24.03
105,강릉,2025-08-13,25.2,23,28.2,4.9,1.1,86.9,0,3.99
105,강릉,2025-08-14,28.9,25.9,32.4,4.4,2.1,67.8,3.4,11.14
105,강릉,2025-08-15,29.2,26.1,33,,1.7,61.9,12.2,23.94
105,강릉,2025-08-16,31.3,26.4,35.9,,2.5,56.6,10.6,22.48
105,강릉,2025-08-17,31.4,28,35.7,,3.3,52.9,10,23.47
105,강릉,2025-08-18,31.1,28.7,34.3,,2.4,55.6,1.6,10.06
105,강릉,2025-08-19,32.3,29.5,35.8,,3.1,51.3,6.8,19.07
105,강릉,2025-08-20,32.2,29.2,36.8,,2.4,52.1,10.1,22.47
105,강릉,2025-08-21,30.8,27.1,35,0,1.8,59.3,9.4,20.5
105,강릉,2025-08-22,32.3,26.3,38,,2.2,55.5,11.2,22.89
105,강릉,2025-08-23,31.1,28,35.9,,2.1,58.8,9.9,19.12
105,강릉,2025-08-24,31.1,27.5,35.6,,1.6,63.1,11.3,21.88
105,강릉,2025-08-25,31.4,27.7,35.1,,1.7,62.5,10.5,21.83
105,강릉,2025-08-26,29.7,26.8,33.6,.8,2.1,66.8,3.3,9.8
105,강릉,2025-08-27,27.4,24.8,31.2,,2,68.5,6.1,18.48
105,강릉,2025-08-28,28.3,23.7,33,,1.4,66.6,3.1,13.79
105,강릉,2025-08-29,32.5,28.1,36.4,,2.9,54,5.3,14.95
105,강릉,2025-08-30,29.1,26.1,32.5,0,1.7,68.6,4.3,14.56
105,강릉,2025-08-31,28.6,24.4,35.8,0,1.4,73.6,7.6,17.45
105,강릉,2025-09-01,29.5,26.3,34.8,1.2,1.5,66.9,2.1,9.07
105,강릉,2025-09-02,26.2,24.4,29.6,4.6,1.5,81.1,3.2,12.46
105,강릉,2025-09-03,26.2,22.5,30.6,,1.8,74.3,10.1,20.94
105,강릉,2025-09-04,23.9,22.2,25.7,2.1,1.4,81.6,.3,6.5
105,강릉,2025-09-05,25.8,22.1,30,,1.7,74.9,7.7,17.74
105,강릉,2025-09-06,29.5,24.2,34.1,.2,2.1,64.8,3.6,11.58
105,강릉,2025-09-07,25.5,22.6,28.7,4.8,1.4,83.3,0,6.01
105,강릉,2025-09-08,26.4,21.5,32,.1,1.9,55.1,5.4,16.14
105,강릉,2025-09-09,24.1,20.5,26.9,0,1.9,61.8,0,8.66
105,강릉,2025-09-10,23.5,19.2,28.7,,2.1,63,11,21.09
105,강릉,2025-09-11,23.8,17.6,29.1,,1.9,65,10.3,20.55
105,강릉,2025-09-12,23.2,20.6,27.7,8.6,1.7,77.8,.4,8.77
105,강릉,2025-09-13,20.4,19.9,21.1,103.7,1.9,94.6,0,3.91
105,강릉,2025-09-14,24.4,19.3,28.7,,1.4,74.5,3.8,14.7
105,강릉,2025-09-15,27,23.3,31.3,,1.7,61.3,8.7,17.83
105,강릉,2025-09-16,27.7,23.9,31.7,1,2.2,64,7.1,15.41
105,강릉,2025-09-17,22.3,19.3,28,88,1.3,88.5,0,1.45
105,강릉,2025-09-18,20.2,18.1,23.7,12.3,1.7,78.6,,
105,강릉,2025-09-19,19.6,17.4,22.9,5.1,1.3,79.9,.1,6.82
105,강릉,2025-09-20,18,16.8,20.1,83.8,2,93.9,0,4.76
105,강릉,2025-09-21,19.5,16.4,23.5,10.1,2,79.4,7,
105,강릉,2025-09-22,19.7,15.7,24.5,,2.1,71.9,2.8,
105,강릉,2025-09-23,20.7,16.7,25.5,0,1.8,68.6,,
105,강릉,2025-09-24,23.7,17.9,27.5,0,1.4,74.4,3.4,
105,강릉,2025-09-25,24.1,21.3,28.8,0,1.6,70.8,2.8,
105,강릉,2025-09-26,22.2,18.7,27,,2.4,62.6,10.8,
105,강릉,2025-09-27,21.1,16.6,25.5,,1.7,75.5,5.4,
105,강릉,2025-09-28,19.7,18.3,21.8,14.2,1.4,87.1,0,
105,강릉,2025-09-29,19.7,16.5,23.9,,1.9,77.8,7.6,
105,강릉,2025-09-30,20,15.3,25.4,,1.5,68.8,1.9,
106,동해,2025-05-15,23.8,18.2,29.1,0,3,52,5.6,17.77
106,동해,2025-05-16,21.7,17.6,26.8,12.1,1.9,70.1,2.1,13.14
106,동해,2025-05-17,20.9,16.6,27.4,5.1,2.4,71,11.3,27.68
106,동해,2025-05-18,16.2,13.2,20.9,,3,60.4,10.4,25.07
106,동해,2025-05-19,19.8,11.5,27.3,,2.2,51.3,8.9,25.03
106,동해,2025-05-20,22,19.1,28.7,0,1.7,69,12.4,27.35
106,동해,2025-05-21,19,14.4,26,,3.6,74.8,6.8,21.06
106,동해,2025-05-22,14.8,11.5,18.3,.6,2.8,79.9,6.5,19.52
106,동해,2025-05-23,14.5,9.6,17.8,.1,2.1,82.8,3.3,13.96
106,동해,2025-05-24,13,11.2,15.2,6,2.3,89.3,0,5.34
106,동해,2025-05-25,14.3,9.9,18.3,0,1.8,81.8,12.4,28.65
106,동해,2025-05-26,16.5,11.2,20.5,,1.7,80.4,12.5,26.53
106,동해,2025-05-27,17,13.3,21.3,,1.7,78.4,11.3,25.07
106,동해,2025-05-28,15.8,12.7,20.5,.1,2,89.1,2.5,13.11
106,동해,2025-05-29,16.4,13.7,20,,1.3,85.1,6.4,22.35
106,동해,2025-05-30,15.4,10.6,19.5,,2,81.5,11.1,26.6
106,동해,2025-05-31,17.2,9.8,22.4,,2.4,63,11.9,26.37
106,동해,2025-06-01,16.5,12,19.8,,1.9,81.8,8.7,23.85
106,동해,2025-06-02,18.3,15.2,22.1,0,1.1,86.5,0,7.69
106,동해,2025-06-03,19.1,14.9,22.4,,2.6,77.1,7,21.58
106,동해,2025-06-04,20.5,14.4,28.5,,3.1,43.6,9.5,24.71
106,동해,2025-06-05,22.5,15,26.9,,2.5,45,11.8,29.2
106,동해,2025-06-06,26.8,19.7,34.2,,1.9,35.3,12.5,27.82
106,동해,2025-06-07,22.8,19.4,29.2,,1.5,56.5,7.7,21.54
106,동해,2025-06-08,22.3,18.6,26.5,,1.9,69.9,12.1,27.29
106,동해,2025-06-09,22.7,18.5,26.8,,2,72.8,10.5,27.45
106,동해,2025-06-10,25.5,19.3,30.5,,2.3,53.8,6.8,22.03
106,동해,2025-06-11,23.5,19,30,,2.5,45.4,12.8,30.09
106,동해,2025-06-12,21.3,18.1,25.7,,2,66.9,11.2,27.43
106,동해,2025-06-13,21.5,17.9,25.5,.2,1.6,74.1,7.1,22.47
106,동해,2025-06-14,21,17,26.6,3.6,2.4,85.6,8.2,21.71
106,동해,2025-06-15,18.7,16.2,21.2,,1.2,92.3,1.1,14.36
106,동해,2025-06-16,21.9,18.7,27.9,3.8,1.5,84.1,4.3,11.23
106,동해,2025-06-17,26.6,21.1,32.4,,2,56.5,9,22.01
106,동해,2025-06-18,24.5,21.4,28.3,,1.8,67.8,12.7,28.43
106,동해,2025-06-19,27,22.3,31.9,,2,54,8.5,24.85
106,동해,2025-06-20,24.1,20.6,27.5,.2,1.5,75.6,0,2.84
106,동해,2025-06-21,22.2,18.5,24.5,6.7,1.4,86.3,0,5.12
106,동해,2025-06-22,25.9,20.4,30.8,,2.5,48.8,12.2,29.06
106,동해,2025-06-23,23.5,19.7,29.2,,2.4,68.4,12.7,29.05
106,동해,2025-06-24,19.9,17.4,25.3,.2,1.2,83.8,3.1,14.35
106,동해,2025-06-25,19.6,17.7,22,3,1.9,92.1,0,9.43
106,동해,2025-06-26,20.9,17.1,25.2,,1.6,88.6,5.2,19.7
106,동해,2025-06-27,23.8,19,30.2,,1.5,77.5,4.6,19.61
106,동해,2025-06-28,23.9,21.4,29.1,0,1.3,84.1,1,14.73
106,동해,2025-06-29,27.8,22,32.5,,1.8,72.3,13,28.49
106,동해,2025-06-30,27.7,23.2,32.7,,1.4,70.5,11,27.96
106,동해,2025-07-01,29.3,25.5,35.3,,1.7,65.4,4,15.34
106,동해,2025-07-02,30.1,26.1,35.3,,1.5,61.5,10.9,26.86
106,동해,2025-07-03,28.8,25.5,34.7,,1.6,68.4,3,14.83
106,동해,2025-07-04,29,26.3,34.3,0,1.3,57.9,2.7,11.72
106,동해,2025-07-05,31.2,26.1,36.7,,1.8,56.3,12.3,27.38
106,동해,2025-07-06,31.6,27,38.3,,1.9,56.8,7.9,24.71
106,동해,2025-07-07,29,24.7,33.5,,2.2,73.3,6.2,18.85
106,동해,2025-07-08,25.2,23.3,27.5,,2.4,76.3,2,14.36
106,동해,2025-07-09,25.8,22.3,28.8,,2.2,70,10,27.2
106,동해,2025-07-10,24.5,20.6,28.2,,3.2,77.4,12.9,29.42
106,동해,2025-07-11,24.9,21.5,28.2,,2.7,78.6,11.9,29.38
106,동해,2025-07-12,24.4,20.6,28.9,,2.1,80.1,12.4,29.31
106,동해,2025-07-13,23.7,19.7,29.6,6.8,1.7,83.5,5.7,18.31
106,동해,2025-07-14,21,19.5,23.1,39.8,2.3,91.9,0,7.77
106,동해,2025-07-15,23.2,20.3,25.5,1.2,1.9,83.4,2.6,15.81
106,동해,2025-07-16,24.3,21,29,4.4,1.4,82,.7,7.26
106,동해,2025-07-17,22.7,21.6,25,14.8,2,91.5,.1,4.48
106,동해,2025-07-18,24.1,21.4,28.3,1.4,1.4,90.4,6.2,21.59
106,동해,2025-07-19,24.6,22.9,28.3,10,1.6,89.4,2.6,8.67
106,동해,2025-07-20,26.8,21.8,32.3,1.7,1.4,79.5,4.7,15.42
106,동해,2025-07-21,29.1,23.7,35.1,0,1.6,70.1,10.2,24.23
106,동해,2025-07-22,29.4,26.3,33.5,,1.9,66.1,11.3,25.58
106,동해,2025-07-23,28,24.7,32.5,,1.7,70.3,10.9,23.14
106,동해,2025-07-24,27.5,24.7,32.7,,1.6,77.5,12.1,26.95
106,동해,2025-07-25,28,23.9,33.3,,1.5,73,12.6,28.04
106,동해,2025-07-26,28.8,25.6,32.9,,1.6,69.4,12.3,27.83
106,동해,2025-07-27,29.6,26.1,34.2,,1.9,64.8,12.7,28.29
106,동해,2025-07-28,29.9,25.8,34.4,,1.6,63.8,12.6,27.85
106,동해,2025-07-29,27,24.5,30.2,,1.3,83.4,12.3,26.84
106,동해,2025-07-30,27,24.7,30.6,,1.7,86.6,11.7,26.88
106,동해,2025-07-31,26.9,23.6,30.4,,1.4,85.6,4.1,18.37
106,동해,2025-08-01,26.8,22.9,30.7,,1.8,84.8,11.4,25.82
106,동해,2025-08-02,27.6,24.2,32.4,,1.4,82.1,7.6,20.75
106,동해,2025-08-03,28.4,26.3,32.6,.3,1.4,76.6,1,11.3
106,동해,2025-08-04,24.9,22.3,28.3,8.7,1.9,87,1.7,10.02
106,동해,2025-08-05,26.5,22.9,30.2,,1.5,89.6,9.1,23.43
106,동해,2025-08-06,27.3,24.6,29.7,4.5,2.4,78.6,0,3.44
106,동해,2025-08-07,26.1,23.1,29.6,10.5,2.6,77.8,6,17.66
106,동해,2025-08-08,25.1,21.3,28.4,.1,1.7,85.4,9.4,23.93
106,동해,2025-08-09,24.4,21.2,27.8,1.7,1.3,78.5,.2,7.84
106,동해,2025-08-10,24.4,19.4,28.3,,2.4,72.9,12.1,26.29
106,동해,2025-08-11,23.4,20.6,26.6,1.3,1.4,88.3,.1,6.63
106,동해,2025-08-12,24.7,19.3,28.7,,2.9,78.6,11.3,24.82
106,동해,2025-08-13,24.6,22.5,26.1,5.2,1.1,91,0,5.29
106,동해,2025-08-14,27.1,23.7,31.8,1.3,1.5,76.8,2.5,9.8
106,동해,2025-08-15,27.2,24.4,32.2,,1.5,73.4,12,25.6
106,동해,2025-08-16,27.9,23.9,32.3,,2,69.8,11.1,24.66
106,동해,2025-08-17,29.1,24.5,33.5,,1.7,58.5,10.1,23.46
106,동해,2025-08-18,28.4,25.5,32,0,1.6,67.4,2.2,11.97
106,동해,2025-08-19,31,26.9,35.9,,1.7,55.9,5.9,17.67
106,동해,2025-08-20,29.2,26.5,33.1,,1.9,63.5,10.7,23.79
106,동해,2025-08-21,28.1,24.7,32.9,,1.5,74.6,10.9,23.97
106,동해,2025-08-22,29,24.1,33.1,,1.8,67.1,11.7,24.12
106,동해,2025-08-23,29.8,26.3,34.8,,1.5,61.5,9.2,20.59
106,동해,2025-08-24,27.8,25.2,32.1,,1.4,78.9,9.5,21.32
106,동해,2025-08-25,28.8,25.1,32.4,,1.3,74.6,11.4,23.25
106,동해,2025-08-26,29.6,25.5,32.6,.5,2,63.5,3.2,9.5
106,동해,2025-08-27,26.9,23.9,30.8,,1.9,73.6,8.9,22.79
106,동해,2025-08-28,25.9,22.6,30.6,,1.9,78.9,4.1,16.65
106,동해,2025-08-29,32.2,25.8,37.1,,2.3,53.4,8.3,18.76
106,동해,2025-08-30,28.3,25.4,31.2,,2.1,74.4,7.7,19.17
106,동해,2025-08-31,27.5,23.7,31.3,.6,1.4,78,8,19.34
106,동해,2025-09-01,28,25.2,35.2,.5,1.6,74,3.7,13.18
106,동해,2025-09-02,25.5,23.3,29.3,5,1.9,87.4,3,12.47
106,동해,2025-09-03,25.1,20.7,29.2,,2,82.8,9.9,22.29
106,동해,2025-09-04,23.9,21.5,25.4,3.3,1.4,86.9,0,6.06
106,동해,2025-09-05,25.3,22.1,29.3,,1.9,81.5,10.8,22.48
106,동해,2025-09-06,28.1,22.3,34.8,,1.6,72.5,5.8,16.29
106,동해,2025-09-07,26,22.1,30.2,.4,2.3,81,.1,7.05
106,동해,2025-09-08,25,19.6,31.1,,1.9,66.4,6.2,17.02
106,동해,2025-09-09,24.1,20.8,27.7,0,2.3,65.5,1.2,9.67
106,동해,2025-09-10,23,18.8,27.3,,2.4,77.8,7.2,17.33
106,동해,2025-09-11,23,17.1,27.8,,2.5,73.1,9.8,21.48
106,동해,2025-09-12,22.5,19.6,27.7,10.3,1.4,86.5,.6,8.68
106,동해,2025-09-13,20.5,19.5,21.5,44.4,2.1,95,0,3.64
106,동해,2025-09-14,22.6,19.2,26.9,0,1.6,86,3.2,13.71
106,동해,2025-09-15,25,20.2,30.2,,1.8,73.5,8.4,19.76
106,동해,2025-09-16,25,21.4,29.3,1.4,1.7,78.5,6,15.55
106,동해,2025-09-17,22.1,18.9,26.6,32.8,1.9,90.8,0,3.32
106,동해,2025-09-18,19.9,17.8,24.1,4.1,2.2,81.5,.9,8.21
106,동해,2025-09-19,19.5,16.7,23.1,4.9,1.4,82.6,.5,9.53
106,동해,2025-09-20,18.1,16.3,21,88.7,2,94.5,0,6.31
106,동해,2025-09-21,17.7,15.1,22.2,16,2.4,90.1,3.1,9.32
106,동해,2025-09-22,19,14.7,23.6,,2,79.6,3.3,14.97
106,동해,2025-09-23,19.8,15.8,24.3,0,1.9,77.9,4.5,14.14
106,동해,2025-09-24,23.1,18,27.3,,1.7,80.6,3.5,11.15
106,동해,2025-09-25,22.9,19.2,26.9,.5,1.5,82.4,2.6,10.22
106,동해,2025-09-26,20.8,16.9,25.5,,2.7,71.8,10.6,20.32
106,동해,2025-09-27,20.1,15.1,24.8,,2,82,6.8,16.56
106,동해,2025-09-28,19,16.6,21.1,8,2,91.6,0,3.01
106,동해,2025-09-29,19.3,15,23.5,,2.6,81.4,7.6,16.04
106,동해,2025-09-30,18.9,13.7,24.6,,1.7,75.6,1.9,9.76
108,서울,2025-05-15,19.5,16.8,22.2,1.1,2.3,80.9,.8,9.9
108,서울,2025-05-16,19.4,17.8,22,51.3,1.8,92.6,0,3.75
108,서울,2025-05-17,18.3,14.7,24.3,2.2,2.6,86.4,6,17.36
108,서울,2025-05-18,15.6,11.4,21,,2.6,59.3,10.5,27.51
108,서울,2025-05-19,16.1,10.5,20.9,1.6,2.8,70.4,.9,11.93
108,서울,2025-05-20,22.2,17.4,27.3,1,2.5,85.5,3,12.96
108,서울,2025-05-21,25.5,22.3,30.8,,2.1,75.5,7,22.19
108,서울,2025-05-22,23.9,20,28.5,.8,2.1,68,6.1,22.94
108,서울,2025-05-23,19.4,15.4,22.2,1.2,2.8,53.8,0,9.19
108,서울,2025-05-24,15.6,13,19.3,4.3,3.1,69.1,.3,10.54
108,서울,2025-05-25,17.4,11.7,22.6,,2.1,61,13.1,30.47
108,서울,2025-05-26,19.7,13,26.2,,1.7,59.4,12.3,26.71
108,서울,2025-05-27,20.8,14.7,27,,1.9,57,12.3,27.07
108,서울,2025-05-28,20.8,16.3,26.9,0,1.8,62,8.4,22.39
108,서울,2025-05-29,21.2,15.3,27.3,,2.2,58.4,11.7,26.56
108,서울,2025-05-30,22.2,16.7,28.3,,1.7,55,12.1,25.72
108,서울,2025-05-31,21.5,16.4,27,,2,55,7.3,21.39
108,서울,2025-06-01,22.6,17,29.3,,2,57.8,10.9,27.08
108,서울,2025-06-02,21,19.2,23.1,0,1.5,64.3,0,6.3
108,서울,2025-06-03,20.9,17,25.3,,2.9,56.9,11.9,27.24
108,서울,2025-06-04,20.5,15.2,25.3,,3.5,55.3,12.1,29.45
108,서울,2025-06-05,21.7,15.6,27.1,,2.3,49.8,12.5,28.99
108,서울,2025-06-06,24.1,17.7,30,,3,42.6,12,29.48
108,서울,2025-06-07,23.7,19.8,28.2,.1,2.6,61.4,4.6,17.51
108,서울,2025-06-08,25.1,21.4,30.4,.6,1.7,69.3,7.4,21.59
108,서울,2025-06-09,24.2,20.6,30.2,0,2.6,66.6,9.6,25.91
108,서울,2025-06-10,21.7,18.8,25.3,0,2.5,71.6,4.1,14.46
108,서울,2025-06-11,22.7,15.9,28.5,,2.4,54.6,13.5,31.05
108,서울,2025-06-12,25.5,17.9,33.1,,1.9,50.4,12.4,30.36
108,서울,2025-06-13,24,20.1,29.4,1.5,1.9,60.9,3.8,15.62
108,서울,2025-06-14,25.6,20.3,32.1,,2,66.3,5.9,21.02
108,서울,2025-06-15,26.3,21.7,33.2,11.8,2.5,69.6,7.8,22.08
108,서울,2025-06-16,23,21.8,25.1,20,2.7,87.8,.1,5.19
108,서울,2025-06-17,24.8,21.1,29.6,,2.5,73.3,8.6,22.97
108,서울,2025-06-18,25.5,21.2,30.9,,2,65.3,10.3,26.88
108,서울,2025-06-19,28.1,21.1,34.2,.8,2,57.9,8.8,23.77
108,서울,2025-06-20,24.1,22.2,28.3,51.1,3.9,93.4,0,2.92
108,서울,2025-06-21,22,20.5,24.2,.2,2.1,88.1,0,7
108,서울,2025-06-22,23.3,18.1,28.6,,2.3,68.6,13.4,30.56
108,서울,2025-06-23,26.1,19.4,31.7,,1.8,64.8,12.8,27.7
108,서울,2025-06-24,25,20.5,28,2.3,2.6,63.4,.2,10.18
108,서울,2025-06-25,20.9,19.5,22.1,8,2.5,88.9,0,5.11
108,서울,2025-06-26,22.2,19.9,24.2,1.1,1.7,85.3,.1,7.23
108,서울,2025-06-27,25,21.1,29.3,0,1.4,78.1,3.1,12.92
108,서울,2025-06-28,26.2,24.5,28.1,.6,1.4,85,0,7.13
108,서울,2025-06-29,27.1,24.9,30.2,0,2.3,77.1,2.5,12.41
108,서울,2025-06-30,28.2,25.6,31.2,,2.4,74.6,2.8,15.61
108,서울,2025-07-01,28.6,26.2,31.8,.9,3,78.6,3.8,17.38
108,서울,2025-07-02,28.6,26.8,30.9,0,2.9,76.3,2.3,14.4
108,서울,2025-07-03,28.3,26.5,32,0,2.8,75.5,2.7,13.6
108,서울,2025-07-04,27.2,25.7,30,0,3.2,77,.8,7.72
108,서울,2025-07-05,28.4,26,32.3,,2.8,72.9,3,14.77
108,서울,2025-07-06,29.1,26.3,32.8,,2.5,74.3,1.7,14.7
108,서울,2025-07-07,29.1,26.7,33.2,,1.9,79,2.5,11.21
108,서울,2025-07-08,31.3,26.9,37.8,11.8,1.9,72.5,8.4,22.64
108,서울,2025-07-09,31.9,27.4,36,,2.2,61.1,8,23.55
108,서울,2025-07-10,31.4,27.3,36.2,,2.9,46.6,13.3,29.95
108,서울,2025-07-11,30.2,24.6,36.1,,3.3,47.1,13.5,30.35
108,서울,2025-07-12,30.3,24.4,36.5,,2.3,47.5,13.2,30.02
108,서울,2025-07-13,27.7,25.6,31,0,1.5,66.8,1.7,10.39
108,서울,2025-07-14,24.2,21.7,28.1,13.6,2,78.3,.5,7.19
108,서울,2025-07-15,23.6,21.5,25.9,4,2.3,84.1,.6,10.03
108,서울,2025-07-16,23.3,22.2,24.8,73.1,2.1,90.1,0,2.34
108,서울,2025-07-17,23.3,22,24.4,75.5,2.1,94.3,0,4.77
108,서울,2025-07-18,24.7,22.9,27.2,16.1,1.7,89.5,.3,7.44
108,서울,2025-07-19,23.9,21.9,25.8,84,2,95.4,0,3.79
108,서울,2025-07-20,27.7,25,31.3,14.8,2.8,82.8,5.7,16.69
108,서울,2025-07-21,28.5,25.6,31.6,0,2.3,77.4,5.8,18.81
108,서울,2025-07-22,28.8,26.6,32.2,.1,2.7,75.6,6.6,20.43
108,서울,2025-07-23,28.9,25.5,33.3,,1.8,70.4,7.9,22.14
108,서울,2025-07-24,29.8,25.8,34.1,,1.9,68,9.2,24.91
108,서울,2025-07-25,31.1,25.6,36.3,,1.9,64.6,12.4,26.48
108,서울,2025-07-26,32.3,27.6,37.1,,1.7,61.9,11,24.32
108,서울,2025-07-27,32.8,28.3,38,,2,62.4,12.5,28.42
108,서울,2025-07-28,32.2,28.8,36.4,,2,67.3,11.9,27
108,서울,2025-07-29,32,27.6,36.7,,2,64,8.9,20.41
108,서울,2025-07-30,32.1,28.3,36.3,,1.7,62.9,5.6,19.51
108,서울,2025-07-31,30.9,29.3,34.6,,2,62.3,1.1,13.17
108,서울,2025-08-01,31,27.8,35.1,0,1.9,66.9,4.5,16.09
108,서울,2025-08-02,31.2,27.3,36.2,,1.8,62.1,8.7,20.88
108,서울,2025-08-03,28.8,24,32.5,1.3,2,69,.2,8.08
108,서울,2025-08-04,28.1,23.7,33.9,1.9,2.2,75.5,3.9,16.35
108,서울,2025-08-05,29.1,25.4,33.5,,2.2,67.4,8.5,23.11
108,서울,2025-08-06,27.1,25.8,29.3,22,3.2,89,1.1,5.57
108,서울,2025-08-07,28.2,25.4,32.3,,2.7,70.8,10.2,27.18
108,서울,2025-08-08,26.6,23.9,30.2,6.3,1.6,74.8,1.7,8.76
108,서울,2025-08-09,24.9,23.1,26.4,3.5,1.4,82.1,.3,5.37
108,서울,2025-08-10,27.3,21,33.2,,1.7,70,12.3,27.22
108,서울,2025-08-11,27,25,29.5,0,2,73.9,.3,9.84
108,서울,2025-08-12,28.6,23.3,34.1,,2.2,62.9,12,26.6
108,서울,2025-08-13,25.1,22,27.1,126.7,2.6,91.8,0,1.92
108,서울,2025-08-14,25.5,24.2,26.9,47.8,2.2,91.1,0,6.29
108,서울,2025-08-15,27.1,24.4,30.9,0,1.7,84.3,4.9,14.89
108,서울,2025-08-16,28.2,25.5,32.2,,2.2,76,6.9,19.22
108,서울,2025-08-17,28.4,26.1,32,,2.3,76.3,1.8,16.43
108,서울,2025-08-18,28.9,27,32.9,2.2,3,75.6,5.4,19.92
108,서울,2025-08-19,29.1,26.9,32.3,,3,75.3,6.2,19.48
108,서울,2025-08-20,29.4,26.9,32.8,0,2.6,74.5,5.2,18.14
108,서울,2025-08-21,29.8,27.4,34.3,,2.2,70.6,7.5,21.66
108,서울,2025-08-22,29.4,26.1,33.5,,2.1,71.5,9.5,22.41
108,서울,2025-08-23,29.3,27.4,32.2,,1.9,74.9,3.6,11.71
108,서울,2025-08-24,30.2,26.9,34.7,,1.7,69.4,6.3,18.39
108,서울,2025-08-25,28.7,26.3,32.2,17.1,2.8,80.6,2,10.8
108,서울,2025-08-26,27.6,25.5,31.8,5.4,2.8,81.8,5.6,15
108,서울,2025-08-27,26.7,23.6,30.8,,1.6,73.8,2.6,9.76
108,서울,2025-08-28,28.3,24.7,31,,2.7,72.9,3,14.35
108,서울,2025-08-29,29,27.3,32.8,32.2,3.5,82,4.3,17.8
108,서울,2025-08-30,28.4,25.8,31.8,23.9,2,81.1,5.8,16.69
108,서울,2025-08-31,28.5,25.1,31.8,0,2.4,75.3,5.9,15.74
108,서울,2025-09-01,26.1,24.4,28.2,20.4,2.5,87.3,.6,7.47
108,서울,2025-09-02,26,22,30.6,,1.6,74.6,9.1,20.32
108,서울,2025-09-03,27.6,22.6,32.1,,1.9,67.5,9.5,21.38
108,서울,2025-09-04,25.8,22.8,29.8,44.2,2.6,82.1,3.1,13.76
108,서울,2025-09-05,27.9,23.5,33,,2.2,68.5,7.9,20.45
108,서울,2025-09-06,26.8,25.4,30.4,36.1,2.4,86.6,1.2,8.94
108,서울,2025-09-07,25.3,22.3,28.3,.2,2.1,77.5,1.7,12.58
108,서울,2025-09-08,24.4,20.6,29.5,0,1.8,73,3.9,16.17
108,서울,2025-09-09,23.7,21.4,26.9,0,1.6,71.9,1,9.73
108,서울,2025-09-10,24.8,18.4,31.5,,1.7,61.1,11.9,24.56
108,서울,2025-09-11,25.8,19.9,31.7,,2.5,57.6,11.8,24.11
108,서울,2025-09-12,23.9,21.1,26.3,6.8,2.7,68.8,.3,7.7
108,서울,2025-09-13,23.3,20.4,27.6,63.7,2.4,81,,
108,서울,2025-09-14,24.8,21.5,29.3,,1.6,72,5.7,16.74
108,서울,2025-09-15,25.7,20.8,30.7,,1.5,71.6,9.4,18.66
108,서울,2025-09-16,23.7,22.2,27.1,17.5,1.5,86.8,.7,5.11
108,서울,2025-09-17,22.7,21.2,24,52.7,1.7,92,.4,3.54
108,서울,2025-09-18,22.1,19.6,26,,2.6,74.4,6.1,17.27
108,서울,2025-09-19,19.4,17.9,21.4,13.8,2.8,82,0,4.73
108,서울,2025-09-20,20,17.5,23.6,35.3,1.8,85.4,1.2,8.41
108,서울,2025-09-21,21.6,17.2,27.3,,2.1,67,10.2,22.01
108,서울,2025-09-22,21.3,17.6,25.1,,2.5,59.8,4.3,14.98
108,서울,2025-09-23,22.7,19.2,26.8,0,2.4,56.5,5.2,16.89
108,서울,2025-09-24,22,20.4,23.7,35.2,2.1,81.8,.1,2.84
108,서울,2025-09-25,22.5,20.2,26.4,.3,1.4,80,5.5,13.81
108,서울,2025-09-26,21.7,17.8,27.1,,1.4,78.1,8.1,18.53
108,서울,2025-09-27,22.5,17.6,27.2,,1.9,71.1,8.3,16.5
108,서울,2025-09-28,20,18.4,21.9,44.5,1.7,85.6,.9,5.86
108,서울,2025-09-29,19.6,16.6,23.9,,1.5,77.8,4.9,11.97
108,서울,2025-09-30,19.8,17.3,24,,1.4,81.3,1.2,8.56
112,인천,2025-05-15,17.2,14,20.7,.7,2.5,89.8,2.8,15.6
112,인천,2025-05-16,19.1,17.2,21.7,30.1,1.8,95.6,0,4.08
112,인천,2025-05-17,16.4,12.9,21.2,3.4,2.7,92,6.6,17.04
112,인천,2025-05-18,14,10.7,18,,2.4,66.9,10.5,26.96
112,인천,2025-05-19,15.1,11.1,18.2,0,3.1,77,.2,10.31
112,인천,2025-05-20,20.1,15.9,22.8,0,2.9,94,0,7.61
112,인천,2025-05-21,23.1,19.7,27.4,,2,85.5,9.4,24.84
112,인천,2025-05-22,21.7,18.2,26.3,.1,2.1,76.4,7.6,21.76
112,인천,2025-05-23,19.2,16,21.6,1.2,2.4,58.1,.1,9.34
112,인천,2025-05-24,16.1,13.3,19.6,2,2.8,65.1,.6,12.76
112,인천,2025-05-25,15.8,12.5,19.2,,2.4,68.6,13.3,29.25
112,인천,2025-05-26,17.9,13,23,,1.9,69.1,12.6,28.31
112,인천,2025-05-27,18.5,14.7,22.8,,2.3,74,12.2,26.66
112,인천,2025-05-28,18.6,15.1,23.2,0,2,74.3,8,22.25
112,인천,2025-05-29,20.1,16.2,25.5,,1.7,64.3,12.8,27.24
112,인천,2025-05-30,20.2,16.8,25.5,,1.8,66.6,11.9,25.82
112,인천,2025-05-31,18.9,15.9,21.8,,1.9,64.4,5.3,19.47
112,인천,2025-06-01,19.6,15.7,24.7,,1.8,71.9,11.2,26.99
112,인천,2025-06-02,19,17.2,22.5,0,1.4,70.9,0,7.19
112,인천,2025-06-03,18.9,16.3,21.9,,3.2,70,13.2,29.61
112,인천,2025-06-04,19,15.5,23,,3.5,64.8,13.7,30.73
112,인천,2025-06-05,19.8,15.7,23.5,,2.5,57.9,12.7,28.56
112,인천,2025-06-06,22.7,18.7,26.4,,3.6,45.8,12,28.94
112,인천,2025-06-07,21.9,19.6,25.7,0,2.8,73.6,5.2,20.69
112,인천,2025-06-08,23.1,19.6,26.8,0,1.8,82.3,9.7,26.14
112,인천,2025-06-09,21.2,18.7,25.4,0,2.3,83.1,9,26.72
112,인천,2025-06-10,19.3,18,21.5,0,2.7,86.6,5.2,15.2
112,인천,2025-06-11,20.2,16.5,24.1,,2.5,70.5,13.5,30.37
112,인천,2025-06-12,23.1,17.4,28.9,,1.9,65.1,12.4,28.66
112,인천,2025-06-13,21.5,19.4,24.3,1.2,1.9,74.4,1.8,12.82
112,인천,2025-06-14,23.8,20,30.1,,2.2,73.9,9.2,25.61
112,인천,2025-06-15,22.9,19,30.2,8.9,2.8,83.4,8.1,23.24
112,인천,2025-06-16,21.4,20.4,22.8,13,3.2,96.8,.1,5.48
112,인천,2025-06-17,22.5,20.3,26.1,,2.6,87.3,9.1,24.03
112,인천,2025-06-18,22.4,18.9,26.5,,2,77.4,8.7,25.93
112,인천,2025-06-19,25.5,20.3,29.8,.2,2,71.5,8.7,22.74
112,인천,2025-06-20,22.5,20,25.7,113.5,5.7,99.1,0,2.92
112,인천,2025-06-21,19.8,18.3,21.1,.1,1.9,98.5,0,7.28
112,인천,2025-06-22,20.2,17.2,23,,2.5,90.3,13.6,30.16
112,인천,2025-06-23,23.4,18.5,28.5,,1.9,82.1,12.3,28.62
112,인천,2025-06-24,24.7,20.7,28,2.1,2.1,71,.4,9.9
112,인천,2025-06-25,20.7,19.4,22.2,7.8,2.3,90.5,0,4.64
112,인천,2025-06-26,21.3,19.7,24.3,.3,2,89.8,5.3,19.46
112,인천,2025-06-27,23.7,20.4,27.8,0,1.5,83.8,4.5,16.93
112,인천,2025-06-28,24.5,23.9,25.8,.5,1.8,93.1,.2,7.93
112,인천,2025-06-29,25.4,23.4,28.7,.3,2.3,88.8,5.3,16.9
112,인천,2025-06-30,26.5,24.7,28.5,,2.7,86.1,4.4,18.86
112,인천,2025-07-01,26.7,24.3,29,.7,3,90.9,5.2,20.23
112,인천,2025-07-02,26.4,25.2,28.7,,3,91.4,3.6,18.36
112,인천,2025-07-03,26.1,25.1,29,0,2.8,90.1,4.6,19.16
112,인천,2025-07-04,25.8,24.3,28.2,,3.5,88.5,.7,9.7
112,인천,2025-07-05,26.6,25,29.3,,3.1,85.5,9.5,26.15
112,인천,2025-07-06,27,25.1,30.1,,2.8,86.9,8.5,25.36
112,인천,2025-07-07,27.2,25.1,30.5,0,2.2,88.4,5,17.16
112,인천,2025-07-08,30,25.2,35.6,1.7,2.2,79.1,10.7,25.97
112,인천,2025-07-09,30.8,27.5,34.1,0,1.7,69.5,8.8,22.35
112,인천,2025-07-10,31.1,26.7,35.2,,2.4,48.5,12.7,28.14
112,인천,2025-07-11,30.2,25.3,34.7,,2.9,46.8,13.4,29.39
112,인천,2025-07-12,29.2,25.1,33.1,,2.2,49.1,13,28.87
112,인천,2025-07-13,25.2,23.7,28.2,.2,1.8,78,1.5,10.05
112,인천,2025-07-14,23.5,21.4,27.6,15.1,2.2,86.6,.8,6.8
112,인천,2025-07-15,22.5,20.7,24.4,25,2.4,91.6,.8,9.88
112,인천,2025-07-16,22.3,21.1,23.7,64,3.1,96.5,0,2.48
112,인천,2025-07-17,22.8,21.9,24.3,55.7,3.3,98.9,.4,7.94
112,인천,2025-07-18,23.8,22.1,25.9,14.7,1.9,97.6,.1,7.52
112,인천,2025-07-19,23.6,21.5,25.7,52.4,2.6,98.5,.1,5.39
112,인천,2025-07-20,26.8,24.2,29.8,30.1,3.4,89.3,8.5,24.64
112,인천,2025-07-21,27.2,25.7,29.5,.5,2.7,88.8,8.7,24.21
112,인천,2025-07-22,27.4,25.8,29.8,,2.5,88.8,9.9,25.82
112,인천,2025-07-23,27.8,25,31.2,,1.9,81,11.5,26.05
112,인천,2025-07-24,28.1,25.3,32.1,,1.8,79.9,8.3,23.97
112,인천,2025-07-25,29.6,25.3,33.9,,2.1,77.1,13,27.13
112,인천,2025-07-26,30.4,26.6,34.8,,2,74.9,12.6,25.89
112,인천,2025-07-27,30.9,28,34.4,,2,70.5,13.2,28.23
112,인천,2025-07-28,29.7,26.7,34.1,,1.8,75.6,13.2,27.72
112,인천,2025-07-29,30.1,26.3,34.1,,1.9,71.8,12.7,27.23
112,인천,2025-07-30,30,26.1,33.5,,1.8,77.1,4.5,18.49
112,인천,2025-07-31,29.6,28.1,32.3,,2.3,70,2.4,16
112,인천,2025-08-01,29.2,27.4,32.1,0,2,80.8,5,18.05
112,인천,2025-08-02,29.2,27.2,32.2,,1.8,78.1,10.7,25.16
112,인천,2025-08-03,27.9,23.5,31.1,3.1,1.9,78.6,.6,8.24
112,인천,2025-08-04,27.3,23.7,32.1,.9,2.6,83.4,8.2,24.28
112,인천,2025-08-05,27.3,24.7,30.2,,2.5,81.3,9.4,25.72
112,인천,2025-08-06,26.7,25.1,28.5,7.3,3.3,93.3,1.4,7.81
112,인천,2025-08-07,27.3,25.3,30.8,,2.5,80.8,11.4,27.36
112,인천,2025-08-08,26.2,24,29.1,,2,80.1,8.8,20.43
112,인천,2025-08-09,25.7,24.1,27.1,0,1.5,78.9,.6,7.1
112,인천,2025-08-10,26.7,22.6,31.1,,2.2,75.4,12.6,26.82
112,인천,2025-08-11,26.3,24.8,29.2,,2.1,83.6,2.7,11.96
112,인천,2025-08-12,27.7,22.4,32.6,,2.1,68.9,11.7,25.91
112,인천,2025-08-13,25.2,23.4,26.7,189.9,3.7,95.9,0,3.06
112,인천,2025-08-14,24.5,23.8,25.6,31,2.6,98.5,.2,7.31
112,인천,2025-08-15,25.6,23.7,28.4,60.7,1.5,95.9,4.4,12.7
112,인천,2025-08-16,27.2,25.4,29.8,,2.4,90,10.1,23.8
112,인천,2025-08-17,27.3,25.5,30.4,0,2.4,88.6,3.3,18.05
112,인천,2025-08-18,27.9,26.7,30.4,0,3.2,89.3,5.8,19.99
112,인천,2025-08-19,28.1,26.4,30.5,0,3.1,88.5,8.6,22.1
112,인천,2025-08-20,28.3,26.6,30.7,0,3,85.9,8.3,22.27
112,인천,2025-08-21,28.6,26.9,31.5,,2.3,82.1,9.1,22.7
112,인천,2025-08-22,28.3,26.5,30.8,,2.3,84.6,11.1,24.58
112,인천,2025-08-23,28.7,26.8,31.5,,2.2,85.1,8,20.27
112,인천,2025-08-24,29.2,26.9,32.3,,1.9,79.5,8.8,21.7
112,인천,2025-08-25,28.5,25.9,31.9,4.2,3.7,87.3,5.7,18.33
112,인천,2025-08-26,26.9,25.2,30.5,10,3,86.6,7.1,18.99
112,인천,2025-08-27,26.5,23.8,29.9,,1.8,77.3,7.9,20.19
112,인천,2025-08-28,27.6,24.6,30.4,,2.8,78.9,5,17.79
112,인천,2025-08-29,28.4,26.6,30.9,2.3,3.8,89.5,4.9,18.1
112,인천,2025-08-30,28.2,26.2,31.2,.8,2.6,86.4,7.5,19.97
112,인천,2025-08-31,28,26,30.8,0,2.6,82.9,7.2,17.64
112,인천,2025-09-01,26.2,24.2,29.4,10.8,3.3,88.8,2.3,13.5
112,인천,2025-09-02,25.7,21.5,29.5,,1.8,80.4,10.7,22.14
112,인천,2025-09-03,27.7,24.1,30.9,,1.7,72.6,8.5,20.34
112,인천,2025-09-04,25.7,23,28.7,35.7,2.6,85.5,1.9,11.55
112,인천,2025-09-05,27.8,24.2,31.7,,2.4,74,7.4,20.28
112,인천,2025-09-06,26.5,24.7,30,17.5,3.6,92.4,3,12.85
112,인천,2025-09-07,25.1,23.2,27.4,0,2,82.1,1.7,12.54
112,인천,2025-09-08,24.6,21.9,27.8,0,1.6,76.8,3.1,14.8
112,인천,2025-09-09,24.3,22.7,26.8,0,1.5,75.1,1.3,10.36
112,인천,2025-09-10,25.2,20,30.5,,2.3,65.3,11.1,23.28
112,인천,2025-09-11,26.4,20.8,31.3,,2.1,55.5,10.9,23.01
112,인천,2025-09-12,23.9,20.6,26.7,5.6,2.7,69.4,.1,7.8
112,인천,2025-09-13,22.8,20.2,25.6,36.7,2.5,86.1,0,7.94
112,인천,2025-09-14,24.3,21.2,27.8,,1.7,78.9,7.3,16.97
112,인천,2025-09-15,25.4,22.3,29.1,,1.3,81.3,6.3,14.91
112,인천,2025-09-16,24,22.1,27.2,17,2.2,92.5,.6,6.37
112,인천,2025-09-17,22.1,20.4,23.9,51.9,2.5,95.4,1,3.72
112,인천,2025-09-18,22,19.3,26.2,,2.4,77.5,3.8,14.49
112,인천,2025-09-19,19.7,17.8,21.5,13.8,2.5,82.5,0,5.19
112,인천,2025-09-20,19.5,17.4,23,30.5,2.5,89.8,2.7,13.26
112,인천,2025-09-21,21.4,16.9,25.7,,2.4,68.8,9.5,19.72
112,인천,2025-09-22,21.7,19,24.2,,2.2,60.3,2.6,12.98
112,인천,2025-09-23,23,20.1,26.6,,2.4,54.8,4.5,15.48
112,인천,2025-09-24,21.8,20.6,23.6,25.3,3,85.6,.7,3.26
112,인천,2025-09-25,22.1,20.3,24.9,.6,1.5,87.1,5.4,13.15
112,인천,2025-09-26,21.9,18.3,25.6,,1.9,82.5,10.3,19.78
112,인천,2025-09-27,23.2,19.3,27.1,,1.9,77.5,7.4,15.91
112,인천,2025-09-28,20.3,18.2,22.4,48.5,2,88.6,1.5,7.59
112,인천,2025-09-29,19.9,17.3,23.1,,1.6,77.1,7.1,14.07
112,인천,2025-09-30,19.9,17.5,22.8,,1.3,80.8,1.8,9.15
114,원주,2025-05-15,20.2,17.5,22.7,1.4,1.2,78.3,.1,9.05
114,원주,2025-05-16,20.7,17.6,24,15.5,.8,84.3,0,6.78
114,원주,2025-05-17,19.6,15.3,25.8,5.3,2,78.3,6.1,21.57
114,원주,2025-05-18,16.5,11.6,22.1,,1.9,55.5,10.7,26.07
114,원주,2025-05-19,16.9,8.4,23.2,0,1.7,66.8,1,13.75
114,원주,2025-05-20,24.3,19.6,30.5,,1.2,73,4.5,13.55
114,원주,2025-05-21,26.7,21.8,32.1,,1.4,70.5,7.7,23.1
114,원주,2025-05-22,21.7,18.1,26.5,1.2,1.8,67,3.9,14.91
114,원주,2025-05-23,18.3,13.2,22.7,.4,1.5,50.6,.5,11.25
114,원주,2025-05-24,13.4,11.9,16.3,5.4,1.9,81.9,.1,8.37
114,원주,2025-05-25,16.6,9,23.3,,1.3,67,11.2,25.66
114,원주,2025-05-26,18.3,10.6,26.6,,1.2,61.3,12.3,26.12
114,원주,2025-05-27,20,12.3,27.2,0,1.2,55.6,12.7,28.23
114,원주,2025-05-28,19.7,14.4,27.8,0,1.4,67.1,7.2,23.26
114,원주,2025-05-29,20.1,13,28.4,0,1.5,65.1,10.7,27.9
114,원주,2025-05-30,19.9,13.2,27.2,,1.3,55.5,13.1,26.88
114,원주,2025-05-31,20.2,12.2,27.3,,1.2,58.9,11,24.14
114,원주,2025-06-01,22.5,14.3,30.2,,1.3,55.5,11.2,27.74
114,원주,2025-06-02,20,18.4,21.9,.6,.8,77.1,0,6.42
114,원주,2025-06-03,21.2,16.5,26.7,0,2.1,55.6,10.3,25.95
114,원주,2025-06-04,20.2,12.5,26.6,,2.6,48,11.8,28.38
114,원주,2025-06-05,20.6,12.8,27.4,,1.6,55.5,11.8,28.13
114,원주,2025-06-06,22.5,16.1,29.6,,1.6,50.5,10.8,26.36
114,원주,2025-06-07,23.1,15.6,29.3,,1.5,59.3,8.6,22.42
114,원주,2025-06-08,25.3,20.7,30.5,,1.4,63.5,9.1,24.28
114,원주,2025-06-09,25.7,21.8,30.9,,1.9,63.3,10.3,26.41
114,원주,2025-06-10,23.4,19.2,28,0,2.2,68.9,7.6,22.63
114,원주,2025-06-11,22.6,15.6,29.4,,1.8,54.5,13.3,30.04
114,원주,2025-06-12,24.3,16.7,31.5,,1.2,51.8,10.9,27.04
114,원주,2025-06-13,22.7,18.7,30.6,1.9,1.6,64.8,3.9,18.56
114,원주,2025-06-14,24.4,18.2,31,2.6,1.4,76.5,7.7,21.93
114,원주,2025-06-15,26.8,22.7,33.1,21.9,1.7,70.5,6.9,24.05
114,원주,2025-06-16,23.9,21.9,27.6,31.6,1.9,83.1,2.2,11.9
114,원주,2025-06-17,24.1,19.3,29.1,8.7,1.5,76.1,7.9,21.65
114,원주,2025-06-18,25.1,20.4,30.9,,1.4,69.6,10.2,26.5
114,원주,2025-06-19,27.3,19.7,34.3,,1.4,59.1,9.3,25.34
114,원주,2025-06-20,24.9,22.4,27.6,32.9,2.6,84.3,0,5.01
114,원주,2025-06-21,22.2,20.6,23.4,32.2,1.3,91.4,0,5.22
114,원주,2025-06-22,23.6,18.7,29.4,,1.6,67.1,12.2,29.4
114,원주,2025-06-23,25.2,18.1,32,,1.3,65.6,12.3,27.86
114,원주,2025-06-24,24.2,20.5,28.8,.1,1.4,63.5,.9,12.53
114,원주,2025-06-25,21.1,19.4,23.2,5.9,1.7,85.6,0,6.67
114,원주,2025-06-26,20.9,19.1,23.5,.8,.9,91.9,0,5.27
114,원주,2025-06-27,23.6,19.5,28.4,0,.8,83.9,3,15.85
114,원주,2025-06-28,26.3,22.2,30.6,0,1,82.6,1.6,15.3
114,원주,2025-06-29,28.2,24.5,33,,1.2,75,7.7,24.39
114,원주,2025-06-30,28.4,23.7,33.2,,1.3,73.3,7.5,22.5
114,원주,2025-07-01,27.8,25.1,32.8,2.3,1.3,81.9,4.7,17.7
114,원주,2025-07-02,28.6,24.8,32.7,0,1.2,77,4.4,18.83
114,원주,2025-07-03,28.5,25.9,32,,1.5,73.5,6.8,21.79
114,원주,2025-07-04,26.7,23.3,29.3,0,1.6,75,1.7,13.04
114,원주,2025-07-05,28,25.7,32.3,,1.5,71.6,3,17.2
114,원주,2025-07-06,27.9,25.7,30.9,,1.1,76.5,.2,9.78
114,원주,2025-07-07,30.1,26.4,35.2,,1.2,76.8,7,21.16
114,원주,2025-07-08,29.8,26.6,35.4,0,1.5,73.9,7.7,21.09
114,원주,2025-07-09,30.3,24.7,36.3,,1.5,59.9,10.5,23.57
114,원주,2025-07-10,29.2,23.6,35.8,,2,47.5,13.7,29.37
114,원주,2025-07-11,28.5,21.9,35.9,,1.9,48.1,13.6,29.64
114,원주,2025-07-12,28,20.2,35.6,,1.5,54.4,13.4,29.12
114,원주,2025-07-13,25.4,20.9,31.8,1.1,1.4,73.8,3.3,14.24
114,원주,2025-07-14,22.2,20.5,25.9,14,1.3,87.6,.5,9.24
114,원주,2025-07-15,21.3,20.2,24.3,25.1,1,91.9,.2,7.71
114,원주,2025-07-16,22.4,20.7,25.2,41.7,1.2,90.4,0,4.89
114,원주,2025-07-17,22.7,21,24.6,68.6,2.6,89.3,0,1.42
114,원주,2025-07-18,24.8,21.3,28.4,2.5,1.1,85.9,.5,10.9
114,원주,2025-07-19,24.3,21.6,28.2,74.3,1.6,90.1,.1,5.54
114,원주,2025-07-20,27.6,23.3,32.3,0,1.5,78.3,7.6,22.84
114,원주,2025-07-21,27.3,24.7,31.6,.8,1,84,3.1,13.76
114,원주,2025-07-22,27.2,24.5,32.5,5,1,82,6.3,17.21
114,원주,2025-07-23,27.7,23.7,32.9,,1,77.3,10.8,22.33
114,원주,2025-07-24,29,23.8,34.7,,1.1,72.1,9.1,23.61
114,원주,2025-07-25,29.9,23.9,36.1,,1.1,70.1,12.7,26.76
114,원주,2025-07-26,30.5,24.6,36.2,,1.3,68,13.1,27.59
114,원주,2025-07-27,30.8,24.8,36.6,,1.4,65.3,13.1,28.7
114,원주,2025-07-28,30.6,25.2,36,,1.3,67.6,12.1,25.69
114,원주,2025-07-29,31,25.8,36.8,,1.3,68.6,11.4,24.83
114,원주,2025-07-30,30.6,26.4,36.5,,1.5,61.5,10.2,25.64
114,원주,2025-07-31,29.7,25.9,35,0,1.3,64,6,20.86
114,원주,2025-08-01,30.1,25.1,36,,1.3,66.8,10,25.66
114,원주,2025-08-02,30.1,26.2,34.8,,1.2,66.5,8.5,22.7
114,원주,2025-08-03,27.5,24,32.3,2.7,1,79.5,.1,8.52
114,원주,2025-08-04,26,23.1,29.6,6.5,.9,88.6,.4,7.92
114,원주,2025-08-05,28.5,25.2,32.8,,1.3,75.8,6.7,21.67
114,원주,2025-08-06,26.9,25.1,30.5,10.5,1.8,86.3,.5,7.88
114,원주,2025-08-07,27.6,24.5,32.3,,2,73,7,20.72
114,원주,2025-08-08,26.8,22.7,31.4,,1.5,71.1,8.2,21.09
114,원주,2025-08-09,24.1,20.4,26.9,.2,.9,76,0,6.55
114,원주,2025-08-10,25.6,18.3,32.6,,1.1,67.1,11.7,26.59
114,원주,2025-08-11,24.5,21.5,28.2,.3,1,81.3,.7,7.42
114,원주,2025-08-12,26.5,20.7,32.8,,1.6,70.5,9.5,24.5
114,원주,2025-08-13,24.4,22.6,29.9,67.6,1.2,91.6,.1,8.7
114,원주,2025-08-14,25.8,23.3,28.3,4.7,1,87.8,.5,8.24
114,원주,2025-08-15,26.8,22.9,31.4,,1,81.1,7.5,20.4
114,원주,2025-08-16,27.9,23.4,33.1,,1.1,75.5,8.6,22.18
114,원주,2025-08-17,27.7,24.5,32.2,,1,74.8,4,16.81
114,원주,2025-08-18,28.3,24.5,32.8,.1,1.5,75.1,5,19.57
114,원주,2025-08-19,28,25.4,33,.1,1.6,77.1,5.7,18.16
114,원주,2025-08-20,28.7,24.2,33.5,,1.4,71,8.4,24.05
114,원주,2025-08-21,28.9,24.8,34,,1.1,71,9.1,22.48
114,원주,2025-08-22,28.9,24.8,33.9,,1.4,70.6,9.9,21.35
114,원주,2025-08-23,28.1,24.4,32.4,,1.2,77.1,7.6,17.45
114,원주,2025-08-24,28.9,25,34.4,,1.1,76.1,8,19.01
114,원주,2025-08-25,29.5,24.7,34.7,0,1.6,71,7.6,20.4
114,원주,2025-08-26,26.6,24.1,30.2,12.3,1.9,82.5,3.5,9.67
114,원주,2025-08-27,27.1,23,31.7,,1.3,71.9,7.7,20.39
114,원주,2025-08-28,27.9,24.8,31.6,,1.7,69.6,2.7,13.95
114,원주,2025-08-29,28.7,26.4,32.8,1.1,1.7,76.4,4.2,13.87
114,원주,2025-08-30,27.5,24,33.5,4.5,1.2,81.6,5.4,16.69
114,원주,2025-08-31,27.7,23.2,33.1,.3,1.4,77,6.9,19.7
114,원주,2025-09-01,27.4,24.5,32.7,7.2,1.9,77.8,2.7,13.47
114,원주,2025-09-02,25.1,21.7,29.6,.1,1.2,76.4,5.6,15.91
114,원주,2025-09-03,26.1,19.3,33.4,,1.2,69.6,10.1,22.57
114,원주,2025-09-04,25.1,23,29.8,.3,1.6,79.6,2.1,10.72
114,원주,2025-09-05,27.1,20.7,33.4,,1.2,68.9,11.4,23.59
114,원주,2025-09-06,26.5,24.1,32.1,18.2,1.6,84.3,2.1,11.23
114,원주,2025-09-07,25.1,22,29.4,5.3,1.6,83.3,1.4,10.87
114,원주,2025-09-08,23.8,20.8,27.8,,1,78.5,2.2,12.5
114,원주,2025-09-09,22.9,20.7,26.2,.2,.9,81.4,.3,9.39
114,원주,2025-09-10,23,17.6,31,,1.2,66,10.3,22.73
114,원주,2025-09-11,23.3,14.2,32.2,,1.3,58.4,11.3,22.99
114,원주,2025-09-12,21.9,19.3,26,14.2,1.1,80.4,0,6.19
114,원주,2025-09-13,22.2,19.5,24.5,48.5,1.4,89,.1,6.47
114,원주,2025-09-14,22.4,20,27,.4,.8,85.8,.2,8.43
114,원주,2025-09-15,23.6,19.6,29.7,,1,83.3,4.6,16.92
114,원주,2025-09-16,23.5,20.6,28.8,30.7,1,87.8,1.1,9.29
114,원주,2025-09-17,22.5,19.2,25,30.4,1,92,0,3.72
114,원주,2025-09-18,20.5,17.7,25.2,.2,1.2,78,2.3,10.49
114,원주,2025-09-19,18.4,16.3,22,12.1,1,83.6,0,6.64
114,원주,2025-09-20,18.6,16.3,21.5,73.7,1.3,90.1,.2,7.65
114,원주,2025-09-21,20.3,15.7,26.6,,1.4,73.3,8.5,20.1
114,원주,2025-09-22,19.9,14.3,26.2,,1.4,64.9,6.6,16.42
114,원주,2025-09-23,21.3,16.2,27,,1.5,62.1,7.1,16.85
114,원주,2025-09-24,22.6,18.2,27,7,1.6,80.6,2,7.84
114,원주,2025-09-25,21.4,18.3,25.5,3.6,.7,88.4,1.3,7.96
114,원주,2025-09-26,21.3,18.3,26.8,,1.1,77.5,8.6,19.37
114,원주,2025-09-27,20.9,16.7,27.5,,1.2,73.6,5.1,15.57
114,원주,2025-09-28,18.9,17.4,21,22.1,1,89.4,0,3.09
114,원주,2025-09-29,19.4,16.4,24.1,,1,80.3,6.3,14.94
114,원주,2025-09-30,18.1,15.4,23.4,,.7,84.6,1.5,9.31
115,울릉도,2025-05-15,18.8,16.4,21.3,.3,7.6,82.8,1.7,9.39
115,울릉도,2025-05-16,20.2,17.2,23.6,3.5,6.3,85.3,1.9,13.01
115,울릉도,2025-05-17,18,15.8,21.2,10.8,4.5,90.6,7.2,22.43
115,울릉도,2025-05-18,15.6,12.6,19.6,,5.1,62.9,9,22.29
115,울릉도,2025-05-19,17,13.2,19.7,,6.1,78.6,8.2,20.67
115,울릉도,2025-05-20,23.6,19.1,27.1,,7.7,71.4,11.6,26.53
115,울릉도,2025-05-21,22.1,14.8,25.5,,4.5,74.6,9.9,22.91
115,울릉도,2025-05-22,14.9,12.8,17.4,.6,4.4,78.6,7,18.64
115,울릉도,2025-05-23,14.6,11.8,17.5,,3,75.1,6.3,16.04
115,울릉도,2025-05-24,12.3,10.5,14.2,12.5,7.3,93.6,0,3.33
115,울릉도,2025-05-25,13.7,11.2,18,.1,3.9,82.5,10.2,25.83
115,울릉도,2025-05-26,15.5,11.7,19.5,,4.4,82.9,7.1,19.88
115,울릉도,2025-05-27,16.6,13.6,21,,3.4,71.3,13,28.6
115,울릉도,2025-05-28,15.9,13.1,19.6,,1.9,83.6,12,27.43
115,울릉도,2025-05-29,15.2,12.6,19,,3,84.9,9.3,27.14
115,울릉도,2025-05-30,16.4,12.9,20.5,,4,65,11.2,25.18
115,울릉도,2025-05-31,18,14.3,22.5,,2.7,51.1,12.6,27.05
115,울릉도,2025-06-01,16.5,13.8,19.4,,1.7,84.8,7.3,22.82
115,울릉도,2025-06-02,16.4,14.1,18,0,3.3,89.3,0,6.35
115,울릉도,2025-06-03,17.7,15.6,20.7,.2,2.6,82.3,4.2,13.35
115,울릉도,2025-06-04,20.1,15.8,23.5,,5.9,48.4,9.9,25.45
115,울릉도,2025-06-05,21.2,18,24.7,,4.8,50.4,12.3,28.6
115,울릉도,2025-06-06,24.3,19.8,28.9,,5.4,43.8,11.1,24.89
115,울릉도,2025-06-07,23.8,20.5,27.3,,3.8,46.6,9.1,22.69
115,울릉도,2025-06-08,22.4,18.7,26.9,,2.1,64.6,11.6,25.49
115,울릉도,2025-06-09,21.8,19.4,25.2,,5.5,74.8,10.7,25.61
115,울릉도,2025-06-10,22.1,19.8,24.9,,5.1,75.1,6.9,19.01
115,울릉도,2025-06-11,22.5,19.8,25.8,,3.7,49.4,12.3,28.3
115,울릉도,2025-06-12,22,19.3,25.4,,2.6,60.1,10.7,25.23
115,울릉도,2025-06-13,20.4,18.8,23.6,2.3,4,82.4,2.5,15.53
115,울릉도,2025-06-14,21.1,17.9,25.5,33.8,2.5,93.1,4.3,12.37
115,울릉도,2025-06-15,20.7,19,22.2,,2.6,93.9,.2,14.19
115,울릉도,2025-06-16,22.7,20.8,25.4,.2,5.8,91.4,2.3,12.18
115,울릉도,2025-06-17,23.8,21.2,27,,6.4,79.9,10.8,25.27
115,울릉도,2025-06-18,24.1,20.2,27.6,,2.5,75,10.9,26.24
115,울릉도,2025-06-19,25.5,21,29.8,,2.5,68.8,12.1,25.88
115,울릉도,2025-06-20,22.1,20.7,23.6,9.5,6.8,95.4,0,3.74
115,울릉도,2025-06-21,21,19.3,22.1,54.4,7.5,96.5,0,1.18
115,울릉도,2025-06-22,21,17.9,24.4,6.5,4.8,78.1,5.3,18.04
115,울릉도,2025-06-23,23.9,20.3,28.1,,2.6,70.6,13.2,28.02
115,울릉도,2025-06-24,21.7,19.8,24.5,2.2,2.7,88.4,5.3,16.07
115,울릉도,2025-06-25,21.1,18.9,22.5,53.1,3.4,97.1,.2,3.77
115,울릉도,2025-06-26,21,18.4,24.1,0,2.5,90.5,4.3,18.36
115,울릉도,2025-06-27,22.5,19.1,25.7,,1.4,86.6,8.2,23.09
115,울릉도,2025-06-28,23.5,21.9,25.8,0,3.6,82.8,3.3,14.59
115,울릉도,2025-06-29,25.2,21.7,29.7,,3.6,86.6,7.6,23.45
115,울릉도,2025-06-30,27.6,22,31.3,,3,75.1,12.1,26.6
115,울릉도,2025-07-01,29,26.8,31.6,,3.3,69.8,10.1,22.22
115,울릉도,2025-07-02,29.4,25.5,32.5,,2.6,72.4,11.8,26.75
115,울릉도,2025-07-03,28.9,26.6,31.9,,4.1,72,11.4,26.18
115,울릉도,2025-07-04,28.8,27,31.4,,3.5,62.8,8.5,23.1
115,울릉도,2025-07-05,28.9,26.4,30.9,,2.8,68.3,7.9,20.83
115,울릉도,2025-07-06,29.7,27.2,33,,1.7,63.8,10.6,23.71
115,울릉도,2025-07-07,28.8,26.2,31.7,,1.7,70.6,9.3,21.83
115,울릉도,2025-07-08,26.9,24.4,30.4,,3.7,70.5,10.6,24.17
115,울릉도,2025-07-09,25.9,23.5,29.3,,4.4,78.9,12.4,26.88
115,울릉도,2025-07-10,24.9,23.3,27.6,,5.2,82.1,8.7,23.42
115,울릉도,2025-07-11,24.3,22.7,27,,5.4,82.1,6.8,22.56
115,울릉도,2025-07-12,24.1,21.9,27.7,,2.9,80,11.7,27.12
115,울릉도,2025-07-13,24.5,20.9,28,10,2.9,85.4,10.7,25.2
115,울릉도,2025-07-14,21.1,18.9,23.7,117.7,5.2,92.6,.7,7.59
115,울릉도,2025-07-15,23,20.3,25.4,0,4.7,90.6,2.5,12.5
115,울릉도,2025-07-16,23.3,22.2,24.9,.3,6,92.5,0,6.16
115,울릉도,2025-07-17,23.5,22.1,24.4,36.8,6.4,93.1,0,1.75
115,울릉도,2025-07-18,23.9,23.2,25.3,.3,5.9,92.4,0,3.66
115,울릉도,2025-07-19,23.5,22.1,25.3,3,7,90.9,0,4.5
115,울릉도,2025-07-20,26.3,23.7,28.8,.2,6.9,81.3,7.1,21.52
115,울릉도,2025-07-21,27.5,25.2,30.3,,6.7,80.5,12,26.33
115,울릉도,2025-07-22,28.3,25.9,31.6,,3.6,77.1,12.3,24.05
115,울릉도,2025-07-23,28,26.1,30.7,,2.4,75.8,11.9,24.88
115,울릉도,2025-07-24,27.3,25,29.6,,4.5,77,11.4,26.54
115,울릉도,2025-07-25,27.9,24.9,31.9,,3.7,74.3,12.8,27
115,울릉도,2025-07-26,28.7,25.8,32.5,,3.4,77.1,12.8,26.65
115,울릉도,2025-07-27,29,26.3,32.4,,5.3,68.8,12.8,26.92
115,울릉도,2025-07-28,28.7,26.1,31.6,,6,67.3,12.8,27.27
115,울릉도,2025-07-29,27.8,25.6,30.5,,2.3,81.6,8.9,22.98
115,울릉도,2025-07-30,28.1,26.1,31,,1.6,84.5,8.3,21.81
115,울릉도,2025-07-31,27.4,25.6,29.9,,1.4,86.1,3.8,15.55
115,울릉도,2025-08-01,27.2,24.9,30.4,,1.2,83.5,7.7,21.37
115,울릉도,2025-08-02,27.1,24.7,30.2,,1.9,83.8,5.6,15.6
115,울릉도,2025-08-03,27.4,25.9,30,0,3.2,86.1,1.1,11.96
115,울릉도,2025-08-04,26.2,24.4,28,10,4,91.1,.6,4.34
115,울릉도,2025-08-05,26.5,24.6,28.5,,1.8,90,1.7,11.85
115,울릉도,2025-08-06,26.6,24.4,28.2,5.3,6.8,87.5,.3,7.25
115,울릉도,2025-08-07,26.2,23.3,29.1,,3.6,72.8,12.4,26.34
115,울릉도,2025-08-08,25.6,22.8,28.6,,1.4,71,12.3,26.12
115,울릉도,2025-08-09,24.8,23.7,27.3,.1,2.4,85.5,0,5.49
115,울릉도,2025-08-10,25.1,23.2,28.1,,2.1,80.1,8.8,21.99
115,울릉도,2025-08-11,24.7,22.8,27.3,1.8,1.4,83.8,.6,8.69
115,울릉도,2025-08-12,24.5,22.8,26.7,.2,1.8,86,2.3,11.72
115,울릉도,2025-08-13,25.7,23.9,27.1,5,2.5,92.5,.1,3.72
115,울릉도,2025-08-14,28.1,26.5,30.3,,6.3,76.5,7.2,20.01
115,울릉도,2025-08-15,27.7,25,30.9,,1.7,75.4,10.8,24.06
115,울릉도,2025-08-16,27.5,24.7,30.6,,3.4,82.3,8.3,21.05
115,울릉도,2025-08-17,28.8,26.1,32.1,,2.1,68.1,10.1,22.6
115,울릉도,2025-08-18,27.7,25.8,30.4,0,3.4,75.9,1.7,9.66
115,울릉도,2025-08-19,29.9,28.1,32.3,,5.1,66.4,11.6,24.06
115,울릉도,2025-08-20,29.9,27.5,32.7,,4.2,67.3,12.1,24.09
115,울릉도,2025-08-21,29.3,26.7,32.6,,1.6,73.4,11.9,23.49
115,울릉도,2025-08-22,28.4,26.3,31.3,,4.9,77.6,10.7,21.99
115,울릉도,2025-08-23,29.3,26.5,32.4,,1.6,74.1,11.9,22.76
115,울릉도,2025-08-24,29.2,27,32,,2.1,74.1,11.9,22.83
115,울릉도,2025-08-25,28.9,27,32.2,,3.3,83.1,4.8,15.2
115,울릉도,2025-08-26,29,27.1,32,,6.6,73.5,9.6,21.27
115,울릉도,2025-08-27,26.5,23.7,29.7,,4.5,74.4,11,21.52
115,울릉도,2025-08-28,26.3,23,30.2,,2.5,76.4,5.3,18.2
115,울릉도,2025-08-29,28.7,26.1,30.5,,5.9,74.8,7.5,17.04
115,울릉도,2025-08-30,30.1,26.8,33.7,,1.6,70.3,10.4,21.14
115,울릉도,2025-08-31,27.6,25.8,30.4,,3.5,85,2.7,10.58
115,울릉도,2025-09-01,26.9,25.6,30.2,,7.2,85.4,4.2,15.63
115,울릉도,2025-09-02,26.1,22.8,28.5,0,3.5,80,1.3,9.34
115,울릉도,2025-09-03,25.7,22.3,29.2,,2.6,78.9,8.4,21.14
115,울릉도,2025-09-04,25.4,24.3,28.8,1.3,3.7,84.8,1.4,7.25
115,울릉도,2025-09-05,25.6,23,29.3,,4,77.4,9.9,21.69
115,울릉도,2025-09-06,27,22.8,30.3,,5.8,80.5,6,15.88
115,울릉도,2025-09-07,26.9,24.8,28.9,0,3.8,81.3,.4,8.2
115,울릉도,2025-09-08,26.1,23.5,29.3,0,1.5,77.1,6.3,16.24
115,울릉도,2025-09-09,24.3,23.2,25.3,.5,2,80.4,0,4.99
115,울릉도,2025-09-10,22.1,19,25.1,14.8,4.2,87.1,2.3,9.89
115,울릉도,2025-09-11,23.9,22.3,26.5,,5.3,76.9,9,20.55
115,울릉도,2025-09-12,24,22.6,26.3,2.7,3.7,82.4,.1,5.44
115,울릉도,2025-09-13,22.5,20.9,27.4,42.8,5.4,90.1,1.6,7.43
115,울릉도,2025-09-14,23.6,20.6,26.6,.1,2.4,83.6,3.8,13.14
115,울릉도,2025-09-15,25.5,23,29.5,,2.1,77,8.1,18.12
115,울릉도,2025-09-16,26.3,23.8,29.9,.3,4.1,81.8,6.8,17.28
115,울릉도,2025-09-17,24.3,19.4,29,25.7,4.8,82,2.9,10.13
115,울릉도,2025-09-18,19.3,18,21.4,6.5,6.3,76.6,4.4,11.12
115,울릉도,2025-09-19,20.2,17.9,23.4,1.3,3.4,74.6,3.4,13.75
115,울릉도,2025-09-20,19,17.3,20.3,150,6.1,93.3,.1,4.38
115,울릉도,2025-09-21,19.6,18,22.1,.1,5.3,74.8,9.1,19.55
115,울릉도,2025-09-22,19.7,18.6,21.6,,4.9,71.5,4.5,13.98
115,울릉도,2025-09-23,20.9,19.1,23.4,,3.7,75.5,5.1,14.63
115,울릉도,2025-09-24,23.3,19.6,25.1,0,3.4,88.5,0,2.44
115,울릉도,2025-09-25,23.6,22,25.4,3.2,3.6,85.5,1.4,8.14
115,울릉도,2025-09-26,23.2,20.6,26.7,,1.3,77.3,10.6,20.04
115,울릉도,2025-09-27,22.1,19.7,25.4,,2,75.5,8.1,17.39
115,울릉도,2025-09-28,20.8,19,23.8,16.6,2.5,81,0,4.5
115,울릉도,2025-09-29,20.1,18.4,22.4,0,4.4,74.8,4.9,14.03
115,울릉도,2025-09-30,20.7,17.8,23.9,,1.5,73.1,6.8,14.03
119,수원,2025-05-15,18.9,16.4,20.6,.2,1.6,85.5,0,6.08
119,수원,2025-05-16,19.8,18.2,23.7,20.9,1.6,91.6,0,5.23
119,수원,2025-05-17,18,13.8,24.5,3.8,2.4,85.8,5.4,17.47
119,수원,2025-05-18,15.2,10.6,20.8,,2.2,60.8,12.3,27.28
119,수원,2025-05-19,16.1,8.7,20.2,0,2.5,73.3,.6,11.34
119,수원,2025-05-20,22.9,18.9,28.2,,2.5,83.5,4.3,16.74
119,수원,2025-05-21,24,19.4,29.3,,1.8,80,8.4,20.96
119,수원,2025-05-22,21.4,18.3,27.1,.3,1.7,77.6,4.4,14.57
119,수원,2025-05-23,19.2,15,21.9,1.7,3,52.1,0,10.02
119,수원,2025-05-24,14.7,13.1,17.4,3.7,2.4,70.9,.1,9.16
119,수원,2025-05-25,15.8,9.2,21.2,,1.8,67.5,12.3,27.79
119,수원,2025-05-26,18,10.8,25.8,,1.5,67.6,11.7,27.54
119,수원,2025-05-27,18.7,12.3,26,,1.6,70.3,12.4,26.73
119,수원,2025-05-28,19.5,14.6,26.2,,1.6,66.5,9.7,23.92
119,수원,2025-05-29,19.5,13.1,25.9,,1.7,62.4,11.7,23.93
119,수원,2025-05-30,19.9,13.2,27.5,,1.4,57.3,12.2,25.36
119,수원,2025-05-31,19.4,14.3,24.9,,1.7,62.1,7.2,19.52
119,수원,2025-06-01,20.3,14.2,27.7,,1.6,65.9,11.2,25.45
119,수원,2025-06-02,19.4,16.8,23.5,0,1.2,64.9,0,8.04
119,수원,2025-06-03,19.3,14.9,23.7,,2.5,65.9,12.9,29.29
119,수원,2025-06-04,18.8,13.3,24.7,,3.1,60.1,13.4,30.49
119,수원,2025-06-05,20.3,12.8,26.7,,1.8,56.8,11.7,27.6
119,수원,2025-06-06,23,16.4,29,,2.5,44.1,11.3,27.37
119,수원,2025-06-07,22.7,16.7,28.2,,1.9,64.6,9.7,24.05
119,수원,2025-06-08,23.9,20.1,29.6,.3,1.7,74.8,8.3,23.55
119,수원,2025-06-09,23,18.8,29.2,0,2,72.6,8.1,22.9
119,수원,2025-06-10,19.9,16.1,24.1,,2.2,79.8,2.8,13.96
119,수원,2025-06-11,20.9,13.4,27.3,,2,58.9,13.3,30.12
119,수원,2025-06-12,23.4,15.3,31,,1.6,56.6,11.3,28.17
119,수원,2025-06-13,22,18.2,27.8,4.5,1.6,71,.4,12.52
119,수원,2025-06-14,23.5,19,30.9,.1,1.9,73.9,6.5,20.51
119,수원,2025-06-15,24.8,18.9,31.3,3.4,2.6,73.5,8.4,23.23
119,수원,2025-06-16,22.8,21.1,25.4,11.9,2.5,85.3,1.1,8.5
119,수원,2025-06-17,23.5,19.8,28.3,.1,2,79.5,7.9,22.16
119,수원,2025-06-18,24.4,20.2,30.3,,1.8,69.6,10.2,26.93
119,수원,2025-06-19,26.8,18.9,32.7,0,2.1,62.5,8.3,22.22
119,수원,2025-06-20,23.7,22.1,27.7,45.7,3.9,92,0,4.34
119,수원,2025-06-21,21.2,20.2,22.6,.3,1.7,91.6,0,5.49
119,수원,2025-06-22,21.8,16.5,27.4,,1.8,73.8,12.8,29.98
119,수원,2025-06-23,24.2,17,31.5,,1.4,72,12.8,28.3
119,수원,2025-06-24,24.2,20.2,28.5,3,1.9,71.5,.3,11.28
119,수원,2025-06-25,20.5,19.4,22.5,8,2.1,89,0,4.87
119,수원,2025-06-26,21.2,19.1,25.6,.7,1.7,87.4,1.7,11.51
119,수원,2025-06-27,24.5,19.1,29,0,1.2,78.3,5.8,19.49
119,수원,2025-06-28,26,23.6,28.9,.2,1.5,83.4,.5,11.77
119,수원,2025-06-29,26.8,24.3,31.1,,1.9,77,4.9,17.26
119,수원,2025-06-30,27.4,23.7,30.9,,1.9,75.3,6.9,20.7
119,수원,2025-07-01,27.6,25.4,31.8,2.3,2.1,81.1,4.4,17.23
119,수원,2025-07-02,27.7,25.1,30.9,,2.2,79.6,4.1,17.74
119,수원,2025-07-03,27.4,25.3,31.5,,2.3,76.1,5.1,18.44
119,수원,2025-07-04,26.6,24.3,29.6,,2.6,77.1,1.2,11.89
119,수원,2025-07-05,27.7,24.9,31.6,,2.3,74,5.9,18.95
119,수원,2025-07-06,27.9,25.1,32.2,,1.8,76.6,3,17.44
119,수원,2025-07-07,28.2,25.7,32.6,,1.7,77.5,3.4,15.79
119,수원,2025-07-08,29.2,24.9,36.7,17.4,1.4,76.8,7.9,20.74
119,수원,2025-07-09,30.8,26.2,34.7,,2.4,61.1,10.9,24.33
119,수원,2025-07-10,30.5,25.7,34.7,,2.8,45.4,13.2,28.89
119,수원,2025-07-11,29.4,24.4,34.2,,3.2,43.9,13.2,29.22
119,수원,2025-07-12,28.3,23.6,34.2,,2.5,50.3,12.6,28.84
119,수원,2025-07-13,24.8,22,29.3,1.5,1.2,77.6,1.3,9.4
119,수원,2025-07-14,23,20.7,29.1,16.3,1.6,85,3.2,14.46
119,수원,2025-07-15,22.3,20.6,23.8,5.2,2.1,88.8,.1,7.15
119,수원,2025-07-16,22.7,21.5,24.5,43.3,2.5,89,0,2.84
119,수원,2025-07-17,22.9,21.6,24.7,68.1,2.9,90.9,0,3.33
119,수원,2025-07-18,25.3,22.5,27.8,.7,1.7,82.4,.2,9.04
119,수원,2025-07-19,24.3,20.8,26.7,47,2,91.5,0,4.91
119,수원,2025-07-20,27.2,24.3,31.4,3.2,1.9,80.1,4,14.79
119,수원,2025-07-21,27.4,24,31.5,.5,1.7,82.3,5.5,18.51
119,수원,2025-07-22,27.7,24.9,31.2,3.1,1.7,81,7.9,20.68
119,수원,2025-07-23,28,24,32.8,,1.3,77,10.1,23.48
119,수원,2025-07-24,28.3,24.1,33.9,,1.3,72.5,8.8,23.38
119,수원,2025-07-25,29.7,24,35.7,,1.2,70.8,11.8,25.82
119,수원,2025-07-26,30.8,26.1,36,,1.7,66.4,12.5,28.28
119,수원,2025-07-27,30.7,27.2,35.8,,2,65.4,12.8,28.27
119,수원,2025-07-28,29.5,25.8,34.6,,1.7,71.5,12.7,27.24
119,수원,2025-07-29,30.1,25,35.2,,1.5,68.9,11,22.95
119,수원,2025-07-30,30.2,25.6,35.3,0,1.6,65.5,7.2,21.6
119,수원,2025-07-31,30.2,27.3,33.8,,1.7,62.3,4.6,18.33
119,수원,2025-08-01,29.4,25.5,34.4,,1.5,69.9,7.3,20.14
119,수원,2025-08-02,29.5,25.9,34.6,,1.6,71.9,9.9,22.74
119,수원,2025-08-03,26.8,23.3,31.4,6.7,1.7,77.9,.1,7.74
119,수원,2025-08-04,26.7,23.4,31.4,5.8,1.6,80.5,3.3,16.39
119,수원,2025-08-05,27.4,23.5,31.9,,1.7,77.1,7.2,21.42
119,수원,2025-08-06,26.6,24.5,29.7,4.6,2.4,89.3,.3,7.99
119,수원,2025-08-07,26.9,23.7,30.9,,2.3,76.8,9.4,24.67
119,수원,2025-08-08,25.9,22.3,30.8,,1.7,75.4,6.4,19.45
119,수원,2025-08-09,24.7,21.4,27,.4,1.4,75.6,.4,7.22
119,수원,2025-08-10,25.9,20.1,32.5,,1.6,72.9,12.1,26.28
119,수원,2025-08-11,25.3,23,28.1,0,1.5,81.5,.8,9.08
119,수원,2025-08-12,26.9,21.5,32.5,,2.4,69.9,11.6,25.91
119,수원,2025-08-13,25.6,23.3,29.3,59.6,2.8,87,0,5.56
119,수원,2025-08-14,25.2,23.4,27.1,29.9,1.5,89.8,.4,7.5
119,수원,2025-08-15,26.7,22.7,31,3.7,1.4,84.3,6.4,18.04
119,수원,2025-08-16,27.3,24.3,31.7,,1.7,80.6,7.7,19.96
119,수원,2025-08-17,27.6,24.1,31.6,,1.6,79.1,4.2,18.26
119,수원,2025-08-18,28.4,25.8,32.7,0,2.3,77.5,4.7,18.66
119,수원,2025-08-19,28.2,25.9,32,3.9,2.1,79.4,5.8,18.23
119,수원,2025-08-20,28.2,25.3,32.4,0,2,77.9,7.2,20.61
119,수원,2025-08-21,28.7,25.5,33.4,,1.7,75.6,10.4,22.84
119,수원,2025-08-22,28.3,24.7,32.7,,1.7,77.4,11.4,24.15
119,수원,2025-08-23,28.2,25.4,32.1,,1.6,80.3,5.6,13.89
119,수원,2025-08-24,28.9,25.7,34.2,,1.4,75.8,8.9,21.59
119,수원,2025-08-25,28.6,25.8,32.9,33.6,2.4,79.1,4.6,15.57
119,수원,2025-08-26,26.3,23.5,31,19.1,2.2,84.9,5.9,14.88
119,수원,2025-08-27,26.2,22.4,31.8,,1.3,75.3,8.9,21.28
119,수원,2025-08-28,27.4,23.5,31.2,,2.2,75.3,5,16.59
119,수원,2025-08-29,28.5,25.7,32.1,0,2.6,81,4.6,16.35
119,수원,2025-08-30,28.4,25.6,32.2,.9,1.9,79.9,6.9,17.36
119,수원,2025-08-31,27.5,24.2,31.9,1.5,1.9,80.1,5.9,16.12
119,수원,2025-09-01,25.2,23.3,28.4,28.6,2.2,89.9,.6,7.04
119,수원,2025-09-02,25.4,21.5,30.8,,1.4,75.1,8.4,20.45
119,수원,2025-09-03,26.8,21.2,31.5,.1,1.5,72.8,9.3,21.64
119,수원,2025-09-04,25.8,23.3,29.4,5.2,1.8,80.6,3.1,12.07
119,수원,2025-09-05,27.2,22.9,32.1,,2,72.3,8.9,20.77
119,수원,2025-09-06,25.8,24,29.9,20.4,2.2,89.5,2,10.44
119,수원,2025-09-07,24.3,20.2,27.5,.2,1.8,85.3,1.2,11.61
119,수원,2025-09-08,23.4,19.6,27.9,0,1.4,78.8,2.3,12.98
119,수원,2025-09-09,22.9,19.9,26.9,.3,1.1,80.1,1,10.15
119,수원,2025-09-10,23.6,18,30.6,,1.4,64.4,11.7,23.41
119,수원,2025-09-11,24.3,17,30.5,,2.1,57.5,11,23.23
119,수원,2025-09-12,22.7,20,25.3,31.6,2.7,69.8,0,6.86
119,수원,2025-09-13,22.9,20,25.7,52.3,1.8,82,.3,7.53
119,수원,2025-09-14,23.9,20.6,28.5,,1.1,77.5,4.5,15.26
119,수원,2025-09-15,24.7,19.6,29.5,,1.1,76,8.4,17.79
119,수원,2025-09-16,23.3,20.9,29.6,35,1.3,90.5,.9,7.65
119,수원,2025-09-17,22.5,20.8,23.9,46,1.5,93.5,0,2.5
119,수원,2025-09-18,21.9,19.6,25.5,,2.4,76.3,5.5,15.17
119,수원,2025-09-19,19.3,17.3,21.5,8.3,3,78.4,0,4.8
119,수원,2025-09-20,19.7,17.1,23.5,72.3,1.7,83.9,1.3,9.67
119,수원,2025-09-21,21.4,16.7,26.3,,1.6,66.5,10.8,20.56
119,수원,2025-09-22,21.3,18.2,24.3,0,2.8,60,3.4,13.29
119,수원,2025-09-23,22.2,19.3,25.1,,2.8,55.4,4.1,13.93
119,수원,2025-09-24,21.8,19.9,24.5,20.9,2.4,80.8,1.1,4.78
119,수원,2025-09-25,21.5,17.9,26.3,.7,1,84.6,3.6,10.79
119,수원,2025-09-26,20.5,16.5,26.8,,1,82.6,5.9,16.16
119,수원,2025-09-27,21.8,16.5,26.1,,1.5,74.1,5.2,13.67
119,수원,2025-09-28,19.8,18.3,21.7,47.6,1.5,88,.6,5.21
119,수원,2025-09-29,19.3,15.5,24.3,,1.3,74.5,7.4,14.5
119,수원,2025-09-30,18.3,14.8,23.6,,.9,81.5,.9,8.73
121,영월,2025-05-15,19.1,14.1,24.7,.8,1.1,79.4,.6,9.64
121,영월,2025-05-16,19.7,16.3,24.4,22.1,1.1,87.8,0,7.31
121,영월,2025-05-17,19.4,14.9,25.7,3.1,2,78,5.1,19.59
121,영월,2025-05-18,15.8,9.4,22.2,,1.8,61.4,7.5,23.65
121,영월,2025-05-19,16.6,5.5,23.7,0,1.6,66.8,4.8,20.29
121,영월,2025-05-20,23.6,18.9,31,,1.7,72.6,,
121,영월,2025-05-21,25.3,18.9,33.3,,1.3,71.3,0,
121,영월,2025-05-22,19.2,13.7,24.3,.8,2.5,64,,
121,영월,2025-05-23,16.9,9.1,23.4,0,2,55.1,2.6,13.85
121,영월,2025-05-24,12.4,10.6,17.2,6.9,1.7,81.5,0,7.11
121,영월,2025-05-25,15.1,9.5,23.3,,1.2,74.3,8,24.14
121,영월,2025-05-26,17.5,9.1,26.8,,1,66.6,9.6,25.58
121,영월,2025-05-27,17.9,9.3,27.5,,1,63.3,12.4,27.23
121,영월,2025-05-28,16.6,10.1,28.3,12.9,1.2,79.4,6.9,19.35
121,영월,2025-05-29,16.6,13.5,26.6,4.2,1.4,81.3,,
121,영월,2025-05-30,17.6,8.6,26.3,,1.5,63.8,,
121,영월,2025-05-31,17.6,8.9,27,,.9,65.8,11.5,24.38
121,영월,2025-06-01,20.6,10.1,31,,.9,59.9,11.4,28.34
121,영월,2025-06-02,18.6,15.4,23,.1,.8,78.5,0,7.96
121,영월,2025-06-03,20.4,15.3,26.1,,2,58.9,8.3,23.58
121,영월,2025-06-04,18.2,8.7,25.9,,2.3,53.4,10.6,26.82
121,영월,2025-06-05,,9.4,25.2,,1.3,,,
121,영월,2025-06-06,20.2,12.7,28.9,,1.2,62.1,,
121,영월,2025-06-07,21.2,11.9,29.6,,1,63.4,,
121,영월,2025-06-08,23.6,17,32.1,,1.1,65.4,9.6,27
121,영월,2025-06-09,23.7,16.7,31.9,,1.2,68.3,9.7,26.91
121,영월,2025-06-10,22.9,16.3,29.2,,1.9,66.9,9.7,25.94
121,영월,2025-06-11,22,13.8,28.7,,1.9,58.1,12.8,30.39
121,영월,2025-06-12,22.4,14.3,32,,.8,61.4,9,24.09
121,영월,2025-06-13,20.9,15.5,30.4,3.7,1,72.9,4.2,17.95
121,영월,2025-06-14,22.9,16.7,30.6,6.5,1.1,83.5,7.7,22.35
121,영월,2025-06-15,26.2,20.6,32.9,0,1.1,76,5.1,20.54
121,영월,2025-06-16,22.9,20.8,27,19.4,1.1,89.3,.9,9.35
121,영월,2025-06-17,22.2,18.8,28.1,12,1.2,84.4,4.3,15.58
121,영월,2025-06-18,23.2,18.1,30.3,,1.2,77.4,8.6,25.26
121,영월,2025-06-19,24.9,17.4,34.3,0,.9,69,9.5,25.75
121,영월,2025-06-20,22.4,20,24.7,29.2,.9,93.1,0,5.13
121,영월,2025-06-21,21.6,19,23.5,55,1,94.5,0,5.92
121,영월,2025-06-22,22.1,17.2,28.6,,1.2,77.6,11.2,28.85
121,영월,2025-06-23,23.3,16.6,31.6,,1.1,76.1,8.5,25.78
121,영월,2025-06-24,20.8,16.9,27.2,.6,1,81.3,.8,12.33
121,영월,2025-06-25,19.9,17.5,22.9,10.5,.9,94.1,.1,6.97
121,영월,2025-06-26,20.4,18.5,23.2,.9,.5,94,0,5.29
121,영월,2025-06-27,23.4,19.2,29.1,0,.6,85.5,3.4,17.37
121,영월,2025-06-28,25.3,21,31.3,.7,.7,87.4,1.7,15.48
121,영월,2025-06-29,27,22.3,33.2,,1,78.6,8.6,23.82
121,영월,2025-06-30,26.9,21.3,33,,1.1,76.6,9.6,25.68
121,영월,2025-07-01,26.8,22.4,33.3,0,1.1,82.4,4.9,18.32
121,영월,2025-07-02,27.3,23.1,33,,1.2,80.9,4.8,20.31
121,영월,2025-07-03,27,23.3,31.6,,1.2,79.1,6.2,20.85
121,영월,2025-07-04,25.8,22,28.3,,1.3,78.6,1.9,14.28
121,영월,2025-07-05,26.5,23.7,32,,1.1,78.6,3,15.9
121,영월,2025-07-06,26.8,22.6,31.7,0,1,83.3,1.8,14.62
121,영월,2025-07-07,29.4,24.3,36.3,,1,76.5,7.4,24.28
121,영월,2025-07-08,27.4,24.1,36.4,8,1.1,83.8,6.8,19.12
121,영월,2025-07-09,28.5,21.9,35.9,,1.5,64.9,11.4,27.49
121,영월,2025-07-10,27.3,19.3,35.4,,2.1,55.1,13.2,29.43
121,영월,2025-07-11,26.9,19.4,35.1,,2.5,55.8,13.2,29.59
121,영월,2025-07-12,26.8,17.1,35.4,,1.5,60.6,13.2,29.45
121,영월,2025-07-13,24.2,18.3,33.1,10.2,1.1,75.1,5.5,19.12
121,영월,2025-07-14,21.9,18.8,27.3,3.1,1.2,86.6,2,14.28
121,영월,2025-07-15,20.9,19.4,23.2,16.4,.7,92.6,0,8.52
121,영월,2025-07-16,21.5,19.8,24,25.3,.8,94.6,0,5.99
121,영월,2025-07-17,20.9,20.5,21.7,63.5,1.3,99,0,2.08
121,영월,2025-07-18,23.9,20,29.5,.9,1.3,90.6,2.6,16.41
121,영월,2025-07-19,23.1,21.9,26,18.5,1.1,95.9,.2,6.18
121,영월,2025-07-20,25.4,21.7,32.3,.3,.7,87.5,5.1,16.75
121,영월,2025-07-21,26.2,22.2,31.7,2.8,.9,86.3,3.8,16.94
121,영월,2025-07-22,26.7,23.1,32.4,0,.9,85.3,7.4,21.92
121,영월,2025-07-23,27.1,22.5,32.9,,1,82.3,10.1,25.15
121,영월,2025-07-24,27.5,23.2,34.6,,.9,78.6,7.8,22.67
121,영월,2025-07-25,28,21.5,36,,1,74.5,11.8,28.28
121,영월,2025-07-26,28.4,21.7,36.1,,1,74.9,12,28.08
121,영월,2025-07-27,29,22.4,36.6,,.9,72.3,12.3,28.08
121,영월,2025-07-28,29,22.1,36.7,,.9,74.1,12.9,28.28
121,영월,2025-07-29,29.6,23.3,37.7,,1,71.8,12.1,26.93
121,영월,2025-07-30,28.5,21.1,36.8,,1.4,65.4,12.3,27.71
121,영월,2025-07-31,27.3,21.9,36.8,,1,71.8,5.8,20.27
121,영월,2025-08-01,28.7,21.5,37.2,0,.9,66.8,12,26.38
121,영월,2025-08-02,28.4,22.6,36.2,0,.8,71.9,7.7,21.92
121,영월,2025-08-03,26.1,22.7,32.7,3.1,1,83.8,.8,10.16
121,영월,2025-08-04,25.5,21.5,29.8,12.3,.9,90.3,1,10.5
121,영월,2025-08-05,27.6,24.3,33.2,.5,1.1,80.5,7.7,22.65
121,영월,2025-08-06,25.5,22.8,29.7,12.1,1,91.3,.1,6.66
121,영월,2025-08-07,26.2,22.2,31.7,0,1.5,79.1,9,22.89
121,영월,2025-08-08,25.9,20.9,32.3,,1.1,75.9,9.9,25.54
121,영월,2025-08-09,22.5,18.3,26.6,0,.8,89.1,0,6.57
121,영월,2025-08-10,24.8,17.5,33.6,,1.1,73.5,10.2,25.93
121,영월,2025-08-11,22.5,20.1,26.4,2.7,.8,91.1,.4,6.69
121,영월,2025-08-12,25,20,30.8,,1.8,79,7.9,22.15
121,영월,2025-08-13,24.4,21.9,30.6,39.5,.9,93.3,.5,9.93
121,영월,2025-08-14,24.9,22.4,29.1,1.7,.8,91.6,.8,9.99
121,영월,2025-08-15,25.6,22,32,,.9,86.4,7,19.58
121,영월,2025-08-16,26.4,22.4,32.1,,.9,82.1,7.5,20.98
121,영월,2025-08-17,25.7,21.8,31.7,,.9,83,4.4,17.91
121,영월,2025-08-18,26.2,21.9,32.3,0,1.1,81.9,3,16.78
121,영월,2025-08-19,26.9,23.2,32.7,,1.4,80.8,7,21.23
121,영월,2025-08-20,26.9,22.2,33.2,,1.2,76.9,7.7,21.38
121,영월,2025-08-21,27.2,21.6,33.9,,.8,78.9,8.5,22.67
121,영월,2025-08-22,27.2,22.3,33.8,,1.3,78,9.8,23.13
121,영월,2025-08-23,27.3,21.8,33.4,,1.1,81.3,9.8,23.16
121,영월,2025-08-24,28.1,23.9,34.9,,.9,79.5,6.1,19.62
121,영월,2025-08-25,28.6,23.2,35.2,,1.5,73.6,7.8,20.03
121,영월,2025-08-26,24.9,22.5,28.2,7.7,1,91.5,1.2,6.16
121,영월,2025-08-27,26.1,21.9,33.2,,1.1,76,9,23.54
121,영월,2025-08-28,25.8,20.8,32,,.8,79.4,5,17.26
121,영월,2025-08-29,27.3,22.7,32.2,0,1.3,80.6,3.8,15.02
121,영월,2025-08-30,27.8,23.5,33.9,0,1,79.3,5.7,16.15
121,영월,2025-08-31,26.7,22.4,33.3,.7,1.1,79.1,6.2,16.96
121,영월,2025-09-01,25.8,22.8,32.4,4.6,.8,87.8,1.7,10.5
121,영월,2025-09-02,23.9,19.9,29.7,23.9,.7,87.8,4.5,13.33
121,영월,2025-09-03,25.7,19.9,33.5,,1.2,75.4,8.2,21.94
121,영월,2025-09-04,24.5,21.6,30.3,0,1.2,80.6,1.5,10.67
121,영월,2025-09-05,26,18.8,33.2,,1.1,71.8,10.8,23
121,영월,2025-09-06,25.6,22.1,31.3,4.5,1.2,87,2.8,12.14
121,영월,2025-09-07,24,20.2,28.9,9.6,1.1,90.8,.7,9.06
121,영월,2025-09-08,22.7,19.6,28.2,0,.9,84.6,3.1,14.81
121,영월,2025-09-09,21.7,18.4,26.8,.4,1.1,86.4,.3,8.97
121,영월,2025-09-10,22.2,16.5,29.6,,1.3,75.8,8,18.86
121,영월,2025-09-11,22.3,14,31.2,,1.8,69.8,11.1,22.75
121,영월,2025-09-12,20.2,16.6,26.2,5.8,1,86.3,.7,7.23
121,영월,2025-09-13,21.1,19.4,24.5,26.1,1,91,.5,7.01
121,영월,2025-09-14,22.1,19.4,27.3,.3,.8,90.1,1.1,11.76
121,영월,2025-09-15,22.7,19.5,28.6,,.9,87.1,2.5,13.35
121,영월,2025-09-16,22.8,19.3,29.9,19.3,1,91,2.8,12.44
121,영월,2025-09-17,21.7,18.5,24.8,29.6,.9,97.4,.1,3.76
121,영월,2025-09-18,19.2,15.2,23.1,,1.5,82.4,.3,8.68
121,영월,2025-09-19,17.4,14.5,23,22.6,.8,90.1,.2,8.31
121,영월,2025-09-20,18.4,15.6,23.2,63.5,1.5,92.6,.8,8.85
121,영월,2025-09-21,19,13.7,25.4,,1.5,79.8,8.3,18.58
121,영월,2025-09-22,18.4,12.5,26.2,,1.4,76.8,5.1,16.27
121,영월,2025-09-23,19.3,14.2,26.4,,1.7,74,6.5,17.36
121,영월,2025-09-24,20.8,14.5,27.4,1.8,.9,88.8,2.9,10.4
121,영월,2025-09-25,21,18.3,25.1,2.1,.8,93.9,.7,6.38
121,영월,2025-09-26,20.3,16.4,27.1,,1.3,81.9,8.4,19.83
121,영월,2025-09-27,19.2,13.8,28.8,,1.1,81,5.9,16.74
121,영월,2025-09-28,17.9,15.6,20.2,20.1,.6,96.1,0,3
121,영월,2025-09-29,18.7,15.6,25.2,,1.1,84.3,6.6,16.18
121,영월,2025-09-30,17.2,14.2,22.8,,.9,87.5,1.5,10.07
127,충주,2025-05-15,20.9,16.7,24.7,.6,1.4,77.6,0,8.15
127,충주,2025-05-16,19.8,16.8,23.3,28,1.1,88.4,0,5.09
127,충주,2025-05-17,19.3,14.5,26.2,2.6,2,79.8,5.2,21.01
127,충주,2025-05-18,15.7,10.1,22.4,,1.9,61.9,7.1,23.17
127,충주,2025-05-19,16.9,7,23.5,,1.2,68.9,2.5,15.52
127,충주,2025-05-20,24.7,19.5,31.4,,1.6,71,8.5,23.81
127,충주,2025-05-21,25.8,21,31.1,,1,72,8.3,23.82
127,충주,2025-05-22,20,14.9,23.9,0,1.4,82.5,2,8.86
127,충주,2025-05-23,18.3,12,23.4,.6,1.8,51.4,2.1,14.14
127,충주,2025-05-24,13.1,11.5,16.6,5.9,2,79.9,0,6.44
127,충주,2025-05-25,16,8.8,23.3,,1.3,69.6,9.5,26.48
127,충주,2025-05-26,17.7,9.1,26.8,,1.2,59.9,12.5,29.63
127,충주,2025-05-27,19,10.7,26.3,,1,58.9,11.8,28.04
127,충주,2025-05-28,19,13.2,27.6,6.1,1.4,67.1,8.9,24.2
127,충주,2025-05-29,18,12.8,27,10.8,1.5,74.1,9.1,26.84
127,충주,2025-05-30,19,13.6,25.9,,1.5,54.9,11.7,27.94
127,충주,2025-05-31,19.1,11.1,26.8,,1,64.5,10.8,25.71
127,충주,2025-06-01,21,12.8,29.6,,.9,61.3,11.3,28.35
127,충주,2025-06-02,19.3,16.7,22.2,4.1,.7,79.6,0,7.15
127,충주,2025-06-03,,17.2,26.6,,2.1,,9.1,25.54
127,충주,2025-06-04,,14,26.2,,2.7,,12.7,29.35
127,충주,2025-06-05,19.7,10.8,27.8,,1.4,57.9,10.9,28.87
127,충주,2025-06-06,21.2,14.2,29.7,,1.3,56.3,5.8,21.62
127,충주,2025-06-07,22.8,13.5,29.7,,1.2,60.6,9.1,26.05
127,충주,2025-06-08,24.7,20.1,30.9,,1.2,67.5,7.5,23.7
127,충주,2025-06-09,24.9,20.1,31.1,,1.3,66.3,9.2,26.81
127,충주,2025-06-10,23.5,18.5,28.5,,2,67.1,9,24.3
127,충주,2025-06-11,21.5,13.6,29,,1.7,56.9,12.1,30.02
127,충주,2025-06-12,22.8,14.9,31,,1,56.3,8.3,23.97
127,충주,2025-06-13,21.3,16.9,28.7,5,1.2,70.4,.6,14.55
127,충주,2025-06-14,23.3,18.2,30,10.5,1.1,81.5,6.3,18.87
127,충주,2025-06-15,26.5,21.2,32.7,3.8,1.2,73.9,6.6,23.93
127,충주,2025-06-16,24.3,21.7,28.5,26,1.5,80.8,1.4,11.23
127,충주,2025-06-17,23.6,19.7,29,.6,1.3,77,5.5,18.65
127,충주,2025-06-18,24.6,19.2,30.7,0,1.3,69.1,10.3,27.86
127,충주,2025-06-19,26.5,18.8,33.2,,1.2,63.6,8.7,24.22
127,충주,2025-06-20,24.5,22.7,26.2,26.6,1.9,82.9,0,4.34
127,충주,2025-06-21,21.7,18.8,23.3,57.1,1.1,90.3,0,3.75
127,충주,2025-06-22,22.4,18,28.7,,1.3,71.8,10.8,28.11
127,충주,2025-06-23,24,16.9,31.4,,.9,71.6,10.5,27.3
127,충주,2025-06-24,22.5,18.6,27.2,7,1.5,71.9,.4,11.68
127,충주,2025-06-25,21,18.6,23.8,4.3,1.5,86.3,0,6.46
127,충주,2025-06-26,21.4,19.2,24.2,1.9,.8,86.9,.4,7.82
127,충주,2025-06-27,23.9,18.9,29.4,,.6,81.8,3.8,17.37
127,충주,2025-06-28,26.4,22.1,31.2,0,.7,81.1,1.6,17.01
127,충주,2025-06-29,28.5,23.9,33,,1.1,74.1,9.4,25.75
127,충주,2025-06-30,28.3,22.5,33.4,,1.2,74.5,10.1,26.29
127,충주,2025-07-01,27.5,24.1,32,5.5,.8,82.1,1.8,14.89
127,충주,2025-07-02,28,23.5,32.8,,1,80.5,4.2,18.7
127,충주,2025-07-03,28.1,25,32,,1.2,74,6.4,21.45
127,충주,2025-07-04,27,23.1,30.2,,1.5,72.8,3,16.88
127,충주,2025-07-05,27.8,24.1,32.3,,1.3,71.8,4.7,21.7
127,충주,2025-07-06,27.9,23.7,31.6,,.9,76.9,.6,14.18
127,충주,2025-07-07,29.9,25.3,34.4,,1,74.5,7.5,22.3
127,충주,2025-07-08,28.8,24.2,35.2,35.5,1.4,77.4,7.7,21.64
127,충주,2025-07-09,29,24.1,35.2,,1.4,65,12,27.18
127,충주,2025-07-10,28.1,21.6,34.6,,1.7,51.8,12.5,29.75
127,충주,2025-07-11,27.4,22,34.4,,1.8,51.8,13.2,30.14
127,충주,2025-07-12,26.8,19.7,33.9,,1.5,58.9,12.9,30.45
127,충주,2025-07-13,24.7,20.2,31.3,2.9,1,76.9,3.4,16.2
127,충주,2025-07-14,22.3,20.1,28.4,5.4,1.1,84.4,1,12.35
127,충주,2025-07-15,21.4,20.2,23,11.6,1.1,89.6,0,6.51
127,충주,2025-07-16,22.5,20.8,25.4,42.2,1.3,88.5,0,4.88
127,충주,2025-07-17,22,21,23.6,,,92,,
127,충주,2025-07-18,24.4,20.7,28.2,1,1.1,88.4,.4,10.6
127,충주,2025-07-19,24.4,22.6,28.8,38.2,1.4,88,1.2,9.32
127,충주,2025-07-20,26.8,22.1,32.2,,1.1,80.9,7.9,24.31
127,충주,2025-07-21,27.1,23,32.5,.3,1,82,4.5,18.8
127,충주,2025-07-22,27,23.7,32.7,.2,.9,81.4,5.2,20.04
127,충주,2025-07-23,27.2,23.3,32.7,,1,79.3,8.7,23.13
127,충주,2025-07-24,28,22.7,34.5,,.9,75,8.8,25.32
127,충주,2025-07-25,28.9,22.2,35.2,,.9,72.5,11.4,24.45
127,충주,2025-07-26,29.5,23.3,35.3,,1.1,71.4,12.2,27.06
127,충주,2025-07-27,30,23.8,35.8,,1.2,67.9,13.1,29.3
127,충주,2025-07-28,29.4,23.8,35.2,,1,73.5,11.8,26.19
127,충주,2025-07-29,29.8,24.7,35.7,,1,72.3,10.6,25.07
127,충주,2025-07-30,29.7,23.6,35.4,,1.4,63.6,11.8,28.46
127,충주,2025-07-31,29.1,25.7,34.5,,1.3,65.6,6.1,21.56
127,충주,2025-08-01,29.5,23.4,35.9,,1,70.4,11.9,27.86
127,충주,2025-08-02,29.6,25.7,35.3,,1,69.8,10.8,24.95
127,충주,2025-08-03,27.3,24,31.7,7.8,1.1,78.6,0,8.78
127,충주,2025-08-04,26.6,22.8,29.8,14.8,1.3,86.3,1.7,11.47
127,충주,2025-08-05,28.7,25.6,33,0,1.4,73.6,7.1,23.06
127,충주,2025-08-06,27,25.1,29.7,3.6,1.4,83.8,0,5.76
127,충주,2025-08-07,26.8,23,32.2,,1.7,74.1,6.4,20.59
127,충주,2025-08-08,26,21.3,31.5,,1.1,73.4,9,23.65
127,충주,2025-08-09,23.4,21.1,26.4,.2,.8,84,0,5.73
127,충주,2025-08-10,24.8,18,31.9,,.9,70.3,11.6,27.05
127,충주,2025-08-11,23.1,20.2,26.6,3.1,.6,86.4,.3,6.05
127,충주,2025-08-12,25.2,19.6,30.2,,1.4,76.3,6.3,20.73
127,충주,2025-08-13,26,23.1,30.7,22.9,.9,85.5,1.1,11.78
127,충주,2025-08-14,25.7,23.3,29.2,5,.8,87.6,.5,9.93
127,충주,2025-08-15,26,22.8,31.6,17.2,.7,85.6,5.9,17.6
127,충주,2025-08-16,27.2,23.2,32.5,,.9,79.5,7.3,21.35
127,충주,2025-08-17,27.3,23.2,32.4,,1,77.1,7.5,22.17
127,충주,2025-08-18,27.6,23.9,32.7,0,1.2,77.6,5.8,18.75
127,충주,2025-08-19,27.5,24,32.9,.4,1.3,78.8,6.2,18.7
127,충주,2025-08-20,28.1,23.5,33.2,,1,74.9,8.8,23.46
127,충주,2025-08-21,28.3,24.2,33.9,,.9,73.5,9.8,22.73
127,충주,2025-08-22,28.2,23.6,33.7,,1.1,75.3,10,22.1
127,충주,2025-08-23,27.5,23.1,31.5,,.9,79.4,6.1,16.77
127,충주,2025-08-24,28.3,23.8,34.2,,.9,77.4,6.2,18.37
127,충주,2025-08-25,29.1,23.7,34.2,,1.3,73.1,8.5,22.22
127,충주,2025-08-26,26,22.8,29.1,,1.4,84.8,,
127,충주,2025-08-27,26,21.1,32.2,,.9,79.4,7.6,21.12
127,충주,2025-08-28,27.4,23.2,32.7,,1.2,74.8,,
127,충주,2025-08-29,28.2,24.1,33.5,,1.6,77.6,7.2,18.81
127,충주,2025-08-30,28,23.7,34.4,,1.1,79.4,6.3,18.97
127,충주,2025-08-31,27.5,23,33.9,.9,1.2,77.8,7.9,20.36
127,충주,2025-09-01,26.7,23.6,32.7,2.2,1.4,81.3,3.6,14.53
127,충주,2025-09-02,24.7,19.7,29.6,2.9,.9,80.4,5,14.39
127,충주,2025-09-03,25.3,18.4,32.6,,.9,76.4,10.4,21.92
127,충주,2025-09-04,26.1,22.6,31.7,0,1.3,73.3,4.5,13.26
127,충주,2025-09-05,27.3,21.2,33.8,,1.3,71,10.7,21.95
127,충주,2025-09-06,27.4,23.6,33.3,.9,1.8,78,5.7,16.85
127,충주,2025-09-07,24.5,19.7,29.8,2.2,1.4,81.9,.9,10.32
127,충주,2025-09-08,22.8,18.2,26.7,,.8,82.1,.8,12.36
127,충주,2025-09-09,22.4,19,25.3,.2,1,82.4,.1,8.07
127,충주,2025-09-10,22.6,17.2,30,,.9,77.3,8.2,19.43
127,충주,2025-09-11,23.3,15.8,31.9,,1.3,65.3,10.4,23.42
127,충주,2025-09-12,22,19.7,26.2,22.2,1.3,78.3,0,6.69
127,충주,2025-09-13,23.7,20.7,26.7,12.2,1.9,86.3,.4,7
127,충주,2025-09-14,23.4,20.7,27.9,1.6,.7,86,1.7,11.19
127,충주,2025-09-15,23.9,20.8,30,,.6,84.9,3.3,14.27
127,충주,2025-09-16,24,20.2,30.2,10.6,.7,88.4,2.3,10.85
127,충주,2025-09-17,23.2,20.2,27.2,17.9,.8,91.8,.4,4.51
127,충주,2025-09-18,21.2,18.5,25,,1.5,78.1,5,14.89
127,충주,2025-09-19,19,17,22.1,26.2,2,80.9,0,5.82
127,충주,2025-09-20,18.9,17,20.7,55.7,1.4,92,.1,4.48
127,충주,2025-09-21,20.6,16.2,26.7,,1.2,76,9.9,22.03
127,충주,2025-09-22,20.5,15.9,25.8,,1.7,64.9,5.1,15.05
127,충주,2025-09-23,21.4,17,27.4,0,1.7,61.5,6.8,17.85
127,충주,2025-09-24,22.5,18.2,26.9,5.2,1.4,80.6,1.8,9.6
127,충주,2025-09-25,21.3,18.7,24,6.9,.4,90.6,.2,6.44
127,충주,2025-09-26,21.1,17.8,27.3,,.8,80.6,8.2,19.02
127,충주,2025-09-27,20.9,15.6,28,,.9,77.3,5.7,16.7
127,충주,2025-09-28,19.6,18.7,21.2,27.6,.9,91.8,0,2.65
127,충주,2025-09-29,19.6,15.8,24.9,,1,79,7,16.05
127,충주,2025-09-30,18.2,14.8,23.4,,.7,86,1.8,10.56
129,서산,2025-05-15,17.4,15.5,20.2,1,2.6,94.1,.2,7.84
129,서산,2025-05-16,19.5,16.7,22.9,10,1.6,94.5,0,4.55
129,서산,2025-05-17,16.5,12,22.1,1.5,2.9,91.4,7.7,20.44
129,서산,2025-05-18,15.1,9.9,21.2,,1.6,60.4,12.2,27.04
129,서산,2025-05-19,15.4,9.5,19.5,,3.5,83.9,3.8,11.33
129,서산,2025-05-20,20.6,17.4,22.7,.9,3.5,96.6,0,6.49
129,서산,2025-05-21,22.7,18.8,29.3,,1.6,85.4,6.9,19.37
129,서산,2025-05-22,20.9,18.4,26.2,0,.9,87.1,2.2,12.43
129,서산,2025-05-23,18.8,15.1,21.8,3.1,1.6,67.3,0,8.82
129,서산,2025-05-24,15.2,12.5,18.5,6.7,3,76.6,2.4,13.07
129,서산,2025-05-25,15.8,9.9,21.7,,1.8,74.9,13.1,27.82
129,서산,2025-05-26,17.3,10.3,23.7,,1.8,75.5,12,26.92
129,서산,2025-05-27,18.3,12.7,23.8,0,2.1,78.1,11,26.23
129,서산,2025-05-28,19.7,15.4,26.5,,1.9,70.8,9.9,25.25
129,서산,2025-05-29,19.6,13.1,26.1,,1.8,57.3,12.6,26.13
129,서산,2025-05-30,19.5,12.9,26.9,,1.4,60.1,12.1,25.38
129,서산,2025-05-31,17.9,13.2,24.4,,1.5,72,4.1,18.34
129,서산,2025-06-01,19.7,12.9,27.2,,1.5,60.5,10.8,26.52
129,서산,2025-06-02,18.3,16,21.9,.3,1.1,64.4,0,8.63
129,서산,2025-06-03,19.4,14.6,24.3,,2.5,64,13.2,29.59
129,서산,2025-06-04,19.3,12.7,25.1,,3.3,59.3,13.6,30.66
129,서산,2025-06-05,19.1,11.3,25.6,,1.9,60.3,11.7,27.52
129,서산,2025-06-06,21.8,17.7,26.3,,3.2,49.6,7.4,21.58
129,서산,2025-06-07,22.4,19,26.6,0,3.2,72.4,7.5,23.01
129,서산,2025-06-08,22.9,19.7,27.9,,2.2,84.9,5.6,20.03
129,서산,2025-06-09,22.8,19.9,27.7,,1.9,82.8,7.1,21.2
129,서산,2025-06-10,20.2,16.5,24.5,,2.2,82.8,3.6,15.97
129,서산,2025-06-11,20.7,13,27.9,,1.7,62.6,13.2,30.23
129,서산,2025-06-12,22.9,14.9,30.3,,1.3,63.3,9.4,24.8
129,서산,2025-06-13,20.9,17.9,25.5,4.1,1.5,82.4,1.3,10.31
129,서산,2025-06-14,23.2,19.5,29.2,2.7,2.3,81.4,7.8,24.29
129,서산,2025-06-15,23,17.7,29.1,4,2.8,85.3,5.2,20.65
129,서산,2025-06-16,21.2,20.5,21.8,11.3,3.1,96.9,0,3.29
129,서산,2025-06-17,22.5,20.5,26.2,.5,2.8,90.8,4.4,15.73
129,서산,2025-06-18,23.2,18.6,29.3,,2,73.8,10.6,27.66
129,서산,2025-06-19,25.3,19.1,31.4,1.1,2.2,79.4,4.7,19.19
129,서산,2025-06-20,23.6,21.3,25.5,54,5.1,96.5,0,3.8
129,서산,2025-06-21,20.4,18.9,21.6,9.9,1.9,97,0,4.91
129,서산,2025-06-22,21.3,16.4,25.7,,1.9,83.6,11.5,29.26
129,서산,2025-06-23,23.6,18,30.2,,1.5,76.1,10.8,28.44
129,서산,2025-06-24,23,19.3,27.2,4.7,2.4,77.3,.2,10.04
129,서산,2025-06-25,19.9,19.2,21.1,7.3,2.7,97.9,0,4.28
129,서산,2025-06-26,21.1,18.8,25.3,,1.4,91,.9,13.27
129,서산,2025-06-27,24.5,19.4,29.4,,1.2,82.8,6.1,20.83
129,서산,2025-06-28,25.1,23.2,27.9,0,2.5,93.1,.1,10.31
129,서산,2025-06-29,25.9,23.6,29.3,,2.8,87.9,6,21.62
129,서산,2025-06-30,26.9,24.3,29.7,,2.8,85.1,6.7,21.78
129,서산,2025-07-01,26.8,24.8,30.2,.8,2.8,91.9,2.5,16.15
129,서산,2025-07-02,27.3,25.2,30.5,,2.8,89.5,3.8,20.54
129,서산,2025-07-03,26.7,24.4,29.8,,3.2,87.5,6.6,21.35
129,서산,2025-07-04,26.3,25,28.8,,4,89.3,2.1,15.98
129,서산,2025-07-05,27,25.1,30.6,,3.7,87.3,8.3,26.38
129,서산,2025-07-06,27.2,25.1,30.3,,3.3,88,7.3,23.37
129,서산,2025-07-07,27.9,25,32.9,,2.1,85,7.2,21.87
129,서산,2025-07-08,29.8,24.4,36.5,7.2,1.7,79.4,11,26.28
129,서산,2025-07-09,30.2,25.7,35.3,,1.6,65.6,11.5,26.59
129,서산,2025-07-10,30,24.7,35,,2.3,45.3,13.4,29.26
129,서산,2025-07-11,29.1,24.6,34.3,,2.5,45.6,13.3,29.07
129,서산,2025-07-12,27.5,23,34.1,,2.5,53.9,13.1,28.9
129,서산,2025-07-13,23.6,20.9,28.8,1.4,.8,82.9,1,7.53
129,서산,2025-07-14,23.4,20.3,29,4.3,1.8,86.9,6.7,19.95
129,서산,2025-07-15,23.3,20.5,27,5.3,1.9,85.4,1.6,12.71
129,서산,2025-07-16,23.2,21.5,24.5,80.4,2.8,94.4,0,2.19
129,서산,2025-07-17,24,21.6,26.8,438.9,2.5,94,,
129,서산,2025-07-18,24.7,22.2,27.3,.4,.9,90.3,0,7.8
129,서산,2025-07-19,25.2,23.5,26.8,58.6,2.6,94.6,.1,7.37
129,서산,2025-07-20,27.2,24.5,31,0,2.2,85.1,7.5,18.74
129,서산,2025-07-21,27.6,23.9,31.2,0,2,86.4,8.4,24.88
129,서산,2025-07-22,27.6,24.8,31.3,,1.5,84.1,11.1,24.26
129,서산,2025-07-23,27.5,23.5,33.2,,1.2,79.8,10,23.2
129,서산,2025-07-24,27.9,23.4,33.8,,1.4,75.1,10.6,24.84
129,서산,2025-07-25,29.5,23.7,35.2,,1.4,70.4,12.6,26.38
129,서산,2025-07-26,29.9,24.7,35.2,,1.4,71,11.1,24.94
129,서산,2025-07-27,29.8,25.3,35.1,,1.3,71.5,13.3,28.09
129,서산,2025-07-28,29.3,25.1,34.8,,1.2,74.3,13.2,27.91
129,서산,2025-07-29,29.2,24.3,34.8,,1.1,74.1,9.7,22.44
129,서산,2025-07-30,29.3,24.8,34.9,,1.4,72.6,7.3,22.58
129,서산,2025-07-31,29.6,26.5,34.4,,1.4,68.5,8.3,22.25
129,서산,2025-08-01,28.7,24.2,34.3,,1.3,75.8,9.1,22.74
129,서산,2025-08-02,29.3,25.4,35.3,0,.8,71.9,8.9,21.95
129,서산,2025-08-03,26.1,23.1,31.8,33,1.2,86.6,.5,6.33
129,서산,2025-08-04,26.8,23.2,30.9,.3,1.5,85.4,5.1,17.52
129,서산,2025-08-05,27.7,23.2,32.1,,1.2,82.6,9.7,24.91
129,서산,2025-08-06,26.9,23.8,29.2,6.3,2.5,94.8,0,6.37
129,서산,2025-08-07,26.4,23,29.7,,1.8,80.8,8.7,24.72
129,서산,2025-08-08,25.3,20.8,29.1,,,82.8,6,17.35
129,서산,2025-08-09,24.1,22,26,.6,.8,89.9,0,5.17
129,서산,2025-08-10,25.2,20.4,30.5,,1.4,78.8,12.4,26.74
129,서산,2025-08-11,24,21.7,26.9,.7,.5,93.3,.6,6.05
129,서산,2025-08-12,25.9,21,31.6,,1.8,79.8,7.8,24.27
129,서산,2025-08-13,26.1,23.3,29,35,3.3,94.3,0,6.28
129,서산,2025-08-14,26.1,24.3,28.7,35,2.1,92.3,2.8,11.78
129,서산,2025-08-15,27.6,24,31.6,0,1.6,87.1,8.4,23.26
129,서산,2025-08-16,27.4,24.1,31.1,,1.7,86.5,8.3,24
129,서산,2025-08-17,27.7,24.5,31.8,,1.8,88.3,6.5,21.35
129,서산,2025-08-18,28.3,26.1,31.4,,2.7,85.8,5.7,19.99
129,서산,2025-08-19,28,26.4,31.5,0,2.4,89,5.9,18.53
129,서산,2025-08-20,28.4,25.8,31.6,.1,2.3,84.1,8.9,21.6
129,서산,2025-08-21,28.8,26,33.1,,1.4,83.4,9.8,22.45
129,서산,2025-08-22,28.2,25,32.1,,1.5,82.3,10.6,23.42
129,서산,2025-08-23,28.6,25.1,32.6,,1.5,83.4,9.6,22.33
129,서산,2025-08-24,28.8,24.4,33.1,,1.7,81.9,7.8,17.12
129,서산,2025-08-25,28.9,24.6,31.6,31.2,,86.8,6,19.12
129,서산,2025-08-26,26.2,23.1,30.5,,2,89.1,4.5,13.23
129,서산,2025-08-27,25.5,21.3,31.4,,1,78.9,8.2,20.63
129,서산,2025-08-28,26.3,20.4,30.7,,1.8,87.9,6.3,17.35
129,서산,2025-08-29,28.7,26.9,32,.2,3.2,88.4,7.6,20.45
129,서산,2025-08-30,28.7,25.8,31.9,,2.1,85.5,9.6,21.27
129,서산,2025-08-31,27.4,24.2,31.8,0,2.2,85.3,7.5,17.96
129,서산,2025-09-01,25.7,24,28,18,2.8,95,1.2,9.04
129,서산,2025-09-02,24.8,21.6,30.4,,.7,83.3,7.5,17.65
129,서산,2025-09-03,26,20.1,32.1,,1.3,79.8,10.4,22.95
129,서산,2025-09-04,25.8,23.6,30.1,3.7,1.6,90.3,3.6,13.01
129,서산,2025-09-05,27.7,23.2,32.2,,1.6,83.1,11.7,23.45
129,서산,2025-09-06,26.2,23.7,30.2,68.7,2.9,94.5,1.8,10.97
129,서산,2025-09-07,24,19.1,27.2,0,1,87.5,.4,10.07
129,서산,2025-09-08,22.5,18.1,27,0,.5,87,.3,9.93
129,서산,2025-09-09,22.7,19.5,26.2,.3,.9,86.3,.9,10.55
129,서산,2025-09-10,23.5,18.2,30.1,,1.6,76,11.6,23.48
129,서산,2025-09-11,24.7,18.9,30.3,,2,70.9,10.7,23.33
129,서산,2025-09-12,22.4,20.4,25.2,48.7,2.8,84.5,.1,5.3
129,서산,2025-09-13,23.7,20.8,26.5,32.5,1.5,92.6,.4,8.39
129,서산,2025-09-14,23.9,20.7,27.8,,.7,89.8,1.3,11.14
129,서산,2025-09-15,24.2,18.9,29.8,,.9,84.3,7,16.84
129,서산,2025-09-16,24.2,20.9,29.6,38.2,1.5,93.6,2.3,9.93
129,서산,2025-09-17,22.8,20.6,24.3,14.9,1.9,96.6,0,3.85
129,서산,2025-09-18,22,19.8,26.8,0,1.4,84.8,2.1,10.95
129,서산,2025-09-19,19.3,17.9,22.1,24.6,1.4,92.5,0,3.81
129,서산,2025-09-20,19.9,17.3,24.5,59.9,1.5,89.4,2,10.34
129,서산,2025-09-21,21.1,16.6,26.3,,1.7,78.1,10.2,20.73
129,서산,2025-09-22,21,18.2,25.2,0,1.9,72.6,2.5,13.51
129,서산,2025-09-23,21.7,18.1,26.4,0,1.9,68.5,4.7,16.4
129,서산,2025-09-24,21.6,18,25,33.7,1.3,90.6,.8,3.29
129,서산,2025-09-25,21.4,16.8,25.8,1,.9,92,1.5,8.82
129,서산,2025-09-26,20.6,15.3,26.5,,1.2,85,9.5,18.14
129,서산,2025-09-27,21.7,17.1,26.8,,1.4,85.1,4.2,13.83
129,서산,2025-09-28,20.2,19,21.9,48.3,1.6,95,.7,4.35
129,서산,2025-09-29,19.6,14.6,24.5,,1.2,79.9,8.3,16.81
129,서산,2025-09-30,18.1,13.9,24.8,,.8,85.9,4.2,12.43
130,울진,2025-05-15,22.4,17.4,27.7,,1.9,63,5.3,
130,울진,2025-05-16,20.9,16.2,26.2,12.7,2.3,79.6,.8,
130,울진,2025-05-17,18.7,15.9,23.3,17,2.4,82.5,11,
130,울진,2025-05-18,15.6,11.3,21.5,,2,70,7.4,
130,울진,2025-05-19,18.1,10.2,25.3,,2.1,64.4,7.9,
130,울진,2025-05-20,24.9,19.2,31.9,,2.8,62.6,12.6,
130,울진,2025-05-21,20.9,14.4,27,,2.5,75.9,7.2,
130,울진,2025-05-22,14.7,10.5,18.5,.3,2.5,77.1,5.1,
130,울진,2025-05-23,14.3,8.3,18.7,0,1.6,82.4,6.9,
130,울진,2025-05-24,12.9,11.1,15.5,12.9,2.2,89.9,0,
130,울진,2025-05-25,13.9,10.5,16.7,1.2,2,84.3,12.7,
130,울진,2025-05-26,15.1,9.9,19.3,,1.9,86.9,13.2,
130,울진,2025-05-27,16.7,14.1,19.7,0,1.9,85.5,7.3,
130,울진,2025-05-28,15.8,12.5,18.3,,1.3,91.9,1.5,
130,울진,2025-05-29,16.4,14.4,19,,1.4,83,6.8,
130,울진,2025-05-30,15.3,10.7,19.5,,1.9,79.1,10.2,
130,울진,2025-05-31,16.7,8.7,22.3,,1.8,63,12.8,
130,울진,2025-06-01,16.4,11,20.1,,1.7,84.6,10.6,
130,울진,2025-06-02,17.5,15.2,20.4,.1,1.3,94.1,0,
130,울진,2025-06-03,18.2,16,20.7,1.3,1.6,82.1,7.2,
130,울진,2025-06-04,20.7,14.1,28.7,,2.3,42.1,11.7,
130,울진,2025-06-05,20.8,13.2,26,,2.2,57.4,12.3,
130,울진,2025-06-06,25.6,18.5,31.4,,2,36.1,6.4,
130,울진,2025-06-07,23.4,20.9,29.3,,2.1,54.9,9.7,
130,울진,2025-06-08,21.9,19,26,,1.5,70,12.2,
130,울진,2025-06-09,21.2,18.6,24.7,,2,79,9.9,
130,울진,2025-06-10,25.3,20.4,31.6,,2.3,56.6,8.6,
130,울진,2025-06-11,21.4,17.9,27.4,,1.7,56.9,11.9,
130,울진,2025-06-12,19.9,16.5,25.7,,1.8,74.4,10.7,
130,울진,2025-06-13,18.6,17.1,22.4,4.6,2.6,87.3,1.8,
130,울진,2025-06-14,19.1,16.2,24.4,27.6,1.5,94,5.5,
130,울진,2025-06-15,18.5,15.5,20.8,,1.4,96.4,.1,
130,울진,2025-06-16,21.5,19.7,25.7,2.2,1.9,89.3,3.8,
130,울진,2025-06-17,22.7,19.9,27.5,,2,78.1,7.6,
130,울진,2025-06-18,23.5,21.6,27,,1.7,75.1,11.2,
130,울진,2025-06-19,25.8,22,31.4,,1.9,61.8,10.1,
130,울진,2025-06-20,22,17.8,26.6,.1,2.4,82.9,0,
130,울진,2025-06-21,20.7,17.9,25.7,17,2.8,88.8,0,
130,울진,2025-06-22,21.7,17.1,28.4,.2,2,72.8,10.2,
130,울진,2025-06-23,23.6,19.5,29.3,,1.6,69.3,12.4,
130,울진,2025-06-24,20.1,17.1,23,.3,1.2,85.3,2.8,
130,울진,2025-06-25,19.6,17.4,23,2.9,1.4,92.1,.1,
130,울진,2025-06-26,21,17.5,24.5,,1.6,84.9,7.6,
130,울진,2025-06-27,22.9,18.4,28,,1.6,80.9,7.9,
130,울진,2025-06-28,23.5,20.7,26.6,.1,1.2,88,.8,
130,울진,2025-06-29,26,22,29.3,,1.9,83,13.8,
130,울진,2025-06-30,29.8,23.8,36.8,,1.7,65.6,13.2,
130,울진,2025-07-01,29.3,26.3,35.2,,1.9,69.1,10,
130,울진,2025-07-02,30.9,27.9,36.2,,1.7,60.6,12.9,
130,울진,2025-07-03,31.3,26.8,37.8,,1.8,59.8,12.3,
130,울진,2025-07-04,30.5,28.2,33.5,,2.5,52.5,3.6,
130,울진,2025-07-05,29.8,27.5,36.8,,1.9,61.4,12.1,
130,울진,2025-07-06,30.1,26.1,38.6,,2.1,61.3,6.7,
130,울진,2025-07-07,29.1,24.8,32.7,,1.7,71.8,11.2,
130,울진,2025-07-08,26.2,23.8,30.2,,1.8,75.6,7.9,
130,울진,2025-07-09,25.8,21.4,30.7,,1.9,71.8,13.8,
130,울진,2025-07-10,25.1,20.5,29.2,,2.5,74.8,13.9,
130,울진,2025-07-11,24.9,22.2,28.7,,2.3,79.8,11.8,
130,울진,2025-07-12,23.9,20.7,28.6,,1.9,79.8,13.4,
130,울진,2025-07-13,24,18.7,27.8,15.8,1.8,78.5,7.7,
130,울진,2025-07-14,21.9,19.7,25.5,69.7,2.1,89.4,4.5,
130,울진,2025-07-15,23.4,21.4,26.3,7.5,1.8,84.5,5.2,
130,울진,2025-07-16,23.7,21.8,27.8,14.4,1.9,85.3,1,
130,울진,2025-07-17,23.7,21.9,26.9,19.3,2.2,85,0,
130,울진,2025-07-18,23.9,22.5,26,.1,2,89.3,5.3,
130,울진,2025-07-19,22.9,21,25.5,21.7,2.1,91.3,1.1,
130,울진,2025-07-20,24.5,21.3,27.7,,1.9,86.1,3.9,
130,울진,2025-07-21,28.2,24.6,32.9,,1.8,75,13,
130,울진,2025-07-22,28.3,26,32.9,,1.9,73.4,12.9,
130,울진,2025-07-23,27.3,24.9,31.4,,1.4,77.5,12.2,
130,울진,2025-07-24,27,24.9,30.6,,1.7,79.1,13.1,
130,울진,2025-07-25,26.7,23.6,29.3,,2,77.5,13.8,
130,울진,2025-07-26,27.1,24.2,29.4,,2.2,75.3,13.6,
130,울진,2025-07-27,27.7,24.8,30.8,,2.2,69.9,13.7,
130,울진,2025-07-28,27.6,25.3,30,,2.3,73.4,13.6,
130,울진,2025-07-29,26.6,23.4,29.4,,1.7,81.3,13.4,
130,울진,2025-07-30,26.6,22.8,30.1,,1.7,82.8,12.8,
130,울진,2025-07-31,26.8,24.2,29.9,,1.6,84.4,6.9,
130,울진,2025-08-01,26.7,21.5,30.1,,1.5,81.3,13.2,
130,울진,2025-08-02,27.3,24.1,30.9,0,1.5,85.5,9.4,
130,울진,2025-08-03,27.2,24.8,30.8,.9,1.4,85.5,.7,
130,울진,2025-08-04,25.4,22.5,28.5,6.2,1.5,91,2.9,
130,울진,2025-08-05,27.3,23.7,30.3,,1.3,85.3,11.7,
130,울진,2025-08-06,27.2,24.2,31.5,4.4,1.7,82,0,
130,울진,2025-08-07,26.3,23.5,30.1,.1,1.8,78,7.6,
130,울진,2025-08-08,25.5,21.3,28.6,0,1.4,80.6,10.4,
130,울진,2025-08-09,24.4,22.3,27.3,0,1.3,81,.2,
130,울진,2025-08-10,24.4,19,29.2,,1.6,76.6,12.9,
130,울진,2025-08-11,23.3,20.5,27.2,1.5,1.2,84,.4,
130,울진,2025-08-12,23.8,18.8,27.6,,1.3,84.8,3.9,
130,울진,2025-08-13,26.5,23.7,29,.3,1.6,86.4,1.9,
130,울진,2025-08-14,28.6,25.4,30.7,0,1.6,70.9,2.2,
130,울진,2025-08-15,27.3,24.4,32.8,,1.5,76.8,11.9,
130,울진,2025-08-16,27.6,23.2,31.1,,1.6,74.3,12.4,
130,울진,2025-08-17,27.9,23.4,33.9,,1.7,68.1,11.8,
130,울진,2025-08-18,28.9,24.3,36.1,,1.6,67.8,3.4,
130,울진,2025-08-19,31.8,27.7,37.9,0,2.1,55,8.7,
130,울진,2025-08-20,28.9,25.1,34.2,,1.8,68,10.8,
130,울진,2025-08-21,28.1,24.4,32.8,,1.5,74.6,11.8,
130,울진,2025-08-22,27.4,24.5,31.5,,1.7,77.3,12.6,
130,울진,2025-08-23,28.9,24.7,34.4,,1.7,63.8,11.4,
130,울진,2025-08-24,27.2,24.3,30.1,,1.5,79.9,11,
130,울진,2025-08-25,28.3,24.4,31.8,,1.6,76.6,12.1,
130,울진,2025-08-26,29.9,26.2,34.2,,1.9,64.3,5.4,
130,울진,2025-08-27,26.4,23.3,31.1,,1.7,75.8,10.8,
130,울진,2025-08-28,25.3,22.7,28,,1.7,83.6,6.3,
130,울진,2025-08-29,31.6,26.4,37.5,,2.1,58.3,10.1,
130,울진,2025-08-30,28.5,25.3,32.7,,1.7,74.8,11.2,
130,울진,2025-08-31,26.9,23.4,29.8,0,1.6,79.1,6.6,
130,울진,2025-09-01,27.6,23.9,34.7,0,2,71.9,4.6,
130,울진,2025-09-02,25.4,23.5,28.1,4.1,1.1,85.9,2.2,
130,울진,2025-09-03,24.2,20.3,27.6,,1.5,85.6,11.7,
130,울진,2025-09-04,23.4,21.9,25.2,37.7,1.6,92.6,0,
130,울진,2025-09-05,25.5,22.5,29.5,,1.7,81.1,11.4,
130,울진,2025-09-06,28.5,22.8,34.9,0,1.9,69.3,8.7,
130,울진,2025-09-07,26.1,23,29.1,.2,1.4,83.3,.2,
130,울진,2025-09-08,23.9,17.5,28.5,0,1.4,72.1,4.5,
130,울진,2025-09-09,22.8,21.3,25.6,.8,1.5,76,0,
130,울진,2025-09-10,22.5,19.3,27.5,4,1.5,86.5,7,
130,울진,2025-09-11,23.6,18.3,28.8,,1.9,77.6,11,
130,울진,2025-09-12,22.9,20.6,26.1,17.2,1.5,86.6,0,
130,울진,2025-09-13,21.8,20.8,23.4,13.2,1.8,92,.3,
130,울진,2025-09-14,23.2,20.3,25.9,0,1.4,84.3,3,
130,울진,2025-09-15,24.6,19.9,29.3,,1.5,79.9,7.6,
130,울진,2025-09-16,25.3,22,28.3,19.3,1.8,78.5,6.9,
130,울진,2025-09-17,24.1,19.5,29.4,6.5,1.8,83.8,2.5,
130,울진,2025-09-18,19.7,18,22.8,8.5,1.8,85.3,.4,
130,울진,2025-09-19,19.4,16.2,22.9,15.3,1.3,81.8,.7,
130,울진,2025-09-20,18.7,16.7,23,67,2,95,.1,
130,울진,2025-09-21,19.6,16.1,24,2.1,2.1,82.1,8.6,
130,울진,2025-09-22,19.6,15.6,24.6,,1.8,77.4,2.9,
130,울진,2025-09-23,20.5,16.7,25.4,,1.8,78.3,6.1,
130,울진,2025-09-24,22.9,18,26.1,,1.6,83.8,2.1,
130,울진,2025-09-25,23.4,19.3,27.5,1.9,1.3,85.4,.2,
130,울진,2025-09-26,20.4,14.8,25.8,,1.7,74.9,10.7,
130,울진,2025-09-27,20.1,15.4,24.9,,1.5,85.4,6.7,
130,울진,2025-09-28,20.1,18.1,24.4,9.2,1.4,88.9,.5,
130,울진,2025-09-29,19.5,15.5,24.3,,1.7,82.5,8.2,
130,울진,2025-09-30,19.5,14.2,24.4,,1.5,79.5,7.4,
131,청주,2025-05-15,21.1,18.3,24.2,2.2,1.4,77,0,8.93
131,청주,2025-05-16,20.7,17.3,24.7,35,1,84.3,0,5.8
131,청주,2025-05-17,19.9,16.6,26.1,2.4,2.2,74.5,5.9,21.98
131,청주,2025-05-18,17.2,13.1,23.3,,1.5,48.4,7.4,24.43
131,청주,2025-05-19,18.9,11.5,23.3,,1.7,59.4,1.8,13.68
131,청주,2025-05-20,25.7,21.2,31.2,,2,67.3,7.7,25.5
131,청주,2025-05-21,26.3,22,31.2,,1.1,65.5,5.4,20.79
131,청주,2025-05-22,21.2,19,22.9,1.5,1.5,76.1,.1,5.32
131,청주,2025-05-23,20.1,16.7,24.4,.1,2.2,39.8,1.2,15.26
131,청주,2025-05-24,14.8,13.6,17.5,.6,3.2,69.5,0,8.35
131,청주,2025-05-25,17.9,12.3,24.1,,1.3,60.4,12,28.69
131,청주,2025-05-26,20.4,13.6,27.2,,1.2,49.4,11.8,29.36
131,청주,2025-05-27,21.3,14.6,27.4,,1.3,53.6,11.4,27.94
131,청주,2025-05-28,21.6,16.1,27.6,.2,1.2,50.9,10.6,25.64
131,청주,2025-05-29,21.1,15.5,27.6,1.7,1.5,58.9,8.8,23.95
131,청주,2025-05-30,20.9,15.1,27,,1.6,51.8,11.9,27.87
131,청주,2025-05-31,21.3,15.3,26.7,,1.1,50.1,8,23.37
131,청주,2025-06-01,23,16.2,29.8,,1.1,48.3,10.9,27.9
131,청주,2025-06-02,21.1,19.2,23.7,0,1,60.3,0,8.89
131,청주,2025-06-03,22.1,18,27.7,,1.9,46,11,28.65
131,청주,2025-06-04,21.3,15.4,28,,2.2,45.9,12.7,30.48
131,청주,2025-06-05,22.3,15.1,29.2,,1.4,45.3,11.7,29.63
131,청주,2025-06-06,24.1,19,31,,1.3,42.5,5.5,22.19
131,청주,2025-06-07,24.8,18.6,31.3,,1.3,52.6,8.2,26.64
131,청주,2025-06-08,26.4,22.8,31.9,,1.4,60,5,22.52
131,청주,2025-06-09,25.7,22,31.6,,1.5,62.8,6.5,24.96
131,청주,2025-06-10,24.4,19.8,28.9,,1.7,62,5.3,22.39
131,청주,2025-06-11,23.5,17.2,29.8,,1.6,44.3,12.1,30.93
131,청주,2025-06-12,25.2,19.1,31.3,,1.2,43.3,6.7,24.25
131,청주,2025-06-13,22.4,20.2,26.9,15.2,1,66.6,0,10.3
131,청주,2025-06-14,23.9,19,30.4,25.3,1.5,76.6,4.7,17.9
131,청주,2025-06-15,27,22,33.2,27,1.5,67.8,10.1,27.72
131,청주,2025-06-16,25,22.4,28.6,14.8,2.2,75.6,4.5,16.82
131,청주,2025-06-17,25.4,21.2,30.3,1.8,1.4,69.4,5.1,18.2
131,청주,2025-06-18,26.4,21.2,31.6,,1.5,61.6,10.3,28.6
131,청주,2025-06-19,28.1,22.2,33.2,0,1.2,60,6.3,21.93
131,청주,2025-06-20,25.2,23.2,28.5,43.7,1.6,81.3,0,3.75
131,청주,2025-06-21,21.9,19.2,24,65.7,1.3,86,0,3.85
131,청주,2025-06-22,24,18.6,30.1,,1.4,64,10.5,29.62
131,청주,2025-06-23,26.3,19.6,31.8,,1.4,58.9,11.6,28.6
131,청주,2025-06-24,23.5,19.2,28.2,13.6,1.8,67.4,0,10.32
131,청주,2025-06-25,21.7,20.6,23.7,.9,1.5,80.8,0,4.88
131,청주,2025-06-26,23.1,20.3,27.3,1.4,1.1,78.9,.9,11.02
131,청주,2025-06-27,25.7,21.7,30.1,,.9,72,4.5,17.09
131,청주,2025-06-28,27.7,24.6,31.4,.2,.8,75.3,2,13.59
131,청주,2025-06-29,29.4,25.7,34,,1.5,66.5,9.4,29.09
131,청주,2025-06-30,29.8,25.3,34.5,,1.4,64,8.9,26.5
131,청주,2025-07-01,29.8,26.3,34.6,,1.6,67.4,6.6,21.23
131,청주,2025-07-02,30,26.7,34.2,,1.5,67.9,3.9,20.95
131,청주,2025-07-03,29.3,26,33.2,,1.7,63.3,8.7,25.63
131,청주,2025-07-04,28,25.3,31.6,,2,68.1,4,18.05
131,청주,2025-07-05,28.9,25.3,33.1,,1.8,66.4,7.7,25.59
131,청주,2025-07-06,29.4,26.2,33.5,,1.7,68.4,6.1,23.13
131,청주,2025-07-07,30.5,27,34.9,,1.4,69.6,6.2,21.02
131,청주,2025-07-08,31.7,27.7,36.3,0,1.4,62.9,8.4,22.2
131,청주,2025-07-09,32.1,28.3,36,,2.2,44.1,13.1,30.34
131,청주,2025-07-10,31.3,26.7,35.7,,2.7,35.1,13.2,30.7
131,청주,2025-07-11,30,24.6,35.4,,3,37.6,13.3,30.64
131,청주,2025-07-12,29.2,24,34,,1.9,47.8,13.4,31.27
131,청주,2025-07-13,26.2,22.8,31.1,2.6,1.1,67.5,.9,11.3
131,청주,2025-07-14,23.4,21.6,29.8,.9,1.5,76.9,1.5,13.05
131,청주,2025-07-15,23.1,21.5,24.9,1,1.3,80.5,0,7.82
131,청주,2025-07-16,23.6,22.2,25.6,58.7,.9,81.6,0,3.54
131,청주,2025-07-17,22.7,21.6,23.9,256.8,1.8,88,0,.56
131,청주,2025-07-18,25.8,22.1,29.8,.1,.9,78.6,.6,11.34
131,청주,2025-07-19,25.5,23.7,29.2,26.6,1.1,83.5,.4,8.1
131,청주,2025-07-20,28.7,24.2,33.2,,1,71,6.3,22.63
131,청주,2025-07-21,29.4,26,33.5,0,1.4,69.8,6.7,23.04
131,청주,2025-07-22,29.7,26.2,34.2,,1.5,68.9,10.4,26.55
131,청주,2025-07-23,29.6,25,33.5,,1.7,66.4,10.5,25.6
131,청주,2025-07-24,30.7,26.1,35.9,,1.3,63,10,25.95
131,청주,2025-07-25,31.6,26,36.5,,1.4,60.3,10.9,26.12
131,청주,2025-07-26,32.1,27,36.4,,1.5,55.9,12.4,29.62
131,청주,2025-07-27,32.7,28,37,,1.3,53.3,12.9,30.23
131,청주,2025-07-28,31.9,28.5,36.6,,1.3,60.3,10.5,24.04
131,청주,2025-07-29,32.1,27.2,37,,1.1,57.6,10.1,23.62
131,청주,2025-07-30,32,27.8,36.2,,1.5,51.8,9.9,27.22
131,청주,2025-07-31,31.3,28.4,35.6,,1.5,52.9,6.5,22.12
131,청주,2025-08-01,31.3,27.1,36.5,,1.2,60.1,10.4,24.95
131,청주,2025-08-02,31.6,27.5,36.5,,1.2,57.9,10.3,25.09
131,청주,2025-08-03,28.2,23.1,32,27.9,1,74.5,0,7.76
131,청주,2025-08-04,28.4,23.2,32.5,32.6,1.4,77.6,3.8,18.06
131,청주,2025-08-05,29.6,25.7,34.2,,1.7,66.5,10.7,27.54
131,청주,2025-08-06,28.2,26.7,31.2,6,1.7,79.8,.1,8.36
131,청주,2025-08-07,27.9,25,32.2,,1.5,70.9,5.3,20.56
131,청주,2025-08-08,26.9,23.1,31.1,,1.3,68.8,5,19.89
131,청주,2025-08-09,25.1,23.2,27.2,.3,1.1,78,0,5.11
131,청주,2025-08-10,26.8,21.1,32.2,,1.7,64.5,11.5,28.04
131,청주,2025-08-11,25.4,23,28.6,2.6,.9,76.5,0,6.48
131,청주,2025-08-12,25.3,21,30.2,0,1.4,73.4,2.6,16.68
131,청주,2025-08-13,27.6,24.2,32.2,14.2,1.3,77.6,.9,12.56
131,청주,2025-08-14,28.6,24.8,31.5,.1,1.3,72.5,2.2,14.17
131,청주,2025-08-15,28.3,25.7,32.7,38.6,1.1,75.8,5.6,20.21
131,청주,2025-08-16,29,25.2,34.2,,1.2,70.4,6.9,22.96
131,청주,2025-08-17,28.9,24.7,33.2,,1.1,68.5,5.7,20.79
131,청주,2025-08-18,29.6,26.6,34.2,,1.5,67,6.3,20.4
131,청주,2025-08-19,29.8,27,34.1,,1.7,67.9,7.2,23.31
131,청주,2025-08-20,30,26.3,34.3,,1.4,66.3,8.9,22.47
131,청주,2025-08-21,30.6,27.2,35.1,0,1.2,63.4,9.2,23.54
131,청주,2025-08-22,30,26.5,35,,1.2,67.3,6.1,20.12
131,청주,2025-08-23,30,26.1,35,,1.2,68.4,7.2,20.2
131,청주,2025-08-24,31,27.5,35.5,,1.3,64.3,8.4,23.23
131,청주,2025-08-25,30.6,27,35.2,,1.9,65.6,7.4,21.65
131,청주,2025-08-26,26.7,24.7,29.5,21.8,1.6,80.4,2.1,7.19
131,청주,2025-08-27,27.9,23.8,32.9,,1,66.4,7.3,22.11
131,청주,2025-08-28,29.1,25.2,33.4,,1.4,65.5,5.8,20.63
131,청주,2025-08-29,29.8,26.7,33.7,,1.7,69,5.1,18.51
131,청주,2025-08-30,30,26.8,35,,1.3,68.3,7.3,21.27
131,청주,2025-08-31,28.9,25.8,34.3,,1.3,69.3,7,19.37
131,청주,2025-09-01,27.6,25.3,33,12.6,1.6,76,3.2,15.48
131,청주,2025-09-02,26.5,23.7,30.3,,1.2,70.3,5,15.46
131,청주,2025-09-03,27.4,21.2,33.4,0,1.4,67.3,10.6,23.45
131,청주,2025-09-04,27.4,25.5,30.9,.1,1.9,70.5,3.3,11.4
131,청주,2025-09-05,29,23.7,34.3,,1.5,64.9,9.9,21.97
131,청주,2025-09-06,28.6,24.4,33.6,2.1,2,71.1,5.1,17.81
131,청주,2025-09-07,25.7,23,29.8,3.6,1.3,75.6,.4,10.27
131,청주,2025-09-08,23.4,20.1,26,0,1,78.5,0,8.68
131,청주,2025-09-09,22.7,21.7,24.2,1.7,1.1,75.3,.1,6.28
131,청주,2025-09-10,24.8,20.2,30.2,,1.6,66.6,6.1,18.92
131,청주,2025-09-11,25.9,19.6,31.8,,2.2,55.1,11.4,24.27
131,청주,2025-09-12,23.4,21.3,27,25.5,2.2,73,0,5.34
131,청주,2025-09-13,25.2,21.6,28.4,19,1.5,78.8,2.6,13.6
131,청주,2025-09-14,26.1,23.5,29.5,,.9,71.3,1.8,14.31
131,청주,2025-09-15,26.3,22.6,29.7,,.9,73.3,3.3,15.19
131,청주,2025-09-16,26.4,24,31.7,4.6,1.2,77.3,2.3,13.97
131,청주,2025-09-17,23.9,22.5,26.7,24.4,1.1,85.1,0,4.53
131,청주,2025-09-18,22.9,21.5,27.1,0,1.8,68.9,2.1,9.52
131,청주,2025-09-19,20.7,18,22.8,7.6,2.1,70.6,0,4.73
131,청주,2025-09-20,20.6,17.7,23.7,48.9,1.3,81.9,.9,7.69
131,청주,2025-09-21,22.4,18.5,26.9,,2,65.5,4.8,16.05
131,청주,2025-09-22,22.1,18.6,25.7,,2.1,57.8,2.1,13.52
131,청주,2025-09-23,23.2,18.8,28,0,2.1,53.6,6.4,19.12
131,청주,2025-09-24,23.7,19.7,28,7.1,1,73.6,1.8,9.21
131,청주,2025-09-25,22.4,21.1,23.7,10.2,.8,86,0,4.55
131,청주,2025-09-26,22.6,19,27.3,,1.1,71.4,8.6,19.37
131,청주,2025-09-27,23.6,18.2,28.1,,1.2,67.3,6,17.03
131,청주,2025-09-28,20.6,19.8,23.6,38.8,.9,85.3,0,2.57
131,청주,2025-09-29,21.3,18.7,25.8,,1.1,67.5,5.7,16.56
131,청주,2025-09-30,20,16.7,24.1,,.8,71.9,2.5,12.13
133,대전,2025-05-15,21.6,19,24,4.2,1.8,81.3,.4,10.29
133,대전,2025-05-16,20.5,17.2,24.3,14.3,1.3,88.8,0,5.5
133,대전,2025-05-17,19.4,15.9,25.6,.5,2,81.3,5.5,20.95
133,대전,2025-05-18,16.2,12,22.5,,1.6,56.6,9,24.21
133,대전,2025-05-19,18.8,10.8,23.7,,1.9,65.1,4.3,15.54
133,대전,2025-05-20,25.4,20,31.5,,2,71.6,7.9,22.85
133,대전,2025-05-21,25.5,20.9,29.8,,1.2,72.4,5.1,18.83
133,대전,2025-05-22,21.2,18.1,23.9,.3,2,80.3,0,5.78
133,대전,2025-05-23,19.9,17.2,24.5,0,4,43.5,2.2,15.99
133,대전,2025-05-24,16,13.6,18.9,.6,2.6,60.5,0,6.85
133,대전,2025-05-25,17.8,11.2,24.9,,1.7,64.9,13.4,28.92
133,대전,2025-05-26,19.7,12,26.9,,1.6,54.1,,
133,대전,2025-05-27,20.5,12.9,27,,2.1,52.6,12.8,27.79
133,대전,2025-05-28,20.7,14,27.6,,1.7,56.3,11.6,25.77
133,대전,2025-05-29,20.6,13.9,28,0,1.5,58.5,10.7,26.58
133,대전,2025-05-30,20.4,14.1,26.8,,1.5,52.8,12.9,26.9
133,대전,2025-05-31,20.4,13.3,26.1,,1.4,58.8,10,22.56
133,대전,2025-06-01,22.4,14.9,29.8,,1.3,56.8,11.9,27.5
133,대전,2025-06-02,20.4,18.1,24.4,0,1.1,65.6,0,9.34
133,대전,2025-06-03,21.1,16.5,27.3,,2.2,53.9,11.1,26.15
133,대전,2025-06-04,20.8,15.5,27.8,,3,48.9,13.8,30.25
133,대전,2025-06-05,21.2,13.1,27.8,,1.8,47.3,12.5,28.74
133,대전,2025-06-06,23.7,18.1,30.1,,1.9,40.8,7.2,22.82
133,대전,2025-06-07,24.3,16.4,31,,1.5,53.1,11.2,26.97
133,대전,2025-06-08,25.5,21.5,31.5,,1.6,65.9,6.8,22.24
133,대전,2025-06-09,25.5,20.3,31.9,,1.7,62.9,9.9,26.19
133,대전,2025-06-10,23.6,19,29.6,,2.1,66.6,7,22.17
133,대전,2025-06-11,23.1,16.2,30.5,,2,48.8,12,28.99
133,대전,2025-06-12,25.1,17.5,32.6,,1.5,43.6,9.6,25.4
133,대전,2025-06-13,21.3,18.8,26.2,39.9,1.3,73.9,0,6.7
133,대전,2025-06-14,23.8,19.5,29.6,44.7,1.3,84.8,4.3,14.86
133,대전,2025-06-15,26.3,20.9,32.9,37.4,1.9,73.4,10,25.84
133,대전,2025-06-16,24.2,21.8,27.2,26.3,2.2,83.1,3.8,12.91
133,대전,2025-06-17,25,20.3,30,3.6,1.8,74.6,8.4,22.57
133,대전,2025-06-18,25.8,20.7,31.5,,2,62.8,12.1,27.49
133,대전,2025-06-19,27.2,19.9,32.5,0,1.5,63.6,7.6,19.48
133,대전,2025-06-20,24.9,22.7,27.6,49.4,3.4,85.5,0,3.46
133,대전,2025-06-21,21.1,17.9,23.6,78.3,1.7,94.9,0,2.9
133,대전,2025-06-22,23.3,17.8,29,,1.5,71.1,11.6,28.48
133,대전,2025-06-23,25.1,17.3,31.4,,1.3,65.5,13.5,29
133,대전,2025-06-24,21.9,19,27.7,19.1,1.9,76.5,.4,9.04
133,대전,2025-06-25,21.2,19.4,22.7,1.3,1.9,84.8,0,5.3
133,대전,2025-06-26,22.9,20,27,.1,1.4,80.6,.8,11.68
133,대전,2025-06-27,25.3,20.6,30.8,,1.1,75.5,7.1,20.32
133,대전,2025-06-28,27.5,23.6,32.8,0,1.2,79.1,3.8,18.57
133,대전,2025-06-29,28.7,25.2,33.4,,1.7,71.9,10.8,27.57
133,대전,2025-06-30,29.1,23.8,33.8,,1.6,69.8,11.7,28.75
133,대전,2025-07-01,29,25.4,33.7,0,1.7,73.9,7.4,20.89
133,대전,2025-07-02,29.4,25,34.2,0,1.6,71.3,8.6,21.43
133,대전,2025-07-03,28.6,25.3,32.6,,2,69.1,9,23.25
133,대전,2025-07-04,27.9,24.6,31.4,,2.2,72.1,8.3,21.32
133,대전,2025-07-05,28.6,24.8,33.1,,2.1,71.1,9.6,25.24
133,대전,2025-07-06,29,25.6,33.6,,2.2,72.3,8.1,22.78
133,대전,2025-07-07,30,26.5,35.1,,1.7,74.5,8.6,24.07
133,대전,2025-07-08,31.4,26.6,36.3,,2.4,65.9,10.7,24.86
133,대전,2025-07-09,31,26.7,35.5,,3,48.1,13.8,28.9
133,대전,2025-07-10,29.8,24.6,34.5,,3.4,42.4,13.5,28.5
133,대전,2025-07-11,29,24.3,34.5,,3.5,44.9,13.6,28.42
133,대전,2025-07-12,28.6,22.7,34.1,,2.9,54.4,13.9,28.35
133,대전,2025-07-13,25.3,21.5,30.4,2.3,1,78.9,2.1,9.91
133,대전,2025-07-14,23.4,20.3,31,20.9,1.3,83.3,4,16.43
133,대전,2025-07-15,22.9,20.3,25.5,2,1.8,84.8,.1,9.45
133,대전,2025-07-16,22.6,21.4,24.5,66.1,1.7,90.8,0,2.54
133,대전,2025-07-17,22,21.3,22.9,168.4,2.5,96.6,0,.55
133,대전,2025-07-18,24.3,21.1,28.5,.1,1.2,90.3,.4,8.3
133,대전,2025-07-19,24.6,22.8,28,33.5,1.9,93.1,0,4.37
133,대전,2025-07-20,27.9,22.7,32.8,,1.2,77.3,7.1,18
133,대전,2025-07-21,28.4,23.9,33.7,,1.5,76.1,9.1,23.59
133,대전,2025-07-22,28.6,24.5,34.2,7.5,1.3,78,10.9,26.37
133,대전,2025-07-23,28.9,24.3,33.8,,1.2,75,11.2,26.16
133,대전,2025-07-24,29.9,24.9,35.1,,1.2,70.1,11.7,26.28
133,대전,2025-07-25,30.4,24.9,35.8,,1.6,68,,28
133,대전,2025-07-26,30.6,24.9,35.3,,2.1,66.8,,26.72
133,대전,2025-07-27,31.6,26.6,36,,2.4,61.5,,27.33
133,대전,2025-07-28,30.9,27.1,36.1,,1.5,66.3,,20.76
133,대전,2025-07-29,31.2,25.7,36.7,,1.5,62.6,13.3,27.88
133,대전,2025-07-30,30.9,26.1,35.9,,2,59.6,10.5,
133,대전,2025-07-31,29.9,26.4,34.7,0,1.5,61.9,7.1,20.88
133,대전,2025-08-01,30.4,25.1,35.8,,1.3,64.5,12.2,26.26
133,대전,2025-08-02,31.2,26.2,35.8,,1.2,65.3,10.2,23.37
133,대전,2025-08-03,27.4,22.3,31.3,46.7,1.4,80.8,0,6.5
133,대전,2025-08-04,28.4,23.4,33.3,11.4,2,81,6.2,20.96
133,대전,2025-08-05,29.3,24.7,33.8,0,1.9,71,10.2,24.02
133,대전,2025-08-06,28,26.1,31.1,1.9,2.1,84.3,.8,8.83
133,대전,2025-08-07,27.5,23.9,32.6,,1.9,74.5,6,18.37
133,대전,2025-08-08,26.1,22.4,30.8,,1.2,75,5.6,17.94
133,대전,2025-08-09,24.3,23.1,26.3,.8,1,89.6,0,4.79
133,대전,2025-08-10,26.2,21.4,32,,1.3,73.5,11.8,25.49
133,대전,2025-08-11,24.3,21.8,28.2,2.3,1,86.4,.3,7.51
133,대전,2025-08-12,24.3,20.4,29.5,.2,2.1,82.8,1.9,13.35
133,대전,2025-08-13,26.8,23.3,31.9,5.4,1.4,86,2.2,12.9
133,대전,2025-08-14,28.5,25.7,31.8,0,2.1,74.5,7.9,20.19
133,대전,2025-08-15,28.9,25.4,33.7,,1.1,78.6,6,18.45
133,대전,2025-08-16,28.6,25.2,33.6,,1.2,74.6,8.3,20.54
133,대전,2025-08-17,28.2,23.3,33.5,,1.2,76.3,7.7,19.62
133,대전,2025-08-18,29.2,25.4,33.8,,1.8,70.9,8.6,22.31
133,대전,2025-08-19,29,25.7,33.5,0,2.1,73,8.5,21.8
133,대전,2025-08-20,29.5,25.3,34.5,,1.7,70.9,10.4,23.7
133,대전,2025-08-21,29.9,25.8,35,,1.3,70.3,9.1,22.13
133,대전,2025-08-22,29.8,25.9,35,,1.2,70.1,8.2,19.96
133,대전,2025-08-23,29.2,24.1,34.1,,1.1,73.1,9.1,20.14
133,대전,2025-08-24,30.6,26.9,35.9,,1.6,65.3,10.6,24.06
133,대전,2025-08-25,30.3,26.8,35.3,0,2.3,70,8.6,22.17
133,대전,2025-08-26,26.2,23.9,29.3,36.8,2.4,87,2.6,8.08
133,대전,2025-08-27,26.9,23,32.5,,1.2,76.9,7.1,19.29
133,대전,2025-08-28,28.1,23.3,33.2,,1.7,72.8,8.2,20.75
133,대전,2025-08-29,29.3,25.9,33.8,,2.1,74.4,9.7,21.97
133,대전,2025-08-30,29.4,25.9,34.6,,1.7,72,8.8,19.09
133,대전,2025-08-31,27.9,25,33.5,0,1.6,76.9,6.9,17.34
133,대전,2025-09-01,26.8,24.4,33.4,7.4,2.4,82.4,5.6,16.24
133,대전,2025-09-02,25.4,21.6,30.8,.1,1.1,79.5,5.3,14.83
133,대전,2025-09-03,26,20.5,32.6,8.8,1.5,79.4,8.6,19.69
133,대전,2025-09-04,26.1,23.1,31.1,.4,1.4,82.1,4,11.25
133,대전,2025-09-05,28.1,23.1,33.6,,1.3,72.3,7.9,18.32
133,대전,2025-09-06,28,22.6,32.4,23.3,2.4,76.3,6.5,17.12
133,대전,2025-09-07,24.4,20.9,28.6,41.1,1.6,90.5,.4,8.67
133,대전,2025-09-08,22.2,19.2,25.1,0,1,85.5,.1,7.38
133,대전,2025-09-09,20.4,19.7,21.5,8.4,1.1,85.6,.1,4.39
133,대전,2025-09-10,23.8,20.1,29.2,,1.2,78.4,5.4,16.7
133,대전,2025-09-11,24.9,19.3,29.9,,2.4,69.6,9.3,20.72
133,대전,2025-09-12,22.8,21.4,26.2,24.4,1.8,83.3,.1,6.24
133,대전,2025-09-13,25.1,21.7,30.1,20.1,1.6,83,3.8,14.59
133,대전,2025-09-14,25.3,22.7,29.5,0,1.2,78.4,1.7,12.64
133,대전,2025-09-15,25.3,21.7,29.6,,.7,81,2.4,13.39
133,대전,2025-09-16,25.8,23.3,31.5,65.3,1.1,88,2.7,12
133,대전,2025-09-17,23.5,21.2,27,48.7,1.9,93.3,.3,4.35
133,대전,2025-09-18,21.9,20.4,26.1,0,2,80.5,4.3,11.71
133,대전,2025-09-19,20.3,18.1,23,6,2.7,77.8,0,6
133,대전,2025-09-20,20.1,17.6,23.2,53.6,1.4,90.6,.9,7.31
133,대전,2025-09-21,21.6,17.8,27.1,,1.6,75.3,6.6,17.25
133,대전,2025-09-22,21.2,17.9,23.9,,3.1,66.5,2.1,12.18
133,대전,2025-09-23,22.3,18.4,26.9,0,3,60.8,8,19.27
133,대전,2025-09-24,22.9,18.5,27.7,11.5,1.8,81.3,1.9,8.54
133,대전,2025-09-25,22.2,21.1,23.7,14.8,.7,96.4,0,3.67
133,대전,2025-09-26,21.3,18.3,26.1,,.9,83.5,6.4,16.24
133,대전,2025-09-27,23.1,17.7,28.8,0,1.4,78.3,7.2,16.86
133,대전,2025-09-28,20.4,18.7,22.7,27.2,1.3,95.3,0,2.77
133,대전,2025-09-29,19.9,16.9,24.4,0,.9,80,4.7,13.08
133,대전,2025-09-30,19.3,15.7,25,,1,79.8,6.3,14.53
135,추풍령,2025-05-15,19.7,15,25.3,6.8,1.5,77.6,1.9,12.55
135,추풍령,2025-05-16,18.1,16.2,21.5,25.8,1.6,89.8,0,5.09
135,추풍령,2025-05-17,19.6,15.6,25.8,1.8,3.5,74.6,8.9,23.37
135,추풍령,2025-05-18,14.6,9.2,20.5,,3.3,63.4,7.9,22.17
135,추풍령,2025-05-19,17.9,6,24.8,,2.2,65,10.8,25.81
135,추풍령,2025-05-20,24,15.2,31.8,,1.7,69.3,12.1,27.98
135,추풍령,2025-05-21,22.5,17.2,27.2,,1.4,82.4,2.8,15.88
135,추풍령,2025-05-22,19,14.9,24.8,0,2.7,81.4,1,8.43
135,추풍령,2025-05-23,16.6,13.6,21.1,0,3.8,57.5,2.5,16.6
135,추풍령,2025-05-24,13,10.8,15.6,4.4,2.6,73.9,0,5.5
135,추풍령,2025-05-25,15.5,9.8,22,,2,73.5,11.1,28.37
135,추풍령,2025-05-26,17,9.2,25.3,,1.1,65.3,10.6,28.03
135,추풍령,2025-05-27,18.2,9.5,25.8,,1.5,61.9,,
135,추풍령,2025-05-28,18.9,10.8,26.6,,1.6,63.1,12.7,27.36
135,추풍령,2025-05-29,16.2,10.6,24.8,23.9,1.6,79.3,6.1,19.78
135,추풍령,2025-05-30,15.9,10.4,22.8,,1.2,75.4,8.3,23.72
135,추풍령,2025-05-31,17.9,8,25.2,,1.7,64.9,11.3,24.63
135,추풍령,2025-06-01,21.2,12.5,28.6,,1.8,59,11.6,28.27
135,추풍령,2025-06-02,19.1,15.3,23.3,,1.4,70.8,0,9.97
135,추풍령,2025-06-03,19.6,15.6,25,,3.5,58.8,7.5,23.77
135,추풍령,2025-06-04,20,12,26.9,,5.1,41.5,13.1,30.88
135,추풍령,2025-06-05,19.6,10.8,26.5,,,51.9,12,29.54
135,추풍령,2025-06-06,20.5,13.1,29.2,,1.8,55.4,7.4,23.62
135,추풍령,2025-06-07,22.6,12.1,30.9,,1.8,55.6,11.7,28.5
135,추풍령,2025-06-08,23.6,17.6,29.3,0,1.5,70.5,5.8,21.61
135,추풍령,2025-06-09,24.5,19.7,30.5,,1.5,66.4,9.6,26.04
135,추풍령,2025-06-10,23.2,17.5,29.5,,3,65.4,7.4,23.28
135,추풍령,2025-06-11,22.1,16.2,28,,3.3,52.4,12.4,30.95
135,추풍령,2025-06-12,22.7,15.3,29.7,,1.5,53.4,10.4,26.79
135,추풍령,2025-06-13,19,16.3,23.4,42.9,.9,79.8,0,8.67
135,추풍령,2025-06-14,21.1,16.7,26.5,78.6,1.4,89.1,3.5,15.27
135,추풍령,2025-06-15,24.8,20.1,30,.2,1.4,81,9.5,26.4
135,추풍령,2025-06-16,22.9,19.7,28.2,9.5,1.6,84.9,3.9,15.56
135,추풍령,2025-06-17,23.3,17.2,29.3,0,1.1,76.6,7.7,21.78
135,추풍령,2025-06-18,23.7,19.2,29.8,.2,1.6,71.5,12.2,29.07
135,추풍령,2025-06-19,24.4,16.8,30.7,,1.3,74.8,9.9,22.86
135,추풍령,2025-06-20,23.5,21.6,25.8,3.7,.9,87.5,0,4.09
135,추풍령,2025-06-21,20.6,17.2,26.2,78,1.9,90.9,0,3.09
135,추풍령,2025-06-22,20.9,16.2,26.8,.5,2.8,75.8,10.9,28.52
135,추풍령,2025-06-23,23,16.6,29.5,,1.6,70.9,13.1,30.34
135,추풍령,2025-06-24,18.7,16.2,23.9,21.4,2.4,85.5,1.4,8.89
135,추풍령,2025-06-25,20.1,17,24.3,.3,1.7,86,2.4,11.5
135,추풍령,2025-06-26,22.3,19.2,26.8,,2.3,77.8,3.5,17.76
135,추풍령,2025-06-27,24.1,18.1,29.8,,1.6,78,11.7,27.13
135,추풍령,2025-06-28,24.9,20.7,31.9,17.6,.9,87,4.2,19.17
135,추풍령,2025-06-29,26.6,20.8,33,,1.3,79.4,9.8,26.67
135,추풍령,2025-06-30,27.3,21.9,33.5,,1.5,74.6,12.5,29.98
135,추풍령,2025-07-01,27.6,22.2,32.9,,1.5,76.8,9.5,25.37
135,추풍령,2025-07-02,27.7,22.7,32.8,,1.5,76.1,12.5,28.85
135,추풍령,2025-07-03,27.1,23.1,31.9,,1.8,76,11.9,28.68
135,추풍령,2025-07-04,26.5,21.5,30.3,,2.2,73.1,11.4,24.85
135,추풍령,2025-07-05,27.1,23.7,31.8,,2.8,72.4,13.1,30.34
135,추풍령,2025-07-06,27.5,24.4,31.8,,2.6,73.9,12.5,24.97
135,추풍령,2025-07-07,28.8,23.7,34.5,,1.6,78.3,9.2,25.62
135,추풍령,2025-07-08,27.8,23.6,32.4,,2.1,75,10.8,24.7
135,추풍령,2025-07-09,27.3,21.2,32.7,,2.7,57.6,13.2,30.11
135,추풍령,2025-07-10,26,19.6,32.2,,2.7,55,11.6,29.25
135,추풍령,2025-07-11,25.2,18.8,31.4,,3.1,57.8,13.1,29.55
135,추풍령,2025-07-12,24.2,18.2,30.3,,2.5,69.4,13,28.47
135,추풍령,2025-07-13,23.1,18.7,30.4,30.4,1.1,80.3,4.9,14.28
135,추풍령,2025-07-14,21.8,19.2,27.5,3.2,2.8,84.3,6.3,20.61
135,추풍령,2025-07-15,20.5,18.8,22.5,8.6,1.9,90.9,0,8.17
135,추풍령,2025-07-16,20.5,17.7,22.7,15.2,.9,93.9,0,4.01
135,추풍령,2025-07-17,21.4,20.1,23.3,49,1.9,91.9,0,2.19
135,추풍령,2025-07-18,23.7,19.6,30.2,6.6,1.7,86.1,3.6,17.26
135,추풍령,2025-07-19,22,21.6,23.2,30.5,1.1,94.9,.1,2.47
135,추풍령,2025-07-20,24.9,21,29.8,0,1.4,88.4,5.6,18.53
135,추풍령,2025-07-21,25.8,20.8,31.5,,1.1,83.6,7.4,22.05
135,추풍령,2025-07-22,26.9,21.6,32.8,,1.1,77.1,11.9,28.15
135,추풍령,2025-07-23,27.1,22,32.7,,1.3,79.5,9.9,26.37
135,추풍령,2025-07-24,27.2,22.2,33.4,,.9,78.1,11,26.95
135,추풍령,2025-07-25,27.3,20.2,33,,1.5,74.5,12.4,27.87
135,추풍령,2025-07-26,27.6,21.1,32.7,,1.6,73.3,11.8,27.2
135,추풍령,2025-07-27,28,23.3,32.9,,2.2,72.1,12.8,28.7
135,추풍령,2025-07-28,27.7,21.2,34.5,,.7,77.1,10,24.72
135,추풍령,2025-07-29,27.7,22.3,33.8,,1.2,70.9,12.8,29.04
135,추풍령,2025-07-30,27.1,20.3,33.1,,1.6,71.6,11.6,27.57
135,추풍령,2025-07-31,27.1,22.3,33.5,0,1.6,71,9,25.68
135,추풍령,2025-08-01,27.7,20.7,34.7,,.7,71.1,12.7,28.1
135,추풍령,2025-08-02,28.3,22.7,34.4,,1.2,72.1,10,23.78
135,추풍령,2025-08-03,25.7,21.7,29.2,41.4,1.1,84.4,0,8.28
135,추풍령,2025-08-04,26.9,22.7,31.7,17.8,1.2,86.5,3.8,16.34
135,추풍령,2025-08-05,27.7,23.7,32,0,1.4,78.8,8.7,23.3
135,추풍령,2025-08-06,26.6,24,30.3,.6,2,84.3,1.9,12.25
135,추풍령,2025-08-07,26.3,21.5,30.3,,3,75,4.7,17.04
135,추풍령,2025-08-08,24.3,19.3,29.5,,1.2,76.8,9,22.15
135,추풍령,2025-08-09,22.4,21,24.5,1.4,.8,91.4,0,4.9
135,추풍령,2025-08-10,23.8,20.7,29.5,2.5,1.3,79.4,9.9,24.8
135,추풍령,2025-08-11,22.4,19.2,26.8,3.2,1.1,86,1,9.85
135,추풍령,2025-08-12,21.5,18.7,23.9,2.9,1.4,92.1,0,7.73
135,추풍령,2025-08-13,25.1,21.3,29.7,3.7,.8,89.5,3.2,14.6
135,추풍령,2025-08-14,26.8,20.8,32.6,,1.9,78.1,9.7,25.32
135,추풍령,2025-08-15,27.1,23.6,32.4,,1.7,78.9,7.7,21.72
135,추풍령,2025-08-16,26.6,22.1,32.2,,1.2,78,11.7,26.62
135,추풍령,2025-08-17,26.1,21.4,31.7,,1.5,75.5,11.1,26.7
135,추풍령,2025-08-18,26.8,21.7,32.5,,1.1,75.3,8.5,22.77
135,추풍령,2025-08-19,27.6,23,32.8,,1.5,73.4,10.5,24.76
135,추풍령,2025-08-20,27.8,22.6,32.7,,1.2,71.6,11.1,25.25
135,추풍령,2025-08-21,27.6,22.7,33.7,,1.3,73.5,11,25.69
135,추풍령,2025-08-22,28.2,23.1,33.2,,1.7,71.6,11.4,25.29
135,추풍령,2025-08-23,27.1,21.2,33.4,,1.1,74.5,12.3,25.31
135,추풍령,2025-08-24,28.7,23.9,33.9,,1.3,72.1,10.2,23.5
135,추풍령,2025-08-25,28.1,22.5,34.5,,1.5,72.4,10.2,23
135,추풍령,2025-08-26,24.8,22.5,27.5,8.2,1.8,85.4,.5,7.46
135,추풍령,2025-08-27,25.9,20.8,31.7,,1,74.4,11.2,24.27
135,추풍령,2025-08-28,25.8,21.3,31.5,,.9,79.3,5.9,18.62
135,추풍령,2025-08-29,26.9,22.1,32.5,,1.8,73.9,11.2,22.62
135,추풍령,2025-08-30,27,21.7,33.4,,1.3,72.8,11.8,25.59
135,추풍령,2025-08-31,24.4,21.6,30.5,28,.7,87.1,5.4,12.35
135,추풍령,2025-09-01,25.3,22.1,32.3,1.2,1.3,86.9,6.2,18.17
135,추풍령,2025-09-02,23.8,18.3,28.6,2.2,1,83.1,5.3,15.76
135,추풍령,2025-09-03,24.5,18.1,30.6,0,1.4,80.8,4.9,18.2
135,추풍령,2025-09-04,25.1,20.5,30.6,0,1.7,80.5,5.7,16.04
135,추풍령,2025-09-05,25.5,21.7,31.3,21.1,1.2,81.5,7.6,20.7
135,추풍령,2025-09-06,26.4,22.7,31.3,.7,1.6,80.9,7.3,19.23
135,추풍령,2025-09-07,24.3,22.2,27.8,7.1,2.4,85.6,1.5,10.11
135,추풍령,2025-09-08,19.7,16.3,24.2,0,.8,83.5,.2,8.36
135,추풍령,2025-09-09,18.5,16.7,20.6,8.1,1.2,89.9,0,4.48
135,추풍령,2025-09-10,20.9,18.2,25.5,2.9,1.3,87.6,2,11.6
135,추풍령,2025-09-11,21.9,14.9,28,,2.5,77,8.5,21.12
135,추풍령,2025-09-12,20.9,18.7,23.6,23.5,1.8,86.5,.1,4.94
135,추풍령,2025-09-13,23.6,21.1,28.1,11,1.5,87.4,2.9,10.53
135,추풍령,2025-09-14,22.7,19.7,27.3,1.9,1.2,86.8,2.1,13.19
135,추풍령,2025-09-15,24,19.9,29.4,,.7,83.1,4.1,15.39
135,추풍령,2025-09-16,25.6,21.6,30.9,0,1.3,81.3,6.7,17.61
135,추풍령,2025-09-17,23.4,21.3,28,18.6,1.3,86.8,1.6,7
135,추풍령,2025-09-18,20.1,17.5,23.5,.7,2.1,83.6,.7,7.48
135,추풍령,2025-09-19,18.7,17.1,21.3,1.5,1.9,80.8,.2,7.63
135,추풍령,2025-09-20,19.2,16.6,21.5,39.7,1.4,87.3,.4,7.09
135,추풍령,2025-09-21,19.3,15.6,24.5,,1.3,77.3,6.9,16.37
135,추풍령,2025-09-22,17.9,14.1,22.4,,1.6,78.3,1,10.85
135,추풍령,2025-09-23,19,14.8,24.3,.3,2.4,75.9,6.3,16.29
135,추풍령,2025-09-24,21,16.2,25.8,2.6,1.3,84,2.4,10.26
135,추풍령,2025-09-25,21.9,20.6,24.7,15.4,1.3,90.1,.4,6.98
135,추풍령,2025-09-26,20.3,16.2,26.2,0,.8,80.8,7.3,17.48
135,추풍령,2025-09-27,20.3,15.8,25.7,,1.3,81.5,5.7,15.64
135,추풍령,2025-09-28,19.6,18.5,21.5,11,1,88.8,0,3.53
135,추풍령,2025-09-29,18.3,13.6,23.4,,2.3,79.9,7,17.09
135,추풍령,2025-09-30,17.4,12.3,24.3,,.6,82.4,6.5,14.93
136,안동,2025-05-15,20.5,17.3,24.5,1.6,1.2,78,1,12.1
136,안동,2025-05-16,19.7,16.7,23.2,21,.9,85.3,0,6.21
136,안동,2025-05-17,20.6,15.6,26.7,11.9,2.4,73.1,9.2,24.89
136,안동,2025-05-18,16.2,10.8,21.2,,2,62.6,5.2,21.01
136,안동,2025-05-19,18.6,7.8,26.1,,1.7,66.5,10.1,26.7
136,안동,2025-05-20,25.5,18.3,32,,1.7,65.6,11.4,27.8
136,안동,2025-05-21,24.6,20,29.8,,1.5,72.5,5.2,18.93
136,안동,2025-05-22,18.3,15.8,21.2,0,2.2,68.3,.1,7.87
136,안동,2025-05-23,16.9,10.3,22.6,0,2,51.4,2.6,17.75
136,안동,2025-05-24,13.5,11.3,16.2,1.7,1.5,75,0,4.85
136,안동,2025-05-25,16.5,10.8,23.2,.1,1.4,68.6,9.4,26.96
136,안동,2025-05-26,18.4,9.7,26.2,,1,60.8,12.2,29.71
136,안동,2025-05-27,19.7,11.1,26.6,,1,62,12,28.87
136,안동,2025-05-28,18.7,12.8,27.7,14.7,1.5,69.8,10.9,26.11
136,안동,2025-05-29,17.9,12.9,26.7,,1.3,75,7.4,24.35
136,안동,2025-05-30,18.2,12.5,25.2,,2,61.8,11.1,28.7
136,안동,2025-05-31,18.9,9.6,27,,1,59.1,12,26.58
136,안동,2025-06-01,21.8,12,30.5,,.9,57.8,11.4,28.99
136,안동,2025-06-02,20.3,17,23.7,0,.7,75.9,.2,8.45
136,안동,2025-06-03,21.6,16.8,27.6,,2.3,55.3,9,26.88
136,안동,2025-06-04,20.6,12.4,27.8,,3.1,41.8,12.6,30.07
136,안동,2025-06-05,21.4,12,28.5,,1.9,51.9,11.2,29.87
136,안동,2025-06-06,22.1,14.6,29.7,,1.3,52.8,4,20.53
136,안동,2025-06-07,23.2,14.5,31.3,,1.3,53.9,8.7,26.43
136,안동,2025-06-08,24.7,18.6,31.2,,1.2,60.6,7.3,23.98
136,안동,2025-06-09,25,18.2,32.5,,1.2,61.8,8.6,26.84
136,안동,2025-06-10,25,19,30.8,,2.1,60.6,6,21.92
136,안동,2025-06-11,23.2,17.1,29.8,,2.1,50,11.3,30.19
136,안동,2025-06-12,24.3,16.2,32.5,,1,52.6,8.4,25.33
136,안동,2025-06-13,20.7,17.3,26.5,14.7,.8,72.4,.1,10.07
136,안동,2025-06-14,23,17.1,30.1,65.1,1,80.9,5.9,19.46
136,안동,2025-06-15,26.7,20.3,32.5,0,1.1,71.6,7.3,24.72
136,안동,2025-06-16,24.9,23.2,29.3,1.7,1.7,78.1,2.6,13.53
136,안동,2025-06-17,24.6,21.2,29.4,.2,1.2,76.3,4.1,17.77
136,안동,2025-06-18,25.2,20.6,31,1.2,1.5,71.5,11.4,28.87
136,안동,2025-06-19,26.2,19.3,33.6,0,.8,67.9,8.9,24.24
136,안동,2025-06-20,25,22.7,27.6,5.1,1.4,83.1,0,6.44
136,안동,2025-06-21,21.4,17.2,24.7,53.6,1.3,92.1,0,3.78
136,안동,2025-06-22,22.1,17.1,28.5,.6,1.4,75.4,8.1,24.94
136,안동,2025-06-23,24.3,17,32.2,,1,65.4,11.2,28.67
136,안동,2025-06-24,21.1,17.3,26.2,4.2,1.3,75,.6,10.78
136,안동,2025-06-25,21.2,17.2,24.3,1.9,1.1,86.1,2.5,11.63
136,안동,2025-06-26,22.5,19.7,26.2,,1.7,82.3,.6,13.01
136,안동,2025-06-27,24.3,18.1,30.9,,.8,80.1,9.2,26.29
136,안동,2025-06-28,26.6,22.4,32.3,.3,.7,80.4,4.2,20.32
136,안동,2025-06-29,27.8,22.7,34,,1.1,77.1,10,27.4
136,안동,2025-06-30,28.9,23.7,33.9,,1.5,72.1,12.9,29.42
136,안동,2025-07-01,29,24.2,34.5,,1.6,75.3,11.7,28.67
136,안동,2025-07-02,29.5,24.7,34.3,,1.7,73,11.1,27.61
136,안동,2025-07-03,28.5,25.3,33.3,,1.8,74,7.8,24.64
136,안동,2025-07-04,27.5,23.5,32.3,,2.1,71.1,8.6,24.61
136,안동,2025-07-05,28.4,24.1,33.9,,2,69.9,11.6,28.98
136,안동,2025-07-06,28,23.3,32.5,,1.7,75.8,5.4,20.36
136,안동,2025-07-07,30.1,24.7,37.6,,1.4,69.8,8,22.1
136,안동,2025-07-08,29.7,25.4,34.6,,2.3,65.9,10.9,25.46
136,안동,2025-07-09,29,22.5,35.5,,2.4,51.5,13.3,29.69
136,안동,2025-07-10,27,19.2,34.2,,2.3,48.3,13,29.42
136,안동,2025-07-11,26.5,19.2,32.9,,2.6,56.3,13.3,30.07
136,안동,2025-07-12,26.7,18,34.3,,1.9,60,13.1,29.97
136,안동,2025-07-13,24.3,18.6,33.6,22.2,1.1,71.3,6.6,18.85
136,안동,2025-07-14,23,19.3,28,22,1.2,83.1,4.9,17.85
136,안동,2025-07-15,22.4,20.3,25.2,1.9,1.4,85.3,0,9.65
136,안동,2025-07-16,22.4,19.7,26,12.9,.7,90.5,0,5.23
136,안동,2025-07-17,21.6,21.1,22.7,44.3,.8,94.3,0,1.39
136,안동,2025-07-18,24.5,20.5,31.2,11.4,1,87.9,4.6,19.29
136,안동,2025-07-19,22.6,21.6,24.2,36.9,1,94.5,.3,3.32
136,안동,2025-07-20,24.3,21.2,27.1,,.5,91.6,0,9.62
136,안동,2025-07-21,27.2,22.3,32.6,0,1.3,81.6,7.6,22.95
136,안동,2025-07-22,28.3,23.7,33.7,,1.3,77.1,10.2,27.48
136,안동,2025-07-23,28.2,22.7,34.4,,.8,78,11.1,27.18
136,안동,2025-07-24,29.3,24,35.5,,.9,75.8,10.9,28.54
136,안동,2025-07-25,29.1,23.3,35.8,,.9,70.4,10.4,26.2
136,안동,2025-07-26,29.3,22.7,35.4,,1,70.9,11.3,26.15
136,안동,2025-07-27,30,23.7,36.2,,1,69.1,12.7,28.31
136,안동,2025-07-28,30.3,23.8,36.2,,1,67.4,13,28.4
136,안동,2025-07-29,29.7,24.7,35.4,,1.1,69.5,9.2,22.52
136,안동,2025-07-30,29,22.1,36.7,,1.7,67.1,12.1,27.66
136,안동,2025-07-31,29.3,23.8,35,,1.4,68.5,7.1,22.47
136,안동,2025-08-01,29.1,22.2,35.7,,1.1,66.6,12.7,28.12
136,안동,2025-08-02,29.9,24.6,35.7,,1.2,68.3,10,24.24
136,안동,2025-08-03,27.2,21.8,31.6,12.4,.9,81.3,.3,10.53
136,안동,2025-08-04,27.9,21.2,32.7,40.1,1.5,84.3,4.7,17.7
136,안동,2025-08-05,29.6,25.3,34,,1.6,74.1,11.8,27.1
136,안동,2025-08-06,26.9,25.1,31.3,6.8,1.5,87.4,.5,10.1
136,안동,2025-08-07,27,23.1,32.2,,1.9,75.8,9.1,23.19
136,안동,2025-08-08,26,20.5,31.5,,1.1,76.3,10.3,23.79
136,안동,2025-08-09,23.8,21.8,25.6,2.2,.6,89.6,0,5.37
136,안동,2025-08-10,25,20.2,31.7,,1.2,76.1,8.7,23.46
136,안동,2025-08-11,23.7,21.1,28.2,2.7,.8,81.4,.7,11.25
136,안동,2025-08-12,23.2,19.2,26.2,.3,.9,86.4,.5,10.16
136,안동,2025-08-13,25.9,22.8,31.1,1.3,.6,88.9,2.3,12.85
136,안동,2025-08-14,28,24,33.8,,1.5,77.6,8.1,22.59
136,안동,2025-08-15,27.9,22.5,33.9,,1,78.4,8.6,21.64
136,안동,2025-08-16,27.6,22.3,33.5,,1.3,76.6,11.5,26.29
136,안동,2025-08-17,27.5,22.1,33.5,,1.4,72.1,11.7,25.68
136,안동,2025-08-18,27.8,22.6,33.5,,1.3,73.1,6.3,21.24
136,안동,2025-08-19,29.2,24.6,34.3,0,1.8,70,8.9,23.39
136,안동,2025-08-20,29.1,24.3,34.6,,1.5,69.4,11.1,25.7
136,안동,2025-08-21,29.5,23.1,35.4,,1.2,67.8,11.7,25.97
136,안동,2025-08-22,29.2,23,35.7,,1.4,69.5,11.9,24.95
136,안동,2025-08-23,29.4,23.7,35.5,,1.5,70,11.7,25.07
136,안동,2025-08-24,30.1,23.6,36.7,,1.2,69.5,11.7,25.17
136,안동,2025-08-25,30.4,24.7,36,.2,1.5,68.6,11.1,24.65
136,안동,2025-08-26,27.3,24.7,30.1,0,2,79.1,2.8,12.8
136,안동,2025-08-27,27.1,22.7,34.3,,1.4,72.9,7.2,
136,안동,2025-08-28,27.9,23.1,33.5,,1.2,70,6.5,19.24
136,안동,2025-08-29,29.3,24,34.8,,2,70.4,9.6,21.13
136,안동,2025-08-30,29.6,24.2,36.1,,1.3,69.1,11.2,23.39
136,안동,2025-08-31,26.3,23.2,33.3,.5,1.1,82.5,5.6,14.4
136,안동,2025-09-01,27.3,23.2,34.7,1.2,1.4,80,4.6,17.67
136,안동,2025-09-02,25.3,20.1,30.2,2.3,1.1,78.8,4,14.56
136,안동,2025-09-03,26.2,19.1,32.9,,1.8,71.6,7.6,19.86
136,안동,2025-09-04,25.9,21.2,32.7,.4,1.4,75.5,5.2,15.49
136,안동,2025-09-05,27.1,20.8,34.7,0,1.4,70.5,10.1,22.69
136,안동,2025-09-06,27.2,21.6,33.3,2.3,1.5,77.8,6.7,17.64
136,안동,2025-09-07,24.9,22.5,28.8,8.8,1.4,88.1,.2,8.69
136,안동,2025-09-08,22.3,17.1,26.3,0,.9,76.3,2.2,11.4
136,안동,2025-09-09,19.7,19.1,22.6,7.2,.7,89.1,0,2.79
136,안동,2025-09-10,22.9,18.5,29.3,4.5,1.2,79.1,5.3,16.88
136,안동,2025-09-11,23.4,16.3,30.5,,1.9,69.5,11.4,23.6
136,안동,2025-09-12,22,18.6,26.5,7.8,1.1,84.4,0,7.7
136,안동,2025-09-13,23.7,21,30.3,18.7,1.3,89.9,2.2,8.49
136,안동,2025-09-14,22.6,20,26.8,.1,.8,87,1.1,10.81
136,안동,2025-09-15,24.3,20.7,30.6,,.7,86.4,4.2,15.94
136,안동,2025-09-16,25.9,21.1,31.8,10,1.2,84.1,7.2,17.83
136,안동,2025-09-17,23.7,21.7,28.8,14.3,.9,92.9,1.8,8.99
136,안동,2025-09-18,20.1,15.7,23.1,1,1.8,82,2,8.66
136,안동,2025-09-19,19.1,15.6,22.7,0,1.1,80.5,.1,8.06
136,안동,2025-09-20,19.5,17,24.2,37.2,1.3,90.8,1.6,8.19
136,안동,2025-09-21,20,14.8,25.3,,1.7,75.8,8.3,17.7
136,안동,2025-09-22,19.5,14.5,24.8,,1.7,72.5,2.9,13.04
136,안동,2025-09-23,20.3,15.6,25.9,0,1.6,73.5,6.2,15.14
136,안동,2025-09-24,22.3,17.2,26.3,0,.7,84.3,1.5,9.88
136,안동,2025-09-25,22.4,20.8,25.2,15,1,92.8,0,6.47
136,안동,2025-09-26,21.2,17.7,27.7,,1,82.8,8.3,19.17
136,안동,2025-09-27,21.9,16.5,28,,1.5,73.6,8.1,17.86
136,안동,2025-09-28,19.7,18.5,21.2,15.5,1,92.5,0,4.59
136,안동,2025-09-29,20,16.8,25.5,,1,79,5.6,15.82
136,안동,2025-09-30,18.7,14.6,24.5,,.6,83.9,5.5,14.46
137,상주,2025-05-15,20.2,15.6,24.7,5.6,.4,81,.1,10.59
137,상주,2025-05-16,19.1,16.8,22.5,22.2,.5,92.9,0,5.32
137,상주,2025-05-17,20.9,16.1,26.8,5.9,1.7,76.4,8.5,24.13
137,상주,2025-05-18,16.4,11.8,21.7,,1.6,60.9,5,20.46
137,상주,2025-05-19,18.8,7.8,26.2,,1.2,68,10.8,26.34
137,상주,2025-05-20,25.9,17.7,32.9,,1,68.1,11.7,27.52
137,상주,2025-05-21,24.8,19.6,29.2,0,.6,76.5,3.7,18.58
137,상주,2025-05-22,19.3,15,25.5,.1,.7,82.3,.2,6.78
137,상주,2025-05-23,17.8,13.1,23.4,0,1.1,56.8,2.2,17.42
137,상주,2025-05-24,14.4,12,18.2,4.5,.9,73.6,0,5.51
137,상주,2025-05-25,17.2,11.1,24.7,.2,1,70.9,9.5,25.49
137,상주,2025-05-26,19.4,11.3,26.7,,.7,61.8,12.7,28.98
137,상주,2025-05-27,20.1,11.3,27.8,,.9,61.4,12,28.68
137,상주,2025-05-28,20.2,13.5,28.7,0,.8,65.1,11.6,26.38
137,상주,2025-05-29,18.2,12.6,27.1,5.9,.8,78.1,6.6,21.94
137,상주,2025-05-30,18,13.6,24.7,0,.7,74.3,8.2,24.76
137,상주,2025-05-31,19.6,10.5,27.3,,.8,64.5,9.2,23.45
137,상주,2025-06-01,22.8,14.1,30.6,,.8,60.8,11.2,27.79
137,상주,2025-06-02,20.3,17.2,24.2,0,.6,71,0,9.19
137,상주,2025-06-03,21.6,17.6,27.9,,1.7,54.5,7.9,24.2
137,상주,2025-06-04,21.6,16,28.1,,3,41.1,13.2,30.23
137,상주,2025-06-05,21.9,14.1,28.5,,1.6,49.5,12,29.46
137,상주,2025-06-06,22.5,15.5,31.6,,1,55.1,5.9,22.89
137,상주,2025-06-07,24,14.6,32.2,,1,54.9,9.9,26.93
137,상주,2025-06-08,26,20.1,31,,.8,64.1,6.4,22.54
137,상주,2025-06-09,26.5,21.5,32.2,,1.2,61,9,26.87
137,상주,2025-06-10,24.9,21,31.4,,1.8,63.8,5.6,21.88
137,상주,2025-06-11,24.2,17.5,31,,1.9,45.3,11.7,30.1
137,상주,2025-06-12,24.3,17.5,31.6,,.7,52.1,7.1,25.26
137,상주,2025-06-13,19.8,16.6,24.7,32.7,.5,80.8,0,9.05
137,상주,2025-06-14,22.3,16.7,29.1,74.6,.8,87.1,6.6,19.64
137,상주,2025-06-15,26.9,21.2,32,0,.9,76.3,9.9,26.88
137,상주,2025-06-16,24.4,22.1,29.7,6,1.3,83.4,3.3,14.26
137,상주,2025-06-17,24.6,20.1,30,0,.6,78,4.3,19.09
137,상주,2025-06-18,25.8,21,31.4,,1.1,69.8,11.8,27.82
137,상주,2025-06-19,25.9,19.2,32.5,,.5,75.1,7.6,22.82
137,상주,2025-06-20,24.2,23,26,10.6,.5,92.6,0,4.61
137,상주,2025-06-21,21.1,17.3,24.2,77.8,1,96.4,0,3.77
137,상주,2025-06-22,22.7,17.5,29.3,.1,1.4,74.1,10.5,26.93
137,상주,2025-06-23,24.8,18.7,30.8,,.7,69.8,13.3,29.94
137,상주,2025-06-24,20.1,17.1,25.4,24.6,.7,89.4,.2,9.03
137,상주,2025-06-25,21.1,17.3,25.4,0,.7,85,1.1,9.42
137,상주,2025-06-26,23.1,19.8,27.4,.2,1.1,82.8,1.7,14.75
137,상주,2025-06-27,25.5,20.2,31.2,,.9,77.1,9.8,26.42
137,상주,2025-06-28,26.6,22.2,32.8,10.4,.5,83.6,4.4,19.44
137,상주,2025-06-29,28.3,22.6,34,,.7,77,10.7,28.26
137,상주,2025-06-30,29.6,23.8,34.4,,1,72.1,12.5,27.56
137,상주,2025-07-01,29.1,24.2,34,,.9,76.6,8.2,22.59
137,상주,2025-07-02,29.4,24.2,34.4,,.9,74.3,10.9,27.23
137,상주,2025-07-03,28.9,25.8,32.9,,1.1,71.3,8.7,25.68
137,상주,2025-07-04,27.9,23.7,31.3,,1.3,73.1,7.2,22.52
137,상주,2025-07-05,28.6,25,33,,1.2,71.4,8.9,26.96
137,상주,2025-07-06,28.8,25.5,33,,1.4,73.5,6.5,22.11
137,상주,2025-07-07,30.8,25.6,36,,1,70.5,11.7,28.49
137,상주,2025-07-08,29.7,25,34.5,,.8,71.8,10.5,25.59
137,상주,2025-07-09,29.2,23.3,34.9,,.8,56.3,13.5,29.34
137,상주,2025-07-10,27.6,21,35.2,,.9,51,11.1,27.65
137,상주,2025-07-11,27.7,22,34.3,,1.1,52.9,13.4,29.43
137,상주,2025-07-12,26.1,19.5,33.3,,.7,65.3,12.3,27.73
137,상주,2025-07-13,24.7,19.8,31.8,12.9,.7,78.8,4.8,16.1
137,상주,2025-07-14,23,20.2,30.3,8.4,1.4,85.4,4.4,19.55
137,상주,2025-07-15,22.3,20.2,24.5,.2,1,87.3,0,8.45
137,상주,2025-07-16,21.8,19.6,24,16,.3,96.8,0,4.19
137,상주,2025-07-17,21.8,21.2,23,58.9,.9,98.6,0,1.91
137,상주,2025-07-18,24.5,20.9,30.5,45.7,.6,91,1.6,16.96
137,상주,2025-07-19,22.8,22.1,24.8,23.4,.5,98.1,.1,3.34
137,상주,2025-07-20,24.9,22,29.8,,.4,92.6,1.9,12.97
137,상주,2025-07-21,27.1,23.8,33.2,0,.9,86,5.6,20.87
137,상주,2025-07-22,28.4,23.7,33.8,,.7,79,8.9,23.58
137,상주,2025-07-23,28.4,23.3,34,,.5,80.6,7.7,24.72
137,상주,2025-07-24,28.8,23.6,34.5,,.5,78.5,,28.33
137,상주,2025-07-25,28.5,22.2,34.6,,.6,77.4,,27.03
137,상주,2025-07-26,28.7,23.1,34.4,,.7,78,,26.24
137,상주,2025-07-27,29.3,23.7,34.8,,.6,75.6,,28.38
137,상주,2025-07-28,29.4,23.2,36,,.5,77.6,,
137,상주,2025-07-29,29.5,24.5,35.2,,.6,74.1,,
137,상주,2025-07-30,28.7,23,34.9,,.8,74,,
137,상주,2025-07-31,28.8,24.7,34.6,,.6,75.5,,
137,상주,2025-08-01,29.1,23.3,35.2,,.6,72.8,12.8,27.59
137,상주,2025-08-02,29.8,24.3,35.7,.9,.4,73.9,10,21.99
137,상주,2025-08-03,26.9,22.2,30.7,29.7,.5,84.8,0,8.3
137,상주,2025-08-04,27.3,22.7,33.4,17.1,.7,87.8,2.5,13.66
137,상주,2025-08-05,29.5,25.5,33.9,,1.3,75.4,10.7,25.11
137,상주,2025-08-06,27.7,25.5,32.2,2.5,1.2,86.9,1.4,11.19
137,상주,2025-08-07,27.8,24.7,32.5,,1.6,74.1,7.6,20.46
137,상주,2025-08-08,26.7,22.6,31.7,,1.1,71.9,10.5,23.23
137,상주,2025-08-09,23.7,22,25.7,1.8,.4,92.6,0,4.98
137,상주,2025-08-10,24.9,21,31.1,,.5,77.4,9.3,23.9
137,상주,2025-08-11,23.5,21.2,27.7,6,.5,88.4,1,10.88
137,상주,2025-08-12,23,20.3,27.3,2,.5,92.9,.5,10.85
137,상주,2025-08-13,26,23.2,30.4,.4,.5,92.6,1.8,13.47
137,상주,2025-08-14,28.2,23.2,33.9,,1.1,77,9.4,22.86
137,상주,2025-08-15,28.5,24.2,33.4,0,.9,80.4,8.5,20.97
137,상주,2025-08-16,28.3,23.7,33.7,,1,74.6,11.9,25.46
137,상주,2025-08-17,28,22.8,33.2,,1.2,73.6,12.2,26.3
137,상주,2025-08-18,28.4,23.7,33.8,,1,73.4,6.5,21.01
137,상주,2025-08-19,29.6,25,34.8,,1.2,69.6,9.6,22.96
137,상주,2025-08-20,29.5,24.7,35.1,,1,70.9,10.7,23.54
137,상주,2025-08-21,29.8,25.1,35.6,,.7,70.4,11.1,23.63
137,상주,2025-08-22,29.6,23.7,35.7,,1,71.3,11.5,23.57
137,상주,2025-08-23,29.6,24.5,35.4,,1.2,72.5,11.5,24.04
137,상주,2025-08-24,30.3,25.1,36.7,,.9,70.5,10.7,23.77
137,상주,2025-08-25,30.6,25.2,36.2,,1.2,67.5,9.9,22.58
137,상주,2025-08-26,26.4,24.4,29.6,1,1.2,83.9,2.2,9.78
137,상주,2025-08-27,27.9,22.2,34.2,,.7,72.1,10.6,24.66
137,상주,2025-08-28,28.1,23.3,33.8,,.7,72.8,7.2,20.2
137,상주,2025-08-29,29.2,23.8,35,,1.2,72.5,8.8,19.35
137,상주,2025-08-30,29.7,24,36.2,,1,69.3,10.5,22.55
137,상주,2025-08-31,26.3,23.6,33.8,16,.7,85,5.9,14.08
137,상주,2025-09-01,26.5,23.6,33.9,12.1,.9,85.5,6.9,19.1
137,상주,2025-09-02,25.3,20.2,30.7,2.6,.9,79.9,5.3,17.28
137,상주,2025-09-03,25.9,19.1,33.1,,.6,76.4,9.9,22.69
137,상주,2025-09-04,26.6,22.7,31.7,0,.8,77.1,4.6,16.94
137,상주,2025-09-05,27.2,22,33,2.2,.7,77.8,11,22.64
137,상주,2025-09-06,27.4,22.7,33.1,0,1,78.9,5.7,18.03
137,상주,2025-09-07,25.5,23.1,30,5.1,1.3,85.8,.5,8.73
137,상주,2025-09-08,22.2,18.3,25,0,.9,79.1,.8,8.56
137,상주,2025-09-09,19.4,18,20.7,6.7,.7,91.1,0,3.94
137,상주,2025-09-10,22.7,18.5,28.9,1.1,.6,86.8,5.2,16.19
137,상주,2025-09-11,23.7,18.6,31.3,,.7,73.4,9.9,21.91
137,상주,2025-09-12,21.8,19.8,25.2,27.7,.5,87.1,0,5.39
137,상주,2025-09-13,24.4,21,30.6,14.9,.8,91,2.1,9.2
137,상주,2025-09-14,23.1,19.8,27.6,1.3,.5,89.1,1.6,11.66
137,상주,2025-09-15,24.4,21,30.2,,.4,87,3,14.34
137,상주,2025-09-16,26.2,22.3,32.5,2.2,.8,83.3,6.1,16.53
137,상주,2025-09-17,24.4,22.3,28.8,14.7,.8,88.8,2.1,7.62
137,상주,2025-09-18,21.1,18.7,23.1,0,.8,81.8,0,5.02
137,상주,2025-09-19,19.3,16.7,22.8,.9,.7,83.8,.1,7.27
137,상주,2025-09-20,19.9,16.7,24,47.9,1.1,88.8,1.7,10.72
137,상주,2025-09-21,20.5,16.2,26.5,,.6,78.8,7.9,18.53
137,상주,2025-09-22,19.4,16,24.7,,.6,77.9,1,12.01
137,상주,2025-09-23,20.6,16.4,26.7,0,.7,73.5,5.9,17.71
137,상주,2025-09-24,21.6,17.3,26.8,5,.5,87.4,1.9,10.9
137,상주,2025-09-25,22.7,21.3,25.7,11.2,.7,93.8,0,6.13
137,상주,2025-09-26,21.3,17.8,26.2,,.5,84,7.8,16.32
137,상주,2025-09-27,21.6,16.8,27.5,,.6,82.1,6.8,16.94
137,상주,2025-09-28,20,19.1,21.1,20.6,.8,91.3,0,3.62
137,상주,2025-09-29,20.2,16,25.7,,1.1,78,5.9,15.74
137,상주,2025-09-30,18.4,13.8,24.8,,.4,85.5,5.3,14.6
138,포항,2025-05-15,22.2,19,25.4,0,3.2,65.4,0,10.71
138,포항,2025-05-16,21.4,16.6,24.6,20.4,2.7,77.5,0,7.2
138,포항,2025-05-17,22.6,15.9,28.3,5.7,2.8,68.6,10,25.2
138,포항,2025-05-18,17.7,15.3,23.1,,2.8,55,10.1,25.34
138,포항,2025-05-19,21.7,14.1,28.6,,3.5,51.3,10.8,27.12
138,포항,2025-05-20,26.5,19.6,33.6,,3.1,56.4,12.1,27
138,포항,2025-05-21,21.9,15.7,29.8,,3,73.6,5.3,18.03
138,포항,2025-05-22,15.1,14.3,15.9,,3.8,82.5,0,7.22
138,포항,2025-05-23,15.2,12.3,17,,3.1,81.3,3.1,17.23
138,포항,2025-05-24,13.7,12.4,15.2,5.5,4.6,88.4,0,3.91
138,포항,2025-05-25,15.2,12.2,18.1,.6,2.6,76,11.1,28.07
138,포항,2025-05-26,19.2,13,24.5,,2.7,64.6,12.5,28.3
138,포항,2025-05-27,19.9,15.4,25.4,0,2.7,61.6,11.2,23.89
138,포항,2025-05-28,18.2,14.3,23.3,.4,2,77,10.7,24.41
138,포항,2025-05-29,16.6,13.8,19.3,,2.6,79,10.6,26.68
138,포항,2025-05-30,16.5,13.2,19.7,,3.1,75.1,9.7,26.53
138,포항,2025-05-31,18.1,12.4,25.2,,2,57.4,13.1,26.51
138,포항,2025-06-01,17.6,14.4,19.5,,2.4,76.1,12,27.77
138,포항,2025-06-02,21,17.8,24.6,0,1.9,67.1,0,9.76
138,포항,2025-06-03,19.9,16.6,23.7,4.1,2.3,71.1,7.4,20.63
138,포항,2025-06-04,23.4,18.1,29.1,,3.4,27.1,13.7,30.53
138,포항,2025-06-05,24,17.7,30.1,,2.9,37.5,11.5,29.44
138,포항,2025-06-06,25.4,20.4,30.3,,2.9,38.6,5,18.62
138,포항,2025-06-07,26.7,21.1,32.1,,3.2,37.8,11.1,27.38
138,포항,2025-06-08,24.7,20.7,29.8,,2.5,56.6,9.4,22.98
138,포항,2025-06-09,25.1,20.4,29.8,,2.6,60.5,6.8,20.02
138,포항,2025-06-10,27.6,20.5,34,,2.9,48,10.4,25.9
138,포항,2025-06-11,24.6,20.2,29.1,,2.9,43.6,11.4,28.46
138,포항,2025-06-12,20.7,18.8,22.9,,1.9,76.9,7.6,22.52
138,포항,2025-06-13,21.5,18,25.9,14.8,1.8,70.5,.3,11.13
138,포항,2025-06-14,21.3,18.9,25.2,59,1.3,87.8,3.4,10.08
138,포항,2025-06-15,24.3,19.9,27.4,0,2.3,78.6,11.5,27.34
138,포항,2025-06-16,25.4,22.8,28.1,14.3,2.7,74.9,3.9,11.58
138,포항,2025-06-17,26.7,22.4,31.4,,3.1,63.3,8.7,22.61
138,포항,2025-06-18,27.9,22.6,33.2,,3,55.5,12.8,28.46
138,포항,2025-06-19,28.6,23.8,33.7,,2.4,53.6,9.9,24.37
138,포항,2025-06-20,27.9,25.7,30.7,.3,3.6,66.8,1.4,12.14
138,포항,2025-06-21,24.5,19.6,27.9,17.7,2.7,78.4,0,4.83
138,포항,2025-06-22,23,18.3,27.9,16.6,2.8,67.5,4.2,18.79
138,포항,2025-06-23,23.9,21,28.4,,2.4,68,13.8,29.9
138,포항,2025-06-24,20.3,19,22.4,22.2,1.9,90.5,.5,8.7
138,포항,2025-06-25,20.3,19.3,21,.5,1.8,93,0,6.39
138,포항,2025-06-26,24.4,20,29.6,,2.2,70.9,6.2,21.51
138,포항,2025-06-27,26.6,22.5,31.2,,2.1,65.3,13.7,27.69
138,포항,2025-06-28,28.4,24.3,33,0,1.9,68.3,7.8,23.28
138,포항,2025-06-29,30.2,26.2,35.1,,2.4,66.4,11.9,26.13
138,포항,2025-06-30,31.6,27.4,36,,2.6,58.3,12.9,28.93
138,포항,2025-07-01,31.4,27.4,35.8,,2.6,61.4,10.2,25.07
138,포항,2025-07-02,31.9,28.2,36.3,,2.4,58.1,13.2,28.57
138,포항,2025-07-03,31.7,28.1,36.7,,2.4,58.9,10.5,26.05
138,포항,2025-07-04,31.1,27.4,35.6,,3.3,54.9,10.3,26.6
138,포항,2025-07-05,31.5,27.6,36.4,,3,51.9,13.3,29.25
138,포항,2025-07-06,31.3,27.2,35.4,,2.8,56.4,12.4,27.06
138,포항,2025-07-07,29,25.8,33.7,,2.7,72,12.3,27.34
138,포항,2025-07-08,26,24.7,29,,3.3,76.6,6.2,19.17
138,포항,2025-07-09,25.8,24.4,28,,3.6,76,11.9,29.05
138,포항,2025-07-10,25.4,24.3,27.5,,4.7,76.4,4.1,19.67
138,포항,2025-07-11,25,23.6,27.3,,4.5,80,7.5,23.29
138,포항,2025-07-12,24.5,23.2,27,,3.5,79.1,10.4,26.87
138,포항,2025-07-13,25.8,22.1,31.4,59.7,1.9,74.9,5.6,18.48
138,포항,2025-07-14,22.1,20.4,25.3,64.8,2.2,86.5,1.4,14.42
138,포항,2025-07-15,24.1,20.1,28.9,0,2.4,76.8,4.1,16.1
138,포항,2025-07-16,24.7,22.8,27.8,.7,2.2,77.6,.3,7.78
138,포항,2025-07-17,23.6,22,25.1,71.6,1.9,89.5,0,3.14
138,포항,2025-07-18,25.4,22.6,29.9,25.3,2.1,85.1,1.2,11.64
138,포항,2025-07-19,23,22.1,24.2,40.7,1.9,91.4,1,3.45
138,포항,2025-07-20,27.7,22.8,31.8,,1.9,74.5,3.2,17.2
138,포항,2025-07-21,28.6,25.3,32.2,0,2.6,71.6,9.3,20.78
138,포항,2025-07-22,30.5,26.1,35,,2.5,64.5,13.2,28.48
138,포항,2025-07-23,29.5,26.7,32.4,,2.3,68.1,12.4,27.41
138,포항,2025-07-24,29.4,25.4,33.6,,2.2,63.3,12.1,27.8
138,포항,2025-07-25,29.6,24.7,34,,2,60.8,12.2,25.81
138,포항,2025-07-26,29.7,25.5,34.3,,2.2,63.6,11.8,24.77
138,포항,2025-07-27,30.3,25.9,34.4,,2.4,58.8,13.1,27.24
138,포항,2025-07-28,30.1,25.7,34.3,,2.2,59.8,13.1,27.36
138,포항,2025-07-29,29.2,25,33.8,,2.3,64.6,13,26.18
138,포항,2025-07-30,27.6,25.1,29.8,,2,82.4,12.3,26.46
138,포항,2025-07-31,28.2,26.1,30.1,,2.4,81.8,10.3,26.02
138,포항,2025-08-01,28.1,26,30.6,,2.2,79.8,9.9,25.01
138,포항,2025-08-02,29.7,25.4,34.2,,2,71.8,10.6,24.49
138,포항,2025-08-03,29.6,26.1,33.2,11.5,1.9,73.4,.1,10.15
138,포항,2025-08-04,28.4,25.3,33.8,32,2.2,77.5,5.1,18.27
138,포항,2025-08-05,29.2,24.5,34.3,9.3,2,75.8,6.7,20.93
138,포항,2025-08-06,29.5,27.3,33.6,5.5,2.9,72.1,4.5,15.12
138,포항,2025-08-07,27.1,24.8,31.4,3,2.9,73.8,7.9,20.13
138,포항,2025-08-08,26.2,23.4,29.1,,2.1,78.9,9.7,20.38
138,포항,2025-08-09,25,23.1,27.2,3,1.4,88.1,0,5.12
138,포항,2025-08-10,24.9,22.2,27.5,5.6,2,81.5,8.7,24.25
138,포항,2025-08-11,24.3,21.6,27.2,1.2,2.2,79.5,5.7,17.91
138,포항,2025-08-12,22.7,20.9,23.7,22,1.3,94.8,0,3.06
138,포항,2025-08-13,28.2,23.6,32.4,0,2,76.1,4.6,16.48
138,포항,2025-08-14,30.5,25.9,34.8,,2.4,63.3,11.6,25.15
138,포항,2025-08-15,28.9,26.7,32.1,,2.1,69.4,11.1,24.45
138,포항,2025-08-16,30.6,26.1,35.4,,2.4,62.9,12.6,25.43
138,포항,2025-08-17,30.1,26.1,34.4,,2.6,58.8,12.6,26.48
138,포항,2025-08-18,30.6,25.8,35,,2.6,59.1,8.7,23.17
138,포항,2025-08-19,30.9,27.7,35.1,,2.8,61.4,8.5,22.26
138,포항,2025-08-20,31.1,27.5,35.3,,2.9,60.5,11.8,24.18
138,포항,2025-08-21,29.4,26.3,32.8,.2,2.4,68,7.8,15.83
138,포항,2025-08-22,29.8,25.4,32.8,,2.5,71.6,9.1,17.47
138,포항,2025-08-23,29.9,26.1,36.1,,2.6,64.5,12.1,24.93
138,포항,2025-08-24,31,25.8,36,,2.1,62.1,11.7,23.02
138,포항,2025-08-25,31.8,27.9,36.3,,2.9,60,11.8,23.54
138,포항,2025-08-26,30.4,27.6,35.5,0,3.3,60.1,7.4,18.98
138,포항,2025-08-27,26.8,24.8,29.8,,2.4,73.8,10.6,23.95
138,포항,2025-08-28,26.9,24.1,29.8,,2,76.9,2.5,11.53
138,포항,2025-08-29,31,26.1,35.9,,2.7,58.3,11.3,22.06
138,포항,2025-08-30,29.8,26.3,36.1,,2.3,63.3,10.9,22.35
138,포항,2025-08-31,28.8,25.5,33.7,0,2.1,70.4,5,14.13
138,포항,2025-09-01,29,26.4,33.2,0,3.2,68.6,4.8,15.74
138,포항,2025-09-02,25.9,23.6,30.2,5.4,1.7,81.5,1.6,8.52
138,포항,2025-09-03,25,22.5,27.8,,1.8,83.8,9.6,22.84
138,포항,2025-09-04,26.1,24.1,29.4,1,3,82.4,4.8,18.38
138,포항,2025-09-05,25.9,24.2,28.3,.1,2.7,76.4,11.8,23.48
138,포항,2025-09-06,29.6,24.7,34.9,,3,62.4,9.5,20.26
138,포항,2025-09-07,28,26.1,29.3,.1,2.8,72.1,0,6.58
138,포항,2025-09-08,25.1,20.6,27.5,3.4,2,67.3,4.6,14.03
138,포항,2025-09-09,20.6,18.4,22.7,38.5,1.9,89.3,0,3.43
138,포항,2025-09-10,22.6,20.1,25.4,2.7,2.4,85.5,.5,11.39
138,포항,2025-09-11,24.1,20.9,26.2,,3.6,75.5,5.2,16.08
138,포항,2025-09-12,24.2,23.5,25.3,1.5,3.2,78.8,0,5.67
138,포항,2025-09-13,23.3,21.8,29.5,11.9,2.1,88.3,.6,5.22
138,포항,2025-09-14,23.5,20.6,27.2,1.4,1.3,84.9,.6,7.96
138,포항,2025-09-15,26,23.5,29.2,,1.9,75.1,5.2,15.87
138,포항,2025-09-16,28.6,24.6,33.9,.8,2.3,69.6,9.6,21.08
138,포항,2025-09-17,26.8,22.1,33.8,7.1,2,73.3,6.7,15.85
138,포항,2025-09-18,21.6,20.4,22.5,1.4,3,74.9,0,6.59
138,포항,2025-09-19,22.3,20.6,24.8,,3.4,66.3,1.4,11.45
138,포항,2025-09-20,21.3,19.6,24,20.5,2.1,84.9,3,10.86
138,포항,2025-09-21,21.5,18.8,23.9,,3.3,70.3,6,16.83
138,포항,2025-09-22,21.8,19.8,24.5,,3.6,64.3,2.9,13.15
138,포항,2025-09-23,22.3,19.6,25,.1,2.9,64.5,6.8,17.87
138,포항,2025-09-24,24.6,22.1,27.7,.3,1.6,78.8,1.2,8.57
138,포항,2025-09-25,24.8,23.8,25.9,4.1,2,82,0,5.12
138,포항,2025-09-26,22.8,20.3,26.1,,1.6,69.9,6.7,16.57
138,포항,2025-09-27,22.6,19.8,25.7,,2,74.9,7.9,18.74
138,포항,2025-09-28,23,20.7,25.8,0,1.9,74.5,.5,8.39
138,포항,2025-09-29,21.4,19,23.8,0,2.3,68.8,5.5,14.91
138,포항,2025-09-30,21.2,17,24.7,.5,2.1,69.4,5,12.9
140,군산,2025-05-15,19.1,17.4,20.4,11.2,2,91.6,0,
140,군산,2025-05-16,20,17.3,23.7,21.4,2.4,89.1,0,
140,군산,2025-05-17,17.9,14.1,23.7,0,2.8,85.4,6.9,
140,군산,2025-05-18,14.7,10.7,18.7,,2.4,76.9,8.5,
140,군산,2025-05-19,18.8,12,23.4,0,2.7,74.6,3.9,
140,군산,2025-05-20,24.1,18.6,28.4,,2.6,81.1,2.5,
140,군산,2025-05-21,23.8,20.5,28.1,0,1.8,78,4.9,
140,군산,2025-05-22,19.2,17.9,21.7,,1.5,90.6,0,
140,군산,2025-05-23,19.7,15.8,23.6,1.3,1.9,64.1,.2,
140,군산,2025-05-24,16.6,14.4,18.7,0,2.9,61.4,.3,
140,군산,2025-05-25,16.1,11.7,19.7,,2.6,71.4,12.9,
140,군산,2025-05-26,17.6,12.2,23.5,,2,71.5,10.9,
140,군산,2025-05-27,18.3,13.4,23.3,,2.5,70.8,12.1,
140,군산,2025-05-28,18.9,13.5,25.7,,1.7,75,12.3,
140,군산,2025-05-29,19.7,13.5,25.3,,2.1,65.1,12.8,
140,군산,2025-05-30,18.4,14,24.1,,1.9,67.6,12.5,
140,군산,2025-05-31,17.8,13.1,22.6,,2.2,76,4.6,
140,군산,2025-06-01,20,14,25.8,,1.9,70,10.4,
140,군산,2025-06-02,18.6,16.7,21.7,0,1.4,72.4,0,
140,군산,2025-06-03,18.6,15.3,22.4,,3.5,75.6,11.3,
140,군산,2025-06-04,18.8,13.6,23.8,,3.5,68.4,13.4,
140,군산,2025-06-05,19.7,12.7,26.5,,2,59.6,12.4,
140,군산,2025-06-06,22.8,17.1,29,,2.5,46.4,6.3,
140,군산,2025-06-07,23.1,16.9,28.7,,3,65,10.6,
140,군산,2025-06-08,23.1,19.5,28.4,0,2.3,82,5.2,
140,군산,2025-06-09,23.2,20,29.2,,2.1,79.6,10.4,
140,군산,2025-06-10,20.2,17.6,26.8,,3.3,85.6,2.7,
140,군산,2025-06-11,20.7,15.1,25.2,,2.3,68.3,12,
140,군산,2025-06-12,22.6,16.1,30.5,,1.8,60.5,8.4,
140,군산,2025-06-13,20.7,19,23.2,62.2,1.7,87,0,
140,군산,2025-06-14,22.7,20.2,28.3,52.2,2.6,86.3,5.4,
140,군산,2025-06-15,24.9,18.3,30.6,.5,2.2,80.1,7.7,
140,군산,2025-06-16,23.7,22,26.7,4.3,3.4,84.9,3.5,
140,군산,2025-06-17,23.9,20.8,28.8,0,2.6,79.6,5.7,
140,군산,2025-06-18,24.1,19.7,29.9,,1.8,71.5,10.9,
140,군산,2025-06-19,26.1,19.8,32.4,.1,2.5,75.4,6.2,
140,군산,2025-06-20,24.6,23.2,26.1,78.3,4.3,89.4,0,
140,군산,2025-06-21,20.6,18.5,24.1,87.2,2.2,94.3,0,
140,군산,2025-06-22,21.6,18.1,25.8,,1.9,80.8,12.4,
140,군산,2025-06-23,22.9,18.1,27.8,,1.7,79.8,10.6,
140,군산,2025-06-24,21.6,19.3,25.4,13,2.2,82.4,0,
140,군산,2025-06-25,21.1,19.8,23.5,5.2,2.8,87.8,.7,
140,군산,2025-06-26,22.6,20.7,25.7,0,2.6,82.6,8.9,
140,군산,2025-06-27,25.6,21.5,31.4,,1.3,75.9,8.6,
140,군산,2025-06-28,26,23.4,30,0,1.9,86.1,5,
140,군산,2025-06-29,27.3,24.4,30.2,,2.4,79.3,11.5,
140,군산,2025-06-30,27.8,23.8,32.2,,1.9,78.6,10.9,
140,군산,2025-07-01,28.2,24.2,32.9,0,1.9,79.5,7.5,
140,군산,2025-07-02,28.2,24.7,31.7,,2.4,79.8,11.4,
140,군산,2025-07-03,27.4,24.8,31.5,,2.4,79.9,9.7,
140,군산,2025-07-04,27,23.4,30.4,,2.5,78.6,6.4,
140,군산,2025-07-05,27.7,24.3,31.3,,2.7,77.1,8.1,
140,군산,2025-07-06,27.7,25.4,30.9,,2.3,82,6.7,
140,군산,2025-07-07,28,25.2,32,,2,82.3,9,
140,군산,2025-07-08,29.4,25.6,34.3,0,1.5,81.9,7.3,
140,군산,2025-07-09,30.6,26.5,35.4,,1.7,59,13.4,
140,군산,2025-07-10,30,24.8,34.6,,2.3,49,13.2,
140,군산,2025-07-11,29.5,25.1,34.5,,2.6,49.1,13,
140,군산,2025-07-12,27.6,23.6,33,,2.5,56.5,12.6,
140,군산,2025-07-13,24.4,21.8,28.2,6.8,1.4,80.6,.4,
140,군산,2025-07-14,23.3,19.9,27,0,2.2,84,5.6,
140,군산,2025-07-15,23.5,21,26.4,1.9,2.3,84.3,.6,
140,군산,2025-07-16,23.1,21.7,24.4,37.8,2.9,90.4,0,
140,군산,2025-07-17,24.3,21.9,27.6,77.4,3.7,92.3,0,
140,군산,2025-07-18,24.9,21.7,27.9,5.7,1.7,86.3,1,
140,군산,2025-07-19,25.1,22.6,28.3,20.4,3.1,91.9,.1,
140,군산,2025-07-20,27.9,23.5,33.3,,1.8,78.9,8.3,
140,군산,2025-07-21,28.1,24.4,32.4,,2.4,78.1,10.8,
140,군산,2025-07-22,28.1,24.1,32.2,,2,76.4,11.7,
140,군산,2025-07-23,28.2,24.2,33,,1.4,79.6,10.3,
140,군산,2025-07-24,29.1,24.4,34.4,,1.2,78,12.1,
140,군산,2025-07-25,29.4,24.8,34.4,,1.6,77.3,12.9,
140,군산,2025-07-26,29.9,24.8,35.9,,1.6,73,12,
140,군산,2025-07-27,30.1,25.6,35.2,19.8,2,71.6,13.1,
140,군산,2025-07-28,29,25.4,32.5,,2.1,79,12.9,
140,군산,2025-07-29,29.1,25,33.1,,1.8,80,11.7,
140,군산,2025-07-30,29.6,25.4,34.8,,1.6,77.9,9,
140,군산,2025-07-31,29.3,25,34.9,,1.6,67,9.7,
140,군산,2025-08-01,29,24.1,34,,1.8,72.9,12.3,
140,군산,2025-08-02,29.2,24.8,33.7,,1.8,74.4,9.5,
140,군산,2025-08-03,26.5,22.6,29.3,51.8,2,87.5,0,
140,군산,2025-08-04,27.1,25.1,29.3,10.9,3,86,6.8,
140,군산,2025-08-05,28.2,23.7,31.7,,2.2,79.3,10.4,
140,군산,2025-08-06,28.4,26.6,30.7,1.1,3,85.3,1.1,
140,군산,2025-08-07,26.6,23.2,29.8,,2.9,80.6,8.2,
140,군산,2025-08-08,25.1,21.9,29.3,,1.4,81.5,2.3,
140,군산,2025-08-09,24.4,22.8,26.8,1,1.2,88.8,.1,
140,군산,2025-08-10,25.8,22,31.2,.8,2.1,79.1,12,
140,군산,2025-08-11,23.8,21.2,27.7,7.8,1.2,90.5,.4,
140,군산,2025-08-12,24.1,21,27.6,,1.7,86.4,.3,
140,군산,2025-08-13,28.2,24.7,32.1,.5,3.3,79.1,6,
140,군산,2025-08-14,27.9,24.7,31.6,2.1,2.5,82.8,8.3,
140,군산,2025-08-15,27.9,25.2,31,0,2.5,84.8,10.7,
140,군산,2025-08-16,27.5,24.2,31.8,,1.6,81.9,10.3,
140,군산,2025-08-17,27.8,23.5,32.1,,2.3,81.1,8.6,
140,군산,2025-08-18,28.3,24.4,32.4,,2.6,78.3,8.7,
140,군산,2025-08-19,28.3,24.9,33,,2.8,78.9,9.4,
140,군산,2025-08-20,28.4,24.4,32.3,,2.5,79,9.6,
140,군산,2025-08-21,28.5,25.7,32.4,0,2,81.9,10.5,
140,군산,2025-08-22,28.3,25.1,32,,1.9,79.9,11.7,
140,군산,2025-08-23,28.4,23.8,33.5,,1.8,78.5,11.5,
140,군산,2025-08-24,28.8,24.8,34.4,,2,79.6,8.5,
140,군산,2025-08-25,29.5,25.8,34,,2.8,77.8,6.9,
140,군산,2025-08-26,25.9,23.5,29.3,76.9,2.6,90.8,2,
140,군산,2025-08-27,25.8,22.2,30.8,,1.3,83.8,7.7,
140,군산,2025-08-28,27.5,22.9,32.1,,1.8,80.9,6.8,
140,군산,2025-08-29,28.4,24.7,32.8,,2.6,81.8,9.1,
140,군산,2025-08-30,28.2,24.7,32.1,,2.4,81,11,
140,군산,2025-08-31,26.9,24.7,32.9,0,2.3,84.5,7.7,
140,군산,2025-09-01,27.2,24.5,32.6,35.8,3.2,84.6,5,
140,군산,2025-09-02,25.4,21.4,29.9,.5,.5,78.9,5.9,
140,군산,2025-09-03,26.5,20.9,33.1,0,1.6,77.5,11.1,
140,군산,2025-09-04,26,23.9,30.3,.5,1.4,84.9,2.7,
140,군산,2025-09-05,27.6,23.9,31.6,,1.7,79.6,10.2,
140,군산,2025-09-06,27.8,23.4,32.5,37.8,3.4,82.5,6.4,
140,군산,2025-09-07,24.2,19.5,29.3,258.6,2.4,87.5,0,
140,군산,2025-09-08,21.4,18,24.5,0,.8,88.5,0,
140,군산,2025-09-09,20.7,19.5,22.3,8.6,1.6,87.1,0,
140,군산,2025-09-10,24.1,19.2,29.1,,1.5,76,8.2,
140,군산,2025-09-11,25.3,20.4,30.1,,2.1,69.6,10.3,
140,군산,2025-09-12,23.2,22,25.6,35,2.5,81.5,0,
140,군산,2025-09-13,24.4,22.4,27,48.9,3.3,85.4,2,
140,군산,2025-09-14,24.7,22,28.1,0,1.8,83.3,2.7,
140,군산,2025-09-15,25,21.8,28.8,,.6,83.3,2.4,
140,군산,2025-09-16,27.1,23.5,30.9,,2.2,84.1,4.1,
140,군산,2025-09-17,23.7,21.7,27.3,47.6,2.6,92.4,.6,
140,군산,2025-09-18,22.5,20.2,26.9,0,1,80.9,3.5,
140,군산,2025-09-19,20.8,18.7,23.6,2.7,1.6,80.9,.1,
140,군산,2025-09-20,21.3,18.2,24.4,32.4,2.9,84.8,4.5,
140,군산,2025-09-21,21.6,17,26.6,,1.3,76.3,9.9,
140,군산,2025-09-22,21.3,18.6,24,,1.4,70.6,2.5,
140,군산,2025-09-23,22.2,18.8,27.9,.1,1.4,67,6.8,
140,군산,2025-09-24,23.2,19.2,28.5,9.5,2.1,84,.9,
140,군산,2025-09-25,22.9,21.7,25.9,14.8,1.2,96.8,.2,
140,군산,2025-09-26,21.9,18.9,26.7,,1.2,87.8,7.9,
140,군산,2025-09-27,23,18.6,28.8,4.8,1,83.6,6,
140,군산,2025-09-28,20.8,18.6,22.2,18.6,1.8,94.9,.1,
140,군산,2025-09-29,20.1,16.5,24,,1.4,81.6,7,
140,군산,2025-09-30,19.6,15.3,25.2,,1,82,5,
143,대구,2025-05-15,21.5,17.5,26.6,.9,1.3,69.1,1.1,13.13
143,대구,2025-05-16,20.3,17.5,23.8,18.8,1.2,83.3,0,5.95
143,대구,2025-05-17,22.5,16.9,28.8,.5,2.5,69.3,7,22.18
143,대구,2025-05-18,19.1,14.2,24.4,,2.8,46.4,10.3,27.3
143,대구,2025-05-19,20.9,12.2,28.5,,2,56.5,11.2,27.2
143,대구,2025-05-20,25.3,18,33.7,,1.5,63.3,12.3,26.99
143,대구,2025-05-21,24.4,19.9,29.9,,2,70.8,5.2,15.48
143,대구,2025-05-22,17.1,15.2,19.9,,4.4,72.4,1,12.12
143,대구,2025-05-23,16.9,13.7,20.5,,3.8,57.8,1.9,17.08
143,대구,2025-05-24,13.7,11.9,16,1.7,2.9,81.4,0,4.44
143,대구,2025-05-25,17.6,12.2,24.8,.6,2.1,64.5,10.2,27.54
143,대구,2025-05-26,19.8,12.1,26.9,,1.4,60.3,10.5,24.72
143,대구,2025-05-27,21.2,13.7,28.4,,1.6,54.6,12,26.48
143,대구,2025-05-28,20,14.6,29.7,22.5,1.9,66.1,9.6,23.85
143,대구,2025-05-29,18.7,13.8,26,.4,2.2,70.1,7.2,22.52
143,대구,2025-05-30,18.2,13.2,24.9,,3,63.3,13.1,29.01
143,대구,2025-05-31,19.7,11.1,27.8,,1.9,53.1,11.6,25.45
143,대구,2025-06-01,22.2,13.2,31.4,,1.5,54.4,11.9,27.83
143,대구,2025-06-02,20.3,17.8,24.3,0,1.4,70.5,0,8.8
143,대구,2025-06-03,22.6,17.1,28.8,.1,3.1,49.5,9.4,25.44
143,대구,2025-06-04,22.9,13.4,29.2,,3.8,30.5,13.7,30.61
143,대구,2025-06-05,23,15.5,30,,2.2,40.4,11.5,28.83
143,대구,2025-06-06,23.2,17.4,30.5,,1.4,49,2.6,14.56
143,대구,2025-06-07,24.8,15.9,33,,1.5,45.3,11.2,27.7
143,대구,2025-06-08,26,20.5,31.5,,1.5,52.5,8.2,22.11
143,대구,2025-06-09,25.9,21.4,31.3,,1.4,61.1,5.7,19.27
143,대구,2025-06-10,26.5,20,33.6,,2.1,50.9,10.8,25.26
143,대구,2025-06-11,25.6,20.6,31.5,,3.1,39.1,10.9,28.98
143,대구,2025-06-12,25.3,19.1,31.7,,1.6,44.1,8.3,23.3
143,대구,2025-06-13,20.5,17.8,24.9,31.1,1.6,74,0,8.64
143,대구,2025-06-14,21.9,18,27.1,32.7,1.6,86.6,2.4,12.32
143,대구,2025-06-15,26.1,20,32.7,.3,1.5,73.3,,
143,대구,2025-06-16,25,22.1,29.1,8.5,1.6,79.5,4.1,12.11
143,대구,2025-06-17,25.2,19.9,29.9,,1.4,70.9,7.4,21.65
143,대구,2025-06-18,26.9,21.8,32.7,,1.6,61.1,8.9,24.99
143,대구,2025-06-19,27.5,21,33.9,,1.3,61.6,9.6,23.94
143,대구,2025-06-20,26.9,24.1,29.5,1.7,1.8,71.4,0,6.92
143,대구,2025-06-21,22.8,18.3,26.9,74.1,1.8,87.9,0,3.2
143,대구,2025-06-22,22.4,18,27.4,8.4,1.6,72.3,4.8,19.74
143,대구,2025-06-23,24.9,17.8,31.7,,1.4,61,13,29.1
143,대구,2025-06-24,20.7,18.5,24.8,6.7,2.7,84,.5,8.46
143,대구,2025-06-25,23.6,19.9,29.1,.1,2.5,76.9,3.5,14.47
143,대구,2025-06-26,25.4,22.1,30.1,,2.2,64.9,3.7,20.2
143,대구,2025-06-27,27.1,20.6,33.1,,1.1,65.4,13,27.54
143,대구,2025-06-28,28.5,23.5,34.5,0,1.2,70.6,6.4,20.61
143,대구,2025-06-29,29.9,24.5,36.6,,1.2,67.6,8.7,25.33
143,대구,2025-06-30,30.7,25.8,36.4,,1.6,61.4,11.6,26.76
143,대구,2025-07-01,30.7,25.7,35.7,,1.6,63.9,10.2,24.52
143,대구,2025-07-02,31.4,26.9,36.4,,1.6,63.4,9.6,24.97
143,대구,2025-07-03,31.2,27.1,36,,1.6,62.6,9.5,23.32
143,대구,2025-07-04,30.2,25.7,35.5,,2.1,56.1,10.2,23.88
143,대구,2025-07-05,30.6,25.5,36.4,,2.1,59,12.4,28.69
143,대구,2025-07-06,30.6,26.6,34.9,,2.4,59.6,11.6,24.41
143,대구,2025-07-07,31.5,26.4,37.4,,2,58.1,11,25.63
143,대구,2025-07-08,28.5,25.5,32.3,,3.5,66,11.5,25.82
143,대구,2025-07-09,28.1,23.7,33.6,,3.2,55.6,13.7,29.41
143,대구,2025-07-10,26.6,23.6,31.3,,3.7,63.4,9.8,25.97
143,대구,2025-07-11,26.2,22.9,30.6,,4.2,60,13.6,29
143,대구,2025-07-12,26.2,21.8,31.8,,2.7,60.4,12,26.87
143,대구,2025-07-13,25.3,20.1,32.5,33.3,2.4,71.3,5.1,14.38
143,대구,2025-07-14,24.2,20.2,31.2,16.7,2.4,75.9,6.9,21.23
143,대구,2025-07-15,23.3,20,28,.3,1.4,82.1,1.3,12.87
143,대구,2025-07-16,23,21.1,26.4,7.4,1.2,88.5,.1,5.01
143,대구,2025-07-17,22.5,21.3,24.4,102.3,2.3,92.3,0,2.42
143,대구,2025-07-18,24.8,21.3,31.6,14.3,1.4,86.5,3.4,17.03
143,대구,2025-07-19,21.9,21.1,23.3,68.1,2.1,95.1,.1,1.98
143,대구,2025-07-20,26.5,21.5,32.1,,.9,79.9,3.8,17.95
143,대구,2025-07-21,26.8,23.4,30.8,5.6,.9,82.9,2.5,13.33
143,대구,2025-07-22,29.5,25,34.2,,.8,69.5,8.7,20.92
143,대구,2025-07-23,29.9,24.8,35.3,,.8,68.1,9.1,24.24
143,대구,2025-07-24,29.9,24.9,35.3,,1.2,64.6,12.1,27.35
143,대구,2025-07-25,29.3,23.4,35.2,,1.7,63.4,13.2,28.39
143,대구,2025-07-26,29.3,23.8,34.5,,1.4,66.4,12.1,26.05
143,대구,2025-07-27,29.8,24.4,36,,1.3,63.5,12.7,28.3
143,대구,2025-07-28,30.4,23.9,36.8,,1.2,61.9,11.7,26.26
143,대구,2025-07-29,30.1,24.4,35.9,,1.8,60.5,13.1,28.57
143,대구,2025-07-30,29.2,22.9,35.2,,1.9,63.5,12.3,26.72
143,대구,2025-07-31,29.9,24.6,35.9,,1.7,62.4,9.8,26.91
143,대구,2025-08-01,30.4,23.6,37.2,,1.4,59.4,12.2,25.57
143,대구,2025-08-02,30.9,25.2,37.3,,1.5,63.3,9.5,22.86
143,대구,2025-08-03,28.9,24.3,33.1,24.5,1.4,75.3,.3,11.22
143,대구,2025-08-04,28.2,24.8,33.3,91,1.2,83.1,2.8,13.4
143,대구,2025-08-05,29.7,25.9,35.1,1,1.1,76,6.2,19.96
143,대구,2025-08-06,28.5,23.5,32.5,17,1.6,77.1,1.6,10.05
143,대구,2025-08-07,27.4,23.3,32,.3,1.2,74.3,4.1,16.6
143,대구,2025-08-08,26.9,22.7,31.2,,1,69.6,7.4,17.74
143,대구,2025-08-09,24.5,22.5,27.3,1.1,.9,82.5,.1,5.57
143,대구,2025-08-10,25.2,21.2,29.5,13.9,1.6,74.4,6,19.4
143,대구,2025-08-11,24.4,20.5,29.9,.4,1.6,76.9,3.2,13.94
143,대구,2025-08-12,22.8,20.2,24.4,5.9,1.6,90.5,0,6.39
143,대구,2025-08-13,27.5,23.3,32.1,,.9,78.4,3.2,15.37
143,대구,2025-08-14,29.8,24.1,35,,1.5,66.8,9.3,21.59
143,대구,2025-08-15,29.5,24.8,34.6,,1.2,69.1,7.7,19.81
143,대구,2025-08-16,29.7,25.5,34.6,,1.1,68.1,10.2,21.7
143,대구,2025-08-17,28.8,23.9,34,,1.5,66.6,12,25.45
143,대구,2025-08-18,29.5,24.9,34.8,,1.1,65.1,5.3,18.98
143,대구,2025-08-19,30.8,26.9,34.7,,1.5,63.1,7.3,20.11
143,대구,2025-08-20,30.4,26.5,35.7,,1.5,64.8,9.2,22.23
143,대구,2025-08-21,30.1,26.5,35.5,,1.3,65.3,8.6,19.57
143,대구,2025-08-22,30,25.1,36.3,,1.3,67.9,8.2,19.62
143,대구,2025-08-23,30.8,25.4,37.2,,1.3,60,12.3,25.23
143,대구,2025-08-24,31,25.8,35.6,,.9,63.3,8.1,15.91
143,대구,2025-08-25,30.8,26.8,36.9,,1.6,65.6,9.6,22.47
143,대구,2025-08-26,28.9,26.2,34.3,0,2,65.8,5,15.68
143,대구,2025-08-27,28.3,23.4,35.6,,1.9,65.8,9.3,22.19
143,대구,2025-08-28,28.3,24,34.9,,1.7,66.5,5.9,18.95
143,대구,2025-08-29,30.6,25.6,36.3,,1.4,61.4,9.5,20.5
143,대구,2025-08-30,31,25.2,36.7,,1,55.5,11.8,24.02
143,대구,2025-08-31,27.8,25.1,33.8,2.9,1.1,75.5,3.8,12.79
143,대구,2025-09-01,27.9,24.6,32.5,11.7,1.3,76.4,4.4,14.3
143,대구,2025-09-02,27.4,24.8,31.4,0,1.4,72.8,3.5,12.05
143,대구,2025-09-03,27,23.2,32.2,,2.5,71.4,9.3,21.25
143,대구,2025-09-04,27.5,23.9,33,.4,2.4,73.3,5.7,18.11
143,대구,2025-09-05,27.4,23.3,33.6,12.6,1.5,71.6,8.3,20.92
143,대구,2025-09-06,28.4,23,34.1,0,1.5,70.3,9.1,21.12
143,대구,2025-09-07,26.7,24.7,29.1,5.5,1.6,81.6,.1,5.48
143,대구,2025-09-08,23.5,19.1,27.9,8.1,1.4,71.6,2,10.63
143,대구,2025-09-09,19.6,18,21.6,61.8,.9,91.9,0,3.89
143,대구,2025-09-10,22.2,19.6,26.3,13.1,.9,85.6,.3,8.18
143,대구,2025-09-11,23.2,18.2,28.2,,1.9,73.9,8,18.31
143,대구,2025-09-12,23.3,21.4,26.4,.5,1.9,82,.7,6.44
143,대구,2025-09-13,25,22.1,31.6,10,2.4,82.4,1.8,9.58
143,대구,2025-09-14,24,20.6,28.7,1.7,1.8,78.4,2.4,15.34
143,대구,2025-09-15,25.9,22.1,29.7,0,.9,76.6,3.4,12.86
143,대구,2025-09-16,27.5,22.9,34,,1.1,74.9,8.2,19.28
143,대구,2025-09-17,25.8,23.4,33.4,6.6,1.3,80.6,6.1,14.37
143,대구,2025-09-18,21.9,19.9,23.8,,3.1,71.6,.7,10.35
143,대구,2025-09-19,21.6,19.8,24.4,,2.7,67.5,1.8,11.64
143,대구,2025-09-20,21.7,18.7,27,8.9,2.1,78.4,3.6,11.97
143,대구,2025-09-21,20.5,17,25.6,,2.4,73.1,7.8,18.64
143,대구,2025-09-22,20,16,24.8,,2.3,70.3,3,13
143,대구,2025-09-23,21.2,16.9,25.9,0,2.5,65.8,8.5,20.03
143,대구,2025-09-24,23.9,20.6,27.9,,1.1,75.8,.6,9.08
143,대구,2025-09-25,23.9,22.8,26.4,8.1,1,86.5,0,6.09
143,대구,2025-09-26,23,19.8,28.1,,1.5,68.5,9,18.23
143,대구,2025-09-27,22.9,18.9,27.5,,2.4,70.4,7.7,17.04
143,대구,2025-09-28,21.7,20.4,25,1.8,1.7,83.4,0,5.46
143,대구,2025-09-29,22,18.6,27.1,,2.3,65.5,7.9,18.2
143,대구,2025-09-30,20.6,15.8,26.4,,1.2,74.9,6.6,14.25
146,전주,2025-05-15,22.1,19.6,25.7,.9,1.9,80.1,1.2,10.96
146,전주,2025-05-16,20.4,17.1,24.4,41.6,1.6,85.9,0,4.77
146,전주,2025-05-17,19.5,15.2,26.2,1.1,2,84.1,4.9,19.24
146,전주,2025-05-18,16.7,12.4,22.9,,1.6,65.3,9.3,24.64
146,전주,2025-05-19,20.9,13.4,25.3,0,2.1,60.3,4.5,13.43
146,전주,2025-05-20,25.5,19.3,31.4,,1.7,72.6,11.1,25.28
146,전주,2025-05-21,25.3,22,29.1,,1.2,71.3,5.3,15.52
146,전주,2025-05-22,21.7,20,24.8,,1.1,84.8,.7,12.87
146,전주,2025-05-23,21.4,17.7,25.3,0,1.1,57.4,.4,12.97
146,전주,2025-05-24,17.8,15.2,21.6,0,1.6,59.1,.1,9.49
146,전주,2025-05-25,17.3,11.8,23.2,,1.6,67,13.3,27.24
146,전주,2025-05-26,19.4,13.4,26.2,,1.3,59.6,12.3,26.11
146,전주,2025-05-27,20.2,14.3,26.3,,1.6,57.6,12.1,25.27
146,전주,2025-05-28,20.9,14,27.9,,1.4,58.1,12.7,26.12
146,전주,2025-05-29,21.3,14.9,27.7,5.7,1.7,59.9,12.5,26.13
146,전주,2025-05-30,20.8,15.4,26.7,,1.3,61.1,12.9,24.51
146,전주,2025-05-31,19.7,14.6,25,,1.3,67.4,7.5,19.37
146,전주,2025-06-01,21.7,14.6,29.5,,1.4,61,11.9,25.34
146,전주,2025-06-02,19.9,17.9,23.2,.8,1.2,71.6,0,8.57
146,전주,2025-06-03,19.9,16.4,24.9,,2,71.4,12.7,28.09
146,전주,2025-06-04,20.4,13.3,26.8,,2.6,54.4,13.5,29.48
146,전주,2025-06-05,21.6,13.7,28.2,,1.5,49,13.2,28.07
146,전주,2025-06-06,23.3,18.6,29.1,,1.6,45,2.9,13.89
146,전주,2025-06-07,24.6,18.5,32.1,,1.6,54.8,11.3,27.16
146,전주,2025-06-08,24.8,20.5,31.1,0,1.5,71.3,7.8,21.19
146,전주,2025-06-09,24.9,20.4,31.8,0,1.4,72.4,10.9,24.83
146,전주,2025-06-10,22.7,18.3,30,,2.1,73,7,18.42
146,전주,2025-06-11,22.6,16.2,30.3,,2,62.4,11.4,29.5
146,전주,2025-06-12,24.7,18,32.9,,1.5,52.4,9.8,25.92
146,전주,2025-06-13,21.5,20,24.2,89.8,1.3,80.9,0,6.63
146,전주,2025-06-14,24.1,20.7,29.3,68.1,2.1,83.8,4.7,18.44
146,전주,2025-06-15,26.4,19.3,32.6,1.1,1.8,73.1,8.2,22.67
146,전주,2025-06-16,25.1,22.6,28.7,8.8,2.7,78.9,4.6,15.34
146,전주,2025-06-17,25.5,22,31.3,0,2.1,72.8,5.9,19.08
146,전주,2025-06-18,26.2,20.5,32,,1.6,64.8,11.8,27.46
146,전주,2025-06-19,27.2,21.2,32.4,,2.1,68.3,8.5,22.63
146,전주,2025-06-20,25.7,23.5,27,13.5,2.8,81.5,0,4.36
146,전주,2025-06-21,21.1,18.1,25.4,112.6,2.1,93.8,0,2.4
146,전주,2025-06-22,22.6,18.3,28.7,0,1.5,72.1,10.6,27.83
146,전주,2025-06-23,24.6,16.5,32,,1.6,64.8,13.1,29.95
146,전주,2025-06-24,22.3,19.1,25.3,24,1.3,82.5,.1,6.72
146,전주,2025-06-25,22.6,20.7,26.3,1.9,2.8,80.6,3.6,13.04
146,전주,2025-06-26,24,21,28.5,,2.5,73.1,7.6,22.88
146,전주,2025-06-27,27.2,21.8,33,,1.1,66.6,11.2,25.54
146,전주,2025-06-28,28.6,24.4,34.3,,1.7,75.3,9.5,26.91
146,전주,2025-06-29,28.9,24.7,33.6,,2,73.3,11.2,28.57
146,전주,2025-06-30,29.5,24.9,34.5,,1.6,70.8,10,23.18
146,전주,2025-07-01,29.5,25.6,34.8,0,1.9,74.1,5.1,18.38
146,전주,2025-07-02,29.6,25.4,34.1,,2.1,71.8,11.7,27.1
146,전주,2025-07-03,29,25.7,34.1,,2.1,71.5,10.6,26.65
146,전주,2025-07-04,28.1,23.8,32.5,,2.2,71.1,9.4,23.47
146,전주,2025-07-05,28.6,25.2,33.8,,1.9,71.3,7.6,23.15
146,전주,2025-07-06,29,25.8,34.1,,2.1,74.9,7.5,22.83
146,전주,2025-07-07,29.3,26.2,35,,2,77.3,7.5,21.46
146,전주,2025-07-08,29.2,26.1,35.9,8.3,1.3,78.8,6.6,16.85
146,전주,2025-07-09,30.9,26.1,37,,1.9,54.9,12.8,28.52
146,전주,2025-07-10,30.6,24.7,35.9,,2.2,50.9,11.1,25.6
146,전주,2025-07-11,30.6,24.9,36.2,,2.8,48.1,13.1,28.31
146,전주,2025-07-12,29.2,23.2,35.3,,2,50.3,12.7,29.28
146,전주,2025-07-13,25.5,22.3,29.4,6.7,1.2,78.3,1.3,7.35
146,전주,2025-07-14,23.7,21.1,29.1,5.7,2.1,83.5,3.3,16.7
146,전주,2025-07-15,23.1,20.7,26.2,3.9,2.1,86.6,.5,9.72
146,전주,2025-07-16,23.5,21.8,25.6,18,2.8,86.3,0,2.8
146,전주,2025-07-17,23.8,21.7,27.7,91.2,2.9,91.5,0,2.14
146,전주,2025-07-18,26,21.8,31.7,8.8,2.1,81.3,2.6,14.23
146,전주,2025-07-19,24.7,23,28.2,55.8,2.2,91.9,.1,4.84
146,전주,2025-07-20,28.7,23.8,34.2,,2.3,73.1,9.2,26.24
146,전주,2025-07-21,27.6,25,33.7,.3,1.7,79.1,4.5,14.6
146,전주,2025-07-22,29,24.1,34,0,1.8,73.1,10,22.41
146,전주,2025-07-23,29.3,25.1,34.6,,1.8,74.1,6,20.32
146,전주,2025-07-24,29.9,25.2,35.7,,1.4,73.9,9.3,24.01
146,전주,2025-07-25,30.5,24.9,35.9,,1.7,66.5,10.8,25.1
146,전주,2025-07-26,31.3,25.6,37,,2,60.5,10.7,23.35
146,전주,2025-07-27,31.8,26.4,38.3,,1.7,59.1,10.9,25.6
146,전주,2025-07-28,30.5,26.7,35.5,,1.8,68.3,10.1,23.12
146,전주,2025-07-29,30.7,25.9,36.3,,1.6,69.3,10.6,22.93
146,전주,2025-07-30,30.7,25.7,36.2,,1.8,58.1,10,24.09
146,전주,2025-07-31,30.9,25.7,36.6,0,1.7,58.1,8.5,25.22
146,전주,2025-08-01,30.5,24.8,36.6,,1.8,63.6,12.6,27.5
146,전주,2025-08-02,30.9,25.5,36.9,,1.7,64.1,9.9,24.63
146,전주,2025-08-03,27.1,23.2,31,42.3,1.5,80.9,0,5.68
146,전주,2025-08-04,28,25.1,32.4,26.8,2.2,84.1,3.3,15.5
146,전주,2025-08-05,28.9,24.3,33.4,2.1,1.7,78.1,8.8,22.37
146,전주,2025-08-06,28.6,27.2,31.7,2.8,2.6,84.1,.8,11.29
146,전주,2025-08-07,27.2,24.5,31.2,0,2.2,77.4,5.3,18.03
146,전주,2025-08-08,26.2,22.3,30.7,,1.5,74.6,4.7,16.93
146,전주,2025-08-09,25,23.4,28.4,.2,1.3,81.5,0,5.65
146,전주,2025-08-10,26.7,21.7,31.9,18.2,1.9,74.9,11.8,26.29
146,전주,2025-08-11,24.4,21.5,28.8,9.8,1.1,86.4,.5,6.14
146,전주,2025-08-12,24,20.9,25.8,1.6,1.4,87.3,0,7.35
146,전주,2025-08-13,28.3,24.6,32.8,1.4,2.2,78.3,5.3,17.69
146,전주,2025-08-14,28.7,25,32.6,0,2.2,77.6,9.1,21.66
146,전주,2025-08-15,29,25.4,33.5,,1.8,77.3,9,20.89
146,전주,2025-08-16,28.7,25,33.9,,1.6,73.5,11.5,25.99
146,전주,2025-08-17,28.8,23.8,33.9,,1.7,72.1,10.5,24.42
146,전주,2025-08-18,29.4,25.1,34.3,,2,72.6,9.5,23.89
146,전주,2025-08-19,29.3,25.4,34.3,,2.2,72.8,9.3,21.85
146,전주,2025-08-20,29.4,25,34.6,0,1.9,73.5,10,23.04
146,전주,2025-08-21,29.8,26.1,35,.1,1.8,74.1,9.1,22.1
146,전주,2025-08-22,29.6,26.4,34.8,,1.7,72.1,10.6,23.32
146,전주,2025-08-23,29.6,24.3,35,,1.8,70.1,10.2,22.43
146,전주,2025-08-24,30.2,26.1,36.1,2,1.7,71.6,10.1,24.06
146,전주,2025-08-25,30.4,26.5,35,,2.2,70.6,8.9,19.68
146,전주,2025-08-26,26.1,23.6,29.1,69.7,1.9,87.5,.5,5.68
146,전주,2025-08-27,27.6,24.4,32.5,,1.3,76.8,8.8,21.55
146,전주,2025-08-28,28.2,24.2,33.9,,1.8,77.1,5.6,17.44
146,전주,2025-08-29,29.1,25,33.8,,2.3,75.4,10,21.05
146,전주,2025-08-30,29.4,24.6,34.2,,1.9,72,11.5,24.81
146,전주,2025-08-31,27.3,25.5,33.3,4,1.9,80.8,5.6,14.1
146,전주,2025-09-01,27.4,23.4,33,68.5,2.4,80.8,5.7,16.07
146,전주,2025-09-02,25.8,22.7,30.3,1.7,1.5,80,,13.13
146,전주,2025-09-03,27.4,21.2,34.1,36.3,1.6,75,9.9,22.49
146,전주,2025-09-04,27.1,23.8,31.4,0,1.5,82.9,5.8,16
146,전주,2025-09-05,28.1,24.4,33.8,,1.5,78.9,7.8,19.07
146,전주,2025-09-06,27.7,23.5,32.3,4.8,2.6,79.9,8.1,17.9
146,전주,2025-09-07,25,21.9,29.8,179,2,86.8,1.3,8.86
146,전주,2025-09-08,22.4,19.8,25.7,.1,1.1,81.6,.6,7.49
146,전주,2025-09-09,21.1,18.6,22.6,4.7,1.4,87.3,.1,5.72
146,전주,2025-09-10,24.2,19.5,29.3,.2,1.4,79,8.4,17.51
146,전주,2025-09-11,25.2,19.1,30.6,,2,67.1,9.6,19.49
146,전주,2025-09-12,24.1,22,27.4,9,1.4,81.8,.1,5.69
146,전주,2025-09-13,25.2,23,27.4,47.5,2.5,84.9,.7,9.75
146,전주,2025-09-14,25.3,21.5,31.5,0,1.4,79.6,4.3,16.16
146,전주,2025-09-15,26.3,22.5,30.8,0,1.1,78.1,1.6,12.19
146,전주,2025-09-16,27.8,24.3,32.4,0,2.1,78,6.2,16.59
146,전주,2025-09-17,24.8,21.9,30.1,47.4,2.1,86.5,1.7,7.14
146,전주,2025-09-18,23.4,21,28.1,0,1.5,80.8,3.9,13.49
146,전주,2025-09-19,22.5,20.1,26,2.6,2.1,72.6,.9,9.06
146,전주,2025-09-20,22,18.9,24.7,17.5,2.7,82,2.4,9.37
146,전주,2025-09-21,21.8,17,27.9,,1.6,74.8,8.7,19.36
146,전주,2025-09-22,22.3,18.2,26.1,0,1.7,65,3.1,12.66
146,전주,2025-09-23,23.2,18.3,30.2,0,1.6,60.4,7.8,17.9
146,전주,2025-09-24,24.3,21.1,29.4,4,1.9,79,2,8.78
146,전주,2025-09-25,23.4,22.4,25.7,34.3,1.2,90.9,.4,6.11
146,전주,2025-09-26,23.3,20.4,28.3,,1.7,77.3,8.6,18.62
146,전주,2025-09-27,24.1,19.7,29.7,.1,1.5,76.9,6.2,15.06
146,전주,2025-09-28,21.4,19,23.1,7.3,2.3,88.6,0,3.06
146,전주,2025-09-29,20.7,17.5,25.5,0,1.5,78.3,5.5,14.86
146,전주,2025-09-30,20.4,16,26,,1.7,73.6,6.4,16.1
152,울산,2025-05-15,20.1,17.3,21.9,,2.7,79.1,0,8.17
152,울산,2025-05-16,19.5,16.3,22.9,35.4,1.3,87.4,0,6.18
152,울산,2025-05-17,19.8,16.5,26.4,2.2,1.5,79.4,9.1,24.87
152,울산,2025-05-18,16.9,12.4,20.7,,2.2,59.9,10.4,25.72
152,울산,2025-05-19,19.9,11.9,25.8,,4.4,59.4,11,27.34
152,울산,2025-05-20,24.1,18.5,30.5,,2.7,68.8,12.4,27.73
152,울산,2025-05-21,22,17.5,28,,1.6,78.4,5.2,15.65
152,울산,2025-05-22,15.4,13.1,17.5,,2.5,79.1,.6,7.68
152,울산,2025-05-23,15.9,11.7,19.3,,2.2,58.3,3.8,15.61
152,울산,2025-05-24,13.2,11.8,16.2,4.6,3.2,85.8,0,3.43
152,울산,2025-05-25,15.6,11.6,21.2,.8,2,73.5,11,28.28
152,울산,2025-05-26,17.4,11.4,23.7,,1.4,74.8,12.2,27.3
152,울산,2025-05-27,18,12.4,23.4,,1.4,67.9,12.4,27.29
152,울산,2025-05-28,17.9,13.1,24.6,,1.3,69.1,7.3,19.96
152,울산,2025-05-29,16.7,12.8,22.9,,2,75.1,12,27.84
152,울산,2025-05-30,16.5,11.9,22.4,,2.3,72.3,12.9,29.3
152,울산,2025-05-31,17.9,11.7,25.9,,1.7,54.8,12,27.21
152,울산,2025-06-01,18.5,12.2,24.9,,1.4,64.6,12,27.98
152,울산,2025-06-02,18.7,15.9,22.1,1.8,.9,80.6,0,8.22
152,울산,2025-06-03,19.7,15.3,25,5.4,1.9,69.1,7,22.02
152,울산,2025-06-04,22.4,14.7,29,,2.3,28,13.2,30.98
152,울산,2025-06-05,20.9,15.6,25.9,,1.7,48.4,11.5,28.9
152,울산,2025-06-06,22.6,15.6,29.9,,1.7,50.4,4,16.79
152,울산,2025-06-07,23.6,17.1,29.1,,1.4,47.1,11.8,27.8
152,울산,2025-06-08,23.5,18.9,29.8,,1.3,62.3,10.7,24.57
152,울산,2025-06-09,21.4,17.9,26.7,,1.4,77.5,5.5,19.84
152,울산,2025-06-10,24.1,17.1,29.4,,1.8,68.1,8.6,23.19
152,울산,2025-06-11,23.4,19.1,29.5,,1.8,47.5,11.5,28.04
152,울산,2025-06-12,21.6,17.6,27.5,,1.4,63,4.5,17.95
152,울산,2025-06-13,19.6,16.9,22.9,10.6,.9,84.4,.2,9.97
152,울산,2025-06-14,20.8,18.9,22.6,68.7,1.2,95,0,5.06
152,울산,2025-06-15,23.3,18.6,30.2,.4,1.4,81.9,9.5,25.83
152,울산,2025-06-16,23,18.8,27,6.4,1.8,84.3,1.6,8.74
152,울산,2025-06-17,24.1,18.6,29.7,,2.9,73.9,9.9,24.53
152,울산,2025-06-18,24.9,19.4,29.8,,1.3,67.8,12.4,28.04
152,울산,2025-06-19,27.2,20.3,32.9,,1.8,60.1,10.5,25.21
152,울산,2025-06-20,26.3,24.8,28.6,0,3.9,75.3,.8,12.61
152,울산,2025-06-21,23.6,19.7,26.6,18.7,3.4,82.5,0,3.98
152,울산,2025-06-22,21.6,17.3,27.4,15.8,1.5,73.4,2.5,17
152,울산,2025-06-23,24,19.1,29.6,,1.5,63.6,13.2,30.12
152,울산,2025-06-24,20.2,17.9,22.7,33.1,1.2,86.9,0,5.22
152,울산,2025-06-25,21.9,19.1,26.7,2.2,1.7,84.6,4.5,16.16
152,울산,2025-06-26,25.2,20.2,30.1,,1.6,66.4,6.7,21.07
152,울산,2025-06-27,25.6,20.6,30.5,,1.3,69.1,12.7,26.42
152,울산,2025-06-28,27.5,23.1,33.3,,1.3,71.1,12.5,27.31
152,울산,2025-06-29,28.4,24.1,33.4,,1.4,71.8,13.1,29.03
152,울산,2025-06-30,29,25.1,34.7,,2,67.3,12.7,28.37
152,울산,2025-07-01,29.3,24.8,34.3,,1.6,67.1,11.6,25.84
152,울산,2025-07-02,30.4,26,36.3,,1.6,65.4,12.4,28.63
152,울산,2025-07-03,30.6,25.8,35,,1.7,64.6,11.6,27.14
152,울산,2025-07-04,29.6,24.6,34.9,,2.3,59.1,11,26.3
152,울산,2025-07-05,30.1,25.7,35.2,,2.2,60.3,13,29.32
152,울산,2025-07-06,29.8,25,34.7,,2,61.5,13,26.45
152,울산,2025-07-07,29.8,25.6,34.8,,2.1,66.8,12.8,26.74
152,울산,2025-07-08,27,24.3,31.2,,2.3,72.6,10.2,23.89
152,울산,2025-07-09,26.6,22.9,30.9,,2.5,64.5,9.5,25.9
152,울산,2025-07-10,25.2,23.3,28.7,,3.3,69.5,3,17.58
152,울산,2025-07-11,25.1,23.1,28.1,,3.8,69,9.7,26.91
152,울산,2025-07-12,24.4,21.5,28.2,,2.5,72,6.2,20.1
152,울산,2025-07-13,25.2,20.5,31,67,1.6,76.9,3.8,17.76
152,울산,2025-07-14,22,18.6,28.1,72.4,2.1,86,4,17.42
152,울산,2025-07-15,23.2,18.1,28.3,2.5,1.8,81.5,6.2,18.67
152,울산,2025-07-16,24.1,21.5,26.1,1.6,2,81.6,0,6.26
152,울산,2025-07-17,24.7,21.1,29,12.1,2.2,85,.1,8.89
152,울산,2025-07-18,24,21.2,26.7,27.6,1.9,93.9,.2,6.79
152,울산,2025-07-19,22.3,21,24.3,101.9,1.3,96,.5,4.3
152,울산,2025-07-20,26.1,21.7,30.6,,.9,81.9,8.3,22.01
152,울산,2025-07-21,27.3,23.3,31.6,,2,77.9,9,22
152,울산,2025-07-22,28.6,23.5,32.8,,1.3,71.8,12.3,26.26
152,울산,2025-07-23,28.2,24,33,,1.2,73.5,12.8,27.74
152,울산,2025-07-24,27.6,22.1,32.5,,1,69,12.7,27.88
152,울산,2025-07-25,28.2,23.9,32.3,,1.3,68.8,13,28.49
152,울산,2025-07-26,28.6,24.2,32.7,,1.4,71.3,12.9,28.26
152,울산,2025-07-27,28.5,24.4,32.6,,1.3,67.5,13,28.39
152,울산,2025-07-28,27.8,23.5,32.7,,1.2,68.9,13,28.15
152,울산,2025-07-29,27.9,22.5,33.2,,1.1,70.3,13,28.22
152,울산,2025-07-30,27.9,23.4,32.6,,1.6,73.8,12.5,28
152,울산,2025-07-31,28,23.6,32.7,,1.6,70.5,12.6,27.23
152,울산,2025-08-01,28,23.6,32.9,,1.5,75.8,12.4,27.33
152,울산,2025-08-02,28.5,24.1,34.1,,1.2,76.1,10.2,22.72
152,울산,2025-08-03,28.4,24.6,31.8,82,1.5,76,1.3,12.52
152,울산,2025-08-04,28.6,24.9,32,31.8,3.1,80.9,4.6,16.28
152,울산,2025-08-05,28.6,26.4,31.6,2.7,2.3,80,4.7,14.58
152,울산,2025-08-06,28.9,27.6,31.9,0,3.7,73,3.8,15.06
152,울산,2025-08-07,27.8,23.8,32,0,1.8,71.6,7,18.7
152,울산,2025-08-08,26,22.6,30.2,,1.3,78.8,9.7,20.65
152,울산,2025-08-09,24.2,21.3,28.4,2.1,1.1,86.9,0,6.67
152,울산,2025-08-10,23.4,20.3,27.6,32,1.3,81.9,3.8,14.72
152,울산,2025-08-11,23.4,20.1,28.9,2.3,1.7,81.3,6.9,18.79
152,울산,2025-08-12,22.3,20,23.8,43.1,.8,95.3,0,3.5
152,울산,2025-08-13,27.4,23.2,31.1,.1,1.9,79.1,6,19.07
152,울산,2025-08-14,28.9,24.3,33.9,,1.9,71.8,11.6,24.28
152,울산,2025-08-15,28.5,25.2,32.3,,1.3,72.6,10.5,22.02
152,울산,2025-08-16,29,24.4,33.8,,.6,74.3,9.9,22.14
152,울산,2025-08-17,28.4,23.7,33.9,,.1,71.1,12.5,26.21
152,울산,2025-08-18,29.4,24,34.5,,.6,65.1,10.9,24.37
152,울산,2025-08-19,29.5,25.8,34.1,,1.6,67.1,10.1,21.16
152,울산,2025-08-20,29,25.2,33.2,,2.1,69.8,11.8,24.44
152,울산,2025-08-21,28.3,24.2,33.3,,1.2,72.1,10.3,21.63
152,울산,2025-08-22,28.8,24.8,32.4,,1.4,74.4,10,21.86
152,울산,2025-08-23,30.1,25.7,35,,1.4,66,11.8,24.93
152,울산,2025-08-24,29.7,24.7,34.8,,1.3,67.8,11.8,23.18
152,울산,2025-08-25,29.7,25.6,34.5,,2.3,67.8,9.9,20.93
152,울산,2025-08-26,29.4,25.8,33.4,0,2.8,65,9.1,19.24
152,울산,2025-08-27,26.8,23.9,31.4,,2.2,72.9,8.2,21.29
152,울산,2025-08-28,26.4,22.9,30.7,2.4,1.4,81.4,4.6,14.25
152,울산,2025-08-29,29.6,24.1,35.6,,1.8,65.8,11.6,24.59
152,울산,2025-08-30,29.4,25.1,34.1,,1.4,67.8,11.1,23.31
152,울산,2025-08-31,27.9,24.5,32.1,.5,1.8,74.3,5.2,13.79
152,울산,2025-09-01,27.1,25.4,30.4,.5,2.9,79.5,4.3,12.3
152,울산,2025-09-02,25.7,23.3,30.5,6.7,1.3,84.6,1.6,8.65
152,울산,2025-09-03,25.4,21.9,29.8,,1.9,79.6,10.1,23.17
152,울산,2025-09-04,26.4,23.4,31.1,.1,2.4,82.3,5.9,19.04
152,울산,2025-09-05,26.1,23.7,30.3,.2,2.5,73.3,11.4,22.82
152,울산,2025-09-06,27.9,22.3,33,,2.5,69.9,9.3,21.04
152,울산,2025-09-07,28.5,25.3,32,0,2.2,69.6,3.4,12.93
152,울산,2025-09-08,26.1,23.4,30.4,,1.5,69.9,4.7,14.85
152,울산,2025-09-09,20.5,18.4,23.4,17.2,2,88.1,.2,5.05
152,울산,2025-09-10,22.4,20,25.7,0,2.4,81.1,3.7,16.51
152,울산,2025-09-11,23.6,20.7,26.3,.2,2.8,79.3,1.6,9.59
152,울산,2025-09-12,23.9,22.9,25.7,.1,2.4,82.5,0,4.45
152,울산,2025-09-13,23.8,20.6,29.7,11.5,1.9,90,.7,6.08
152,울산,2025-09-14,23.3,20.5,28,.1,.9,87.1,1.4,10.02
152,울산,2025-09-15,25.8,22.8,29.3,.1,1.1,78.6,3.2,12.01
152,울산,2025-09-16,27.5,22.5,32.8,0,2,77,8.4,18.12
152,울산,2025-09-17,26.9,22.6,33.3,0,2.1,75.4,8.1,16.9
152,울산,2025-09-18,21.4,20.3,22.6,0,2.6,74.8,.3,5.59
152,울산,2025-09-19,21.5,20.1,24.4,,2.1,68.9,1.2,11.04
152,울산,2025-09-20,21.8,19,27.1,1.5,1.6,81.1,1.6,7.65
152,울산,2025-09-21,20.4,18,23.2,,2.8,73.9,2.1,9.25
152,울산,2025-09-22,20.8,18.5,24.8,,2.8,63.4,3.3,12.84
152,울산,2025-09-23,21.5,17.7,25.3,0,2.5,66.9,7.3,18.77
152,울산,2025-09-24,23,20.4,28.1,8.2,1.2,88.3,.6,6.66
152,울산,2025-09-25,23.5,21.8,25.4,2.6,1.3,93.1,0,4.9
152,울산,2025-09-26,22.4,18.5,27.2,,1.9,74.3,10.2,20.93
152,울산,2025-09-27,22.4,18.3,26.5,,1.9,73.5,8,19.43
152,울산,2025-09-28,22.3,19.3,25.9,.2,2.1,79.1,.3,8.25
152,울산,2025-09-29,20.7,16.9,24.9,,2,72.8,4.2,13.94
152,울산,2025-09-30,20.1,15.5,25.8,,1.2,75.1,4.5,13.56
155,창원,2025-05-15,19.4,17.6,20.7,.6,1.9,90.6,0,2.61
155,창원,2025-05-16,19.2,17.6,21,63.5,1.6,94.6,0,3.4
155,창원,2025-05-17,19.9,17.4,25.7,.6,1.5,86,5.5,20.54
155,창원,2025-05-18,17.7,13.8,24.5,,2.2,66.4,9.5,25.35
155,창원,2025-05-19,19.6,12.9,24.5,0,2.2,69.8,11.4,27.06
155,창원,2025-05-20,22.4,19.5,26.9,.1,2.7,83.5,4.7,19.73
155,창원,2025-05-21,23.2,19.7,28,,1.3,83.1,4.1,13.89
155,창원,2025-05-22,19.4,17.2,21.8,0,1.4,83.9,.8,8.1
155,창원,2025-05-23,18.8,14.8,22.3,,1.9,52.8,2.7,13.86
155,창원,2025-05-24,15.2,13.5,18.1,.4,1.9,75.5,0,3.93
155,창원,2025-05-25,17,13.2,24.1,0,2.2,70.8,11.6,29.25
155,창원,2025-05-26,18.3,12.8,24.4,,1.9,76.9,11.7,27.34
155,창원,2025-05-27,18.7,14.3,24.1,.8,1.6,76.3,10.4,24
155,창원,2025-05-28,19.4,14,25.5,,1.8,65.4,12.2,26.2
155,창원,2025-05-29,19.1,14.3,26.6,,1.7,65.3,10.2,25.29
155,창원,2025-05-30,18.4,14.2,25,,2,72,12.4,28.76
155,창원,2025-05-31,20.4,14.1,28.1,,1.4,58.9,11.4,24.85
155,창원,2025-06-01,20.6,15.6,26.9,,1.7,65.4,12,26.57
155,창원,2025-06-02,18.8,16.7,21.6,1.9,.9,82.8,0,7.93
155,창원,2025-06-03,21.9,16.7,28.5,1.2,2,58,9.8,25.89
155,창원,2025-06-04,23.5,16.9,29.5,,2,32.6,12.8,30.42
155,창원,2025-06-05,22.1,15.9,29.2,,1.8,46.9,11.5,28.72
155,창원,2025-06-06,20.2,16.4,26.1,.3,1.3,67,1.5,12.16
155,창원,2025-06-07,22.5,15.3,29.6,,1.8,59.8,9.9,26.63
155,창원,2025-06-08,23.7,19.7,29.6,,1.8,76.6,7.1,22.47
155,창원,2025-06-09,22.1,18.9,27.6,,1.7,78.1,4.9,18.75
155,창원,2025-06-10,24,18.7,29.1,,1.7,73.8,8,22.44
155,창원,2025-06-11,24.7,20.8,32,,1.9,48,11.1,27.58
155,창원,2025-06-12,22.3,18.6,26.4,,1.7,64.8,4,17.58
155,창원,2025-06-13,21.1,17.9,24.8,36.5,1,80.6,.2,9.75
155,창원,2025-06-14,21.9,19.6,24.9,75.1,.8,94.4,.1,5.62
155,창원,2025-06-15,24.4,22.1,29.4,1.8,2,87.3,5.9,21.27
155,창원,2025-06-16,23.4,21,27.7,7.2,1.8,88,4.1,11.71
155,창원,2025-06-17,23.3,20.8,27.1,,3.3,83.9,9,25.07
155,창원,2025-06-18,24.4,20.9,29.3,,2,73.1,12.4,28.49
155,창원,2025-06-19,24.6,18.4,29.8,,1.9,78.8,10.7,25.25
155,창원,2025-06-20,25.1,23.7,26.9,2.7,2.7,90.8,.1,6.96
155,창원,2025-06-21,23.3,19.6,25.3,23.2,2.1,92.6,0,2.83
155,창원,2025-06-22,21.9,18.1,28.1,5,1.4,78.3,4.3,18.51
155,창원,2025-06-23,23.8,18.9,29.7,,1.7,71.1,12.8,29.37
155,창원,2025-06-24,21,19.3,23.3,28.2,.8,90.6,0,4.29
155,창원,2025-06-25,22.4,19.8,26.8,5.1,2.3,86.8,6.1,19.7
155,창원,2025-06-26,24,19,29.9,,1.9,76.9,11.4,27.61
155,창원,2025-06-27,25.9,20.6,31.6,,1.3,74.5,12.7,26.72
155,창원,2025-06-28,26.3,21.9,30.5,,1.9,83.1,12.7,28.04
155,창원,2025-06-29,27.2,23.9,32.4,,1.9,82.4,9.6,26.32
155,창원,2025-06-30,27.5,23.1,32.6,,2.1,81,12.8,29.03
155,창원,2025-07-01,28.2,24.4,33.6,,1.9,81.3,12.3,28.58
155,창원,2025-07-02,29.4,26,34.4,,1.9,78.6,11.4,27.38
155,창원,2025-07-03,28.5,24.8,34,,2,77.3,12,28.35
155,창원,2025-07-04,27.9,24.1,32.6,,2,76.8,11.3,26.43
155,창원,2025-07-05,27.8,22.8,33.3,,2.1,77.4,12.6,28.65
155,창원,2025-07-06,28.8,23.8,34.6,,1.5,76.5,12.3,27.93
155,창원,2025-07-07,30.1,25.7,36.3,,1.8,72,12.4,26.61
155,창원,2025-07-08,29.6,25.8,33.9,,1.6,69.6,8.7,19.17
155,창원,2025-07-09,29,24.4,34.8,,2.1,60,12.6,27.96
155,창원,2025-07-10,28.5,25.3,33.6,,2.5,60.3,8.5,22.51
155,창원,2025-07-11,28.2,24.8,33.6,,2.8,54.6,11.9,26.92
155,창원,2025-07-12,27,23.6,32.7,,1.9,64.3,11.2,25.87
155,창원,2025-07-13,24.4,20.9,30.4,86.6,1.1,82,.9,7.72
155,창원,2025-07-14,24.6,20.5,30.6,14.3,1.9,78.4,7.7,21.21
155,창원,2025-07-15,24.8,20.7,29.5,0,1.3,80.6,2.5,15.08
155,창원,2025-07-16,24.5,23,26.5,2.1,1.8,87.4,0,3.36
155,창원,2025-07-17,24,22,28.7,40.5,2.1,91.8,.2,5.72
155,창원,2025-07-18,25.1,21.9,29.3,21.8,2.1,93.5,1.6,11.93
155,창원,2025-07-19,23.7,21.4,26.7,88,1.9,94.5,.5,4.27
155,창원,2025-07-20,26.6,22,31.9,,1.4,85.1,7.2,22.72
155,창원,2025-07-21,27.1,24.5,31.4,3.1,1.3,86.9,4.3,17.37
155,창원,2025-07-22,28.6,24.5,33.9,,1.4,79,10.3,25.03
155,창원,2025-07-23,28.8,24.6,34.4,,1.4,75,12.4,27.45
155,창원,2025-07-24,28.3,23.7,33.4,,1.5,73.1,12.2,28.19
155,창원,2025-07-25,28.9,25.1,33.1,,2.1,71.5,12.5,28.47
155,창원,2025-07-26,29.8,25.5,32.9,,2.3,68.1,10.7,24.88
155,창원,2025-07-27,29.5,25.9,32.7,,2.3,66.3,12.3,28.43
155,창원,2025-07-28,28.5,24.9,34,,1.6,70.3,12.5,27.94
155,창원,2025-07-29,28.2,23.9,34.1,,1.6,70,12.5,27.88
155,창원,2025-07-30,28.3,24.3,34,,1.8,67.3,12.1,27.34
155,창원,2025-07-31,28.6,24.2,33.8,,1.7,69.8,12.3,27.47
155,창원,2025-08-01,28.7,24.4,34.3,,1.8,76.9,12.4,26.95
155,창원,2025-08-02,29.5,25.4,35.4,,1.5,80.1,9.4,25.39
155,창원,2025-08-03,28.7,26.2,32.1,22.3,1.8,80.9,1.1,13.48
155,창원,2025-08-04,29.2,27.3,32.1,2.4,2.8,85,2.6,12.74
155,창원,2025-08-05,28.7,27.2,31.7,7.8,1.8,86.4,2.6,11.84
155,창원,2025-08-06,28.7,27.3,32,2,1.4,84.1,2.5,11.95
155,창원,2025-08-07,29.6,25.6,33.9,0,1.1,69.5,10.1,21.2
155,창원,2025-08-08,27.1,23.7,30.8,,1.2,75,5.2,17.79
155,창원,2025-08-09,24.5,22.1,28.7,5.5,1.2,90.1,.5,7.47
155,창원,2025-08-10,23.7,21.8,28.6,39.6,1.2,92.9,1.6,8.93
155,창원,2025-08-11,23.7,20,29.3,17.1,1.4,88.6,4.1,13.49
155,창원,2025-08-12,22.6,20.4,24,54.7,.6,97.3,0,2.79
155,창원,2025-08-13,27.5,23.8,32.5,.3,1.6,88.4,6.4,19.4
155,창원,2025-08-14,28.7,25.1,33.3,,1.7,83,10,23.07
155,창원,2025-08-15,29.1,25.2,34.7,,1.4,78.5,11,24.53
155,창원,2025-08-16,29.1,25.3,34,,1.6,79.4,12.1,26.19
155,창원,2025-08-17,28.9,24,34.7,,1.1,76.4,12.1,25.9
155,창원,2025-08-18,28.9,25,34,,1.5,79.8,9.6,22.19
155,창원,2025-08-19,28.9,25.1,33.3,,1.8,77,11.6,25.07
155,창원,2025-08-20,28.4,24.5,33,,1.8,79.8,11.7,24.84
155,창원,2025-08-21,29,24.4,34.5,,1.4,76.9,11.9,25.06
155,창원,2025-08-22,29.3,25.8,34.3,,1.4,79,10.8,22.28
155,창원,2025-08-23,29.3,25.7,35,,1.5,77.9,11.8,24.67
155,창원,2025-08-24,29.3,25.3,34.8,,1.4,80.1,11.2,22.77
155,창원,2025-08-25,29.2,25.5,35,,1.7,78.9,10.7,22.62
155,창원,2025-08-26,29.1,25.9,33.6,,1.7,78,9.3,20.8
155,창원,2025-08-27,27.7,24.7,32.9,,1.8,75,9.8,20.7
155,창원,2025-08-28,27.8,24.6,32.8,,1.4,77.3,8.5,19.83
155,창원,2025-08-29,28.7,24.5,34.7,,1.8,79.3,11.5,23.06
155,창원,2025-08-30,29.3,25.1,35.1,,1.6,74.9,11.8,24.31
155,창원,2025-08-31,27,25.1,30.7,9.1,1.2,86.9,4.1,11.4
155,창원,2025-09-01,26.5,25.3,28.5,14,1.7,92.1,1.1,6.74
155,창원,2025-09-02,25.7,22.7,30.2,81.2,1.3,92.3,4.6,11.53
155,창원,2025-09-03,27.1,23.7,31.4,,1.4,82.8,8.8,21.66
155,창원,2025-09-04,27.7,24,33.2,0,1.5,78.5,7.2,17.74
155,창원,2025-09-05,27.4,24.7,32.6,,1.9,77.4,9.4,19.98
155,창원,2025-09-06,27.6,23.9,32,0,1.6,83.4,5.7,16.76
155,창원,2025-09-07,27.6,24.6,33.2,1.8,1.2,85.5,4.4,13.28
155,창원,2025-09-08,26.6,24.1,31.4,,1.2,82.1,4.9,14.69
155,창원,2025-09-09,21.8,19.6,24.7,8.9,1.5,87.6,.7,5.69
155,창원,2025-09-10,23.5,21.1,28,,1.5,83.4,2.1,13.6
155,창원,2025-09-11,25.1,20.3,30.3,,2.1,73,9.1,19.62
155,창원,2025-09-12,25.4,22.2,28.8,0,1.2,79.3,1.4,10.31
155,창원,2025-09-13,26.5,24.1,31.5,6.3,2,89.9,1.4,8.13
155,창원,2025-09-14,25.7,23.4,29.2,0,1.8,82.8,5.4,17.76
155,창원,2025-09-15,26,23.2,30,0,1,85.1,1.8,10.45
155,창원,2025-09-16,27.1,23.6,32.5,0,1.6,85,8.6,18.62
155,창원,2025-09-17,26.7,23.7,33,7.8,1.4,86.1,7.1,15.82
155,창원,2025-09-18,23.6,20.7,26.3,0,1.9,74.8,1.5,7.43
155,창원,2025-09-19,22.6,19.2,26.8,,1.4,71.8,3.3,13.49
155,창원,2025-09-20,24.4,20.9,29.4,3.8,1.6,77.4,4.2,11.94
155,창원,2025-09-21,22.2,19,26.9,,2,69.6,6.8,15.88
155,창원,2025-09-22,22.3,18.6,26.9,,2.2,61.9,5.5,14.13
155,창원,2025-09-23,23.2,19.8,28.6,,2.2,61.8,5.8,16.66
155,창원,2025-09-24,24,21,27.6,4.8,1.2,84.8,.2,7.25
155,창원,2025-09-25,24.2,22.5,25.7,1.9,.8,94.1,0,4.83
155,창원,2025-09-26,24.1,21.8,30.3,,1.5,79,10.1,20.03
155,창원,2025-09-27,23.6,21.3,28.7,0,1.5,74.5,6.9,16.92
155,창원,2025-09-28,23.6,21.1,26.5,5,1.1,81.5,1.5,7.95
155,창원,2025-09-29,22.6,20.4,27.1,,1.4,72.8,3.6,12.42
155,창원,2025-09-30,21.5,18.5,26.1,,1.3,79.3,3.6,13.33
156,광주,2025-05-15,21.1,19.9,23.1,.3,1.9,85.3,0,6.21
156,광주,2025-05-16,19.5,16.9,23.6,40.1,1.9,90,0,5.26
156,광주,2025-05-17,19.1,16.1,23.9,.4,1.5,86.5,3.7,15.18
156,광주,2025-05-18,17.8,12.6,24.2,,1.3,59.1,10.4,27.88
156,광주,2025-05-19,20,14,25.8,0,1.9,69.8,6.4,20.63
156,광주,2025-05-20,23.6,19.3,28.8,0,1.5,82.4,2.2,14.72
156,광주,2025-05-21,24,20.5,26.6,,1,76.3,3.3,13.77
156,광주,2025-05-22,22.3,18.4,27.4,0,1.3,80.3,5.8,19
156,광주,2025-05-23,20.2,18,23.7,,1.2,61.5,.4,13.11
156,광주,2025-05-24,18.2,15.1,21.2,,1.2,58.9,.6,11.58
156,광주,2025-05-25,18.4,12.7,25.2,,1,63,12.8,29.6
156,광주,2025-05-26,19.8,13.8,25.7,,1.1,57.4,11.7,25.13
156,광주,2025-05-27,20.7,14.3,27.2,,.9,52.8,12.3,27.54
156,광주,2025-05-28,22,15,29.5,,1.1,51.5,12.2,28.36
156,광주,2025-05-29,22.1,16,28.4,,1.1,53.4,12.4,27.8
156,광주,2025-05-30,21,15.5,27.1,,1.1,59.9,12.1,26.4
156,광주,2025-05-31,20.2,16.1,25.8,,1,67.4,5.8,20.73
156,광주,2025-06-01,22.1,15.3,29.2,,1,61.9,10.8,26.89
156,광주,2025-06-02,18.4,16.2,20.7,3.5,1.2,81.6,0,7.37
156,광주,2025-06-03,20,15.7,25.1,0,1.2,71,12.6,30.06
156,광주,2025-06-04,21.2,14.8,27.8,,1.6,52.9,12.8,31.71
156,광주,2025-06-05,21.8,14.5,28.6,,1,48.5,12,29.34
156,광주,2025-06-06,21.8,18.4,26.4,.4,.9,47.9,1.6,12.36
156,광주,2025-06-07,23.9,16.5,30.6,,1.6,58.3,9.6,27.6
156,광주,2025-06-08,25.2,21,30.7,,1.2,67.3,4.8,20.37
156,광주,2025-06-09,25.4,20.8,31.3,,1.1,70,5.8,20.35
156,광주,2025-06-10,23.6,20.4,29.8,,1.3,67.8,8,23.09
156,광주,2025-06-11,23.7,16.8,30.5,,2.1,50.3,12.1,31.19
156,광주,2025-06-12,24.8,19.8,30.7,,1.8,52,6.4,22.93
156,광주,2025-06-13,21.3,19.7,22.6,28.1,1,83.6,.1,7.94
156,광주,2025-06-14,23.9,20.6,28.6,49.1,1.1,87.6,1.5,11.97
156,광주,2025-06-15,24.8,20,30.9,7,1.9,81.3,7.3,22.14
156,광주,2025-06-16,23.3,21.2,26.9,11.1,2.3,87.1,4.1,12.22
156,광주,2025-06-17,25,20.5,30.2,0,1.9,77.5,5.7,18.09
156,광주,2025-06-18,25.8,19.9,32.1,,1.2,64.8,10.7,28.64
156,광주,2025-06-19,25.6,20.9,30.1,0,1.9,73.3,6.2,20.37
156,광주,2025-06-20,25.3,23.6,27.4,3.8,3.2,84.9,0,7.28
156,광주,2025-06-21,22,18.5,25,133.5,2.8,94.1,0,3.12
156,광주,2025-06-22,22.6,18.3,27.6,.3,.9,75.4,6.6,22.1
156,광주,2025-06-23,25.6,18,32.2,,1.1,62.9,12.9,31.39
156,광주,2025-06-24,22,19,24,9,1.5,81.8,0,5.84
156,광주,2025-06-25,23.1,19.1,28.1,.6,2.6,77.4,8.2,23.95
156,광주,2025-06-26,24.1,19.7,29.8,,1.4,73,9,26.88
156,광주,2025-06-27,26.8,20.4,32.5,,.9,68.9,12.3,28
156,광주,2025-06-28,28.4,25.2,33.8,,1.6,75.8,10.1,27.46
156,광주,2025-06-29,28.5,24.7,33.2,,1.8,72.3,12.4,30.28
156,광주,2025-06-30,29,24.6,33.8,,1.5,72.1,12.3,28.31
156,광주,2025-07-01,28.9,25.7,33.8,,1.8,75.4,4.5,16.79
156,광주,2025-07-02,29.5,25.3,34.6,,1.3,73.3,9.1,26.64
156,광주,2025-07-03,28.9,25.4,34.3,,1.7,71.3,11.2,28.74
156,광주,2025-07-04,27.9,24.5,32.6,,2,74,8.2,23.21
156,광주,2025-07-05,28.5,24.9,33.6,,1.8,73.9,8.4,24.74
156,광주,2025-07-06,29.2,26.2,34.4,,1.7,73.4,8.8,26.22
156,광주,2025-07-07,29.5,25.2,35.4,,1.1,72.3,9.4,26.82
156,광주,2025-07-08,31.1,26.7,35.9,,1,70.4,10,24.12
156,광주,2025-07-09,30.8,26.3,36.7,,1.7,59.4,11.4,28.77
156,광주,2025-07-10,29.7,25.2,34.8,,2,58,,
156,광주,2025-07-11,29.4,24.8,35.7,,3,53.1,9.7,25.35
156,광주,2025-07-12,28.9,23.8,35.1,,1.5,56.1,9.2,25.26
156,광주,2025-07-13,23.8,20.5,28.2,50.2,1.2,84.6,0,5.35
156,광주,2025-07-14,24.8,20,30.2,,1.1,79,10.4,25.8
156,광주,2025-07-15,24.2,21.4,28.6,.3,1.7,81.3,2.2,12.12
156,광주,2025-07-16,24.4,22.2,25.9,8.9,2.5,84,0,4.51
156,광주,2025-07-17,23.5,20.6,27.8,426.4,2.4,94.4,0,2.99
156,광주,2025-07-18,24.6,20.8,30.6,20.7,1.5,87.5,4.8,17.07
156,광주,2025-07-19,25.2,23.2,29.5,80.1,1.7,92.4,1.4,9.41
156,광주,2025-07-20,27.7,23.7,31.8,,1.7,79,,
156,광주,2025-07-21,26.8,24.6,32.6,3.4,1.4,84.1,5.9,15.99
156,광주,2025-07-22,28.2,23.3,33.5,0,1,76.4,9,22.7
156,광주,2025-07-23,28.8,24.5,33.6,,.7,75.3,9.7,22.88
156,광주,2025-07-24,29.8,25,34.6,,1,73.4,10.6,25.29
156,광주,2025-07-25,30,24.7,35.3,,1.2,69,10.4,25.77
156,광주,2025-07-26,30.4,25.2,35.4,,1.6,66.6,12.5,27.93
156,광주,2025-07-27,30.4,25.7,35.7,,1.7,65.1,12.5,27.84
156,광주,2025-07-28,29.4,24.5,35.5,32.8,1.3,71.4,11.2,26.25
156,광주,2025-07-29,29.8,24.8,35,,1.1,68.9,12.3,27.99
156,광주,2025-07-30,29.1,24.2,34.6,,1.7,67.3,8.5,25.06
156,광주,2025-07-31,29.8,25.4,34.6,,1.5,64.6,10.6,24.23
156,광주,2025-08-01,29.8,24.5,34.7,,.9,67.1,9.7,23.67
156,광주,2025-08-02,28.6,24.1,34.1,10.7,.9,78.3,6.9,18.66
156,광주,2025-08-03,26.4,25.1,29,186.7,1.4,89.4,.1,6.53
156,광주,2025-08-04,26.7,25.8,30.5,22.6,1.8,92.5,.8,8.26
156,광주,2025-08-05,28,25.6,32.3,1.9,1.7,85.8,5.6,16.69
156,광주,2025-08-06,27.7,26.6,30.1,.7,2.4,87.5,.9,10.2
156,광주,2025-08-07,28.1,24.9,31.2,,1.2,77,6.8,19.29
156,광주,2025-08-08,26.8,22.4,31.8,,.9,72.1,7.7,22.91
156,광주,2025-08-09,23.5,21.7,26.6,24.3,.8,88.4,0,5.3
156,광주,2025-08-10,25.9,21.9,31.4,33.8,1.3,81.9,7,19.15
156,광주,2025-08-11,23.5,20.7,28.3,11.2,.9,89.9,.8,7.98
156,광주,2025-08-12,23,20.6,25.6,47,.8,93,0,5.87
156,광주,2025-08-13,27.5,23.5,31.4,2.1,1.9,82.4,7.2,19.62
156,광주,2025-08-14,27.8,24.6,32.5,8.7,1.1,81.6,9.9,23.15
156,광주,2025-08-15,28.7,24.9,33.8,,.7,77,10.7,24.51
156,광주,2025-08-16,28.4,24.7,33.8,,.9,75,9.5,25.5
156,광주,2025-08-17,28.3,23.5,33.5,,.8,75.3,10.3,24.12
156,광주,2025-08-18,28.5,25,32.9,,1.2,76.9,5.8,17.99
156,광주,2025-08-19,29,25.6,33.1,,1.5,74.8,9,22.11
156,광주,2025-08-20,28.7,25,34.3,,1.4,75.1,9.5,22.85
156,광주,2025-08-21,29.3,24.6,34.7,,1,73.1,10.7,24.1
156,광주,2025-08-22,29.2,25.7,34.1,,1,72.5,10.6,22.55
156,광주,2025-08-23,29.2,24.6,34.7,,1,73.4,10.6,23.59
156,광주,2025-08-24,29.3,25.3,34.4,,1.3,76.5,9.4,21.35
156,광주,2025-08-25,29.7,26.6,34.2,,2.1,73.9,9.8,23.46
156,광주,2025-08-26,27.2,24,30.1,31,1.6,85.1,4.1,12.67
156,광주,2025-08-27,28.1,24.7,33,,.7,76.6,8.3,21.78
156,광주,2025-08-28,28.7,24.5,33.2,,1.3,73.4,8,20.63
156,광주,2025-08-29,29.4,25.1,33.8,,1.4,74.3,10.2,22.68
156,광주,2025-08-30,28.6,25.3,34.6,6,.9,77.5,10.3,25.17
156,광주,2025-08-31,25.6,23.7,30.6,45.9,1.1,89.9,4.5,11.03
156,광주,2025-09-01,27.5,24.4,32.4,2.8,2.1,83,8.5,19.5
156,광주,2025-09-02,26,24,29.7,20.3,.8,80.1,5,15.27
156,광주,2025-09-03,26,22,31.6,0,.8,80.6,6.2,16.28
156,광주,2025-09-04,25.9,23.1,31.6,38.1,1.2,84.1,5,15.74
156,광주,2025-09-05,26.9,23.1,33.2,2.8,1.1,82.9,9,21.8
156,광주,2025-09-06,28.3,24.8,32.3,,2.1,79.8,8.2,19.08
156,광주,2025-09-07,25.9,23.4,27.7,26.3,1.5,89,.5,6.7
156,광주,2025-09-08,22,18.5,25.3,14.3,.9,83.9,1.6,7.73
156,광주,2025-09-09,19.8,17.2,21.4,22.5,1.5,91,.1,5.38
156,광주,2025-09-10,24,19.9,29.2,4.7,1.2,82.3,7.6,20.49
156,광주,2025-09-11,24.9,20.4,31.4,,1.4,75.1,8,19.38
156,광주,2025-09-12,24.4,22.1,26.7,.1,2.2,80.9,.2,7.21
156,광주,2025-09-13,25.1,23.1,28.1,26.6,1.9,88.3,.8,6.7
156,광주,2025-09-14,25.2,21.9,29.2,0,.6,80.3,4.3,15.31
156,광주,2025-09-15,24.7,23.1,27.2,5.2,.7,88.4,1.5,7.1
156,광주,2025-09-16,27.2,23.3,32.4,.3,1.4,81.3,8,18.87
156,광주,2025-09-17,25.6,22.9,30.9,6.9,1.6,84.6,2.5,10.04
156,광주,2025-09-18,23.8,21.1,27.5,0,1,77.3,2.8,13.67
156,광주,2025-09-19,22.9,19.3,26.5,0,1.6,75.9,1,11.16
156,광주,2025-09-20,22.5,19.6,25.5,9.3,1.8,82.1,4.4,13.79
156,광주,2025-09-21,22.2,17.6,28,,1.2,73.1,8.8,20.92
156,광주,2025-09-22,22.2,17.9,27.7,,1.8,68.3,7.1,18.13
156,광주,2025-09-23,23,19.1,28.7,,1.7,64.5,7.1,18.91
156,광주,2025-09-24,23.9,20.2,28.5,5.3,1.3,83,1.9,11.2
156,광주,2025-09-25,22.7,21.9,24,35.5,.7,92.9,0,4.77
156,광주,2025-09-26,24.3,21.9,29.3,0,.8,75.3,4.9,16.26
156,광주,2025-09-27,24.1,21,28.2,0,1.3,75.8,2.4,12.75
156,광주,2025-09-28,21.8,19.2,23.7,17.7,1.1,87.4,.1,4.12
156,광주,2025-09-29,20.7,17.7,25.5,,.7,75.9,5.7,15.25
156,광주,2025-09-30,20.2,16,25.1,,.5,74.1,6.6,15.48
159,부산,2025-05-15,18.4,17,19.6,1.4,4.5,89.3,0,3.3
159,부산,2025-05-16,18.8,16.9,21,58,2.7,93.1,0,4.92
159,부산,2025-05-17,18.6,16,24.2,.6,3.3,85.8,7.8,24.31
159,부산,2025-05-18,18.1,15,22,,2.8,63.5,9.8,27.39
159,부산,2025-05-19,19,14.8,21.9,,4.8,74.3,8.7,25.44
159,부산,2025-05-20,21.6,17.7,25.8,0,4.4,87,4.3,22.08
159,부산,2025-05-21,22.2,18.6,25.2,0,2.4,84.3,3.8,14.27
159,부산,2025-05-22,18.2,15.9,23.8,,2.6,74.6,2.3,14.57
159,부산,2025-05-23,17.9,14.5,21.6,,3.2,51.6,2.7,14.95
159,부산,2025-05-24,14.6,13,16.8,3.1,3,80.6,0,5.42
159,부산,2025-05-25,15.9,12.6,19.7,.3,2.7,75.5,9.7,26.98
159,부산,2025-05-26,17.6,13.5,21.6,,3.1,75.8,11.7,28.44
159,부산,2025-05-27,19,14.9,23.4,,2.4,65.9,11,27.39
159,부산,2025-05-28,19.9,15.8,24.5,,1.8,66.6,12.1,27.49
159,부산,2025-05-29,18.8,15.5,23.7,,2.6,67.3,11.2,28.37
159,부산,2025-05-30,18.6,14.6,23,,2.4,64.1,12.2,30.4
159,부산,2025-05-31,19.6,14.9,25.8,,2.1,57.4,10.5,27.11
159,부산,2025-06-01,20.5,16.6,23.9,,2.4,62.5,11.3,27.95
159,부산,2025-06-02,19,17,21.6,1,1.9,80.4,0,9.43
159,부산,2025-06-03,19.8,16.6,22.8,4.3,2.4,70.8,7,21.53
159,부산,2025-06-04,22.2,17.3,25.6,,4.1,38,12.4,31.37
159,부산,2025-06-05,21.2,18.3,26,,3.5,48.4,10.7,29.67
159,부산,2025-06-06,20.9,18,25.8,0,3.1,61.5,2,14.07
159,부산,2025-06-07,22.5,19.6,26.2,,3.7,59.8,9.8,27.78
159,부산,2025-06-08,22.5,20.3,26,,3.3,81,6.2,22.26
159,부산,2025-06-09,21.4,19.8,26.4,,2,81.3,3.5,18.32
159,부산,2025-06-10,22.1,19.1,25.8,,2.6,79,6.7,22.73
159,부산,2025-06-11,23.8,20.6,30.2,,2.5,52.3,10.5,27.44
159,부산,2025-06-12,21.5,19.1,24.9,,2.2,71.3,1.9,15.28
159,부산,2025-06-13,21.3,19,24.6,11.8,1.4,84.8,.2,11.95
159,부산,2025-06-14,21.5,19.7,22.7,166.7,3.2,96.3,0,3.77
159,부산,2025-06-15,21.5,19.2,25,6.7,3,92.4,4.2,18.76
159,부산,2025-06-16,21.7,19.3,26.5,9.7,4.2,90.6,3.7,12.09
159,부산,2025-06-17,22.2,19.8,26,,5.3,87,6.3,24.25
159,부산,2025-06-18,20.6,18.8,22.9,,3.7,88,10.6,28.77
159,부산,2025-06-19,23.8,18.7,27.6,,3.2,78.1,8.7,25.04
159,부산,2025-06-20,23.4,22.7,24.1,2.7,6.3,95.3,0,5.33
159,부산,2025-06-21,23.2,22,23.7,7.6,8.9,94.9,0,3.63
159,부산,2025-06-22,20.8,18.6,23,35.8,2.2,84.1,4,17.74
159,부산,2025-06-23,24.4,20.4,28.3,,2,70.3,12.5,30.92
159,부산,2025-06-24,21.2,20.1,22.8,44.8,2.3,86.9,0,3.73
159,부산,2025-06-25,21.8,20.5,24,1.6,3.5,87.3,5.3,18.68
159,부산,2025-06-26,22.8,20.1,26.8,,3.9,76.3,11.9,29.53
159,부산,2025-06-27,24.2,20.9,28,,2.4,74.6,12.5,27.95
159,부산,2025-06-28,25.3,22.3,28.9,,3.2,83.9,12.4,29.13
159,부산,2025-06-29,25.9,22.4,29.4,,3.5,82.9,12.5,30.41
159,부산,2025-06-30,26.2,24.4,30.8,,,80.8,,
159,부산,2025-07-01,27,24.7,29.7,,4.2,81.8,12.4,29.14
159,부산,2025-07-02,27.8,24.9,30.7,,3.5,81,12.3,29.62
159,부산,2025-07-03,28,25.8,31.4,,3.9,74.9,11.9,29.2
159,부산,2025-07-04,27.6,25.6,30.8,,5.2,73.4,10.6,26.47
159,부산,2025-07-05,27.8,25.1,31.8,,5.2,73.5,12.4,30.2
159,부산,2025-07-06,27.9,24.6,31.9,,4.1,75.1,12.2,28.88
159,부산,2025-07-07,30.1,27.2,34,,2.5,70.1,12.3,27.91
159,부산,2025-07-08,29.4,26.4,34.8,,2.7,65.1,12.2,28.46
159,부산,2025-07-09,28.5,25.3,32.6,,3.2,59.6,10,26.95
159,부산,2025-07-10,28,25.2,31.8,,3.5,60.9,9,22.68
159,부산,2025-07-11,27.3,24.4,32.3,,3.8,59.4,12.3,28.43
159,부산,2025-07-12,26.7,23.8,31.5,,3.3,64,9.3,24
159,부산,2025-07-13,26,22.3,31.7,111,2.2,80.9,1.2,14.54
159,부산,2025-07-14,24.2,20.4,29.5,49.3,2.6,80.1,6.3,21.11
159,부산,2025-07-15,24.7,21.4,27.9,6,4,78.6,4.9,20.17
159,부산,2025-07-16,25.3,24.2,26.9,.2,4,83.3,0,6.94
159,부산,2025-07-17,25.9,24.2,28.4,0,4.3,85.5,.8,10.89
159,부산,2025-07-18,24.5,22.7,26.1,27.8,3.2,93,0,5.31
159,부산,2025-07-19,24.1,21.7,27.5,47.5,2.9,89.1,.3,9.07
159,부산,2025-07-20,27.6,23.9,31.4,,.9,76,8.1,20.37
159,부산,2025-07-21,28.1,25.9,31.3,,3.4,79.8,8.8,25.1
159,부산,2025-07-22,29.1,25.6,32.3,,3.1,73.8,12.3,28.58
159,부산,2025-07-23,29.4,26.4,32.3,,2.3,70,12.3,28.32
159,부산,2025-07-24,28.7,24.7,31.7,,1.9,68,12.2,29.44
159,부산,2025-07-25,29.6,26.8,32.2,,2.6,69.3,10.4,28.26
159,부산,2025-07-26,29.9,27.1,33.1,,2.7,69.9,12.1,28.92
159,부산,2025-07-27,29.9,27.2,32.8,,2.6,63.6,12.3,29.12
159,부산,2025-07-28,29.6,26.8,32.7,,2.1,67.6,12.3,29.13
159,부산,2025-07-29,29.2,26.2,33,,2.3,68.8,12.1,29.13
159,부산,2025-07-30,29.1,26.1,32.7,,2.5,66.3,12,28.62
159,부산,2025-07-31,29.3,26.8,33.1,,2.6,70.5,11.9,28.75
159,부산,2025-08-01,29.4,26.3,33.6,,2.2,76.4,11.6,27.48
159,부산,2025-08-02,29.7,27.4,32.2,,2.7,77.1,9.5,26.65
159,부산,2025-08-03,29.3,27.4,32.5,7.8,3.7,79.3,2.8,16.54
159,부산,2025-08-04,28.8,26.1,31,12.9,6.9,85.6,2.4,14.66
159,부산,2025-08-05,28.6,26.7,30.9,4.9,5.2,83.4,1.3,12.49
159,부산,2025-08-06,28.5,27.5,30.5,2.4,6.1,81.8,2.2,11.22
159,부산,2025-08-07,29.5,26.6,33.8,,3.4,74.5,8.2,22.84
159,부산,2025-08-08,27.4,25.1,30.8,,2.4,78.1,5.8,20.24
159,부산,2025-08-09,24.9,22.3,29.4,5.2,2,84,.6,8.63
159,부산,2025-08-10,23.5,22,26.4,39.3,1.6,86.9,.4,7.84
159,부산,2025-08-11,24.1,20.6,29.8,11.2,2.1,83.6,4.9,15.28
159,부산,2025-08-12,23,20.3,24.9,74.1,1.2,95,0,3.08
159,부산,2025-08-13,27.6,24.9,30.8,,3.8,86,6.4,21.43
159,부산,2025-08-14,28.7,26.1,31.9,,3.7,79.8,9.9,23.77
159,부산,2025-08-15,29.5,26.7,33.5,,2.4,71.9,11.7,26.37
159,부산,2025-08-16,29.4,26.4,32.4,,2.5,72.3,12,26.91
159,부산,2025-08-17,29.1,26.3,33.5,,3.4,74.3,12,27.49
159,부산,2025-08-18,29.1,26.7,32.7,,3.4,73.8,9,22.77
159,부산,2025-08-19,29,26.9,32,,4.6,74.6,11.4,25.87
159,부산,2025-08-20,29,26.3,32.2,,4.1,75.5,12.1,26.48
159,부산,2025-08-21,29.7,26.3,33.2,,2.6,70.5,11.9,26.3
159,부산,2025-08-22,29.5,26.6,32.3,,2.3,74.8,11.2,24.56
159,부산,2025-08-23,29.7,26.9,34.2,,3.2,73.3,11.7,25.45
159,부산,2025-08-24,29.6,26,34.2,,3.2,75.8,11.8,25.43
159,부산,2025-08-25,29.4,27,32.8,,4.5,74.1,12.1,25.8
159,부산,2025-08-26,29,26.8,32.3,,4.2,75.9,10.4,23.42
159,부산,2025-08-27,28.7,26.5,33.1,,2.5,71.1,9.6,22.36
159,부산,2025-08-28,28.6,25.5,32.6,,2.4,74.9,8.2,20.39
159,부산,2025-08-29,29.3,26,32.9,,3.6,72.8,11.9,25.26
159,부산,2025-08-30,29.7,26.8,33.5,,3.3,70.1,12,25.31
159,부산,2025-08-31,28.2,26.7,31.6,.9,2.7,80.6,3.6,11.44
159,부산,2025-09-01,26.5,24.9,30.3,6.6,4.1,86.8,2.4,8.39
159,부산,2025-09-02,26.5,25.1,30.9,.2,2.9,85.1,3.2,13.07
159,부산,2025-09-03,27.6,24.1,31.6,,2.4,73.1,11.8,24.89
159,부산,2025-09-04,28.7,25.9,33.6,,2.7,73.8,7.7,21.15
159,부산,2025-09-05,28.2,25.8,32.8,,2.5,68.8,10.3,21.98
159,부산,2025-09-06,28.6,25.3,31.9,,3.7,73.8,7.5,19.5
159,부산,2025-09-07,28.6,26.5,33.2,.9,5.4,76.5,7.1,18.39
159,부산,2025-09-08,27.2,25.7,31.4,,2.2,74.1,5.5,17.73
159,부산,2025-09-09,23.8,21.6,26.2,2.2,2.2,79,.1,6.92
159,부산,2025-09-10,24.9,22.7,30.3,,2.6,73.6,2.4,11.88
159,부산,2025-09-11,26,22.7,30.5,,3.4,70.1,7.3,17.36
159,부산,2025-09-12,26.5,24.2,30,0,2.8,73.9,1.9,12.33
159,부산,2025-09-13,25.9,23.2,29.2,28.7,4.2,86,1.2,8.04
159,부산,2025-09-14,25.8,22.6,29.5,0,2.6,78.8,5.4,17.01
159,부산,2025-09-15,27.4,24.7,31.3,0,2.1,76.4,4,15.27
159,부산,2025-09-16,28.2,25.5,31.8,,3.5,77.8,11.1,21.73
159,부산,2025-09-17,27.5,25.5,31.6,3.5,4.7,78.8,8.7,20.15
159,부산,2025-09-18,23,20.9,25.8,0,2.8,72.9,.3,8.08
159,부산,2025-09-19,23.5,20.8,27.7,,2.8,66.3,5.6,16.63
159,부산,2025-09-20,25.1,22.3,29.8,7.2,3.2,74.5,4.3,12.69
159,부산,2025-09-21,22.5,19.9,27.1,,2.8,66.9,7.5,18.02
159,부산,2025-09-22,22.5,19.9,27.5,,3.5,61,5.4,17.25
159,부산,2025-09-23,23.5,20.3,28.6,,3,62.5,4.1,16.81
159,부산,2025-09-24,25.4,22.4,30.2,.2,2.8,82.3,.9,9.09
159,부산,2025-09-25,25.2,23.5,26.9,2,2.1,87.6,0,4.8
159,부산,2025-09-26,24.8,22.5,29.3,,2.2,72.6,10.1,19.77
159,부산,2025-09-27,24.7,22.3,28.8,0,2.5,67.1,7.6,19.4
159,부산,2025-09-28,24.3,22.7,27.9,2.2,2.9,75,1.9,8.68
159,부산,2025-09-29,22.7,20.4,27.1,,2.2,66.6,3.1,12.51
159,부산,2025-09-30,22.6,19,26.6,,1.8,66.4,3.6,13.81
162,통영,2025-05-15,18.4,17.4,19,7.2,2.6,93.6,0,2.77
162,통영,2025-05-16,18.3,17.2,20.1,79.2,1.5,95.6,0,3.03
162,통영,2025-05-17,18.1,15.3,22.6,,2.5,86.6,6.5,23.46
162,통영,2025-05-18,17.9,13.8,23.1,,2.1,69.6,8.9,25.63
162,통영,2025-05-19,17.9,13.5,21.4,,3.4,79.3,4.7,18.12
162,통영,2025-05-20,19.4,17.8,21.9,.3,2.1,93.6,.1,9.51
162,통영,2025-05-21,21.2,18.6,24.9,.2,1,89.8,.1,8.72
162,통영,2025-05-22,17.7,15.8,20.8,0,1.3,88.9,0,4.42
162,통영,2025-05-23,17.8,14.8,20.4,,2,54.6,1.7,11.89
162,통영,2025-05-24,14.8,13.2,17.1,1.9,3.4,81.1,0,4.46
162,통영,2025-05-25,16.1,12.6,20.7,.1,2.4,76.9,10.8,28.86
162,통영,2025-05-26,17.2,13,22.3,,2.1,81.6,11.3,27.43
162,통영,2025-05-27,17.2,13.5,21.3,,1.7,82.9,11.2,26.96
162,통영,2025-05-28,18.5,13.5,24.4,,1.6,72.6,12.1,26.34
162,통영,2025-05-29,19.7,14.7,25.6,,1.9,63.9,10.8,27.22
162,통영,2025-05-30,18,14.2,23.1,,2.1,76,11.8,28.9
162,통영,2025-05-31,18.5,13.9,23.6,,1.8,75.1,9.9,24.22
162,통영,2025-06-01,18.9,14.6,23.1,,1.5,78,11.9,27.28
162,통영,2025-06-02,17.9,16.1,20.8,4.4,1.3,84.8,0,7.61
162,통영,2025-06-03,21.1,16.3,26.9,1.2,2.5,62.6,9.7,25.83
162,통영,2025-06-04,21.5,17.4,26,,2.7,39.9,12.5,30.61
162,통영,2025-06-05,19.9,15.3,25.8,,2.3,56.6,10.4,28.45
162,통영,2025-06-06,19,16.1,23.5,,1.6,76.6,.2,10.84
162,통영,2025-06-07,20.9,16.5,25.8,,1.9,77.3,9.2,27.09
162,통영,2025-06-08,21,18.6,25.9,,1.7,87.8,4.4,17.64
162,통영,2025-06-09,21.6,17.8,27.7,,1.4,80.1,2.5,14.77
162,통영,2025-06-10,20.7,17.9,24.6,0,2,83.3,5.6,20.15
162,통영,2025-06-11,22.4,18.8,29.3,,1.7,63.1,10.8,26.87
162,통영,2025-06-12,20.4,17.8,23.9,,1.6,76.3,1.7,13.9
162,통영,2025-06-13,20.7,17.6,24.9,47.7,1.9,84.8,.3,11.44
162,통영,2025-06-14,21.3,19.7,23.2,83.7,2.9,94.9,0,5.24
162,통영,2025-06-15,21.1,19,24.4,8.1,2.2,93,4.4,19.15
162,통영,2025-06-16,21.9,20,25.4,13.4,2.5,87.8,4.5,12.78
162,통영,2025-06-17,20.9,19.9,22.7,,2.9,91.5,.3,7.82
162,통영,2025-06-18,20.1,18.2,23.1,,2.2,89.1,11,28.28
162,통영,2025-06-19,22.4,18.6,25.2,,1.5,86.9,3.7,17.84
162,통영,2025-06-20,23.9,21.9,25.4,1.4,4.2,91.8,.1,6.39
162,통영,2025-06-21,23.5,22.5,24.7,15,6.4,90.4,0,3.74
162,통영,2025-06-22,20.5,18.2,24.2,34,2,79.8,5.2,19.09
162,통영,2025-06-23,22.3,18.1,27.9,,1.4,73.3,12.5,29.78
162,통영,2025-06-24,20.9,19.4,21.9,18,2.2,84,0,4.21
162,통영,2025-06-25,21.7,20,25.2,.3,2.6,81.1,6.1,23.02
162,통영,2025-06-26,22.2,19,27.6,,2.3,73.6,10.6,27.93
162,통영,2025-06-27,22.5,19.2,27,,1.6,76,12.5,27.37
162,통영,2025-06-28,24.2,21.7,28.1,,1.7,83.4,7.4,23.33
162,통영,2025-06-29,24.5,21.7,29.2,,1.9,81.8,11,28.12
162,통영,2025-06-30,24.9,22.2,29.1,,1.8,82.1,12.4,29.31
162,통영,2025-07-01,26.2,23.2,30.8,,1.8,78.1,10.8,27.91
162,통영,2025-07-02,26,23.5,31.3,,1.8,78.4,11.8,28.73
162,통영,2025-07-03,26.8,23.3,31.5,,2.2,71.8,12.2,29.27
162,통영,2025-07-04,26.8,23.6,30.7,,2.6,70.8,10.3,25.82
162,통영,2025-07-05,26.8,23.2,30.6,,2.7,70,12.4,29.03
162,통영,2025-07-06,27,24.4,31.4,,2.7,71.5,11.9,28.67
162,통영,2025-07-07,27.5,24.2,32.9,,1.4,70.8,12.3,27.11
162,통영,2025-07-08,28.9,24.9,34.3,,2.1,59.8,10.6,25.39
162,통영,2025-07-09,28.3,24.5,32.7,,2.4,55.8,11.4,27.22
162,통영,2025-07-10,28.1,25.2,32.6,,2.3,53.8,10.6,25.47
162,통영,2025-07-11,27.3,24.5,31.9,,2.6,48.8,8.5,23.44
162,통영,2025-07-12,26.6,23.2,32.2,,2.5,55,11.2,26.65
162,통영,2025-07-13,24.7,21.4,29.8,62,2.7,,2.3,8.22
162,통영,2025-07-14,24.9,20.2,30.1,3.6,2.7,,11.2,28.06
162,통영,2025-07-15,24.5,21.6,27.8,0,2.6,,3.3,17.42
162,통영,2025-07-16,25.1,23.8,26.3,.3,3.5,,0,5.05
162,통영,2025-07-17,25.8,22.5,28.5,7.4,6.3,,.5,10.12
162,통영,2025-07-18,25,22.5,28,4.8,3.2,90,.7,9.64
162,통영,2025-07-19,24.6,22.8,26.9,4.7,4.3,88.8,.9,7.91
162,통영,2025-07-20,26.4,22.5,31,,1.3,81.9,9.1,22.09
162,통영,2025-07-21,26.8,24.5,30.3,.8,2.1,86.5,5.4,18.06
162,통영,2025-07-22,27.6,24.2,31.9,,1.6,80.1,11.5,28.34
162,통영,2025-07-23,27.4,23.7,32.1,,1.3,79.3,11.6,27.69
162,통영,2025-07-24,28.5,23.5,34,,1.9,72.6,12.2,28.78
162,통영,2025-07-25,28.9,26,32.8,,2.4,72.6,11.7,28.42
162,통영,2025-07-26,29.1,25.7,32.8,,2.1,72,9.1,24.31
162,통영,2025-07-27,29.2,26.6,33.5,,2.2,68,10.8,26.54
162,통영,2025-07-28,29.5,25.6,34.2,,2.3,69,12.2,28.23
162,통영,2025-07-29,28.9,25,34.4,,2.6,69.1,12.2,28.46
162,통영,2025-07-30,28.6,25,33.4,,2.3,69.4,11.5,28.32
162,통영,2025-07-31,29,25.1,34.3,,2.4,68.8,12.1,28.21
162,통영,2025-08-01,29.1,25.2,33.7,,2.3,74.3,11.7,27.04
162,통영,2025-08-02,28.8,25.7,33.3,,1.7,80.3,8.5,24.39
162,통영,2025-08-03,28.3,26.1,31.8,4.3,3.4,84.1,1.6,14.84
162,통영,2025-08-04,28.1,26.6,30.2,5.1,6.1,86.1,1.8,11.66
162,통영,2025-08-05,28.2,26,31,2.1,3.5,84.3,1.7,11.73
162,통영,2025-08-06,28.1,27.5,29.9,3.9,5.3,85.3,1.8,11.4
162,통영,2025-08-07,29,26.8,32.6,,3,75.6,8.5,21.16
162,통영,2025-08-08,26.7,23.9,30.3,,1.5,77.9,3.7,16.28
162,통영,2025-08-09,23.9,21.7,28,34,1.6,90,.2,5.39
162,통영,2025-08-10,23.2,21.5,26.6,80.4,2.2,93.4,.5,7.52
162,통영,2025-08-11,23.2,19.6,29.5,59.5,2.6,91.3,3.7,11.67
162,통영,2025-08-12,22,19.7,23.9,77.5,2.1,97.1,0,2.44
162,통영,2025-08-13,26.9,23.1,31,4.1,2.3,87.6,4.1,16.7
162,통영,2025-08-14,28,25.6,32.1,.2,2.1,83,8.9,22.83
162,통영,2025-08-15,27.8,24.4,32.3,,1.2,81.1,11.9,26.53
162,통영,2025-08-16,27.4,24.2,32.6,,1.5,82.3,11.9,26.57
162,통영,2025-08-17,27.4,23.7,31.9,,1.7,81,11.6,26.28
162,통영,2025-08-18,28,24.6,32,,1.9,79.4,8.2,21.75
162,통영,2025-08-19,28.2,25,32.3,,2.3,78.6,11.3,25.6
162,통영,2025-08-20,28,25.1,31.6,,2.1,80.9,9.7,22.73
162,통영,2025-08-21,28.2,24.7,33.1,,1.6,77.8,11.6,25.48
162,통영,2025-08-22,27.8,24.3,32.1,,1.8,79.4,11.5,23.93
162,통영,2025-08-23,28.2,24.6,32.6,,2.1,77.1,11.2,25.39
162,통영,2025-08-24,27.9,24.6,32.9,,1.8,80.4,11.5,24.62
162,통영,2025-08-25,28.4,24.9,32.6,,2.3,78.1,11.4,25.1
162,통영,2025-08-26,28.2,25.5,31.8,0,2.5,78.4,8.6,22.04
162,통영,2025-08-27,27.4,24.4,31.2,,1.5,81.9,9.2,20.97
162,통영,2025-08-28,27.3,24.2,31.7,,2.2,79.8,9.7,22.77
162,통영,2025-08-29,27.7,23.9,32.9,,1.9,79.8,11.5,24.69
162,통영,2025-08-30,27.5,24.5,32.3,,1.6,79.5,11.4,24.3
162,통영,2025-08-31,26.4,24.9,29.5,22.8,1.1,87,3.6,12.29
162,통영,2025-09-01,25.6,24.7,27.3,5.5,1.8,92.6,.8,6.25
162,통영,2025-09-02,26.5,24.5,30.6,0,1.7,86.4,5.1,17.18
162,통영,2025-09-03,27.4,23.6,32.3,,2.1,77,11,24.11
162,통영,2025-09-04,28.3,24.6,33.3,,2.4,73,10,21.89
162,통영,2025-09-05,27.3,24,31.7,,2,75,10.1,21.81
162,통영,2025-09-06,27.7,23.6,31.7,,2.6,80.1,7,18.19
162,통영,2025-09-07,27.1,24.8,31.7,0,2.5,82.8,4.9,14.91
162,통영,2025-09-08,26.8,24.4,31.3,,1.2,80.9,4.2,16.39
162,통영,2025-09-09,23,21.3,25.5,1.1,3.6,81.6,.4,7.62
162,통영,2025-09-10,24.3,21.4,29.7,0,3,78,3.6,15.89
162,통영,2025-09-11,25.3,21.4,30,,2.7,69.3,7.3,19.5
162,통영,2025-09-12,25.8,23.3,29.7,0,2.5,75.1,1.7,12.23
162,통영,2025-09-13,26.6,24.6,29.6,12.9,3,87.1,1.1,9.28
162,통영,2025-09-14,25.8,23.1,29.8,0,1.7,81.6,6.3,16.76
162,통영,2025-09-15,25.7,23,30.5,1,1.1,83.9,3.1,12.8
162,통영,2025-09-16,27.2,23.5,31.5,,2.2,81.5,10.5,21.85
162,통영,2025-09-17,26.9,24.4,31.6,2.5,2.3,82.1,7.6,19.29
162,통영,2025-09-18,23.6,21.3,26.1,,1.9,74.4,1.9,9.78
162,통영,2025-09-19,23.3,20.3,27.1,,2.1,68.1,3.6,14.66
162,통영,2025-09-20,24.2,20.5,29.1,23.1,2.4,78,4.9,13.5
162,통영,2025-09-21,22.2,18.6,27.5,,2.4,69.6,8.9,19.19
162,통영,2025-09-22,22.3,19.6,26.7,,2.9,60,4.4,14.03
162,통영,2025-09-23,23.3,19.6,28.1,,2.9,61,8.1,19.37
162,통영,2025-09-24,24.3,22,29.9,1.9,2.5,82.9,1.2,10.35
162,통영,2025-09-25,23.5,22,25.6,6.2,.9,94.3,0,3.4
162,통영,2025-09-26,24.2,21.9,28.7,.5,1.5,82.9,4.6,14.6
162,통영,2025-09-27,24.1,21.3,29.3,.2,2.4,74.4,6.8,17.94
162,통영,2025-09-28,23.8,21.8,25.3,0,2.1,79.6,.5,7.91
162,통영,2025-09-29,22.3,19.3,26.4,,1.6,72.5,4,13.72
162,통영,2025-09-30,21.7,18.6,26.6,,1.9,76.8,3.9,13.63
165,목포,2025-05-15,19.7,18.9,20.5,3.7,3.3,97.1,0,3.42
165,목포,2025-05-16,19.3,16.3,22.3,45.8,3.2,96.9,0,4.52
165,목포,2025-05-17,17.1,14.7,20.9,.3,2.8,93.4,2,18.2
165,목포,2025-05-18,15.6,12.4,20,,4.4,77.6,10,28.85
165,목포,2025-05-19,18.9,14,23.9,0,4.2,80.9,5.2,21.52
165,목포,2025-05-20,21.8,18.3,25.4,.3,3.8,92.9,.1,12.17
165,목포,2025-05-21,22.4,19.6,25.2,.6,3,85.3,1.4,11.67
165,목포,2025-05-22,18.8,17.2,21.6,0,3.3,94.5,.6,11.91
165,목포,2025-05-23,18.7,16.7,20.6,0,2.9,69.8,.1,10.06
165,목포,2025-05-24,16.8,14.3,19.1,0,3.3,78.3,0,10.21
165,목포,2025-05-25,16.4,12.7,20.6,,3.5,77.1,13,28.94
165,목포,2025-05-26,18.4,13.9,22.8,,2,67.6,10.6,25.26
165,목포,2025-05-27,19,14.4,24,,2.2,60,11,27.14
165,목포,2025-05-28,19.9,14.4,26.9,,2.4,69,11.4,27.55
165,목포,2025-05-29,19.8,15.8,24.4,,2.6,71.3,11.5,27.46
165,목포,2025-05-30,19,15.1,23.3,,3.5,66.4,10.8,26.76
165,목포,2025-05-31,18.5,15.3,23.1,,2.1,79.6,5,19.48
165,목포,2025-06-01,19.9,15.2,26,,1.9,75,10.9,27.46
165,목포,2025-06-02,17.6,16.2,19.3,5.2,1.8,88.4,0,7.24
165,목포,2025-06-03,18.7,16.2,21.5,0,5.1,84.5,11.3,28.81
165,목포,2025-06-04,19.9,14.9,25.1,,3.5,68.9,12.5,30.69
165,목포,2025-06-05,21.1,15.1,26.6,,2.1,57.8,10.9,29.2
165,목포,2025-06-06,21.7,18.6,24.8,,3,59.5,1.2,12.15
165,목포,2025-06-07,23.1,17.7,27.9,,3.2,68.4,8,24.91
165,목포,2025-06-08,23.5,20.1,28.7,,1.9,81.3,5.7,20.82
165,목포,2025-06-09,23,19.4,27.1,,2,82,6.5,21.96
165,목포,2025-06-10,21.5,18.4,25.8,,3.4,84.1,3.8,20.5
165,목포,2025-06-11,21.6,17.3,26.5,,4.3,67.8,11,30.08
165,목포,2025-06-12,23,19.4,28.4,,2.4,62.9,4.8,21.68
165,목포,2025-06-13,20.7,18.6,22.9,61.2,2.5,93.6,0,7.65
165,목포,2025-06-14,22.5,19.9,26.3,52.4,3,94.6,2.6,13.65
165,목포,2025-06-15,23.1,19.3,27.5,3.3,3.3,91.6,5,20.44
165,목포,2025-06-16,22.9,20.7,25.8,4.7,4.4,89.4,7,21.58
165,목포,2025-06-17,23.4,20.7,27.5,,3.6,86.6,5.2,20.05
165,목포,2025-06-18,23.9,19.2,29.8,,2.3,74.3,10.6,28.89
165,목포,2025-06-19,25,20.4,29.7,0,3.6,85,5.6,22.7
165,목포,2025-06-20,25,23.8,26.8,3.7,6,91.5,0,6.71
165,목포,2025-06-21,22,18.3,25.1,69,4.9,98.6,0,2.59
165,목포,2025-06-22,21.4,18.8,24.5,0,2.8,88,5.1,20.59
165,목포,2025-06-23,23.7,18.2,29,,2.3,77.3,12.2,30.32
165,목포,2025-06-24,21.4,19.5,23.3,7.1,2.7,90.4,0,3.28
165,목포,2025-06-25,21.4,18.7,24.8,.8,3.4,90.5,7.9,24.55
165,목포,2025-06-26,22.9,19.3,27,,2.1,82.4,7.2,25.96
165,목포,2025-06-27,25.6,20.4,30.8,,2.5,84.3,11.8,28.22
165,목포,2025-06-28,26.8,24.9,30.1,,3.1,88.4,4.8,21.08
165,목포,2025-06-29,27.3,24.7,30.6,,3.1,83.3,10.3,26.01
165,목포,2025-06-30,28.1,24.9,31.7,,2.9,81,11.4,28.01
165,목포,2025-07-01,28.6,25.8,32,,2.9,84.4,7.7,22.17
165,목포,2025-07-02,28.1,25.7,31.3,,2.8,84,10.6,27.17
165,목포,2025-07-03,27.7,24.8,31,,2.9,81,11.7,29.13
165,목포,2025-07-04,27.4,24.8,30.5,,3.6,82.6,9.5,26.23
165,목포,2025-07-05,28,25.9,31.2,,3.6,80.8,10.1,28.36
165,목포,2025-07-06,28.2,26.2,31.2,,3.3,85.4,8.6,26.74
165,목포,2025-07-07,27.9,25.1,31.9,,2.5,84.3,10.3,28.44
165,목포,2025-07-08,29.6,25.7,34.3,,2,79,6.9,22.73
165,목포,2025-07-09,29.3,25,34.7,,2.3,70.6,11.4,28.74
165,목포,2025-07-10,29,25,33.8,0,2,71.3,7.9,23.18
165,목포,2025-07-11,29,25.7,34.3,,2.3,65.6,8.5,24.02
165,목포,2025-07-12,27.6,25,31.8,,2,65,9.2,26.12
165,목포,2025-07-13,23.8,21.7,25.8,17.7,2.2,92,0,3.88
165,목포,2025-07-14,25,21.5,27.9,0,4.1,84.9,8.1,22.1
165,목포,2025-07-15,25.1,22.1,28.7,0,3.5,84.1,5.4,20.07
165,목포,2025-07-16,25.5,23.3,27.1,9.9,4.2,88.9,0,6.35
165,목포,2025-07-17,25.7,21.2,27.9,135.6,5.1,95.5,0,3.68
165,목포,2025-07-18,24.8,21.2,29.2,86.6,3.4,93,3.9,15.54
165,목포,2025-07-19,26.9,24.8,29.9,23.4,4.3,91.9,2.4,14
165,목포,2025-07-20,28,25.4,30.9,,3.7,83,9.9,23.92
165,목포,2025-07-21,28,26,31.4,0,2.7,86.3,4.1,15.28
165,목포,2025-07-22,28.5,25,32.2,,2.3,80.5,9.2,24.88
165,목포,2025-07-23,28.1,24.3,32,,1.7,79.6,11.2,25.8
165,목포,2025-07-24,28.3,24.3,32.8,,2,84.4,11.9,27.69
165,목포,2025-07-25,29.1,25.1,33.8,,1.6,81.1,9.7,21.35
165,목포,2025-07-26,29.9,26,34.8,,1.8,74.4,10.4,23.92
165,목포,2025-07-27,30.3,27,35,,2.1,71.1,11.5,24.67
165,목포,2025-07-28,29.5,26.7,33.6,,2.7,74.4,13.1,28.63
165,목포,2025-07-29,29.3,25.4,34.7,,1.9,75.1,10.8,26.87
165,목포,2025-07-30,28.8,25,33.5,,2.4,74.6,7.2,22.21
165,목포,2025-07-31,29.4,26.7,33.2,,2.5,71,10.3,23.83
165,목포,2025-08-01,29.3,25.4,34,,2.1,74.4,11.4,26.79
165,목포,2025-08-02,29,26,32.9,,1.7,78.4,8.8,23.19
165,목포,2025-08-03,28,26.6,29.8,29.7,4.1,87.5,.1,5.35
165,목포,2025-08-04,27.6,26.2,29.6,3.3,3.1,94.1,.3,9.46
165,목포,2025-08-05,28.3,25.8,31.5,2.4,3.1,89.8,6.7,20.78
165,목포,2025-08-06,28.4,27.6,30.1,0,4.8,90.4,1.3,13.25
165,목포,2025-08-07,28,25.3,30.5,0,3,87.1,4.5,17.78
165,목포,2025-08-08,26.7,24.1,30,,1.8,83.6,6.1,21.25
165,목포,2025-08-09,24.4,23.1,25.8,40.2,2.4,96,0,3
165,목포,2025-08-10,25.4,23,28.6,39.1,3.6,89.8,5.7,18.38
165,목포,2025-08-11,23.7,22.3,26,11.2,1.6,96,.2,4.62
165,목포,2025-08-12,23.5,21.5,25.9,61.2,2.5,98,0,5.24
165,목포,2025-08-13,27.4,24.6,31.2,.9,3.7,90.6,7.8,21.27
165,목포,2025-08-14,28.2,25.3,31.7,,2.8,87.1,12,26.58
165,목포,2025-08-15,28,25.4,32.2,,2,85.8,12,26.28
165,목포,2025-08-16,27.7,24.9,32,,1.6,83.3,11.7,26.89
165,목포,2025-08-17,28.1,24.4,32.1,,1.8,83,11,24.82
165,목포,2025-08-18,28.4,25.8,32,,2.5,85.4,8.6,22.65
165,목포,2025-08-19,28.7,26.2,32.1,,2.8,84.1,9.9,23.15
165,목포,2025-08-20,28.9,25.6,32.6,,2.8,81,11.1,25.2
165,목포,2025-08-21,28.8,25.1,32.3,,2,78.1,11.2,23.46
165,목포,2025-08-22,28.8,25.8,32.2,,1.6,79.6,11.9,24.83
165,목포,2025-08-23,28.8,25.6,32.2,,2.2,83.4,11.4,24.55
165,목포,2025-08-24,29.1,26,32.5,,2.9,84.4,10.5,23.25
165,목포,2025-08-25,29.5,26.8,33,,3.8,81.5,10.5,23.04
165,목포,2025-08-26,28.8,26.9,31.9,0,3.6,85.9,5,19.02
165,목포,2025-08-27,27.9,25.5,31.6,,2.1,82.4,10.2,23.32
165,목포,2025-08-28,28.6,25.2,33,,3,80.1,9.8,22.44
165,목포,2025-08-29,28.9,26.3,32.4,,2.8,83.4,11.3,22.74
165,목포,2025-08-30,29.4,25.6,33.1,,2,80.3,11.7,24.45
165,목포,2025-08-31,28.1,26.4,31.3,0,2.7,85.1,2.2,12.47
165,목포,2025-09-01,28.8,26,32.9,0,3.8,83.5,9.2,21.03
165,목포,2025-09-02,26.6,24.9,29.6,8,2.5,82,6.1,15.85
165,목포,2025-09-03,27.8,22.8,33.3,2.7,1.7,75.9,9.9,23.7
165,목포,2025-09-04,27.9,24.4,32.1,,2.1,81,9.3,19.01
165,목포,2025-09-05,28.6,24.3,33,,2.3,79.1,11.9,24.11
165,목포,2025-09-06,28.9,26.1,32.1,0,4.1,84,8.9,20.9
165,목포,2025-09-07,27.1,24.8,29.2,13.8,2.5,92.5,1.3,7.02
165,목포,2025-09-08,22.9,20.1,25.3,23.6,2,90.9,1,6.6
165,목포,2025-09-09,20.7,18.1,21.7,30.4,2.8,91.3,0,4.44
165,목포,2025-09-10,24.1,20.6,28.4,2.3,2.9,86.4,8.4,20.56
165,목포,2025-09-11,26,21.8,30.5,,2,77.1,7.6,20.27
165,목포,2025-09-12,25.7,23.3,28.3,1.1,2.5,82,.7,8.79
165,목포,2025-09-13,26,23.7,29.2,10.5,3.9,92.5,2.4,11.18
165,목포,2025-09-14,25.5,23.1,28.6,0,1.3,86.8,2.9,12.86
165,목포,2025-09-15,25.6,24.2,28.3,9.9,1.4,93.8,1,6.3
165,목포,2025-09-16,27.5,24.5,31.1,,3.2,88,8.8,20.34
165,목포,2025-09-17,26,23.5,29.9,2.6,3.6,90.5,1.7,10.27
165,목포,2025-09-18,24,22.3,27.2,,3,78.3,6.2,16.71
165,목포,2025-09-19,23.5,21.2,26.8,.5,2.8,79.5,1.4,11.02
165,목포,2025-09-20,23.2,21.5,25.8,8.1,4.7,85.4,2.6,10.58
165,목포,2025-09-21,22.5,18.4,26.2,,2.7,82.6,7.8,19.55
165,목포,2025-09-22,23.2,19.3,27.3,,2.2,65.8,6.6,18.34
165,목포,2025-09-23,24.3,20.2,28.7,,2.4,59.3,9.2,20.95
165,목포,2025-09-24,24.9,22.5,29,6.5,3.4,86.3,1.6,10.63
165,목포,2025-09-25,23.7,22.5,25.4,37.7,1.6,97.3,0,4.84
165,목포,2025-09-26,23.8,21.9,26.2,.1,2.2,86.9,1.6,10.64
165,목포,2025-09-27,23.3,20.7,25.4,.3,1.7,87.6,0,7.61
165,목포,2025-09-28,22.8,20.7,25.7,3.5,3.3,91.5,.2,7.82
165,목포,2025-09-29,21.4,19.5,24.5,,2.8,81,4.2,14.43
165,목포,2025-09-30,20.9,17.4,24.8,,2,83.9,5.6,15.69
168,여수,2025-05-15,18.5,17.9,19,35.4,1.8,93.1,0,3.02
168,여수,2025-05-16,17.9,16.9,18.8,75,2.8,96.4,0,2.08
168,여수,2025-05-17,18.8,15.5,22.6,0,4.3,85.8,7.3,25.17
168,여수,2025-05-18,18.2,15.3,22.9,,3.7,63.8,10.4,27.82
168,여수,2025-05-19,17.9,14.7,21.4,0,2.6,82.3,6.4,22.07
168,여수,2025-05-20,20.6,17.7,24.3,0,1.5,88.1,3.2,19.99
168,여수,2025-05-21,21.3,18.3,23.1,0,2.2,88.3,.9,8.57
168,여수,2025-05-22,17.9,15.6,22.2,.2,2.2,89.3,0,6.67
168,여수,2025-05-23,18.3,15.9,19.9,,5.3,57.8,1.6,12.1
168,여수,2025-05-24,15.8,14.6,18.6,0,5.6,70.1,0,5.19
168,여수,2025-05-25,16.7,13.6,20.4,,3.1,73.6,9.8,27.33
168,여수,2025-05-26,17.7,14.5,21.4,,1.8,79.4,11.6,27.64
168,여수,2025-05-27,18.3,14,22.4,,1.4,75,12.2,26.67
168,여수,2025-05-28,19.3,15.6,23.6,,1.7,72.1,11.8,26.75
168,여수,2025-05-29,19.3,15.5,25,0,2.1,65,10.1,26.2
168,여수,2025-05-30,18.3,15.6,21.9,,2.1,76.4,10.8,26.41
168,여수,2025-05-31,19,15.5,22.8,,2.5,77.3,7.2,21.24
168,여수,2025-06-01,20.5,16.8,24.5,,1.8,75.4,11.8,27.05
168,여수,2025-06-02,17.7,16.1,19.9,10.2,2.6,84.8,0,7.4
168,여수,2025-06-03,21.6,16.2,26.9,0,4.3,56,11.7,28.35
168,여수,2025-06-04,22.1,17.1,28.1,,5.4,39,13.4,30.85
168,여수,2025-06-05,21.1,16.8,25.9,,3.3,50.5,12.3,28.78
168,여수,2025-06-06,20.8,18.6,23.8,,1.9,59.3,2.1,14.13
168,여수,2025-06-07,21.7,18.1,25.4,,2.1,72.5,9,25.18
168,여수,2025-06-08,21.7,20,25.2,,1.5,86.5,3.9,16.98
168,여수,2025-06-09,21.6,19.1,25.4,,1.3,79,2.4,15.13
168,여수,2025-06-10,22.1,18.3,24.7,,2.5,77.9,5.7,19.48
168,여수,2025-06-11,23.1,20,27.9,,3.3,53.9,11.5,28.72
168,여수,2025-06-12,21.4,19.2,24.5,,1.7,70.5,2.2,15.61
168,여수,2025-06-13,19.9,18.6,21.6,42.8,2.8,84.6,.1,9.58
168,여수,2025-06-14,21.9,19.1,23.4,56.7,3.4,94.9,.1,8.25
168,여수,2025-06-15,22.5,20.7,26.1,5.8,2.3,89.6,7,22.55
168,여수,2025-06-16,21.9,20.2,26.5,10,5.1,89,5.6,14.24
168,여수,2025-06-17,21.7,19.4,25.1,,2.2,89.6,6.9,21.16
168,여수,2025-06-18,22.4,20,26,,2.3,80.1,11.3,28.59
168,여수,2025-06-19,22.3,19.9,25.4,,2.2,90.8,1.9,13.9
168,여수,2025-06-20,23,22.2,24.1,2,4.2,96.1,0,4.23
168,여수,2025-06-21,22.4,21.9,22.7,14.4,5.4,96.4,0,2.43
168,여수,2025-06-22,21.5,19.6,25.8,1.1,2.7,84.1,5.1,19.29
168,여수,2025-06-23,23.4,19.2,28.5,,1.5,74.3,13.1,28.98
168,여수,2025-06-24,20.6,19.7,22.2,11.5,5.3,88.9,0,4.23
168,여수,2025-06-25,21.5,19.8,24.6,0,4.5,86.6,9.2,25.12
168,여수,2025-06-26,22.9,20.1,26.7,,4.1,77.5,9.9,27.52
168,여수,2025-06-27,24.5,21.6,28.3,,3.2,76.9,13,27.95
168,여수,2025-06-28,25.4,22.6,29,,2.9,86.5,10.8,27.79
168,여수,2025-06-29,25.8,22.6,29.1,,3.7,85.1,12.7,29.38
168,여수,2025-06-30,26.5,23.9,30,,2.5,86.4,12.3,28.76
168,여수,2025-07-01,27.3,24.7,30.4,,2.8,86.1,9.5,26.46
168,여수,2025-07-02,27.2,24.9,30.6,,3.3,85,11.7,28.2
168,여수,2025-07-03,27.2,24.4,30.5,,4,79.9,13.1,28.64
168,여수,2025-07-04,26.4,24.5,28.7,,4.1,82.9,10.4,25.18
168,여수,2025-07-05,26.8,24.5,29.4,,4.1,83.4,12.4,28.96
168,여수,2025-07-06,28.3,25.7,32.1,,4.1,77.1,9.8,26.71
168,여수,2025-07-07,28.8,25.6,33.3,,2.5,74.3,12.8,28.16
168,여수,2025-07-08,27.9,25.7,31.7,,2,75,11.1,25.78
168,여수,2025-07-09,27.8,25.8,31.4,,3.4,64.6,11.8,28.46
168,여수,2025-07-10,28.2,25.5,31.8,,4,61.4,10.4,27.07
168,여수,2025-07-11,27.4,25.4,31.4,,5.4,57.3,11.2,26.52
168,여수,2025-07-12,26.4,23.7,30.6,,4.4,62.6,10,26.04
168,여수,2025-07-13,24.4,22.2,26.3,46,3.1,78.6,0,5.29
168,여수,2025-07-14,26,21.6,31.1,2,5.2,68.6,11.1,26.24
168,여수,2025-07-15,24.6,22.8,26.9,.5,4.3,79.6,2.2,14.16
168,여수,2025-07-16,24.5,23.7,26.1,4.6,3,85.4,0,4.92
168,여수,2025-07-17,26.1,22.4,28,23.7,7.6,86.8,.1,7.67
168,여수,2025-07-18,24.8,21.9,27.5,18.7,3.8,90.9,1.7,13.93
168,여수,2025-07-19,25.7,24.4,27.7,15.3,5.6,88.1,.2,10.06
168,여수,2025-07-20,26.4,23.7,28.7,,1.8,83.5,1.7,16.52
168,여수,2025-07-21,27.3,24.9,29.8,1.7,2.5,86.5,7.4,24.35
168,여수,2025-07-22,27.7,24.5,31.1,,2.2,80.9,11.8,27.71
168,여수,2025-07-23,28.4,24.5,32.5,,1.4,71.4,13.1,28.48
168,여수,2025-07-24,28.4,24.9,31.7,,1.8,73.4,13.1,28.55
168,여수,2025-07-25,28.9,26.4,31.8,,4,72.1,13.2,28.53
168,여수,2025-07-26,29.2,26.8,31.8,,5.2,70.9,13.2,28.24
168,여수,2025-07-27,29.3,27.2,32.4,,5.4,69.8,12.9,28.44
168,여수,2025-07-28,29.2,26.3,32.9,,2.7,67.8,13.1,28.39
168,여수,2025-07-29,28.7,25.8,32.4,,2.7,69.5,13,28.71
168,여수,2025-07-30,28.2,25.5,31.7,,3.5,70.8,11.1,27.51
168,여수,2025-07-31,28.5,25.5,32,,3.1,70.6,12.3,28.16
168,여수,2025-08-01,28.9,25.6,32.8,,2.8,73.8,13,27.29
168,여수,2025-08-02,29.3,26.8,32.4,,2,80.1,7.7,24.55
168,여수,2025-08-03,28.8,27.4,30.9,1.2,4.6,80.4,1,12.08
168,여수,2025-08-04,28.9,28,31.1,0,6.9,84.9,5.3,20.49
168,여수,2025-08-05,28.8,26.9,30.7,61.6,4.4,84.5,3.4,14.85
168,여수,2025-08-06,28.6,27.8,29.7,1.1,6.8,84.9,2,12.69
168,여수,2025-08-07,29.5,27.1,32.4,,4.1,71,6.3,18.49
168,여수,2025-08-08,26.9,24.1,30.4,,2.3,68.8,4.6,19.53
168,여수,2025-08-09,24,22.1,26.4,43.8,2.6,88.8,0,3.23
168,여수,2025-08-10,23.6,21.9,26.7,53.7,3,91.1,2.1,10.25
168,여수,2025-08-11,23.1,20.8,26.1,35.7,3.5,89.1,2.5,8.49
168,여수,2025-08-12,22.2,20.8,23.7,81.6,3.2,94.4,0,3.31
168,여수,2025-08-13,26.7,23.3,29.8,.3,3.1,90.5,7.3,20.78
168,여수,2025-08-14,27.9,25.8,31,0,3,84.6,12.1,26.62
168,여수,2025-08-15,28.6,25.8,32.3,,2.4,79.1,12.7,26.83
168,여수,2025-08-16,28.5,25.7,32.2,,2.3,77.9,12.6,27.21
168,여수,2025-08-17,28.6,25.5,33.4,,3.3,76.4,12.2,26.68
168,여수,2025-08-18,28.2,26.1,31,,3,81.5,6.1,19.28
168,여수,2025-08-19,28.3,26,30.9,,2.7,80.3,11.4,25.81
168,여수,2025-08-20,28.4,26.1,31,,2.2,80.6,9.2,21.38
168,여수,2025-08-21,28.7,25.5,33,,2,75,12.2,25.8
168,여수,2025-08-22,28.6,26.2,31.9,,2.9,77,12,24.95
168,여수,2025-08-23,28.7,26.2,32.1,,3.4,77.4,11.7,25.84
168,여수,2025-08-24,28.6,26,32,,3.1,81,12.5,25.34
168,여수,2025-08-25,28.6,26.1,31.7,,3.1,80.5,12.3,25.93
168,여수,2025-08-26,28.3,26.5,31,,3.8,82,8.1,21.41
168,여수,2025-08-27,28.2,26.1,31.4,,2.3,79,11,24.1
168,여수,2025-08-28,27.9,25.2,31.5,,2.2,79,9.1,22.34
168,여수,2025-08-29,28.2,25.3,31.7,,3,80.8,11.3,24.46
168,여수,2025-08-30,28.7,25.9,32,,2.8,78.9,12,24.88
168,여수,2025-08-31,26.3,24.5,28,36.8,1.8,88,1.2,10.1
168,여수,2025-09-01,26.5,25.1,28.8,1.6,1.5,91.9,1.7,10.48
168,여수,2025-09-02,27.4,25.7,30.4,0,1.9,85.3,7.3,19.74
168,여수,2025-09-03,27.4,25.3,30.3,,2.4,80.9,9.8,23.23
168,여수,2025-09-04,28.1,25.4,32.2,.8,3.4,74.9,10,23.27
168,여수,2025-09-05,27.8,25.5,31.5,,2.4,74.5,10.3,23.03
168,여수,2025-09-06,28,25.3,31.1,,3.3,80.6,8.7,21.52
168,여수,2025-09-07,26.8,25.6,30.5,5.9,2.7,88.8,3.8,11.87
168,여수,2025-09-08,26.3,24.5,28.6,,1.5,74.5,3.6,12.4
168,여수,2025-09-09,21.9,20.3,24.6,2.1,5.4,83.5,0,5.93
168,여수,2025-09-10,24,21.1,27.3,,4.6,79.1,4.4,15.72
168,여수,2025-09-11,25.1,22.1,28.4,,5.6,70.5,8.8,20.87
168,여수,2025-09-12,24.9,23.6,26.7,0,5.2,77.6,1.6,12.37
168,여수,2025-09-13,25.7,24.2,27.8,11.3,3.9,91,1.3,9.35
168,여수,2025-09-14,25.9,23.2,29.7,0,2.5,78.4,8.6,21.41
168,여수,2025-09-15,25.3,23.8,27.6,10.4,1.4,87.1,3.9,10.29
168,여수,2025-09-16,26.8,24.2,30,,2.9,86.4,10,21.72
168,여수,2025-09-17,26.4,25.2,30.3,2.5,3.2,85.6,6.6,18.34
168,여수,2025-09-18,23.9,21.7,26.7,,3.4,75.6,2.4,11.76
168,여수,2025-09-19,22.8,21,24.4,,4.8,70.4,1.9,11.79
168,여수,2025-09-20,23.9,21.2,27.6,6.6,4.1,77.4,4.1,13.35
168,여수,2025-09-21,22.4,19.1,26,,3.6,69.1,9,20.41
168,여수,2025-09-22,22.5,20.5,25,,6.2,60,5.8,17.4
168,여수,2025-09-23,23,20.3,25.9,,5.5,59.4,8.1,19.92
168,여수,2025-09-24,24.5,21.9,27.4,.8,3.3,79.5,1.7,11.12
168,여수,2025-09-25,23.9,22.9,25,5.5,1.7,91.5,0,3.65
168,여수,2025-09-26,24.5,22.9,27.7,0,1.8,84.8,5.5,15.54
168,여수,2025-09-27,23.9,21.6,27,6.7,3,77.4,6,16.87
168,여수,2025-09-28,23.8,22.2,26.4,.3,3.5,80.3,.9,7.57
168,여수,2025-09-29,22.3,20.2,25.7,,2.5,69.6,3,12.39
168,여수,2025-09-30,21.7,19,25.1,,1.6,76.1,4.4,13.29
169,흑산도,2025-05-15,16.1,14.1,17.4,0,7.6,96.1,0,8.45
169,흑산도,2025-05-16,16.4,14.1,18.5,58.1,7.6,99,0,2.07
169,흑산도,2025-05-17,15.7,12.7,18.9,0,5.3,93.1,3.9,20.12
169,흑산도,2025-05-18,13.4,10.9,17.2,,6.3,81.5,11.7,28.21
169,흑산도,2025-05-19,15,11.8,19.3,0,10.1,88.1,5.2,19.71
169,흑산도,2025-05-20,16.8,13.8,19.3,.6,9.5,98,0,8.73
169,흑산도,2025-05-21,17.8,15.9,21.9,,7,96.8,0,8.72
169,흑산도,2025-05-22,16.5,14.5,19.8,,4,95.5,0,12.65
169,흑산도,2025-05-23,14.6,13.7,15.9,1.1,5.4,93.4,0,5.45
169,흑산도,2025-05-24,14.5,12.8,17.1,0,7.2,90.9,0,10.95
169,흑산도,2025-05-25,15.9,12.4,19.9,,4,82.4,13.3,28.78
169,흑산도,2025-05-26,19.2,13.3,24.4,,1.9,49.9,11.9,26.96
169,흑산도,2025-05-27,19.7,15.5,23.7,,1.8,46,12.4,27.15
169,흑산도,2025-05-28,19.2,15.1,24.6,,3.1,67.3,12.8,27.53
169,흑산도,2025-05-29,18.3,15.6,23.4,,3.8,74.1,12.9,27.57
169,흑산도,2025-05-30,18.3,15.3,22.4,,4.1,74.5,12.8,26.18
169,흑산도,2025-05-31,17.3,13.9,22,,2.4,76.8,4.1,17.52
169,흑산도,2025-06-01,18.6,14.7,23.6,,1.6,62.4,12.9,28.42
169,흑산도,2025-06-02,15.6,14.4,17.7,9.6,4.2,85.6,0,6.26
169,흑산도,2025-06-03,18.1,14.9,21.3,0,5,83,11.4,28.32
169,흑산도,2025-06-04,20,15.6,24.9,,4,63.8,13.1,31.16
169,흑산도,2025-06-05,19.6,15.6,24,,4.7,67.6,12.7,28.9
169,흑산도,2025-06-06,18.5,16.6,21.9,,8.3,85.5,1.5,11.66
169,흑산도,2025-06-07,20.1,17,24.2,,6.9,84.1,3.3,17.19
169,흑산도,2025-06-08,20.5,17.6,26.6,,4.5,89.3,4.8,21.81
169,흑산도,2025-06-09,20.7,17.9,26.1,,2,84.5,10.5,26.88
169,흑산도,2025-06-10,19.5,16.9,24.3,,4.4,88.1,4.1,17.08
169,흑산도,2025-06-11,20,15.8,23.7,,4.8,81.6,11.7,29.51
169,흑산도,2025-06-12,20.7,17.2,26.6,,4.1,73.1,7.3,23.97
169,흑산도,2025-06-13,18.2,16.2,20.1,84,6.5,96.5,0,4.88
169,흑산도,2025-06-14,20.3,18.8,22.4,23.6,4.4,96.3,1.5,13.71
169,흑산도,2025-06-15,19.5,16.9,22.4,.8,6.6,96.1,0,11.43
169,흑산도,2025-06-16,21.4,17.3,26.3,1.2,7.8,89.6,8.8,23.38
169,흑산도,2025-06-17,20.7,17.3,24.6,,5.4,89.3,11.5,26.26
169,흑산도,2025-06-18,20.2,18.1,24,0,5.3,89.8,8.2,25.6
169,흑산도,2025-06-19,21,18.9,23.9,0,9.2,96,.2,8.88
169,흑산도,2025-06-20,20.3,18.9,23,18.7,9.9,99,0,2.61
169,흑산도,2025-06-21,20,15.9,23.8,41.7,6.8,97.8,0,2.7
169,흑산도,2025-06-22,20.3,17.8,23.6,0,3,91.8,8.1,21.14
169,흑산도,2025-06-23,20.6,17.2,25.2,,3.2,84.5,9.7,28.74
169,흑산도,2025-06-24,18.9,16.8,21.3,36,5.3,93.9,0,2.76
169,흑산도,2025-06-25,21.2,18.5,25.5,.3,3,88.8,10.2,26.92
169,흑산도,2025-06-26,21.4,18.6,25,,2.9,86.1,11.1,26.68
169,흑산도,2025-06-27,20.8,18.3,23.6,0,5.5,95.3,0,11.31
169,흑산도,2025-06-28,22,19.7,24.5,,5.1,94.5,0,11.9
169,흑산도,2025-06-29,22.5,20.5,24.4,.2,5.6,96.4,0,9.02
169,흑산도,2025-06-30,24.4,21.3,29.1,0,7.1,91.5,8.2,24.27
169,흑산도,2025-07-01,24.2,21.9,27.4,,7.4,93.4,.1,18.71
169,흑산도,2025-07-02,24,21,27.6,,6.1,92.8,0,15.74
169,흑산도,2025-07-03,24.9,21.7,30.7,,5.8,91.1,3.7,21.77
169,흑산도,2025-07-04,24.4,21.7,28.3,,5.9,92.6,0,15.89
169,흑산도,2025-07-05,25.4,23.1,30.5,,4.6,92.3,.2,14.04
169,흑산도,2025-07-06,26.9,24.2,31,,4.4,89.3,6.2,21.07
169,흑산도,2025-07-07,26.8,24.4,30.8,,2.5,89.8,9.1,27.6
169,흑산도,2025-07-08,26.7,24.1,30.2,,3.7,84.9,10.2,26.85
169,흑산도,2025-07-09,27.2,23.7,31.8,,2.3,78.6,13,28.79
169,흑산도,2025-07-10,27.2,22.5,31.3,,2.7,79.5,12.6,27.62
169,흑산도,2025-07-11,26.8,23.5,31.1,,3,74.5,12.4,27.4
169,흑산도,2025-07-12,26.4,22.7,30.7,,2,70.5,8.5,22.49
169,흑산도,2025-07-13,24.6,22.4,26.8,2.5,3.3,89.9,1.4,7.97
169,흑산도,2025-07-14,25.2,22.3,28.8,0,6,83,10.4,27.58
169,흑산도,2025-07-15,25.9,21.5,30.5,,3.2,80.3,11.2,27.77
169,흑산도,2025-07-16,23.3,22,24.5,4.5,8.2,95.3,0,4.03
169,흑산도,2025-07-17,25.2,20.9,29.3,165.1,7.4,95,1.1,7.65
169,흑산도,2025-07-18,22.5,20.1,26.2,152,7.3,97.4,1,6.6
169,흑산도,2025-07-19,25.3,23.7,29.1,40.7,8.2,97.3,.3,8.09
169,흑산도,2025-07-20,26.3,24.3,29.2,,8.9,91,11.3,28.83
169,흑산도,2025-07-21,27.6,24.5,32.3,,5.8,89.3,8.4,24.59
169,흑산도,2025-07-22,27.3,24.4,31.1,,4.4,86.9,12.4,28.72
169,흑산도,2025-07-23,27.6,24.2,32.2,,2.2,83.1,13.4,27.94
169,흑산도,2025-07-24,27.5,24.5,31.4,,2.5,84.9,13.3,29.11
169,흑산도,2025-07-25,27.9,24.6,32.2,,2.3,82.6,13.1,28.56
169,흑산도,2025-07-26,28.2,25.1,32.3,,3.4,82,13.3,28.44
169,흑산도,2025-07-27,28.4,25.6,32,,3.2,79.4,13.5,28.65
169,흑산도,2025-07-28,28.6,25.7,33.6,,3.2,74.9,13.4,28.88
169,흑산도,2025-07-29,28.1,24.6,33,,2.4,78.1,12.8,29.04
169,흑산도,2025-07-30,26.6,24.5,30.8,0,3.4,82.5,2.4,16.29
169,흑산도,2025-07-31,27.2,24.4,31.1,.4,5.5,82.4,11.4,27.63
169,흑산도,2025-08-01,28,24.1,34.2,,2.7,77.9,8.9,24.66
169,흑산도,2025-08-02,29.6,26,34.6,0,3.4,81,8.3,21.79
169,흑산도,2025-08-03,27.1,26.2,27.9,115.8,9.1,94.3,0,2.55
169,흑산도,2025-08-04,28.1,26.2,31.9,.3,3.6,87.8,5.6,18.52
169,흑산도,2025-08-05,28.8,25.8,33.1,0,4.4,87.3,7.3,20.28
169,흑산도,2025-08-06,28.4,26.8,31.6,4.3,5.6,89.3,2.5,12.44
169,흑산도,2025-08-07,28.2,25.3,31.2,0,3.3,87.4,1.9,13.95
169,흑산도,2025-08-08,27.4,24.1,31.1,,2.3,79.3,4.8,19.5
169,흑산도,2025-08-09,24.7,22.8,26.5,109,5.8,95,0,1.73
169,흑산도,2025-08-10,25.1,23.3,28.8,117,6.8,88.1,9,23.41
169,흑산도,2025-08-11,23.5,21.8,26.2,4.7,3.2,92.4,.1,6.07
169,흑산도,2025-08-12,23.3,21.8,25.1,34.4,4.1,96.4,0,5.09
169,흑산도,2025-08-13,26.7,24.4,30.3,0,7,92.5,5.5,19.22
169,흑산도,2025-08-14,27.5,25,31.5,,4.6,91.8,7.5,20.78
169,흑산도,2025-08-15,27.3,25.1,31.1,,2.1,89.6,7,21.43
169,흑산도,2025-08-16,27.1,24.5,31.8,,2.9,90.8,8.6,20.36
169,흑산도,2025-08-17,27.9,24.9,32.6,,3.4,89.1,10.5,23.99
169,흑산도,2025-08-18,28.7,25.7,33.5,,3.8,89.1,8.4,23.76
169,흑산도,2025-08-19,29,26,34.5,2.1,5,86,10,24.23
169,흑산도,2025-08-20,28.9,26.1,33.7,0,4.4,85.9,10.8,25.97
169,흑산도,2025-08-21,28.7,25.3,33.8,,2.4,83.8,12.7,26.5
169,흑산도,2025-08-22,28.7,25.4,34.1,,3,85.9,12.4,26.39
169,흑산도,2025-08-23,29.1,25.9,34.9,,3.2,85.4,11.2,24.91
169,흑산도,2025-08-24,28.8,26.1,34.3,0,4.7,87.9,8.2,22.8
169,흑산도,2025-08-25,28.9,25.9,32.7,1.1,6.4,86.6,10.4,23.56
169,흑산도,2025-08-26,28,24.9,32.4,8.2,4.1,86,3.3,13.15
169,흑산도,2025-08-27,27.9,25,32.4,,1.9,80.9,10.6,23.09
169,흑산도,2025-08-28,27.1,24.3,31.5,0,4.4,88.6,6.2,17.52
169,흑산도,2025-08-29,29.1,25.4,35.1,,4.3,86.6,10.9,24.3
169,흑산도,2025-08-30,29,25.7,34,,3.9,84.4,11.8,23.65
169,흑산도,2025-08-31,28.2,25.8,33.6,.9,5.6,86.4,6.6,18.43
169,흑산도,2025-09-01,28.5,26.2,33.6,2.9,4.8,84.5,6.4,17.64
169,흑산도,2025-09-02,26.1,24.2,29.6,15,3.3,84.9,4.5,11.35
169,흑산도,2025-09-03,28.1,25,33.1,,4.3,76.4,11,24.29
169,흑산도,2025-09-04,28.2,25.8,33.1,2,4.4,83,7.7,17.94
169,흑산도,2025-09-05,29.2,25.5,34.8,,3.4,82.5,12.2,24.3
169,흑산도,2025-09-06,29.4,26,33.9,.7,5.4,83.1,10.6,23.16
169,흑산도,2025-09-07,27,25.1,29.8,12.3,2.7,88.5,.3,4.28
169,흑산도,2025-09-08,24,22.1,26.1,44.2,3.7,88.5,0,3.64
169,흑산도,2025-09-09,21.9,20.1,23.9,5.2,5.7,83.3,0,5.11
169,흑산도,2025-09-10,24.8,21.9,28,0,6,79.5,11.2,23.41
169,흑산도,2025-09-11,25.7,22.9,30.5,,2.9,79.5,9.2,22.24
169,흑산도,2025-09-12,24,22.6,26.2,2,4.7,87.8,.1,7.41
169,흑산도,2025-09-13,25.7,23.1,29.9,10.8,5,88.4,3.4,14.11
169,흑산도,2025-09-14,24.8,22.4,30.2,1.3,1.9,84.9,3.1,13.04
169,흑산도,2025-09-15,25,22.6,29,1.1,3.6,92,3.9,9.62
169,흑산도,2025-09-16,26.9,24.4,31.5,,4.2,91.8,5.7,17.12
169,흑산도,2025-09-17,25.5,23,28.8,1.9,6.4,88,.9,7.64
169,흑산도,2025-09-18,23.2,20.7,27.3,,6.6,72.4,7,17.32
169,흑산도,2025-09-19,23,20.9,25.2,30.4,5,84.1,.8,9.81
169,흑산도,2025-09-20,22.9,21.5,25.5,15.4,8.8,80.6,4.5,12.87
169,흑산도,2025-09-21,23,21.4,26.6,,5.5,80.8,7.3,18.93
169,흑산도,2025-09-22,22.9,20.1,26.9,,3.5,74.5,7.1,17.81
169,흑산도,2025-09-23,22.9,20.8,28.2,,3.9,72.9,8.7,20.54
169,흑산도,2025-09-24,23.3,20.8,25.8,5.4,6.3,91.4,.2,5.67
169,흑산도,2025-09-25,22.8,21.9,25.8,43.5,2.3,94.8,.3,5.73
169,흑산도,2025-09-26,22.1,20.8,24.8,0,4,88,.3,8.37
169,흑산도,2025-09-27,22.1,20.1,25.2,1.8,2.6,88.5,.8,7.08
169,흑산도,2025-09-28,22.6,20.8,26.7,4.1,4.2,91.9,1.3,10.27
169,흑산도,2025-09-29,22,19.4,25.8,,4.1,81.4,4.3,13.93
169,흑산도,2025-09-30,22,19.7,26.1,,1.4,74.8,5.3,14.92
170,완도,2025-05-15,18.6,17.6,19.5,20.2,1.7,94.5,0,2.35
170,완도,2025-05-16,18.5,16.3,20.3,69.7,3.5,96,0,1.65
170,완도,2025-05-17,18.3,15.3,23,.2,3.7,87,8.2,25.01
170,완도,2025-05-18,18.1,12.8,24.9,,2,66.9,11.4,27.64
170,완도,2025-05-19,19.4,13.6,26.2,,1.6,77.6,8.4,24.21
170,완도,2025-05-20,21.7,17.5,26.3,,2.5,86.3,0,9.75
170,완도,2025-05-21,21.3,18.6,23.3,0,2.5,90.9,0,4.53
170,완도,2025-05-22,21.3,16.3,29.1,,3.4,81.5,7.5,22.66
170,완도,2025-05-23,17.4,15.8,19.6,0,5.3,73.5,0,6.38
170,완도,2025-05-24,17.2,13.9,23.2,.4,2.2,72.3,.5,11.16
170,완도,2025-05-25,18.1,12.7,24.7,,2.2,69.8,12.6,28.46
170,완도,2025-05-26,18.9,12.7,26.1,,1.8,60.4,11.3,26.71
170,완도,2025-05-27,20,13,27.3,,1.9,51.3,12.3,27.16
170,완도,2025-05-28,20.5,13.6,29.5,,1.4,60.8,12.6,26.18
170,완도,2025-05-29,19.9,14.6,27.6,,2.1,71.9,12.4,27.15
170,완도,2025-05-30,19.3,14.2,26.4,,1.8,73.8,12.6,26.08
170,완도,2025-05-31,19.1,14.3,25.5,,1.8,75,6,19.83
170,완도,2025-06-01,20.8,14.6,29.3,,1.6,65.9,12.9,27.5
170,완도,2025-06-02,17.5,16.4,19.2,16.4,2.3,87.4,0,5.32
170,완도,2025-06-03,20.2,16.6,24.9,.1,3.3,71.6,12.6,29.23
170,완도,2025-06-04,21.9,16.5,28.1,,3.8,47,11.4,24.3
170,완도,2025-06-05,20.9,13.6,28.1,,2,52.3,12.3,29.03
170,완도,2025-06-06,21,16.8,25.9,,1.4,60.9,1.7,13.92
170,완도,2025-06-07,22.4,16.1,29.2,,2.1,75.5,8.6,23.41
170,완도,2025-06-08,22.9,18.2,29.2,,2.1,83.1,4.2,17.23
170,완도,2025-06-09,22.1,18,28,.6,1.4,80.5,3.5,15.46
170,완도,2025-06-10,22.5,17.1,27.9,0,1.9,76.4,4,16.62
170,완도,2025-06-11,23.8,17.4,31.3,,1.6,57.5,8.7,18.66
170,완도,2025-06-12,21.9,18.3,27,,1.9,69.4,2.1,14.7
170,완도,2025-06-13,20.5,18.4,23.5,14.3,2.7,88,.1,8.31
170,완도,2025-06-14,23.9,20.5,28,32.8,3,90,.7,11.19
170,완도,2025-06-15,23.5,19.5,29.2,10.3,1.6,86.3,5,17.86
170,완도,2025-06-16,23.3,21.4,26.2,12.1,3.6,83.5,7.5,20.44
170,완도,2025-06-17,23.8,19.6,28.8,,1.7,82,8.4,20.83
170,완도,2025-06-18,23.3,17.6,30.7,,1.4,78.3,11,26.93
170,완도,2025-06-19,23.5,18.4,28.3,,3.2,89.1,.7,10.06
170,완도,2025-06-20,25.5,22.3,30.1,.7,4.1,86.5,1.1,12.53
170,완도,2025-06-21,24.3,20.4,26.2,16,4.6,91.9,0,6.51
170,완도,2025-06-22,22.8,19.1,29.5,.1,1.1,78.6,6.1,21.34
170,완도,2025-06-23,24.1,17.5,31.2,,1.8,72.8,12.5,28.5
170,완도,2025-06-24,21.4,19.8,24,2.9,3.4,90,0,3.79
170,완도,2025-06-25,23,19.6,27.9,.4,3,80.3,9.4,26.04
170,완도,2025-06-26,24.5,19.7,29.7,,2.6,70.4,12.4,28.55
170,완도,2025-06-27,25.4,18.8,31.7,,1.2,78.1,10.4,24.05
170,완도,2025-06-28,26.2,23,31.2,,1.8,86,5.1,18.98
170,완도,2025-06-29,27,22.7,32.4,,1.6,81.3,10.8,27.89
170,완도,2025-06-30,27.8,23.8,34.2,,1.9,82.9,8.9,25.8
170,완도,2025-07-01,28.3,24.5,34.8,,1.6,83.4,8.4,24.09
170,완도,2025-07-02,28.9,24.7,34,,1.8,75.8,12,28.22
170,완도,2025-07-03,28.4,24.4,33.4,,2.1,75.3,12.7,29.1
170,완도,2025-07-04,27.6,25.5,31.4,,2.4,79.9,9.3,25.57
170,완도,2025-07-05,28.7,26.1,32,,2.5,77.5,11.9,29.24
170,완도,2025-07-06,29,26.6,33,,2.8,78.1,10.1,25.38
170,완도,2025-07-07,29.7,24.6,35.4,,1.8,76.5,12.6,28.66
170,완도,2025-07-08,29,24.7,35.2,,4.1,73.3,12.2,26.88
170,완도,2025-07-09,28.4,23.8,34.6,,4.1,69.1,12.6,28.56
170,완도,2025-07-10,28.7,23.7,35.3,,3.3,70.6,11.8,27.18
170,완도,2025-07-11,28.4,23.7,34.3,,4.3,65.3,12.1,26.47
170,완도,2025-07-12,27.6,22.8,33.9,,2.5,68.6,8.3,22.93
170,완도,2025-07-13,23.5,21.6,26.1,61.6,1.3,88.3,0,2.49
170,완도,2025-07-14,25.7,21.2,30.5,.2,3.2,77.5,11.1,25.11
170,완도,2025-07-15,25.8,22.3,29.7,,3.2,78.1,8.2,22.48
170,완도,2025-07-16,25.2,24,26.4,4.3,4.1,87.1,.1,4.92
170,완도,2025-07-17,27.8,23.2,30.1,.6,5.4,82.8,.8,10.79
170,완도,2025-07-18,25.7,21.2,31,30.2,3.2,88.5,4.2,14.06
170,완도,2025-07-19,27.8,25.1,33.1,2.4,5,87,2.8,16.23
170,완도,2025-07-20,27.7,25.4,32.1,,3.8,85,3,15.29
170,완도,2025-07-21,28.3,25.8,33.2,2.1,3.3,86.5,4.2,14.65
170,완도,2025-07-22,28.7,24,33.7,,2.8,81.9,10.8,25.93
170,완도,2025-07-23,28.7,23,34.9,,1.3,74.6,12.2,28.4
170,완도,2025-07-24,28.9,23.6,35.5,,1.7,75.1,13,28.47
170,완도,2025-07-25,29.4,23.9,35.1,,2.7,75.4,12.9,28.31
170,완도,2025-07-26,30,25.1,35.4,,3.3,74,12.8,27.84
170,완도,2025-07-27,30.2,26.2,35.8,,3.6,71.6,12.4,28.28
170,완도,2025-07-28,29.6,25,36.7,,1.6,74.8,12.2,27.99
170,완도,2025-07-29,29.1,23.9,35.9,,2.6,77.1,12.3,28.05
170,완도,2025-07-30,28.9,24.8,34.5,,3.3,78.4,7.5,21.16
170,완도,2025-07-31,29.6,24.9,34.7,,3.6,74.4,12.3,28.56
170,완도,2025-08-01,29.7,24.6,36.4,,1.9,75.6,12.7,26.77
170,완도,2025-08-02,29.4,24.9,36.2,,1.4,75.1,9.1,24.34
170,완도,2025-08-03,28.3,25.6,31.1,4.9,3.8,84,.2,6.85
170,완도,2025-08-04,29.6,27.4,32.8,.3,3.3,80.6,9.3,24.17
170,완도,2025-08-05,28.8,26.6,31.7,7.7,2.3,85,6.1,16.99
170,완도,2025-08-06,28.5,26.5,30.9,1.2,3.5,86.5,2,12.28
170,완도,2025-08-07,28.2,25.8,30.9,2.6,3.2,85.8,.7,9.89
170,완도,2025-08-08,27.2,22.9,34.6,,1.6,76.4,5.4,20.9
170,완도,2025-08-09,23.9,23.1,25.2,75.4,2.1,93.3,0,1.72
170,완도,2025-08-10,26.4,23.5,30,101.2,2.5,89.8,1.4,11.19
170,완도,2025-08-11,23.5,21.4,25.8,59.3,2,95.1,0,2.75
170,완도,2025-08-12,23.2,21.2,24.7,83.4,2.7,97.1,0,2.17
170,완도,2025-08-13,27.7,24,32.7,,1.9,85.6,9.3,21.94
170,완도,2025-08-14,28.3,24.8,33.3,,1.5,82.9,10,25.92
170,완도,2025-08-15,28.9,23.8,34.8,,1.6,78.5,11.3,25.89
170,완도,2025-08-16,28.6,23,34.6,,1.5,75.5,12.1,27.21
170,완도,2025-08-17,28.1,22.9,34.3,,1.5,76.5,10.4,24.23
170,완도,2025-08-18,28.5,24.2,34.6,,1.2,81.1,7.2,20.01
170,완도,2025-08-19,28.9,25.2,34.1,,1.2,81.6,6.5,17.95
170,완도,2025-08-20,29.6,25.4,35.2,,2.2,79.4,10.1,25.85
170,완도,2025-08-21,29.5,24.9,35.8,,1.3,75.9,11.1,25.36
170,완도,2025-08-22,29.3,24.6,34.8,,1.5,74.8,10.8,25.41
170,완도,2025-08-23,28.4,24.6,34.5,,1.5,79.5,9.6,23.51
170,완도,2025-08-24,28.7,24.6,34,,1.4,81.3,8.4,21.98
170,완도,2025-08-25,29.5,25.6,34.7,.3,1.9,79.3,8.6,21.97
170,완도,2025-08-26,29.2,26.8,33.3,2.8,3.4,81.5,7.6,21.21
170,완도,2025-08-27,28.3,24.4,33.2,,1.4,78.9,9.1,20.68
170,완도,2025-08-28,28.3,23.7,34.7,,1.9,80.1,8.3,19.68
170,완도,2025-08-29,28.8,24.8,34,,1.6,79.4,10.1,24.73
170,완도,2025-08-30,29.1,24.6,35.4,,1.2,81.4,8.6,22.03
170,완도,2025-08-31,28.2,25.5,33.3,5.7,2.2,84.5,3.4,14.73
170,완도,2025-09-01,28.4,24.6,33.5,.5,1.8,84.3,6,15.69
170,완도,2025-09-02,28.3,24.1,33.4,0,1.8,77.9,6.7,17.17
170,완도,2025-09-03,27.9,22.6,34.2,,2.3,78.4,10,23.72
170,완도,2025-09-04,29,24.1,35.2,,2,75.8,8,20.88
170,완도,2025-09-05,28.6,24.6,35,,1.9,80,7.8,18.03
170,완도,2025-09-06,28.7,25,33.4,.6,2.2,81.4,6.9,18.46
170,완도,2025-09-07,28.4,25.3,33.3,0,2.2,82.3,4.5,15.26
170,완도,2025-09-08,26,23.8,28.8,.3,1,86,1.5,8.8
170,완도,2025-09-09,22.6,21.2,25.5,20.3,1.6,89.5,0,5.6
170,완도,2025-09-10,24.9,21.6,30.4,.2,1.2,84.8,4.9,16.14
170,완도,2025-09-11,25.9,20.7,32.3,,2.4,77.4,8.1,19.97
170,완도,2025-09-12,25.6,23.1,28.6,0,3.8,81.5,.7,6.92
170,완도,2025-09-13,26.9,24,29.8,17.4,3.2,86.5,3.3,10.42
170,완도,2025-09-14,25.7,22.7,31.7,1.5,1.2,83.1,4.2,15.93
170,완도,2025-09-15,25.6,23.4,29,9.7,1.1,90.5,2.6,8.47
170,완도,2025-09-16,27.5,23.9,32.3,.5,1.5,86.5,7.9,19.95
170,완도,2025-09-17,26.7,23.5,31.4,2.6,2.7,84.9,4.2,13.19
170,완도,2025-09-18,24.5,21.7,29.4,,2.1,78.4,3.8,16.29
170,완도,2025-09-19,24.3,21.4,29.1,0,4.2,75.6,3.2,12.89
170,완도,2025-09-20,24.4,20.7,28,8,3.4,79.5,5,14
170,완도,2025-09-21,22.7,19.2,29.8,,1.9,78.8,7.8,19.52
170,완도,2025-09-22,22.8,18.5,29.2,,3,70.8,4.2,15.98
170,완도,2025-09-23,24.1,18.2,30,,3.2,66.1,9.2,21
170,완도,2025-09-24,25.4,22.7,29.2,1.2,2.4,81.3,1.6,11.01
170,완도,2025-09-25,23.7,22.6,25.1,28.3,.9,93.8,0,3.03
170,완도,2025-09-26,24.4,22.3,27.6,.1,1,88.1,.7,8.24
170,완도,2025-09-27,22.9,20.7,26.1,6.8,2.2,88.5,.1,6.8
170,완도,2025-09-28,23.6,20.7,28.2,3.4,2.1,88.3,1.2,9.43
170,완도,2025-09-29,22.3,18.7,28.1,,1.7,74.5,4.7,14.92
170,완도,2025-09-30,21.2,16.8,26.6,,1.4,77.8,4.7,12.7
172,고창,2025-05-15,20.9,19.3,23.1,.4,3.8,88.6,0,8.66
172,고창,2025-05-16,19.4,16.5,23,43.4,4.3,89.4,0,4.65
172,고창,2025-05-17,18.2,14.3,23.4,0,2.2,86.9,3.8,19.22
172,고창,2025-05-18,15.4,11.2,21.6,,2,75.3,11.3,29.44
172,고창,2025-05-19,19.3,13,23.6,0,4.3,70.4,4.2,15.33
172,고창,2025-05-20,23.1,19.7,26,,3.3,86.3,.3,11.07
172,고창,2025-05-21,23.3,19.3,26.6,,2.3,78.5,4,14.51
172,고창,2025-05-22,19.7,17.8,21.9,,1.9,91.3,.2,11.72
172,고창,2025-05-23,20,17.5,23.9,0,2.3,69.9,.9,14.73
172,고창,2025-05-24,16.8,13.2,20,,2.4,73.9,.1,9.59
172,고창,2025-05-25,16.3,10.6,21.8,,2.3,74.5,13.4,28.74
172,고창,2025-05-26,18.2,11.5,25.1,,1.8,66.1,12.7,27.72
172,고창,2025-05-27,18.9,11.9,25.7,,2,62,12.5,26.86
172,고창,2025-05-28,19.6,12,28.2,,1.6,67.1,12.6,28.39
172,고창,2025-05-29,19.6,12.5,26.9,,1.8,68,12.9,28.43
172,고창,2025-05-30,18.3,12.4,24.8,,1.7,63.6,13,27.1
172,고창,2025-05-31,18.3,12.7,24.8,,1.6,73.5,6,20.98
172,고창,2025-06-01,19.9,12.6,28.4,,1.8,71.4,11.4,27.43
172,고창,2025-06-02,17.8,16.4,19.7,2.3,1.6,87.4,0,7.34
172,고창,2025-06-03,18.5,15,23.1,0,2.7,79.5,11.5,28.11
172,고창,2025-06-04,19.3,12.7,26.3,,2.8,63.8,13.6,32.14
172,고창,2025-06-05,20.5,11.8,28.4,,1.4,57.3,12.8,30.24
172,고창,2025-06-06,22.9,17.6,27,,2.3,42.3,2.3,13.63
172,고창,2025-06-07,24.4,19.3,30.9,,3.5,59.3,10,27.27
172,고창,2025-06-08,24,20.3,30.4,,2,78.4,5.4,21.13
172,고창,2025-06-09,23.9,20.1,31,,1.8,76,10,27.04
172,고창,2025-06-10,21.4,17.8,28.6,,2.1,80.3,4.7,21.25
172,고창,2025-06-11,21.9,15.5,28.7,,2.2,62.3,11.4,30.4
172,고창,2025-06-12,23.2,16.9,31,,1.7,63.8,8.5,26.11
172,고창,2025-06-13,21.4,19.1,24.3,95.8,1.7,87.6,0,7.59
172,고창,2025-06-14,22.9,19.9,27.6,42.4,2.2,90.1,3.1,14.88
172,고창,2025-06-15,24.8,18.4,30.2,5,2.8,82.8,8.1,24.33
172,고창,2025-06-16,23.6,21.6,26.7,.9,4,86.9,3.8,14.46
172,고창,2025-06-17,24.6,21.3,29.8,0,3.4,78.9,5.6,17.5
172,고창,2025-06-18,25.2,19.2,32.2,,1.6,69.9,12.5,29.58
172,고창,2025-06-19,25.9,19.4,30.7,0,3.3,77.6,6.4,21.98
172,고창,2025-06-20,25.5,24,27.4,4.8,5.5,86.4,0,4.98
172,고창,2025-06-21,21,18,25,122.2,3.7,96.4,0,2.12
172,고창,2025-06-22,21.9,18,27.4,,1.4,80.6,9.6,24.57
172,고창,2025-06-23,23.5,15.4,30.8,,2,73.8,13.6,31.45
172,고창,2025-06-24,21.3,18.7,23.3,27,1.7,91.8,0,4.04
172,고창,2025-06-25,22.3,19.3,26.3,1.9,4,84.1,8,23.38
172,고창,2025-06-26,23.4,19.6,28.5,,2.2,78.5,8.7,26.29
172,고창,2025-06-27,26.1,19.1,32.6,,.8,74,12.2,27.5
172,고창,2025-06-28,27.9,24.8,33,,2.1,82.3,8.9,25.66
172,고창,2025-06-29,28.2,24.8,32.5,,2.9,76.4,12.1,27.66
172,고창,2025-06-30,28.5,24.2,33,,2.7,77,10.4,25.52
172,고창,2025-07-01,28.9,25.3,33.8,0,3.4,78.6,7.3,23.17
172,고창,2025-07-02,29,25.7,33.6,,2.5,79.4,12.1,28.52
172,고창,2025-07-03,28.5,24.7,33.4,,2.8,72.6,11.8,29.67
172,고창,2025-07-04,27.4,24.1,31.6,,3.2,78.5,7.5,23.33
172,고창,2025-07-05,28.2,24.9,32.7,,3,76.1,8.3,25.73
172,고창,2025-07-06,28.9,25.7,33.1,,2.8,79.5,8,25.25
172,고창,2025-07-07,28.4,24.4,33.2,,1.9,82.8,8.6,26.16
172,고창,2025-07-08,28.9,25.1,35.8,0,1.6,82.5,8.4,22.12
172,고창,2025-07-09,29.6,25.2,35.2,,2.1,75.1,13.2,29.23
172,고창,2025-07-10,29.2,24.2,35.5,,1.9,69.8,8.3,22.85
172,고창,2025-07-11,29.8,24.3,35.7,,2.5,57.8,9.3,26.73
172,고창,2025-07-12,27.9,22.4,33.6,,2,62.1,11.9,29.11
172,고창,2025-07-13,24,21.9,27.9,18.7,1.8,88.1,.1,5.07
172,고창,2025-07-14,24.2,20.2,28.5,.8,2.7,85.9,7.1,25.34
172,고창,2025-07-15,24.3,21.2,28.2,1,2.6,85.6,3.1,16.52
172,고창,2025-07-16,24.4,22.6,25.6,15,5.2,86.8,0,4.24
172,고창,2025-07-17,25.1,21.2,28.4,196.7,4.3,92.8,.1,2.67
172,고창,2025-07-18,25.3,21.8,30,7.7,4.1,86.8,2.7,14.93
172,고창,2025-07-19,25.7,24.2,28.7,117.6,3.5,94.1,.3,5.88
172,고창,2025-07-20,28.3,24.9,32.4,,3.2,78.9,11.1,27.54
172,고창,2025-07-21,27.5,25.6,32.1,.1,2.4,84.8,6.1,15.26
172,고창,2025-07-22,28.2,24.6,32.5,,2.1,81,11.3,26.92
172,고창,2025-07-23,27.7,22.9,33.4,,1.6,82.8,12,28.22
172,고창,2025-07-24,28.2,22.9,34.4,,1.5,83.5,11.3,27.97
172,고창,2025-07-25,29.1,23.7,35.2,,1.6,81.9,10.5,26.55
172,고창,2025-07-26,30,24.1,35.2,,1.7,77,12.3,27.22
172,고창,2025-07-27,30,25,36.1,,2,71.1,11.8,27.81
172,고창,2025-07-28,29.2,24.5,34.9,,2.1,75.4,12.8,27.79
172,고창,2025-07-29,29.3,23.8,35.4,,1.7,74,12.7,28.5
172,고창,2025-07-30,29.2,23.2,35.4,0,2.2,69,8.3,24.26
172,고창,2025-07-31,29.2,24.8,35.2,,2.4,67.6,10,25.85
172,고창,2025-08-01,28.7,23,35.2,,1.7,73,13.3,28.27
172,고창,2025-08-02,28.6,23.5,34.8,,1.7,79.9,9.5,24.26
172,고창,2025-08-03,26.8,25.5,29.4,71.8,2.4,91,0,4.22
172,고창,2025-08-04,27.5,24.8,30.8,26.2,2.8,90.6,3.6,15.68
172,고창,2025-08-05,28.4,24,32.7,,2.7,85.8,5.5,20.76
172,고창,2025-08-06,28.5,27.3,30.5,.2,3.6,89.4,.8,12
172,고창,2025-08-07,27.5,23.3,30.7,0,2.3,84.5,6,20.63
172,고창,2025-08-08,25.4,21.1,30.9,,1.3,84,7.1,21.74
172,고창,2025-08-09,23.5,21.9,26.4,17.4,1.8,93.5,0,4.72
172,고창,2025-08-10,25.2,21.9,30.4,12.2,3,85.6,8.7,25.38
172,고창,2025-08-11,23.1,20.9,27,9.4,1.4,94.3,.4,6.18
172,고창,2025-08-12,23.5,20.7,26.4,10.8,2.3,93.8,0,8.18
172,고창,2025-08-13,28,24.8,31.6,1.7,4.2,84,7.6,21.81
172,고창,2025-08-14,28.3,25.3,32,0,2.9,84.6,9.9,23.56
172,고창,2025-08-15,27.8,23.9,32.6,,1.6,84.1,11.9,26.16
172,고창,2025-08-16,27.4,23.5,32.4,,1.5,82.1,10.7,26.81
172,고창,2025-08-17,27.4,21.9,32.8,,1.7,82.1,9,21.95
172,고창,2025-08-18,28.2,23.7,33.4,,2,82.3,7.2,22.2
172,고창,2025-08-19,28.5,24.5,33.3,,2.4,80,10.9,25.29
172,고창,2025-08-20,28.8,24.5,33.6,,2,81,10.2,24.46
172,고창,2025-08-21,28.5,24,33.5,,1.8,79.3,12.2,25.86
172,고창,2025-08-22,28,23.9,33.1,,1.9,80.1,10.8,22.7
172,고창,2025-08-23,27.8,22.7,34,,1.7,82.3,9,21.13
172,고창,2025-08-24,28.8,23.3,34,,2.2,81.4,10.4,23.29
172,고창,2025-08-25,29.7,23.8,34.1,,3.6,76.9,11,25.04
172,고창,2025-08-26,27.1,23.6,30.4,22.7,2.8,92.3,,
172,고창,2025-08-27,26.9,23.4,32,.1,1.6,84.4,9.5,23.92
172,고창,2025-08-28,27.9,22.8,32.8,,2.5,81.1,8.2,21.89
172,고창,2025-08-29,28.4,24.8,32.9,,2.7,81.9,9.7,21.86
172,고창,2025-08-30,28.2,23.4,33.6,,1.8,80.8,10.5,21.92
172,고창,2025-08-31,27.2,24.3,32.2,1.1,2.6,86.8,5.6,15.51
172,고창,2025-09-01,28.1,24.7,33,3.4,3.6,83.5,8.5,20.72
172,고창,2025-09-02,25.1,21.4,29.7,39.6,1.6,88.9,3.3,11.39
172,고창,2025-09-03,25.8,20,32.9,12.6,1.7,85.9,10.7,23.3
172,고창,2025-09-04,25.9,23,31.8,45.8,1.7,90.8,4.8,15.85
172,고창,2025-09-05,27.4,22.7,32.9,,1.7,85.4,9.8,19.92
172,고창,2025-09-06,28.6,25.4,32.1,.7,3.8,83.1,8.1,20.31
172,고창,2025-09-07,25.8,21.7,29.6,85.8,2.5,92.4,.5,8.23
172,고창,2025-09-08,22.4,19.9,25.7,.5,1.4,86,1.2,7.94
172,고창,2025-09-09,20.3,17.1,22.4,14.6,2.5,93.9,0,5.83
172,고창,2025-09-10,23.6,20.2,29,.1,2.7,86.3,8.8,21.75
172,고창,2025-09-11,24.8,19,31,,1.9,79,9.9,23.49
172,고창,2025-09-12,24.3,21.4,26.8,10.5,2.7,89,0,5.4
172,고창,2025-09-13,25,21.3,28.1,43.4,3.3,91.6,,
172,고창,2025-09-14,25.1,21,29.9,,1.1,87.6,,
172,고창,2025-09-15,25.3,22.7,27.6,0,1.6,90.3,,
172,고창,2025-09-16,27.7,24.1,32.3,,2.6,84.8,,
172,고창,2025-09-17,24.7,22.4,30.2,6,2.7,92.3,,
172,고창,2025-09-18,23,20.6,27.5,0,1.5,86.9,,
172,고창,2025-09-19,23.3,20.6,26,1.1,3.1,77.1,.9,9.4
172,고창,2025-09-20,22.2,18.1,25.2,3.5,4.1,88.3,3.2,13.28
172,고창,2025-09-21,21.6,16.5,26.9,,2.4,83.9,8.1,19.69
172,고창,2025-09-22,22.3,17.6,27.6,0,1.9,74.3,5.7,17.7
172,고창,2025-09-23,23.1,18.9,28.7,0,1.7,67.9,6.9,18.82
172,고창,2025-09-24,24.5,22.2,28.9,7.6,3.6,83,2.5,11.28
172,고창,2025-09-25,22.9,22.1,24.4,29.9,1.6,97,0,4.41
172,고창,2025-09-26,23.2,20.7,28.2,,2,84.4,3.5,15.62
172,고창,2025-09-27,23.2,19.5,27.8,0,1.5,89.8,1.9,11.4
172,고창,2025-09-28,21.7,18.4,23.5,25,2.8,90.9,0,3.93
172,고창,2025-09-29,19.8,15.9,24.9,,1.7,86.5,4.8,15.05
172,고창,2025-09-30,19.1,14.9,25.7,,1.5,84.9,5.4,15.39
174,순천,2025-05-15,17.6,14.2,20.2,12.9,.8,92.4,0,
174,순천,2025-05-16,17.2,16.2,19.1,48.6,1.1,95.3,0,
174,순천,2025-05-17,18.8,16,24,1,2.1,80.5,4.9,
174,순천,2025-05-18,16,10.3,22.6,,2.9,62.8,10.2,
174,순천,2025-05-19,,,,0,,73,8,
174,순천,2025-05-20,,,,,,81.9,5.8,
174,순천,2025-05-21,,18.9,24.9,,,86.1,.4,
174,순천,2025-05-22,19.8,15.3,27.8,0,,84.9,2.5,
174,순천,2025-05-23,17.5,14,21,,,60.9,.5,
174,순천,2025-05-24,15.7,13.2,19.1,.1,,72.4,0,
174,순천,2025-05-25,16.8,11.5,24.3,.4,,67.1,11.1,
174,순천,2025-05-26,16.7,9.1,25.3,,1,70.5,9.8,
174,순천,2025-05-27,17.7,9.2,26.1,,1.2,64.3,10.2,
174,순천,2025-05-28,17.9,9.8,27.1,1.1,1.1,71.6,7.1,
174,순천,2025-05-29,16.1,9.1,26.9,5.4,1,81.9,3.8,
174,순천,2025-05-30,17.9,10.6,26.2,,1.3,75.5,8.1,
174,순천,2025-05-31,17.9,11.1,24.5,,1.1,73.3,4.3,
174,순천,2025-06-01,19.1,10.9,27.4,,1,71.8,10.3,
174,순천,2025-06-02,15.8,14.5,19.4,6.9,.6,88.9,0,
174,순천,2025-06-03,19,14.7,25.1,0,3.1,64.4,10,
174,순천,2025-06-04,18.9,9,26.4,,2.8,48.1,12.4,
174,순천,2025-06-05,18.1,8.8,26.9,,1.5,60.4,10.9,
174,순천,2025-06-06,17.4,11.7,25.6,0,.5,76,.2,
174,순천,2025-06-07,19.9,10.4,28.3,,1.3,70.9,8.6,
174,순천,2025-06-08,21.6,15.8,28.6,,1.1,77.4,6.3,
174,순천,2025-06-09,21.8,17.3,27.7,,1.1,80,5.9,
174,순천,2025-06-10,22.6,15.4,30.4,,1.8,68.8,5.8,
174,순천,2025-06-11,22.1,16.6,30.2,,2.1,54.9,10.7,
174,순천,2025-06-12,20.6,15.9,26.9,,1.2,69.4,4.5,
174,순천,2025-06-13,18.4,15.5,21.4,34.7,.9,90.8,0,
174,순천,2025-06-14,21.5,18.5,26.4,67.7,.6,94.9,.5,
174,순천,2025-06-15,23.3,19.4,28.8,17,1.3,85.3,5,
174,순천,2025-06-16,22.2,18.3,27,13.1,1.4,86.6,4.8,
174,순천,2025-06-17,22.3,17.6,27.6,,1.7,84.4,7.7,
174,순천,2025-06-18,23.5,17.5,31.4,,1.2,72,11.4,
174,순천,2025-06-19,22.1,16,27.1,0,1.3,85.6,1.2,
174,순천,2025-06-20,24.2,22.9,25.8,2.2,1.7,84.5,0,
174,순천,2025-06-21,22.3,17.8,24.2,56,2.2,90.9,0,
174,순천,2025-06-22,20.6,16.8,26.3,.7,1.6,78.1,4,
174,순천,2025-06-23,22.1,14.3,30.2,,1,74,11.8,
174,순천,2025-06-24,19.1,16.2,21.3,5.1,.5,92.8,0,
174,순천,2025-06-25,21.4,16.8,27.3,1.4,1.5,80.3,5.7,
174,순천,2025-06-26,22,15.3,28.8,,1.5,73.3,9.2,
174,순천,2025-06-27,24.1,16.7,31.9,,1.2,73.8,11,
174,순천,2025-06-28,26.2,20.3,32.8,,1.3,80.6,8.4,
174,순천,2025-06-29,26.4,21.5,33,,1.4,76.8,9.7,
174,순천,2025-06-30,26.2,20.9,32,,1.3,78,10.1,
174,순천,2025-07-01,26.1,22.1,30.5,0,1,84.3,1.5,
174,순천,2025-07-02,28.1,23.7,34.2,,1.1,76,10.1,
174,순천,2025-07-03,27.2,21.9,33.6,,1.2,72.9,11.7,
174,순천,2025-07-04,25.2,19,33,,1.1,77,8.8,
174,순천,2025-07-05,26.4,20.6,33.3,,1.1,75.4,9.8,
174,순천,2025-07-06,27.3,22.3,33.4,,1.5,74.9,9.6,
174,순천,2025-07-07,28.3,23.8,34.7,,1.7,74.3,9.3,
174,순천,2025-07-08,27.6,23,32.8,,1.1,78.5,7.2,
174,순천,2025-07-09,27.3,22.3,34.4,,1.6,67.9,11.2,
174,순천,2025-07-10,26.6,20.7,33,,1.3,69.6,9.4,
174,순천,2025-07-11,26.4,20.5,32.7,,1.6,64.5,10.7,
174,순천,2025-07-12,25.2,18.4,31.7,,1.3,71.4,8.5,
174,순천,2025-07-13,23.2,19.9,27.1,25.9,1.1,87.4,0,
174,순천,2025-07-14,23.9,19.8,30.1,.1,2.6,72.4,10,
174,순천,2025-07-15,22.7,20.1,27.6,.6,1.3,82,2.5,
174,순천,2025-07-16,21.8,19.4,23.5,10.5,1.1,92.5,0,
174,순천,2025-07-17,23.3,20,27.1,253.7,1.4,93.9,0,
174,순천,2025-07-18,23.5,19.7,28.1,40.8,1.3,89.6,3.2,
174,순천,2025-07-19,24.3,22.2,26.2,139.6,1.7,91.6,0,
174,순천,2025-07-20,25.6,22.8,30.3,,1.4,82.8,4.6,
174,순천,2025-07-21,25.2,22.5,29.3,7.8,1,88.6,3.5,
174,순천,2025-07-22,25.8,21.7,31.6,,1.3,82.3,10.7,
174,순천,2025-07-23,26.1,19.9,32.6,,.8,78.6,11.2,
174,순천,2025-07-24,26.7,20.6,33.4,,.9,77.5,11.7,
174,순천,2025-07-25,26.9,20.9,33,,1.2,76.3,10.7,
174,순천,2025-07-26,27.3,21.1,32.8,,1.3,74.8,12.2,
174,순천,2025-07-27,27.3,21.3,33.5,,1.4,75.5,12.4,
174,순천,2025-07-28,27.5,21.2,34.5,,.9,77.3,10.8,
174,순천,2025-07-29,27,21,33,,1.2,75,11.6,
174,순천,2025-07-30,26.3,20.5,32.6,,1.3,73,9.3,
174,순천,2025-07-31,26.5,22,33.1,,1.2,76.8,11.1,
174,순천,2025-08-01,26.8,20.1,34.3,,.8,77.6,10.7,
174,순천,2025-08-02,27.7,22.7,33.8,,.9,80.3,8.1,
174,순천,2025-08-03,25.9,23.7,29,44.7,1.7,87.3,0,
174,순천,2025-08-04,26.8,24.2,31.1,14.8,1.3,87.8,.4,
174,순천,2025-08-05,26.6,23.8,31.6,13.1,1,88.9,4.5,
174,순천,2025-08-06,26.3,24.2,30.8,3.5,.8,90.3,.6,
174,순천,2025-08-07,26.5,22.2,30.7,1.8,1.8,79.6,6.4,
174,순천,2025-08-08,24.9,20.5,31.6,,1.1,75.9,6.2,
174,순천,2025-08-09,22.2,20.7,26.3,35.3,.5,94.4,0,
174,순천,2025-08-10,23.5,20.6,28.3,51,1,92.3,1.8,
174,순천,2025-08-11,22.7,20.5,27.4,8.8,.8,90.4,.6,
174,순천,2025-08-12,21.2,19.3,23.3,32.6,.8,95.8,0,
174,순천,2025-08-13,26.2,22.2,31.6,1.8,1,85,5,
174,순천,2025-08-14,27,23,33,,1,81.3,7.1,
174,순천,2025-08-15,27.3,21.8,33.7,,1.3,78,11.8,
174,순천,2025-08-16,26.7,22.1,33.4,,1.1,78.3,10.4,
174,순천,2025-08-17,25.8,20.6,32.7,,1.1,81,10,
174,순천,2025-08-18,26.9,21.6,33.8,,1,79.4,6,
174,순천,2025-08-19,26.3,22.2,32.5,,.9,81.3,6,
174,순천,2025-08-20,26.4,21.4,32.7,,1.1,80.8,9.6,
174,순천,2025-08-21,26.6,21.4,34,,.9,78.6,9.6,
174,순천,2025-08-22,27.3,22.5,34.5,,1,78.3,10.6,
174,순천,2025-08-23,27.3,21.6,34.2,,.9,76.8,10.8,
174,순천,2025-08-24,27.3,22,33.8,0,1.1,80.1,7.4,
174,순천,2025-08-25,26.9,22.2,32.5,,1.3,80,8.9,
174,순천,2025-08-26,25.3,23.4,30.1,12.2,.7,88.9,,
174,순천,2025-08-27,26.3,22.8,32.4,,.9,80.4,10,
174,순천,2025-08-28,26.2,22.5,30.8,,1,83.1,5.6,
174,순천,2025-08-29,27.2,22.6,33.8,,.9,79.5,8.6,
174,순천,2025-08-30,26.9,21.9,33.7,0,1,79.6,8.2,
174,순천,2025-08-31,24.5,22.8,29.8,13.4,.8,93.3,2.5,
174,순천,2025-09-01,25.7,22.8,30.6,.5,1,89.1,2.6,
174,순천,2025-09-02,25.6,21.6,30.8,.3,1.3,83,7.3,
174,순천,2025-09-03,25.6,20.9,33.5,,1.1,81.8,9.5,
174,순천,2025-09-04,25.7,20.9,32.6,0,1.1,82.8,5.8,
174,순천,2025-09-05,26.2,22.4,31.9,1.4,1,84,5,
174,순천,2025-09-06,25.4,22.5,30.5,6.7,.8,90.6,3.7,
174,순천,2025-09-07,24.6,23,29.5,17.6,.6,92.9,.7,
174,순천,2025-09-08,22.2,19.5,27.1,.8,1,85,2.3,
174,순천,2025-09-09,19.8,18,22.4,40.3,1.1,91.5,0,
174,순천,2025-09-10,22.6,19.4,28.6,.6,.8,89,4,
174,순천,2025-09-11,22.8,18.1,29.4,,1.2,82.8,6.4,
174,순천,2025-09-12,23.1,19,27.2,0,.9,84.1,.1,
174,순천,2025-09-13,24.7,22.6,28.2,12.7,1.1,90.3,1.4,
174,순천,2025-09-14,24,20.6,29.4,0,1.2,81.4,6,
174,순천,2025-09-15,23.6,21.1,27.7,.6,.5,89.1,2.3,
174,순천,2025-09-16,25.2,21.3,31.1,7.5,.9,88.3,3.8,
174,순천,2025-09-17,24.4,22.1,31.5,2.2,.9,89.6,3.2,
174,순천,2025-09-18,22.4,20,27.2,0,1.9,79.9,2.3,
174,순천,2025-09-19,21,16.5,25.8,,1.1,77.3,1.7,
174,순천,2025-09-20,20.8,16.1,25.1,12.7,1.7,84.8,1.2,
174,순천,2025-09-21,19.3,14.4,26.7,,.8,82.9,6.1,
174,순천,2025-09-22,19.2,13.6,25.7,,.9,79.4,5.5,
174,순천,2025-09-23,20.2,15.8,27.3,,1,74.3,8,
174,순천,2025-09-24,21.7,16.6,26.8,1.2,.5,88.1,0,
174,순천,2025-09-25,21.5,19.8,23.5,16,.5,95.3,0,
174,순천,2025-09-26,23.2,19.8,29.3,,.9,81.8,6.9,
174,순천,2025-09-27,22.1,20.1,27.6,.1,1.1,82.9,1.9,
174,순천,2025-09-28,20.7,19,25,41.7,1.4,89.6,.1,
174,순천,2025-09-29,19.2,14.7,24.8,,2,78.3,3.9,
174,순천,2025-09-30,17.8,13.7,25.5,,.8,83,5.3,
177,홍성,2025-05-15,18.8,16.7,21.5,.9,2.6,85.6,0,7.53
177,홍성,2025-05-16,20.1,17.7,24,7.2,1.6,85.9,0,4.98
177,홍성,2025-05-17,18,13.8,23.9,1.9,3.1,81.4,7.8,21.89
177,홍성,2025-05-18,15.6,10.2,22.1,,1.6,64,10.6,26.09
177,홍성,2025-05-19,17.1,10.4,20.8,,3,76.3,3.7,11.57
177,홍성,2025-05-20,23.4,19.7,27.7,0,3.4,86.4,2.3,16.17
177,홍성,2025-05-21,24.6,20,30.7,,1.5,79.1,7.9,22.08
177,홍성,2025-05-22,21.5,19.4,26,0,1.5,85.5,1.5,9.14
177,홍성,2025-05-23,19,15.5,22.6,2.2,1.6,62.3,.4,10.06
177,홍성,2025-05-24,15.1,12.7,18.3,11.6,3,80.5,.6,11.13
177,홍성,2025-05-25,16.6,10.2,22.7,,2.1,70.8,13.1,27.98
177,홍성,2025-05-26,18.3,11,26.2,,1.9,68.3,12.5,28.87
177,홍성,2025-05-27,19,12.9,26.1,,2.3,71.5,12.3,26.85
177,홍성,2025-05-28,20.7,14.8,27.4,,1.9,65.4,11.6,25.27
177,홍성,2025-05-29,19.9,13.2,27.2,,1.8,62,12.5,26.12
177,홍성,2025-05-30,20.1,13,27.3,,1.6,64,12.1,25.73
177,홍성,2025-05-31,19.4,14,25.8,,1.7,72,4.6,19.09
177,홍성,2025-06-01,21,13.4,29.1,,1.5,61.9,11,27.26
177,홍성,2025-06-02,19.3,16.8,23.1,0,1.1,69,0,8.81
177,홍성,2025-06-03,19.4,15,24.7,,2.5,70.1,13.1,29.66
177,홍성,2025-06-04,20.2,14.2,27,,3.5,55,13.6,30.59
177,홍성,2025-06-05,20.5,12.9,27.2,,2.6,53.4,11.9,28.33
177,홍성,2025-06-06,23.8,17.4,29.1,,2.8,40,6.8,22.49
177,홍성,2025-06-07,23.9,20.7,28.3,0,3,68.6,8.3,25.15
177,홍성,2025-06-08,24.1,20.6,29.8,0,2.4,79.5,8.1,23.71
177,홍성,2025-06-09,23.8,20.6,29.3,0,2,78.8,7.8,22.53
177,홍성,2025-06-10,21.6,18.1,26.8,,2.4,77.6,5.1,19.69
177,홍성,2025-06-11,22.1,14,29.1,,2.2,56.4,13.1,29.81
177,홍성,2025-06-12,23.2,15.2,30.4,,1.5,60,8.1,22.22
177,홍성,2025-06-13,21.5,18.5,26.1,6.5,1.5,76.9,.7,9.5
177,홍성,2025-06-14,23.9,19.3,29.8,8.7,2.1,82,7.1,22.63
177,홍성,2025-06-15,24.4,18.6,30.7,3.3,2.7,81.1,6.6,22.89
177,홍성,2025-06-16,22.4,21.4,23.6,1.5,2.8,91.4,0,5
177,홍성,2025-06-17,23.7,21.2,28.8,11.3,2.4,86,6.4,19.12
177,홍성,2025-06-18,24.4,19.5,30.8,,2.1,68.9,11.1,27.98
177,홍성,2025-06-19,26,18.9,31.7,1.6,2,74.4,5.7,18.93
177,홍성,2025-06-20,24.4,22.6,26.7,82.2,4,90.9,0,3.89
177,홍성,2025-06-21,20.9,19.1,22.6,38.7,2.1,92.1,0,5.55
177,홍성,2025-06-22,22.6,17.9,27.5,,2.5,71.9,13.4,30.5
177,홍성,2025-06-23,24.3,17.5,31.2,,1.9,71.4,11.5,29.01
177,홍성,2025-06-24,22.5,19.6,26.8,12,2.2,81.4,.4,9.26
177,홍성,2025-06-25,20.4,19.8,21.9,8.8,2.1,91.6,0,5.57
177,홍성,2025-06-26,22.1,19.9,26.6,,1.9,84.6,2.1,15.75
177,홍성,2025-06-27,25.4,20,31,,1.3,77,7.2,22.7
177,홍성,2025-06-28,26.2,24.2,30,0,2,85.1,1.5,14.21
177,홍성,2025-06-29,27.3,24.5,30.8,,2.7,78.3,8.7,25.21
177,홍성,2025-06-30,27.6,23.9,31.8,,2.6,77.5,8.2,22.54
177,홍성,2025-07-01,28.3,24.7,32.4,0,2.7,81,6.2,22.96
177,홍성,2025-07-02,28.5,25.9,32,,3,79.3,8.9,27.19
177,홍성,2025-07-03,27.9,25,31.8,,2.8,76.1,9,24.27
177,홍성,2025-07-04,27.2,25.5,30.3,,3.4,79.3,3.8,18.2
177,홍성,2025-07-05,28,25.1,31.5,,3,76.5,7.9,22.77
177,홍성,2025-07-06,28.4,25.9,32.3,,3.1,77.9,9.7,24.67
177,홍성,2025-07-07,29.1,26,34.1,,1.8,78.5,4.8,18.16
177,홍성,2025-07-08,30,24.7,36.7,0,1.5,75.4,8.9,24.08
177,홍성,2025-07-09,30.2,25.5,35.6,,1.8,64.8,13.2,28.82
177,홍성,2025-07-10,29.3,22.4,35.3,,2.1,53.8,13.7,29.26
177,홍성,2025-07-11,29,22.8,34.6,,2.3,51.1,13.5,29.1
177,홍성,2025-07-12,27.6,21.9,35.7,,1.8,57.6,13.7,29.44
177,홍성,2025-07-13,24.2,21.3,30.3,.6,1.1,81.3,.9,9.13
177,홍성,2025-07-14,24.4,20.8,30.3,4.5,2.3,78.3,5.9,18.54
177,홍성,2025-07-15,23.8,21.4,28.1,1.2,1.9,78.6,1.3,11.68
177,홍성,2025-07-16,23,21.5,24.5,84.3,1.9,90.4,0,2.14
177,홍성,2025-07-17,23.1,21.2,25.5,353.3,2.3,93.3,0,3.81
177,홍성,2025-07-18,24.7,21.9,26.9,.8,1,89.1,0,8.71
177,홍성,2025-07-19,25.8,23.7,28.4,23.1,2.1,88.4,.2,7.27
177,홍성,2025-07-20,28,24.1,32.9,,1.8,77.6,5.5,17.69
177,홍성,2025-07-21,28.2,24.3,32.2,0,2.2,77.8,8.5,23.68
177,홍성,2025-07-22,28.2,24.9,32.5,,1.8,76.9,11,24
177,홍성,2025-07-23,27.8,23.5,33.3,,1.6,76.6,10.3,23.02
177,홍성,2025-07-24,28.4,22.8,34.2,,1.4,72.9,12.1,26.71
177,홍성,2025-07-25,29.6,23,35.5,,1.2,70.8,13.1,27.88
177,홍성,2025-07-26,29.8,24.1,35.6,,1.4,72.1,11.1,25.82
177,홍성,2025-07-27,30.3,24.9,36.3,,1.4,71.8,13.1,27.65
177,홍성,2025-07-28,30.1,25.5,35.8,,1.4,71.4,10.5,21.95
177,홍성,2025-07-29,30.2,24.3,36.5,,1.3,72.8,11.4,25.61
177,홍성,2025-07-30,29.7,24.8,35,,1.5,75,8.8,23.96
177,홍성,2025-07-31,30.1,26.2,35.6,,1.6,65.1,8.7,24.06
177,홍성,2025-08-01,29.5,24.1,36.2,,1.5,69.8,9.1,22.48
177,홍성,2025-08-02,29.8,24.6,36.3,0,1.4,71.8,9.8,22.19
177,홍성,2025-08-03,26.3,22.9,30.8,36.3,1.2,84.9,.5,5.96
177,홍성,2025-08-04,27,23.5,31.9,2.9,1.3,85,1.2,10.26
177,홍성,2025-08-05,28.3,23.6,33.5,1,2,75.1,11.5,26.78
177,홍성,2025-08-06,27.9,24.7,30,.3,2.6,83.9,.2,8.12
177,홍성,2025-08-07,27.4,23.5,31.6,0,2.5,74.3,8.9,24.21
177,홍성,2025-08-08,25.8,21.9,29.5,,1.7,77.4,5.6,17.11
177,홍성,2025-08-09,24.2,23.1,26,.5,1,87,0,5.18
177,홍성,2025-08-10,25.9,19.7,31.8,,1.8,73.8,12.4,26.6
177,홍성,2025-08-11,24.2,22.1,26.2,2.9,.8,89.5,.4,4.75
177,홍성,2025-08-12,25.3,21.5,30.4,.4,1.7,80.9,6.3,21.41
177,홍성,2025-08-13,26.5,23.1,31,40.6,2.5,85.8,.6,9.92
177,홍성,2025-08-14,26.6,24.1,30.3,21.9,2.1,85.4,3.2,11.7
177,홍성,2025-08-15,28.2,24.2,32.6,0,2,78.4,10.2,25.36
177,홍성,2025-08-16,27.7,24.4,32.3,,2,78.9,8.8,23.94
177,홍성,2025-08-17,27.8,23.7,32.4,,2.1,77.8,8.3,22.36
177,홍성,2025-08-18,28.6,25.1,32.6,0,2.5,77.9,6.5,20.02
177,홍성,2025-08-19,28.3,24.9,31.8,7.3,2.4,82.3,6.7,18.76
177,홍성,2025-08-20,28.6,24.9,33,,2.2,76.3,9.5,22.51
177,홍성,2025-08-21,29.2,25.4,34.5,0,1.5,76.5,10.6,24.46
177,홍성,2025-08-22,28.5,24.8,33.1,,1.8,76.4,10.2,24.66
177,홍성,2025-08-23,28.6,24.3,33.7,,1.6,77.9,10.2,22.15
177,홍성,2025-08-24,29.1,24.7,34.1,,1.8,74.3,9.5,20.61
177,홍성,2025-08-25,29.1,25.3,33.8,15.8,2.8,76.6,8.5,21.23
177,홍성,2025-08-26,26.5,23.8,31.1,38.3,2.1,84.5,4.3,12.3
177,홍성,2025-08-27,26,22,31.4,,1.3,78.6,7.4,21.25
177,홍성,2025-08-28,27.1,21.6,31.8,,2,79.8,7,18.56
177,홍성,2025-08-29,29.1,26.8,32.3,0,2.6,80.9,6.2,17.12
177,홍성,2025-08-30,29,25.8,33.5,,2.1,76.8,10.4,23.5
177,홍성,2025-08-31,28.1,24.1,32.8,,2.1,76,7.9,19.52
177,홍성,2025-09-01,25.3,23.6,26.7,87.1,2.1,89,.3,5.35
177,홍성,2025-09-02,24.9,21.2,29,0,1.1,82.4,6,15.32
177,홍성,2025-09-03,26.1,19.4,33,,1.3,76.6,10,23
177,홍성,2025-09-04,26,23.7,30.4,4.4,1.3,83.4,3.9,12.15
177,홍성,2025-09-05,27.6,22.6,33,,1.6,76.3,10.9,21.69
177,홍성,2025-09-06,27.3,23.5,31.6,38,2.7,82.9,4.1,15.06
177,홍성,2025-09-07,24.7,19.2,28.7,.2,1.4,81.1,.8,10.56
177,홍성,2025-09-08,22.5,18.1,27.4,.1,1.1,83.8,.4,10.71
177,홍성,2025-09-09,22.2,19.6,25,.1,1.3,81.8,1.1,10.51
177,홍성,2025-09-10,23.4,17.9,30.1,,1.7,74.1,11.6,23.12
177,홍성,2025-09-11,24.1,16.9,30.2,,1.7,73,11,23.16
177,홍성,2025-09-12,22.5,20.6,25.4,30.8,2,82.1,0,5.21
177,홍성,2025-09-13,24.5,21.1,27.7,25.2,1.8,85.3,1.2,10.14
177,홍성,2025-09-14,24.5,21.4,28.4,,1.1,82,1.4,11.17
177,홍성,2025-09-15,24.1,18.8,28.8,,.9,80.9,5,15.19
177,홍성,2025-09-16,24.6,21.5,30.9,62.4,1.6,86.4,2.8,11.33
177,홍성,2025-09-17,22.9,21.5,25.8,14,1.9,89,.3,4.46
177,홍성,2025-09-18,21.9,19.6,26.9,4.7,1.4,81.9,3.2,13.26
177,홍성,2025-09-19,19.6,17.7,22.2,28.8,1.4,86.5,0,4.63
177,홍성,2025-09-20,19.9,17.2,25.4,64.9,1.5,85.9,2.7,10.43
177,홍성,2025-09-21,21,16.5,26.3,,1.8,78.4,9.3,19.95
177,홍성,2025-09-22,20.8,17.3,24.7,0,1.7,74.3,2.5,13.65
177,홍성,2025-09-23,21.9,17.7,27,.1,1.5,69.9,6.4,18.29
177,홍성,2025-09-24,21.5,17.2,25.1,18.4,1.1,86.3,1.2,4.31
177,홍성,2025-09-25,21.5,17.7,24.8,3.8,.8,90.6,0,5.82
177,홍성,2025-09-26,20.7,16,26.7,,1.2,83.5,5.8,16.04
177,홍성,2025-09-27,22,16.4,28.8,.6,1.4,83.5,3.1,13.78
177,홍성,2025-09-28,20.4,19,22,42.9,1.6,88.6,.1,3.4
177,홍성,2025-09-29,20.4,16,25.6,,1.3,75.8,7.1,16.62
177,홍성,2025-09-30,18.3,14.1,25,,.9,82.3,3.9,12.27
181,서청주,2025-05-15,20.5,17.5,23.9,1.6,2,86.3,0,8.31
181,서청주,2025-05-16,20.6,17.4,24.6,25.3,1.4,90.9,0,6.15
181,서청주,2025-05-17,19.6,15.7,25.9,2,2.9,82.5,5.7,21.8
181,서청주,2025-05-18,16.3,11.6,22.7,,1.9,59.1,8.4,25.04
181,서청주,2025-05-19,18.3,9.2,23.5,,2.3,71.5,2.6,14.75
181,서청주,2025-05-20,25.1,20.5,30.7,,2.8,76.4,7.4,23.32
181,서청주,2025-05-21,25.6,20.8,30.7,,1.7,75.4,7.7,22.66
181,서청주,2025-05-22,20.9,17.1,23.2,.3,1.6,87.6,.2,6.03
181,서청주,2025-05-23,18.6,14.1,23,0,2.2,53.9,.9,14.94
181,서청주,2025-05-24,14.5,13.2,16.8,1,3.4,74.6,0,8.08
181,서청주,2025-05-25,16.7,9.7,23.2,,1.6,70,12.7,29.1
181,서청주,2025-05-26,18.7,10.8,26.3,,1.4,62.3,12.6,29.07
181,서청주,2025-05-27,19.7,11.5,26.7,,1.4,64.4,11.2,26.43
181,서청주,2025-05-28,19.8,13.5,26.8,.5,1.5,64.8,10.6,25.17
181,서청주,2025-05-29,19.9,12.7,27.2,0,2,65.9,11.9,28.09
181,서청주,2025-05-30,19.3,13.3,26.3,,1.8,62.9,12.8,27.78
181,서청주,2025-05-31,19.5,11.8,26.3,,1.4,62.1,9.1,22.82
181,서청주,2025-06-01,21.2,13,29.4,,1.5,60.6,11.1,27.13
181,서청주,2025-06-02,19.7,16.4,23.5,0,1,70.8,0,9.05
181,서청주,2025-06-03,20.8,16.5,26.5,,2.3,54.1,12.1,28.79
181,서청주,2025-06-04,19.8,12.1,26.7,,3.1,55.6,13.2,29.38
181,서청주,2025-06-05,20.6,11.6,28.7,,1.6,57.6,11.7,29.06
181,서청주,2025-06-06,21.7,15.4,30,,1.8,57.6,6,21.7
181,서청주,2025-06-07,22.8,14.7,30.4,,1.6,66.1,7.8,25.34
181,서청주,2025-06-08,25.1,20,30.8,,1.3,70.1,6.4,21.87
181,서청주,2025-06-09,24.8,21.1,30.9,,1.9,70.3,8.6,26.53
181,서청주,2025-06-10,22.9,18,28.3,,2.3,72.4,7.6,23.06
181,서청주,2025-06-11,21.7,14.7,28.5,,2,56.8,12.5,30.24
181,서청주,2025-06-12,23.2,15.3,30.3,,1.3,55.3,8.2,23.39
181,서청주,2025-06-13,20.6,17.6,26.2,15.2,1.2,80,.3,10.24
181,서청주,2025-06-14,23.1,18.5,29.2,21.5,2.1,83.9,5.3,18.93
181,서청주,2025-06-15,25.8,20.6,31.9,9.8,2.1,76.1,8.9,26.63
181,서청주,2025-06-16,23.9,21.5,27.3,15.1,3.3,83.1,4.4,15.32
181,서청주,2025-06-17,24.2,20.5,29.8,3.2,1.7,78.5,5.9,17.49
181,서청주,2025-06-18,25,20,30.7,,1.8,70.6,10.5,27.42
181,서청주,2025-06-19,25.7,19.4,31.6,0,1,75.1,7.1,20.67
181,서청주,2025-06-20,24.4,22.7,27,45.2,3.5,86.9,0,3.72
181,서청주,2025-06-21,21.2,18.2,23.5,65.9,2,93.3,0,4.3
181,서청주,2025-06-22,22.5,17.5,28.9,,1.6,74.1,10.3,27.9
181,서청주,2025-06-23,24.5,17.1,31.5,,1.2,72.8,13.3,30.03
181,서청주,2025-06-24,21.7,18.4,26.9,11.4,1.9,81.6,.2,9.87
181,서청주,2025-06-25,20.8,19.8,23.3,2.2,2.2,88.4,.1,5.33
181,서청주,2025-06-26,22.2,19.8,25.8,.6,1.5,86.8,.3,11.03
181,서청주,2025-06-27,24.5,20.6,29.9,,.8,81.5,5.2,19.66
181,서청주,2025-06-28,26.5,22.6,30.8,.2,.8,83.9,1.6,14.29
181,서청주,2025-06-29,28,24.5,32.8,,2,75.3,10.8,28.24
181,서청주,2025-06-30,28.1,22.5,33.3,,1.5,75.1,9.3,26.49
181,서청주,2025-07-01,28,23.6,33.2,,2,78.3,7.1,21.16
181,서청주,2025-07-02,28.4,23.5,33.6,,1.4,78.1,5.3,21.68
181,서청주,2025-07-03,28,23.9,32.4,,2.2,72.5,9.5,24.98
181,서청주,2025-07-04,26.7,23,30.8,,2.5,76.5,5.3,18
181,서청주,2025-07-05,27.8,22.6,32.9,,2.3,73.8,8.6,24.76
181,서청주,2025-07-06,28.3,23.6,32.8,,2.2,76.5,6.7,22.31
181,서청주,2025-07-07,29,25,33.5,,1.7,78,9.7,25.21
181,서청주,2025-07-08,29.5,25,34.7,0,1.6,76,9.5,23.6
181,서청주,2025-07-09,29.6,23.9,35.5,,1.8,60.1,13.6,28.86
181,서청주,2025-07-10,29,21.2,35.3,,2.2,52.1,13.5,29.79
181,서청주,2025-07-11,28.2,21.5,34.3,,2.9,48,13.5,29.69
181,서청주,2025-07-12,26.2,18.7,33.4,,1.9,65,13.5,30.37
181,서청주,2025-07-13,24.3,21,30.4,2.3,.9,81.4,1.6,10.74
181,서청주,2025-07-14,22.3,19.5,29.7,2.1,1.4,87.3,3.9,16.61
181,서청주,2025-07-15,22.1,20.6,24.2,3,1.2,89.4,.1,7.94
181,서청주,2025-07-16,22.2,20.7,24,56.7,1.3,92.6,0,3.61
181,서청주,2025-07-17,21.9,20.6,23.1,240.3,2.7,94.4,0,1.06
181,서청주,2025-07-18,24.3,20.7,29,0,1.1,88.4,.5,10.71
181,서청주,2025-07-19,24.6,22.9,27.8,17.5,2.1,90.6,.3,7.11
181,서청주,2025-07-20,26.6,22.1,32.4,,1,85.3,5.6,19.19
181,서청주,2025-07-21,27.5,23.1,32.5,1.2,1.5,81.4,8.1,23.25
181,서청주,2025-07-22,27.7,23.3,33.1,,1.5,80.5,10.8,25.34
181,서청주,2025-07-23,27.7,23.1,32.7,,1.4,79.4,11.4,25.27
181,서청주,2025-07-24,28.4,23.1,34.6,,1.1,77.4,11.9,27.8
181,서청주,2025-07-25,29,23.1,35.9,,1.2,74.6,12.7,28.03
181,서청주,2025-07-26,29.6,23.3,34.6,,1.6,72,12.6,28.56
181,서청주,2025-07-27,29.9,23.7,35.1,,1.4,72.1,13.4,29.05
181,서청주,2025-07-28,29.8,24.8,35.4,,1.4,72.5,12.4,26.2
181,서청주,2025-07-29,29.5,24,35.8,,1.1,72.4,12,25.67
181,서청주,2025-07-30,29,24,34.4,,1.5,70.6,10.8,26.26
181,서청주,2025-07-31,29,24.9,35.2,,.9,68,7.2,22.02
181,서청주,2025-08-01,29.3,23.4,35.8,,1,70.1,12.1,27.41
181,서청주,2025-08-02,29.8,24.7,34.9,,1.1,70,10.7,24.07
181,서청주,2025-08-03,26.4,22,30.8,29.3,1.3,86.5,0,7.25
181,서청주,2025-08-04,27,22.2,31.9,27,1.8,86.5,4.6,18.39
181,서청주,2025-08-05,28.2,23.6,32.9,,2,75.1,10.3,25.38
181,서청주,2025-08-06,27,24.7,30,6.3,2.1,88.4,.3,7.13
181,서청주,2025-08-07,26.2,22.6,30.8,,1.9,82,6.7,20.63
181,서청주,2025-08-08,25.1,20.9,30.4,,1.3,79.8,5.8,19.88
181,서청주,2025-08-09,23.6,22,25.9,.3,1.2,89.1,0,5.09
181,서청주,2025-08-10,25.1,18.7,31.5,,1.5,75.3,12.3,27.57
181,서청주,2025-08-11,23.3,20.2,28,2.1,.8,92,.4,6.57
181,서청주,2025-08-12,24,20,29.2,,1.7,83.3,2.8,16.19
181,서청주,2025-08-13,26.1,23.1,30.7,13.1,1.9,88.3,1.5,12.1
181,서청주,2025-08-14,26.9,23.6,31,2.6,1.6,84.3,3.2,13.9
181,서청주,2025-08-15,26.7,23.7,32.5,14.2,1.2,87.4,6.6,20.35
181,서청주,2025-08-16,27.1,23,32.8,,1.2,81.8,8.7,24.49
181,서청주,2025-08-17,26.8,22,32.3,,1.1,81.4,6.8,20.96
181,서청주,2025-08-18,27.8,24.2,32.5,,1.7,78.1,7.7,23.15
181,서청주,2025-08-19,28,24.2,32.5,,1.8,79,7.6,21.86
181,서청주,2025-08-20,27.9,23,33.4,,1.2,78.9,10.1,23.43
181,서청주,2025-08-21,28.8,24.6,34.1,0,1,74.1,11.1,24.88
181,서청주,2025-08-22,28,23.8,33.2,,1.1,79,8.4,21.03
181,서청주,2025-08-23,28,22.8,33.5,,.9,79.9,10,23.03
181,서청주,2025-08-24,29.1,25.2,34.2,,1.3,74.6,9.3,22.6
181,서청주,2025-08-25,28.9,23.8,34.2,,2.3,76.6,8.8,22.12
181,서청주,2025-08-26,25.3,22.7,28.1,31.3,2.1,90.6,2.9,7.67
181,서청주,2025-08-27,25.6,21.2,31.6,,.8,79.1,8.4,22.41
181,서청주,2025-08-28,26.7,22,31.9,,1.5,79.8,6,18.69
181,서청주,2025-08-29,27.6,22.9,32.6,.1,2,80.4,7.8,20.09
181,서청주,2025-08-30,28,24.3,33.7,,1.5,79.3,9.6,23.32
181,서청주,2025-08-31,26.9,23.3,32.8,,1.6,80.5,8,19.98
181,서청주,2025-09-01,25.9,23.1,31.9,22.9,1.9,87.4,3.8,15.07
181,서청주,2025-09-02,24.6,20.4,29.6,,.9,82.9,5.5,15.1
181,서청주,2025-09-03,25.2,18.5,32.8,.1,1.4,80,10.2,21.55
181,서청주,2025-09-04,25.4,23.1,30.2,.1,1.7,84.4,3.8,12.45
181,서청주,2025-09-05,26.7,21.9,33.1,,1.5,77.8,10.4,21.79
181,서청주,2025-09-06,26.9,23.2,31.9,3.7,2.6,82.4,5.4,16.65
181,서청주,2025-09-07,24,19.4,29.1,5,1.5,87.9,.6,10.59
181,서청주,2025-09-08,21.5,17.8,24.9,0,.9,89.6,0,7.68
181,서청주,2025-09-09,21,19.4,23.1,1.5,1.1,88.8,.1,6.83
181,서청주,2025-09-10,22.3,18,29.2,,1.6,81,7.4,19.15
181,서청주,2025-09-11,23.6,16.2,30.4,,2.1,67.3,11.2,23.09
181,서청주,2025-09-12,21.7,19.6,25.1,26.6,2.2,83.5,0,5.26
181,서청주,2025-09-13,24,20.5,27.4,22.6,2.2,87,3.3,14.81
181,서청주,2025-09-14,24.3,21.1,28.8,,.8,83.6,2.7,14.46
181,서청주,2025-09-15,24.1,19.8,28.4,,.6,83.8,3.8,13.62
181,서청주,2025-09-16,24.6,21,30.3,3.6,1.5,88.6,2.6,13.16
181,서청주,2025-09-17,22.7,20.9,25.4,20.1,1.5,92.8,.1,4.59
181,서청주,2025-09-18,21.3,17.5,26,0,1.4,80.9,2.9,11.62
181,서청주,2025-09-19,18.8,16.9,22.1,10.1,1.7,86.3,0,4.61
181,서청주,2025-09-20,19.1,16.4,23.4,54.2,1.5,89.9,1.2,6.73
181,서청주,2025-09-21,20.8,15.6,26.1,,1.8,75.4,7.7,19.2
181,서청주,2025-09-22,20.2,16.5,24.6,,2,70.6,2,13.33
181,서청주,2025-09-23,21.3,16.7,26.8,0,2.1,67,6.5,18.63
181,서청주,2025-09-24,21.7,16.1,26.5,8.8,1.2,84.9,2.2,8.77
181,서청주,2025-09-25,21.2,18.5,23.1,7.9,.7,94.1,0,5.5
181,서청주,2025-09-26,20.5,17.3,26.4,,.9,83.9,6.3,16.67
181,서청주,2025-09-27,21.6,15.3,27.5,,1.3,80.3,6,16.3
181,서청주,2025-09-28,19.7,18.6,21.6,38.9,1,91.4,0,3.17
181,서청주,2025-09-29,19.3,15,24.7,,1,79.6,7,16.94
181,서청주,2025-09-30,17.5,13.8,23.4,,.6,86.3,2.8,11.02
184,제주,2025-05-15,21.6,19.1,25.8,,1.8,74.1,1.7,12.7
184,제주,2025-05-16,21.6,19.3,23.2,31.2,3.3,79.9,0,2.53
184,제주,2025-05-17,19,16,21.9,,4.5,77.9,7,24.41
184,제주,2025-05-18,16.2,14.6,19.1,,3,70.6,5.4,20.98
184,제주,2025-05-19,19.5,13.4,24.6,,2.3,58.8,10.4,25.78
184,제주,2025-05-20,21.2,18.2,26.3,,2,77.3,9.7,25.12
184,제주,2025-05-21,20.3,17.4,24.3,7.3,2.2,85.6,.3,4.16
184,제주,2025-05-22,20.5,17.9,24.4,0,2,83.4,3,18.13
184,제주,2025-05-23,18,17.3,19.9,1,4.1,81.5,0,4.83
184,제주,2025-05-24,15.5,14.1,18,2.8,3.5,83.3,0,4.95
184,제주,2025-05-25,17,14.4,20.7,,2.7,71.5,10.4,26.53
184,제주,2025-05-26,19,15,23.1,,2.1,44,11.5,27.27
184,제주,2025-05-27,19.8,15.4,24.2,,1.9,41,12.7,26.69
184,제주,2025-05-28,20.1,16.7,23.7,,2.3,53.9,8.6,21.66
184,제주,2025-05-29,19.3,16.4,23.6,,3.1,61.6,12.7,27.43
184,제주,2025-05-30,19.4,16.4,23.2,,2.1,57.6,12.7,26.52
184,제주,2025-05-31,18.6,15.9,22.2,,1.7,71.5,6.2,19.75
184,제주,2025-06-01,20.1,16.1,23.5,,2.2,66,12.3,28.16
184,제주,2025-06-02,18.6,16.7,20,14,3.7,77,0,6.58
184,제주,2025-06-03,19.1,16.5,22.4,.9,3.7,75.1,10,27.93
184,제주,2025-06-04,21.8,16,27.9,,4.2,48.1,11.6,26.34
184,제주,2025-06-05,21.2,16.9,25,,1.7,43.1,11.3,29.56
184,제주,2025-06-06,22.6,19.4,26.5,,1.7,45.1,2.6,16.41
184,제주,2025-06-07,22.4,20.2,25.2,0,1.2,62.9,1.8,11.63
184,제주,2025-06-08,21.8,20.4,24.1,.6,1.4,75.5,0,6.93
184,제주,2025-06-09,21.9,19.8,25,0,3.2,75.1,2.5,13.4
184,제주,2025-06-10,20.5,18.7,22.7,0,2.2,82,.7,9.07
184,제주,2025-06-11,21.6,18.9,24.5,0,2.5,69.3,9.6,25.44
184,제주,2025-06-12,20.9,20,22.7,0,1.4,70.3,0,6.54
184,제주,2025-06-13,23.5,19.7,28.1,11.6,1.6,79.6,1.3,11.82
184,제주,2025-06-14,24.1,20.7,28.5,4.5,3.9,81.9,2.6,15.53
184,제주,2025-06-15,22.9,20.2,26.7,22.8,1.9,83.6,2.6,16.13
184,제주,2025-06-16,24.4,21.5,28.6,15.1,4.6,72.4,6,16.87
184,제주,2025-06-17,25.5,21,33,,2.8,67,8.1,21.78
184,제주,2025-06-18,22.2,19.2,25.6,,2.3,78.9,11.7,28.34
184,제주,2025-06-19,25.9,18.9,30.8,,1.7,71.8,9,24.99
184,제주,2025-06-20,28.1,24.6,30.7,0,4.3,64.9,.2,10.59
184,제주,2025-06-21,28,24.9,31.9,3.3,6.5,70.4,2.3,15.86
184,제주,2025-06-22,22.6,21,25.4,12.3,2.2,76.1,2.1,16.44
184,제주,2025-06-23,23.7,19.5,27.6,,3,68.3,9.1,24.3
184,제주,2025-06-24,23.6,21.1,26.1,0,2.8,82.5,1.7,12.14
184,제주,2025-06-25,24.2,20.9,28,,4.2,68.4,10.2,41.28
184,제주,2025-06-26,24.7,22.3,27.8,,2.4,62.8,11.3,28.52
184,제주,2025-06-27,26.1,22.2,29.8,,2.3,67,12.6,27.71
184,제주,2025-06-28,26.7,23.7,29.3,,2.5,78.1,13.3,28.69
184,제주,2025-06-29,26.9,21.8,30.6,,2,74.3,13.4,29.17
184,제주,2025-06-30,27.3,24,30.4,,1.7,74.5,13.5,28.65
184,제주,2025-07-01,28.4,25.7,31.2,,2,74,11.2,27.49
184,제주,2025-07-02,28.2,25.6,31.1,,2.6,74.8,11.9,27.87
184,제주,2025-07-03,28.1,25.8,30.4,,2.6,71,13.4,28.45
184,제주,2025-07-04,28.2,25.4,31.2,,2.6,72.1,11.8,26.53
184,제주,2025-07-05,29.1,25.4,34.1,,2.4,67,12.9,28.74
184,제주,2025-07-06,30.1,25.8,33.7,,3.5,64.1,13.6,29.49
184,제주,2025-07-07,29,26.2,31.6,,2.3,67.9,12.1,27.72
184,제주,2025-07-08,28.5,26.4,32.4,,3.6,71.9,11.5,25.83
184,제주,2025-07-09,27.3,25.2,29.6,,3.5,77.6,1.6,12.47
184,제주,2025-07-10,26.5,25.1,28.1,0,4.4,79.3,1.2,11.64
184,제주,2025-07-11,25.6,25.1,26.2,0,4.6,77.9,0,3.6
184,제주,2025-07-12,24.8,24.1,25.3,0,3.7,81,0,1.64
184,제주,2025-07-13,23.4,22.6,24.7,71.3,2.6,87.8,0,1.53
184,제주,2025-07-14,26.4,22.6,30.3,,3.8,73.8,9.6,24.85
184,제주,2025-07-15,27.3,24.3,31.2,,4,63.9,9.2,25.53
184,제주,2025-07-16,28.1,24.7,30.9,0,2.1,62.4,0,7.97
184,제주,2025-07-17,30.5,27.9,34,.1,4.3,64.1,5.9,18.83
184,제주,2025-07-18,27.3,24.5,33.4,68.6,2.3,81.5,5,14.79
184,제주,2025-07-19,29.2,26,32.5,1.6,2.8,71.6,3.9,16.67
184,제주,2025-07-20,29.7,26.9,33.2,,2.7,66.9,6.3,21.13
184,제주,2025-07-21,29.5,26.8,32.1,.2,2.1,71.6,11.9,25.04
184,제주,2025-07-22,29.8,26.7,34.7,,2.5,65.9,11.3,24.54
184,제주,2025-07-23,29,25.8,31.5,,3.2,66,13,28.47
184,제주,2025-07-24,29,26,31.9,,3.2,66,13.4,28.53
184,제주,2025-07-25,28.8,26.9,31.9,,3.9,78,9.3,23.87
184,제주,2025-07-26,28.8,27,30.8,,4.3,80.6,9.1,24.94
184,제주,2025-07-27,28.3,26.7,30.8,0,4.5,80.9,5.5,19.26
184,제주,2025-07-28,29.3,26.3,33.5,,3.6,68.5,13.4,28.85
184,제주,2025-07-29,29.7,26.2,34.5,,3.5,67.3,12.5,27.85
184,제주,2025-07-30,29,27.4,30.5,.1,3.6,65.4,1.8,8.47
184,제주,2025-07-31,30.3,27.8,34.1,,3.8,60.3,12.7,27.91
184,제주,2025-08-01,30,27.5,34.4,,3.6,71.6,11,24.03
184,제주,2025-08-02,29.9,27.1,32.6,,2.2,67.6,11.7,26.85
184,제주,2025-08-03,29.5,27.1,31.5,1.6,2.1,69.8,.3,7.67
184,제주,2025-08-04,31.2,28.7,34.9,1,4.4,68.4,8.3,21.38
184,제주,2025-08-05,31.5,28.4,35.4,.3,3.8,64.4,10.2,25.01
184,제주,2025-08-06,31.1,29.2,34.7,0,5.9,65.3,8.7,25.08
184,제주,2025-08-07,29.8,27.9,32.8,.3,4.3,78.6,.9,11.33
184,제주,2025-08-08,28.6,27.1,31.5,0,2.2,70.6,2,14.37
184,제주,2025-08-09,28.3,26.3,30.8,5.4,2.3,80.6,.2,6.54
184,제주,2025-08-10,28.3,26.5,31.1,.9,4.7,73.5,.1,7.71
184,제주,2025-08-11,25.2,22.5,27.2,59.8,1.8,82.9,0,2.59
184,제주,2025-08-12,27.5,24.1,31.9,0,1.9,82.4,1.4,11.33
184,제주,2025-08-13,29.3,26.1,33.3,,2.5,74.6,12.5,26.33
184,제주,2025-08-14,29.4,26.4,31.9,,2.2,74.5,11.1,23.95
184,제주,2025-08-15,29,26.2,32,,2.2,72.3,9.8,24.15
184,제주,2025-08-16,28.8,25.8,32.1,,2.4,69.1,9.8,23.81
184,제주,2025-08-17,29.3,25.4,32.4,,2.6,67.6,10.9,24.69
184,제주,2025-08-18,29.8,27.1,32.2,,2.2,70.3,8.9,21.9
184,제주,2025-08-19,29.7,26.7,33.2,,2.5,68.5,9.4,22.94
184,제주,2025-08-20,30.1,27.4,34.4,0,2.7,68.6,9.3,21.72
184,제주,2025-08-21,29.5,27,32,,3.1,70.3,10.1,24.25
184,제주,2025-08-22,30.4,27,34.1,,2.5,67.5,10.8,23.63
184,제주,2025-08-23,30.5,26.8,34.3,,3.2,64.1,12.2,25.47
184,제주,2025-08-24,30.2,27.4,33.4,0,2.4,67.9,5.3,15.58
184,제주,2025-08-25,30.2,27,33.9,0,2.4,67.1,8,16.79
184,제주,2025-08-26,31,28.1,36.3,.3,4.5,65.1,9.9,23.03
184,제주,2025-08-27,30,27.6,32.6,1.3,2.4,70,11.4,24.73
184,제주,2025-08-28,29.8,27.2,32.9,,2.2,68.1,8.4,18.48
184,제주,2025-08-29,30.1,27,33.3,,2.2,67.1,7.4,19.45
184,제주,2025-08-30,29.4,26.7,34.5,.6,2.2,66.9,8.3,19.9
184,제주,2025-08-31,29.2,27.1,33.1,.6,2.3,72.5,3.4,14.03
184,제주,2025-09-01,29.5,25.8,33.9,3,2.1,71,6.2,17.98
184,제주,2025-09-02,28.8,26.4,32.1,1.2,2.3,69.5,6,14.46
184,제주,2025-09-03,28.3,25.4,31,1.2,2.9,73.3,6,13.37
184,제주,2025-09-04,28.7,26.8,31.7,,3,75.6,8.9,21.18
184,제주,2025-09-05,29,26.7,32.2,0,2.1,69.5,7.1,14.67
184,제주,2025-09-06,30.2,26.5,34.6,0,3,63.8,8.9,18.27
184,제주,2025-09-07,29.7,27.4,34.9,9,3.3,72.8,7.8,18.62
184,제주,2025-09-08,28.7,27.2,31.3,4.3,1.8,76.4,3.7,13.27
184,제주,2025-09-09,26.2,24.5,28.1,44.2,2.8,84.5,.2,4.48
184,제주,2025-09-10,25.7,24.3,27.6,1,2.5,81.4,.8,6.1
184,제주,2025-09-11,26.5,24.9,28.2,.6,3.9,77.8,1,10.88
184,제주,2025-09-12,28.3,23.4,34,40.3,3.1,73.9,7.3,19.57
184,제주,2025-09-13,28.7,26.8,31.6,9.1,4.3,73.9,3.5,10.88
184,제주,2025-09-14,27.4,25.7,30,8.1,2.4,77.5,4.5,15.07
184,제주,2025-09-15,27.6,25.1,31.7,42.4,1.9,78.6,8.5,17.37
184,제주,2025-09-16,29.7,25.7,33.8,,2.7,71.4,11,22.45
184,제주,2025-09-17,29.1,26.1,34.1,8.9,3.4,68.6,9.1,20.04
184,제주,2025-09-18,26.2,24.6,28.8,0,2.9,67.5,8.6,21
184,제주,2025-09-19,26.3,23.6,29.2,3.2,3.1,73,4.7,16.1
184,제주,2025-09-20,25.1,22,28.5,4,3.7,70.9,.7,7.12
184,제주,2025-09-21,24.4,21.3,27.1,.3,3.3,66.4,6.2,17.09
184,제주,2025-09-22,25,23.2,27.8,0,4.2,68,4.5,15.44
184,제주,2025-09-23,24.6,22.8,26.9,0,3.6,75.1,1.2,9.1
184,제주,2025-09-24,28.2,23.9,32.6,,2,69.9,7.2,17.2
184,제주,2025-09-25,26.8,24.8,31.5,21.5,2,76.1,2.2,9.22
184,제주,2025-09-26,25.9,25.4,27.2,3.3,1.6,83.6,.1,5.29
184,제주,2025-09-27,24.6,23.3,25.6,26.6,2.4,82,0,3.91
184,제주,2025-09-28,25.7,23,30,94.4,3.4,80,3.6,13.39
184,제주,2025-09-29,24.4,21.8,27.6,,2.7,65.4,5.1,15.43
184,제주,2025-09-30,22.5,20,26,,1.8,63.5,.9,11.01
185,고산,2025-05-15,19.1,17.6,20.3,,6.8,93,.1,9.95
185,고산,2025-05-16,18.7,15.1,21,44,8.2,97.5,0,2.47
185,고산,2025-05-17,15.7,14.5,17.7,.4,4.5,97.4,.9,16.85
185,고산,2025-05-18,13.9,13.4,15.8,0,6,88,4.4,20.37
185,고산,2025-05-19,17.7,11.8,21.1,,6.1,87.1,10.3,26.43
185,고산,2025-05-20,20.5,18.4,24.8,.1,5.7,95.8,.9,13.04
185,고산,2025-05-21,19.5,16.3,21.4,11.8,4.4,96.1,0,3.67
185,고산,2025-05-22,17.4,15.9,18.7,,3.9,97.3,4.2,21.71
185,고산,2025-05-23,17.1,16.1,18,9.3,2.3,94.6,0,4.36
185,고산,2025-05-24,15.1,14.2,16.5,,8.4,89.3,1,14.52
185,고산,2025-05-25,15.5,13.9,18.3,,6.7,85.8,10.5,26.7
185,고산,2025-05-26,17.1,14.5,21,,2.8,71.4,11.1,27.25
185,고산,2025-05-27,18.7,15.5,21.9,,3.2,53,12.6,27.03
185,고산,2025-05-28,19.2,16.5,22.4,,2.9,50,6,20.66
185,고산,2025-05-29,18.6,15.1,23.6,,3.5,71.3,12.5,27.64
185,고산,2025-05-30,17.5,15.5,20,,3.9,76.9,12.5,26.8
185,고산,2025-05-31,17.7,15,20.4,,2.5,83.9,5.7,19.9
185,고산,2025-06-01,19.2,15.6,23.5,,2.9,73.1,10.6,26.22
185,고산,2025-06-02,17.4,15.4,19.1,18,3.7,89.5,0,5.04
185,고산,2025-06-03,17.2,15.7,19.3,,8.5,92.4,10.1,27.39
185,고산,2025-06-04,18.7,15.4,22.5,,4.7,87.4,12.2,27.52
185,고산,2025-06-05,19.6,16.1,22.9,,3.2,67.5,11.4,29.22
185,고산,2025-06-06,21.1,17.9,23.7,,5.2,62.3,4,18.29
185,고산,2025-06-07,21.7,20.1,24.9,.4,4.6,81.6,.4,9.27
185,고산,2025-06-08,21,19.5,22.7,.8,3.2,91.8,0,6.38
185,고산,2025-06-09,20.3,18.7,22.6,,2.5,87.4,3.5,14.81
185,고산,2025-06-10,19.2,17.9,22,.6,3.4,93.8,.6,9.67
185,고산,2025-06-11,18.9,17.6,20.6,,4.3,85.6,8.1,25.25
185,고산,2025-06-12,19.2,18.1,20.3,2.6,2.8,90.6,0,5.31
185,고산,2025-06-13,22.9,19.1,26.3,24.7,5.1,94.6,.5,10.08
185,고산,2025-06-14,20.3,19,22.5,13.3,6.7,99.3,0,8.34
185,고산,2025-06-15,21.1,18.7,23.3,22.5,5.2,98.8,0,9.02
185,고산,2025-06-16,20.9,19.8,22.4,21.5,6.4,96.6,7.1,19.27
185,고산,2025-06-17,22,20.1,24.4,,4.9,92.9,9.8,24.26
185,고산,2025-06-18,21.4,19.2,24.3,,4.3,96.3,4,20.77
185,고산,2025-06-19,24.6,21.8,26.7,,6.9,92.9,3.5,18.87
185,고산,2025-06-20,23,22.5,23.6,.7,8.1,99.1,0,5.87
185,고산,2025-06-21,22.4,21.8,23.1,.6,7.8,99.8,0,5.05
185,고산,2025-06-22,21,19.8,23,9.6,3.5,91,.5,14.72
185,고산,2025-06-23,21.7,18.3,24.1,,2.7,86.4,6.2,20.74
185,고산,2025-06-24,21.8,19.7,23.1,1.2,5.1,94.9,.1,8.54
185,고산,2025-06-25,21.4,19.5,23.6,,4.7,91.8,5.9,22.66
185,고산,2025-06-26,22,20.3,24.4,,2.6,89.1,10.3,28.09
185,고산,2025-06-27,24.8,20.4,27.6,,4.6,92.5,4.4,21.82
185,고산,2025-06-28,25,23.4,26.7,,4.5,96.8,3.3,20.81
185,고산,2025-06-29,26.2,23.9,29,,5.3,90.5,10.5,28.1
185,고산,2025-06-30,27.1,24.6,29.8,,5.2,85.5,13.2,29.36
185,고산,2025-07-01,27.3,25.9,29,,5.1,92.4,11.1,27.94
185,고산,2025-07-02,27.1,25,29.7,,4.2,87.6,13.1,29.11
185,고산,2025-07-03,26.7,24.5,29,,4.2,87.9,12.9,29.08
185,고산,2025-07-04,26.8,24.5,29.6,,5.2,87,12.3,28.52
185,고산,2025-07-05,27.3,25.9,29.2,,4.9,87.8,9.7,27.99
185,고산,2025-07-06,27.5,26.4,29.7,,4.1,89.8,9.9,26.66
185,고산,2025-07-07,27.9,25.8,30.1,,2.4,86.8,11.7,28.32
185,고산,2025-07-08,27.8,24.6,32.6,,3.7,80.8,9.1,23.06
185,고산,2025-07-09,27.8,25.3,31.8,0,2.7,77.3,7.3,20.72
185,고산,2025-07-10,27.4,24.8,31.4,,2.9,77.3,8,19.45
185,고산,2025-07-11,27.5,24.9,31.6,,3.3,74.9,5.3,19.73
185,고산,2025-07-12,24.9,23.9,26.6,6.6,2.2,88,0,6.3
185,고산,2025-07-13,23.2,21.9,24,2.6,6.5,92.5,0,7.18
185,고산,2025-07-14,25.6,23,29.3,0,9.2,82.8,11.1,26.11
185,고산,2025-07-15,25.3,22.5,28.4,10,6.6,87.6,9.3,24.42
185,고산,2025-07-16,25.9,24.3,27.3,.9,7.6,89.1,0,8.55
185,고산,2025-07-17,26.8,25.9,28.6,,8.7,95,3.4,14.84
185,고산,2025-07-18,26.6,24,29.9,46.3,6.4,93.8,5,17.48
185,고산,2025-07-19,27.1,25.3,29.5,,7.9,90.8,6.8,22.5
185,고산,2025-07-20,27.5,26,30.1,1.8,6,87.4,6.2,22.61
185,고산,2025-07-21,27.9,25.9,30.5,0,5.8,86.4,11.8,27.57
185,고산,2025-07-22,27.7,24.9,31.1,,4.5,77.6,11.6,27.17
185,고산,2025-07-23,27.3,24.8,31.3,,3.3,79.6,6.2,18.59
185,고산,2025-07-24,28.1,24.8,31,,2.9,76.4,10.5,24.58
185,고산,2025-07-25,29.7,25.9,34.1,,3.9,63.6,10.3,23.11
185,고산,2025-07-26,30,26.5,34.5,,4.2,68.1,11.2,25.14
185,고산,2025-07-27,29.8,26.4,33.9,,5.4,65.8,11.1,27.16
185,고산,2025-07-28,29.2,25.4,33.7,,4.9,68.9,11.6,28.01
185,고산,2025-07-29,29.2,24.5,33.3,,5.1,64.3,12.2,28.08
185,고산,2025-07-30,28,26.9,31.7,,6.3,73.8,3.8,15.03
185,고산,2025-07-31,28.4,25.8,31.4,.7,5.8,72.5,10,26.09
185,고산,2025-08-01,28.5,26.5,33.5,,3.4,76,9.7,22.06
185,고산,2025-08-02,27.5,24.7,30.1,,3.9,83.8,12.4,28
185,고산,2025-08-03,27.7,26,29.2,3.2,8,91.6,1.4,13.22
185,고산,2025-08-04,27.9,27.3,29.5,1.9,7.4,92.8,2.9,13.51
185,고산,2025-08-05,28.5,27.4,30.5,.1,6.1,89,9.7,25.11
185,고산,2025-08-06,27.9,27.4,28.9,.1,9.3,89.6,1.1,12.22
185,고산,2025-08-07,28.1,26.7,31.2,1.3,7.2,91.5,.4,11.61
185,고산,2025-08-08,26.4,25,28.3,.1,2.5,87,.4,10.18
185,고산,2025-08-09,26.8,24.5,27.7,17.4,5.7,96,0,4.59
185,고산,2025-08-10,26.6,25.2,28,6.7,7.8,87.8,.1,8.59
185,고산,2025-08-11,24.5,21.1,26.9,41.1,3.7,93.5,0,2.87
185,고산,2025-08-12,27.1,23.6,29.2,2.6,6.1,94.3,2.4,16.12
185,고산,2025-08-13,27.6,26.2,29.6,,6.8,90.5,11.3,24.39
185,고산,2025-08-14,27.8,25.8,30.3,,3.8,87.6,12.1,26.9
185,고산,2025-08-15,27.9,25.3,31.4,,2.4,84.4,12.1,26.66
185,고산,2025-08-16,28.1,25.9,31.2,,2.2,81.8,12.5,27.23
185,고산,2025-08-17,27.9,24.9,30.6,,3,81.5,11.4,25.51
185,고산,2025-08-18,28.5,26.1,30.6,,3.6,78.8,11.4,25.78
185,고산,2025-08-19,28.1,26,30.6,0,3.9,80.9,8.2,21.69
185,고산,2025-08-20,28.5,25.8,30.8,0,4.2,77.6,10.6,24.63
185,고산,2025-08-21,28.2,24.8,31.1,10.5,2.3,82,8.2,19.41
185,고산,2025-08-22,28.4,25.6,31,,2.5,82.3,11.3,25.53
185,고산,2025-08-23,28.8,26.8,30.9,,4.3,80.8,10.8,24.84
185,고산,2025-08-24,28.6,26.7,30.8,0,4.1,83.3,9.9,23.69
185,고산,2025-08-25,28.7,26.5,30.8,.5,5,81.5,10.8,25.33
185,고산,2025-08-26,28.6,26,30.3,1.2,7.3,82.8,8.6,22.58
185,고산,2025-08-27,29.1,26.9,33.3,,4,79.3,10.4,24.06
185,고산,2025-08-28,28.2,25.9,30.7,,3,82.4,11.2,24
185,고산,2025-08-29,28.6,26.2,31.2,,2.7,78.6,11.6,25.52
185,고산,2025-08-30,28.4,25.8,31.6,,4,78.3,10.1,23.52
185,고산,2025-08-31,27.3,24.6,29.6,13.4,4.8,85.9,5.3,15.8
185,고산,2025-09-01,28.7,27.1,30.7,1.7,4.7,82,8.3,21.44
185,고산,2025-09-02,27.1,25.1,29.7,2.1,4.2,84.1,5.7,13.51
185,고산,2025-09-03,27.2,24.7,30.6,2.2,2.9,82,5,11.81
185,고산,2025-09-04,28.5,24.6,31.9,,3.4,77.1,11.6,23.79
185,고산,2025-09-05,28.6,26.1,31.6,,3.5,78.3,11.3,24.54
185,고산,2025-09-06,29.2,26.9,31.3,.1,4.8,77.1,9.2,21.85
185,고산,2025-09-07,28.8,27.2,31.3,.6,6.2,82.6,7.7,19.64
185,고산,2025-09-08,27.9,25.7,30.7,3.8,1.9,87,5.6,16.37
185,고산,2025-09-09,26,24.3,29.4,5.9,3.7,89.8,2.3,10.66
185,고산,2025-09-10,24.8,23.5,26.4,1.3,4.7,88.4,6.8,18.46
185,고산,2025-09-11,27,23.9,30.4,,3.6,77,9.5,21.83
185,고산,2025-09-12,27.9,24.1,31.3,.2,5.6,80.5,8.1,19.1
185,고산,2025-09-13,27.9,26.1,28.9,3.5,10.3,85.3,3.6,11.53
185,고산,2025-09-14,26.4,23.3,30,114.2,3.7,86.3,4.4,15.54
185,고산,2025-09-15,26.8,23.3,30.2,27.4,3,90.1,8.4,16.2
185,고산,2025-09-16,28.4,26.1,30.5,.3,3.9,82,9.5,20.78
185,고산,2025-09-17,27.9,25.4,30,1.4,6.4,83.1,8.6,20.37
185,고산,2025-09-18,24.6,23.4,25.7,,6.5,74.9,9.1,22.63
185,고산,2025-09-19,26.4,23,29.6,,4.6,75.5,6.4,17.9
185,고산,2025-09-20,25.1,23,28.1,3.8,10.1,76.8,2.3,11.67
185,고산,2025-09-21,23.5,21.3,26.2,,4.7,69.1,8.4,18.36
185,고산,2025-09-22,24.6,21.1,29,,3.3,68.9,5.6,14.12
185,고산,2025-09-23,25.4,20.9,30.1,,2.7,72,10.9,21.48
185,고산,2025-09-24,27.5,24.4,30.3,.3,4.1,85.6,8.9,20.72
185,고산,2025-09-25,27,25.3,29.8,0,3.5,87,2.9,13.08
185,고산,2025-09-26,25.3,24.3,27.3,6.3,2.6,91.4,1.3,7.57
185,고산,2025-09-27,24,22.1,26.3,11.7,3.3,89.8,.3,7.48
185,고산,2025-09-28,26,23.3,28.9,3.8,7.6,85.4,3.1,14.35
185,고산,2025-09-29,23.3,21.4,24.7,,7,72.1,5.6,16
185,고산,2025-09-30,22.2,20.2,24.1,0,3.3,68.4,2.2,10.54
188,성산,2025-05-15,20.2,18.2,22.3,.7,3.4,89.5,0,
188,성산,2025-05-16,19.2,17.7,20.6,74.7,4,97.6,0,
188,성산,2025-05-17,17.6,14.5,20.7,,2.1,89.6,9.3,
188,성산,2025-05-18,17.4,13.7,23,,1.8,74,5.4,
188,성산,2025-05-19,18.8,11.4,23.3,,4.2,84.1,9.7,
188,성산,2025-05-20,20.9,18.5,23,.2,3.9,94,1.9,
188,성산,2025-05-21,19.8,18.6,21.1,13.2,1.7,98,0,
188,성산,2025-05-22,20.4,17.5,26,,2.3,91,4.4,
188,성산,2025-05-23,17.4,16.8,18.1,12.2,2.9,92.5,0,
188,성산,2025-05-24,15.6,14.5,18.4,31.2,4.2,89.3,.1,
188,성산,2025-05-25,16.6,12.9,22.6,,2.5,79.4,8.4,
188,성산,2025-05-26,17,12.8,22.3,,1.8,69.6,11,
188,성산,2025-05-27,17.3,11.3,23.5,,1.2,64.9,12.5,
188,성산,2025-05-28,,12.7,23.5,,,,0,
188,성산,2025-05-29,19.2,15.4,23.2,,2,72.9,12.5,
188,성산,2025-05-30,18.1,14,22.6,,1.7,78.9,12.2,
188,성산,2025-05-31,17.9,14,21.2,,1.3,82.8,6.8,
188,성산,2025-06-01,19.2,13.8,23.3,,1,74.8,12.4,
188,성산,2025-06-02,17.7,16.8,18.7,35.3,2.8,95.1,0,
188,성산,2025-06-03,19.4,16.3,23.3,0,4,70.3,12.1,
188,성산,2025-06-04,20.8,11.3,27.8,,2,47.5,12.3,
188,성산,2025-06-05,20.4,11.5,25.1,,1.9,47.6,10.8,
188,성산,2025-06-06,22,17.7,26.7,,3.3,54.1,2.3,
188,성산,2025-06-07,22,19.7,25.1,.2,2.5,84.1,1.7,
188,성산,2025-06-08,20.8,19.6,21.9,.5,1.4,94.6,0,
188,성산,2025-06-09,20.9,18.7,23.8,0,1.7,88,1.3,
188,성산,2025-06-10,20.9,18.9,23.6,0,1.6,90.5,.6,
188,성산,2025-06-11,21.7,19.7,26.1,,2,78.1,6.5,
188,성산,2025-06-12,19.7,18.6,21.2,1.6,1.4,88.6,0,
188,성산,2025-06-13,21.1,19.5,23.7,34.5,1.7,98.3,0,
188,성산,2025-06-14,22.5,20.1,25.7,29.7,3.6,96,2.8,
188,성산,2025-06-15,22.2,19.5,25.7,4.6,2.9,96.6,.4,
188,성산,2025-06-16,22.9,20.2,27.4,20.4,4.1,89.1,5.9,
188,성산,2025-06-17,23,20.3,27,,3.7,88.5,6.7,
188,성산,2025-06-18,22.3,17.9,26.9,,2.8,90,13.1,
188,성산,2025-06-19,23.9,21.5,25.8,,2.7,94.9,.1,
188,성산,2025-06-20,24,21.9,26,3.9,3.9,98.1,0,
188,성산,2025-06-21,23.8,23.3,24.8,.9,5.2,98.1,0,
188,성산,2025-06-22,21.8,20.2,23.9,47.8,2.2,89.5,0,
188,성산,2025-06-23,22.7,18.8,25.4,,1.9,82.1,8.3,
188,성산,2025-06-24,23.1,21.9,25.1,1.5,3.8,94.3,.1,
188,성산,2025-06-25,22.3,19.1,26.9,,2,87.9,11.2,
188,성산,2025-06-26,22.6,19,26.5,,1.5,81,9.8,
188,성산,2025-06-27,23.6,18.2,26.4,,2.2,91.3,1.7,
188,성산,2025-06-28,25.4,23.3,29.7,,2.3,92,6.4,
188,성산,2025-06-29,26,22.9,28.9,,2.9,90.9,12.6,
188,성산,2025-06-30,27,23.6,30.3,,2.3,89.8,12.1,
188,성산,2025-07-01,27.8,25.4,30.1,,3.3,91.5,10.5,
188,성산,2025-07-02,27.4,25,30.6,,2.8,87.4,10.4,
188,성산,2025-07-03,27.3,23.4,30.7,,2.6,80.3,12.7,
188,성산,2025-07-04,27.8,24.2,31.6,,3.8,81.8,11.1,
188,성산,2025-07-05,28,24,32.4,,3.5,81.3,11.4,
188,성산,2025-07-06,28,23.9,32,,2.6,84.3,8.5,
188,성산,2025-07-07,27.8,23.3,31.2,,1.9,84.3,11.3,
188,성산,2025-07-08,27,23.9,30.3,,2.4,88.6,5.4,
188,성산,2025-07-09,26.8,25.8,27.8,,3.1,89.3,0,
188,성산,2025-07-10,27,26,29.7,,4.6,87.4,2.3,
188,성산,2025-07-11,25.7,25.4,26.3,,5.6,87.4,0,
188,성산,2025-07-12,25,24.6,25.4,,4.3,89.6,0,
188,성산,2025-07-13,23.6,22.5,24.7,10.9,3,95,0,
188,성산,2025-07-14,26.1,22.6,30.8,,4.3,75.3,12.4,
188,성산,2025-07-15,26.1,23.2,30.2,,2.4,77.1,5.6,
188,성산,2025-07-16,26.6,23.5,28.5,0,4.2,83.9,.3,
188,성산,2025-07-17,27,24.9,29.5,6.3,4.7,94.8,2.8,
188,성산,2025-07-18,26,23.8,29.2,24.9,2.7,92.9,2.8,
188,성산,2025-07-19,26.7,25.3,29.4,2.6,4,93.6,1.7,
188,성산,2025-07-20,27.2,25.1,29.6,0,2.1,92,5.1,
188,성산,2025-07-21,28,25.8,31.1,,2.4,90.4,11.8,
188,성산,2025-07-22,27.6,24.6,30.6,,1.6,87.9,10.9,
188,성산,2025-07-23,27.4,23.6,31,,2,80.1,12.7,
188,성산,2025-07-24,27.7,23.7,31.3,,2.1,83.9,13.1,
188,성산,2025-07-25,28.9,25.9,31.8,,3,87.3,10.9,
188,성산,2025-07-26,29,26.3,31.4,,3.3,86.6,10.9,
188,성산,2025-07-27,29,27.6,31.4,,3.4,85.5,8.8,
188,성산,2025-07-28,28.9,25.6,32,,2.5,77.3,13,
188,성산,2025-07-29,28.9,25.4,32.1,,2.6,82,11.7,
188,성산,2025-07-30,28.9,27.8,31,,4.8,77.8,5.1,
188,성산,2025-07-31,29.1,27.2,31.6,,3.6,77.1,12.3,
188,성산,2025-08-01,28.5,26,32.3,,2.1,84.8,9.4,
188,성산,2025-08-02,28.1,24.3,32.1,,2.4,82,12.3,
188,성산,2025-08-03,28.5,25.8,31.6,.4,4,86.6,.7,
188,성산,2025-08-04,28.8,27.7,31.5,3.3,5,90.9,1.9,
188,성산,2025-08-05,29.9,27.9,34.1,.1,4.7,83.5,8.4,
188,성산,2025-08-06,29.1,28,31.5,0,5.7,86.6,3.5,
188,성산,2025-08-07,29.4,27.5,32.2,.9,2.2,85.3,.2,
188,성산,2025-08-08,27.6,25.9,30.1,.5,1.8,85.8,1.5,
188,성산,2025-08-09,27.4,25.3,29.3,7,2.2,94.8,0,
188,성산,2025-08-10,27.4,24.6,29.4,30.9,2.9,92.1,0,
188,성산,2025-08-11,25.5,23.6,27.6,31.3,1.6,93.3,0,
188,성산,2025-08-12,28,24.3,31.2,3.2,3.8,92.8,2.8,
188,성산,2025-08-13,28.9,26.8,31.6,0,4.2,86.6,9.8,
188,성산,2025-08-14,28,25.2,32,,2.1,87.4,6.7,
188,성산,2025-08-15,27.6,24,30.9,,1.7,85.5,12.6,
188,성산,2025-08-16,27.6,22.9,30.9,,1.5,80.9,11.3,
188,성산,2025-08-17,28.4,24.5,31.8,,1.9,80.5,12.1,
188,성산,2025-08-18,28.8,26.1,32.4,0,2.3,80.8,10.4,
188,성산,2025-08-19,28.7,24.7,32.4,,2.2,80.6,8.5,
188,성산,2025-08-20,28.8,25.7,32.1,3,2.3,81.8,11.7,
188,성산,2025-08-21,28.5,25.5,31.8,0,2.1,83.6,9.6,
188,성산,2025-08-22,28.1,24.9,32.6,24.9,1.8,86.6,8.2,
188,성산,2025-08-23,28.7,24.9,33.2,0,1.9,82.1,7.9,
188,성산,2025-08-24,29,25.4,33.6,0,2.2,80.9,7.9,
188,성산,2025-08-25,29.7,26.5,33.6,,3.4,79.3,10.5,
188,성산,2025-08-26,29.8,26.7,34.2,0,3.5,76.6,10.2,
188,성산,2025-08-27,27.7,25.1,31.9,22.7,1.4,87.6,6.7,
188,성산,2025-08-28,28.9,25.6,32.3,,2.1,82.9,10.1,
188,성산,2025-08-29,29.1,26.3,32.6,,2.5,82.6,10.2,
188,성산,2025-08-30,28.9,25.3,32.4,,1.7,81.8,7.8,
188,성산,2025-08-31,28.4,26,31.6,1.3,2.1,83.6,4.7,
188,성산,2025-09-01,27.9,25.2,31.7,5.7,2.3,89.6,5.4,
188,성산,2025-09-02,26.3,22.9,31.7,26.7,2,86.8,6.8,
188,성산,2025-09-03,27,23.7,31.1,30.6,1.8,90.3,7.1,
188,성산,2025-09-04,27.9,25.5,30.3,,2.5,90.3,6.2,
188,성산,2025-09-05,28.7,26,31.5,,2.1,84.4,8.9,
188,성산,2025-09-06,28.9,26.2,33.3,0,2.8,80.6,9.2,
188,성산,2025-09-07,28.7,25.6,33.6,1.1,2.7,82.8,8.3,
188,성산,2025-09-08,28,25.2,31.2,15,1.4,86.6,6.9,
188,성산,2025-09-09,26,23.9,29.5,48.2,2.3,93.6,2.4,
188,성산,2025-09-10,25.5,24,27.9,13,2.6,91.5,1.9,
188,성산,2025-09-11,27,25.2,29,.7,4.4,83.9,1.4,
188,성산,2025-09-12,27.7,22.3,31.5,210.3,3.7,84.6,7.6,
188,성산,2025-09-13,27.4,24.9,30.8,30,3.1,91.4,3.4,
188,성산,2025-09-14,26.6,24,29.9,16.4,1.7,87.6,5.9,
188,성산,2025-09-15,27.2,23.3,31.8,.7,1.6,88.4,8.9,
188,성산,2025-09-16,28,24.9,31.6,0,2,87,6.6,
188,성산,2025-09-17,28.5,25.6,33.7,.1,3.1,80,8.6,
188,성산,2025-09-18,25.7,23.5,28,0,3.4,76.3,9.9,
188,성산,2025-09-19,25.7,22.9,28,22.4,4.3,83.3,.2,
188,성산,2025-09-20,24.6,20.4,27.2,10.7,3,82.3,4.6,
188,성산,2025-09-21,23.7,19.6,26.3,,4,75.6,7.2,
188,성산,2025-09-22,25.3,23.3,27.8,,5.2,74,4.7,
188,성산,2025-09-23,25.7,24.2,27.3,0,4.9,80.9,1.6,
188,성산,2025-09-24,28.2,24.8,32,2.1,3.5,83.3,9.2,
188,성산,2025-09-25,25.8,23.8,30.2,29.2,1.6,92.9,3.4,
188,성산,2025-09-26,25.1,24.1,27.6,9.6,1.4,94.3,1,
188,성산,2025-09-27,24,23.1,25.5,16.9,2.4,93.8,0,
188,성산,2025-09-28,25.9,22.5,30.6,29.6,2.4,85,2.9,
188,성산,2025-09-29,23.1,20,26.7,,2.8,78.1,7.4,
188,성산,2025-09-30,21.6,19,25.1,,2.2,74.4,1.5,
189,서귀포,2025-05-15,20.7,19.3,22.3,0,1.5,86.3,0,4.65
189,서귀포,2025-05-16,19.7,17.1,21.8,74.6,1.9,94,0,1.6
189,서귀포,2025-05-17,17.8,15.6,22.7,,2.1,87.8,8.9,25.81
189,서귀포,2025-05-18,17.8,15.5,22,,1.2,80.1,4.8,20.08
189,서귀포,2025-05-19,19.9,14.4,24.3,,1.8,74.9,7.2,23.16
189,서귀포,2025-05-20,22.1,19.8,25.5,1.7,1.5,89,.9,9.47
189,서귀포,2025-05-21,21,19.5,22.8,16.8,1.6,93.9,0,3.28
189,서귀포,2025-05-22,20.5,18.1,24.1,.6,1.3,88.9,6.3,21.51
189,서귀포,2025-05-23,17.5,16.8,18.5,15.6,3.7,90.1,0,4.88
189,서귀포,2025-05-24,17.1,15.1,18.8,28.1,2,88.9,0,5.24
189,서귀포,2025-05-25,17.5,14.4,20.9,,1.4,79,11.6,27.62
189,서귀포,2025-05-26,18.8,15.1,22.5,,1.7,66,10.9,26.25
189,서귀포,2025-05-27,19.1,14.6,23,,1.6,63.6,12.6,26.94
189,서귀포,2025-05-28,19.8,16.4,24.1,,1.3,62.6,6.6,20.6
189,서귀포,2025-05-29,20.8,16.9,25.8,,1.7,59.3,12.5,27.51
189,서귀포,2025-05-30,19.6,16.7,22.7,,1.3,70.6,12.4,26.94
189,서귀포,2025-05-31,19.1,15.7,22.1,,1.3,73.6,6.4,19.9
189,서귀포,2025-06-01,20.5,16.6,23.9,,1.2,61.8,11.4,28.23
189,서귀포,2025-06-02,18.2,16.3,20.6,37.2,2.8,83.5,0,4.3
189,서귀포,2025-06-03,21.5,17.8,27.3,,1.7,64.6,10.2,28.24
189,서귀포,2025-06-04,21.8,15.8,27.3,,2.3,42.5,11.1,26.73
189,서귀포,2025-06-05,21.9,17.3,26.3,,1.7,41.9,11.8,29.93
189,서귀포,2025-06-06,23.3,20.2,26.9,0,1.6,45.3,4.3,18.73
189,서귀포,2025-06-07,23,21.1,26.1,.2,.8,72.1,.5,8.2
189,서귀포,2025-06-08,21.9,20.9,22.9,.9,1.2,86.8,0,5.13
189,서귀포,2025-06-09,22.6,20.4,26,0,2.2,74.9,2.4,13.19
189,서귀포,2025-06-10,21.7,20.7,23.6,0,1.3,85.5,1.4,11.3
189,서귀포,2025-06-11,22,20.2,25.5,0,1.6,79.4,5.2,19.71
189,서귀포,2025-06-12,20.5,18.8,21.3,1.6,1.2,82.3,0,5.74
189,서귀포,2025-06-13,23.1,20.6,25.6,48.1,1.9,92.5,0,6.28
189,서귀포,2025-06-14,22.7,21.6,26.7,20,2.3,92.9,3.4,10.73
189,서귀포,2025-06-15,22.5,19.5,25.6,16.3,1.6,93.1,.3,7.37
189,서귀포,2025-06-16,22.4,20.2,26.1,20,2.5,88.8,5.2,15.28
189,서귀포,2025-06-17,23.2,21,26.2,,2,85.8,6.4,19.37
189,서귀포,2025-06-18,23,18.9,26.6,,1.8,85.5,9.4,24.92
189,서귀포,2025-06-19,25.3,23.1,27.4,.1,1,88.8,.2,8.78
189,서귀포,2025-06-20,24.6,23.9,25.7,1.4,1.8,94.3,0,4.92
189,서귀포,2025-06-21,23.8,23.3,24.7,.8,2.2,96.1,0,2.53
189,서귀포,2025-06-22,22.4,21,24.4,46.7,1.5,88.9,.1,11.11
189,서귀포,2025-06-23,22.9,19.2,26.7,,1.5,77.5,4.5,19.11
189,서귀포,2025-06-24,23.4,21.6,25.3,4.8,2,90,0,7.87
189,서귀포,2025-06-25,22.8,20.2,26.4,,2.6,79.3,12.2,28.54
189,서귀포,2025-06-26,23.8,20.5,27.2,,1.7,72.9,10.5,27.72
189,서귀포,2025-06-27,25.9,21.2,29.1,0,1.8,84.5,5.8,22.28
189,서귀포,2025-06-28,26.5,24.8,29.1,,2.4,88.5,7.8,24.95
189,서귀포,2025-06-29,27.8,24.4,31.3,,1.9,81.8,12.4,29.56
189,서귀포,2025-06-30,28.6,25.9,31.9,,1.4,79.5,12.2,27.86
189,서귀포,2025-07-01,29,27.2,32.3,,1.8,84,10.6,27.41
189,서귀포,2025-07-02,29,26.4,32.1,,1.8,78.5,12.7,29.15
189,서귀포,2025-07-03,28.8,26,32.1,,1.8,72.6,12,28.83
189,서귀포,2025-07-04,28.7,26.2,31.7,,2.2,76.1,11.5,27.96
189,서귀포,2025-07-05,28.5,26.5,31.1,,2.4,79.6,10.2,28.55
189,서귀포,2025-07-06,28.7,26.7,32,,2.5,81.5,11.5,28.53
189,서귀포,2025-07-07,28.8,25.4,32.5,,1.7,75,12,28.6
189,서귀포,2025-07-08,28.8,25.8,32.7,0,2.3,75.1,10.2,27.46
189,서귀포,2025-07-09,27.8,26.3,30.2,0,3.2,79.3,2.8,14.29
189,서귀포,2025-07-10,28,26.2,30.8,0,4.1,77.9,4.2,17.06
189,서귀포,2025-07-11,25.9,25,26.9,0,4.5,83.1,0,5.42
189,서귀포,2025-07-12,25,24.5,25.6,1.1,3.4,86.5,0,3.54
189,서귀포,2025-07-13,26.3,25.1,29.6,3.6,2.2,82.8,.3,7.58
189,서귀포,2025-07-14,27.8,23.2,33.6,0,2,61.4,12.3,29.34
189,서귀포,2025-07-15,27,24.4,30.9,0,2.3,71.5,9.4,23.29
189,서귀포,2025-07-16,27.5,25.7,29.8,0,1.8,78.6,0,9.18
189,서귀포,2025-07-17,28,27.1,30.5,.2,2.4,90,.1,9.64
189,서귀포,2025-07-18,27.2,25.3,31.1,11.8,2.3,90,2.5,11.89
189,서귀포,2025-07-19,28.1,26.1,31.1,,1.7,85.6,1.6,12.92
189,서귀포,2025-07-20,28.7,27,31.5,0,1.5,82,5.6,22.09
189,서귀포,2025-07-21,29,26.9,31.5,2.2,1.2,82.9,10.3,27.5
189,서귀포,2025-07-22,29.2,27,32.2,0,1.6,72.6,11.1,28.36
189,서귀포,2025-07-23,29.3,26.6,32.4,,1.6,66.9,12.5,28.57
189,서귀포,2025-07-24,30.3,27.1,33.8,,1.9,56.9,12.5,28.83
189,서귀포,2025-07-25,30.8,28.2,34.2,,3.1,64.1,12.5,28.68
189,서귀포,2025-07-26,30.6,28.2,33.9,,3.7,69.6,11.8,26.03
189,서귀포,2025-07-27,30.3,28.5,34.3,,3.7,68.9,5.7,20.91
189,서귀포,2025-07-28,30.4,27.7,33.7,,2.5,61.4,12.2,28.75
189,서귀포,2025-07-29,30.1,27.4,33.5,0,2.6,63.9,11.4,27.03
189,서귀포,2025-07-30,28.7,27.3,31.2,.2,2.5,74.9,3.7,14.67
189,서귀포,2025-07-31,29.8,27.8,32.6,0,1.7,70.1,10.3,26.69
189,서귀포,2025-08-01,29.9,26.6,33.7,,1.7,73.3,11.5,25.17
189,서귀포,2025-08-02,29.2,25.5,33.4,0,1.5,70.5,12.6,28.12
189,서귀포,2025-08-03,28.5,26.7,30.2,2.7,2.9,85.3,0,5.41
189,서귀포,2025-08-04,28.7,28,30.7,.4,3.8,89.5,.2,8.17
189,서귀포,2025-08-05,29.7,27.9,32.9,1.7,2.8,83.8,6.8,20.77
189,서귀포,2025-08-06,28.8,28.1,30.2,.3,3.9,86.3,.7,8.93
189,서귀포,2025-08-07,29.2,27.7,31.7,.1,2.5,82.9,2.2,15.53
189,서귀포,2025-08-08,27.8,26,31.3,.1,1.5,80.3,1.2,11.22
189,서귀포,2025-08-09,27.5,25.1,28.8,18.2,2.3,91.3,0,2.98
189,서귀포,2025-08-10,27.7,26.2,29.6,15.9,2.4,89.8,.1,6.09
189,서귀포,2025-08-11,26.4,24.3,27.7,35.1,1.5,90.8,0,1.74
189,서귀포,2025-08-12,28.5,26.7,31.1,8.1,2.4,89.8,1.6,11.76
189,서귀포,2025-08-13,29.4,27.2,32.9,1.2,1.8,83.1,8.4,21.75
189,서귀포,2025-08-14,29.5,26.7,32.9,,1.6,78.6,11,25.48
189,서귀포,2025-08-15,29.1,25.5,32.4,,1.3,73.5,10.9,26.39
189,서귀포,2025-08-16,29,25.1,33.5,,1.5,71.3,11.2,26.74
189,서귀포,2025-08-17,29.7,26.5,33.1,,1.4,72.3,11.5,24.88
189,서귀포,2025-08-18,29.9,26.9,33.2,.6,1.5,72.1,10.8,24.6
189,서귀포,2025-08-19,29.9,27.1,33.5,,1.5,71.3,9.7,24.41
189,서귀포,2025-08-20,29.3,26.9,33,.4,1.4,73.8,11.2,26.33
189,서귀포,2025-08-21,29.2,26.5,32.1,0,1.2,74.6,6.2,16.49
189,서귀포,2025-08-22,29.7,26.2,33.1,,2,73.5,11.4,26.2
189,서귀포,2025-08-23,30.1,27.7,33.2,.2,2.1,74.8,11.3,25.96
189,서귀포,2025-08-24,30.2,27.8,33.7,0,1.8,75.3,9.2,24.52
189,서귀포,2025-08-25,29.8,27.4,33.3,9.3,1.8,78.1,8.8,23.89
189,서귀포,2025-08-26,29.4,27.1,31.9,3.2,2.6,78.5,9.1,22.54
189,서귀포,2025-08-27,29.3,26.3,32.5,,1.8,74.8,8.1,19.9
189,서귀포,2025-08-28,29.8,26.2,33.5,,1.7,73.5,10.3,25.5
189,서귀포,2025-08-29,30.2,27.5,34,,1.7,71.6,10.3,24.9
189,서귀포,2025-08-30,30,27,33.8,0,1.4,72,10.1,22.9
189,서귀포,2025-08-31,29.1,27.2,32.3,6.6,1.6,76.5,3,14.59
189,서귀포,2025-09-01,29.1,25.3,32.9,32.6,1.9,81.6,7.8,21.47
189,서귀포,2025-09-02,28.6,25.5,33.3,6.3,1.5,74.8,7.2,16.36
189,서귀포,2025-09-03,28.9,25.4,32.4,0,1.7,74.9,10,24.14
189,서귀포,2025-09-04,29.5,27.1,33.5,.9,1.7,72.9,6.9,17.04
189,서귀포,2025-09-05,29.4,26.2,32.8,0,1.2,73.9,10.4,24.37
189,서귀포,2025-09-06,29.9,26.4,33.3,.7,1.9,75.1,8.5,21.97
189,서귀포,2025-09-07,29.6,27.4,32.8,3.5,2.3,77.3,8.2,21.44
189,서귀포,2025-09-08,29.3,25.6,32.9,28.2,1.8,80.1,6.9,17.93
189,서귀포,2025-09-09,27.7,25.1,30.8,17.6,1.4,84.4,2.3,10.28
189,서귀포,2025-09-10,27.4,25.2,31.1,1.1,1.4,78.5,5.6,18.77
189,서귀포,2025-09-11,27.6,25.4,30.9,.8,3.7,75.9,9.9,22.18
189,서귀포,2025-09-12,28.1,23.8,32.4,53,2.2,80.9,6.2,17.34
189,서귀포,2025-09-13,27.8,25.9,30.4,41.8,3.4,85.6,1.4,9.59
189,서귀포,2025-09-14,27.6,24.7,30.6,80.9,1.4,82.1,5.2,16.61
189,서귀포,2025-09-15,28.6,24.8,32.6,0,1.3,82,10.2,22.14
189,서귀포,2025-09-16,29.4,26.7,33.1,.8,1.8,77.3,10.7,22.96
189,서귀포,2025-09-17,29.3,25.7,32.6,12.5,2.3,79.6,9.3,21.01
189,서귀포,2025-09-18,27.2,25,30.6,,1.9,72,9.1,20.14
189,서귀포,2025-09-19,26.5,23.3,29.5,39.8,2.6,75.6,3.9,13.6
189,서귀포,2025-09-20,27,23.7,30.5,22.4,2.4,76.1,3.7,12.52
189,서귀포,2025-09-21,24.9,21.7,28.5,0,2.4,66.6,9.3,19.14
189,서귀포,2025-09-22,25.3,22.8,28.7,0,3.7,70.6,9.2,19.91
189,서귀포,2025-09-23,25.9,23.3,28.3,.1,3.4,75.9,8.1,18.26
189,서귀포,2025-09-24,28.3,25.7,32.4,7.8,1.7,80.8,7.5,18.59
189,서귀포,2025-09-25,28.1,26,32.1,3.5,1.5,80.4,4.5,12.8
189,서귀포,2025-09-26,26.4,25.6,29.8,1.9,1,83.8,2.7,8.78
189,서귀포,2025-09-27,24.4,23.3,26,22.5,1.7,90,0,4.06
189,서귀포,2025-09-28,26.1,22.9,30.3,25.5,2,81.1,4.9,14.93
189,서귀포,2025-09-29,25.5,22.6,29.6,,1.5,66.6,7.8,18
189,서귀포,2025-09-30,23.9,21.5,27.6,0,1.4,66.5,4.3,13.12
192,진주,2025-05-15,19.3,16.2,21.3,3.3,.4,90.8,0,5.94
192,진주,2025-05-16,18.4,17,20.1,74.4,.2,96.5,0,2.33
192,진주,2025-05-17,20.5,16.7,26.1,.3,.7,83.3,8.4,23.86
192,진주,2025-05-18,18.6,12.8,26.1,,.6,63.8,11.4,27.66
192,진주,2025-05-19,18.8,11.6,24.2,0,1,75.4,11.1,26.24
192,진주,2025-05-20,22.7,18,27.3,.1,1,82.6,11.8,28.38
192,진주,2025-05-21,22.5,18.1,26.3,,.3,86.1,2,11.48
192,진주,2025-05-22,19.4,16.3,25,1.1,.6,90,3.7,14.05
192,진주,2025-05-23,18,13.5,21.8,,.5,64.5,1.9,13.52
192,진주,2025-05-24,14.9,13.5,17.2,.4,1.2,74.1,0,5.55
192,진주,2025-05-25,16.8,12.5,24.1,0,.6,72.3,11.5,29.11
192,진주,2025-05-26,17.5,11.5,25.5,,.5,78.6,9.8,25.5
192,진주,2025-05-27,18.5,12.8,25.5,,.6,76.5,10.3,25.67
192,진주,2025-05-28,19.2,12.1,27.6,,.6,69.3,10.3,24.13
192,진주,2025-05-29,17.8,11.6,27.6,,.4,78.5,,
192,진주,2025-05-30,17.8,11.1,26.7,,.6,77.6,11.7,26.78
192,진주,2025-05-31,19,11.8,27.6,,.4,73.6,10.6,24.81
192,진주,2025-06-01,20.6,13,28.4,,.5,73.3,12.2,26.89
192,진주,2025-06-02,17.8,16.1,20.5,2.9,.2,88.4,0,7.26
192,진주,2025-06-03,21.5,15.6,28.3,.2,1.1,58.8,11.9,29.05
192,진주,2025-06-04,21.4,10.2,29,,1.7,41.8,12.6,31.2
192,진주,2025-06-05,19.9,11.6,27.8,,.6,59.3,11.5,28.75
192,진주,2025-06-06,18.9,14.3,26,.6,.3,77.8,.8,11.96
192,진주,2025-06-07,21.3,13.3,28.7,,.7,72.6,9.7,26.51
192,진주,2025-06-08,23.1,17.8,29.5,,.6,79.3,7.4,22.81
192,진주,2025-06-09,22.7,17.8,29.1,,.4,78.5,6.1,19.52
192,진주,2025-06-10,23.1,16.5,30,,.6,78,8,22.35
192,진주,2025-06-11,23.7,16.5,31.4,,.6,57,10.9,28.99
192,진주,2025-06-12,21.9,17.1,27.9,,.4,68.4,5.3,18.61
192,진주,2025-06-13,19.3,16.4,22,37.7,.3,88.8,.1,8.47
192,진주,2025-06-14,21.3,18.2,24.9,66.3,.1,95.8,.2,6.54
192,진주,2025-06-15,24.2,21.5,28.9,4.3,.6,87.5,7.5,23.77
192,진주,2025-06-16,23.6,21.3,28,4.6,.7,87.3,4.1,10.85
192,진주,2025-06-17,23.3,20.2,28.1,,1.1,83.3,11.3,24.22
192,진주,2025-06-18,24,20.2,29.7,,.8,76.4,11.8,28.1
192,진주,2025-06-19,23.5,17.7,28.2,,.5,85,5.3,19.23
192,진주,2025-06-20,24.8,23.5,26.7,.3,.8,89.8,0,7.47
192,진주,2025-06-21,22.8,18.7,25.2,53.9,1,93,0,4.01
192,진주,2025-06-22,21.9,18.3,27.8,2.5,.4,83.8,4.8,20.26
192,진주,2025-06-23,23.6,16.3,31.6,,.5,75.5,12.6,30.18
192,진주,2025-06-24,19.7,17,22.3,12.8,.2,94.3,.3,4.19
192,진주,2025-06-25,22.7,20,28.4,.7,.8,85.4,8,24.44
192,진주,2025-06-26,24.2,18.7,30.2,,.8,74.4,11.3,27.09
192,진주,2025-06-27,25.4,19.3,31.4,,.5,77.8,12.6,27.02
192,진주,2025-06-28,26.3,21.2,32.5,,.6,84.1,9,25.4
192,진주,2025-06-29,27.2,23.5,32.1,,.8,81.6,9.6,25.7
192,진주,2025-06-30,27.2,22.1,32.4,,.8,81.6,10.7,27.39
192,진주,2025-07-01,28.2,23.6,33.1,,.7,82.5,11.9,26.36
192,진주,2025-07-02,29.1,25.4,33.8,,.8,80.4,11.3,28.24
192,진주,2025-07-03,28.7,24.6,33.6,,.9,77.1,11.2,27.57
192,진주,2025-07-04,27.6,22.7,32.7,,.7,77.6,10.4,25.11
192,진주,2025-07-05,28,22.6,33.5,,.8,77.9,12.6,29.09
192,진주,2025-07-06,28.7,22.5,35.1,,.7,77.6,12.6,28.29
192,진주,2025-07-07,29.5,23.7,36.8,,.5,77.4,12.2,26.97
192,진주,2025-07-08,29.1,24.4,34.5,,.4,77,7.9,16.95
192,진주,2025-07-09,29,22.5,35.3,,.7,64,12.4,28.06
192,진주,2025-07-10,28.4,22.6,34.2,,1,60.3,9.9,23.61
192,진주,2025-07-11,28.2,24.1,34,,1.5,55.6,11.4,26.28
192,진주,2025-07-12,27.5,23,33.9,,1,65.3,11.5,25.57
192,진주,2025-07-13,24.2,21.2,29.7,53.6,.4,85.8,2.4,8
192,진주,2025-07-14,24.5,19.2,32,14.8,.5,78.8,10,25.92
192,진주,2025-07-15,24.8,20.6,28.7,0,.8,80.6,4.1,14.68
192,진주,2025-07-16,23.2,21.8,25.2,9.7,.2,94.3,0,3.34
192,진주,2025-07-17,23.8,21.7,28,94.3,.5,95.4,0,4.69
192,진주,2025-07-18,23.4,20.7,29.3,67.8,.4,92.9,1.9,13.27
192,진주,2025-07-19,22.7,21.1,26,191.5,.7,97.4,0,2.71
192,진주,2025-07-20,26.2,21,31.9,,.4,85.8,8.2,25.25
192,진주,2025-07-21,26,22.2,31.2,10.1,.6,90,4.5,18.01
192,진주,2025-07-22,26.9,22.2,33.1,,.5,83.9,10.4,27.06
192,진주,2025-07-23,27.6,22.2,34.5,,.4,80.9,10.6,27.28
192,진주,2025-07-24,27.5,22.2,35,,.5,77.8,12.2,28.13
192,진주,2025-07-25,27.6,22.1,33.7,,.8,77.6,11.6,27.23
192,진주,2025-07-26,28.1,23,33.1,,.9,76,10.5,25.13
192,진주,2025-07-27,27.8,23.7,33.9,,.6,75.6,7.3,21.23
192,진주,2025-07-28,28,21.9,35.3,,.5,77.6,11.9,27.31
192,진주,2025-07-29,27.2,21.1,34,,.6,73.9,12.1,28.27
192,진주,2025-07-30,26.3,19.8,33.6,,.9,70.1,11.4,28.08
192,진주,2025-07-31,26.9,21,34.4,,.7,73.3,11.1,27.48
192,진주,2025-08-01,27.6,20.2,35.7,,.5,74.3,12,27.74
192,진주,2025-08-02,28.5,24.2,34,,.5,80.5,9.3,22.6
192,진주,2025-08-03,27,24.7,30.7,21.7,.6,85.3,1,12.32
192,진주,2025-08-04,27.6,25.5,31,18,1.1,86.6,6.4,19.46
192,진주,2025-08-05,27.2,25.1,30.5,11.3,.6,87.6,5.9,17.98
192,진주,2025-08-06,27,24.6,28.6,.7,1,84.4,1.3,9.72
192,진주,2025-08-07,26.3,22,31.1,.1,.5,79.4,8,20.2
192,진주,2025-08-08,23.3,18.7,27.7,,.3,82.6,4.3,16.61
192,진주,2025-08-09,21.6,19.8,25.4,13.2,.3,91.3,0,6.61
192,진주,2025-08-10,22.1,19.5,27.2,35.7,.4,91.6,3.7,12.05
192,진주,2025-08-11,20.7,17.8,25.7,24.1,.3,93.6,.4,7.52
192,진주,2025-08-12,20.1,18,21.3,27.3,.1,96.4,0,3.19
192,진주,2025-08-13,24.6,20.8,29.4,1,.7,89.6,6.2,17.15
192,진주,2025-08-14,26.1,21.6,31.2,,.6,83.9,10.6,24.42
192,진주,2025-08-15,27.4,21.3,34.7,,.4,79.6,11.6,25.7
192,진주,2025-08-16,28.5,23.7,34.2,,.5,80,11.9,26.26
192,진주,2025-08-17,28.1,22.2,34.2,,.5,77.8,11.7,26.38
192,진주,2025-08-18,28.2,23.2,32.7,,.5,80,9.6,22.57
192,진주,2025-08-19,28.4,24.1,33,,.7,78.6,11,24.79
192,진주,2025-08-20,27.7,23.7,32.9,,.6,81.6,10.2,23.47
192,진주,2025-08-21,28.1,23.6,34.7,,.5,81.8,9.3,23.4
192,진주,2025-08-22,28.8,24.4,34.4,0,.5,81.6,8.7,20.96
192,진주,2025-08-23,28.7,24.7,34.6,,.5,79.5,11.4,25.48
192,진주,2025-08-24,29.1,24.6,34.2,,.6,79.1,11.4,24.37
192,진주,2025-08-25,28.7,24.7,33.1,,.6,79.3,9.7,20
192,진주,2025-08-26,28,24.5,33.1,9.1,.7,83.3,7.3,16.69
192,진주,2025-08-27,27.3,23.6,33.7,,.4,80.9,9.2,21.91
192,진주,2025-08-28,27.5,23.5,31.9,,.5,80.9,9.3,20.1
192,진주,2025-08-29,28.5,24,33.8,,.6,80.5,10.3,23.11
192,진주,2025-08-30,28.8,23.9,34.9,,.5,77.6,10.9,24.23
192,진주,2025-08-31,26.3,24.2,29.9,5.4,.3,89.6,3.1,10.81
192,진주,2025-09-01,26.5,24.7,30,7,.5,90.6,3,11.45
192,진주,2025-09-02,27.3,24.7,31.1,,.4,87.3,6,14.68
192,진주,2025-09-03,26.9,23.7,32.2,,.4,83,5.1,15.89
192,진주,2025-09-04,26.2,22.2,33.3,19.6,.6,84.6,5.5,17.43
192,진주,2025-09-05,26.7,22.6,32.7,,.4,83,8,18.93
192,진주,2025-09-06,27,22.3,31.7,.4,.5,85.1,6.9,18.21
192,진주,2025-09-07,26.7,24.2,31.5,1.4,.8,88.9,2.6,10.3
192,진주,2025-09-08,25.5,22,29.8,.1,.4,83.3,1.8,12.55
192,진주,2025-09-09,20.5,19.2,22.4,52.2,.5,91.4,.2,5.35
192,진주,2025-09-10,23.1,19.8,28.2,.2,.6,85.9,4.6,15.01
192,진주,2025-09-11,23.9,18.1,29.8,,.8,80.1,7.4,17.75
192,진주,2025-09-12,23.9,20.2,27.7,0,.4,83.6,1.1,9.1
192,진주,2025-09-13,25.9,21.8,30.8,4.2,.6,89.6,1.3,8.31
192,진주,2025-09-14,25.7,23.2,30.6,0,.4,83.3,6.1,16.09
192,진주,2025-09-15,25.1,22.3,29,0,.2,89.5,2.3,10.04
192,진주,2025-09-16,26.5,23,31.5,1,.5,87.5,6.6,16.11
192,진주,2025-09-17,25.1,21.7,32.2,10.1,.7,88.6,5.6,13.89
192,진주,2025-09-18,21.9,18.7,25.3,0,.6,84.1,1.6,8.85
192,진주,2025-09-19,20.8,16.8,24.8,,.4,77.3,2.7,12.66
192,진주,2025-09-20,21.4,16,27.3,3.4,.7,84.9,2.8,11.1
192,진주,2025-09-21,19.4,14.1,26.3,,.6,77.6,7.4,17.22
192,진주,2025-09-22,19.8,14.1,25,,.7,72.4,6,15.42
192,진주,2025-09-23,21,16.6,26.7,,.6,69.4,6.9,17.92
192,진주,2025-09-24,22.1,18.6,25.8,3.3,.2,85.1,.2,8.61
192,진주,2025-09-25,21.9,20.3,23.4,3.5,.1,97.3,0,4.5
192,진주,2025-09-26,23.3,20.3,28.7,,.4,83.5,7.8,18.5
192,진주,2025-09-27,22.6,19.8,27.8,0,.3,77.6,6.9,15.6
192,진주,2025-09-28,21.1,19.2,24.3,8.4,.5,90.1,.8,6.71
192,진주,2025-09-29,20.3,16.8,25.2,,.3,81.8,5.8,14.75
192,진주,2025-09-30,19.1,15.5,25,,.3,82.8,6.2,14.57
201,강화,2025-05-15,15.9,13.8,20.4,2.1,2.4,94.8,3.6,
201,강화,2025-05-16,17.7,15.8,20.7,16.6,1.2,98.1,0,
201,강화,2025-05-17,15.9,12.7,21.6,4.3,2.3,92,4.5,
201,강화,2025-05-18,13.5,8.3,19.2,,2.3,61.3,10.6,
201,강화,2025-05-19,14,7.4,17.7,1.5,2.6,78.3,.3,
201,강화,2025-05-20,19,14.6,22.5,2.9,3.2,97.3,0,
201,강화,2025-05-21,22.4,18.7,26.3,0,2.1,86.3,5.5,
201,강화,2025-05-22,21.7,18.3,27.1,0,1.9,65.5,10.8,
201,강화,2025-05-23,18.2,14.6,21.7,0,1.8,63.8,0,
201,강화,2025-05-24,15.7,13.3,19.9,.2,2.4,70.3,1.1,
201,강화,2025-05-25,14.7,9.4,19.3,,2.2,75.5,12.3,
201,강화,2025-05-26,16.2,9.8,22.6,,1.6,77.4,12.4,
201,강화,2025-05-27,16.9,10.6,22.8,0,1.6,78.9,12.2,
201,강화,2025-05-28,17.4,12.2,23.7,0,1.9,78.3,8.8,
201,강화,2025-05-29,19.3,12.8,24.1,,2.2,67.5,12.3,
201,강화,2025-05-30,18.8,13.3,25.1,,1.6,68,12,
201,강화,2025-05-31,17.7,12.6,23.5,,1.5,74.1,3.6,
201,강화,2025-06-01,18.5,13.3,24.7,,1.9,76.3,11.2,
201,강화,2025-06-02,18,15.2,22,0,1,77.4,0,
201,강화,2025-06-03,18.4,14.7,22.3,,2.7,72.4,11.5,
201,강화,2025-06-04,19.5,14.5,23.9,,3.2,60.8,12.7,
201,강화,2025-06-05,19,11.7,23.4,,2.1,56.8,12.1,
201,강화,2025-06-06,21.3,14.7,26,,2.8,54.5,11.7,
201,강화,2025-06-07,20.4,18,23.9,0,2.4,80.4,1.8,
201,강화,2025-06-08,21.9,18.4,26.9,,1.5,84.3,8.2,
201,강화,2025-06-09,19.8,16.6,25.1,,2.2,86.4,8.7,
201,강화,2025-06-10,18.7,15.3,21.7,.1,2.3,86.3,4.6,
201,강화,2025-06-11,19.4,12.3,24.4,,2.4,74,12.7,
201,강화,2025-06-12,22.2,14.4,29.6,,1.8,67.5,12.6,
201,강화,2025-06-13,20.7,15.9,24.9,0,1.2,70.1,1.8,
201,강화,2025-06-14,23.4,18.7,29.9,,1.9,72.5,9.6,
201,강화,2025-06-15,22.3,17.9,29.6,39.2,2.6,84.5,6.8,
201,강화,2025-06-16,20.9,19.5,22.4,3.7,2.3,95.4,0,
201,강화,2025-06-17,21.5,18.7,25.1,,2.3,87.5,8.2,
201,강화,2025-06-18,21.1,17.7,25.6,,1.5,80.9,8.8,
201,강화,2025-06-19,23.9,16.9,30,10,1.7,74.4,8.5,
201,강화,2025-06-20,22.5,19.6,24.6,82.2,5.4,94.1,0,
201,강화,2025-06-21,20.2,18.7,22.4,0,1.9,95,0,
201,강화,2025-06-22,19.4,14.5,23.2,,2.7,87.9,11.7,
201,강화,2025-06-23,22.2,16,27.4,,1.5,85,10.3,
201,강화,2025-06-24,22.7,19,26.6,4.9,1.4,77.9,.1,
201,강화,2025-06-25,19.3,18.2,20.6,3.1,2.5,91.9,0,
201,강화,2025-06-26,20.8,18,24.2,,1.8,89,1.7,
201,강화,2025-06-27,22.6,18.7,27.7,.1,.7,88.3,1.1,
201,강화,2025-06-28,23.3,22.4,24.7,3.8,1.2,96.5,0,
201,강화,2025-06-29,24.5,22.8,28.3,.6,1.8,90.1,1.2,
201,강화,2025-06-30,25.5,23.5,27.2,.1,2.4,88.5,.3,
201,강화,2025-07-01,25.1,23.8,27,.2,3,95.6,.1,
201,강화,2025-07-02,25,23.8,27.4,0,2.2,94.5,.1,
201,강화,2025-07-03,25.1,23.4,28.2,0,2.4,92.1,.9,
201,강화,2025-07-04,24.8,23.6,25.8,0,3.2,89.6,0,
201,강화,2025-07-05,25.9,24.2,28.5,0,3.1,86.4,3.3,
201,강화,2025-07-06,26,24.3,29.4,,2.5,87.3,5.4,
201,강화,2025-07-07,25.4,23.8,28.4,,1.2,94.9,2.3,
201,강화,2025-07-08,28.7,23.5,35.1,,1.4,79.9,12,
201,강화,2025-07-09,28.9,23.8,33.7,,1.2,75,10.8,
201,강화,2025-07-10,28.5,23.1,33.3,,2.2,63.4,11.8,
201,강화,2025-07-11,27.2,22.3,32.3,,2.6,59.8,12.6,
201,강화,2025-07-12,26.3,21.5,32.9,,1.9,65.8,12.6,
201,강화,2025-07-13,24.3,21.5,28,.4,1.3,87.3,1.6,
201,강화,2025-07-14,22.5,20,27.3,5.2,1.4,90.1,3.4,
201,강화,2025-07-15,22.5,20.8,26,1.7,2.3,86.6,2.2,
201,강화,2025-07-16,22.1,20.6,23.6,65.6,1.4,95.3,0,
201,강화,2025-07-17,23.2,21.9,25.5,18.4,1.4,94.5,0,
201,강화,2025-07-18,23.1,21.8,25.5,23.7,1.2,96.1,0,
201,강화,2025-07-19,23.6,21,26.5,29.4,1.4,95.3,.2,
201,강화,2025-07-20,26.5,23.6,29.7,84.2,3.3,86.4,7.5,
201,강화,2025-07-21,26.2,23.5,29.5,0,2.3,90,3.8,
201,강화,2025-07-22,26.1,22.8,29.4,.5,2.5,90,5.1,
201,강화,2025-07-23,25.8,22.6,30.4,,1.2,84.3,9.5,
201,강화,2025-07-24,26.1,22.6,31,,1,83.3,8.9,
201,강화,2025-07-25,27.3,21.8,32.9,,1.1,80.8,12,
201,강화,2025-07-26,28,23.6,33,,.9,79.9,9.9,
201,강화,2025-07-27,28.8,24.3,33.3,,1.5,80.1,12.1,
201,강화,2025-07-28,28,24.3,32.6,,1.6,82.9,12,
201,강화,2025-07-29,28,23,33.3,,1.4,77,12.3,
201,강화,2025-07-30,28.1,23,32.6,,.9,78.1,4.1,
201,강화,2025-07-31,27.5,25.3,31,,.9,80.1,.9,
201,강화,2025-08-01,27.5,24.4,31.7,0,1,83.3,2.2,
201,강화,2025-08-02,27.5,23.4,32,,1.4,78.3,10.6,
201,강화,2025-08-03,26.3,23,30.7,3.3,1.2,82.4,1.5,
201,강화,2025-08-04,26.5,22.4,31.1,2,2.3,85.5,9.4,
201,강화,2025-08-05,26,22.6,29.1,,1.7,86.4,8.4,
201,강화,2025-08-06,26.4,24,27.9,6.9,3.1,92.1,2.3,
201,강화,2025-08-07,26.2,23,29.7,,2.1,79.1,11.2,
201,강화,2025-08-08,24.8,20.4,29,,1.6,85.4,10.5,
201,강화,2025-08-09,23,19.9,25.9,.9,.8,91.5,.9,
201,강화,2025-08-10,24.6,19.2,30.2,,1.2,80.5,11.4,
201,강화,2025-08-11,24.6,20.8,29.5,,1.1,86.1,3.2,
201,강화,2025-08-12,25.8,20.1,31.8,,1.1,78.1,10.9,
201,강화,2025-08-13,24.3,22.8,26.6,183,2.2,96.4,0,
201,강화,2025-08-14,24.4,22.8,25.8,59.9,2.1,95.9,0,
201,강화,2025-08-15,25.1,21.7,29.1,2.8,1.2,93.5,3.3,
201,강화,2025-08-16,26.6,24.1,30,,1.7,87.6,7.8,
201,강화,2025-08-17,26.8,25,29.8,,1.9,88.1,1,
201,강화,2025-08-18,27.3,25.1,30.5,3.5,2.5,88.1,4.6,
201,강화,2025-08-19,27.5,25.6,30.4,0,3.2,88,6.5,
201,강화,2025-08-20,27.3,25.2,30.2,0,2.3,87.4,5.9,
201,강화,2025-08-21,27.2,24.5,30.6,0,1.6,88.5,8.6,
201,강화,2025-08-22,26.9,23.8,30.3,,1.7,87.5,9,
201,강화,2025-08-23,27.3,24.7,30.7,,1.6,87.3,7.5,
201,강화,2025-08-24,26.8,23.6,31.5,,1.3,86.4,6.9,
201,강화,2025-08-25,27.6,24.2,31.4,19.3,2.7,88.4,3.3,
201,강화,2025-08-26,26.1,22.3,29.4,8.3,2.2,86.9,5.2,
201,강화,2025-08-27,24.6,19.9,29.8,,1.3,81.3,9.5,
201,강화,2025-08-28,26.5,22.7,29.8,,2.3,84.4,3.4,
201,강화,2025-08-29,27.8,26.6,30.6,0,4,88.5,4.2,
201,강화,2025-08-30,26.8,23.9,30.3,0,1.7,90,6.4,
201,강화,2025-08-31,26.4,23.6,30.1,7.8,2,87.6,5.1,
201,강화,2025-09-01,25.1,20.7,28.7,2.5,2.2,88.9,2.3,
201,강화,2025-09-02,23.2,17.9,28.9,,1.1,85.9,9.3,
201,강화,2025-09-03,25.2,20.5,30.9,0,1,80.4,8.3,
201,강화,2025-09-04,24.8,22.1,28.8,9.2,1.9,85.8,3.9,
201,강화,2025-09-05,25.8,21.4,31,,1.5,80.8,8.3,
201,강화,2025-09-06,26.1,23.6,29.4,12.7,2.7,91.1,2.7,
201,강화,2025-09-07,23.5,19.5,27.6,,1.2,84.5,4.4,
201,강화,2025-09-08,22.5,18,27.6,,.9,80.5,2,
201,강화,2025-09-09,21.4,18.3,25.5,,.9,86.5,1.4,
201,강화,2025-09-10,22.4,16.2,29.7,,1.3,74.4,11.6,
201,강화,2025-09-11,23.3,16.9,29.9,,1.5,69.6,11.6,
201,강화,2025-09-12,22.3,19.6,26.8,12.5,1.7,78.6,2.5,
201,강화,2025-09-13,22.3,19.4,26,26.1,2.7,80.4,2,
201,강화,2025-09-14,22.3,18.5,28.3,,1.1,82.4,7.5,
201,강화,2025-09-15,23.2,18.7,28.5,,1,85.1,8.5,
201,강화,2025-09-16,22.7,19.7,25.7,15.1,.9,95.4,.7,
201,강화,2025-09-17,21.3,18.4,23.3,30.6,1.6,93.5,1.9,
201,강화,2025-09-18,21,17.4,26.3,,1.4,79.5,7.2,
201,강화,2025-09-19,18.7,17.3,21.6,16.5,1.8,86.3,0,
201,강화,2025-09-20,19.1,17.2,22.8,21,1.8,88,1.3,
201,강화,2025-09-21,20.1,15.6,25.4,,1.8,71,10.6,
201,강화,2025-09-22,19.1,15.2,23.2,,1.1,74.8,2.1,
201,강화,2025-09-23,20.8,17.6,25.4,0,1.3,68.5,3.9,
201,강화,2025-09-24,20.8,18.8,22.7,22.5,1.7,87.5,.3,
201,강화,2025-09-25,21.1,18.2,25.6,0,1.2,85.8,9,
201,강화,2025-09-26,19.6,14.9,25.8,,1.1,85.1,10.2,
201,강화,2025-09-27,20.6,15.2,26.7,,.9,84.3,8.1,
201,강화,2025-09-28,19.2,17.5,22,23.3,.9,89.5,.7,
201,강화,2025-09-29,18.3,15,23,,1.1,84.4,6.8,
201,강화,2025-09-30,18,14.2,22.9,,1,90.6,3,
202,양평,2025-05-15,18.9,15.8,21.8,.6,.9,80.9,0,
202,양평,2025-05-16,19.2,17.4,22.4,26,.7,92.9,0,
202,양평,2025-05-17,19.1,15.4,24.8,.4,1.7,79.8,4.4,
202,양평,2025-05-18,16.3,11.9,21.8,,1.7,56.3,11.5,
202,양평,2025-05-19,15.4,8.5,21.8,1.2,1.2,75.4,1,
202,양평,2025-05-20,22,17.4,28.6,.5,.6,85,1.7,
202,양평,2025-05-21,25.6,20,31.2,,1.1,73.1,9,
202,양평,2025-05-22,22.1,17.7,27.4,.6,1.5,72.4,4.9,
202,양평,2025-05-23,18,13.9,21.4,1.6,1.2,56.5,0,
202,양평,2025-05-24,14.4,12.5,16.8,4.3,1.2,75.9,.1,
202,양평,2025-05-25,16.5,9.4,23.7,,1.2,67.5,11.6,
202,양평,2025-05-26,18,10.9,25.4,,1.1,65,11.6,
202,양평,2025-05-27,19.5,12.2,26.3,0,1.2,62.8,11.8,
202,양평,2025-05-28,18.6,14.4,24.3,.3,1,75.4,4.4,
202,양평,2025-05-29,19.7,12.8,26.7,0,1.3,69.5,12.3,
202,양평,2025-05-30,19.4,14,26.5,,1.2,61,12.3,
202,양평,2025-05-31,19.6,12.5,26.3,,1,61.9,10.4,
202,양평,2025-06-01,21.7,13.9,29.7,,1.2,59.8,11,
202,양평,2025-06-02,19.3,17.1,22.4,0,.8,75.6,0,
202,양평,2025-06-03,21.1,16.3,26.5,,2,55.8,11.2,
202,양평,2025-06-04,19.4,11.4,26.3,,2,52.4,11.9,
202,양평,2025-06-05,19.9,12.1,28.1,,1.2,61.1,11.7,
202,양평,2025-06-06,22.2,14.8,30.8,,1.5,53.3,11.3,
202,양평,2025-06-07,22.6,15.2,28.7,,1.2,63,7.7,
202,양평,2025-06-08,24.5,20.5,29.8,0,1.1,67.5,7.5,
202,양평,2025-06-09,24.5,20.3,30.4,,1.3,64.3,10.7,
202,양평,2025-06-10,22.4,18.9,27.2,,1.8,69.5,7.7,
202,양평,2025-06-11,22,14.5,29.2,,1.6,58.6,12.6,
202,양평,2025-06-12,23.5,15.5,30.4,,1.2,55.8,11.8,
202,양평,2025-06-13,22.1,17.8,28.2,1.2,1.3,69.6,4.7,
202,양평,2025-06-14,24.4,18.6,30.8,0,1.3,72.4,8.7,
202,양평,2025-06-15,26.1,21,32,.8,1.7,69.4,7.5,
202,양평,2025-06-16,23.7,21.8,27.1,10.7,1.7,82.1,2,
202,양평,2025-06-17,23.9,19.1,29.8,.1,1.2,72.5,7.4,
202,양평,2025-06-18,25,19.6,30.9,,1.1,67.9,9.2,
202,양평,2025-06-19,25.9,19.1,33,,1.3,65.8,9.6,
202,양평,2025-06-20,23.5,22.6,26.3,73,1.9,93.6,0,
202,양평,2025-06-21,22.6,20.3,24.4,.8,1,86.3,0,
202,양평,2025-06-22,23.1,17.8,29.9,,1.2,69.8,10.9,
202,양평,2025-06-23,24.5,17.5,31.5,,1,67,12.5,
202,양평,2025-06-24,23,19.6,28.1,4.1,1.2,73,.6,
202,양평,2025-06-25,19.9,18.5,21.7,7.5,1.1,92.9,0,
202,양평,2025-06-26,21.7,19.5,24.1,.2,.9,87.4,.1,
202,양평,2025-06-27,23.2,19.9,27.2,0,.8,84.6,2.1,
202,양평,2025-06-28,25.3,22.1,29.2,.3,.7,85.5,.5,
202,양평,2025-06-29,27,23.8,31.3,,.9,75,4.5,
202,양평,2025-06-30,26.8,22.8,31.9,,1,77.8,3.6,
202,양평,2025-07-01,26.7,23.8,31.4,10.7,1.2,85.1,1.9,
202,양평,2025-07-02,27.7,24.6,31.9,,1.2,79.9,4.4,
202,양평,2025-07-03,27.4,24.7,31.3,,1,77.6,3.8,
202,양평,2025-07-04,26.4,23,28.7,0,1,77.3,.6,
202,양평,2025-07-05,27.2,24.8,31.5,,1,75.5,3.3,
202,양평,2025-07-06,27.2,24.7,30.5,,.7,81.3,.2,
202,양평,2025-07-07,29,26.3,33.3,,1.2,78,6.5,
202,양평,2025-07-08,28.9,25.6,36.4,10.1,1.3,80.1,9.6,
202,양평,2025-07-09,29.5,24.8,34.1,,1.3,68.3,10.8,
202,양평,2025-07-10,29.1,24,35.1,,1.6,51,12.7,
202,양평,2025-07-11,28.3,21.5,34.7,,1.6,49.8,12.7,
202,양평,2025-07-12,27,21.1,33.1,,1.3,56.8,12.7,
202,양평,2025-07-13,24.8,21.5,29.1,.8,.9,79.5,2.2,
202,양평,2025-07-14,22.5,21,25.8,19.1,1.2,87.3,.2,
202,양평,2025-07-15,22.3,21.1,24.6,9.5,1.4,87.1,.1,
202,양평,2025-07-16,22.3,21.3,24.1,47.2,1.1,90.5,0,
202,양평,2025-07-17,22.3,21.5,23,67.1,1.5,93.9,0,
202,양평,2025-07-18,24.1,21.7,27.3,5.8,.8,89.8,0,
202,양평,2025-07-19,23.4,21,25.6,94.9,1,95,0,
202,양평,2025-07-20,26.8,23.5,32.1,3.2,1.5,80.9,4.3,
202,양평,2025-07-21,27.3,23.7,32.4,.2,1,81.1,4.8,
202,양평,2025-07-22,26.4,24,30.1,13.9,1,86.6,5.6,
202,양평,2025-07-23,27.1,23.3,32.8,,1,79.3,8.8,
202,양평,2025-07-24,28.2,23.7,33.9,,1,74,9.7,
202,양평,2025-07-25,28.6,23.4,34.3,,1.1,71.9,12.4,
202,양평,2025-07-26,29,24.1,34.3,,1.3,71.9,12.4,
202,양평,2025-07-27,29.5,24.5,35.1,,1.1,69.9,12.4,
202,양평,2025-07-28,29.8,24.7,35.5,,.8,72.5,11.8,
202,양평,2025-07-29,30,25.3,35.1,,1.2,71.5,12.3,
202,양평,2025-07-30,29.3,25,34.5,,1.4,68.8,9.4,
202,양평,2025-07-31,28.5,25.7,32.7,,1.1,67.3,4.3,
202,양평,2025-08-01,29.1,24.7,34.2,,1.2,72.1,8.7,
202,양평,2025-08-02,29.1,25.3,34.2,0,1,74.3,8.1,
202,양평,2025-08-03,26.7,23.6,30.4,3.4,1.2,82.4,.4,
202,양평,2025-08-04,26.3,22.8,31.3,4.7,1.1,84.5,3.5,
202,양평,2025-08-05,28,24.9,32.9,,1.2,74.8,6.6,
202,양평,2025-08-06,26,24.3,28.8,33.6,1,90.9,.1,
202,양평,2025-08-07,27.5,23.9,32.1,,1.4,72.4,9.6,
202,양평,2025-08-08,26.2,21.9,31.4,,1.2,74.1,8.5,
202,양평,2025-08-09,23.8,21.4,26.1,.7,.8,85.1,0,
202,양평,2025-08-10,25.7,20.5,31.9,,1,73,10,
202,양평,2025-08-11,24.6,22.3,27.5,,1,81.5,.4,
202,양평,2025-08-12,25.6,21.2,31.3,,1.4,76.3,8.8,
202,양평,2025-08-13,23.9,21.5,28.1,49.2,1.1,92.1,0,
202,양평,2025-08-14,25.1,23.3,28.5,108.6,.9,90.9,.1,
202,양평,2025-08-15,26.3,22.9,31.2,,1.1,83.9,6.7,
202,양평,2025-08-16,27.2,23.4,32.6,,1.2,78.9,6.5,
202,양평,2025-08-17,26.5,22.8,31.6,,.9,81.4,2.6,
202,양평,2025-08-18,27.7,23.9,33.3,.3,1.2,78.4,5.6,
202,양평,2025-08-19,27.8,24.7,33,,1.3,77,7,
202,양평,2025-08-20,27.8,24.4,32.4,,1.3,78.4,4.8,
202,양평,2025-08-21,28.1,24.2,33,,1.1,77,9.2,
202,양평,2025-08-22,28.2,24,34,,1.2,72.8,10.9,
202,양평,2025-08-23,27.4,24,31.3,,.9,81.3,4.5,
202,양평,2025-08-24,28.3,24.9,33.6,,.9,79,6.3,
202,양평,2025-08-25,28.3,24.4,32.8,1.3,1.4,76.9,6.4,
202,양평,2025-08-26,26.2,23.8,31.6,54.8,1.4,84.4,3.7,
202,양평,2025-08-27,26,22.8,30.7,,1.1,74.6,8,
202,양평,2025-08-28,26.5,22.7,30.8,.3,1,78.3,2.9,
202,양평,2025-08-29,28.4,24.8,33.7,0,1.3,77.8,6,
202,양평,2025-08-30,27.1,24,31.7,47.4,1.1,83.3,6,
202,양평,2025-08-31,26.4,23.3,31.7,1.8,1.2,83.9,5.7,
202,양평,2025-09-01,25.9,24.3,29.6,3.5,1.3,85.5,.3,
202,양평,2025-09-02,25,22,29.4,0,1.2,79.1,8.2,
202,양평,2025-09-03,25.4,20.6,31.2,,1,78.3,8,
202,양평,2025-09-04,24.5,21.9,29.1,74.7,1,87.8,2.2,
202,양평,2025-09-05,25.7,20.8,31.6,.3,1.1,77.3,10.9,
202,양평,2025-09-06,24.9,23.1,28.7,26.7,1,92.8,1.3,
202,양평,2025-09-07,24.9,20.5,29.5,.7,1,81.6,1.4,
202,양평,2025-09-08,22.9,19.6,27.7,0,.8,81.3,2,
202,양평,2025-09-09,22.4,19.7,26.4,.1,.7,82.4,1.2,
202,양평,2025-09-10,22.8,18.2,30.5,,1,70.8,10.3,
202,양평,2025-09-11,23.1,15.1,31.1,,1.2,66.1,11.5,
202,양평,2025-09-12,21.9,19.6,25.8,13.5,1.3,80.4,0,
202,양평,2025-09-13,22.5,19.9,26.5,63.6,1.2,84.1,.7,
202,양평,2025-09-14,22.9,20.3,28,,.8,84,4.1,
202,양평,2025-09-15,22.6,19.7,28,,.9,85,4.6,
202,양평,2025-09-16,22,19.2,27.6,20.1,.8,91.1,.9,
202,양평,2025-09-17,22,19.9,24.1,60.4,.8,94.3,0,
202,양평,2025-09-18,20.9,17.9,24.7,,1.3,76.5,1.5,
202,양평,2025-09-19,18.6,16.8,21.1,5.6,.8,85.6,0,
202,양평,2025-09-20,19.6,17.2,22.6,71.4,1.1,86.6,1,
202,양평,2025-09-21,20.5,16.4,26.2,,1.1,70,9.9,
202,양평,2025-09-22,19.5,14.6,25.2,,1,72.9,4.9,
202,양평,2025-09-23,21.1,16.4,26.3,,1.1,65,6.8,
202,양평,2025-09-24,21,17.4,24.1,11,1.2,85.1,.7,
202,양평,2025-09-25,21.4,17.8,26.4,.1,.7,87.6,3.4,
202,양평,2025-09-26,20,16.4,25.8,,.9,81.6,6.4,
202,양평,2025-09-27,20.4,16.4,26.1,,.8,80.3,6,
202,양평,2025-09-28,19.3,17.9,22.2,33.1,1,90,.7,
202,양평,2025-09-29,19.3,16,24,,.9,80,8.6,
202,양평,2025-09-30,18.3,15.7,23.3,,.7,88.5,1.3,
203,이천,2025-05-15,19.5,16.8,23,.7,1,86.5,.6,
203,이천,2025-05-16,20,17.4,22.7,17.8,.7,94.9,0,
203,이천,2025-05-17,19.5,14.9,25.8,1.4,1.6,84,4.8,
203,이천,2025-05-18,16.2,11.4,22.5,,1.5,58.8,9.9,
203,이천,2025-05-19,16.2,7.8,21.9,0,1.2,77.9,1.2,
203,이천,2025-05-20,24.1,19.7,29.8,,1.5,80.4,4,
203,이천,2025-05-21,25.9,20.8,31.4,,.8,78.4,5.2,
203,이천,2025-05-22,21.1,18.1,26.2,.1,1.6,80.8,4.5,
203,이천,2025-05-23,17.9,13.6,22,1.4,1.1,66.3,0,
203,이천,2025-05-24,13.9,12.1,16.5,5.9,1.1,88,0,
203,이천,2025-05-25,16.7,9,23.4,,1.2,71.4,9.6,
203,이천,2025-05-26,18.2,10.1,25.9,,.8,65.9,9.3,
203,이천,2025-05-27,20,12.2,26.4,,.9,67.4,10.4,
203,이천,2025-05-28,19.9,14.6,26.7,.3,.8,73.3,7.6,
203,이천,2025-05-29,20,12.5,27.7,0,.9,72.4,9,
203,이천,2025-05-30,19.5,13.5,26.9,,.8,65.4,9.2,
203,이천,2025-05-31,20,12.1,27.2,,.8,64.3,9.6,
203,이천,2025-06-01,21.8,13,30.1,,1,61.6,9.9,
203,이천,2025-06-02,19.6,16.8,22.5,.3,.5,79.6,0,
203,이천,2025-06-03,21.1,14.8,27.4,,1.8,61.3,9.9,
203,이천,2025-06-04,20.2,12.3,27.2,,2.2,55.5,10.7,
203,이천,2025-06-05,20.8,13.1,28.9,,1.2,58.9,9.3,
203,이천,2025-06-06,22.3,14.2,30.4,,1.3,58,10.4,
203,이천,2025-06-07,23,14.4,30.1,,1.1,68.3,8.9,
203,이천,2025-06-08,25,21.2,31.1,.1,.9,71.9,6,
203,이천,2025-06-09,24.9,20.5,30.5,,1.2,69.8,7.4,
203,이천,2025-06-10,22.5,17.9,28,,1.7,74.1,6.2,
203,이천,2025-06-11,22.5,14.1,30.6,,1.5,58.1,10.8,
203,이천,2025-06-12,23.7,14.4,31.7,,.9,55.5,9.2,
203,이천,2025-06-13,22.1,17.5,30.1,2.8,1.2,77,2.2,
203,이천,2025-06-14,24.4,18.3,31,.4,1,78.6,6.8,
203,이천,2025-06-15,26.5,21.3,33.2,15.1,1.6,74.8,6.2,
203,이천,2025-06-16,23.8,21.6,27.4,9.9,1.7,87.8,2.4,
203,이천,2025-06-17,23.7,19.3,29.5,1.2,1.1,81,5.3,
203,이천,2025-06-18,25.3,21,31.2,,1.1,72.4,8.4,
203,이천,2025-06-19,26.6,18.8,34.2,,.9,69.9,7.4,
203,이천,2025-06-20,24.1,23,27.5,52.4,2.3,96.4,0,
203,이천,2025-06-21,22.2,20.7,23.9,10.4,1.2,93.8,0,
203,이천,2025-06-22,23.8,18.2,29.9,,1.3,70.1,10.9,
203,이천,2025-06-23,25,17,32.1,,.6,71.1,11.1,
203,이천,2025-06-24,23.1,19.1,27.1,7.1,.7,83.8,.7,
203,이천,2025-06-25,20.1,18.2,21.8,9.2,1,98.1,0,
203,이천,2025-06-26,21.8,19.5,25,.5,.8,91.8,.6,
203,이천,2025-06-27,23.8,19.6,28.8,0,.4,88.5,3.3,
203,이천,2025-06-28,26.2,22.4,30.4,.1,.6,88.3,1.3,
203,이천,2025-06-29,27.9,24.7,32.8,,1,78.4,5.3,
203,이천,2025-06-30,27.7,22.4,33.1,,.9,78.3,5.6,
203,이천,2025-07-01,26.9,23.6,31.3,19.7,.9,89.6,2.5,
203,이천,2025-07-02,28.2,24.3,33,,1,82.9,4.6,
203,이천,2025-07-03,28.2,25,32.2,,1.2,75.9,7,
203,이천,2025-07-04,26.8,23.1,30.3,,1.3,80,1.2,
203,이천,2025-07-05,28.1,24.9,32.3,,1.3,74.9,5,
203,이천,2025-07-06,28.3,25.2,31.8,,1,79.3,1.2,
203,이천,2025-07-07,29.5,26.2,34.1,,.7,79.8,4.7,
203,이천,2025-07-08,28.7,25,36.8,3.8,.7,84.5,7.2,
203,이천,2025-07-09,29.6,24.1,35.7,,.7,74.5,9.7,
203,이천,2025-07-10,28.6,22.5,35.7,,1,59.6,10.7,
203,이천,2025-07-11,27.4,19.6,35.3,,1.1,58.5,10.7,
203,이천,2025-07-12,26.9,19.1,34.6,,.8,61.9,10.7,
203,이천,2025-07-13,24.6,20.6,29.6,.5,.5,87.5,1.6,
203,이천,2025-07-14,23.3,21,28.6,10.5,.8,90.8,1.6,
203,이천,2025-07-15,22.6,20.5,25.3,1.1,1.1,90.3,.5,
203,이천,2025-07-16,22.4,21.4,25,75.2,1.2,96.8,0,
203,이천,2025-07-17,,21.3,22.7,73.7,1.2,,0,
203,이천,2025-07-18,24.7,21.8,28.5,2.3,.6,93.8,0,
203,이천,2025-07-19,24.1,21.9,26.9,97.6,1.1,98.6,0,
203,이천,2025-07-20,27.3,23.8,32.1,11,1.5,85,5.2,
203,이천,2025-07-21,27.4,23.5,32,.1,.8,86.9,4,
203,이천,2025-07-22,27.6,24.1,32.8,1.7,.8,87.5,5.9,
203,이천,2025-07-23,27.6,23.7,32.9,,.5,86.1,6.8,
203,이천,2025-07-24,28.5,23.9,34.1,,.5,79.8,8.1,
203,이천,2025-07-25,29.1,23.4,35.6,,.5,78.5,10.5,
203,이천,2025-07-26,29.8,23.7,35.6,,.7,75.3,10.4,
203,이천,2025-07-27,30,24.2,36.2,,.6,76,10.5,
203,이천,2025-07-28,29.9,24.8,36.1,,.7,77.4,7.4,
203,이천,2025-07-29,30.5,24.9,36.3,,.5,75.8,8.2,
203,이천,2025-07-30,29.7,24.2,35.7,,.8,72.4,9.5,
203,이천,2025-07-31,28.7,25.4,33.4,0,.5,74,6.3,
203,이천,2025-08-01,29.6,23.9,35.6,,.6,74,9.4,
203,이천,2025-08-02,29.8,25.5,35.5,0,.6,72.6,6.9,
203,이천,2025-08-03,26.7,23.5,31.1,10,.5,88.8,.7,
203,이천,2025-08-04,26.3,23,30.9,4.8,.6,90.1,1.5,
203,이천,2025-08-05,28.4,24.7,32.8,,1.2,76.8,6.3,
203,이천,2025-08-06,27,24.8,30.3,5.1,1.5,91.5,.1,
203,이천,2025-08-07,27.5,24.2,32.9,,1.7,78.8,8,
203,이천,2025-08-08,26,21.1,31.2,,.9,77.4,5.7,
203,이천,2025-08-09,23.5,20,26.5,.1,.4,88,0,
203,이천,2025-08-10,25.5,19.3,32.5,,.7,79.5,9,
203,이천,2025-08-11,24.2,21.9,27.5,0,.6,91,.3,
203,이천,2025-08-12,25.9,21.3,32.9,,1.2,81.8,7.9,
203,이천,2025-08-13,24.9,22.9,29.4,72.8,1,95.9,.1,
203,이천,2025-08-14,25.5,23.3,28.6,7.1,.9,94.9,.2,
203,이천,2025-08-15,25.8,22.4,31.3,6.1,.5,94.4,3.6,
203,이천,2025-08-16,27.1,23,32.8,,.8,86,5.4,
203,이천,2025-08-17,27.5,23.3,32.3,,.6,84.9,2.8,
203,이천,2025-08-18,28.4,24.5,33.5,0,1.2,81.5,6.2,
203,이천,2025-08-19,28.3,24.5,33.5,2.2,1.2,82.5,5.4,
203,이천,2025-08-20,28.2,23.7,33.6,,1,80.6,6,
203,이천,2025-08-21,28.9,23.9,34.8,,.6,77.8,7.6,
203,이천,2025-08-22,28.5,23.5,34.5,,.9,78.3,8.1,
203,이천,2025-08-23,27.9,23.6,32.8,0,.5,86.3,5.6,
203,이천,2025-08-24,28.6,24.9,34.8,,.5,83.3,4.3,
203,이천,2025-08-25,29.1,24,34.4,,1.3,78.1,6.2,
203,이천,2025-08-26,26.3,24,31.2,35.3,1.5,88.6,4.4,
203,이천,2025-08-27,25.6,21.4,32,,.5,82.1,6.4,
203,이천,2025-08-28,26.9,22.4,31.9,0,.9,82.4,2.3,
203,이천,2025-08-29,28.6,24.6,33,.4,1.5,82.6,5.7,
203,이천,2025-08-30,28.3,24.4,33.7,.3,1,82.5,6.5,
203,이천,2025-08-31,26.6,23.1,32.7,4.3,.9,87.8,4.9,
203,이천,2025-09-01,26.3,24.8,31.2,5.8,1.8,89,1.6,
203,이천,2025-09-02,24.9,21.3,30.5,,.7,86,5.6,
203,이천,2025-09-03,25.1,18.9,32.6,,.6,85.5,7.1,
203,이천,2025-09-04,24.3,21.5,29.8,39.4,.7,93.3,2.4,
203,이천,2025-09-05,26.1,20.3,33,0,.7,80.8,8.6,
203,이천,2025-09-06,26.2,23.3,30.6,17.3,1,90.9,1.8,
203,이천,2025-09-07,25,20.5,29.9,1.3,1.1,87.4,1.9,
203,이천,2025-09-08,23.2,19.1,27.3,,.5,86.9,1.4,
203,이천,2025-09-09,22.6,19.3,26.6,.3,.4,88.5,.2,
203,이천,2025-09-10,22.5,17.1,30.4,,.5,76.3,9.7,
203,이천,2025-09-11,22.1,14.5,31.4,,.6,75,9.6,
203,이천,2025-09-12,21.3,18.6,24.6,23.4,.5,88.4,0,
203,이천,2025-09-13,22.2,19.8,26.1,81.8,.8,91,.1,
203,이천,2025-09-14,23,20.3,28.1,.1,.5,90.1,1.6,
203,이천,2025-09-15,22.9,20.1,28,,.3,91.6,2,
203,이천,2025-09-16,22.4,19.2,28.7,42.9,.4,97.3,.6,
203,이천,2025-09-17,22.4,20.3,24.8,21.1,.8,98.9,0,
203,이천,2025-09-18,20.4,17.1,25.6,.1,.7,88,1.6,
203,이천,2025-09-19,18.2,16.1,21.9,11.3,.8,91.8,0,
203,이천,2025-09-20,19.6,17,23.6,80.9,.8,91.8,.7,
203,이천,2025-09-21,20.5,15.7,26.9,,.8,77.4,9.3,
203,이천,2025-09-22,19.8,14.8,25.7,,.9,73.3,4.7,
203,이천,2025-09-23,21.1,16.7,26.6,,.9,73.1,5.1,
203,이천,2025-09-24,21.6,16.1,25.8,5.8,.8,89.1,1.1,
203,이천,2025-09-25,21.5,17.9,26.1,1.5,.5,92.8,1.3,
203,이천,2025-09-26,20.8,17.5,26.8,,.5,87.1,7.8,
203,이천,2025-09-27,20.1,15.3,26.9,,.4,87.1,3.6,
203,이천,2025-09-28,19.2,18.2,22,33.6,.6,96.1,.3,
203,이천,2025-09-29,19.5,15.7,24.8,,.5,82.8,6.9,
203,이천,2025-09-30,17.9,15.3,22.9,,.3,94.5,1,
211,인제,2025-05-15,18.2,15.2,23.1,2.2,1.6,80.6,,
211,인제,2025-05-16,18.6,15.6,23.9,10.3,.9,88.5,,
211,인제,2025-05-17,18.9,14.8,23.9,1.6,2.2,75.8,,
211,인제,2025-05-18,14.8,9.3,20.7,,1.6,61.1,,
211,인제,2025-05-19,14.6,6.6,19.7,.3,2.2,68.9,,
211,인제,2025-05-20,19.2,16.4,21.8,1.2,1.5,93.8,,
211,인제,2025-05-21,21.4,14.9,30.2,,1.8,75.9,,
211,인제,2025-05-22,17.5,12,24.5,.4,2.3,60.6,9.1,
211,인제,2025-05-23,14.3,9.9,19,2.1,1.6,67.5,0,
211,인제,2025-05-24,12.7,10.8,15.7,2.7,1.3,75.9,.1,
211,인제,2025-05-25,14.6,7.4,22.4,,1.3,70.8,7.4,
211,인제,2025-05-26,16.7,9.3,25.4,,.9,68.3,9.1,
211,인제,2025-05-27,17.4,9,26.4,,1.1,63.3,11.1,
211,인제,2025-05-28,16.4,10.9,25.4,.5,.8,78.5,3.2,
211,인제,2025-05-29,18.1,12.3,27.2,,1.4,66.9,7.2,
211,인제,2025-05-30,15.9,7.9,26.5,,1.6,60.4,11.4,
211,인제,2025-05-31,16.6,7.1,27,,1.2,57.9,7.7,
211,인제,2025-06-01,20.1,10.1,29.3,,1.1,59.4,10.3,
211,인제,2025-06-02,18.2,15.3,22.3,0,.6,79.6,0,
211,인제,2025-06-03,17.9,11.4,25.4,1.9,1.4,75.5,6.6,
211,인제,2025-06-04,16.2,8.9,23.8,.7,1.4,66.8,7.2,
211,인제,2025-06-05,18.2,9,26.5,,1.7,63.1,11.1,
211,인제,2025-06-06,22,13.3,29.5,,2,49,11.3,
211,인제,2025-06-07,21.9,14.6,26.5,0,1.5,59.6,4.2,
211,인제,2025-06-08,23.1,17.5,29.5,,1,62.4,10.1,
211,인제,2025-06-09,22.7,15.8,29.9,,1.1,63.8,10.9,
211,인제,2025-06-10,21.9,16.9,26.3,,2.1,64.5,5.7,
211,인제,2025-06-11,20.7,12.7,28.5,,1.3,58.8,11.6,
211,인제,2025-06-12,22.5,14,31.2,,1.1,57.5,11.6,
211,인제,2025-06-13,22.4,14.7,29.8,,1.3,60.1,6.4,
211,인제,2025-06-14,23.8,18.8,32.8,,1,63.5,6.6,
211,인제,2025-06-15,24.9,17.6,31.2,0,1.2,69,5.1,
211,인제,2025-06-16,22.6,20.7,26.7,26.7,1.6,84.4,.4,
211,인제,2025-06-17,23.1,18.9,28.3,0,2.2,68.3,4.8,
211,인제,2025-06-18,23.1,17.3,29.3,,1.4,70.8,6.4,
211,인제,2025-06-19,24.8,16.7,33.2,,.9,64.1,9.1,
211,인제,2025-06-20,23,20.5,25.2,28.6,2.7,87,0,
211,인제,2025-06-21,22,18.3,25.3,2.2,1.7,83.1,0,
211,인제,2025-06-22,21.8,17,28.2,,1.4,71.6,6.6,
211,인제,2025-06-23,22.9,15.8,32.4,,1,65.9,9.4,
211,인제,2025-06-24,20.1,14.2,26.3,.1,1.3,71.6,1.1,
211,인제,2025-06-25,19.7,17.3,23.2,5.4,1.4,85.8,0,
211,인제,2025-06-26,21.1,18.2,25.3,2.2,1.2,88.5,.3,
211,인제,2025-06-27,22.4,20.1,25.7,0,1,86.4,0,
211,인제,2025-06-28,23.2,20,27.6,1.2,.6,90.3,0,
211,인제,2025-06-29,25.7,22.2,30.8,,1.1,81.9,1.7,
211,인제,2025-06-30,26.2,21.7,30.9,,1.7,77.6,3.3,
211,인제,2025-07-01,27,23.3,31.8,.6,2.4,78.9,2.3,
211,인제,2025-07-02,27.1,24.7,30.7,0,2.1,72.9,2,
211,인제,2025-07-03,27.2,25,30.2,,2.4,,.2,
211,인제,2025-07-04,24.4,22.9,26.2,2.7,1.9,82.3,0,
211,인제,2025-07-05,25.6,23.3,28.5,,1.6,81.4,0,
211,인제,2025-07-06,26.1,24.1,29.4,,1.9,80.9,.1,
211,인제,2025-07-07,28.3,24.5,34.8,0,1.2,75.5,4.7,
211,인제,2025-07-08,28,23.1,34.8,,1.8,68.1,8.3,
211,인제,2025-07-09,26.8,21.5,33.8,,1.5,69.4,7.5,
211,인제,2025-07-10,25.7,20.9,32.6,,2.1,60.5,10.9,
211,인제,2025-07-11,24.7,18.5,31.7,,1.7,63.5,11,
211,인제,2025-07-12,25.7,17.4,34.7,,1.2,60.3,11.2,
211,인제,2025-07-13,23.7,18.8,30.4,.3,1,78,4,
211,인제,2025-07-14,20.6,18.9,23.2,7.4,.9,89,0,
211,인제,2025-07-15,21.4,18.8,26.3,10,1.1,88.6,1,
211,인제,2025-07-16,21.6,20.1,25.4,30.9,1,91,1,
211,인제,2025-07-17,20.9,20,21.9,51.9,.7,96.4,0,
211,인제,2025-07-18,22.9,20.2,26,8.1,.5,91.9,.1,
211,인제,2025-07-19,23.3,20.5,26.3,17.1,1.1,90.8,.1,
211,인제,2025-07-20,25.1,22.6,30.1,53.1,1.6,85.3,2.4,
211,인제,2025-07-21,26.4,22.6,30.9,0,1.6,79.8,2.8,
211,인제,2025-07-22,25.9,22.1,31.5,1.5,1.5,83.8,2.6,
211,인제,2025-07-23,25.5,22.1,31.1,,.6,83.1,3.4,
211,인제,2025-07-24,25.8,21.8,32.6,,.7,78.4,6,
211,인제,2025-07-25,26.9,21.1,35,,.8,74,9.1,
211,인제,2025-07-26,27.5,21.4,34.8,,.8,73.6,9.8,
211,인제,2025-07-27,27.6,22.2,34.8,,.8,73.5,9.6,
211,인제,2025-07-28,,21.9,29,,.3,,2.1,
211,인제,2025-07-30,28.2,23.4,34.5,,1,75.1,3.3,
211,인제,2025-07-31,27.1,23.9,32.4,0,.8,74.9,1,
211,인제,2025-08-01,27.5,22.5,34.4,,1.1,75.8,7,
211,인제,2025-08-02,27.8,23.9,33.4,,.9,75.4,5.2,
211,인제,2025-08-03,25.8,21.6,31,2.8,.7,84.1,.1,
211,인제,2025-08-04,25.1,20.5,31.6,13.7,1.5,84.9,3.9,
211,인제,2025-08-05,27.2,24,32,,1.1,79,6.7,
211,인제,2025-08-06,24.4,23.3,25.9,47.9,1.8,88.9,0,
211,인제,2025-08-07,25.1,21.1,31,2.6,1.5,77.3,6.6,
211,인제,2025-08-08,24.9,21.1,31.3,.2,1.1,77,5.1,
211,인제,2025-08-09,23.1,20,26,0,.8,83.3,0,
211,인제,2025-08-10,24.3,19.6,31.3,,1.4,74.9,7.8,
211,인제,2025-08-11,22.5,18.6,27.3,,1.2,83,0,
211,인제,2025-08-12,25.7,21,33,,.8,75.6,6.1,
211,인제,2025-08-13,22.7,21,24.8,40.6,.9,93.6,0,
211,인제,2025-08-14,24.5,22.4,27.6,50.8,1.3,89.1,.4,
211,인제,2025-08-15,25.8,22,31.2,,1,80.8,8.8,
211,인제,2025-08-16,26.7,22.7,31.5,,1.4,76.1,7,
211,인제,2025-08-17,25.3,22.8,29,,1.2,83.5,0,
211,인제,2025-08-18,25.9,22.5,31.4,.9,1.5,81.9,4.3,
211,인제,2025-08-19,27.5,23.2,31.6,0,2.1,72.5,3.5,
211,인제,2025-08-20,26.8,23.2,31.4,.1,1.5,78.8,4.2,
211,인제,2025-08-21,26.3,22.9,32.1,19.9,.8,84.4,2.9,
211,인제,2025-08-22,26.9,23.5,31.9,,1.1,78.9,8.4,
211,인제,2025-08-23,26,22.7,29.6,,.8,84.5,1.3,
211,인제,2025-08-24,27,23.6,32.7,,.8,82.1,4.6,
211,인제,2025-08-25,27.4,23.3,32.5,4,1.5,76.1,4.1,
211,인제,2025-08-26,24.6,22.5,29.5,21.3,1.3,88.9,2.6,
211,인제,2025-08-27,25,21.9,31.1,,1.2,76.5,4.9,
211,인제,2025-08-28,24.9,21.2,29.5,,1.4,80.4,.2,
211,인제,2025-08-29,27.9,25.6,31.4,0,2.5,73.8,1.2,
211,인제,2025-08-30,25.4,22.7,30.7,5.7,1.2,88.1,2,
211,인제,2025-08-31,25.2,22.6,31.4,3.9,.9,86.6,3,
211,인제,2025-09-01,25,22.3,27.8,36.2,1.9,85.1,.3,
211,인제,2025-09-02,23.9,19.9,29.6,,.9,80.4,7.6,
211,인제,2025-09-03,24.2,19.4,31.2,,1.5,77.1,7,
211,인제,2025-09-04,21.4,19.2,26.2,43.1,1.7,88.3,1.6,
211,인제,2025-09-05,23.8,17.9,31.4,,.9,80.1,9.3,
211,인제,2025-09-06,24.2,21.7,26.7,10.1,1.4,90.9,0,
211,인제,2025-09-07,24.2,18.7,29.3,6.9,1.6,78.3,3.3,
211,인제,2025-09-08,22.2,18.8,28.2,0,.8,80,4.5,
211,인제,2025-09-09,19.9,14.7,24.4,0,1,83.6,0,
211,인제,2025-09-10,18.7,11.3,29.5,,1.7,69.9,9.5,
211,인제,2025-09-11,20,12.2,29.2,,1.6,73.9,9.6,
211,인제,2025-09-12,20.6,16.3,27.4,3.7,1.4,80.9,.8,
211,인제,2025-09-13,19.7,17.8,22.6,67.1,2.2,87.1,0,
211,인제,2025-09-14,21.1,17.3,26.6,,1,83.8,2.5,
211,인제,2025-09-15,22.1,18.3,28.6,,.7,84,5.2,
211,인제,2025-09-16,22.6,19.4,26.8,6.3,1.1,87.3,1.1,
211,인제,2025-09-17,19.8,17.8,21.8,86.2,1.3,94.6,0,
211,인제,2025-09-18,18,14.2,21.7,,1.8,78.9,.3,
211,인제,2025-09-19,16.8,13.7,21.9,8.3,1.1,88.6,.4,
211,인제,2025-09-20,17,14.8,20,40.7,1.5,89.8,0,
211,인제,2025-09-21,17.6,11.8,24.1,,1.7,75,8.2,
211,인제,2025-09-22,16,10.1,23.3,,1.5,78.8,.9,
211,인제,2025-09-23,18.9,13.8,25,,1.6,68.9,7.6,
211,인제,2025-09-24,20.1,16.3,23.1,10.1,1.4,86.1,0,
211,인제,2025-09-25,20.2,16.3,25.3,0,1.1,85.4,4.8,
211,인제,2025-09-26,18.6,15,26.1,,1,82.1,5.8,
211,인제,2025-09-27,18.3,13.6,26.1,,1.3,80.1,6.3,
211,인제,2025-09-28,17.2,15.4,19.5,22.1,.8,91.8,0,
211,인제,2025-09-29,17.6,13.1,24.6,,.8,81.5,5,
211,인제,2025-09-30,16.3,12.5,23.2,,1,85,1.7,
212,홍천,2025-05-15,18.8,15.6,23.7,.2,1,79.8,1.8,
212,홍천,2025-05-16,18.7,16.5,22.2,39.7,.4,92.3,0,
212,홍천,2025-05-17,19.1,15.7,25.4,1.1,1.4,78.9,3,
212,홍천,2025-05-18,15.8,10.5,22.4,,1.3,59.1,12.2,
212,홍천,2025-05-19,14.8,7.3,21.1,.7,.9,73.8,1.4,
212,홍천,2025-05-20,21,16.4,27.8,3.5,.4,90.3,3,
212,홍천,2025-05-21,24.5,19.5,31.3,,1,73.1,6.1,
212,홍천,2025-05-22,20.4,15.2,27.5,1.3,1.8,55.9,9.6,
212,홍천,2025-05-23,16.1,10.7,21.4,3.2,1.2,63.8,0,
212,홍천,2025-05-24,13.4,11.6,15.9,7.9,1.2,81.9,.1,
212,홍천,2025-05-25,15.9,9.6,23.6,,1,71.1,9.3,
212,홍천,2025-05-26,17.7,10.7,26.1,,1,63.8,10.9,
212,홍천,2025-05-27,18.7,10.4,27,,.9,62.6,12.4,
212,홍천,2025-05-28,18.3,12.9,27,0,1,70.8,5.8,
212,홍천,2025-05-29,17.2,14,26.8,18.8,1.4,77.5,7.6,
212,홍천,2025-05-30,17.7,10,26.5,,.9,60.8,12.6,
212,홍천,2025-05-31,18,9.5,26.2,,.8,61.9,10.4,
212,홍천,2025-06-01,21,11.8,30,,.8,61.3,10.4,
212,홍천,2025-06-02,18.5,16.9,20.7,.4,.4,83.9,0,
212,홍천,2025-06-03,20.5,15.9,26.8,,1.6,60.8,9,
212,홍천,2025-06-04,18.7,10.3,25.6,,1.7,53,9.5,
212,홍천,2025-06-05,19.6,10.6,27.8,,1.1,61.1,12,
212,홍천,2025-06-06,21.7,14,30.6,,1.3,54.4,11.7,
212,홍천,2025-06-07,21.7,14,27.4,0,1,65,6.8,
212,홍천,2025-06-08,24.1,19.1,30.6,,1,66.1,8.5,
212,홍천,2025-06-09,23.8,18.2,30.3,,1.1,66,10.4,
212,홍천,2025-06-10,22.3,18.8,27.1,0,1.4,69.8,4.2,
212,홍천,2025-06-11,21.9,14.1,29.4,,1.4,59.3,12.1,
212,홍천,2025-06-12,23.5,15.1,31.9,,.9,56.5,12.3,
212,홍천,2025-06-13,22.5,17.2,30.6,.3,1.1,67,5.5,
212,홍천,2025-06-14,24.6,18.3,32.3,.2,.9,71.6,9.2,
212,홍천,2025-06-15,25.8,21,32.6,2.7,.8,74.1,3.5,
212,홍천,2025-06-16,23.6,21.4,28,14.1,1.1,82.6,2.6,
212,홍천,2025-06-17,23.7,19.2,29.2,,1.2,71.8,6,
212,홍천,2025-06-18,24.3,18.9,30.5,,1,69.6,9.9,
212,홍천,2025-06-19,26.2,18.3,34.2,0,.9,64.6,9.5,
212,홍천,2025-06-20,23.9,22.1,25.7,29.4,1.9,87.3,0,
212,홍천,2025-06-21,22.5,19.8,25.5,1.4,.8,86.9,0,
212,홍천,2025-06-22,23.3,17.3,29.9,,1.2,68,11.8,
212,홍천,2025-06-23,24.6,17.2,32.4,,.9,66.9,12,
212,홍천,2025-06-24,22.1,18.1,27.8,.2,1,68.6,1.1,
212,홍천,2025-06-25,20,18.7,21.4,5.3,.5,89.6,0,
212,홍천,2025-06-26,21.5,19.3,24.4,0,.6,87.9,0,
212,홍천,2025-06-27,23.4,20.9,28,,.5,84.1,2.3,
212,홍천,2025-06-28,24.5,21.4,29.7,23.7,.7,88.6,.3,
212,홍천,2025-06-29,26.8,23.4,31.9,,.8,80.5,5.9,
212,홍천,2025-06-30,27,22.5,31.9,,1.1,76.3,6.3,
212,홍천,2025-07-01,27.4,23.2,33.1,0,1.1,78.8,5.1,
212,홍천,2025-07-02,27.5,24.1,32.1,.2,1,77.6,4.2,
212,홍천,2025-07-03,27.2,18.6,31.9,,.9,76.4,2.9,
212,홍천,2025-07-04,25.1,22,27.9,.2,.6,82.8,.4,
212,홍천,2025-07-05,27,24.3,31.2,,.7,76.6,3.4,
212,홍천,2025-07-06,26.6,24.5,29.5,,.5,81.9,.1,
212,홍천,2025-07-07,29.5,25.3,34.9,,.9,75.3,7.6,
212,홍천,2025-07-08,28.7,24.6,37.7,1.9,1,75.4,9.1,
212,홍천,2025-07-09,29.1,22.9,35.8,,1.1,64.4,8.7,
212,홍천,2025-07-10,28.1,22.2,35.5,,2,52.5,12.9,
212,홍천,2025-07-11,26.9,18.2,35.3,,1.9,56.6,12.9,
212,홍천,2025-07-12,27,18.4,35.8,,1.1,57.8,12.9,
212,홍천,2025-07-13,24.4,20.3,30.2,.2,.7,79.4,3.1,
212,홍천,2025-07-14,21.9,20.2,24.2,2.6,1.1,87.9,.2,
212,홍천,2025-07-15,22.2,19.8,25.6,2.2,.8,84.9,.8,
212,홍천,2025-07-16,22.3,20.8,25.5,62,.7,90,.1,
212,홍천,2025-07-17,21.7,20.5,23,61.5,.9,95.1,0,
212,홍천,2025-07-18,23.9,21.1,27.3,7.4,.5,90.4,.3,
212,홍천,2025-07-19,23.4,20.7,27,70.5,.7,93.9,.4,
212,홍천,2025-07-20,26.8,23.1,31.2,11.3,.9,81.8,4.8,
212,홍천,2025-07-21,27.4,23.7,32.7,0,.9,81,5,
212,홍천,2025-07-22,26.7,23.7,32.1,.7,.9,82,6,
212,홍천,2025-07-23,27.4,23.5,32.8,,.8,78.3,8.7,
212,홍천,2025-07-24,27.6,23.1,34.3,,.9,76.5,8.2,
212,홍천,2025-07-25,28.6,22.6,35.7,,1,71.5,11,
212,홍천,2025-07-26,29.4,23.4,36.3,,.8,70.9,12.7,
212,홍천,2025-07-27,29.6,23.7,36.7,,1,70,12.1,
212,홍천,2025-07-28,29.5,23.7,36,,.9,71,11.9,
212,홍천,2025-07-29,29.9,24.4,36.7,,.9,70.3,11.1,
212,홍천,2025-07-30,29.4,24.5,36.6,,.9,69.8,9.5,
212,홍천,2025-07-31,28.1,24.5,34.1,,.8,71.1,4.2,
212,홍천,2025-08-01,28.6,23.1,35.4,,.8,72.6,8.5,
212,홍천,2025-08-02,28.5,24.1,34.8,,1,74.6,7.7,
212,홍천,2025-08-03,26.4,22.6,31.9,1.7,.6,84,.1,
212,홍천,2025-08-04,26.1,21.7,31.8,2.2,.9,83.3,4.7,
212,홍천,2025-08-05,28.1,24.8,33.3,,1.2,75.1,6.5,
212,홍천,2025-08-06,24.8,23.1,28.2,46.6,.7,93.8,.4,
212,홍천,2025-08-07,26.5,22.5,32.3,,1.2,74.3,10,
212,홍천,2025-08-08,26.2,21.3,31.9,,.9,75.4,8,
212,홍천,2025-08-09,24,21.1,27,0,.6,83.1,0,
212,홍천,2025-08-10,25.2,19.7,32.2,,1,73.1,9.6,
212,홍천,2025-08-11,24.3,21.6,27.7,,.8,82.1,.8,
212,홍천,2025-08-12,26.6,21.7,33.8,,.9,71.8,9.6,
212,홍천,2025-08-13,23.6,21.5,26.6,39.5,.8,92.3,0,
212,홍천,2025-08-14,25,23.2,28.6,25.1,.7,91.5,.5,
212,홍천,2025-08-15,26.5,23.2,31.8,,.7,81.5,6.3,
212,홍천,2025-08-16,27,23.2,32.9,,.9,80.4,5.9,
212,홍천,2025-08-17,26.2,22.3,32.2,,.8,82.3,2.5,
212,홍천,2025-08-18,27.5,23.4,33,.2,1.1,77.3,5.1,
212,홍천,2025-08-19,27.7,23.5,33,,1.1,76.8,7.1,
212,홍천,2025-08-20,27.7,23.3,32.8,0,.9,77.3,5.8,
212,홍천,2025-08-21,27.9,23.6,33.4,,.8,78.6,5.4,
212,홍천,2025-08-22,28,24.4,33.5,,1,75,8.4,
212,홍천,2025-08-23,26.7,22.8,30.7,,.6,82.4,3.3,
212,홍천,2025-08-24,27.8,24.3,33.9,,1,80,5.8,
212,홍천,2025-08-25,28.5,24,33.8,0,1.1,75.4,5.5,
212,홍천,2025-08-26,26.2,23.7,30.8,32.5,1,85.6,3.9,
212,홍천,2025-08-27,26.1,22.7,31.5,,.8,76.8,6,
212,홍천,2025-08-28,25.8,22.7,30,.4,.8,81,1,
212,홍천,2025-08-29,27.7,23.6,33.6,.6,1.1,79.4,5.3,
212,홍천,2025-08-30,26.1,23.7,30.9,31.4,.8,87.9,4.3,
212,홍천,2025-08-31,25.7,22.6,32.5,1.3,1,85.4,3.6,
212,홍천,2025-09-01,25.7,23,30.2,5.7,.9,85.8,.7,
212,홍천,2025-09-02,24.7,21,29.9,.6,.7,80.5,8.4,
212,홍천,2025-09-03,24.7,19.7,32.5,,.9,76.4,7.4,
212,홍천,2025-09-04,23.6,20.7,29.5,48.8,.9,84.9,3.5,
212,홍천,2025-09-05,25.5,19.1,32.2,,.7,75.6,10,
212,홍천,2025-09-06,25,22.9,29.3,20.9,.5,91.8,1.2,
212,홍천,2025-09-07,24.6,20.8,29.6,6.8,.8,83.4,1.6,
212,홍천,2025-09-08,22.8,20.1,28.5,0,.8,79.4,2.8,
212,홍천,2025-09-09,21.8,18.1,25.8,0,.7,83.4,1.1,
212,홍천,2025-09-10,21.2,15.4,31.3,,.9,68.4,11.1,
212,홍천,2025-09-11,21.7,12.7,31.7,,.9,68.8,11.4,
212,홍천,2025-09-12,21.1,17.3,25.9,9.9,.5,84.9,.2,
212,홍천,2025-09-13,21.4,19.7,25.5,73,1.1,85.5,.3,
212,홍천,2025-09-14,22.5,18.8,28.5,,.6,82.4,2.9,
212,홍천,2025-09-15,23.1,19.5,28.5,,.6,84.8,5.6,
212,홍천,2025-09-16,22.8,19.9,27.7,6.6,.8,90.9,.7,
212,홍천,2025-09-17,21.1,19,22.8,62.7,.5,95.8,0,
212,홍천,2025-09-18,19.9,15.9,24.9,,1.1,77.8,3,
212,홍천,2025-09-19,17.7,14.7,21,7.7,.6,90.5,0,
212,홍천,2025-09-20,18,15.9,21.9,72.3,.8,90.4,.2,
212,홍천,2025-09-21,18.9,13.7,26.1,,1.1,75.4,9,
212,홍천,2025-09-22,18.3,12.5,25.1,,.9,74.5,4.9,
212,홍천,2025-09-23,20.5,15.6,26.8,0,1.1,66.8,7.8,
212,홍천,2025-09-24,20.4,15.9,24.8,10.8,.6,87.1,.5,
212,홍천,2025-09-25,21.3,17.7,26.4,.5,.7,86.4,3.8,
212,홍천,2025-09-26,19.4,16.9,25.8,,.9,84.3,5.4,
212,홍천,2025-09-27,20.1,15.9,27.1,,.9,77.3,6.5,
212,홍천,2025-09-28,17.8,15.8,21.2,30.5,.6,93.3,.5,
212,홍천,2025-09-29,18.9,15.7,24.8,,.6,83.1,5.7,
212,홍천,2025-09-30,17.5,14.3,22.9,,.8,85.5,1.9,
216,태백,2025-05-15,19,16.8,21.4,0,2.1,68.3,0,8.18
216,태백,2025-05-16,18.6,14.2,23.4,17.3,1.5,75.4,.2,9.02
216,태백,2025-05-17,18.6,13.6,24.8,12.9,1.8,68,9.8,26.3
216,태백,2025-05-18,14.2,8,21.1,,1.4,51.1,8.1,23.32
216,태백,2025-05-19,16,3.9,23.6,0,2.1,57.3,11.1,27.59
216,태백,2025-05-20,23.1,19.1,28.9,0,2.4,60.5,9.8,25.56
216,태백,2025-05-21,20.7,13.2,27.1,,2,75,5.7,17.24
216,태백,2025-05-22,11.5,6.6,17.2,.5,1.8,82.5,3.3,13.43
216,태백,2025-05-23,11.6,4.4,18,.3,1.4,68.6,5.3,15.73
216,태백,2025-05-24,8.5,7.5,10.8,12.1,1.7,88.6,0,4.37
216,태백,2025-05-25,12.7,5,20.8,0,1.5,72.4,10.1,25.98
216,태백,2025-05-26,14.5,6,23.6,,.9,69.3,7.3,20.09
216,태백,2025-05-27,14.3,6.3,23.1,.1,1,71.5,5.6,17.29
216,태백,2025-05-28,14.7,7.5,23.5,11,1.1,81.4,6.4,16.28
216,태백,2025-05-29,14,5.9,22.7,,1.8,75.5,8.6,25.81
216,태백,2025-05-30,11.8,1.1,21.2,,1.6,70.6,11.9,28.08
216,태백,2025-05-31,14.1,3.3,24.7,,1.5,61.6,11.2,25.63
216,태백,2025-06-01,18.2,7.2,26.7,,1.3,60,10.5,27.81
216,태백,2025-06-02,16.7,13.4,21.4,.1,.8,73.4,0,7.98
216,태백,2025-06-03,17.8,13.6,24.6,,1.3,56.9,5.5,18.04
216,태백,2025-06-04,16.9,9.4,23.5,,2,42.4,11.4,28.3
216,태백,2025-06-05,18.8,9.9,25.9,,1.6,49.1,11.5,28.63
216,태백,2025-06-06,21.4,15.6,27.9,,1.6,38.4,8.2,22.04
216,태백,2025-06-07,22.1,17.2,28.1,,1.6,45,10.6,27.9
216,태백,2025-06-08,21.2,15.9,28,,1.3,66.9,6.5,21.02
216,태백,2025-06-09,21.7,14.1,30.4,,1.4,63.6,9.9,27.1
216,태백,2025-06-10,22.1,16.9,28.4,,1.7,54.9,7.5,22.97
216,태백,2025-06-11,19.7,14,27,,1.7,50.9,11.9,30.01
216,태백,2025-06-12,19.6,11.9,27.3,,1.3,61.8,9.9,24.06
216,태백,2025-06-13,19.4,13,27,2.8,1.3,65.5,4.3,16.99
216,태백,2025-06-14,21,16.8,26.8,7.2,1.2,81.8,3.8,15.4
216,태백,2025-06-15,23.5,15.5,30,,1.6,71.8,9,28.01
216,태백,2025-06-16,22.1,20.1,26.1,3.8,1.6,75,2.4,11.26
216,태백,2025-06-17,21.7,16.6,27,1.3,1.9,69.5,6.2,19.25
216,태백,2025-06-18,22.5,16.5,29.5,.1,1.2,63.5,10.1,27.87
216,태백,2025-06-19,24.4,17.2,32.5,,1.3,56.3,9.1,23.44
216,태백,2025-06-20,22.5,20.8,23.9,18.4,2.6,81.4,0,6
216,태백,2025-06-21,19.9,16.3,22.9,30.6,1.4,86.9,0,5.17
216,태백,2025-06-22,20.1,15.3,26.1,0,1.2,67.9,10.6,29.18
216,태백,2025-06-23,20.5,13.7,27.4,,1.1,67.8,9.2,23.64
216,태백,2025-06-24,18,12.6,23.6,.2,1.1,73.4,1.6,12.42
216,태백,2025-06-25,18.5,14.9,23.1,2.5,1.2,88.4,.1,8.06
216,태백,2025-06-26,19.7,16.3,23.4,,1.3,80.9,1.6,12.04
216,태백,2025-06-27,21.9,14.7,29.4,,1,76.9,4.2,20.08
216,태백,2025-06-28,23.7,18.9,30.2,6.4,1,81,1.5,15.15
216,태백,2025-06-29,25.1,19.5,32.6,,1.2,75.9,11.2,27.38
216,태백,2025-06-30,25.4,20.4,30.9,,1.4,69.9,10.1,25.97
216,태백,2025-07-01,26.7,22.1,31.1,,1.6,67.8,4.6,18.75
216,태백,2025-07-02,26.7,23.9,30.3,,1.5,66.9,8.3,23.2
216,태백,2025-07-03,26.6,22.2,30.9,,1.6,64.4,6.6,21.82
216,태백,2025-07-04,24.9,23.1,28.7,,1.9,62.8,2.9,13.6
216,태백,2025-07-05,25.5,22.3,30.4,,1.6,69.3,10.6,26.18
216,태백,2025-07-06,26.2,21.6,31.4,0,1.5,70.5,6.8,22.58
216,태백,2025-07-07,26.9,22.7,32.4,,1.4,75.5,5.4,16.17
216,태백,2025-07-08,24.6,21.4,29.2,,1.7,79.5,9.5,24.67
216,태백,2025-07-09,24.2,18.9,30.6,,1.9,70.1,9.7,27.12
216,태백,2025-07-10,21.4,15.8,28,,2.1,62.3,12.3,29.2
216,태백,2025-07-11,21,16.6,27.1,,2.1,73.8,9.9,26.36
216,태백,2025-07-12,22.7,13.5,31.6,,1.3,64.1,11.9,29.21
216,태백,2025-07-13,23,16.2,34.1,16.2,1,68.9,5.9,20.81
216,태백,2025-07-14,18.4,17.2,21.2,24.4,1.6,91.1,.2,9.54
216,태백,2025-07-15,20.4,17.3,24.3,1.3,1.2,81,2.5,13.44
216,태백,2025-07-16,20.6,18.9,22.9,10.8,1.7,80.9,0,5.48
216,태백,2025-07-17,20.2,18.8,22.2,33.9,1.7,90.1,0,3.38
216,태백,2025-07-18,23.8,19.1,29.5,9.9,1.4,75.9,6.2,20.9
216,태백,2025-07-19,21.6,20.1,24.3,19.2,1.7,89,1,5.69
216,태백,2025-07-20,24.2,21.9,28,,1.7,74.5,1.4,12.74
216,태백,2025-07-21,25.4,22.4,30.9,.8,1.6,72.6,5.9,18.41
216,태백,2025-07-22,26,21.5,31,,1.2,71.4,8.2,21.4
216,태백,2025-07-23,25.1,19.4,31.8,,.9,76.4,9.1,22.87
216,태백,2025-07-24,25.5,19.2,33.2,,1.1,75,10,26.41
216,태백,2025-07-25,25.8,18.6,33.6,,1.1,70.4,10.7,27.81
216,태백,2025-07-26,26.1,18.3,34.1,,1.2,71,11.4,27.02
216,태백,2025-07-27,26.5,19.8,34.2,,1.4,67.3,11.9,28.2
216,태백,2025-07-28,26.3,20.1,34.3,0,1.1,73.4,10,23.93
216,태백,2025-07-29,26,20.2,34.5,,1.2,74.8,8.8,22.54
216,태백,2025-07-30,24.5,16.6,33.4,,1.2,68.5,11.2,27.16
216,태백,2025-07-31,25.2,19.4,32.8,,1.3,68.5,5.6,21.31
216,태백,2025-08-01,25,17.2,34,,1.4,72.4,11.1,26.36
216,태백,2025-08-02,26,20.2,33.3,,1.3,70.4,9,25.57
216,태백,2025-08-03,24.5,20.8,30.4,1.5,1,74.8,.6,10.6
216,태백,2025-08-04,23.6,19.8,28.4,15.4,1.2,88.8,.9,8.59
216,태백,2025-08-05,26.1,21.4,31.8,1.2,1.2,73.4,7.1,21.97
216,태백,2025-08-06,24.7,22.3,26.7,15.1,1.6,77.1,0,5.45
216,태백,2025-08-07,23,19.7,29.3,4.4,1.6,77.1,5,18.06
216,태백,2025-08-08,22.3,18.3,28.6,.8,1.2,82.6,5.5,17.08
216,태백,2025-08-09,19.9,15.1,25.4,.2,1,84.8,.3,6.96
216,태백,2025-08-10,20.5,13.3,27.8,,1.4,74,10.7,25.28
216,태백,2025-08-11,20.2,16.2,24.2,2.2,.8,87,.3,8.05
216,태백,2025-08-12,21.1,14,27.1,,1.1,80.4,4.1,15.85
216,태백,2025-08-13,24.3,20.6,27.4,1.9,1.6,79.3,.3,8.16
216,태백,2025-08-14,24.4,20.7,26.9,0,1.8,73.6,.1,6.97
216,태백,2025-08-15,25,20.1,31.9,,1.1,69.6,8.8,23.6
216,태백,2025-08-16,25,19.3,30.9,,1.4,71.3,9,22.82
216,태백,2025-08-17,25,21.1,30.6,,1.5,66.1,9.7,23.74
216,태백,2025-08-18,25.3,20.8,30.4,0,1.4,68.8,1.5,11.91
216,태백,2025-08-19,26.4,23.8,30.6,,1.9,63.9,6.2,19.95
216,태백,2025-08-20,25.8,21.3,31.4,,1.4,64,9.8,23.5
216,태백,2025-08-21,24.5,19.8,32.8,.2,1,77.3,6.5,15.71
216,태백,2025-08-22,26,19.5,32.9,,1.2,69.1,9.8,22.64
216,태백,2025-08-23,26.5,20.7,34.9,,1.2,64.4,7.4,19.21
216,태백,2025-08-24,26.2,20.1,33.7,0,1,73,6.9,18.92
216,태백,2025-08-25,26.8,20.3,33.1,,1.4,68.5,8.2,19.35
216,태백,2025-08-26,24.6,21.1,27.7,.5,2,73.6,1.3,7.99
216,태백,2025-08-27,22.5,16.9,28.7,0,1.3,76.9,5.8,15.79
216,태백,2025-08-28,23.8,18.2,29.9,,1.5,70.5,5.2,17.57
216,태백,2025-08-29,26.1,24,29.6,,2,67.9,5.4,13.32
216,태백,2025-08-30,26.3,21.9,33,,1.4,72,6.9,19.65
216,태백,2025-08-31,25.1,19.6,31.8,,1.4,70.5,6,15.95
216,태백,2025-09-01,25.4,22.4,29.3,0,2.2,70.9,3.3,12.44
216,태백,2025-09-02,23.1,19.7,28.7,3.6,1.2,78.8,1.7,12.24
216,태백,2025-09-03,21.5,14,29.4,0,1.3,75.9,7.1,18.99
216,태백,2025-09-04,20.3,17.1,23.6,.2,1.3,87.6,.1,6.59
216,태백,2025-09-05,22.6,18.9,30.1,.2,1.5,77.8,5.6,17.58
216,태백,2025-09-06,25,21,28.8,.2,2,71,4.8,14.77
216,태백,2025-09-07,22.8,15.5,27.5,2.5,1.5,76.6,.6,5.98
216,태백,2025-09-08,20.8,11.2,29.8,0,1,55.9,5.4,16.83
216,태백,2025-09-09,19.5,16.8,22.4,0,1.2,69.5,0,6.2
216,태백,2025-09-10,18.4,12.5,25.2,.3,1.6,78.4,3.9,12.84
216,태백,2025-09-11,18.1,10.4,25.9,,1.8,76.4,7.1,19.54
216,태백,2025-09-12,18.4,14.8,21.5,7.9,.9,87.8,0,4.62
216,태백,2025-09-13,18.4,15.9,22,25.5,1.6,95.5,0,5.37
216,태백,2025-09-14,19.8,16.2,24.9,0,.9,85.5,1,11.14
216,태백,2025-09-15,21.8,15,30,,1,73.1,6.5,17.44
216,태백,2025-09-16,21.6,15.4,27.9,8.5,1.3,81,2.4,11.39
216,태백,2025-09-17,20.5,16.3,26,24.8,1.3,86.9,.3,5.32
216,태백,2025-09-18,15.5,13.9,17.9,2.9,1.5,88.3,.4,6.01
216,태백,2025-09-19,15.1,12.8,18.2,14.7,1,85.5,0,6.27
216,태백,2025-09-20,15.6,13.5,19.6,67.7,1.3,94.4,0,6.63
216,태백,2025-09-21,14.3,10.9,17.5,2.7,1.6,90.1,1.4,9.62
216,태백,2025-09-22,14.3,9.9,20.4,,1.2,81.5,2.9,13.57
216,태백,2025-09-23,15.4,10.6,20.1,0,1.2,79.3,3.4,12.29
216,태백,2025-09-24,19.8,13.6,24.1,.1,1.7,81.4,.1,7.58
216,태백,2025-09-25,19,12.2,22.5,1.8,1.3,84.8,0,4.52
216,태백,2025-09-26,16.3,9.1,26.1,,1.2,77.5,9.5,19.73
216,태백,2025-09-27,16.3,9.4,24.6,,1,79.8,7.1,16.67
216,태백,2025-09-28,17.2,12.7,21.1,11.5,1.1,88.1,.3,4.55
216,태백,2025-09-29,15.6,9.9,20.9,,1.3,80.5,5.9,14.88
216,태백,2025-09-30,14.4,8.6,22.2,,.8,82.9,2.5,10.33
217,정선군,2025-05-15,19.8,15.7,24.5,2,1.5,71.5,.6,
217,정선군,2025-05-16,19.6,16.2,24.8,37.4,1.2,81.6,.2,
217,정선군,2025-05-17,19.5,14.3,26.2,3.6,1.9,71.4,6.7,
217,정선군,2025-05-18,15.5,8.2,22.7,,1.8,54.5,10.5,
217,정선군,2025-05-19,16.3,4.6,24.8,0,2.2,61.8,7.2,
217,정선군,2025-05-20,23.1,18.4,30.4,0,2,67.4,6.3,
217,정선군,2025-05-21,23.6,16.8,33.4,0,1.2,69.5,6.6,
217,정선군,2025-05-22,15.9,10,23.3,1.8,2.1,64,5.6,
217,정선군,2025-05-23,14.2,6.8,20.1,0,1.8,60.8,1.7,
217,정선군,2025-05-24,10.9,9.4,13.6,8.6,1.4,82.8,0,
217,정선군,2025-05-25,14.8,8.8,23.6,,1.2,69.4,9.1,
217,정선군,2025-05-26,16.4,8.1,27,,1.2,63.6,9.7,
217,정선군,2025-05-27,17.2,8.2,27.3,,1.1,64.4,9.1,
217,정선군,2025-05-28,,9.4,27.8,2.7,1.4,,,
217,정선군,2025-05-30,,10.4,27,,1.7,,,
217,정선군,2025-05-31,16.5,8,28.1,,1.6,58.1,9.7,
217,정선군,2025-06-01,19.9,8,31.2,,1.2,57.5,9.8,
217,정선군,2025-06-02,17.8,14.3,22,0,.7,76.3,0,
217,정선군,2025-06-03,20.1,14.9,27.8,,1.6,53.9,8.4,
217,정선군,2025-06-04,17.7,8.5,25.6,,2,48.5,8.8,
217,정선군,2025-06-05,18.9,8.2,28.3,,1.3,57.9,10.8,
217,정선군,2025-06-06,21.1,12.5,30.7,,1.4,53.5,9.5,
217,정선군,2025-06-07,20.8,11.7,29.5,,1.1,59.8,8.5,
217,정선군,2025-06-08,22.8,15.2,31.3,,1.2,60.3,10.2,
217,정선군,2025-06-09,23.2,15.3,32.7,,1.5,59.1,10.4,
217,정선군,2025-06-10,22.5,15,29.4,,1.7,61.4,6.7,
217,정선군,2025-06-11,22.3,13.9,30.3,,1.8,51,11.9,
217,정선군,2025-06-12,22.2,12.5,33.3,,1.4,55.3,8.9,
217,정선군,2025-06-13,21.9,14.7,31.6,1.3,1.5,63.4,6.2,
217,정선군,2025-06-14,22.9,17.2,32.1,6.2,1.2,75.6,7.6,
217,정선군,2025-06-15,25.4,17.5,33.2,.1,1.3,68.4,6.3,
217,정선군,2025-06-16,23.5,21.3,27.9,13.1,1.5,77,2,
217,정선군,2025-06-17,22.1,17.7,28.8,6.2,1.7,74.8,5.1,
217,정선군,2025-06-18,23.5,16.3,32.1,,1.4,68,10.6,
217,정선군,2025-06-19,24.8,16.5,34.6,,1.2,63.1,9.3,
217,정선군,2025-06-20,22.5,19.5,25.6,32.5,1.1,82.9,0,
217,정선군,2025-06-21,21.7,18.5,25.1,60.1,1.3,84.8,0,
217,정선군,2025-06-22,22,16.2,30.1,,1.4,69.9,9.7,
217,정선군,2025-06-23,22.7,15.3,32.8,,1.2,66.3,8.8,
217,정선군,2025-06-24,19.9,14.1,28.3,.1,1,70.9,1.8,
217,정선군,2025-06-25,19.7,16.2,23.6,9.9,.9,88.3,.3,
217,정선군,2025-06-26,21.1,18.1,25.7,0,1.3,81.8,.4,
217,정선군,2025-06-27,23.5,18.7,29.7,0,.5,80.3,2.8,
217,정선군,2025-06-28,25.6,21,32.8,0,.5,79.3,1.8,
217,정선군,2025-06-29,27.2,21.8,35.1,,1,70.3,9.7,
217,정선군,2025-06-30,27.1,20,34.1,,1.2,69.4,8.7,
217,정선군,2025-07-01,28.3,22.8,33.9,0,1.2,69.5,4.7,
217,정선군,2025-07-02,28,23.2,33.6,,1.3,69.4,4.4,
217,정선군,2025-07-03,27.1,22.7,32.8,,1.2,72,2.1,
217,정선군,2025-07-04,26,22.7,29.8,0,1.6,69.6,2.9,
217,정선군,2025-07-05,26.9,23.7,32.9,,1.3,69.4,4.6,
217,정선군,2025-07-06,27.5,21.8,34.1,,1.3,73.3,3.9,
217,정선군,2025-07-07,30.1,24.2,38.3,,1.3,68.8,6.2,
217,정선군,2025-07-08,27.2,22.6,36.2,,1.6,73.3,5.9,
217,정선군,2025-07-09,27.3,21.8,35.3,,1.9,64.8,9.1,
217,정선군,2025-07-10,25.2,18.7,32.1,,2.5,56.8,12,
217,정선군,2025-07-11,24.3,17.8,31.9,,2.7,61.9,11.9,
217,정선군,2025-07-12,25.9,16,37.2,,1.3,61,12,
217,정선군,2025-07-13,24.8,17.7,35.9,17.7,1.2,68.3,5.9,
217,정선군,2025-07-14,20.7,18.1,24,8.6,.8,86.3,.3,
217,정선군,2025-07-15,21.7,18.9,25.9,8.1,1.1,81.8,.4,
217,정선군,2025-07-16,21.5,19.8,25.6,17.5,.7,86.5,0,
217,정선군,2025-07-17,20.7,19.8,22.4,63.4,.9,92,0,
217,정선군,2025-07-18,24.6,19.5,30.9,1.1,1,81.5,3.1,
217,정선군,2025-07-19,22.9,21.2,27.1,26.2,.8,88.3,0,
217,정선군,2025-07-20,25.6,21.1,33.2,1.9,1.1,79.8,4.6,
217,정선군,2025-07-21,26.5,21.8,32.8,.3,1,79,4.9,
217,정선군,2025-07-22,26.9,22.7,33.9,0,1.1,81.4,7.8,
217,정선군,2025-07-23,27.5,21.7,34.9,,1.1,76.8,11.5,
217,정선군,2025-07-24,27.7,22.2,35.8,,1.3,73.3,9.4,
217,정선군,2025-07-25,27.7,20.7,37.9,,1.1,71.6,10.8,
217,정선군,2025-07-26,28.5,21.3,37.4,,1.1,73.6,11.5,
217,정선군,2025-07-27,28.6,21.9,37.9,,1.2,71.3,11,
217,정선군,2025-07-28,29,20.6,38.3,,1.2,70.4,10.8,
217,정선군,2025-07-29,29,21.8,38.7,,1.7,71.9,8.4,
217,정선군,2025-07-30,28.7,21.7,38,0,1.8,68.9,9.7,
217,정선군,2025-07-31,27.1,21.3,35.9,0,1.2,69.3,4.8,
217,정선군,2025-08-01,28.8,21.1,38.6,,1.1,66.6,9.9,
217,정선군,2025-08-02,28.4,23.1,37.8,,.9,72.9,5.5,
217,정선군,2025-08-03,26.4,22.3,33.6,4.1,.7,81.8,.7,
217,정선군,2025-08-04,25.2,21.5,31.1,16.3,.7,89.9,1.1,
217,정선군,2025-08-05,27.9,23.8,34.7,,1,78.3,8,
217,정선군,2025-08-06,25.3,22.5,27.9,9.3,1.4,87.9,0,
217,정선군,2025-08-07,26.5,22.6,32.6,0,1.6,73.9,5,
217,정선군,2025-08-08,25.8,20.4,33.3,,1.2,74.4,9.4,
217,정선군,2025-08-09,22.7,18.5,26.9,0,1.1,80.3,.3,
217,정선군,2025-08-10,23.8,16.4,32.6,,1.6,70.8,10.2,
217,정선군,2025-08-11,21.7,18.6,25.3,2.3,.9,89.4,.2,
217,정선군,2025-08-12,25.1,19.9,32.7,,1.2,74.9,8.2,
217,정선군,2025-08-13,23.8,20.8,29.2,26.3,.8,92.6,.2,
217,정선군,2025-08-14,25.5,22.4,29.3,1.2,1.4,84.6,1.3,
217,정선군,2025-08-15,26.4,21,33.7,0,.9,80,7.9,
217,정선군,2025-08-16,26.4,21.4,33.9,,1.2,80,8.1,
217,정선군,2025-08-17,26.1,20.5,33.9,,1.1,77.9,5.5,
217,정선군,2025-08-18,27.1,21.7,33.1,0,1.5,76,3.8,
217,정선군,2025-08-19,28.4,24,34.5,,1.7,70,6.6,
217,정선군,2025-08-20,27.5,22.2,34.8,,1.3,72.5,7.8,
217,정선군,2025-08-21,27.1,20.4,34.8,,1.1,78.1,6.9,
217,정선군,2025-08-22,27.9,22.8,35.6,,1.5,74.9,8,
217,정선군,2025-08-23,27.6,21.4,36.8,.8,1.4,78.3,8.8,
217,정선군,2025-08-24,28.5,22.7,37.1,,1.3,74.6,8.3,
217,정선군,2025-08-25,29.3,23,36.7,0,1.7,69.8,8,
217,정선군,2025-08-26,26.2,22.6,29.4,2.2,2,79.4,1.3,
217,정선군,2025-08-27,26.4,21.4,35.1,,1.4,71.9,7.7,
217,정선군,2025-08-28,26,20.2,33.7,,1.3,74.8,3.4,
217,정선군,2025-08-29,28.9,26,33.9,0,2,69.5,3.6,
217,정선군,2025-08-30,27.7,23.1,35.1,.4,1.2,79,4.5,
217,정선군,2025-08-31,26.6,22.8,34.8,0,1.6,75.8,5.1,
217,정선군,2025-09-01,26.1,22.5,32.9,5.3,1.7,82.3,1.9,
217,정선군,2025-09-02,24,19.7,31,20.1,1.1,83.9,3.2,
217,정선군,2025-09-03,24.4,19.3,34.3,,1.8,77.8,5.2,
217,정선군,2025-09-04,23,20.2,27.4,0,1.4,81.5,.7,
217,정선군,2025-09-05,25.5,18.3,34.6,0,.9,73.5,9.3,
217,정선군,2025-09-06,26.7,21.9,32.6,.1,1.7,78.1,1.5,
217,정선군,2025-09-07,24.8,20.5,29.3,4.4,1.3,84.9,.5,
217,정선군,2025-09-08,23.3,18.2,31.2,0,1.2,72.3,4.4,
217,정선군,2025-09-09,21.2,17.4,27.2,.1,1.1,80.5,.6,
217,정선군,2025-09-10,20.5,14.2,30.3,,1.1,74.5,5.9,
217,정선군,2025-09-11,20.6,12.4,30.6,,1.8,71,9.7,
217,정선군,2025-09-12,19.5,15.6,26.1,5.6,1,88.9,0,
217,정선군,2025-09-13,20.2,18.9,23.4,40.1,1.1,89.9,.2,
217,정선군,2025-09-14,21.8,18.6,28,.2,.8,86,1.2,
217,정선군,2025-09-15,22.8,17.9,32.5,,1.4,80.8,5.2,
217,정선군,2025-09-16,23,18.3,30.3,7.3,1,85.5,2.6,
217,정선군,2025-09-17,21.3,17.7,24.8,23.7,.9,94.6,0,
217,정선군,2025-09-18,18.4,14.8,23.2,.3,1.3,81.9,.7,
217,정선군,2025-09-19,17.3,14.3,22,9.9,.8,87.1,.1,
217,정선군,2025-09-20,17.3,15,22.3,77.7,1,93.5,.5,
217,정선군,2025-09-21,17.8,12.4,24.5,,1.4,81,5.6,
217,정선군,2025-09-22,17.1,12.3,24.9,,1.4,74.1,4,
217,정선군,2025-09-23,18,12.9,26.2,,1.4,75.8,6.3,
217,정선군,2025-09-24,20.6,13.7,26.5,3.5,1.2,84.8,1.5,
217,정선군,2025-09-25,20.8,17,24.9,1.7,1.1,89.8,1.2,
217,정선군,2025-09-26,19.5,15.2,29.3,0,1,79,7.3,
217,정선군,2025-09-27,19,14.5,28.4,,.9,79.4,5.4,
217,정선군,2025-09-28,17.4,15.1,20.4,13.9,.9,92.9,0,
217,정선군,2025-09-29,18.1,12.9,24.8,,1,80.6,6.6,
217,정선군,2025-09-30,16.5,12.5,24.5,,1.2,84,2.1,
221,제천,2025-05-15,19.1,14.6,22.9,1.1,1.4,85,.6,
221,제천,2025-05-16,18.8,16.2,21.5,45,.7,97,0,
221,제천,2025-05-17,18.6,14.1,23.9,2.5,2.3,79.8,6.2,
221,제천,2025-05-18,14.7,8.4,21.2,,1.9,64.8,9.2,
221,제천,2025-05-19,15.7,5.8,21.6,,1.6,72.5,2.9,
221,제천,2025-05-20,22.7,18.9,29.4,,2,76.8,5.2,
221,제천,2025-05-21,24.3,18.4,30.5,,.9,77.5,8.1,
221,제천,2025-05-22,19,13.2,23.6,.7,1.6,72.6,3.3,
221,제천,2025-05-23,16.6,9.5,20.8,0,1.7,54.9,2.5,
221,제천,2025-05-24,12,10.8,14.1,6.2,2.2,82.3,0,
221,제천,2025-05-25,14.3,9.2,21.6,,1.2,79.4,7.7,
221,제천,2025-05-26,16.4,8.3,25.3,,.8,69,12.2,
221,제천,2025-05-27,17.1,9,25.6,,.8,66.6,12.2,
221,제천,2025-05-28,16.8,10.5,26.4,2.2,1,79.4,,
221,제천,2025-05-29,15.6,11.6,25.2,23,1.1,88.3,4.8,
221,제천,2025-05-30,17.4,12.3,24.4,,1.2,65.9,12.8,
221,제천,2025-05-31,17.5,9.6,24.8,,.9,73.1,10.7,
221,제천,2025-06-01,19.9,12,28.2,,.9,68.5,11.4,
221,제천,2025-06-02,18.6,16,21.5,.1,.5,83,0,
221,제천,2025-06-03,20,14.3,25.2,,2,60.1,8.6,
221,제천,2025-06-04,17.9,10,24.7,,2.8,54,11.5,
221,제천,2025-06-05,18.2,9.4,26.4,,1.4,66.9,11.8,
221,제천,2025-06-06,19.8,13.3,27.3,,1.2,63.9,8.4,
221,제천,2025-06-07,21,12,28.2,,1.2,67.4,10,
221,제천,2025-06-08,23,17.8,29.5,,1,71,8,
221,제천,2025-06-09,22.8,17.3,29.8,,1,72.1,9.9,
221,제천,2025-06-10,21.9,17.1,27.4,,1.8,72.1,7.3,
221,제천,2025-06-11,21,13.2,28.2,,1.8,62.3,13.1,
221,제천,2025-06-12,21.8,13.7,29.5,,.7,64.4,9.5,
221,제천,2025-06-13,20.5,15.9,28,3,1,73.9,3.4,
221,제천,2025-06-14,22.3,17.4,28.9,4.8,.9,87.8,6,
221,제천,2025-06-15,25.2,20.1,31,3.6,1,79.9,5.4,
221,제천,2025-06-16,23.1,21.2,26.4,19.6,1.8,87.4,1.8,
221,제천,2025-06-17,21.5,17.7,26.9,20.6,1,87,5.1,
221,제천,2025-06-18,23,18.3,28.7,,1.2,78.9,9.6,
221,제천,2025-06-19,24.4,17.1,31.8,,.7,71.5,8.9,
221,제천,2025-06-20,22.5,20.9,24.3,43,.8,97.1,0,
221,제천,2025-06-21,21.2,19.1,22.4,77.7,1.3,98.1,0,
221,제천,2025-06-22,21.5,16.9,28.1,,1.5,79,11.6,
221,제천,2025-06-23,23.3,15.6,30,,.6,74.5,12.2,
221,제천,2025-06-24,21.5,18.3,26.1,.8,1.2,74.8,.9,
221,제천,2025-06-25,19.6,18.1,23.2,7.5,1.1,94,0,
221,제천,2025-06-26,20.2,18.3,22.8,.4,,94.3,.1,
221,제천,2025-06-27,22.7,17.7,28.2,,,88,4,
221,제천,2025-06-28,24.9,21.2,30.1,6.8,.5,88,1.9,
221,제천,2025-06-29,26.3,22,31.5,,1.1,81.4,10,
221,제천,2025-06-30,26.4,20.9,31.6,,1.3,80,10.3,
221,제천,2025-07-01,26.3,23,31.8,,1.3,86.1,4.1,
221,제천,2025-07-02,26.7,22.9,32,,1.5,82.5,5.9,
221,제천,2025-07-03,26.5,23.3,30.9,,1.4,82.5,5.6,
221,제천,2025-07-04,24.9,21.2,27.9,,1.5,82.5,2,
221,제천,2025-07-05,26,22.6,30.8,,1.4,80.9,2.9,
221,제천,2025-07-06,26.2,22.1,30.7,,1.1,84.3,.9,
221,제천,2025-07-07,28.8,24.8,34.5,3.6,1.2,79,7.9,
221,제천,2025-07-08,26.7,23.6,34.5,16.4,.8,88.5,7.3,
221,제천,2025-07-09,27.3,21.8,33.1,,1.2,72,10.4,
221,제천,2025-07-10,26.4,19.9,32.6,,2.8,54.9,13.4,
221,제천,2025-07-11,25.9,20.7,32.3,,3.2,57.6,13.4,
221,제천,2025-07-12,25.1,17.9,33,,1.4,65,13.2,
221,제천,2025-07-13,23.6,18.4,31.6,3.3,1.1,78.3,4.5,
221,제천,2025-07-14,21,18.5,25.2,7,1,92.9,1.2,
221,제천,2025-07-15,20.4,19.3,22,20.1,.9,97.6,0,
221,제천,2025-07-16,21.2,19.9,23.4,34.3,.6,96.6,0,
221,제천,2025-07-17,20.9,20.2,21.6,77.5,,99.5,,
221,제천,2025-07-18,23.1,19.6,26.7,3.1,,92.6,1.1,
221,제천,2025-07-19,22.7,21.5,25,37.4,,97,.1,
221,제천,2025-07-20,25,21.3,30.4,.1,,88.6,6.6,
221,제천,2025-07-21,25.5,22.3,30.1,11.6,,89.9,4.8,
221,제천,2025-07-22,25.6,22.3,31.1,2.2,,89,6.6,
221,제천,2025-07-23,25.6,22.2,31.2,,,86.5,8.5,
221,제천,2025-07-24,26.5,21.3,32.8,,,82,10.4,
221,제천,2025-07-25,27.4,21.1,34.4,,,78.5,13,
221,제천,2025-07-26,27.5,21.4,34.2,,,79.1,12.8,
221,제천,2025-07-27,28,22,34.6,,,77.3,13.1,
221,제천,2025-07-28,27.9,22.3,34.4,,,80.9,12,
221,제천,2025-07-29,28.5,22.9,35.5,,,78.5,12.6,
221,제천,2025-07-30,27.5,21.7,34,,,70.3,11.9,
221,제천,2025-07-31,26.9,22.5,34.5,0,,73.9,6.5,
221,제천,2025-08-01,27.6,21.4,35.2,,,74.3,12.2,
221,제천,2025-08-02,27.6,23.1,34.4,.7,,77.3,9.2,
221,제천,2025-08-03,25.9,23,31.3,4.3,,88,.2,
221,제천,2025-08-04,25.1,21.7,28.5,21.6,,92.3,.4,
221,제천,2025-08-05,26.8,23.5,31,,,83.3,8.1,
221,제천,2025-08-06,25.1,22.6,28,11.7,,91.4,0,
221,제천,2025-08-07,25.6,21.8,30.2,,,82,7.9,
221,제천,2025-08-08,24.6,20,30.1,,,80.9,10.3,
221,제천,2025-08-09,21.8,17.8,25,.2,,93,0,
221,제천,2025-08-10,23.5,17.4,30.3,,,77.9,10.9,
221,제천,2025-08-11,22.2,20.1,25.4,2.2,,94.4,.3,
221,제천,2025-08-12,24.2,20.2,28.9,,,81.9,7.4,
221,제천,2025-08-13,24.3,22,27.9,52.5,.8,94.6,.3,
221,제천,2025-08-14,24.4,21.8,27.4,1.2,1,94.5,.4,
221,제천,2025-08-15,24.6,20.8,29.3,3.4,.7,90.9,4.7,
221,제천,2025-08-16,25.5,22,30.9,,.8,85.9,7.4,
221,제천,2025-08-17,24.9,20.4,30.6,,.8,86.5,,
221,제천,2025-08-18,25.7,21.6,30.8,0,1,84.9,4.2,
221,제천,2025-08-19,25.9,22.6,31.1,,1.3,85.6,6.5,
221,제천,2025-08-20,26.1,21.7,31.6,,1.3,81.4,8.9,
221,제천,2025-08-21,26.4,22.1,32.2,,1,81.3,9.2,
221,제천,2025-08-22,26.4,21.3,32.9,,1.3,81.5,11.7,
221,제천,2025-08-23,26.4,21.2,32.4,,.9,84.5,7.6,
221,제천,2025-08-24,27,22.1,33.8,,.8,83.5,8.4,
221,제천,2025-08-25,27.2,22.1,33.3,.4,1.2,81.5,8.2,
221,제천,2025-08-26,24.3,21.7,27.2,5.2,1.3,95.3,,
221,제천,2025-08-27,24.8,20.3,30.4,,.6,82,8.3,
221,제천,2025-08-28,25.2,20.4,29.8,0,.8,83.1,4.2,
221,제천,2025-08-29,26.4,23,30.4,.4,1.5,87.4,2.7,
221,제천,2025-08-30,26.5,23,32.1,.7,1.2,85.8,5.5,
221,제천,2025-08-31,25.8,21.6,31.6,3.9,1,84.6,7,
221,제천,2025-09-01,25.2,22.6,30.5,4.5,1.1,90.6,1.6,
221,제천,2025-09-02,23.2,18.6,27.9,5.4,1,87.3,4.9,
221,제천,2025-09-03,24,17.5,31.7,,1.2,80.9,8,
221,제천,2025-09-04,24,21.8,28.5,.1,1.8,81.1,1.6,
221,제천,2025-09-05,25.2,18.3,32,,.9,77.5,11.6,
221,제천,2025-09-06,25.3,22.4,30.3,8.3,1.4,91.3,3.4,
221,제천,2025-09-07,23.2,18.5,27.4,5,1.5,92.3,,
221,제천,2025-09-08,21.9,17.8,26.7,0,.8,86.4,,
221,제천,2025-09-09,21.2,18,24.9,.4,.8,91,,
221,제천,2025-09-10,20.7,15.4,29,,.8,81,,
221,제천,2025-09-11,21.7,12.7,29.8,,1.9,67,,
221,제천,2025-09-12,20.5,17.6,24.2,15,1.5,85,.2,
221,제천,2025-09-13,21.2,19.4,23.4,26.2,1.4,94.4,.2,
221,제천,2025-09-14,21.5,18.4,26.1,.6,.7,91.8,.4,
221,제천,2025-09-15,21.9,18,28.5,,.5,89.9,3.2,
221,제천,2025-09-16,22.3,18.4,28.6,44.6,.8,93.6,2.3,
221,제천,2025-09-17,21.9,19.1,25.2,25.4,.7,99.5,.2,
221,제천,2025-09-18,19.1,15.6,22.4,,1.9,82.4,3.3,
221,제천,2025-09-19,17.1,14.8,20.8,26.7,1.1,92,.2,
221,제천,2025-09-20,18,15.7,21.8,64.6,1.8,96,.7,
221,제천,2025-09-21,18.7,13.7,24.4,,1.4,78.9,10,
221,제천,2025-09-22,18.1,12.8,24.3,,1.4,76.4,5.4,
221,제천,2025-09-23,19.1,14.1,25,,1.9,71.4,6.4,
221,제천,2025-09-24,20.9,14.8,24.9,2.1,.8,89.1,1.8,
221,제천,2025-09-25,19.9,14.6,23.6,2.2,1,94.9,1.2,
221,제천,2025-09-26,19,14.8,26.5,,.9,85,7.2,
221,제천,2025-09-27,18.9,14.4,25.7,,1,83.3,5.9,
221,제천,2025-09-28,17.9,16.5,20,20.4,.8,98.5,0,
221,제천,2025-09-29,18.5,14.4,23.3,,.8,86,8,
221,제천,2025-09-30,16.8,13.2,22.8,,.8,89.6,1.8,
226,보은,2025-05-15,20.2,15.9,24.4,6.9,.9,83.6,1.5,
226,보은,2025-05-16,19.4,16.5,22.6,16.8,1.2,91.6,0,
226,보은,2025-05-17,18.5,14.2,24.8,2.7,1.5,84.3,4.2,
226,보은,2025-05-18,15.4,10.1,22,,1.6,64.4,7.7,
226,보은,2025-05-19,17.4,7.4,22.8,0,1.1,72.9,4.2,
226,보은,2025-05-20,24.1,17.8,30.6,,1.3,75.5,9.3,
226,보은,2025-05-21,23.7,18.5,28.3,,.9,80.3,4.4,
226,보은,2025-05-22,19.4,15.8,23.1,.9,1.2,85.3,0,
226,보은,2025-05-23,17.8,13.7,21.2,0,2,49.1,1.9,
226,보은,2025-05-24,14.7,12.2,17,2.7,1.5,67.3,0,
226,보은,2025-05-25,16.1,10.2,22.5,.2,1.1,75.1,10.5,
226,보은,2025-05-26,17.6,10,25.6,,.8,64.6,12.3,
226,보은,2025-05-27,18.5,10,25.8,,.9,66.1,11.6,
226,보은,2025-05-28,19.2,11.7,26.7,,1,65.6,12.2,
226,보은,2025-05-29,18.3,11.6,26.9,0,1.3,71.8,9.9,
226,보은,2025-05-30,17.5,12.8,25.1,,1,75.3,9,
226,보은,2025-05-31,18,10.3,25.3,,.9,70.9,10,
226,보은,2025-06-01,20.5,12.1,28.6,,.8,66.8,11.2,
226,보은,2025-06-02,19.1,15.5,23.4,.1,.7,77.3,0,
226,보은,2025-06-03,20.3,14,26.1,,1.9,60.5,10.1,
226,보은,2025-06-04,18.5,9.8,26.4,,2,57.1,10.9,
226,보은,2025-06-05,18.7,9.8,26.7,,1.1,64.1,11.3,
226,보은,2025-06-06,20.3,13.6,30,,1,63.1,6.2,
226,보은,2025-06-07,21.8,13.1,30,,.9,63.3,9.3,
226,보은,2025-06-08,24.1,17.8,30.4,,.9,70.1,7.8,
226,보은,2025-06-09,23.9,19.7,30.5,,1.1,69.4,10.1,
226,보은,2025-06-10,22.8,18.3,28.9,,1.6,70.1,6.8,
226,보은,2025-06-11,21.1,13.7,29,,1.6,58,11.5,
226,보은,2025-06-12,22.4,13.9,30.5,,.9,58.1,8.8,
226,보은,2025-06-13,19.6,16.7,24,41.3,1,83.4,0,
226,보은,2025-06-14,22.8,18.2,29.2,47.4,1,86.9,4.9,
226,보은,2025-06-15,25.7,21.7,31.1,1,1,78.8,7,
226,보은,2025-06-16,23.5,21.2,27,12.9,1.3,85.5,2.9,
226,보은,2025-06-17,23.3,19.5,28.8,4.6,1.1,82.8,5.9,
226,보은,2025-06-18,23.9,19.5,29.6,,1,76.6,11.4,
226,보은,2025-06-19,24.5,17.9,31,.1,1,77.5,6.9,
226,보은,2025-06-20,23.5,22,25.6,24.3,1.6,91.9,0,
226,보은,2025-06-21,20.9,17.3,23.5,75.1,1.1,96,0,
226,보은,2025-06-22,21.6,17.4,27.7,.1,1,79.4,11.1,
226,보은,2025-06-23,23,15.8,30,,.8,74.3,12.4,
226,보은,2025-06-24,20.3,17.5,25.6,8.5,.9,85.5,.4,
226,보은,2025-06-25,20.5,18.7,22.4,1.1,1.3,88.8,.1,
226,보은,2025-06-26,21.4,19.3,25.6,4,.7,90.3,.7,
226,보은,2025-06-27,23.8,19.5,28.8,,.5,84.8,6,
226,보은,2025-06-28,25.5,21.3,31.3,5.3,.7,86.1,3.1,
226,보은,2025-06-29,27,22.7,32.1,,.9,80.3,10.3,
226,보은,2025-06-30,27.1,21.9,32.5,,.9,78.5,9,
226,보은,2025-07-01,27,22.6,32.2,0,.9,83,5.6,
226,보은,2025-07-02,27.4,22.8,33,,1,81,8.1,
226,보은,2025-07-03,26.7,23.1,32.4,,1,77.9,9,
226,보은,2025-07-04,26,21.7,29.8,,1.1,79,6.1,
226,보은,2025-07-05,26.2,21.6,31.4,,1,80.4,7.1,
226,보은,2025-07-06,27.1,22.8,31.6,,.9,80.6,6.5,
226,보은,2025-07-07,28.6,24.1,34.2,,.9,79.8,8.7,
226,보은,2025-07-08,28.7,23.7,33.5,,1.6,73.4,12.1,
226,보은,2025-07-09,28.4,22.9,33.1,,1.9,57.6,12.9,
226,보은,2025-07-10,27,19.8,33.2,,1.9,49.9,12.3,
226,보은,2025-07-11,26.6,21.5,32.2,,1.8,51.1,12.9,
226,보은,2025-07-12,25.2,20.2,31.4,,2.1,66.1,12.8,
226,보은,2025-07-13,23.8,19.5,28.9,3.3,.6,83.4,2.5,
226,보은,2025-07-14,22.1,18.9,28.8,10.2,.9,86.9,2,
226,보은,2025-07-15,21.4,19.8,23.9,1.8,.8,92.4,0,
226,보은,2025-07-16,21.5,19.6,23,49.8,1.4,95,0,
226,보은,2025-07-17,22,20.8,23.5,134.1,2.4,92.9,0,
226,보은,2025-07-18,23.4,19.9,27.8,3.3,1.3,92.4,1.9,
226,보은,2025-07-19,23.5,22.3,25.8,31.3,2.1,93.4,.1,
226,보은,2025-07-20,25.7,21.4,30.4,1.3,1,87.8,7.8,
226,보은,2025-07-21,26,22.9,32,0,.7,88.9,5.1,
226,보은,2025-07-22,26.8,23,32.2,,.9,83.6,9,
226,보은,2025-07-23,26.7,22.2,32.3,,.9,83.1,9.7,
226,보은,2025-07-24,27.3,22.4,33.2,,.4,81.3,9.3,
226,보은,2025-07-25,27.4,21.4,33,,1.1,80,12.7,
226,보은,2025-07-26,27.6,21.9,32.8,,1.3,77.5,12.6,
226,보은,2025-07-27,28.9,24.2,33.4,,2,70,12.7,
226,보은,2025-07-28,28.6,22.8,34.9,,.8,77.5,12.5,
226,보은,2025-07-29,28,23.2,33.8,,1.3,75.9,12.7,
226,보은,2025-07-30,27.3,21.6,33,,1.2,75.6,10.9,
226,보은,2025-07-31,27.5,23.3,32.8,0,.9,71.8,6.8,
226,보은,2025-08-01,27.9,22,34.2,,.7,74.9,11.9,
226,보은,2025-08-02,28.7,23.7,34.3,,.7,76.4,10.1,
226,보은,2025-08-03,25.4,20.2,30,34.1,1.1,88.5,0,
226,보은,2025-08-04,26.6,22,32,21.5,1.2,89.5,3.7,
226,보은,2025-08-05,27.9,24.2,32.4,0,1.1,77.4,9.9,
226,보은,2025-08-06,26.6,25.1,29.4,4.2,1.1,88.6,.3,
226,보은,2025-08-07,25.7,21.4,30.6,,1.3,82.9,5.1,
226,보은,2025-08-08,24.3,20.2,29.6,,.6,83.4,6.7,
226,보은,2025-08-09,22.7,20.9,25.2,.8,.6,94.4,0,
226,보은,2025-08-10,24.1,19,29.8,,.7,81.9,10.2,
226,보은,2025-08-11,22.4,19.5,26.7,1.2,.7,90.6,0,
226,보은,2025-08-12,22.4,18.2,26.7,,1.5,88,1.8,
226,보은,2025-08-13,25.7,22.3,31,4.2,.9,90.1,1.8,
226,보은,2025-08-14,26.6,22.9,30.8,,1.2,83.9,6.9,
226,보은,2025-08-15,26,23.2,32.1,4,.8,88.8,6.6,
226,보은,2025-08-16,25.9,22.2,31.9,,.8,84.5,9.1,
226,보은,2025-08-17,25.7,20.8,31.9,,.7,82,8.8,
226,보은,2025-08-18,26.7,22.7,32.3,,.8,80.3,5.7,
226,보은,2025-08-19,26.9,23.3,32.1,0,.9,80.4,7.3,
226,보은,2025-08-20,27.1,22.1,32.8,,.8,80.5,10.1,
226,보은,2025-08-21,27.5,23.5,33.3,,.8,78.1,10.7,
226,보은,2025-08-22,27.3,22.4,33.1,,.9,80.4,10,
226,보은,2025-08-23,27,21.8,32.3,,.7,81.9,8.5,
226,보은,2025-08-24,27.8,23.5,34,,.7,79.3,8.8,
226,보은,2025-08-25,27.9,22.9,33.6,,1,77.5,8.5,
226,보은,2025-08-26,24.7,23.1,27.6,19.2,1,92.9,.5,
226,보은,2025-08-27,24.8,21.5,30.8,,.6,83.6,8.2,
226,보은,2025-08-28,25.7,21.2,31.4,,.8,83.5,6.7,
226,보은,2025-08-29,26.8,22.6,32,,1,82.1,7.5,
226,보은,2025-08-30,27,22.7,32.9,,.7,81.5,8.6,
226,보은,2025-08-31,25.4,22.1,31.3,.8,.7,87.6,5.5,
226,보은,2025-09-01,25.6,22.3,31.9,4.3,1.4,87,5.3,
226,보은,2025-09-02,23.9,18.7,28.3,.6,.7,84.5,4.4,
226,보은,2025-09-03,24.5,17.4,31,,1.1,80.9,10.7,
226,보은,2025-09-04,25.1,21.1,30.2,.1,.8,81.3,4.2,
226,보은,2025-09-05,26.1,20.5,32.1,,.8,79.9,10.3,
226,보은,2025-09-06,26.6,22.6,32.2,.2,1.4,80.4,4.6,
226,보은,2025-09-07,23.9,19.6,28.9,15.2,.9,91.4,.5,
226,보은,2025-09-08,20.7,17.5,24,0,.7,92.5,.2,
226,보은,2025-09-09,19.1,18.4,19.9,7,.7,93.8,0,
226,보은,2025-09-10,22.2,18.8,28.3,,.6,86.9,3.8,
226,보은,2025-09-11,22.6,16.9,29,,1.3,74,8.8,
226,보은,2025-09-12,22,20,25.2,26.9,1.2,86,.2,
226,보은,2025-09-13,24.4,21.6,28.7,20.5,1.5,89,3.9,
226,보은,2025-09-14,23.2,20.8,28,,.7,88.5,1.8,
226,보은,2025-09-15,23.3,20,28.1,,.5,88.5,1.9,
226,보은,2025-09-16,24.4,21.3,30.6,6.7,.8,88.9,3.8,
226,보은,2025-09-17,22.7,21.1,26.4,28.1,.9,96.9,1,
226,보은,2025-09-18,20.8,17.5,23.6,.1,1.2,81,4.8,
226,보은,2025-09-19,19.1,17.6,21.1,6.7,1.2,81.3,.1,
226,보은,2025-09-20,19,16.2,21.9,39.4,1.7,93.4,.6,
226,보은,2025-09-21,19.5,16,25.1,,.8,81.8,4.8,
226,보은,2025-09-22,19.2,15.6,22.8,,1.1,77.1,.7,
226,보은,2025-09-23,20.1,16.1,25.2,,1.3,73.3,7.1,
226,보은,2025-09-24,21.1,15.8,26.1,9.2,1.2,90,2.4,
226,보은,2025-09-25,21.4,19.3,23.9,13.1,.5,99.1,0,
226,보은,2025-09-26,20.2,16.7,25.6,,.5,88,6.1,
226,보은,2025-09-27,20.5,15.5,25.9,,.9,88.5,5.4,
226,보은,2025-09-28,19.4,18.6,21,26.1,.8,96.6,0,
226,보은,2025-09-29,18.9,14.4,23.7,,.8,85.1,5.8,
226,보은,2025-09-30,17.1,13.5,23.4,,.6,90.3,4.3,
232,천안,2025-05-15,20.5,16.4,23.5,.6,.9,82.9,.8,
232,천안,2025-05-16,20.3,17.1,23.7,14.8,1.3,90.9,0,
232,천안,2025-05-17,18.9,14.7,25.5,.9,1.7,83.1,5,
232,천안,2025-05-18,15.1,9.1,21.7,,1.3,62.3,8.1,
232,천안,2025-05-19,17.2,6.8,22.5,,1.4,71.8,2.4,
232,천안,2025-05-20,23.9,20.4,29.7,,1.6,78.9,7.5,
232,천안,2025-05-21,24.6,20.2,30,,1.1,76.3,9.1,
232,천안,2025-05-22,20.1,16.4,22.9,.3,1.2,91.6,1.1,
232,천안,2025-05-23,18.2,13.6,23.3,2.2,2.3,57.1,.8,
232,천안,2025-05-24,14.3,12.4,16.2,1.9,2.3,76.5,0,
232,천안,2025-05-25,15.8,9,22.8,,1.1,74.3,12.9,
232,천안,2025-05-26,17.6,9.6,26.1,,.7,67.8,12.1,
232,천안,2025-05-27,19,10.6,26.5,,.9,68.9,12.5,
232,천안,2025-05-28,19,12.3,26.6,,1,68.1,11.6,
232,천안,2025-05-29,19.2,11.3,26.9,0,1,67,12.3,
232,천안,2025-05-30,18.4,11.7,26.5,,1.1,62.4,12.8,
232,천안,2025-05-31,18.8,10.7,25.7,,1,63.5,8.7,
232,천안,2025-06-01,20.5,11.7,28.7,,1,62.6,11,
232,천안,2025-06-02,19,15.3,23.3,0,.6,69.8,0,
232,천안,2025-06-03,20,14.3,25.6,,2,56.8,11.5,
232,천안,2025-06-04,18.6,9.5,26.6,,2.1,58.1,13.2,
232,천안,2025-06-05,19.3,10.5,27.2,,1.1,62,11.8,
232,천안,2025-06-06,20.8,14.1,30.2,,1.2,58.9,5.8,
232,천안,2025-06-07,22,13.7,29.7,,1,68.1,7.5,
232,천안,2025-06-08,24,19.2,30.1,0,.9,76.5,6.8,
232,천안,2025-06-09,24.1,20,30,,.9,74.6,7.4,
232,천안,2025-06-10,21.9,16.9,26.9,,1.4,75.9,7.5,
232,천안,2025-06-11,21.1,12.9,28.2,,1.3,58.1,12.8,
232,천안,2025-06-12,22.2,13.8,29.6,,.8,58.9,8.4,
232,천안,2025-06-13,20.6,16.2,26.4,9.5,.9,80.1,.2,
232,천안,2025-06-14,23.1,18.9,29.4,10.6,.9,85.6,2.7,
232,천안,2025-06-15,25.7,19.5,31,3.9,1.2,75.9,8.7,
232,천안,2025-06-16,23.4,21.7,27,5.4,1.5,87,3.3,
232,천안,2025-06-17,23.4,20.4,28.8,1.4,1,83.4,4.5,
232,천안,2025-06-18,24.1,19.4,30.5,,.9,75.6,9.9,
232,천안,2025-06-19,25.3,18.2,31.3,0,.9,76.1,6.7,
232,천안,2025-06-20,24.2,22.6,26.6,43.4,2,92.1,0,
232,천안,2025-06-21,21,18,23.2,56.6,.8,96.5,0,
232,천안,2025-06-22,21.9,17.4,28.9,,.9,78.4,10.9,
232,천안,2025-06-23,23.6,16,31,,.8,72.4,12.8,
232,천안,2025-06-24,21.7,18.7,26.1,7.8,1.7,81.4,.2,
232,천안,2025-06-25,20.5,19.5,22.6,2,1.3,93.4,0,
232,천안,2025-06-26,21.8,19.5,25.6,,.6,89.4,.4,
232,천안,2025-06-27,23.5,19.3,28.7,,.6,85.4,4.6,
232,천안,2025-06-28,25.7,22.1,29.7,0,.6,89,.6,
232,천안,2025-06-29,27.3,23.5,31.9,,1,79.3,8.2,
232,천안,2025-06-30,27.1,21.8,32,,1,79.4,8.9,
232,천안,2025-07-01,27,22.5,32.8,.1,1,83.9,4.2,
232,천안,2025-07-02,27.2,22.4,32.3,,.8,84.3,4.6,
232,천안,2025-07-03,27.2,24.2,31.7,,.9,80.9,6.1,
232,천안,2025-07-04,25.9,22,30,,1,81.8,3.3,
232,천안,2025-07-05,26.9,22.2,31.8,,.9,79.3,8.1,
232,천안,2025-07-06,27.3,22.4,32.5,,.8,82.3,3.8,
232,천안,2025-07-07,28.2,24.8,33.3,,.8,82.5,6.1,
232,천안,2025-07-08,29.8,24.5,35.4,,1.2,74,10.7,
232,천안,2025-07-09,29.1,24.2,34.7,,2,63.6,13,
232,천안,2025-07-10,28.8,21.9,33.9,,2.2,49.6,13.3,
232,천안,2025-07-11,28,22.5,33.6,,3.1,47.6,13.2,
232,천안,2025-07-12,26.4,19.4,32.9,,1.8,62.4,13.2,
232,천안,2025-07-13,23.6,19.9,30.1,1.8,.7,84.8,2.5,
232,천안,2025-07-14,22.1,19.1,28.5,9.8,1,90,1.8,
232,천안,2025-07-15,21.8,20.5,23.7,6.3,.8,94.8,0,
232,천안,2025-07-16,22.4,20.9,24.2,63.2,1.6,94.8,0,
232,천안,2025-07-17,21.9,20.7,23.4,301.1,2.2,97.5,0,
232,천안,2025-07-18,24.3,20.9,27.5,.1,1.2,91.8,.6,
232,천안,2025-07-19,24.7,23.1,27.5,15.5,1.4,95.6,.2,
232,천안,2025-07-20,26.5,22.7,31.6,0,.9,87.1,5,
232,천안,2025-07-21,26.4,22.9,32.3,5.6,.7,90,7.4,
232,천안,2025-07-22,26.3,22.8,32.2,.5,.3,87.9,7.2,
232,천안,2025-07-23,27,22.3,32,,,83.5,10.1,
232,천안,2025-07-24,27.8,22.9,33.8,,,81.8,9.4,
232,천안,2025-07-25,28.4,22.4,34.8,,.8,78.1,12.2,
232,천안,2025-07-26,28.8,23.3,34.9,,1,76.4,11.9,
232,천안,2025-07-27,29.2,23.6,35,,1,74.9,13,
232,천안,2025-07-28,29.1,24.6,35.1,,.8,75.6,12,
232,천안,2025-07-29,28.9,23.9,35.4,,.8,77.8,10.3,
232,천안,2025-07-30,28.7,23.2,34.8,,1.3,70.5,10.9,
232,천안,2025-07-31,28.2,24.7,33.4,,.9,73.6,6.3,
232,천안,2025-08-01,28.5,23.1,34.8,,.7,74.5,10.8,
232,천안,2025-08-02,28.9,24.2,34.3,0,.7,75.1,9.5,
232,천안,2025-08-03,26,22.3,30.3,32.5,1,88.4,0,
232,천안,2025-08-04,26.7,22.5,30.8,9.5,1.3,88.4,3.5,
232,천안,2025-08-05,27.8,24,32.3,0,.7,80.4,7.9,
232,천안,2025-08-06,26.7,24.7,29.4,5.1,1.1,92.8,0,
232,천안,2025-08-07,25.8,21.6,30.2,,1.3,83.5,7.5,
232,천안,2025-08-08,24.7,19.9,30,,.6,84,6.1,
232,천안,2025-08-09,23.1,20.7,25.8,.8,.7,95,0,
232,천안,2025-08-10,24.5,18,30.9,,.8,79.3,12.4,
232,천안,2025-08-11,23.4,21.2,25.7,1.9,.6,95.6,0,
232,천안,2025-08-12,24.5,19.2,29.3,0,1.6,82.5,4.1,
232,천안,2025-08-13,25.9,22.8,31,29.6,1.4,88.8,1.5,
232,천안,2025-08-14,26,23.5,29.6,12.4,.8,92.1,2.7,
232,천안,2025-08-15,26.3,22.8,31.4,12.3,.5,92.4,5.2,
232,천안,2025-08-16,26.9,22.4,32.6,,.7,82.5,8,
232,천안,2025-08-17,26.3,21.5,31.7,,.8,84.6,7,
232,천안,2025-08-18,27.4,23.8,32.4,,.9,82.5,4.7,
232,천안,2025-08-19,26.8,23.8,31.7,11.1,.9,87.1,7.3,
232,천안,2025-08-20,27.1,22.5,32.4,,.8,83,9.2,
232,천안,2025-08-21,28,24.1,33.4,0,.6,79.9,9.8,
232,천안,2025-08-22,27.7,23.2,32.9,,.9,80.1,11.1,
232,천안,2025-08-23,27.7,22.8,33,,.6,83.6,9.4,
232,천안,2025-08-24,28.6,25,33.4,,.7,79.3,9.6,
232,천안,2025-08-25,28.5,23.8,33.3,,1.3,78.3,8,
232,천안,2025-08-26,24.8,22.8,28.5,105,.9,96.3,1.2,
232,천안,2025-08-27,24.9,21.3,30.9,,.6,84.3,7.8,
232,천안,2025-08-28,26.2,21.8,31.3,,.9,85.6,6,
232,천안,2025-08-29,27.6,23.3,32.3,,1.2,83.5,8.6,
232,천안,2025-08-30,27.4,23.9,32.7,18.5,.8,85.6,7.4,
232,천안,2025-08-31,27,23,32.6,,1,83.6,9.4,
232,천안,2025-09-01,26.2,24.2,31.2,2.9,1.2,91.3,4,
232,천안,2025-09-02,24.3,19.9,28.9,,.6,85.4,5.3,
232,천안,2025-09-03,24.8,18.2,32.1,7.4,.9,82.9,10.4,
232,천안,2025-09-04,24.9,22.6,29.8,.7,1.2,91.9,2.9,
232,천안,2025-09-05,26.4,21.7,32,,1,81.5,10.3,
232,천안,2025-09-06,26.6,23.3,31.8,28.7,1.4,86,4.5,
232,천안,2025-09-07,24,19.3,27.8,3.1,.8,92,.2,
232,천안,2025-09-08,21.9,18.1,25.4,,.7,91.9,.2,
232,천안,2025-09-09,21.6,19.1,23.8,.2,.9,91.5,.2,
232,천안,2025-09-10,22.1,16.7,29,,1,81.9,10.6,
232,천안,2025-09-11,23,15.8,29.9,,1.3,71.6,11.3,
232,천안,2025-09-12,22.1,20.5,24.8,25.8,2,83,0,
232,천안,2025-09-13,23.5,20.8,26.1,13.4,1.2,94.1,.4,
232,천안,2025-09-14,23.8,21,28.3,,.5,88.6,2.1,
232,천안,2025-09-15,23.6,19.4,28.8,,.6,87.6,3.9,
232,천안,2025-09-16,24.2,20.9,30.5,5.8,.9,93.3,2.3,
232,천안,2025-09-17,22.7,21,25.5,20.3,1,97.8,.1,
232,천안,2025-09-18,21.6,18.6,25.3,,1.6,85.3,2.1,
232,천안,2025-09-19,19,17.5,21.6,16.4,2,88.5,0,
232,천안,2025-09-20,19.2,16.1,23.1,61.1,1.4,92.8,.6,
232,천안,2025-09-21,20.3,15.8,25.8,,1.3,81.3,9.6,
232,천안,2025-09-22,20.4,17.3,24.5,,2,72.9,2.3,
232,천안,2025-09-23,21.5,16.9,26.1,0,2.2,66.5,6.3,
232,천안,2025-09-24,21.5,17,25.5,14.2,1,88.8,1.6,
232,천안,2025-09-25,21.2,18.7,24.5,4.3,.5,95.3,0,
232,천안,2025-09-26,19.7,16.6,25.7,,.7,86.5,6.4,
232,천안,2025-09-27,21.4,15.6,27.2,,1,85.3,5.7,
232,천안,2025-09-28,19.8,18.5,21.2,33.1,.9,97.6,0,
232,천안,2025-09-29,18.8,14.8,24.4,,.6,85,6.4,
232,천안,2025-09-30,17.6,13.6,23.5,,.5,89.9,2.4,
235,보령,2025-05-15,17.8,16.2,21.8,1.2,3.1,94.3,0,4.63
235,보령,2025-05-16,20.8,17.7,24.3,9.8,2.4,86.3,0,5.22
235,보령,2025-05-17,16.5,12.4,21.4,.2,2.8,90.9,7.8,20.97
235,보령,2025-05-18,14.9,9.7,21.4,,1.1,75.3,8.9,24.79
235,보령,2025-05-19,17.5,11.3,20.1,,4.6,77.6,3.7,10.97
235,보령,2025-05-20,22.3,19,25.6,.3,4.6,90,1.4,12.45
235,보령,2025-05-21,23.5,19,28.9,,1.5,79.3,8.3,19.79
235,보령,2025-05-22,18.7,16.7,22,,1.3,89.9,0,9.56
235,보령,2025-05-23,19.4,15.9,24.8,4.4,1.7,71.1,.7,12.1
235,보령,2025-05-24,16.5,14.3,20.1,0,3.4,65.1,.7,10.45
235,보령,2025-05-25,16,10.5,22.1,,1.2,71.9,12.2,27.46
235,보령,2025-05-26,16.9,11.5,22.2,,2.1,76.1,11.8,25.63
235,보령,2025-05-27,17.5,13.8,21.7,,2.5,80.1,11.7,25.43
235,보령,2025-05-28,18.9,13.4,25.6,,1.2,75.6,11.4,26.52
235,보령,2025-05-29,19.8,13.3,27.7,,1.1,65.3,12,27.53
235,보령,2025-05-30,18.9,13,27.3,,1,66.3,11.3,24.41
235,보령,2025-05-31,17.6,13.3,23.2,,1.7,80.4,5.5,18.86
235,보령,2025-06-01,19.3,13.4,25.2,,1.3,69,10.6,26.54
235,보령,2025-06-02,18.7,16.6,21.8,0,.8,73,0,8.63
235,보령,2025-06-03,18.2,13.8,24.2,,1.4,78.8,8.9,23.32
235,보령,2025-06-04,17.9,12.1,24.8,,1.7,73.1,12.3,29.77
235,보령,2025-06-05,19.2,11.4,24.7,,1.9,57.6,11.8,27.79
235,보령,2025-06-06,24,20.6,28.4,,4.3,37.6,7.6,23.35
235,보령,2025-06-07,23.6,21,27.1,,3.5,68,10.8,25.86
235,보령,2025-06-08,23.1,19.8,27.2,0,1.9,81.4,6.5,23.37
235,보령,2025-06-09,23.2,19.4,29.1,,1.5,80.8,8.7,25.46
235,보령,2025-06-10,20.5,16.4,27.6,,1,82.3,6.6,20.12
235,보령,2025-06-11,20.6,13.7,29,,.9,70.5,11.7,28.32
235,보령,2025-06-12,22.4,15.2,30.2,,1.6,61.9,8.8,23.4
235,보령,2025-06-13,20.9,17.6,23.9,21.1,1.1,82.6,0,6.3
235,보령,2025-06-14,23.2,19.5,29.6,12.6,1.7,83.5,4.5,19.21
235,보령,2025-06-15,23.5,18.2,28.9,.1,2.8,84.1,7.2,22.64
235,보령,2025-06-16,22.1,21,23.4,22.6,4.8,92,.2,5.36
235,보령,2025-06-17,22.9,20.2,26.5,2.8,3.4,88,6.2,18.08
235,보령,2025-06-18,22.8,19.5,28.1,,1.9,76.1,11.8,27.86
235,보령,2025-06-19,26.4,18.8,32.1,2.1,2.3,75.5,6.2,19.02
235,보령,2025-06-20,24.4,22.1,26.4,93.8,7.3,91.4,0,2.85
235,보령,2025-06-21,20.3,18.2,23.1,80.4,1.9,96,0,3.66
235,보령,2025-06-22,20.9,17.8,25.9,,1.2,86.4,11.4,29.05
235,보령,2025-06-23,23.1,16.5,28.2,,1.6,79,11,28.98
235,보령,2025-06-24,22.7,20.3,27.3,9.1,1.8,80.8,.1,7.7
235,보령,2025-06-25,20.8,19.8,21.4,7.6,2.9,92.8,0,3.7
235,보령,2025-06-26,21.7,19.7,25.5,0,1.3,88,4.2,17.45
235,보령,2025-06-27,24.2,20.3,28.6,0,1.4,82.5,6,21.16
235,보령,2025-06-28,25.6,23.1,28.6,0,2.4,89.4,.5,12.44
235,보령,2025-06-29,26.4,24.1,29.5,,2.9,83.3,6.8,23.42
235,보령,2025-06-30,26.8,23.6,30.7,,2.7,84.1,9.1,24.44
235,보령,2025-07-01,27.8,24.1,31.1,,3.3,84.6,6.8,22.49
235,보령,2025-07-02,27.6,25.3,30.4,,2.9,85.1,10.2,26.53
235,보령,2025-07-03,27,24.8,30.1,,3.2,85,8.6,24.55
235,보령,2025-07-04,26.9,25.2,29.8,,4.7,83.5,2.9,17.73
235,보령,2025-07-05,27.4,25.4,30.4,,4,84,6,21.93
235,보령,2025-07-06,27.5,26,30.2,,3.9,86.1,8.3,23.99
235,보령,2025-07-07,28.3,25.7,32.4,,1.7,82.3,7.7,23.84
235,보령,2025-07-08,30.6,25.5,35.9,,1.4,77,10.4,24.72
235,보령,2025-07-09,30.1,25.9,36.3,,1.1,66.6,12.1,28
235,보령,2025-07-10,30.4,23.8,36.1,,1.9,48.4,12.3,28.36
235,보령,2025-07-11,30.7,26.8,35.3,,2.9,43,12.3,28.26
235,보령,2025-07-12,27.9,23.5,34.1,,1.7,53.9,12,28.59
235,보령,2025-07-13,24.3,21.4,29.6,2.5,1,80.8,.5,8.09
235,보령,2025-07-14,24.3,20.3,29.6,1.4,1.8,82.5,5.5,20.03
235,보령,2025-07-15,23.7,21.1,27.3,3.2,2,84.5,3.1,16.68
235,보령,2025-07-16,23.5,21.9,25,133.8,3.1,90.5,0,1.91
235,보령,2025-07-17,24.7,22.3,27.3,113.9,3.7,92.3,.1,4.09
235,보령,2025-07-18,25.2,22.2,28.9,3.6,1.6,86.5,.1,7.88
235,보령,2025-07-19,25.9,22.9,27.9,15.6,3.9,89.6,.4,5.96
235,보령,2025-07-20,28.4,25.3,33.6,,2.4,78.4,9.5,25.53
235,보령,2025-07-21,28.4,25.5,31.7,,2.6,79.9,10.7,26.82
235,보령,2025-07-22,28,24.7,32.7,,1.3,80.4,11.3,26.41
235,보령,2025-07-23,28.6,24.1,34.4,,1.2,76.9,10.5,25.37
235,보령,2025-07-24,29,24.1,35.3,,1.2,75.3,11.2,25.13
235,보령,2025-07-25,29.6,24.4,34.8,,1.2,75.8,12.2,27.34
235,보령,2025-07-26,30.2,25.1,36.3,,1,75.4,10,24.45
235,보령,2025-07-27,30.2,24.9,36,1.2,1.1,72,12.2,27.82
235,보령,2025-07-28,29.8,25.7,34.8,3.8,1.2,77,11.3,27.01
235,보령,2025-07-29,29.7,26,34.4,,1.3,75,12,27.16
235,보령,2025-07-30,29.9,25.3,35.3,,1,78,9,22.82
235,보령,2025-07-31,30,25.2,36.6,,1.4,68.1,8.3,25.4
235,보령,2025-08-01,29.3,24.4,35.6,,1.2,69.8,11.4,26.16
235,보령,2025-08-02,29.6,24.8,36.3,,1,71.1,10.9,25.27
235,보령,2025-08-03,26.8,24.1,30.3,78.4,1.7,84.8,0,3.62
235,보령,2025-08-04,27.1,24.6,31.2,18.6,1.5,87.8,3.7,15.62
235,보령,2025-08-05,27.9,23.6,32.7,.8,1.7,81,11.3,26.66
235,보령,2025-08-06,27.4,25.1,29.2,3.8,3.3,92.3,.1,6.25
235,보령,2025-08-07,26.7,22.4,31.2,,.8,82.5,8.3,22.69
235,보령,2025-08-08,25.3,21.8,29.8,,1.1,83.8,4.1,15.87
235,보령,2025-08-09,24.4,22.9,27.2,1,1.3,88,0,4.67
235,보령,2025-08-10,25.8,20.2,32.7,,1.6,76.1,11.1,25.3
235,보령,2025-08-11,24.3,21.7,27.7,1.9,1.1,89.9,.2,5.69
235,보령,2025-08-12,25.4,20.7,31,.2,1.8,80,3.6,16.36
235,보령,2025-08-13,27.8,24.4,30.7,14.6,5.1,84.9,4.5,15
235,보령,2025-08-14,26.9,24.7,30.2,16.6,3.1,86.3,5.1,15.5
235,보령,2025-08-15,27.8,24.8,31.9,,1.5,87.1,9.3,24.17
235,보령,2025-08-16,27.3,23.9,32,,1.8,84.6,11,25.92
235,보령,2025-08-17,27.8,24.4,32.4,,1.6,84.4,8.2,22.59
235,보령,2025-08-18,28.6,25.5,31.8,,2.4,82.5,10.8,25.16
235,보령,2025-08-19,28.6,26.5,31.7,,3.3,85.9,7.8,22.19
235,보령,2025-08-20,28.4,25.3,32.5,,2,82.3,10.8,24.46
235,보령,2025-08-21,29,26.2,33.7,,1.2,80.9,10.3,24.94
235,보령,2025-08-22,28.4,25.1,32.8,,1.4,80.6,11.4,25.27
235,보령,2025-08-23,28.6,25,33.1,,1.5,80.9,10.7,23.62
235,보령,2025-08-24,29,24.9,33.5,,2,80,10.9,24.53
235,보령,2025-08-25,29.5,26.8,32.8,,4,81.1,8.4,21.32
235,보령,2025-08-26,26.6,24.2,31,30.4,2.1,90,3.9,11.89
235,보령,2025-08-27,25.9,22.4,32.1,,1,81.8,9.7,21.95
235,보령,2025-08-28,27.3,21.5,31.8,,2.6,81.6,6.9,19.26
235,보령,2025-08-29,28.9,27,31.9,0,3.7,85.6,7.6,19.4
235,보령,2025-08-30,28.6,26,32.8,,1.6,83.1,10,23.71
235,보령,2025-08-31,28.5,24.6,32.5,,2.5,77.8,9.9,21.85
235,보령,2025-09-01,26.7,24.8,31.9,30,3,88.8,2.6,11.88
235,보령,2025-09-02,25.2,22.1,31,0,.9,83,5.3,15.88
235,보령,2025-09-03,26.7,20.7,32.8,,1.5,76.3,10.3,21.9
235,보령,2025-09-04,26.3,24.3,31.7,6.2,1.5,84,3.6,11.51
235,보령,2025-09-05,27.7,23.3,32.5,,1.3,80.9,9.9,20.83
235,보령,2025-09-06,27.2,23,31.5,56.8,4.2,85.8,6.7,17.48
235,보령,2025-09-07,24.7,19.7,29.3,5,1,86.5,1.2,10.26
235,보령,2025-09-08,22.5,18.6,26,0,1.3,85.5,.2,6.82
235,보령,2025-09-09,21.6,19.5,25.2,2.1,1.6,82.6,.9,8.35
235,보령,2025-09-10,24.3,18.8,30.7,,2.2,71.1,11,23.15
235,보령,2025-09-11,25.8,19.2,31.3,,2.2,66.1,10.7,22.51
235,보령,2025-09-12,23.8,22.2,26.1,15.1,2.1,79.8,0,4.66
235,보령,2025-09-13,24.7,22,27.8,33.6,2.3,86.6,.7,9.88
235,보령,2025-09-14,24.7,21.9,29.2,,.9,85.8,2,12.81
235,보령,2025-09-15,24.9,20.6,29.6,,1.3,82,4.1,12.49
235,보령,2025-09-16,25.4,22.3,30.2,50.9,2.3,90.1,3.3,13.11
235,보령,2025-09-17,23.3,20.5,25.9,35.5,1.6,92.9,.5,5.66
235,보령,2025-09-18,22.5,19.4,28.4,0,1,85,3.9,12.78
235,보령,2025-09-19,20.9,18.5,23.8,20.4,2.3,80.6,0,4.42
235,보령,2025-09-20,21,18.1,26.3,63.1,1.7,88.4,4.3,13.25
235,보령,2025-09-21,21.9,17.2,26.8,,2.2,76.5,9.7,19.06
235,보령,2025-09-22,22.8,20.5,25.1,0,2.3,61.5,2.7,11.15
235,보령,2025-09-23,23.8,19.3,29.3,0,1.9,57,6.9,17.54
235,보령,2025-09-24,23.8,19.7,27.2,19.7,2.4,80,.5,5.73
235,보령,2025-09-25,22.1,20.8,24.3,21.1,1,95.4,.2,4.41
235,보령,2025-09-26,21.7,17,27.4,,1.2,86,8,16.23
235,보령,2025-09-27,23.1,17.8,28.7,3,1.4,82.1,6.9,15.94
235,보령,2025-09-28,20.6,18.2,22.5,36.6,1.7,93.3,0,3.6
235,보령,2025-09-29,20.4,16.4,26.2,,.9,80.6,7.9,16.99
235,보령,2025-09-30,19.5,15.8,25.8,,1.4,81.1,4.2,12.28
236,부여,2025-05-15,19.1,17.3,20.9,10.1,.7,93.3,0,
236,부여,2025-05-16,19.8,17.2,24.1,19.3,.7,92.9,0,
236,부여,2025-05-17,18.6,14.4,24.7,,1.3,84.6,5.8,
236,부여,2025-05-18,15.7,10.2,23.1,,.6,66.1,8.6,
236,부여,2025-05-19,17.7,10.2,22,,1.3,77.3,3.5,
236,부여,2025-05-20,23.8,17.8,29.3,,1,83.1,3.5,
236,부여,2025-05-21,24.4,19.3,31.1,,.5,77.6,5.3,
236,부여,2025-05-22,21.1,18.2,23.4,0,.6,87.3,.1,
236,부여,2025-05-23,19.1,16.4,24.3,0,1,61.4,.9,
236,부여,2025-05-24,16,14,18.1,.8,1.2,69.5,.4,
236,부여,2025-05-25,16.5,9.6,24,,.8,71.9,12.8,
236,부여,2025-05-26,17.9,11.1,25.8,,.6,67.5,12,
236,부여,2025-05-27,18.4,11.4,26.3,,.7,74.8,12.1,
236,부여,2025-05-28,19.6,13.4,27.6,,.7,71,9.3,
236,부여,2025-05-29,20,12.7,28,,.7,63.9,11,
236,부여,2025-05-30,19.6,12.1,27.2,,.4,62.3,12,
236,부여,2025-05-31,18.6,11.5,25.6,,.6,73.8,5.7,
236,부여,2025-06-01,20.8,12.5,29.1,,.6,65.8,10.8,
236,부여,2025-06-02,19.6,16.5,23.3,0,.4,71.5,0,
236,부여,2025-06-03,19.7,13.5,26,,1.2,66.8,13.2,
236,부여,2025-06-04,19.5,12.4,27.3,,1.4,63.1,13.2,
236,부여,2025-06-05,19.2,10.5,27.4,,.6,63.1,11.8,
236,부여,2025-06-06,21.5,14.9,29.8,,.8,58.3,7.1,
236,부여,2025-06-07,22.5,13.8,30,,.8,69.4,11.2,
236,부여,2025-06-08,24.7,20.4,30,0,.9,75.1,8.5,
236,부여,2025-06-09,24.3,20,30.8,,.8,74.3,9.4,
236,부여,2025-06-10,21.9,17.1,27.5,,1.1,77.9,7.3,
236,부여,2025-06-11,21.7,13.5,30.6,,.8,59,11.8,
236,부여,2025-06-12,23.4,14.7,31.9,,.5,56,9,
236,부여,2025-06-13,20.3,17.2,24.4,30.3,.5,85.8,0,
236,부여,2025-06-14,23.5,19.7,29.3,31.9,1,85.9,5.2,
236,부여,2025-06-15,24.8,18.6,31.6,2.2,1,81.4,7.1,
236,부여,2025-06-16,23.3,21.7,26,3.1,1.4,88.5,1.3,
236,부여,2025-06-17,23.8,20.2,29.6,5.2,.7,84.6,5.3,
236,부여,2025-06-18,24.1,19.8,31,,.6,75.1,9.8,
236,부여,2025-06-19,25.2,17.9,31.5,3.9,.7,79.4,7.9,
236,부여,2025-06-20,24.5,23.2,26.2,105.9,2.3,91.3,0,
236,부여,2025-06-21,20.9,18.1,24.3,78.6,1,97.8,0,
236,부여,2025-06-22,21.9,17.3,28.8,,.6,81.4,10.3,
236,부여,2025-06-23,23.9,16,31.4,,.5,72.9,10.6,
236,부여,2025-06-24,21.5,19.3,26.2,6,.8,87,0,
236,부여,2025-06-25,20.9,19.2,22.7,2.6,1.2,93,.1,
236,부여,2025-06-26,22.7,20,27.8,.8,.7,85.6,3.5,
236,부여,2025-06-27,25.1,20.1,30.3,,.3,81.4,8.1,
236,부여,2025-06-28,26.7,23.4,31.8,0,.6,84.6,3.1,
236,부여,2025-06-29,27.3,24,31.7,,.9,80.1,9.8,
236,부여,2025-06-30,27.4,23,32.7,,.7,80.9,8.5,
236,부여,2025-07-01,27.5,22.9,32.6,0,.3,84.3,7.1,
236,부여,2025-07-02,27.9,23.8,32.5,,.3,80.8,9.1,
236,부여,2025-07-03,27.5,24,32.1,,.3,78.4,9.8,
236,부여,2025-07-04,26.8,24.2,30.4,,.4,80.5,4.9,
236,부여,2025-07-05,27.5,24.4,31.7,,.4,79,7.9,
236,부여,2025-07-06,27.9,25.2,31.7,,.3,81.1,5,
236,부여,2025-07-07,28.8,24.8,34.6,,.2,81.3,7.7,
236,부여,2025-07-08,30.1,25.8,36.3,,.2,80.1,7.7,
236,부여,2025-07-09,30.1,24.5,35.9,,.3,59.6,13.5,
236,부여,2025-07-10,29.5,22.3,34.9,,.3,49.4,13.4,
236,부여,2025-07-11,29.2,23.8,34.5,,.3,49,13.3,
236,부여,2025-07-12,27.7,21.9,34.5,,.2,58.5,13.1,
236,부여,2025-07-13,24.2,21,28.5,3.2,.1,85.1,.5,
236,부여,2025-07-14,22.7,19.8,29.8,10.3,.1,90,3.9,
236,부여,2025-07-15,23.4,20.5,27.4,.4,.2,84.8,.9,
236,부여,2025-07-16,22.5,21.1,24.5,157.6,.3,94.6,0,
236,부여,2025-07-17,23.1,21.2,25.4,179.8,.5,96.1,0,
236,부여,2025-07-18,24.7,21.1,28.6,5.6,.2,92.3,1.2,
236,부여,2025-07-19,25.1,23,28,28.5,.3,93.5,0,
236,부여,2025-07-20,27.3,22.2,33,,.2,82.4,8.1,
236,부여,2025-07-21,27.9,22.8,32.8,0,.3,81.5,9,
236,부여,2025-07-22,27.8,23.4,33.1,0,.2,80.3,10.8,
236,부여,2025-07-23,28.3,23.2,34.5,,.2,78.3,10.1,
236,부여,2025-07-24,28.9,23.1,34.8,,.1,76.4,12.4,
236,부여,2025-07-25,29.5,23.4,35.7,,.1,75.6,13.2,
236,부여,2025-07-26,29.4,24.1,35.5,,.2,77.8,11.4,
236,부여,2025-07-27,30.1,23.9,36,,.1,74.4,13.2,
236,부여,2025-07-28,29.7,25.3,35.4,,.2,78.4,10,
236,부여,2025-07-29,29.7,24.1,35.9,,.1,77.1,11,
236,부여,2025-07-30,29.5,25.9,35.1,,.1,76.9,6.6,
236,부여,2025-07-31,29.2,24.6,35.3,,.2,72,8.3,
236,부여,2025-08-01,29.2,23.2,35.9,,.2,72.9,12.2,
236,부여,2025-08-02,29.7,23.8,36.1,,.1,73.4,9.6,
236,부여,2025-08-03,26.4,22.9,29.9,81.9,.2,89,0,
236,부여,2025-08-04,27.9,24,31.9,13.8,.4,85.1,7.7,
236,부여,2025-08-05,27.9,23.3,33,,.3,80.4,8.7,
236,부여,2025-08-06,27.7,25.4,30.1,2.1,.6,89.8,.3,
236,부여,2025-08-07,26.2,21.6,31.5,,.4,82.1,7.7,
236,부여,2025-08-08,24.7,21.1,29.3,,.2,86.9,1.5,
236,부여,2025-08-09,23.8,22.3,26.1,1.2,.3,94.3,0,
236,부여,2025-08-10,25.9,20.7,32,,.5,74.8,11.5,
236,부여,2025-08-11,23.8,20.7,27.3,3.1,.2,93.9,.1,
236,부여,2025-08-12,24.1,20.9,28.7,0,.4,87.9,1.8,
236,부여,2025-08-13,27.3,23.5,31.6,1.7,.7,84.5,3.7,
236,부여,2025-08-14,27.5,24.5,31.2,0,.6,81.5,6.4,
236,부여,2025-08-15,27.9,23.9,33.7,,.3,83.3,9.3,
236,부여,2025-08-16,27.2,23.5,33,,.3,83.4,8.7,
236,부여,2025-08-17,27.6,23,33.2,,.3,82.6,6.9,
236,부여,2025-08-18,28.1,24,33.2,,.3,80.1,9.1,
236,부여,2025-08-19,28.4,25.3,33.1,,.5,81.4,8.1,
236,부여,2025-08-20,28,23.9,33.4,,.4,80.5,8.7,
236,부여,2025-08-21,28.9,24.6,34.8,,.3,79.5,9.9,
236,부여,2025-08-22,28.2,24.1,34.3,,.3,81.1,10,
236,부여,2025-08-23,28.3,23.6,34.2,,.2,80.3,7.8,
236,부여,2025-08-24,28.8,23.9,34.7,,.3,79.3,9.7,
236,부여,2025-08-25,28.9,24.7,33.7,,.6,80.3,7.6,
236,부여,2025-08-26,25.7,23.4,29.7,8.6,.6,92.5,2.3,
236,부여,2025-08-27,25.6,22.2,32,,.2,85.6,6.6,
236,부여,2025-08-28,26.8,22,32.7,,.3,83.8,6.1,
236,부여,2025-08-29,28.5,25,33,,.5,82.5,8.6,
236,부여,2025-08-30,28.4,24.7,33.9,,.4,81.6,9.1,
236,부여,2025-08-31,27.3,24.1,32.8,,.4,82.4,6.9,
236,부여,2025-09-01,26.6,24.1,32.2,18.1,.6,87.3,2.7,
236,부여,2025-09-02,25,20.3,30.4,0,.2,83.4,6.3,
236,부여,2025-09-03,25.9,19.5,32.6,,.4,79.4,10.5,
236,부여,2025-09-04,25.5,23.5,30.8,1.2,.4,87.6,3.4,
236,부여,2025-09-05,27.3,22.4,33,,.3,81.3,10.8,
236,부여,2025-09-06,28,22.3,32.1,12.2,.8,83.3,6.1,
236,부여,2025-09-07,24,18.6,29.4,71.5,.4,90.4,.7,
236,부여,2025-09-08,21.2,17.7,24.3,.3,.1,95.1,.1,
236,부여,2025-09-09,20.8,18.9,23.1,4.4,.3,89.9,.2,
236,부여,2025-09-10,23.8,19,29.8,,.4,77.4,10.2,
236,부여,2025-09-11,24.3,18.1,30.1,,.6,75,11.1,
236,부여,2025-09-12,22.7,21.1,25.8,27.7,.5,85.1,0,
236,부여,2025-09-13,25,21.6,28.9,50,.6,87.4,4.4,
236,부여,2025-09-14,24.7,22,29.3,0,.2,86.1,2.6,
236,부여,2025-09-15,24.4,20.9,29.2,,.2,86.1,2.4,
236,부여,2025-09-16,25.4,21.9,31.1,28.4,.4,88.8,3.1,
236,부여,2025-09-17,23.4,20.9,25.5,31.7,.4,94.8,.4,
236,부여,2025-09-18,21.8,19.5,27.2,0,.3,85.6,3.1,
236,부여,2025-09-19,20,18.1,22.9,4.2,.5,85.5,0,
236,부여,2025-09-20,20.1,16.9,25.3,47,.4,89.5,2.5,
236,부여,2025-09-21,20.7,16.4,26.9,,.4,82.5,7.3,
236,부여,2025-09-22,20.8,17.4,24.1,0,.5,74.1,2.6,
236,부여,2025-09-23,21.8,17.8,27.8,0,.6,68,7.5,
236,부여,2025-09-24,22.1,17.1,26.4,6.5,.3,85.5,1.4,
236,부여,2025-09-25,22.4,20.7,24.3,16.7,.2,99,0,
236,부여,2025-09-26,20.9,17.9,26.6,,.3,88.8,4.8,
236,부여,2025-09-27,22.5,17.5,28.8,.7,.4,85.5,5.4,
236,부여,2025-09-28,20.6,17.1,22.3,26.9,.3,96.8,0,
236,부여,2025-09-29,20,16,25.2,0,.3,82.4,6,
236,부여,2025-09-30,18.7,15,24.8,,.2,88.1,4.5,
238,금산,2025-05-15,21.8,18,26,9.8,1.4,77.8,3.2,
238,금산,2025-05-16,19.6,16.9,24,27.9,1,91.1,0,
238,금산,2025-05-17,19.6,15.9,26.3,1.6,1.4,81.9,8.1,
238,금산,2025-05-18,15.5,10.5,21.8,,1,64,8.9,
238,금산,2025-05-19,18.6,8.8,24.3,,1.5,70.9,7.3,
238,금산,2025-05-20,24.6,17.6,31.8,,1.4,73.4,12.6,
238,금산,2025-05-21,24.5,18.3,29.4,,.8,77.5,4.9,
238,금산,2025-05-22,21.5,18.2,26.5,1.9,1.2,80.9,1.2,
238,금산,2025-05-23,19.4,15.9,24.1,,1.7,51.3,1.6,
238,금산,2025-05-24,15.7,13.2,19.3,0,1.7,62.5,.1,
238,금산,2025-05-25,17,10.1,23.9,,1.2,67.4,12.7,
238,금산,2025-05-26,18.1,10.2,26.7,,.9,63.5,10.6,
238,금산,2025-05-27,19.1,10.5,26.5,,1,62.9,12.5,
238,금산,2025-05-28,19.4,11.5,27.6,,1,64.9,11.2,
238,금산,2025-05-29,18.6,12,27.3,4.6,1,75.9,11,
238,금산,2025-05-30,18.6,13.2,26.5,,1.1,70,10.2,
238,금산,2025-05-31,18.5,10,25.5,,.9,70.3,9.8,
238,금산,2025-06-01,21.2,12.7,29.9,,.9,64.6,12,
238,금산,2025-06-02,19.6,16.6,24.6,0,.7,74.1,0,
238,금산,2025-06-03,20.1,15.6,25.6,,1.5,64.6,11,
238,금산,2025-06-04,19.9,11.3,27,,2,50.1,13.5,
238,금산,2025-06-05,19.3,10,27.1,,1,59.3,12.6,
238,금산,2025-06-06,21.6,14.3,29.4,,1.2,56.5,6.3,
238,금산,2025-06-07,23,13.3,31.7,,1.1,60.4,11,
238,금산,2025-06-08,24.4,18.9,31.4,,1.1,70.9,8.1,
238,금산,2025-06-09,24.9,19.7,31.8,,1.1,69.5,9.6,
238,금산,2025-06-10,22.9,17.7,30.8,,1.4,69.6,7.3,
238,금산,2025-06-11,22.3,14.6,29.8,,1.2,56.9,12.2,
238,금산,2025-06-12,24.1,15.4,32.4,,1.1,52.4,9.3,
238,금산,2025-06-13,19.8,17.4,23.4,59.2,.7,84.9,0,
238,금산,2025-06-14,23.2,18.9,28.3,68.4,.8,87.1,3,
238,금산,2025-06-15,26.6,20.6,32.4,0,1.4,75.3,8.5,
238,금산,2025-06-16,24.5,21.8,28,6.8,1.6,82,5,
238,금산,2025-06-17,25.5,20.4,30.4,.1,1.2,72.4,6,
238,금산,2025-06-18,24.9,19.8,30.9,,1,71.3,12.3,
238,금산,2025-06-19,25.9,18.3,32.6,,1.2,70.6,8.2,
238,금산,2025-06-20,25.5,23.3,27,11.4,2.6,80.8,0,
238,금산,2025-06-21,20.9,17.6,24.8,100.3,1,98.3,0,
238,금산,2025-06-22,21.8,17,28.1,.1,.8,77.9,9.9,
238,금산,2025-06-23,23.4,15.8,31.5,,.9,74.1,11.1,
238,금산,2025-06-24,20.6,18.4,25.6,9.9,1.1,86,.2,
238,금산,2025-06-25,21.5,18.9,24.5,.7,1.3,83.9,1.9,
238,금산,2025-06-26,23.3,20.3,28.3,0,1.2,77.8,3.5,
238,금산,2025-06-27,25.1,19.6,30.9,,.7,79.3,9.7,
238,금산,2025-06-28,26.9,22.3,33.5,5.4,.8,84.5,6,
238,금산,2025-06-29,27.5,22.4,33.5,,.9,80.6,9.6,
238,금산,2025-06-30,27.9,22.9,33.6,,.8,78.1,8.1,
238,금산,2025-07-01,27.8,23.1,33.5,.8,1,83.3,7.2,
238,금산,2025-07-02,28.2,23.2,33.7,,1,80.3,10.5,
238,금산,2025-07-03,27.9,23.4,32.9,,1.1,76.6,9.5,
238,금산,2025-07-04,27.2,22.6,31.9,,1.1,75.8,10.1,
238,금산,2025-07-05,27.6,22.4,32.9,,1.2,76.1,10.2,
238,금산,2025-07-06,28.1,23.9,32.4,,.9,76.6,7,
238,금산,2025-07-07,29.5,24.6,35.6,.4,.9,79,5.9,
238,금산,2025-07-08,30.3,26.2,36.1,,1.3,72.9,11,
238,금산,2025-07-09,29.9,24.2,35,,1.7,54.1,13.6,
238,금산,2025-07-10,28.5,21,34,,1.8,51.5,13.2,
238,금산,2025-07-11,28.3,23.6,34,,2.2,49.9,13.6,
238,금산,2025-07-12,27.1,21.6,34,,1.4,63.4,13.3,
238,금산,2025-07-13,24.3,21.7,30.1,10.6,.7,88.4,1.9,
238,금산,2025-07-14,23.4,19.7,30.1,0,1,83.5,4.4,
238,금산,2025-07-15,22.5,20.6,25,.7,.9,86,.1,
238,금산,2025-07-16,21.7,19.9,23.5,15.1,.8,96.8,0,
238,금산,2025-07-17,23.6,21.7,26.9,96.8,1.8,94,0,
238,금산,2025-07-18,25,20.5,31.6,46.9,1.2,89,3.4,
238,금산,2025-07-19,24,22.8,26.8,50,1.2,96.8,.3,
238,금산,2025-07-20,27,21.5,32.8,,.8,81.5,5.6,
238,금산,2025-07-21,26.5,22.8,32.4,.8,.8,86.4,4.6,
238,금산,2025-07-22,27.7,22.8,32.9,,.8,80.1,9.6,
238,금산,2025-07-23,28,23.7,33.3,,.8,81.1,6.2,
238,금산,2025-07-24,28.2,23.7,35,,.7,81.3,6.9,
238,금산,2025-07-25,28.1,21.9,35.1,,.9,77,8.8,
238,금산,2025-07-26,28.4,21.8,35.1,,1.1,74.9,11.6,
238,금산,2025-07-27,29.4,22.9,35.9,,1,73,11.7,
238,금산,2025-07-28,29.5,23.9,35.7,,.8,74.6,11.3,
238,금산,2025-07-29,29.4,24.2,36.4,,.9,72.5,10.3,
238,금산,2025-07-30,28.6,23.2,36,,1.1,68.4,10,
238,금산,2025-07-31,28.6,23.3,35.8,0,1,68.9,8.8,
238,금산,2025-08-01,28.7,21.8,35.6,,.9,70.3,12.8,
238,금산,2025-08-02,29.7,24.4,36.4,,1,72.4,3.8,
238,금산,2025-08-03,26.2,22.1,30.9,35.8,.8,85.6,0,
238,금산,2025-08-04,27.4,22.8,32.7,25.7,1,87.4,5,
238,금산,2025-08-05,28.4,23.4,32.9,0,1,78.9,9.6,
238,금산,2025-08-06,27.8,25.9,31.5,2.2,1.2,83.6,1.9,
238,금산,2025-08-07,26.3,21.1,31,,1,79.3,6.2,
238,금산,2025-08-08,24.7,19.7,29.4,,.7,83.4,5.6,
238,금산,2025-08-09,23.6,22.4,25.3,1.6,.6,92.9,0,
238,금산,2025-08-10,25.3,21.4,31.8,2.5,.9,78.1,9.9,
238,금산,2025-08-11,22.8,20,28.3,11.8,.6,90.9,.1,
238,금산,2025-08-12,23.1,19.9,26.5,,.9,89.6,0,
238,금산,2025-08-13,26.6,22.5,32,5.1,1.1,86.8,4.6,
238,금산,2025-08-14,27.4,22.8,32.2,,1.1,80.8,9,
238,금산,2025-08-15,28,24.2,33.3,4,.7,82.6,8.6,
238,금산,2025-08-16,27.6,23.9,32.8,,.9,79.1,10.2,
238,금산,2025-08-17,27,21.6,32.6,,.7,80.4,7.7,
238,금산,2025-08-18,28,23,33,,1,76.8,9.7,
238,금산,2025-08-19,28,23.8,33,,1,77.6,8.8,
238,금산,2025-08-20,28.1,22.8,33.8,,.9,77,11.1,
238,금산,2025-08-21,28.5,24.2,34.2,,.9,76.9,8.8,
238,금산,2025-08-22,28.5,24.1,34.4,,1,76.8,10.2,
238,금산,2025-08-23,27.7,21.6,34.1,,.9,78.5,10,
238,금산,2025-08-24,28.8,24.4,34.6,,.8,76.3,9,
238,금산,2025-08-25,29.3,24.3,34.9,0,1.1,73.6,6.9,
238,금산,2025-08-26,25.9,23.7,28.7,26.8,1.1,88.3,1.7,
238,금산,2025-08-27,26.1,22,31.6,,.8,84.3,7.9,
238,금산,2025-08-28,27,22.9,32.7,,.9,82.8,6.6,
238,금산,2025-08-29,27.3,22.7,32.9,,1,80.9,8.5,
238,금산,2025-08-30,27.9,22.1,34.2,,.8,77.5,11,
238,금산,2025-08-31,26.2,23.5,32.9,3.6,1,86.4,5.6,
238,금산,2025-09-01,26.4,22.6,32.8,46.6,1.4,86.4,6.6,
238,금산,2025-09-02,25.1,20.3,29.9,5.3,.7,84.9,4.9,
238,금산,2025-09-03,25.1,19.6,32.3,2.7,.9,83.8,7.3,
238,금산,2025-09-04,26.2,22.6,30.4,,.8,84.3,5.4,
238,금산,2025-09-05,26.6,22.1,32.1,0,.8,83.1,7.9,
238,금산,2025-09-06,26.9,22.8,31.4,7.7,1.2,80.1,6.1,
238,금산,2025-09-07,24.3,19.7,29.1,70.3,1,90,.4,
238,금산,2025-09-08,20.7,18.4,24.5,0,.7,89.9,.1,
238,금산,2025-09-09,19.9,18.1,21.6,2.7,.8,91.9,0,
238,금산,2025-09-10,22.8,19.7,27.9,,.9,83.9,3.9,
238,금산,2025-09-11,23.5,17.5,29.5,,1.3,77.9,8.5,
238,금산,2025-09-12,22.3,20.1,26,12.5,1,88,0,
238,금산,2025-09-13,25.3,21.7,29.1,30.1,1.3,83.9,3.7,
238,금산,2025-09-14,24.6,20.9,29.3,,.8,83.3,4.1,
238,금산,2025-09-15,25,21.5,29.9,,.7,85.5,2,
238,금산,2025-09-16,26,22.6,31.1,.6,.9,86.6,4.8,
238,금산,2025-09-17,24.6,22,29,39.1,1.1,86.3,2.3,
238,금산,2025-09-18,22,19.6,27,0,1.1,80.6,2.3,
238,금산,2025-09-19,20.5,18.4,23.5,4.4,1.1,80.1,.2,
238,금산,2025-09-20,20.7,17.4,23.4,43.6,1.3,91.5,1.7,
238,금산,2025-09-21,20.3,16.8,26.4,,1,82.6,6.7,
238,금산,2025-09-22,20.2,15.7,24.7,0,1.3,74.5,2.8,
238,금산,2025-09-23,20.8,16.6,27.4,.1,1.2,73.1,8.2,
238,금산,2025-09-24,22,16.2,27.9,2.2,.8,87.4,2.5,
238,금산,2025-09-25,22.7,21.2,25.7,9,.5,96,.1,
238,금산,2025-09-26,21.5,18.1,27.3,,.7,84.5,6.9,
238,금산,2025-09-27,22.1,16.5,27.8,,.7,84.4,5.3,
238,금산,2025-09-28,20.7,18.5,22.5,8.9,1,96.4,0,
238,금산,2025-09-29,19.5,15.3,24.1,,.7,82.9,5.3,
238,금산,2025-09-30,18.4,14.4,24.5,,.7,86.6,3.5,
239,세종,2025-05-15,20.2,17,23.2,2.1,1.3,86,.3,10.42
239,세종,2025-05-16,19.7,16.8,23.6,21.9,1.1,93.3,0,5.49
239,세종,2025-05-17,18.6,15.1,24.6,.9,1.6,84.1,5.5,20.9
239,세종,2025-05-18,15.5,11.1,21.7,,1.6,61.9,7,23.82
239,세종,2025-05-19,18,10.1,22.3,,1.7,70.9,4.2,16.83
239,세종,2025-05-20,24,20,29.9,,1.7,78.5,4.6,18.67
239,세종,2025-05-21,24.7,20.4,29.5,,1.1,75.5,6,19.79
239,세종,2025-05-22,20.5,18.1,23.2,0,1.6,82.5,.2,6.78
239,세종,2025-05-23,19.1,16.5,23.8,0,2.4,48.4,1.2,14.05
239,세종,2025-05-24,15.2,13.8,17.9,.2,2,71.5,0,9.02
239,세종,2025-05-25,16.9,10.1,23.8,,1.3,67.5,12.5,27.83
239,세종,2025-05-26,18.6,11.1,25.9,,1,62.8,11.4,27.32
239,세종,2025-05-27,19.5,12.3,26.4,,1.2,61.9,12.6,27.09
239,세종,2025-05-28,19.8,13.2,26.6,,1.6,65.5,9.9,24.72
239,세종,2025-05-29,20.3,13.3,26.8,0,1.5,57,11.8,26.54
239,세종,2025-05-30,19.6,13.5,26.8,,1.1,56.4,12.5,26.33
239,세종,2025-05-31,19.7,12.6,25.4,,1.3,63.6,8.2,21.73
239,세종,2025-06-01,21.4,13.8,29.3,,1.3,64.3,11.4,26.91
239,세종,2025-06-02,19.7,16.6,23.5,0,1.1,69.3,0,9.42
239,세종,2025-06-03,20.2,15,25.9,,1.8,58.6,11.7,28.21
239,세종,2025-06-04,19.5,12.7,26.4,,2.2,56.8,12.8,29.72
239,세종,2025-06-05,20.2,11.7,27.3,,1.2,55.5,12,28.14
239,세종,2025-06-06,22,16.1,29.8,,1,53.3,6.7,21.65
239,세종,2025-06-07,23,16,30.3,,1.1,61.3,9.5,26.16
239,세종,2025-06-08,24.8,21.2,30.6,,1,70.8,6.2,20.85
239,세종,2025-06-09,24.4,20.3,30.7,,1.4,70.3,8.6,25.29
239,세종,2025-06-10,22.7,17.7,28.1,,1.8,73.9,7.2,21.95
239,세종,2025-06-11,21.8,14.3,29,,1.8,56.6,11.8,29.23
239,세종,2025-06-12,23.6,16,30.5,,1.2,50.5,9.5,25.33
239,세종,2025-06-13,20.3,17.9,25.1,23.3,1.1,78.3,0,8.12
239,세종,2025-06-14,22.7,19.1,28.4,33.8,1.2,88.3,2.3,14.56
239,세종,2025-06-15,25.8,20.3,31.3,8.9,1.2,75.9,10,26.41
239,세종,2025-06-16,23.4,21.2,26.8,6.6,1.7,85.3,4.1,15.85
239,세종,2025-06-17,23.9,19.8,29.7,5.4,1.2,80.1,7,19.37
239,세종,2025-06-18,24.6,19.6,30.4,,1.1,71,11.7,27.72
239,세종,2025-06-19,25.8,18.9,31.9,.2,1,72.5,7.6,20.19
239,세종,2025-06-20,24.6,22.9,26.5,53.1,2.9,86.5,0,3.44
239,세종,2025-06-21,20.7,17.5,23.7,71.4,1.2,93.6,0,3.84
239,세종,2025-06-22,22.2,16.8,28.8,,1.1,77.5,11.1,28.95
239,세종,2025-06-23,24.1,16.2,31.2,,1,70.8,13.1,29.36
239,세종,2025-06-24,21.5,19.2,25.9,16.6,1.5,82.8,.1,9.02
239,세종,2025-06-25,20.5,19.3,21.9,.9,1.5,90.6,0,4.96
239,세종,2025-06-26,22.1,19.6,26.7,2.7,.9,88.4,1.2,11.64
239,세종,2025-06-27,24.5,19.8,29.9,,.7,82.4,5.2,18.71
239,세종,2025-06-28,26.3,22.8,30.6,0,.8,85.1,2.4,15.54
239,세종,2025-06-29,27.5,24.5,32.1,,1.2,76.3,9.5,27.24
239,세종,2025-06-30,27.8,22.8,32.8,,1.1,74.5,11.4,27.68
239,세종,2025-07-01,27.7,23.7,32.6,0,1.1,78.9,7.3,21.75
239,세종,2025-07-02,28,24,33.1,,1,79.3,7.8,23.14
239,세종,2025-07-03,27.5,23.9,32,,1.2,73.5,9.8,25.82
239,세종,2025-07-04,26.7,23.9,30.7,,1.3,77.4,6.3,19.01
239,세종,2025-07-05,27.3,24.4,31.9,,1.4,76,8.2,23.6
239,세종,2025-07-06,27.9,24.4,32,,1.2,78.5,7,21.12
239,세종,2025-07-07,29.3,25.3,34,,1.3,76.5,7.5,21.81
239,세종,2025-07-08,30.5,25.7,35.7,,1.5,69.9,9.6,24.7
239,세종,2025-07-09,30.3,26.1,34.8,,2.4,52.3,12.8,28.6
239,세종,2025-07-10,29.4,24.1,34.2,,2.3,43.6,12.8,28.5
239,세종,2025-07-11,28.7,24,33.8,,2.9,44.9,12.8,28.42
239,세종,2025-07-12,27.7,22.1,33.8,,1.9,57.8,12.7,28.94
239,세종,2025-07-13,24.4,21.3,28.9,2.3,1.1,82.3,.9,9.39
239,세종,2025-07-14,22.6,19.2,30.1,1.7,1.6,86.1,5,16.65
239,세종,2025-07-15,22.3,20.3,25.2,3.5,1.1,88,0,9.76
239,세종,2025-07-16,22.3,21.3,23.7,56,1.2,92.8,0,2.92
239,세종,2025-07-17,21.8,20.9,22.5,192.9,2.1,98.1,0,1.02
239,세종,2025-07-18,24,21.3,28.3,.6,1,93,.4,9.7
239,세종,2025-07-19,24.3,22.9,27.9,21.9,1.1,95.8,.2,5.64
239,세종,2025-07-20,27.1,22.7,32.1,,.5,82.1,7.3,21.17
239,세종,2025-07-21,27.6,23.8,32.6,,.9,79.6,7.8,22.92
239,세종,2025-07-22,28.1,23.9,32.8,,1.3,78.1,11.3,26.36
239,세종,2025-07-23,28.1,23.5,33.1,,.8,75.9,10.1,24.5
239,세종,2025-07-24,28.7,23.6,34.3,,.7,73.9,10.7,24.97
239,세종,2025-07-25,29.6,24,35.1,,.9,72.6,12.2,28.13
239,세종,2025-07-26,29.8,24.4,34.9,,1,71,11.6,27.22
239,세종,2025-07-27,30.5,25.4,36.1,,.6,67,12.2,28.09
239,세종,2025-07-28,29.7,25.4,34.9,,.9,73,9.4,21.98
239,세종,2025-07-29,29.9,24.4,35.9,,.5,67.6,11.8,27.04
239,세종,2025-07-30,29.8,25.1,34.6,,1,66.5,9.6,25.53
239,세종,2025-07-31,29.4,25.6,34.2,,.6,65.8,7.1,22.08
239,세종,2025-08-01,29.4,24.1,35.6,,.7,69.5,11.2,26.76
239,세종,2025-08-02,30,24.3,35.3,,.9,69.3,11.1,26.57
239,세종,2025-08-03,26.3,21.6,30.2,45.8,.6,87.9,0,6.14
239,세종,2025-08-04,27.3,22.8,31,30.6,.7,85.4,3.5,14.97
239,세종,2025-08-05,28.2,23.3,32.9,0,.9,76.4,11.2,26.45
239,세종,2025-08-06,27,25.5,29.4,8.3,1.2,89.9,.5,7.67
239,세종,2025-08-07,26.3,22.4,31,,1.1,79.6,7.4,22.65
239,세종,2025-08-08,24.9,21.1,29.6,,.7,83.9,5.1,18.67
239,세종,2025-08-09,23.7,22,26,.6,.7,91,0,5.1
239,세종,2025-08-10,25.5,20.5,31.3,,.9,73.1,10.9,25.84
239,세종,2025-08-11,23.7,21.8,27.1,2.7,.5,92.6,0,6.59
239,세종,2025-08-12,24.1,21,28.9,.1,1.2,85.4,2.4,14.32
239,세종,2025-08-13,26.3,23.2,30.9,2.9,.8,87,1.6,12.69
239,세종,2025-08-14,27.3,23.7,30.8,.8,1.3,80.6,4.2,17.51
239,세종,2025-08-15,27.7,24.1,32.4,0,.8,82.3,5.9,20.07
239,세종,2025-08-16,27.1,24.1,32.1,,.6,82.4,6.8,20.69
239,세종,2025-08-17,27.1,22.8,32.5,,.5,81.3,5.7,18.73
239,세종,2025-08-18,27.7,24.1,33.1,,.8,78.5,8.2,23.21
239,세종,2025-08-19,28.3,25.3,32.6,,.9,77.8,7.6,21.66
239,세종,2025-08-20,28,24,33.2,,1,78.4,9.4,23.14
239,세종,2025-08-21,28.7,24.3,34.8,0,1,75.5,9.3,23.84
239,세종,2025-08-22,28,24.4,33.3,,1.1,79,6.5,19.27
239,세종,2025-08-23,28.4,23.2,33.8,,.8,78.4,9,22.31
239,세종,2025-08-24,29,24.6,34.5,,.8,74.3,10,23.08
239,세종,2025-08-25,29,25.1,33.6,0,1.1,75.3,8.9,22.75
239,세종,2025-08-26,25.6,23.7,29,45.4,1.3,90,2.3,8.54
239,세종,2025-08-27,25.2,22,31.4,,.8,83.3,6.8,19.58
239,세종,2025-08-28,27.2,22.4,32,,1,77.8,7,19.7
239,세종,2025-08-29,28.3,25.3,32.5,0,1.3,79.4,8.7,19.81
239,세종,2025-08-30,28.1,25.5,33.5,,1,80.8,8.2,21.08
239,세종,2025-08-31,27.2,24.2,32.3,,1,80.3,6.8,18.54
239,세종,2025-09-01,26.3,24.2,31.2,8,1.2,85.1,3.6,13.94
239,세종,2025-09-02,24.4,20.7,29.7,0,.8,83.6,4.9,15.32
239,세종,2025-09-03,25.6,19.8,33.1,0,.9,79.9,9.4,22.13
239,세종,2025-09-04,26,23.8,31.3,.2,1.2,79.9,2.7,10.85
239,세종,2025-09-05,27.4,22.7,33.1,,.8,77,9.5,21.94
239,세종,2025-09-06,26.9,22.7,31.5,1.7,1.4,82.8,5.9,17.2
239,세종,2025-09-07,24.2,20.2,28.7,3.2,1.1,91,.8,10.07
239,세종,2025-09-08,21.2,18,24.4,.2,.7,93.1,.1,7.99
239,세종,2025-09-09,20.6,19.7,22.3,3.1,1.1,90.5,.2,6.03
239,세종,2025-09-10,23.1,19.1,29.2,,.9,80.6,5.2,17.09
239,세종,2025-09-11,24.1,18.6,29.8,,1.5,70.3,9.7,22.48
239,세종,2025-09-12,22.6,21.1,25.9,28.1,1.6,83,0,6.03
239,세종,2025-09-13,24.4,21.4,27.9,31.5,1.6,87.9,4.7,16.45
239,세종,2025-09-14,24.4,21.1,29,0,.6,85.8,2.4,13.53
239,세종,2025-09-15,24.3,21.4,28.3,,.6,87.4,1.2,12.31
239,세종,2025-09-16,24.8,22,30.5,21,1,89.5,3.6,13.56
239,세종,2025-09-17,22.8,20.8,25.5,30.6,.9,95.6,0,4.19
239,세종,2025-09-18,21.4,19.5,26.1,0,1.3,83.9,3.2,11.03
239,세종,2025-09-19,19.7,17.7,22.9,7.8,1.6,81.1,0,5.76
239,세종,2025-09-20,19.4,17.5,23.3,67.5,1,92.8,.4,8.37
239,세종,2025-09-21,20.7,16.9,26.1,,1,80.6,4.2,13.69
239,세종,2025-09-22,20.9,17.4,23.8,,1.9,68.5,1,11.64
239,세종,2025-09-23,21.6,18,26.4,0,1.9,66.1,6.9,19.24
239,세종,2025-09-24,22.2,18.2,26.8,12.6,.8,83.9,1.1,8.06
239,세종,2025-09-25,21.5,20.5,22.5,15,.2,97.4,0,3.5
239,세종,2025-09-26,20.7,18.3,25.3,,.4,86.8,5.2,14.29
239,세종,2025-09-27,22.4,17.3,28,0,.4,81.1,5.7,16.28
239,세종,2025-09-28,20.1,18,21.6,29.3,.8,96.1,0,3.18
239,세종,2025-09-29,19.9,16.7,25,,.9,81.3,6.1,16.81
239,세종,2025-09-30,18.4,15.2,23.9,,.7,85.4,4.2,12.83
243,부안,2025-05-15,21.4,20.2,24.1,.3,1.9,85.4,.1,
243,부안,2025-05-16,20.4,17.3,24.5,32.7,2.2,87.3,0,
243,부안,2025-05-17,19,14.3,24.9,,1.9,82.5,6,
243,부안,2025-05-18,15.6,11.9,21.1,,1.7,71.4,10.7,
243,부안,2025-05-19,19.8,12.9,24.1,,3,70.6,2.5,
243,부안,2025-05-20,24.3,20.4,28.7,,3.1,79.4,3.1,
243,부안,2025-05-21,23,20.1,27.8,,1.4,79.3,4.4,
243,부안,2025-05-22,19.2,17.9,22.1,,1.4,90.3,.1,
243,부안,2025-05-23,20.5,17.4,25,.2,1.4,69.6,.3,
243,부안,2025-05-24,17,14.4,19.6,,2.2,61.8,.2,
243,부안,2025-05-25,16.6,11.2,21.6,,1.3,70.8,12.8,
243,부안,2025-05-26,18.5,12.2,24.8,,1.2,64.3,12.4,
243,부안,2025-05-27,19.1,13.6,25.3,,1.2,63.4,11.9,
243,부안,2025-05-28,19.7,13.1,27.3,,1.2,68.6,12.6,
243,부안,2025-05-29,19.8,13.7,26.4,0,1.4,66,12.6,
243,부안,2025-05-30,18.8,14.1,24.3,,1.6,62.4,12.3,
243,부안,2025-05-31,18.2,13.6,23.4,,1.2,71.5,5,
243,부안,2025-06-01,19.9,13.5,27.4,,1.2,64.6,11.6,
243,부안,2025-06-02,18.9,17.1,21.9,.2,.8,71.8,0,
243,부안,2025-06-03,18.9,14.8,23,,2.3,73,10.5,
243,부안,2025-06-04,19.5,13.8,26.1,,2,63.9,12.9,
243,부안,2025-06-05,20.6,12.9,27.4,,1.1,55.5,12.1,
243,부안,2025-06-06,22.9,18.4,28.6,,2.1,42.6,2.1,
243,부안,2025-06-07,23.9,17,30.5,,1.8,60.1,10.8,
243,부안,2025-06-08,23.4,20.2,28.8,,1.8,78.8,6.3,
243,부안,2025-06-09,23.5,20.2,30,,1.4,77.8,10.8,
243,부안,2025-06-10,21.3,17.9,29,,1.8,79.8,3.7,
243,부안,2025-06-11,21.3,15.9,27.9,,1.4,67.4,11.6,
243,부안,2025-06-12,23.5,17.3,31.8,,1.3,57.9,9,
243,부안,2025-06-13,21,19.1,22.5,92,1.3,87.5,0,
243,부안,2025-06-14,22.9,20,28.2,52.9,1.9,86.5,4.9,
243,부안,2025-06-15,25.2,18.3,30.9,1.9,2,79,7.9,
243,부안,2025-06-16,24.3,22.4,27.3,4,2.4,82.9,5.1,
243,부안,2025-06-17,24.4,20.7,30.4,.1,2.2,77.6,9.2,
243,부안,2025-06-18,24.3,19.2,30.6,,1.2,74.4,11.6,
243,부안,2025-06-19,26.4,20.1,32.2,0,2.5,75,5.8,
243,부안,2025-06-20,25.4,23.9,26.8,32.2,4.6,84,0,
243,부안,2025-06-21,20.8,18.5,25,109.2,1.8,94.8,0,
243,부안,2025-06-22,21.6,18,27.5,,1,80,10.6,
243,부안,2025-06-23,22.9,16.6,29.9,,1.1,78.3,10.3,
243,부안,2025-06-24,21.6,18.7,23.9,24.4,1.2,90.3,.1,
243,부안,2025-06-25,22.2,19.7,25.6,.7,2.5,83,4.6,
243,부안,2025-06-26,23.2,20.3,27.5,,1.8,80.1,11.1,
243,부안,2025-06-27,25.8,20.5,31.5,,.9,73.9,11.4,
243,부안,2025-06-28,27.4,24.1,30.9,,1.5,81.1,9.4,
243,부안,2025-06-29,28.3,24.4,32.1,,1.7,72.9,11.7,
243,부안,2025-06-30,28.6,23.9,33.7,,1.5,73.1,12,
243,부안,2025-07-01,29,25.3,34.1,,1.8,74.5,8,
243,부안,2025-07-02,28.7,25.2,33.1,,1.6,75.1,10.4,
243,부안,2025-07-03,28,24.8,33,,1.6,76.1,9.8,
243,부안,2025-07-04,27.7,23.7,32.2,,1.9,73.9,8.7,
243,부안,2025-07-05,28.2,24.9,33,,1.9,74.4,8.2,
243,부안,2025-07-06,28.1,25.2,33.3,,1.4,78.5,7.5,
243,부안,2025-07-07,27.9,24.6,33.2,,1.4,80,8.3,
243,부안,2025-07-08,29,25.6,35.4,3.7,.8,82.1,6.3,
243,부안,2025-07-09,29.7,25.1,35.7,,1.1,69.3,12.9,
243,부안,2025-07-10,30,24.5,35.6,,1.5,57,11.6,
243,부안,2025-07-11,30.1,23.9,35.7,,2.1,50.3,12.8,
243,부안,2025-07-12,27.7,22.9,33.8,,1.6,56.6,12.5,
243,부안,2025-07-13,24.8,21.6,28.7,5.3,.7,79.6,.4,
243,부안,2025-07-14,24.3,20.8,28.4,0,1.5,80.6,6.7,
243,부안,2025-07-15,24,21.3,27.6,6.3,1.2,82.1,2,
243,부안,2025-07-16,24.1,22.1,26.2,23.8,2.4,87.5,0,
243,부안,2025-07-17,25.2,21.7,27.8,43.3,3.3,90.1,.2,
243,부안,2025-07-18,25.6,21.5,31.4,6.2,1.8,85.1,2,
243,부안,2025-07-19,25.3,21.9,28.1,78.7,2.5,92,.2,
243,부안,2025-07-20,28.2,23.2,33.5,,2,75.6,10.1,
243,부안,2025-07-21,27.4,24.7,32.5,26.8,1.2,83,6.3,
243,부안,2025-07-22,27.7,23.4,32,,1.2,78.4,10.7,
243,부안,2025-07-23,28.1,24.1,32.8,,1.1,78.3,9.4,
243,부안,2025-07-24,28.6,24.1,34.4,,1,79.6,11.9,
243,부안,2025-07-25,29.5,24.7,34.7,,1.1,76.9,12.6,
243,부안,2025-07-26,30.2,25.5,35.3,,1,70.8,11.8,
243,부안,2025-07-27,29.5,25.4,35.6,14.9,1.5,71.3,12.4,
243,부안,2025-07-28,28.9,25.4,32.9,,1.3,77.6,11.4,
243,부안,2025-07-29,29.2,24.9,34.8,,1.1,75.1,12.5,
243,부안,2025-07-30,29.3,25,35.1,,1.1,72.9,8.2,
243,부안,2025-07-31,29.3,25.1,35.1,0,1.3,63.3,10.6,
243,부안,2025-08-01,28.7,23.8,34.5,,.9,71.6,12.1,
243,부안,2025-08-02,29.1,24.8,34.1,,1.1,72,10,
243,부안,2025-08-03,26.3,23.9,29.2,49.4,1.3,88.9,0,
243,부안,2025-08-04,27.5,24.8,31.2,.7,1.7,83.9,7.8,
243,부안,2025-08-05,28.3,23.7,32.5,,1.3,78.8,9.6,
243,부안,2025-08-06,28.4,26.9,31.5,.1,2.2,84.3,.9,
243,부안,2025-08-07,26.8,23.1,30.2,0,1.2,79.4,6.8,
243,부안,2025-08-08,25.6,21.8,30.3,,.7,79.6,5.7,
243,부안,2025-08-09,24.4,22.9,26.8,.4,.9,87.6,0,
243,부안,2025-08-10,25.7,21.7,31.2,20.4,1.9,79,11.4,
243,부안,2025-08-11,23.5,21.2,27.4,13.9,.5,90,.6,
243,부안,2025-08-12,24,21.3,26.2,0,1.1,88.8,0,
243,부안,2025-08-13,27.7,24.4,31.4,1.2,2.4,82,5.6,
243,부안,2025-08-14,27.8,24.8,31.6,,1.3,81.4,8.5,
243,부안,2025-08-15,27.8,24.6,31.9,,.9,84,10.4,
243,부안,2025-08-16,27.3,24.2,32.4,,.8,81.1,9.6,
243,부안,2025-08-17,27.7,23.4,32.5,,1,78.5,10.3,
243,부안,2025-08-18,28.1,24.3,32.8,,1,76.6,8.1,
243,부안,2025-08-19,28.5,24.7,33.6,,1.7,76.4,10.7,
243,부안,2025-08-20,28.6,24.2,33.2,,1.3,76.5,10.4,
243,부안,2025-08-21,28.6,25.3,32.9,,.9,79.4,9.5,
243,부안,2025-08-22,28.4,25.3,32.8,,1.1,77.5,10.3,
243,부안,2025-08-23,28.2,23.9,33.3,,1,77,10.7,
243,부안,2025-08-24,28.8,24.7,34.1,,1.3,78.9,8.6,
243,부안,2025-08-25,29.4,25.6,34.4,,1.8,73.6,9.1,
243,부안,2025-08-26,26.2,23,29.8,69.8,1.8,88.9,1.6,
243,부안,2025-08-27,26.4,22.9,31.2,,.7,82.8,8.5,
243,부안,2025-08-28,27.5,23.5,32.9,,1.3,81.3,6.5,
243,부안,2025-08-29,28.5,24.5,33,,1.5,78,10.2,
243,부안,2025-08-30,28.1,24.3,33.2,,1.1,78,9.7,
243,부안,2025-08-31,26.9,23.6,32.5,27.1,1.4,83.3,5.2,
243,부안,2025-09-01,27.6,24.5,31.9,32.1,2.2,81.5,5.5,
243,부안,2025-09-02,25.3,21.6,29,.7,.6,81.6,4.4,
243,부안,2025-09-03,26,20.4,32.4,5.8,1.2,78.8,10,
243,부안,2025-09-04,26.4,23.4,30.4,.2,1,84.1,4.6,
243,부안,2025-09-05,27.5,23.4,33.1,,.9,79.9,10.1,
243,부안,2025-09-06,28.3,24.5,32.4,0,2.5,78.8,8.5,
243,부안,2025-09-07,24.6,20.6,29.5,177.2,1.5,87.9,1.5,
243,부안,2025-09-08,22.1,20,24.9,.1,.5,83.4,0,
243,부안,2025-09-09,20.7,18.9,21.7,5.9,1.2,88.5,.2,
243,부안,2025-09-10,23.9,19.1,29.5,,1.4,78.3,8.8,
243,부안,2025-09-11,25.3,19.4,31.2,,1.2,71.5,9.6,
243,부안,2025-09-12,23.1,21.1,25.5,10.3,1.7,87.1,0,
243,부안,2025-09-13,25.1,22.1,26.9,41.2,2.1,84.3,2.5,
243,부안,2025-09-14,24.7,21.3,29.3,0,.8,82.9,4,
243,부안,2025-09-15,25.1,21.8,28.7,0,.6,84.9,.5,
243,부안,2025-09-16,27.2,23.6,31.7,,1.5,80.5,8.3,
243,부안,2025-09-17,24.6,21.9,28.5,8.7,1.7,88.8,.4,
243,부안,2025-09-18,22.9,20.3,27.3,0,.7,81.9,4.7,
243,부안,2025-09-19,22.3,19.6,25.6,8.1,1.7,77.6,.6,
243,부안,2025-09-20,21.7,18.5,25.1,16.9,1.9,84.1,4.3,
243,부안,2025-09-21,21.7,16.9,27.3,,1.5,77.6,7.6,
243,부안,2025-09-22,21.8,17.8,26.1,,1.6,71.9,3,
243,부안,2025-09-23,22.6,18.5,27.9,0,1.4,67.9,4.4,
243,부안,2025-09-24,23.9,20.5,28.8,10.2,1.7,81,1.5,
243,부안,2025-09-25,23,21.7,25.8,26,.8,95.1,.4,
243,부안,2025-09-26,22.6,19.4,27.7,,1.1,80.9,7.6,
243,부안,2025-09-27,23,18.3,28.5,.3,.9,85,5,
243,부안,2025-09-28,21.4,19.1,23.4,4.3,1.5,90.1,0,
243,부안,2025-09-29,20.5,17,24.7,.1,.9,78,5.6,
243,부안,2025-09-30,19.8,16.2,25.4,,.8,77.6,5.7,
244,임실,2025-05-15,19.9,17.3,24.4,.7,1.7,87,.1,
244,임실,2025-05-16,18.7,16.3,21.9,54.7,1.4,91.6,0,
244,임실,2025-05-17,19.1,15.6,24.9,0,1.5,83.9,4,
244,임실,2025-05-18,15.6,11.1,22.5,,1.3,67.5,10.1,
244,임실,2025-05-19,18.5,10.2,24.2,,2.2,73.5,5.9,
244,임실,2025-05-20,23.4,18.2,30.7,,2.2,77.6,5.3,
244,임실,2025-05-21,23,18.4,26.8,,1.2,80.4,5,
244,임실,2025-05-22,21.9,18.6,26.8,0,1.3,82.3,1.6,
244,임실,2025-05-23,19.4,17,23.5,0,1.5,53.9,.9,
244,임실,2025-05-24,16.4,13.8,19.9,0,1.1,62.6,0,
244,임실,2025-05-25,16.2,10.2,23.1,,1.3,68,12.9,
244,임실,2025-05-26,16.9,9.3,25.7,,1.1,68.3,10.9,
244,임실,2025-05-27,17.9,9.7,26,,1.1,67.5,12.2,
244,임실,2025-05-28,18.9,10.4,27.5,,.9,64.1,12.2,
244,임실,2025-05-29,18.6,11,27.2,,1.1,65.6,11.1,
244,임실,2025-05-30,18.5,11.4,26,,1.1,71.4,11.4,
244,임실,2025-05-31,18,11.3,25.2,,1,71.9,5.3,
244,임실,2025-06-01,20.2,11,28.6,,1,67.5,9.9,
244,임실,2025-06-02,17.4,15.7,21.1,1.8,.8,83.8,0,
244,임실,2025-06-03,18.2,12.9,24.7,0,1.7,75.4,10.9,
244,임실,2025-06-04,18.2,9.2,26.5,,1.8,60.9,12.8,
244,임실,2025-06-05,18.5,8.9,27,,1,60.9,12.5,
244,임실,2025-06-06,19.5,13.5,25.9,,.9,63.1,2.6,
244,임실,2025-06-07,21.7,11.9,30.4,,1,65,10.9,
244,임실,2025-06-08,23,17.7,29.1,,1.1,74.3,4.8,
244,임실,2025-06-09,24.2,19.8,30.9,,1.2,70.4,9.1,
244,임실,2025-06-10,21.8,17.2,28.9,,1.4,72.3,7.7,
244,임실,2025-06-11,21.6,14.9,28.6,,1.3,61.9,11.6,
244,임실,2025-06-12,22.5,15.2,29.5,,1.2,60.8,8.5,
244,임실,2025-06-13,19.9,17.2,21.8,44.7,.8,89,0,
244,임실,2025-06-14,23.3,19.8,29.2,72.5,1.2,87.6,3.1,
244,임실,2025-06-15,24.7,19.6,30.2,2.7,1.6,81.4,6.4,
244,임실,2025-06-16,23.2,20.7,27.1,7.9,1.8,86.3,3.7,
244,임실,2025-06-17,23.4,19.5,29,.2,1.9,81.9,5.1,
244,임실,2025-06-18,24,17.7,30.5,,.9,73.8,11.1,
244,임실,2025-06-19,24.3,17.9,29.8,,1.8,79.3,7.1,
244,임실,2025-06-20,24.4,22.8,25.7,3.4,2.6,86.6,0,
244,임실,2025-06-21,20.6,16.9,24.3,152.3,1.4,94.6,0,
244,임실,2025-06-22,20.7,16.2,27.2,.4,.8,78.4,7.9,
244,임실,2025-06-23,22.8,13.7,30.9,,.7,72.3,11.7,
244,임실,2025-06-24,20.3,17.6,24.1,15.9,.7,88.6,.2,
244,임실,2025-06-25,21.8,19.5,26.2,.2,1.8,81.4,4.3,
244,임실,2025-06-26,22.7,18.4,28.1,,1.4,78,9.6,
244,임실,2025-06-27,24.8,19.5,31.2,,.9,77,11.4,
244,임실,2025-06-28,26.2,21.1,32.9,0,1.2,82.6,7,
244,임실,2025-06-29,27.3,22.7,33.3,,1.4,73.8,10.9,
244,임실,2025-06-30,27.2,21.4,32.7,,1.1,76,9,
244,임실,2025-07-01,26.7,22.9,31.6,,1.1,84.4,2.8,
244,임실,2025-07-02,27.6,22.3,33.9,,.9,79,9.7,
244,임실,2025-07-03,27.7,24.3,33.1,,1,76.3,10.5,
244,임실,2025-07-04,25.6,20.8,31.7,,1.1,79.1,8.4,
244,임실,2025-07-05,26.3,21.1,32.6,,.9,79.8,8.1,
244,임실,2025-07-06,27.2,22.1,32.9,,.9,79.1,8.5,
244,임실,2025-07-07,28.6,25,34.7,,1.1,80.8,7.3,
244,임실,2025-07-08,29.5,24.3,34.9,,1.3,74.1,11.1,
244,임실,2025-07-09,28.9,23,34.5,,1.3,56.5,12.8,
244,임실,2025-07-10,27.9,22.2,34,,1.4,58.5,10.9,
244,임실,2025-07-11,27.9,21.7,33.2,,1.7,52.3,9.6,
244,임실,2025-07-12,26.7,20.2,33.2,,1.1,60.9,11.8,
244,임실,2025-07-13,23.2,20.1,28.6,17.1,.9,86.8,1.1,
244,임실,2025-07-14,23.3,19.7,28.8,,1.5,80.5,5.3,
244,임실,2025-07-15,21.4,20,24.4,6.4,1.1,91.8,.7,
244,임실,2025-07-16,22.1,19.8,23.7,6.6,1.7,90.3,0,
244,임실,2025-07-17,22.6,20.6,27,113.8,2,95.4,0,
244,임실,2025-07-18,24.1,20.6,29.9,16.5,1.8,87.4,2.8,
244,임실,2025-07-19,23.4,22.1,26.1,158.3,1.4,96.9,.1,
244,임실,2025-07-20,26,21.8,31.2,,1.6,83,10.2,
244,임실,2025-07-21,24.7,22.5,29.7,23.4,.9,90.3,2.9,
244,임실,2025-07-22,26.7,22,32,,1,80.6,9.6,
244,임실,2025-07-23,27.5,22.6,33.5,,.9,80.4,9.1,
244,임실,2025-07-24,27.7,23.2,34.2,,.7,77.3,8.3,
244,임실,2025-07-25,27.7,20.9,34.7,,1.1,73.1,12.2,
244,임실,2025-07-26,28.5,21.8,33.6,,1.2,71.3,12.4,
244,임실,2025-07-27,28.8,23,34.4,,1.3,70.1,12.5,
244,임실,2025-07-28,27.8,22.8,34.4,0,.9,77.8,10.4,
244,임실,2025-07-29,27.9,23.3,34.1,,1,73.3,11.3,
244,임실,2025-07-30,26.7,20.9,33.7,,1.1,72,9.6,
244,임실,2025-07-31,27.2,21.8,33.8,,1,70.3,10.8,
244,임실,2025-08-01,27.5,20.3,34.2,,.9,73,12.1,
244,임실,2025-08-02,28.1,22,35,0,1,74.5,10.7,
244,임실,2025-08-03,25.1,22,28.5,87.2,.9,90.5,0,
244,임실,2025-08-04,26,24.6,27.9,58.4,1.1,95.1,.3,
244,임실,2025-08-05,27.1,24.2,32.5,3.3,1.1,87.1,3.4,
244,임실,2025-08-06,26.5,24.9,30.7,2.7,1.3,91.5,.8,
244,임실,2025-08-07,25.9,20.7,30.2,0,1.3,82.6,5.9,
244,임실,2025-08-08,23.7,19,29.2,,.7,84.4,3.8,
244,임실,2025-08-09,22.9,21.4,26.5,3.9,.8,91.4,.2,
244,임실,2025-08-10,25.2,20.9,31,31.8,1,82,8.8,
244,임실,2025-08-11,22.7,19.4,27,9.8,.7,91,.3,
244,임실,2025-08-12,22.1,19.3,24,22.4,.8,93.8,.2,
244,임실,2025-08-13,26.1,23,30.3,2.2,1.7,87.5,6,
244,임실,2025-08-14,26.3,22.9,31.1,0,1.2,85.4,7.2,
244,임실,2025-08-15,26.8,22.9,32.5,,.8,82.8,8.6,
244,임실,2025-08-16,26.5,22.4,32.9,,.9,81.6,9.1,
244,임실,2025-08-17,26.1,21.6,32.1,,.8,82.6,7.2,
244,임실,2025-08-18,27.2,23.5,32.1,,.9,81.6,7.1,
244,임실,2025-08-19,26.8,22.5,32.4,0,1.1,82.3,7.5,
244,임실,2025-08-20,27.1,22.3,32.7,,1,81.9,7.8,
244,임실,2025-08-21,27.5,23.5,33.1,,.9,81.6,7.4,
244,임실,2025-08-22,27.4,22.9,33.4,,1,79.4,9.6,
244,임실,2025-08-23,26.7,20.8,33.5,,.9,80,9.9,
244,임실,2025-08-24,27.6,23.1,33.2,,.9,81.5,7.5,
244,임실,2025-08-25,27.6,23.6,32.9,,1.4,79.6,6.8,
244,임실,2025-08-26,24.6,22.4,27,12,1.3,90.8,.7,
244,임실,2025-08-27,25.4,22.2,31.2,,.8,82.5,7.9,
244,임실,2025-08-28,25.7,21.2,31.7,,.9,84.5,3.9,
244,임실,2025-08-29,26.7,22.5,32.5,,1.2,81.8,8.7,
244,임실,2025-08-30,26.5,22.1,32.6,,.7,81.8,7.2,
244,임실,2025-08-31,24.5,22.4,29.9,37.7,1,91.1,3.3,
244,임실,2025-09-01,25.8,23.1,30.9,31.4,1.8,87.8,5.7,
244,임실,2025-09-02,24.1,19.9,27.9,5.3,.9,86.1,3,
244,임실,2025-09-03,25.2,19.5,32,2.7,.9,83,7.8,
244,임실,2025-09-04,26,22.2,31.4,7.7,.9,83.9,6.3,
244,임실,2025-09-05,26.1,22.8,31.4,0,.9,84.8,5.5,
244,임실,2025-09-06,26.4,23.5,31.4,1.6,1.7,85.8,5.4,
244,임실,2025-09-07,23.8,20.5,27,102.6,1.2,93,.8,
244,임실,2025-09-08,20.1,17,23.7,.1,.8,81.6,.7,
244,임실,2025-09-09,19.4,17.9,20.7,20,.7,93.6,0,
244,임실,2025-09-10,22.2,19.4,28.5,2.8,.8,86.4,4.5,
244,임실,2025-09-11,23.5,16.9,28.9,,1.5,73,10.8,
244,임실,2025-09-12,22.8,19.5,26.3,6.9,.9,87.9,.1,
244,임실,2025-09-13,24,21.2,28,40.9,1.5,91.4,1.6,
244,임실,2025-09-14,23.8,19.9,28.9,,.7,84,3.9,
244,임실,2025-09-15,23.6,21.1,26.9,0,.7,89.1,.6,
244,임실,2025-09-16,25.7,21.8,31.4,,1.1,84.9,4.9,
244,임실,2025-09-17,24.3,21.4,29.8,14.4,1.5,88.8,1,
244,임실,2025-09-18,22.1,18.6,26.4,1.4,.9,83.3,1.9,
244,임실,2025-09-19,20.6,16.9,23.9,1.2,1,80.6,.9,
244,임실,2025-09-20,20.4,16.4,23.5,10.1,1.6,89.4,1.6,
244,임실,2025-09-21,19.9,15.7,26.8,,.8,79.9,5.1,
244,임실,2025-09-22,20.2,15.7,24.8,,1.2,71.8,3.7,
244,임실,2025-09-23,20.4,16.7,26.8,0,.9,75.5,7.3,
244,임실,2025-09-24,22,16.3,27.5,5.8,1,89.3,3.7,
244,임실,2025-09-25,21.9,20.7,22.8,37.8,.7,96.6,.1,
244,임실,2025-09-26,22.4,19,28.2,.4,.7,79.3,8.3,
244,임실,2025-09-27,22.7,17.9,28,0,.9,80.9,7.7,
244,임실,2025-09-28,20.6,18.2,23.6,5.9,1.4,90,0,
244,임실,2025-09-29,18.9,14.5,24.2,,.8,83.8,5.3,
244,임실,2025-09-30,17.6,13.8,24.1,,.7,85.9,5.5,
245,정읍,2025-05-15,22.2,20,25.6,.2,3.5,82.3,.9,10.79
245,정읍,2025-05-16,20.2,16.8,24.1,59.8,2.3,86.8,0,4.29
245,정읍,2025-05-17,19.4,15.3,25.6,0,2.3,84.8,5.2,19.37
245,정읍,2025-05-18,16,11.7,22.3,,2.1,70.1,10.6,25.6
245,정읍,2025-05-19,20.3,11.7,24.4,0,4.1,66.8,2.8,13.41
245,정읍,2025-05-20,24.8,20.5,29.5,,3.4,77.5,10.4,23.19
245,정읍,2025-05-21,24.3,20.8,28.4,0,1.6,74.5,4.3,13.36
245,정읍,2025-05-22,21.1,19.1,25.4,0,1.5,86.1,1.8,14.05
245,정읍,2025-05-23,20.8,18.1,25.2,0,1.6,66.9,.7,12.51
245,정읍,2025-05-24,17.4,13.9,19.7,0,2.1,66,.1,8.17
245,정읍,2025-05-25,16.8,10.6,23.5,,1.6,70,12.6,25.54
245,정읍,2025-05-26,18.4,12,25.7,,1.6,64.1,12.1,24.73
245,정읍,2025-05-27,19.4,13,26.9,,1.8,60.1,12,23.81
245,정읍,2025-05-28,20.1,12.2,28.5,,1.7,59.6,12.5,25.07
245,정읍,2025-05-29,20.1,13,28.3,,1.6,61.8,12.2,24.77
245,정읍,2025-05-30,19.5,12.8,26.4,,1.7,61.4,12.1,23.07
245,정읍,2025-05-31,18.9,13.8,25.5,,1.5,68.1,6.2,18.26
245,정읍,2025-06-01,20.6,12.4,29.9,,1.5,63.9,10.3,22.41
245,정읍,2025-06-02,18.4,16.9,21.5,1,1.3,79.6,0,7.16
245,정읍,2025-06-03,19,14,24.7,,2.2,74.6,11.8,26.26
245,정읍,2025-06-04,19.9,12.6,26.7,,2.7,56.3,13,28.09
245,정읍,2025-06-05,20.4,11.4,29.3,,1.4,52.5,12.1,26.25
245,정읍,2025-06-06,23.1,16.9,28.7,,2.2,39.8,2.4,13.04
245,정읍,2025-06-07,24.2,16.6,31.9,,1.9,56.5,10.6,25.92
245,정읍,2025-06-08,24.4,20.3,31.1,,1.9,73.4,8.7,23.43
245,정읍,2025-06-09,25,20.8,32.3,,1.7,70.4,10.3,23.98
245,정읍,2025-06-10,22.3,18.3,29.5,,1.9,76.1,6,19.72
245,정읍,2025-06-11,22.1,15.1,29.9,,2,61.1,11.4,27.01
245,정읍,2025-06-12,23.5,16.2,32.3,,1.7,57.9,9,22.87
245,정읍,2025-06-13,21.2,19.1,23.9,97.7,1.4,86.4,0,5.7
245,정읍,2025-06-14,23.6,21,29,59.1,1.9,87.9,2.9,11.83
245,정읍,2025-06-15,25.4,18.7,31.8,1.8,2.4,79,7.6,20.02
245,정읍,2025-06-16,24.6,22.3,28,1.5,3.6,80.4,5.2,13.78
245,정읍,2025-06-17,25.1,20.8,30.7,,3.4,74.3,7.9,19.57
245,정읍,2025-06-18,25.2,19.2,33.1,,1.3,68.8,12.6,25.85
245,정읍,2025-06-19,26.6,19.6,32,0,2.5,72,7,19.56
245,정읍,2025-06-20,26.1,24.3,27.5,6.7,6.2,79.9,0,3.66
245,정읍,2025-06-21,20.9,18,25.2,136.3,2.9,95.1,0,1.96
245,정읍,2025-06-22,22.4,18.3,28.9,.1,1.2,78.9,9.7,22.74
245,정읍,2025-06-23,23.7,15.4,31.1,,1.5,71.4,13,27.28
245,정읍,2025-06-24,21.6,18.9,23.7,26.6,1.6,87.8,.1,4.29
245,정읍,2025-06-25,22.7,20.2,26.5,.2,3.8,81,5.5,16.51
245,정읍,2025-06-26,23.7,19.5,29.2,,2.2,77.4,10.2,23.39
245,정읍,2025-06-27,26.6,19.7,33.2,,1.1,71.3,12.4,25
245,정읍,2025-06-28,28.3,24.1,33.6,,1.7,79.3,10,23.72
245,정읍,2025-06-29,28.8,24.4,33.9,,2.4,72.1,13,28.33
245,정읍,2025-06-30,28.9,23.8,34.3,,1.8,73,10.5,21.57
245,정읍,2025-07-01,28.8,25.1,34.3,0,2.1,75.6,5.4,14.88
245,정읍,2025-07-02,28.9,24.6,34.2,,1.9,76.9,10.5,24.51
245,정읍,2025-07-03,28.5,24.3,34.2,,1.8,76,11.5,26.07
245,정읍,2025-07-04,27.9,23.5,33.2,,2.7,72.9,9.5,22.19
245,정읍,2025-07-05,28.4,23.9,34.1,,2.1,75,9.5,23.11
245,정읍,2025-07-06,28.8,25.4,33.7,,2.3,77.5,9.9,23.18
245,정읍,2025-07-07,29.4,24.2,35.3,,1.6,75.8,8.6,23.26
245,정읍,2025-07-08,29.2,25.6,37.7,,1.3,80.6,6.5,15.99
245,정읍,2025-07-09,30.4,24.6,37.8,,1.4,60.8,12.9,26.26
245,정읍,2025-07-10,30,23.2,36.5,,1.7,55.1,8,20.48
245,정읍,2025-07-11,30.5,25.2,36.2,,2.2,46.5,11.6,24.9
245,정읍,2025-07-12,28.6,23.1,35.8,,1.6,52,12.2,26.15
245,정읍,2025-07-13,24.5,22.8,29,11.6,1,82.3,.1,5.72
245,정읍,2025-07-14,24.6,20.1,29.5,0,2,79.9,5,17.74
245,정읍,2025-07-15,24.2,21.2,28.4,6.2,1.9,83.1,2.5,11.82
245,정읍,2025-07-16,24.9,22.3,27,10.3,2.9,81,0,2.7
245,정읍,2025-07-17,25.2,21.8,28.4,82,3.7,88.8,0,1.92
245,정읍,2025-07-18,26.1,22.1,31.5,6.6,2.3,80.9,3.9,14.13
245,정읍,2025-07-19,25.5,23.8,27.5,100.8,2.3,92.8,.4,3.65
245,정읍,2025-07-20,28.6,23.4,33.8,,2.3,74,10.9,25.21
245,정읍,2025-07-21,27.7,24.9,32.6,1,1.4,80.5,5.4,14.19
245,정읍,2025-07-22,28.3,23.4,34.6,0,1.6,77,8.4,21.21
245,정읍,2025-07-23,28.7,23.3,35,,1.3,78.5,8,19.6
245,정읍,2025-07-24,29.5,24.3,35.8,,1.6,76.3,11.2,22.8
245,정읍,2025-07-25,30.2,24.6,35.7,,1.5,76.4,11.2,22.44
245,정읍,2025-07-26,30.6,24.6,37.1,,1.5,70,11.7,23.56
245,정읍,2025-07-27,31,25.5,37.8,0,1.6,67.5,12.5,25.54
245,정읍,2025-07-28,30.3,25.5,35.7,,1.8,70.6,12,24.1
245,정읍,2025-07-29,30.3,24.5,37.7,,1.2,67.8,12.7,25.18
245,정읍,2025-07-30,29.8,24.3,35.9,0,1.3,63.6,8.4,20.79
245,정읍,2025-07-31,30.4,25.1,36.7,0,1.4,62.5,10,23.78
245,정읍,2025-08-01,30.1,23.5,37.2,,1.6,66.9,12.6,25.13
245,정읍,2025-08-02,29.9,23.6,36.7,,1.4,68.8,8.9,21.12
245,정읍,2025-08-03,26.9,24.7,29.8,76.6,1.4,86.8,0,3.66
245,정읍,2025-08-04,27.9,25.2,32.2,7,2.5,86.3,3.9,14.78
245,정읍,2025-08-05,28.7,23.7,33.2,0,2,80.3,6.6,18.99
245,정읍,2025-08-06,28.7,27.3,31.7,.4,3.8,82.8,1.3,11.39
245,정읍,2025-08-07,27.5,23.5,31.6,0,2,80.3,6.3,16.18
245,정읍,2025-08-08,26,21.3,32.2,,1.1,78,7.1,18.74
245,정읍,2025-08-09,24.4,22.4,28.5,5.2,1.3,86.3,0,5.5
245,정읍,2025-08-10,25.8,22,31.3,30.7,2,80.8,9.7,22.76
245,정읍,2025-08-11,23.6,20.8,27.2,7.6,1.1,90.9,.5,5.88
245,정읍,2025-08-12,23.7,20.4,27,8.4,1.2,89.9,.1,7.1
245,정읍,2025-08-13,28.3,24.5,31.5,7,3.2,79.8,5.5,15.96
245,정읍,2025-08-14,28.6,24.9,32.3,.7,2.1,81,10,19.76
245,정읍,2025-08-15,28.5,24,33.8,,1.5,81,11.2,22.7
245,정읍,2025-08-16,28.1,23.1,33.7,,1.2,77,10.9,24.16
245,정읍,2025-08-17,28.1,22.6,33.8,,1.4,75.5,9.7,22.21
245,정읍,2025-08-18,28.6,24.1,34.4,,1.7,77.3,9.4,22.46
245,정읍,2025-08-19,28.9,24.3,34,,2,76.9,10.7,22.52
245,정읍,2025-08-20,28.7,24.3,34.7,.2,1.5,79.8,9.8,23.55
245,정읍,2025-08-21,29,24.5,34.4,0,1.3,78,8,18.27
245,정읍,2025-08-22,28.7,24.6,34.1,0,1.4,76.6,11.3,23.53
245,정읍,2025-08-23,28.6,22.9,35.5,,1.3,75.1,9.5,23.59
245,정읍,2025-08-24,29.3,24.2,35.5,,1.5,77.5,9.8,21.38
245,정읍,2025-08-25,29.7,25.3,35.4,,2.6,73.4,9.5,22.5
245,정읍,2025-08-26,26.2,23.2,30.5,21,2.1,88.3,2,7.93
245,정읍,2025-08-27,27.7,24.4,33,,1.1,80.1,9.1,22.26
245,정읍,2025-08-28,28,23.5,34.5,,1.6,79.6,5.9,19.24
245,정읍,2025-08-29,28.9,25.1,33.5,,2.1,77,10.6,22.26
245,정읍,2025-08-30,28.6,23.5,34.9,,1.3,75.8,10.1,23.66
245,정읍,2025-08-31,27.1,24.4,32.3,5.7,1.5,82.1,5.1,13.27
245,정읍,2025-09-01,27.7,24.8,33.2,6.4,3.2,81.4,7,17.99
245,정읍,2025-09-02,25.2,20.8,30.6,8.2,1.2,81.8,3.5,11.65
245,정읍,2025-09-03,26.5,20.1,34.5,39.3,1.3,79.6,8.5,20.31
245,정읍,2025-09-04,26.7,23.2,31.5,0,1.5,85,5.6,16.15
245,정읍,2025-09-05,27.8,23.4,33.5,11,1.2,81.3,8.8,18.73
245,정읍,2025-09-06,28.8,24.9,32.7,0,3.3,77,8.8,19.24
245,정읍,2025-09-07,25.5,21,29.5,87.5,2,87.6,.9,7.19
245,정읍,2025-09-08,21.6,18.6,25.2,5.6,1.1,83.6,.8,7.35
245,정읍,2025-09-09,20.6,18.3,22.5,9.1,1.6,91.6,0,5.77
245,정읍,2025-09-10,23.7,19.9,29.3,1,1.6,83.6,5.5,15.91
245,정읍,2025-09-11,25.2,19,31.4,,1.6,73.4,10,20.93
245,정읍,2025-09-12,24,21.3,27.3,10.8,1.5,85.4,.1,5.67
245,정읍,2025-09-13,25.4,21.7,28.6,38.9,2.9,86.3,1,8.16
245,정읍,2025-09-14,25.3,21.2,31.3,0,1.1,81.1,4.6,17.05
245,정읍,2025-09-15,25.3,22.5,28.7,,1.1,86.8,.2,9.21
245,정읍,2025-09-16,27.6,23.8,32.4,,2.3,80.8,6.2,16.77
245,정읍,2025-09-17,25,22.4,30.7,8.6,2.5,86.8,1.8,8.36
245,정읍,2025-09-18,23.2,20.7,27.8,0,1.1,83.6,3.2,12.77
245,정읍,2025-09-19,23.1,20.8,26,1.4,2.1,71.8,.7,9.22
245,정읍,2025-09-20,22,18.1,25,8.6,2.6,85.1,2,9.16
245,정읍,2025-09-21,21.2,16.5,27.9,,1.7,82.5,7.4,19.45
245,정읍,2025-09-22,22.2,17.1,27.8,0,1.4,69,4.9,15.52
245,정읍,2025-09-23,22.9,18.6,28.9,0,1.3,65.9,6.9,17.68
245,정읍,2025-09-24,24.7,20.5,28.8,6.7,2.6,80,2.6,10.21
245,정읍,2025-09-25,23.1,22.3,25.4,36.1,1.2,93.3,.2,4.86
245,정읍,2025-09-26,23.2,20.8,28.1,0,1.7,83.6,7.1,16.85
245,정읍,2025-09-27,23.8,19.2,29.3,0,1.2,83.5,4.8,13.76
245,정읍,2025-09-28,21.5,18.9,24,3.9,2.6,89.5,0,4.47
245,정읍,2025-09-29,20.1,15.7,24.8,0,1.4,80.1,5.5,14.53
245,정읍,2025-09-30,19.9,15.2,26.4,,1.1,79.4,8,16.44
247,남원,2025-05-15,20.6,17.5,24.8,.2,1.1,82.8,.1,
247,남원,2025-05-16,18.9,16.7,23.5,41.9,1.4,92.9,0,
247,남원,2025-05-17,20,16.7,25.7,.1,1.9,83,5.4,
247,남원,2025-05-18,16.9,12.2,23.6,,1.5,62.3,11.4,
247,남원,2025-05-19,19.8,11.6,25.7,,2.4,65.9,4.3,
247,남원,2025-05-20,24.5,17.6,31.9,,2.4,73.1,9.2,
247,남원,2025-05-21,23.8,18.8,27.3,,1.4,77.4,4.1,
247,남원,2025-05-22,23.3,18.9,28.9,0,1.6,77.9,3.7,
247,남원,2025-05-23,19.7,17,24.2,,3.3,57.1,1.8,
247,남원,2025-05-24,16.9,14.8,19.4,0,3.9,62.5,0,
247,남원,2025-05-25,18,12.7,24.6,,1.7,64.5,12.9,
247,남원,2025-05-26,18.1,10.1,25.9,,1.7,64,10.6,
247,남원,2025-05-27,19.2,11.5,26.9,,1.7,62.6,12.1,
247,남원,2025-05-28,20.2,12.2,28.8,,1.6,60.3,12.4,
247,남원,2025-05-29,18.7,12.7,28.6,0,1.9,68.8,10.2,
247,남원,2025-05-30,19.3,12.4,27.1,,1.5,68.5,11.9,
247,남원,2025-05-31,18.9,11.6,26.1,,1.4,69,5.9,
247,남원,2025-06-01,21.4,12.7,29.4,,1.4,67.3,10.2,
247,남원,2025-06-02,17.9,16.1,20.8,2.7,1.1,85.3,0,
247,남원,2025-06-03,19.2,13.7,25.7,0,1.7,73.5,11.8,
247,남원,2025-06-04,19.1,9.9,28,,2.3,57.5,13.7,
247,남원,2025-06-05,19.8,10.5,28.1,,1.6,58.5,12.7,
247,남원,2025-06-06,20.7,14.7,28,,1.6,60,2.6,
247,남원,2025-06-07,22.9,13.2,31.6,,1.7,60.4,10.5,
247,남원,2025-06-08,24.5,18.7,30.8,,1.8,68.5,7,
247,남원,2025-06-09,25.5,20.4,31.2,,1.4,69.8,7.9,
247,남원,2025-06-10,24.1,19.1,30.8,,1.6,66.4,9.5,
247,남원,2025-06-11,23.2,16.4,30.7,,1.4,59,11.6,
247,남원,2025-06-12,23.7,17.6,29.9,,1.7,61.1,7,
247,남원,2025-06-13,20.2,19,23,45.2,1.4,86.6,0,
247,남원,2025-06-14,23.5,19.2,28.8,34.7,1.3,88.9,1,
247,남원,2025-06-15,25.9,21.4,31.8,4.9,1.8,80.1,6.7,
247,남원,2025-06-16,24,20.7,27.4,13.3,1.8,86.9,3.3,
247,남원,2025-06-17,24.5,19,30.5,,1.8,79.6,4,
247,남원,2025-06-18,25.1,19.3,32,,1.4,72.9,12.5,
247,남원,2025-06-19,25.4,18.7,30,,2.4,75.3,8,
247,남원,2025-06-20,26,24.2,27.9,1.4,3.5,77.3,0,
247,남원,2025-06-21,22,17.5,26.3,174.9,2.3,94.6,0,
247,남원,2025-06-22,21.4,17.3,27.2,1,1.1,83.5,6.7,
247,남원,2025-06-23,24.1,16.1,31.7,,1.3,72.5,13.4,
247,남원,2025-06-24,21.1,18.5,23.7,14.7,2.3,83.3,.6,
247,남원,2025-06-25,23.4,21.1,27.7,0,2.6,73.4,4.9,
247,남원,2025-06-26,23.7,18.1,29,,1.4,75.5,7.5,
247,남원,2025-06-27,25.9,19.6,31.8,,1.2,75,12.7,
247,남원,2025-06-28,28.2,21.8,34.4,,1.7,75.3,10.1,
247,남원,2025-06-29,29.1,24.7,34,,1.8,69.5,12.1,
247,남원,2025-06-30,28.7,22.9,34.4,,1.9,73.8,12.4,
247,남원,2025-07-01,28.3,23.5,33.8,,1.2,79.8,6.1,
247,남원,2025-07-02,29.3,23.8,35.1,,1.4,77,11.7,
247,남원,2025-07-03,29.3,25.7,34.1,,1.6,68.9,11.7,
247,남원,2025-07-04,27,21.4,32.6,,1.7,76.4,9.5,
247,남원,2025-07-05,28.1,22.6,33.6,,1.6,74.9,8.8,
247,남원,2025-07-06,28.8,24.2,34.3,,1.3,74.4,7.3,
247,남원,2025-07-07,29.8,24.9,36.1,0,1.3,75.8,7,
247,남원,2025-07-08,30.2,25.8,35.3,,1.5,75.6,7.5,
247,남원,2025-07-09,30.2,25.9,35.5,,3.5,52.5,13.4,
247,남원,2025-07-10,29.4,25.8,34.5,,4,55,11.6,
247,남원,2025-07-11,28.4,24.6,33.4,,5.3,53.1,8.2,
247,남원,2025-07-12,28.2,23.3,34.2,,3.2,62.8,11.4,
247,남원,2025-07-13,23.9,20.6,28,4.1,1.2,85.1,1.1,
247,남원,2025-07-14,24.4,19.4,31.2,0,1.4,77.6,6.8,
247,남원,2025-07-15,22.8,20.4,26,5.2,1.3,88.5,.5,
247,남원,2025-07-16,23.5,21,25.8,5.8,1.9,84.4,0,
247,남원,2025-07-17,23.6,21,29,225.4,2.4,91,0,
247,남원,2025-07-18,24.8,20.3,31.4,7.9,1.7,86.6,5.8,
247,남원,2025-07-19,24.1,22.3,28.8,91.5,1.9,96.1,.5,
247,남원,2025-07-20,26.8,21.5,32.2,,2.5,80.8,9.6,
247,남원,2025-07-21,25.5,23.3,31.8,3.5,1.2,89,3.1,
247,남원,2025-07-22,27.9,22,33.5,,1.3,79.6,10.9,
247,남원,2025-07-23,28,23.4,33.9,,1.2,82,6.7,
247,남원,2025-07-24,28.6,22.8,36,,1.4,74.8,11.7,
247,남원,2025-07-25,28.8,22,35.3,,1.5,73.5,10.1,
247,남원,2025-07-26,29.4,23.8,34.8,,2,71,10.7,
247,남원,2025-07-27,30.3,25.3,35.5,,2.3,67.5,12.1,
247,남원,2025-07-28,29,23.8,36.3,0,1.5,74.1,12.1,
247,남원,2025-07-29,28.9,23.3,36,,1.1,72.8,12,
247,남원,2025-07-30,28,22,34.7,,1.6,68.3,9.5,
247,남원,2025-07-31,28.7,23.8,35.1,,1.4,67.3,9.2,
247,남원,2025-08-01,28.7,21.3,35.9,,1.5,70.5,13.3,
247,남원,2025-08-02,28.7,23.6,36.6,34.5,1.6,77.3,10.6,
247,남원,2025-08-03,25.9,23.9,29.9,142.7,1,92.5,0,
247,남원,2025-08-04,26.9,25,29.3,71.5,1,96.1,.6,
247,남원,2025-08-05,27.8,25.3,32.7,3.5,1.3,86.1,3.9,
247,남원,2025-08-06,27.3,25.5,30,16.2,1.4,90,,
247,남원,2025-08-07,26.9,22.5,31.4,.6,1.2,83.4,5.2,
247,남원,2025-08-08,24.6,20.4,30.7,,1.4,81.4,5.3,
247,남원,2025-08-09,23.2,21.6,27.6,13.7,1.1,90.6,.1,
247,남원,2025-08-10,25.8,21.4,31.7,30.4,1.4,84.6,7.7,
247,남원,2025-08-11,23.4,19.6,28.9,12.5,1.3,88,1.8,
247,남원,2025-08-12,22.4,19.9,25.2,18.1,1.1,94,0,
247,남원,2025-08-13,27.3,22.7,32.4,0,1.8,83.4,5.8,
247,남원,2025-08-14,27.6,22.5,32.3,.7,1.5,82.3,9.5,
247,남원,2025-08-15,28.3,23.6,34,,1.1,80.8,11.6,
247,남원,2025-08-16,27.5,24,33.5,,1.4,81,8.3,
247,남원,2025-08-17,27,22.5,32.9,,1,82.4,8.1,
247,남원,2025-08-18,28.4,23.6,33.5,,1.4,77.1,8.8,
247,남원,2025-08-19,28.8,24.2,33.6,,1.4,77,10.1,
247,남원,2025-08-20,28.5,23.6,33.7,,1.5,77.3,10.8,
247,남원,2025-08-21,27.6,23.4,34.3,0,1.2,81.4,7.9,
247,남원,2025-08-22,28.5,24.3,34.4,,1.3,79.5,9.9,
247,남원,2025-08-23,28.1,22.6,34.8,,1.3,76.5,11.5,
247,남원,2025-08-24,29.3,24.3,34.8,,1.3,75.8,9.9,
247,남원,2025-08-25,29.1,25.3,34.1,,1.7,76.5,7.1,
247,남원,2025-08-26,25.8,22.6,28,60.7,1.1,89.3,,
247,남원,2025-08-27,26.4,23.2,32.2,,1.2,82.8,8.8,
247,남원,2025-08-28,26.9,22.4,33.2,0,1.1,82.9,6.3,
247,남원,2025-08-29,27.8,23.2,34.1,,1.2,81.6,7.5,
247,남원,2025-08-30,27.9,22.7,34,0,1.4,78.1,11.3,
247,남원,2025-08-31,25.5,23.3,31.7,3.6,1.3,89.8,4.6,
247,남원,2025-09-01,26.9,22.7,31.8,0,1.8,83.8,7.3,
247,남원,2025-09-02,25.2,22,29.1,15.4,.9,87.3,3.6,
247,남원,2025-09-03,25.5,20.6,32.2,6.9,1.1,87.9,7.7,
247,남원,2025-09-04,26.8,22.2,32,4.2,1,85,6.9,
247,남원,2025-09-05,26.9,22.9,33.3,17.9,1.2,86,9.4,
247,남원,2025-09-06,27.1,23.5,31.6,4.9,1.3,85.9,6.5,
247,남원,2025-09-07,25.2,22.5,27.1,24.7,.9,90.9,.1,
247,남원,2025-09-08,21.3,18.6,25.2,15.3,1.1,86.6,2.2,
247,남원,2025-09-09,19.6,18.1,22.3,48.5,1.8,93,.1,
247,남원,2025-09-10,23.3,19.4,29.1,2.2,1.3,84.8,4.7,
247,남원,2025-09-11,24.5,19.3,29.7,,3.4,74.1,11.1,
247,남원,2025-09-12,24.1,23.1,25.8,.2,3.5,79.4,0,
247,남원,2025-09-13,25.7,22.6,29.1,46.9,1.6,86.9,.4,
247,남원,2025-09-14,24.8,21.4,29.1,,.9,83.4,5.1,
247,남원,2025-09-15,24,21.7,26,1.9,.9,92,1,
247,남원,2025-09-16,26.2,21.9,32,,1.3,85.6,6.6,
247,남원,2025-09-17,24.7,22.3,31.8,8.6,1.3,89.1,2.8,
247,남원,2025-09-18,22.4,18.4,27.1,8.1,1.6,83.6,2.6,
247,남원,2025-09-19,21.6,18.6,24.7,0,2.6,74.6,1.3,
247,남원,2025-09-20,21.7,17.3,24.8,4.3,1.8,84.6,2.3,
247,남원,2025-09-21,20.9,15,27.4,,2.5,76.9,9.1,
247,남원,2025-09-22,21.9,19.4,26.4,,4.2,66.3,6.7,
247,남원,2025-09-23,22.3,18.9,27.3,0,3.1,63.9,6.9,
247,남원,2025-09-24,23.4,19,28.2,4.3,1.8,82.5,2.8,
247,남원,2025-09-25,22.3,20.6,23.8,20,.8,98.9,0,
247,남원,2025-09-26,23.3,20.3,29,,1,81.5,8.4,
247,남원,2025-09-27,23.5,19.3,28.5,.1,1.1,77.9,6.6,
247,남원,2025-09-28,21.1,19.3,23.5,10.1,1.3,91.8,0,
247,남원,2025-09-29,19.8,16.2,25.1,,1.1,83.9,4.2,
247,남원,2025-09-30,18.5,15.1,25.1,,1.3,84.3,5.5,
248,장수,2025-05-15,20.1,17.7,23.4,2.5,2.1,82.3,.6,
248,장수,2025-05-16,18.1,15.2,21.5,44.4,1.6,91,0,
248,장수,2025-05-17,18.5,15.2,24.2,0,1.9,81.8,5.8,
248,장수,2025-05-18,14,8.9,21.3,,1.8,63.5,10.1,
248,장수,2025-05-19,17.7,8.2,22.8,,2.6,68.4,7.1,
248,장수,2025-05-20,23.6,18.4,29.9,,2.5,73.4,11.3,
248,장수,2025-05-21,22,16.3,27.2,,1,78.5,4.9,
248,장수,2025-05-22,21.7,17.9,26.7,0,1.4,80,4,
248,장수,2025-05-23,17.8,14.5,22.4,,1.2,58,1.4,
248,장수,2025-05-24,14.4,11.7,18.9,.1,2,74.5,0,
248,장수,2025-05-25,15.2,9.8,22.7,,1.7,72.6,11.6,
248,장수,2025-05-26,16.2,8.3,24.4,,1.1,66.8,10.5,
248,장수,2025-05-27,17.2,8.8,24.5,,1.3,66.3,12.3,
248,장수,2025-05-28,17.7,9.3,26.1,,1,66.3,10.9,
248,장수,2025-05-29,16.3,9.6,25.8,9.2,1.2,75.9,8.3,
248,장수,2025-05-30,16.2,10.1,24.3,,1.5,71.4,10.4,
248,장수,2025-05-31,16.4,8.4,23.7,,1.1,73.8,8.6,
248,장수,2025-06-01,19,10.5,27.4,,.9,70.9,10.3,
248,장수,2025-06-02,16.8,14.7,21.1,.6,1,83.4,0,
248,장수,2025-06-03,17.2,11.9,23.3,.1,1.5,73.4,7.8,
248,장수,2025-06-04,17.4,8.2,24.7,,2.2,52.4,12.7,
248,장수,2025-06-05,17.3,8,25.7,,1,63.9,12,
248,장수,2025-06-06,18.6,12.5,25.6,,1.1,64.9,1.7,
248,장수,2025-06-07,20.9,10.8,28.7,,1.3,62.8,11.1,
248,장수,2025-06-08,22.4,16.5,28.6,,1.1,72.3,7.2,
248,장수,2025-06-09,23.2,18.2,29.6,,1.2,72.5,8.3,
248,장수,2025-06-10,21.7,16.7,28.8,,1.5,69.6,8.5,
248,장수,2025-06-11,20.7,13.1,28.4,,2.1,63.3,11.6,
248,장수,2025-06-12,21.4,14.2,29.2,,1.1,65.8,8.5,
248,장수,2025-06-13,19.3,16.1,22.6,51.5,.7,88.6,0,
248,장수,2025-06-14,22.2,18.7,27.6,77.3,1,91.6,1.4,
248,장수,2025-06-15,24.6,18.6,29.9,1.4,1.7,78.4,8.9,
248,장수,2025-06-16,22.1,19.8,25.1,7.9,1.9,87,1.1,
248,장수,2025-06-17,23.1,19.6,27.8,.5,1.5,78.1,4.5,
248,장수,2025-06-18,22.7,16.3,29.2,,1.1,73.4,12.4,
248,장수,2025-06-19,23.6,15.9,29.7,,1.5,75.9,7.9,
248,장수,2025-06-20,24.1,22.3,25.9,7.5,2.9,81.5,0,
248,장수,2025-06-21,20.3,15.6,24.1,151.7,2.1,96.4,0,
248,장수,2025-06-22,19.5,14.8,25.7,.7,.8,80.5,7.4,
248,장수,2025-06-23,21.6,14.2,29.4,,.7,76.3,9.1,
248,장수,2025-06-24,19,15.6,22.8,18.5,.6,92.1,.1,
248,장수,2025-06-25,21.2,19,25.2,.2,2,79.9,4.2,
248,장수,2025-06-26,22,18.2,27.3,,1.8,75,7.5,
248,장수,2025-06-27,23.7,17,30.6,,.8,80.1,12.3,
248,장수,2025-06-28,25.7,19.4,32,0,1.3,80.5,9.1,
248,장수,2025-06-29,26.1,20.8,32,,1.4,74.9,12.6,
248,장수,2025-06-30,26.5,19.8,31.6,,1.3,75.1,10.8,
248,장수,2025-07-01,25.9,21,31.6,0,1.2,83.8,4.4,
248,장수,2025-07-02,26.9,20.9,32.5,,1.2,81.6,10.6,
248,장수,2025-07-03,26.7,22.7,32.2,,1.3,77.3,11.4,
248,장수,2025-07-04,25.2,18.9,30.7,,1.6,75.1,9.9,
248,장수,2025-07-05,25.3,19.3,31.6,,1.4,79.8,10.2,
248,장수,2025-07-06,26.2,21.2,32,,1.2,77.5,10.6,
248,장수,2025-07-07,27,21.2,34.5,17.4,1.1,84.5,7,
248,장수,2025-07-08,27.4,23.3,33.1,,.9,81,6.7,
248,장수,2025-07-09,26.2,20.4,32.9,,1.3,64.8,12.7,
248,장수,2025-07-10,25.8,20.5,33.1,,1.5,65.5,10.2,
248,장수,2025-07-11,25,19.1,31.6,,2,61.4,11.7,
248,장수,2025-07-12,24.9,17.2,32.6,,.9,70.3,11.7,
248,장수,2025-07-13,22.1,18.5,28.3,12.2,1.1,91.3,1.2,
248,장수,2025-07-14,21.8,17.7,27.4,1.4,1.4,83.8,4.4,
248,장수,2025-07-15,20.5,18.7,22.7,3.5,.8,92.3,0,
248,장수,2025-07-16,21.3,18.4,22.8,3.5,1.1,87.6,0,
248,장수,2025-07-17,22.5,19.8,27.5,62.6,1.6,91,0,
248,장수,2025-07-18,24,18.7,30.1,14.5,1.3,84.6,4.6,
248,장수,2025-07-19,22.4,20.7,26,134.8,1.2,96.8,0,
248,장수,2025-07-20,24.8,19.6,30.4,,1.2,84.8,9.1,
248,장수,2025-07-21,24.3,20.7,29.7,0,.9,87.9,1.7,
248,장수,2025-07-22,25.6,20.1,31.6,,1,82.1,10.2,
248,장수,2025-07-23,26.5,21.4,32.5,,.8,82.6,7.9,
248,장수,2025-07-24,26.1,20.8,34,,.8,79,9.9,
248,장수,2025-07-25,25.9,18.8,33.6,,1,79.5,10.9,
248,장수,2025-07-26,26.3,20,32.7,,1.1,78.4,10.9,
248,장수,2025-07-27,27,20.4,33.6,,1.1,76.1,11.4,
248,장수,2025-07-28,27,20.7,33.8,,1,81,10.1,
248,장수,2025-07-29,26.4,20.6,33.8,,.7,76.1,11.2,
248,장수,2025-07-30,25.2,18,33,,.9,75.6,9.7,
248,장수,2025-07-31,26.1,20.3,33.4,,.9,71.3,10.8,
248,장수,2025-08-01,26.2,18.1,33.4,,.7,77.4,10.3,
248,장수,2025-08-02,26.6,20.8,33.9,0,.9,80.9,7.9,
248,장수,2025-08-03,24.4,22.1,29.4,55.4,.7,90.4,0,
248,장수,2025-08-04,25.8,22.4,27.4,98.3,1.3,91.9,.2,
248,장수,2025-08-05,26.8,23.9,31.4,7,1.6,83.5,3.5,
248,장수,2025-08-06,26.1,24.7,27.4,9.6,1.9,84.8,0,
248,장수,2025-08-07,25,19.1,29.1,.7,1.4,80.5,2.9,
248,장수,2025-08-08,22.2,17.2,28.6,,.6,84.9,4.6,
248,장수,2025-08-09,21.9,19.8,26.8,3.5,.7,92.1,.2,
248,장수,2025-08-10,23.7,19.8,29.8,29.6,1.2,86.5,6.9,
248,장수,2025-08-11,21.7,18.6,26.6,5.8,.7,93.1,.6,
248,장수,2025-08-12,21.3,18.1,24.1,13.5,.7,93.5,0,
248,장수,2025-08-13,26,22,30,5,1.5,82.1,2.7,
248,장수,2025-08-14,25.6,22.5,30.1,.4,1.3,83.9,6.9,
248,장수,2025-08-15,25.6,21.3,31.7,,1,85.1,9,
248,장수,2025-08-16,25.2,21,31.6,,1,83.3,9.3,
248,장수,2025-08-17,24.4,20.4,30.5,,.9,86.9,6.1,
248,장수,2025-08-18,25.5,20.5,31.6,,1,82.9,9,
248,장수,2025-08-19,25.9,20.5,31.4,,1.2,84.3,8.2,
248,장수,2025-08-20,26.7,21.8,31.9,0,1.2,78.5,10,
248,장수,2025-08-21,25.5,22.7,31.1,9.2,.9,89.6,6.1,
248,장수,2025-08-22,26.1,22.2,32.4,,.9,84.9,6.7,
248,장수,2025-08-23,25.7,20.7,32.6,,.8,85,8.8,
248,장수,2025-08-24,26.1,21.3,32.4,,1,81.4,9.6,
248,장수,2025-08-25,27,22,32.3,0,1.5,79.1,8.2,
248,장수,2025-08-26,24.3,22.5,26.5,6.8,1.3,89.4,.3,
248,장수,2025-08-27,24.4,21.2,30.8,,.7,84.9,6.7,
248,장수,2025-08-28,24.8,20.1,30.7,5.4,.9,85.8,6.2,
248,장수,2025-08-29,25.3,20.5,31.5,,1.1,84.4,8.4,
248,장수,2025-08-30,25.4,20.2,32.3,,.7,83.9,7.6,
248,장수,2025-08-31,23.9,20.9,30.3,1,.9,89.8,3.8,
248,장수,2025-09-01,24.8,21,29.6,87.3,1.5,86.9,2.8,
248,장수,2025-09-02,23.9,19.4,28,16.7,.9,88.4,2.7,
248,장수,2025-09-03,23.7,18.4,31.1,0,1,86.8,7,
248,장수,2025-09-04,25,21,30.8,0,.8,85.8,5.2,
248,장수,2025-09-05,25.5,21.2,31.7,,1,84,7.4,
248,장수,2025-09-06,26.1,22.9,30,0,1.6,81.1,4.1,
248,장수,2025-09-07,22.9,19.5,27.4,77.7,1.1,94.1,.6,
248,장수,2025-09-08,18.7,15.1,22.9,2.7,.6,85,.9,
248,장수,2025-09-09,18.1,16.2,19.5,26.4,.9,96.6,0,
248,장수,2025-09-10,20.5,17.5,26.3,8.2,1.3,92.4,2.5,
248,장수,2025-09-11,21.2,15.8,27.1,,1.3,81.6,7.3,
248,장수,2025-09-12,21.1,17.6,25.5,6,.8,93.1,0,
248,장수,2025-09-13,24.1,21.8,27.6,88.4,1.6,88.8,1.1,
248,장수,2025-09-14,22.8,18.9,27.4,,.8,84.5,4.3,
248,장수,2025-09-15,22.9,19.3,27.4,0,.8,90.1,1.2,
248,장수,2025-09-16,24.5,20.4,29.8,6.7,1.1,88.8,3.6,
248,장수,2025-09-17,23.9,20.5,27.3,12.1,1.7,84,.6,
248,장수,2025-09-18,20.6,17.3,25.4,1.3,1,89.5,1.1,
248,장수,2025-09-19,19.8,16.2,23.1,.1,1,81.5,.9,
248,장수,2025-09-20,19.4,14.1,23.7,6.9,1.7,88.5,1.1,
248,장수,2025-09-21,18.5,13.4,25.7,,1,82.6,7.5,
248,장수,2025-09-22,18.1,13.6,23.7,,1,80.1,3.9,
248,장수,2025-09-23,18.4,14.8,25.8,,.8,80.9,7.4,
248,장수,2025-09-24,21.2,14.8,27,6,1.1,90.6,3.5,
248,장수,2025-09-25,20.8,19.1,22.7,39.9,.7,97.4,0,
248,장수,2025-09-26,20.9,17.7,27.3,,.9,84.8,8.8,
248,장수,2025-09-27,21.3,16.5,27.3,0,.8,83.8,7.1,
248,장수,2025-09-28,19.7,17.6,22.5,9.8,1.5,92.5,0,
248,장수,2025-09-29,17.9,12.9,23.8,,1,85.1,5,
248,장수,2025-09-30,16.4,12.5,22.9,,.8,86.9,6.4,
251,고창군,2025-05-15,21.4,19.7,24.2,.5,2.5,81.5,0,9.37
251,고창군,2025-05-16,19.7,16.8,23.3,55.1,1.9,84.3,0,3.99
251,고창군,2025-05-17,18.8,15.1,25.1,.2,1.6,83.9,5.2,21.54
251,고창군,2025-05-18,15.9,10.5,22.1,,1.8,64.6,9.6,28.26
251,고창군,2025-05-19,19.6,12.1,24,,2.5,68,1.7,12.25
251,고창군,2025-05-20,23.7,20.1,26.4,,2.5,78.8,.4,12.48
251,고창군,2025-05-21,23.9,20.1,27.2,,1.3,73.4,2.6,14.91
251,고창군,2025-05-22,19.8,17.8,23.4,.1,1.2,87.4,0,10.23
251,고창군,2025-05-23,20.1,17.3,24.2,,1.3,64.8,.3,12.5
251,고창군,2025-05-24,17,13,19.3,,1.7,64.8,.3,9.17
251,고창군,2025-05-25,16.3,10.3,23,,1.6,69.5,11.9,28.15
251,고창군,2025-05-26,17.8,10.8,26,,1,61.3,10.8,27.02
251,고창군,2025-05-27,18.8,12,26.7,,1.2,55,10.2,26.11
251,고창군,2025-05-28,19.9,11.6,28.2,,1.4,55.5,10.9,27.87
251,고창군,2025-05-29,19.8,12.4,27.5,,1.5,58.4,10.5,27.39
251,고창군,2025-05-30,18.7,12.1,26.2,,1.2,61.8,8.9,24.87
251,고창군,2025-05-31,18.1,12.6,25,,1,69.8,1.5,19.02
251,고창군,2025-06-01,20.1,11.6,28.7,,1.1,65.1,9.6,26.09
251,고창군,2025-06-02,17.7,16,19.7,2.4,.8,79.1,0,7.54
251,고창군,2025-06-03,18.6,14.1,24.4,,1.7,73.8,10.6,29.21
251,고창군,2025-06-04,19.4,12.5,29.1,,1.8,56.8,12.4,31.02
251,고창군,2025-06-05,19.9,11.1,28.5,,1,53.6,12,29.18
251,고창군,2025-06-06,22,16.2,27.8,,1.2,43.1,1.2,14.76
251,고창군,2025-06-07,23.3,16.1,30.8,,1.4,59.4,9.1,26.76
251,고창군,2025-06-08,23.8,19.7,30.9,,1.2,72.9,5,21.12
251,고창군,2025-06-09,24.1,19.5,31.6,,1.5,69.8,7.9,25.83
251,고창군,2025-06-10,21.8,18.3,29,,1.7,74.8,4,22.24
251,고창군,2025-06-11,21.9,14.8,28.8,,1.9,57.1,11,29.42
251,고창군,2025-06-12,22.9,15.1,30.9,,1.3,58.4,6.8,24.47
251,고창군,2025-06-13,20.8,18.3,23.9,101.7,1,81.9,0,6.93
251,고창군,2025-06-14,22.5,19.2,27.7,48.6,1.5,85.8,.6,9.52
251,고창군,2025-06-15,24.5,17.7,30.5,7,1.8,78.3,5.9,21.22
251,고창군,2025-06-16,23.6,20.8,27.4,1.5,2.2,80.8,2.7,11.84
251,고창군,2025-06-17,24.5,20.9,30.1,,2.5,73.6,3.9,17.12
251,고창군,2025-06-18,24.6,17.8,32.1,,.9,68.1,11.3,28.48
251,고창군,2025-06-19,25.8,18.7,31.1,,2.2,71.1,5.2,22.46
251,고창군,2025-06-20,25.3,23.7,27,5.1,4.1,79.4,0,5.34
251,고창군,2025-06-21,20.7,17.7,24.7,132.1,2,89,0,2.19
251,고창군,2025-06-22,21.7,17.7,28.9,.1,1.1,76.8,6.8,22.83
251,고창군,2025-06-23,23.2,15.1,30.9,,1.3,69.6,12.3,30.48
251,고창군,2025-06-24,21.4,18.7,24.1,24.4,1.3,84.4,0,4.56
251,고창군,2025-06-25,22,19.3,27,.6,2.6,78.4,6,20.32
251,고창군,2025-06-26,23.4,18.5,29.5,,1.5,73,7.7,25.54
251,고창군,2025-06-27,25.9,18.2,32.4,,.9,69.9,9.1,26.58
251,고창군,2025-06-28,27.8,24.2,33.7,,1.5,76.1,7.1,24.22
251,고창군,2025-06-29,28,23.7,32.8,,1.8,71.1,10.4,27.41
251,고창군,2025-06-30,28.4,23.2,33.2,,1.6,71,8.3,25.31
251,고창군,2025-07-01,28.6,24.5,34.2,,1.5,73.8,5.3,19.79
251,고창군,2025-07-02,28.8,24.2,34.5,,1.4,74.3,10.9,27.33
251,고창군,2025-07-03,28.2,23.7,34.4,,1.6,68.5,9.9,27.8
251,고창군,2025-07-04,27.4,23.8,32.6,,2.1,72.3,6.6,23.99
251,고창군,2025-07-05,28.2,24.6,33.4,,1.9,69.6,7.5,24.7
251,고창군,2025-07-06,28.7,25.7,34,,1.6,73.4,8,25.83
251,고창군,2025-07-07,28.5,23.7,34.4,,1.2,76.5,6.3,24.82
251,고창군,2025-07-08,28.8,25.3,36.2,4.1,1.1,78.1,5.9,21.03
251,고창군,2025-07-09,29.5,24.2,36,,1.1,69.9,11.3,28.16
251,고창군,2025-07-10,29.7,23.8,35.3,,1.7,59.1,8.6,25.66
251,고창군,2025-07-11,30.4,24.5,36,,1.5,47.8,9.5,26.66
251,고창군,2025-07-12,28.2,23.2,34.5,,1.3,51.3,11.2,28.56
251,고창군,2025-07-13,23.7,22.1,27.5,19,.7,80.1,0,5.35
251,고창군,2025-07-14,24.3,19.6,29.7,,1.5,77.4,5.9,23.79
251,고창군,2025-07-15,23.8,20.5,28.7,2.9,1.3,80.9,2.1,14.31
251,고창군,2025-07-16,24.3,22.6,25.8,11.1,3,78.1,0,3.73
251,고창군,2025-07-17,24.9,21.2,27.9,121.8,2.9,83.8,0,2.29
251,고창군,2025-07-18,25.5,21.5,30.6,7.1,2.3,77.9,1.7,14.9
251,고창군,2025-07-19,25.4,24,28.9,103.3,2,84.9,.5,5.05
251,고창군,2025-07-20,28.2,24.1,32.6,,2.3,73.4,8.1,22.81
251,고창군,2025-07-21,27.4,24.6,32,11.5,1.6,78,3.9,15.75
251,고창군,2025-07-22,28.3,23.4,33.7,,1.2,73.5,8.7,24.96
251,고창군,2025-07-23,27.6,22.6,34,,.8,76.4,7.8,22.65
251,고창군,2025-07-24,28.1,22.8,35,,1,77.6,8,23.83
251,고창군,2025-07-25,29.2,23.6,36,24,.8,75.1,9.2,24.92
251,고창군,2025-07-26,30,23.8,35.9,,1.2,68.6,10.1,26.76
251,고창군,2025-07-27,30,25.5,36.5,,1.2,65.9,10.5,27.47
251,고창군,2025-07-28,29.6,24.5,35.4,,1.4,69.6,10.8,26.79
251,고창군,2025-07-29,29.1,23.6,35.5,,1,68,11.6,27.84
251,고창군,2025-07-30,28.9,23.3,35.2,,1.2,63.3,7.1,23.45
251,고창군,2025-07-31,29,24.3,34.6,,1.2,62.4,8.9,23.73
251,고창군,2025-08-01,28.8,22.8,35.6,,1,65.3,10.7,25.98
251,고창군,2025-08-02,28.5,23.2,35.8,0,1,72.5,8.4,23.28
251,고창군,2025-08-03,26.3,24.8,28.8,49,1.3,83.1,0,4.17
251,고창군,2025-08-04,27.4,24.5,31.6,26.9,1.6,84.1,2.3,14.94
251,고창군,2025-08-05,28.1,23.6,33.4,,1.5,77.4,4.6,19.7
251,고창군,2025-08-06,28.2,26.7,30.5,.2,2.2,80.5,0,11.23
251,고창군,2025-08-07,27.3,22.7,31.6,0,1.6,76.8,4.1,18.3
251,고창군,2025-08-08,25.5,20.9,32.2,,.8,76.1,5.1,20.94
251,고창군,2025-08-09,23.6,21.6,27.7,10.4,.9,80.8,0,5.62
251,고창군,2025-08-10,25.1,21.8,31,23.7,1.8,79,7.2,23.37
251,고창군,2025-08-11,23,20.2,27.2,10.8,.5,85.6,0,6.09
251,고창군,2025-08-12,23.3,20,26.3,8.9,.8,85.3,0,6.8
251,고창군,2025-08-13,28,25,31.3,1.3,2.6,77.5,4,18.7
251,고창군,2025-08-14,28.2,24.7,32.6,.1,1.7,77.5,6.3,21.3
251,고창군,2025-08-15,27.9,23.5,33.7,,.9,77.6,9.9,25.62
251,고창군,2025-08-16,27,22.2,33.2,,1,75.9,10.4,25.67
251,고창군,2025-08-17,27.2,22,33,,.8,77.4,8.9,22.31
251,고창군,2025-08-18,27.9,23.6,33.7,,1.1,77.3,6.4,22.76
251,고창군,2025-08-19,28.4,24.2,33.6,,1.5,74.1,8.4,23.66
251,고창군,2025-08-20,28,23.9,34.2,.4,1,76.8,8.3,23.72
251,고창군,2025-08-21,28.4,23.7,34,,1,76,8.9,21.79
251,고창군,2025-08-22,27.9,23.5,33.9,,1.2,73.9,9.8,23.46
251,고창군,2025-08-23,27.7,22.7,34,,1,76.3,8.7,22.52
251,고창군,2025-08-24,28.5,23.1,34.1,,1.2,74.5,8.8,22.81
251,고창군,2025-08-25,29.1,25.2,34.3,,2,71.8,7.7,20.81
251,고창군,2025-08-26,26.4,23.4,30,7.6,1.5,82.8,1.1,7.65
251,고창군,2025-08-27,26.7,22.8,32.9,,.9,77,8.5,20.86
251,고창군,2025-08-28,27.2,22.6,33.2,,1.2,76.6,5.5,18.95
251,고창군,2025-08-29,28.4,24.2,33.5,,1.5,75.4,7,19.69
251,고창군,2025-08-30,28.1,23.3,33.7,,1,75.4,9.3,22.52
251,고창군,2025-08-31,26.8,24,32,12.4,1.4,81.1,3.9,14.7
251,고창군,2025-09-01,27.8,24.5,32.7,6,2.4,78,7.3,20.25
251,고창군,2025-09-02,24.8,20.4,29.9,29.3,.9,79.4,2.6,10.69
251,고창군,2025-09-03,25.8,19.7,33.6,1.9,.9,77,10,23.7
251,고창군,2025-09-04,26.4,22.8,31.7,6.4,1.4,81.4,4.3,15.78
251,고창군,2025-09-05,27.2,22.7,33,0,.9,79.9,8.9,20.1
251,고창군,2025-09-06,28.5,24.7,32.7,.3,2.1,77,7.6,19.44
251,고창군,2025-09-07,25.6,20.5,29.1,104.6,1.5,84,.3,7.84
251,고창군,2025-09-08,21.9,18.9,25.6,.1,.7,80,.7,7.54
251,고창군,2025-09-09,20.1,17.2,22.1,16,1.3,88,0,5.31
251,고창군,2025-09-10,23.5,19.7,28.9,.7,1.9,81.8,8.5,22.93
251,고창군,2025-09-11,25.4,18.6,31.1,,1.2,70.9,9.6,22.62
251,고창군,2025-09-12,24.3,21.6,27,12.7,1.8,81.9,0,5.55
251,고창군,2025-09-13,24.8,21.2,28.7,78.8,2,86.3,1.3,11.24
251,고창군,2025-09-14,24.8,21,30.2,,.6,84.5,2.4,15.85
251,고창군,2025-09-15,25.1,22.6,27.6,.1,.7,86.5,.2,8.16
251,고창군,2025-09-16,27.2,23,32,,1.5,82.3,5.7,18.5
251,고창군,2025-09-17,24.5,21.6,30.6,7.8,1.6,88.3,.6,8.47
251,고창군,2025-09-18,22.7,20.2,27.8,,.9,83.9,4.6,15.12
251,고창군,2025-09-19,23,20.2,25.6,3.8,1.9,74.4,.1,9.35
251,고창군,2025-09-20,22.1,17.6,25.2,4.7,2.5,82.6,1.7,10.78
251,고창군,2025-09-21,21.5,16.5,27,,1.7,79.9,8.6,20.1
251,고창군,2025-09-22,22.1,18.1,27.3,,1.3,70.1,4.6,16.95
251,고창군,2025-09-23,22.7,19.2,28,0,1.1,66.6,5.4,16.42
251,고창군,2025-09-24,24.2,21.2,28.7,6.7,1.8,82.5,.7,10.43
251,고창군,2025-09-25,22.7,21.7,24.1,32.2,.7,94.6,.1,4.2
251,고창군,2025-09-26,23.2,20.2,27.7,,1.7,80.3,4.1,15.71
251,고창군,2025-09-27,23.3,19.6,28.5,0,.9,85.8,2.3,12.27
251,고창군,2025-09-28,21.3,17.7,23.2,11.9,1.7,89.8,0,3.49
251,고창군,2025-09-29,19.6,15.6,24.7,,1,83.3,4,14.18
251,고창군,2025-09-30,19,14.9,25.6,,.7,84.1,4.7,14.74
252,영광군,2025-05-15,20.8,19.3,23,1,2.5,88.6,0,6.78
252,영광군,2025-05-16,19.5,16.8,23.6,53.6,2.1,89.1,0,4.63
252,영광군,2025-05-17,18.3,14.6,23.8,.3,1.8,86.1,3.9,19.7
252,영광군,2025-05-18,15.4,11.1,21.2,,1.8,75.1,10.4,29.12
252,영광군,2025-05-19,19.2,12.8,24.7,,3.5,73.1,4.2,17.8
252,영광군,2025-05-20,23.1,19.3,26.3,,2.9,85.3,.1,9.5
252,영광군,2025-05-21,23.1,19.8,26.7,,2.2,78.6,3.6,13.89
252,영광군,2025-05-22,19.1,17.7,22.1,,1.6,90.5,.3,9.73
252,영광군,2025-05-23,19.9,17.3,24,0,1.6,67.3,.2,14.32
252,영광군,2025-05-24,16.7,13.1,19.4,,1.2,72.9,0,8.88
252,영광군,2025-05-25,16.1,10.3,21.6,,1.2,72.4,11.9,28.87
252,영광군,2025-05-26,18.1,12,24.3,,1.4,63.6,11.5,27.81
252,영광군,2025-05-27,18.4,12.1,25.5,,1.5,61.9,11.5,27.19
252,영광군,2025-05-28,19.3,11.8,27.8,,1.5,66,11.4,28.36
252,영광군,2025-05-29,19.4,13,26.4,,1.5,64.3,11.7,28.04
252,영광군,2025-05-30,18,12.1,23.7,,1.4,61.6,11.8,26.51
252,영광군,2025-05-31,18.2,13.3,24.7,,1.2,72.4,2.4,20.71
252,영광군,2025-06-01,19.9,12.6,27.7,,1.2,71,10.5,26.25
252,영광군,2025-06-02,17.4,16.2,19.3,3.3,.8,85.8,0,6.88
252,영광군,2025-06-03,18.3,15,22.7,,2,77.5,10.8,27.05
252,영광군,2025-06-04,19.1,13.3,26.8,,1.9,64.3,13.3,31.7
252,영광군,2025-06-05,20.7,11.5,28.1,,1.3,54.8,11.2,29.45
252,영광군,2025-06-06,21.9,17.9,27.2,,2,45.8,1,12.64
252,영광군,2025-06-07,23.9,17.3,29.6,,2.2,60.5,9.9,27.19
252,영광군,2025-06-08,23.5,20.2,28.9,,1.6,77.4,4.5,20.89
252,영광군,2025-06-09,23.5,19.7,30.3,,1.3,75.9,8.4,25.88
252,영광군,2025-06-10,21.2,18.1,28.8,,1.7,79,3.4,20.62
252,영광군,2025-06-11,21.5,15.8,27.6,,2.3,63.6,11.2,30.52
252,영광군,2025-06-12,22.5,16.2,30,,1.3,65.8,7.7,25.34
252,영광군,2025-06-13,20.9,18.7,23.9,92.7,1,87.9,0,7.28
252,영광군,2025-06-14,22.5,19.5,27.5,38.8,1.4,88.1,3.2,15.1
252,영광군,2025-06-15,24.2,18.7,29.9,.5,2.4,82.5,6.8,23.05
252,영광군,2025-06-16,23.1,21.2,26.2,2,2.9,85.5,1.6,11.18
252,영광군,2025-06-17,24.3,20.7,29.3,,2.8,77.5,5.2,20.77
252,영광군,2025-06-18,24.8,19.5,31.8,,1.4,69.3,10.8,28.95
252,영광군,2025-06-19,26,19,31.5,0,2.4,74.6,4.8,22.01
252,영광군,2025-06-20,25.3,24,27,11.8,4.5,84.1,0,4.07
252,영광군,2025-06-21,20.5,17.7,24.6,119.9,2.3,92.3,0,1.69
252,영광군,2025-06-22,21.3,17.9,26.5,,1.1,84,8.8,23.95
252,영광군,2025-06-23,23,16.1,30.2,,1.1,72.9,12.9,31.18
252,영광군,2025-06-24,20.9,17.8,22.3,31.7,1.2,91.9,0,3.59
252,영광군,2025-06-25,21.9,19.1,25.8,2.7,2.8,84.3,6.4,23
252,영광군,2025-06-26,23,19.6,28.3,,1.5,80.6,7,25.2
252,영광군,2025-06-27,25.6,19.2,32.5,,1.3,76.6,11.1,27.45
252,영광군,2025-06-28,27.5,25.1,32.6,,2.1,80.3,7.5,25.78
252,영광군,2025-06-29,28.1,24.8,32,,2.4,74.8,13.3,30.92
252,영광군,2025-06-30,28.6,24.3,33.1,,2.1,74.1,11.7,28.46
252,영광군,2025-07-01,28.7,24.9,33.2,,2.1,77.8,7.1,22.84
252,영광군,2025-07-02,28.8,25.6,34.9,,1.9,78.9,11.4,29.62
252,영광군,2025-07-03,28.1,24.7,32.9,,2,73.3,11.2,29.79
252,영광군,2025-07-04,27.3,24.7,31.8,,2.5,77.3,4.9,22.31
252,영광군,2025-07-05,28.5,24.9,32.9,,2.2,74.4,8.5,28.2
252,영광군,2025-07-06,28.5,25.6,32.7,,1.9,79.1,6.4,23.63
252,영광군,2025-07-07,28,24,33.2,,1.3,79,8.5,27.27
252,영광군,2025-07-08,28.6,25.2,35.3,0,1.2,81.4,6.9,21.84
252,영광군,2025-07-09,29.2,25.2,34.7,,1.3,75,10.1,26.12
252,영광군,2025-07-10,29,24.3,35,,1.2,67.6,8.1,22.62
252,영광군,2025-07-11,29.7,23.7,35.8,,1.2,59.3,7,22.5
252,영광군,2025-07-12,27.9,23.5,33.6,,1.1,59.4,11.5,28.82
252,영광군,2025-07-13,23.8,20.8,27.5,13.7,.7,86.6,0,4.88
252,영광군,2025-07-14,24.5,20.1,28.7,,1.6,81.1,7.4,25.12
252,영광군,2025-07-15,24,21.3,28.8,3.7,1.5,85,3,15.44
252,영광군,2025-07-16,24.9,21.8,26.5,5.9,2.8,83.3,0,
252,영광군,2025-07-17,25.3,21.2,28.7,35,3.5,89.8,,
252,영광군,2025-07-18,24.9,21.5,30.6,10,2.6,86.4,2.9,14.92
252,영광군,2025-07-19,26,24,29.3,119,2.2,91.5,.2,6.11
252,영광군,2025-07-20,28,24,33.4,,2.4,78.4,10.6,26.34
252,영광군,2025-07-21,27.3,25,33.2,19.8,1.8,84.9,6.1,17.82
252,영광군,2025-07-22,28.2,23.7,33.2,,1.2,78.6,10.3,27.89
252,영광군,2025-07-23,27.8,23.6,33.1,,.9,78.9,9.3,25.38
252,영광군,2025-07-24,28,23.1,33.4,,.8,81.3,9.4,24.26
252,영광군,2025-07-25,29,23.7,35.2,,.8,79.1,10.2,25.84
252,영광군,2025-07-26,29.7,24.8,35.4,,1,76.3,10.7,25.84
252,영광군,2025-07-27,29.7,25,35.6,,1.1,69.9,11.1,26.75
252,영광군,2025-07-28,29.1,24.7,34.6,,1.2,73.8,12.1,27.29
252,영광군,2025-07-29,29.2,24.2,35.2,,1.1,73.8,11.4,27.82
252,영광군,2025-07-30,29.2,23.7,35.6,,1.1,69.1,8.3,24.26
252,영광군,2025-07-31,29.3,25.6,35.3,,1.5,65.8,9.3,26.53
252,영광군,2025-08-01,28.8,23.5,34.9,,1,69.6,11.9,28.15
252,영광군,2025-08-02,28.9,24.2,34.8,,1.1,76,9.2,25.46
252,영광군,2025-08-03,26.7,25.3,29.5,79.6,1.8,86.8,0,4.25
252,영광군,2025-08-04,27.7,24.7,31.1,33.6,1.6,87.1,3.8,16.72
252,영광군,2025-08-05,28.2,24.1,33.3,0,1.7,83.8,6.2,21.5
252,영광군,2025-08-06,28.3,27.2,30.5,.3,2.5,86.9,.6,11.02
252,영광군,2025-08-07,27.7,23.7,31.2,0,1.3,79.6,,
252,영광군,2025-08-08,25.7,21.3,30.7,,.8,78.5,7,20.43
252,영광군,2025-08-09,23.3,21.8,25.8,24.2,.8,88.9,0,3.85
252,영광군,2025-08-10,25.1,21.8,29.7,22.9,1.5,82.1,7.4,23.45
252,영광군,2025-08-11,23.1,21.1,26.6,8.2,.8,88.4,.1,5.94
252,영광군,2025-08-12,23.1,20.7,26.1,13.3,1.2,88.9,0,7.25
252,영광군,2025-08-13,27.7,24.2,31.8,,2.8,81.1,5.2,20.86
252,영광군,2025-08-14,28.1,24.7,32.3,.9,1.7,80.3,8.9,24.3
252,영광군,2025-08-15,27.8,23.7,33.2,,1,78.9,11.5,27.03
252,영광군,2025-08-16,27.2,23.5,32.7,,.9,79.9,10,26.18
252,영광군,2025-08-17,27.3,22.1,33.1,,1,78.3,10.2,24.76
252,영광군,2025-08-18,28.3,24.1,33.7,,1.3,77.5,6.5,20.63
252,영광군,2025-08-19,28.6,24.3,33.4,0,2,75.6,9.6,24.22
252,영광군,2025-08-20,28.5,24.5,33.6,,1.3,77.6,9,23.37
252,영광군,2025-08-21,28.4,24.2,33.1,,.9,75.1,10.8,24.68
252,영광군,2025-08-22,28.3,24.2,32.9,,1,76,11.4,24.62
252,영광군,2025-08-23,28.1,23.2,34.3,,1.1,76.9,10.6,25.09
252,영광군,2025-08-24,28.7,24.2,34.1,,1.6,77.4,9.6,23.75
252,영광군,2025-08-25,29.5,26.2,33.8,,2.6,75,10.2,24.47
252,영광군,2025-08-26,27.2,23.8,30.8,23.4,1.7,84.6,2,10.06
252,영광군,2025-08-27,26.4,23.7,32,,.8,82,7.9,21.39
252,영광군,2025-08-28,27.9,23.2,33.3,,1.7,76.6,9.5,23.76
252,영광군,2025-08-29,28.8,24.7,33.4,,1.8,76.9,10.7,24.47
252,영광군,2025-08-30,28.5,24.1,33.9,,1.1,76.6,11.2,24.56
252,영광군,2025-08-31,27.2,24.5,32,0,1.8,80.4,5.2,16.46
252,영광군,2025-09-01,27.8,24.7,33.6,11,2.3,80.1,7.8,20.11
252,영광군,2025-09-02,25,21.8,29,43.5,.8,82.6,3.1,11.11
252,영광군,2025-09-03,26.4,20.5,33.2,,1,77.6,10.2,24.38
252,영광군,2025-09-04,26.8,23.5,31.6,0,.9,81,6.4,17.55
252,영광군,2025-09-05,27.6,22.8,33.1,,1,76.3,10.5,22.81
252,영광군,2025-09-06,28.6,25,32.9,0,2.6,77.3,8,20.01
252,영광군,2025-09-07,,22.9,30.1,,,,,
252,영광군,2025-09-08,22.6,19.8,25,2.2,.6,85.3,1.3,7.44
252,영광군,2025-09-09,20.1,16.7,22.5,10.6,1,89.3,0,6.09
252,영광군,2025-09-10,24,20.3,29.2,0,1.3,80.5,10.9,23.3
252,영광군,2025-09-11,24.8,19.4,31,,1,77.8,9.2,22.15
252,영광군,2025-09-12,24.4,21.8,26.7,12.1,1.3,83.6,.1,5.63
252,영광군,2025-09-13,25.3,21.8,28.7,38,2.1,85.3,1.4,11.6
252,영광군,2025-09-14,25.1,21.2,29.5,,.7,84,4.3,16.52
252,영광군,2025-09-15,25,22.7,27.7,.1,.9,87.8,2.2,8.14
252,영광군,2025-09-16,27.4,23.6,32,,1.7,83.3,6.3,17.87
252,영광군,2025-09-17,24.8,22.2,30.8,8.4,1.9,87.4,.7,8.18
252,영광군,2025-09-18,22.9,20.6,26.8,0,.8,81.9,5.2,13.78
252,영광군,2025-09-19,23,20.1,25.3,1.3,1.7,76.6,.3,8.44
252,영광군,2025-09-20,22.4,18.7,25.2,5.3,2.3,82.5,2.3,10.89
252,영광군,2025-09-21,21.6,16.7,26.8,,1,80.3,7.8,19.2
252,영광군,2025-09-22,22.1,17.3,28,0,.9,74.1,6.6,18.69
252,영광군,2025-09-23,22.7,19,28.6,,.9,70.9,7.4,18.95
252,영광군,2025-09-24,24.1,20.5,28.9,8.7,2,81.8,2.6,10.39
252,영광군,2025-09-25,23,22.2,24.5,35.9,.9,93.4,0,4.59
252,영광군,2025-09-26,23.2,20.7,27.8,,1.1,80.8,4.8,15.85
252,영광군,2025-09-27,23.2,19.7,27,0,.8,85.9,1.4,8.97
252,영광군,2025-09-28,21.6,18.6,23.7,33.1,1.7,90.4,0,3.58
252,영광군,2025-09-29,20,16.3,24.3,,.7,84,,
252,영광군,2025-09-30,19.5,15.3,25.2,,.8,80.8,5.5,14.46
253,김해시,2025-05-15,19.1,17.4,20.8,.1,1.5,91.9,0,.97
253,김해시,2025-05-16,18.9,17.2,22.5,52.5,1.8,98.8,0,4.05
253,김해시,2025-05-17,20,16.7,27.3,.6,1.5,86.6,5.8,19.7
253,김해시,2025-05-18,18.6,14.7,24.6,,1.7,66,9.4,24.38
253,김해시,2025-05-19,19.4,13.2,24.5,0,3.2,68.1,9,23.79
253,김해시,2025-05-20,23.1,18.3,28.1,,2.3,85,10.4,26.2
253,김해시,2025-05-21,23.7,20.1,28.4,,1.2,82.1,4.3,12.7
253,김해시,2025-05-22,19.5,16.4,24,,.8,75.6,1,9.34
253,김해시,2025-05-23,18.1,13.9,21.9,,.9,52,2.4,12.53
253,김해시,2025-05-24,14.3,12.3,17,2,1,83.3,0,2.29
253,김해시,2025-05-25,15.9,11.7,23.5,.3,2,79.6,10.3,27.47
253,김해시,2025-05-26,17.8,12,24.3,,1.7,77.3,11.8,26.61
253,김해시,2025-05-27,18.7,13.5,24.4,,1.5,72.8,11.5,24.57
253,김해시,2025-05-28,19.6,13.9,25.7,,1.4,65.9,11.9,24.39
253,김해시,2025-05-29,19.6,13.8,26.8,0,1.3,68.6,11.1,25.31
253,김해시,2025-05-30,19.3,13.3,26.7,,1.2,66,12.2,26.93
253,김해시,2025-05-31,19.7,12.4,27.9,,1.5,61.4,10.8,24.03
253,김해시,2025-06-01,20.3,13.9,27,,1.5,70.4,11.6,25.22
253,김해시,2025-06-02,18.7,16.2,21.7,1.1,.8,83.3,0,6.23
253,김해시,2025-06-03,20.7,16,25.7,3.6,1.9,70.1,6.1,18.01
253,김해시,2025-06-04,23,16.5,28.2,,2.8,34,12.7,28.7
253,김해시,2025-06-05,21.7,16.5,29.2,,1.6,50,11.5,27.37
253,김해시,2025-06-06,20.7,16.4,28.7,.3,.9,64.6,2.4,12.5
253,김해시,2025-06-07,22.8,15.9,29.2,,1.4,56.3,9.9,25.03
253,김해시,2025-06-08,23.1,19.4,28.9,,1.5,75.1,6.6,20.5
253,김해시,2025-06-09,22.5,18.9,28.2,,1.2,81.8,4.7,16.66
253,김해시,2025-06-10,23.9,18.1,30.2,,1.4,77.3,7.9,20.62
253,김해시,2025-06-11,24.3,20.4,31.9,,1.9,53.6,11,25.33
253,김해시,2025-06-12,22,18.3,26.9,,1.1,72.5,3.4,14.46
253,김해시,2025-06-13,21.4,18,25.1,17.3,.9,86.3,0,8
253,김해시,2025-06-14,22.2,19.5,23.7,89,1,100,0,2.21
253,김해시,2025-06-15,23.3,21.4,28.9,2.2,1.6,95,5.3,19.42
253,김해시,2025-06-16,23.1,19.8,28.1,6.9,1.8,91.6,3.5,9.04
253,김해시,2025-06-17,22.1,20.2,27.6,,2.2,91.5,,
253,김해시,2025-06-18,24,19.7,28.7,,1.6,79.8,10.3,25.83
253,김해시,2025-06-19,25.3,18.8,31.2,,1.3,78.9,9.4,23.31
253,김해시,2025-06-20,21.3,23.7,26.4,1.1,1.8,84.9,0,3.59
253,김해시,2025-06-21,23.4,20.5,25.5,12.4,2.1,95.9,0,.71
253,김해시,2025-06-22,23.4,18,27.9,18.6,1.6,95.9,3.2,15.76
253,김해시,2025-06-23,24.2,18.7,30.1,,1.4,74.5,12.7,28.73
253,김해시,2025-06-24,21,19.2,23,35.4,.6,91.9,0,3.04
253,김해시,2025-06-25,22.3,19.9,26.9,3.4,1.8,90,3.2,14.9
253,김해시,2025-06-26,24.9,19.1,31.2,,1.2,74.1,9.8,25.6
253,김해시,2025-06-27,26,21,30.9,,1.3,75.5,12.4,26.23
253,김해시,2025-06-28,26.7,22.3,31.8,,1.3,83,11.8,26.83
253,김해시,2025-06-29,27.5,23.3,32.3,,1.4,82.8,11.1,27.48
253,김해시,2025-06-30,28.1,23.4,33.6,,1.5,79.3,12.7,28.43
253,김해시,2025-07-01,28.3,23.8,34.4,,1.2,81.6,10.1,22.4
253,김해시,2025-07-02,29.5,25.7,34.9,,1.4,78.8,8.2,21.38
253,김해시,2025-07-03,29.1,24.9,35,,1.2,77.8,9.6,21.99
253,김해시,2025-07-04,28.5,24.1,33.6,,1.4,74.8,10.1,22.46
253,김해시,2025-07-05,28.8,23.7,34.5,,1.3,76,12.4,27.82
253,김해시,2025-07-06,29.9,24.1,36.5,,1.1,73.5,11.9,26.69
253,김해시,2025-07-07,30.4,26.5,36.2,,1.5,74.3,11.6,24.78
253,김해시,2025-07-08,29.5,25.7,34.5,,.9,70.3,10.3,23.1
253,김해시,2025-07-09,29.3,23.8,35.3,,1.1,59.5,11.3,27.41
253,김해시,2025-07-10,27.9,24.7,33.5,,.9,62,8.5,21.54
253,김해시,2025-07-11,27.8,23.8,33.8,,1.1,58.5,11.5,27.49
253,김해시,2025-07-12,26.9,23,32.7,,1.2,64.4,9.9,23.87
253,김해시,2025-07-13,25.7,21.7,31.2,142.5,1.1,80.1,1,12.16
253,김해시,2025-07-14,24.4,20.5,30.9,19.3,1.8,82.1,7.3,21.81
253,김해시,2025-07-15,24.4,19.7,28.4,,1.4,81.9,2.9,13.16
253,김해시,2025-07-16,24.8,23.4,26.3,1.7,1.6,88.6,0,4.19
253,김해시,2025-07-17,24.9,22.2,28.7,29.2,2.6,96.1,.3,8.35
253,김해시,2025-07-18,24.7,21.8,27.7,20.6,2.2,98.1,.3,6.81
253,김해시,2025-07-19,23.5,21.5,26.5,114.1,1.7,99,.6,3.41
253,김해시,2025-07-20,27,22,31,,1,84.1,7.4,18.64
253,김해시,2025-07-21,28.2,25.2,31.9,0,1.5,82,4.2,17.24
253,김해시,2025-07-22,28.6,24.2,32.9,,.8,79.1,7.1,16.27
253,김해시,2025-07-23,28.9,24.4,33.8,,1.1,79,11.5,24.33
253,김해시,2025-07-24,28.8,22.6,34.5,,1,72.6,12,26.81
253,김해시,2025-07-25,29.4,25.3,32.6,,1.8,68.6,10.5,24.23
253,김해시,2025-07-26,29.6,25.3,33.4,,2.1,69.9,10.6,23.34
253,김해시,2025-07-27,29.9,27.1,33,,2.4,66.9,11.8,25.8
253,김해시,2025-07-28,29.4,24.7,34.5,,1.2,69.4,11.9,26.01
253,김해시,2025-07-29,29.3,23.1,34.7,,1.4,65.8,11.8,26.3
253,김해시,2025-07-30,28.7,23.5,33.6,,1.7,68.3,11.8,25.65
253,김해시,2025-07-31,29.3,24.5,34.5,,1.5,69.1,11.6,25.52
253,김해시,2025-08-01,29,24,35.4,,1.3,76.8,11.5,24.71
253,김해시,2025-08-02,29.9,26,35.4,,1.4,78.5,7.9,21.56
253,김해시,2025-08-03,28.7,25.8,34,25.4,1.8,84.3,1.6,13.12
253,김해시,2025-08-04,28.7,26.6,31.4,9.2,2.8,89.4,.8,8.47
253,김해시,2025-08-05,28.5,26.6,31.8,5.7,1.5,90.8,1.6,9.64
253,김해시,2025-08-06,28.4,26.8,32,2,2.4,87.9,2.5,12.96
253,김해시,2025-08-07,29.1,25.6,33.5,0,1.2,74.9,7.5,19.61
253,김해시,2025-08-08,27.1,23.7,31.8,,1.1,83.5,4.6,18.04
253,김해시,2025-08-09,24.4,22.1,28.7,2.9,.7,92.9,.5,6.8
253,김해시,2025-08-10,23.5,21.4,28.2,40.4,.7,96.3,.3,7.44
253,김해시,2025-08-11,23.4,20.3,30.4,13.1,1.1,90.5,5,13.53
253,김해시,2025-08-12,22.5,20.3,24.7,65.9,.5,99,0,2.11
253,김해시,2025-08-13,27.3,23.7,31.3,.3,1.3,90.5,6,17.07
253,김해시,2025-08-14,29,24.6,33.6,,1.4,82.1,9.9,22.79
253,김해시,2025-08-15,29,25.7,34.2,,1.5,78.8,9,21.03
253,김해시,2025-08-16,29.1,24.8,33.7,,1,78.6,9,21.03
253,김해시,2025-08-17,29.4,24.7,34.6,,.9,73.9,11.3,25.91
253,김해시,2025-08-18,28.8,25.1,33.9,,1,80.1,7.9,18.96
253,김해시,2025-08-19,29,25.4,33.6,,1.3,77.9,11.1,25.01
253,김해시,2025-08-20,28.4,24.5,32.6,,1.4,80.3,11,24.77
253,김해시,2025-08-21,28.9,23.8,34.4,,1.2,76.1,10.9,24.84
253,김해시,2025-08-22,29.3,25,34.2,,1.2,79.4,10.4,22.5
253,김해시,2025-08-23,29.6,25.7,35.3,,1.1,78.8,10.2,22.71
253,김해시,2025-08-24,29.3,25.3,35.1,,.8,79.3,8.1,19.35
253,김해시,2025-08-25,29.5,25.5,35,,1.4,78.1,9.7,21.71
253,김해시,2025-08-26,29.2,26.2,33.8,,1.8,77.8,8.2,19.93
253,김해시,2025-08-27,28.3,24.7,33.7,,1.2,76.3,7.8,17.83
253,김해시,2025-08-28,27.6,23.9,33.5,,1.1,78.8,6.3,18.74
253,김해시,2025-08-29,29.2,24.2,34.7,,1.2,77.5,9.6,20.5
253,김해시,2025-08-30,29.8,25.3,35.1,,1.3,75.1,10.6,22.75
253,김해시,2025-08-31,27.5,24.6,31.3,6.9,1,85.6,4.7,12.93
253,김해시,2025-09-01,26.8,25.1,30.2,1.4,1.3,94.1,1.1,6.36
253,김해시,2025-09-02,26.5,23.6,31.3,14.8,1,93.4,3.6,12.09
253,김해시,2025-09-03,27.3,22.9,32.4,,1.1,80.3,9.2,20.28
253,김해시,2025-09-04,28.2,23.9,33.5,0,1.2,76,8.1,19.76
253,김해시,2025-09-05,27.4,24.1,32.3,,1.3,76.8,5.6,15.41
253,김해시,2025-09-06,27.7,22.9,32.9,0,1.8,80.8,7,17.66
253,김해시,2025-09-07,28,25.1,33.4,2.9,1.4,83.8,4.1,12.88
253,김해시,2025-09-08,26.9,24.3,31.8,,1,78.5,4.7,15.72
253,김해시,2025-09-09,21.8,20,24.8,11.1,1.7,94,.4,6.08
253,김해시,2025-09-10,23.5,20.6,29.4,,1.4,84.5,1.5,11.62
253,김해시,2025-09-11,24.8,20.5,30.3,,1.2,77,5.6,15.66
253,김해시,2025-09-12,25.5,23.1,28.5,0,.8,80.8,.5,9.57
253,김해시,2025-09-13,26.3,23.7,29.6,15.8,1.8,92.3,.7,6.63
253,김해시,2025-09-14,25.8,21.9,30.7,0,1,86,4.1,16.42
253,김해시,2025-09-15,26.6,23.7,31.1,.1,.9,86.3,2.1,12.36
253,김해시,2025-09-16,27.5,23.5,32.9,0,1.4,84.3,7.7,17.27
253,김해시,2025-09-17,27,24.1,33.1,2.6,1.3,85.8,5.9,15.93
253,김해시,2025-09-18,22.7,20.3,24.5,,.8,79.5,.2,5.68
253,김해시,2025-09-19,22.8,19.4,27.5,,.8,71.3,3.6,14.27
253,김해시,2025-09-20,24.1,19.9,29.3,7.5,1.5,80.9,3.4,8.93
253,김해시,2025-09-21,21.6,17.6,27,,1,73.6,4.1,13.96
253,김해시,2025-09-22,22.3,18.8,27.3,,1.1,63,5.4,15.24
253,김해시,2025-09-23,22.7,18.8,28.7,,1.1,66.4,6.6,17.52
253,김해시,2025-09-24,24.6,20.9,29.9,.3,1.2,86.6,1.4,9.73
253,김해시,2025-09-25,24.3,22.7,26,.9,.7,98.3,0,4.76
253,김해시,2025-09-26,24.4,21.3,30.8,,1.3,77.5,7.9,17.76
253,김해시,2025-09-27,23.8,20.2,29.7,.2,1,72.6,5.7,14.7
253,김해시,2025-09-28,23.3,20.8,25.9,2.7,1.2,81.3,.9,6.87
253,김해시,2025-09-29,22.4,19.1,28.1,,1.3,72.3,5.6,16.12
253,김해시,2025-09-30,21.7,17.2,26.7,,.8,77.9,3.1,12.97
254,순창군,2025-05-15,20.3,17.8,24.4,1.6,1.8,86.5,.7,9.43
254,순창군,2025-05-16,18.9,16.5,23,52.8,1.6,91.1,0,4.48
254,순창군,2025-05-17,19.7,16.6,24.5,0,2.6,79.4,6,20.88
254,순창군,2025-05-18,16.8,10.8,23.2,,2.1,60.1,11.8,29.05
254,순창군,2025-05-19,19,11.7,24.9,0,2,72,6.7,20
254,순창군,2025-05-20,23.5,18.3,29,.1,2,78.4,5.1,20.16
254,순창군,2025-05-21,23.5,18.5,27.6,,1.2,77.3,4.3,15.6
254,순창군,2025-05-22,22.8,18.4,27.9,0,2,76.3,4.4,19.29
254,순창군,2025-05-23,19.8,17.5,24.6,,1.5,59.8,2.1,15.18
254,순창군,2025-05-24,17.8,15.4,21.6,0,1.4,57.8,.1,10.54
254,순창군,2025-05-25,17.4,11.4,24.3,,1.8,62.8,13.1,29.4
254,순창군,2025-05-26,18.1,10.5,25.9,,1.6,63.1,12,26.31
254,순창군,2025-05-27,18.8,10.7,26.8,,1.7,61.4,12.5,26.64
254,순창군,2025-05-28,19.9,11.5,29.2,,1.6,58.5,12.5,27.2
254,순창군,2025-05-29,19.9,12.4,27.8,,1.6,60.8,13,28.29
254,순창군,2025-05-30,19.5,12.3,26.4,,1.9,65.1,12.5,26.04
254,순창군,2025-05-31,18.6,12.9,25,,1.7,68.5,4.8,18.32
254,순창군,2025-06-01,21,11.7,29.8,,1.3,63.6,11.7,27.4
254,순창군,2025-06-02,17.8,16.1,20.7,2.1,.8,82.5,0,7.38
254,순창군,2025-06-03,19,13.8,25.2,0,2.4,66.6,12.5,29.72
254,순창군,2025-06-04,18.9,10.5,27.3,,2.8,56,13.1,31.9
254,순창군,2025-06-05,19.8,10.3,29,,1.7,56.5,12.8,30.24
254,순창군,2025-06-06,19.9,14.2,26.9,,1.2,59.4,3.4,14.87
254,순창군,2025-06-07,22.5,12.7,30.8,,1.4,60.1,10.5,28.3
254,순창군,2025-06-08,24.3,18.3,29.9,,1.3,67.3,5.2,19.8
254,순창군,2025-06-09,24.9,20.4,31.8,,1.4,68.1,7.9,23.82
254,순창군,2025-06-10,23.8,18.6,30.1,,2.1,62.5,8.8,24.12
254,순창군,2025-06-11,22.7,15.5,30,,2.2,53,11.7,31.15
254,순창군,2025-06-12,23.7,16.9,30.5,,1.3,54.8,7.5,23.58
254,순창군,2025-06-13,20.4,18.8,22.8,32.4,1.1,86.1,.2,7.53
254,순창군,2025-06-14,23.5,20,28.1,65.3,1.4,87.1,2.1,12.3
254,순창군,2025-06-15,25.3,20.4,31,2.2,2.1,76.9,6.5,22.93
254,순창군,2025-06-16,23.7,20.6,26.9,7.8,2.3,83.5,3.9,12.48
254,순창군,2025-06-17,24.6,19.3,29.8,,1.5,74.8,4.7,17.03
254,순창군,2025-06-18,24.9,18.6,32.1,,1.4,68.8,12.6,28.85
254,순창군,2025-06-19,24.8,18.4,29.8,0,2.1,76,7,19.93
254,순창군,2025-06-20,25.5,23.7,27.3,3.7,2,79.4,0,5.91
254,순창군,2025-06-21,22,17.6,26.2,148.5,2.3,91.3,0,2.08
254,순창군,2025-06-22,21.7,17.6,28,.1,1,76,7.3,20.85
254,순창군,2025-06-23,23.8,14.9,32.6,,1,67.4,12.6,30.82
254,순창군,2025-06-24,20.9,18.3,23.6,13.7,.9,86,.2,5.44
254,순창군,2025-06-25,22.9,19.4,27.4,1.1,2.7,74.5,6.6,19.97
254,순창군,2025-06-26,23.8,18.9,29.7,,2.2,70.8,10.1,26.91
254,순창군,2025-06-27,25.6,18.8,33,,1.2,70.6,13.1,27.4
254,순창군,2025-06-28,28.1,23,33.9,,2,73.3,9.5,26.89
254,순창군,2025-06-29,28.3,23.5,33.1,,2.5,67.8,13,29.36
254,순창군,2025-06-30,28,22.5,34.2,,1.5,71.8,10,26.25
254,순창군,2025-07-01,27.6,23.2,33,0,1.2,78.4,3.9,15.63
254,순창군,2025-07-02,28.8,23.2,34.8,,1.5,74.4,9.2,27.57
254,순창군,2025-07-03,28.9,24.7,34.7,,2.1,66.9,11.2,29.06
254,순창군,2025-07-04,27.2,22.1,32.7,,1.8,72.4,9.8,23.98
254,순창군,2025-07-05,27.8,23.1,34.7,,1.8,72.5,7.5,24.11
254,순창군,2025-07-06,28.9,24.5,34.5,,1.7,70.9,9.2,27.02
254,순창군,2025-07-07,29.5,24.3,36,0,1.6,73,7.2,23.49
254,순창군,2025-07-08,30.2,25.1,36.1,,1.1,71.5,10.4,26.42
254,순창군,2025-07-09,29.7,24.1,36.3,,1.3,58,13.1,29.65
254,순창군,2025-07-10,29,21.9,35.5,,1.6,53.1,10.1,27.17
254,순창군,2025-07-11,29.5,25.2,35.2,,2,43.3,11.9,28.16
254,순창군,2025-07-12,28.4,21.4,35.3,,1.1,51.6,12.1,28.34
254,순창군,2025-07-13,23.7,20.8,28.9,8.7,1.1,82.1,.5,6.03
254,순창군,2025-07-14,24,19.1,30.4,,1.8,74.6,7.8,24
254,순창군,2025-07-15,23.5,20.5,27.6,1.9,1.9,80,2.4,14.33
254,순창군,2025-07-16,23.3,21.4,25.2,6.2,1.4,83.9,0,3.32
254,순창군,2025-07-17,23.6,20.6,28.9,332.1,2,89.6,0,2.04
254,순창군,2025-07-18,24.5,20.7,30.3,24.4,1.4,84.1,4.2,15.84
254,순창군,2025-07-19,24.4,22.4,28.5,95.6,1.3,92.4,.6,6.51
254,순창군,2025-07-20,27.1,21.9,32.2,,1.9,76.1,9.7,26.56
254,순창군,2025-07-21,25.5,22.9,31,13.2,1,85.3,5,13.39
254,순창군,2025-07-22,27.6,22.4,34,,.9,76.8,8.6,24.92
254,순창군,2025-07-23,28.5,23,35.3,,1,74.1,10.5,28.64
254,순창군,2025-07-24,28.9,24.1,35.7,,.9,73.1,9.9,24.76
254,순창군,2025-07-25,28.9,23.4,35.9,,1.1,69.3,11.2,26.68
254,순창군,2025-07-26,29.2,23.3,36.1,,1.2,67.8,12.8,28.99
254,순창군,2025-07-27,29.5,23.3,36.7,,1.3,66.4,12.9,28.88
254,순창군,2025-07-28,29.2,23.9,36.3,0,1.3,69.9,12.1,27.83
254,순창군,2025-07-29,28.7,23.6,35.9,,1.3,68.1,10.4,27.99
254,순창군,2025-07-30,28,22.3,35.4,,1.3,63.9,9,25.53
254,순창군,2025-07-31,28.6,23.3,35.3,,1.2,67.9,,
254,순창군,2025-08-01,28.8,21.8,36.6,,1.1,70.9,12.8,27.99
254,순창군,2025-08-02,29.2,22.9,37,,1.4,70.6,10.8,26.54
254,순창군,2025-08-03,26.1,23.8,29.9,144.6,1.2,87,0,6.07
254,순창군,2025-08-04,27.1,25.7,29.5,35.3,2,90,.3,5.89
254,순창군,2025-08-05,27.9,25.1,32.3,3.3,1.7,83.5,4.6,18.29
254,순창군,2025-08-06,27.3,26.2,30.2,9.1,2,88.1,1,10.12
254,순창군,2025-08-07,27.3,22.3,31.6,0,1.8,78.4,5,17.74
254,순창군,2025-08-08,25.2,20.3,31.7,,.9,81.1,5.9,20.08
254,순창군,2025-08-09,23.4,21.5,27.3,15.7,.9,91,.2,5.72
254,순창군,2025-08-10,25.5,21.5,31.7,34.7,1.5,81.9,6.9,21.4
254,순창군,2025-08-11,23.3,19.6,28.2,9.8,1.1,89.4,.6,7.49
254,순창군,2025-08-12,22.5,19.5,25.2,27,.8,92.4,0,5.92
254,순창군,2025-08-13,27,22.8,32.3,2.7,1.4,81.1,5,18.91
254,순창군,2025-08-14,27.2,22.5,32.4,.9,1.5,81.8,8.6,22.88
254,순창군,2025-08-15,27.8,23.1,34.4,,1.1,79.3,8,23.57
254,순창군,2025-08-16,27.2,22.3,33.8,,1.3,77.6,8.8,25.42
254,순창군,2025-08-17,27,22.4,33.6,,1.1,80,6.9,22.41
254,순창군,2025-08-18,27.9,23.5,34.2,,1.4,76.9,6.8,22.21
254,순창군,2025-08-19,28.5,24.2,33.4,,1.5,73.3,8.7,23.19
254,순창군,2025-08-20,27.7,23.1,34.4,,1.2,78.3,7.1,19.06
254,순창군,2025-08-21,28.1,23.7,35.2,11.9,1.3,77.6,8.7,25.18
254,순창군,2025-08-22,28.2,23.9,34.3,,1.5,77.3,9.5,24.96
254,순창군,2025-08-23,27.7,21.8,34.5,,1.3,75.1,11.3,25.05
254,순창군,2025-08-24,28.6,24.2,35,,1.2,75.6,7.5,21.14
254,순창군,2025-08-25,28.8,24.4,34.1,,1.6,71.5,8,20.97
254,순창군,2025-08-26,26,22.3,28.8,44.5,1.3,86,3.2,8.9
254,순창군,2025-08-27,26.6,23.3,32.8,,.9,81.8,8,21.7
254,순창군,2025-08-28,27,22.2,33.3,,1,80.3,5.5,17.94
254,순창군,2025-08-29,27.5,22.8,33.9,,1.6,79.8,8.3,22
254,순창군,2025-08-30,27.6,23.4,34.7,0,1.2,79.1,8.5,24.07
254,순창군,2025-08-31,25,23.1,30.7,16.3,1.1,91.4,2.4,9.36
254,순창군,2025-09-01,27,23,32.2,5.9,1.5,83.1,5.8,16.61
254,순창군,2025-09-02,25.1,20.2,30.1,6.5,1.2,82.8,4.7,14.37
254,순창군,2025-09-03,25.5,19.4,33.4,0,1,80.1,8,19.27
254,순창군,2025-09-04,26.3,22.5,32.9,50.7,1.3,82.4,6.3,18.69
254,순창군,2025-09-05,26.8,22.8,33.2,23.3,1.2,83.9,8.5,22.77
254,순창군,2025-09-06,27.9,23.8,32.8,0,1.6,79.1,6.5,18.25
254,순창군,2025-09-07,25.1,21.5,27.9,42.9,1.2,90.1,.2,6.36
254,순창군,2025-09-08,20.8,18.6,25.3,1.1,1,82.3,2.3,8.84
254,순창군,2025-09-09,19.3,16.3,21.6,33.7,1.1,92.4,0,3.83
254,순창군,2025-09-10,23.4,19.6,29.5,3.5,.9,83.3,6.5,19.32
254,순창군,2025-09-11,24.2,18,30.3,,1.3,72.9,10.4,23.34
254,순창군,2025-09-12,23.4,20.4,26.2,1.8,1.1,84.4,.3,6.06
254,순창군,2025-09-13,25.2,21.4,29.4,55.1,2.3,87.9,1.3,4.84
254,순창군,2025-09-14,24.6,20.6,29.5,,.9,82.5,4.1,16.58
254,순창군,2025-09-15,24.2,22,27.6,1.7,.6,89.8,1.3,7.26
254,순창군,2025-09-16,26.2,22.6,31.9,,1.4,84.6,6.5,17.34
254,순창군,2025-09-17,24.2,22.1,30,14.7,1.4,90.1,2.1,8.84
254,순창군,2025-09-18,22.9,19.7,27.6,.5,1.3,81.8,3.4,12.56
254,순창군,2025-09-19,21.9,17.4,25.3,0,1.4,76.8,1.8,10.93
254,순창군,2025-09-20,21.5,16.9,25,9.3,2.2,85,1.6,7.89
254,순창군,2025-09-21,20.7,15.9,28.2,,1.1,79.3,7.5,19.53
254,순창군,2025-09-22,21.3,15.9,27,,1.1,70.1,7.1,18.32
254,순창군,2025-09-23,21.4,17.2,28.5,0,1.1,69.8,6.8,17.09
254,순창군,2025-09-24,22.5,17.1,27.5,3.6,1.2,87.1,2.2,8.65
254,순창군,2025-09-25,22.3,21.4,23.8,31.6,.8,96,0,4.25
254,순창군,2025-09-26,23.7,20.3,29.6,,.9,78,8.3,19.04
254,순창군,2025-09-27,23.4,19.3,28.9,.2,1.1,78.9,6.9,16
254,순창군,2025-09-28,20.9,18.3,23.7,16,1.6,91.4,.2,4.85
254,순창군,2025-09-29,19.3,15,24.8,,1.2,80.8,5.2,14.92
254,순창군,2025-09-30,18.4,13.8,25.9,,.8,83.8,,15.24
255,북창원,2025-05-15,20.6,18.7,22.2,0,1.1,87.3,0,3.16
255,북창원,2025-05-16,20.2,18.1,23.1,40.5,.8,93.9,0,3.35
255,북창원,2025-05-17,20.9,17.8,27.6,.7,.9,84.1,4.8,18.83
255,북창원,2025-05-18,19.1,14.8,25.3,,1.4,65.4,9.7,23.96
255,북창원,2025-05-19,20.3,14.4,25.3,0,1.4,67.8,10.8,25.13
255,북창원,2025-05-20,23.6,19.9,28.2,0,1.2,81.4,7.8,21.74
255,북창원,2025-05-21,24.7,20.5,29.1,,.8,78.5,4.3,12.63
255,북창원,2025-05-22,21,18.1,25.3,,1.3,75.6,2.8,9.7
255,북창원,2025-05-23,19.5,16.4,22.5,,1.6,47.6,2.7,12.84
255,북창원,2025-05-24,14.9,13.2,18.7,1.1,2.3,81.4,0,3.11
255,북창원,2025-05-25,17.8,12.7,25.3,.2,1.1,68.5,9.9,24.98
255,북창원,2025-05-26,19.2,13.2,26.1,,.9,71,11.7,24.6
255,북창원,2025-05-27,20.4,14.6,27.5,,.8,65.1,10.1,21.79
255,북창원,2025-05-28,21.1,15.1,28.3,,.9,63,11.6,22.94
255,북창원,2025-05-29,19.8,14.9,28,.9,1.3,70,10.6,24
255,북창원,2025-05-30,19.8,14.4,27.1,,1.5,67.1,12.8,27.11
255,북창원,2025-05-31,20.8,14,28,,1.2,58,11,22.89
255,북창원,2025-06-01,22.2,15.5,29.3,,1,60.1,11.8,24.55
255,북창원,2025-06-02,19.5,17.2,23,1.3,.8,77.9,0,7.16
255,북창원,2025-06-03,22.7,16.7,28.9,1.7,2,58.1,7.7,19.86
255,북창원,2025-06-04,23.5,16.1,29.3,,1.8,34,13.3,28.16
255,북창원,2025-06-05,22.7,16.4,28.8,,1.3,45.9,12,26.6
255,북창원,2025-06-06,21.5,17.7,28.6,0,.9,61,1.6,12.11
255,북창원,2025-06-07,23.4,16.3,29.9,,.9,65,10,25.18
255,북창원,2025-06-08,24.5,20.4,31.7,,.9,67.6,6.2,19.7
255,북창원,2025-06-09,23.7,19.6,29.4,,1.2,74.9,3.8,16.55
255,북창원,2025-06-10,25.3,18.8,32.8,,.9,71,8.3,21.12
255,북창원,2025-06-11,26.1,21.8,32.5,,1.6,45.4,11,25.76
255,북창원,2025-06-12,23.8,19.7,29.1,,1,59.6,3.4,16.04
255,북창원,2025-06-13,21.4,18.7,24.6,23.3,1.1,79.6,0,8.97
255,북창원,2025-06-14,22.7,19.8,24.6,76.7,.7,98.9,0,4.41
255,북창원,2025-06-15,25.6,22.8,30.5,1.1,.8,85.8,6.3,20.7
255,북창원,2025-06-16,23.9,21.6,29,6,.8,89.1,3.3,9.24
255,북창원,2025-06-17,24.1,21.6,28.6,,1,81.1,3,11.26
255,북창원,2025-06-18,25.9,21.1,32,,1,67,12.1,26.01
255,북창원,2025-06-19,26.5,20.1,32.7,,.9,71.3,10.3,22.51
255,북창원,2025-06-20,26.2,25,28.1,2.9,1.9,86,.1,7.36
255,북창원,2025-06-21,24,19.5,26.3,21.7,2,91.4,0,3.33
255,북창원,2025-06-22,22.7,18.7,28.6,9.4,1,78.4,3.9,16.82
255,북창원,2025-06-23,25.1,19,31.8,,.8,70.4,12.5,25.05
255,북창원,2025-06-24,21.6,19.7,23.2,26.1,1,91.1,.1,4.73
255,북창원,2025-06-25,23.2,20.9,27.8,1.1,1,85.6,3.6,16.21
255,북창원,2025-06-26,25.6,20.2,31.3,,.9,71.1,11.5,25.53
255,북창원,2025-06-27,27.4,22.1,33.2,,.8,68.6,12.6,24.41
255,북창원,2025-06-28,28.4,23.4,34.8,,1,74.8,12.4,25.27
255,북창원,2025-06-29,28.7,24.7,35,,.8,76.8,10.3,25.06
255,북창원,2025-06-30,28.8,24.3,34.1,,.9,76,12.6,24.79
255,북창원,2025-07-01,29.5,24.8,34.9,,.9,77.1,11.5,22.47
255,북창원,2025-07-02,30.7,27,35.4,,.9,74.1,10.4,24.06
255,북창원,2025-07-03,29.5,25.9,35.4,,1,74.3,11.2,23.69
255,북창원,2025-07-04,29,25.3,34.1,,.9,72.6,10.8,24.11
255,북창원,2025-07-05,29.1,24.5,34.1,,1,72.8,13,26.58
255,북창원,2025-07-06,30.1,25,36.1,,1.1,71.9,11.9,25.22
255,북창원,2025-07-07,31.2,26.7,37.7,,1,69.8,10.5,21.43
255,북창원,2025-07-08,30.7,27.6,34.3,,1.6,64.6,7.8,15.34
255,북창원,2025-07-09,30.5,25,36.1,,2.2,55.9,12.4,25.35
255,북창원,2025-07-10,29.4,26,33.7,,2.2,56.8,7.7,20.06
255,북창원,2025-07-11,28.4,24.6,33.7,,2.3,56.1,12.1,24.21
255,북창원,2025-07-12,28,23.3,33.7,,1.8,62.1,10.4,21.69
255,북창원,2025-07-13,25.6,21.6,31.3,119.4,1,81.9,1.4,8.21
255,북창원,2025-07-14,25.3,21,31.2,15.7,1.8,77.5,7.2,19.82
255,북창원,2025-07-15,25.3,21.3,29.8,0,1,78.9,1.4,12.18
255,북창원,2025-07-16,25.7,24.3,27,2.2,1,79.4,0,3.4
255,북창원,2025-07-17,24.7,22.5,29.7,36.3,1.3,92.6,0,5.5
255,북창원,2025-07-18,25.8,22.5,30.4,20,1.1,91.5,1.4,10.28
255,북창원,2025-07-19,24.5,22.2,27.3,64,1.1,93.3,.7,4.59
255,북창원,2025-07-20,27.5,22.6,33.4,,.8,81.6,6.7,20.34
255,북창원,2025-07-21,28.4,25.7,31.8,2.5,.8,81.3,2.8,13.08
255,북창원,2025-07-22,29.3,25.1,33.9,,.8,77.3,10.3,19.95
255,북창원,2025-07-23,29.6,25.1,35.2,,.8,75.4,9.9,19.51
255,북창원,2025-07-24,29.5,23.8,35.6,,1,69.4,12.8,26.06
255,북창원,2025-07-25,30.2,25.6,34.2,,1.5,66.4,11.7,24.41
255,북창원,2025-07-26,30.8,26.5,34.7,,1.7,64.1,9.8,22.9
255,북창원,2025-07-27,31.1,27.8,34.6,,2,61.4,12.8,26.4
255,북창원,2025-07-28,30,25.4,36.8,,1,67.1,12.9,26.2
255,북창원,2025-07-29,29.5,24.1,35.8,,1.2,67.4,12.4,24.66
255,북창원,2025-07-30,29.2,24.1,34.7,,1.5,63.6,12.2,24.99
255,북창원,2025-07-31,29.6,24.8,35.9,,1.3,67.9,12.7,25.67
255,북창원,2025-08-01,30.1,24.7,36.6,,1,73,12.8,25.16
255,북창원,2025-08-02,30.7,26.3,37,,.8,74.4,9.2,22.07
255,북창원,2025-08-03,29.3,26.6,33.4,30.6,.9,78.8,1.2,12.78
255,북창원,2025-08-04,29.8,27.2,33.4,4,1.8,81.9,2.4,13.05
255,북창원,2025-08-05,29.5,27.6,32.4,11.8,.8,84,2.3,9.78
255,북창원,2025-08-06,29.7,28.4,33.1,.3,1.5,80.1,2.8,13.25
255,북창원,2025-08-07,30.2,27.1,33.9,0,1.4,69.8,8.5,18.79
255,북창원,2025-08-08,27.9,24.3,32.4,,.7,72,4.9,15.59
255,북창원,2025-08-09,25.2,23,30,3.5,.7,87.6,.2,4.75
255,북창원,2025-08-10,24.4,22.1,29,34.3,.8,91.5,.7,8.56
255,북창원,2025-08-11,24.2,20.6,32.1,12,.8,89,3.7,11.63
255,북창원,2025-08-12,23.1,21,24.4,43.3,.5,98.8,0,2.99
255,북창원,2025-08-13,,24.3,32.2,1.6,,,5.4,
255,북창원,2025-08-14,,,34.3,,,,,
255,북창원,2025-08-15,30.4,25.9,35.3,,1,72.8,10.2,21.01
255,북창원,2025-08-16,30.3,26.1,35.5,,.8,74.4,11.1,22.02
255,북창원,2025-08-17,30,25.1,35.4,,1,71.9,12.2,24.74
255,북창원,2025-08-18,29.8,25.9,34.9,,.8,74.5,8.3,19.45
255,북창원,2025-08-19,29.6,26.4,34.3,,.9,74.3,10.9,21.61
255,북창원,2025-08-20,29.4,25.8,34.1,,1.1,74.5,11.2,21.94
255,북창원,2025-08-21,30,25.1,34.9,,.8,73,9.6,17.79
255,북창원,2025-08-22,30.1,26.1,35.2,,.9,75.3,9.2,18.81
255,북창원,2025-08-23,30.3,26.6,35.5,,.8,74.4,11.2,21.45
255,북창원,2025-08-24,30.4,26.4,35.5,,.8,75.3,10,19.31
255,북창원,2025-08-25,30.4,26.8,35.2,,.9,74.8,11.7,22.07
255,북창원,2025-08-26,30.2,27.5,34.4,,1.2,74,8.5,18.25
255,북창원,2025-08-27,28.8,26,33,,1,73.9,7.2,13.84
255,북창원,2025-08-28,28.6,24.8,34,,1,73,6.8,16.45
255,북창원,2025-08-29,29.8,25.6,35.3,,.9,75,11.2,21.51
255,북창원,2025-08-30,30.6,26.2,36.3,,.9,69.9,11.7,21.9
255,북창원,2025-08-31,28.1,26.1,31.9,5.4,.8,81.8,4.1,10.86
255,북창원,2025-09-01,27.4,25.8,29.7,3.4,.8,87.4,.1,5.37
255,북창원,2025-09-02,26.6,23.6,32.4,38.4,.7,88,4,10.83
255,북창원,2025-09-03,28.3,24.5,32.6,,1.1,76,5.9,13.73
255,북창원,2025-09-04,28.3,24,33.5,0,2,74.9,6.1,15.14
255,북창원,2025-09-05,28.3,25,33.7,0,1.1,74.4,7.9,16.2
255,북창원,2025-09-06,28.3,24.4,33.3,0,1,77.8,6.2,16.21
255,북창원,2025-09-07,28.7,25.5,34,1.8,1,81.6,4,11.8
255,북창원,2025-09-08,27.5,24.9,32.2,,1,77.1,4.1,13.4
255,북창원,2025-09-09,22.1,20.1,25.2,14,1.9,89,.4,5.01
255,북창원,2025-09-10,24.2,21.4,28.8,,2,81.6,1.9,11.47
255,북창원,2025-09-11,25.4,21,30.9,,2,72.6,7.6,16.21
255,북창원,2025-09-12,26.1,23.4,30.3,0,1.8,76.5,.8,7.43
255,북창원,2025-09-13,27.5,25,31.6,5.2,1.2,86.6,1.4,8.41
255,북창원,2025-09-14,26.8,24.3,31.1,0,1,78.9,2.8,11.73
255,북창원,2025-09-15,27,24.2,30.8,0,.9,80.6,1.8,9.91
255,북창원,2025-09-16,28.4,24.5,33.8,,.9,80,7.4,15.65
255,북창원,2025-09-17,27.9,24.7,34.2,1.1,1,81.8,6.6,14.15
255,북창원,2025-09-18,23.9,21.2,26.4,,1.8,74.3,1.2,6.61
255,북창원,2025-09-19,23.6,20.5,27.2,,2.1,68,2.1,11.05
255,북창원,2025-09-20,25,21.2,29.9,2.7,1.8,75.8,3.4,9.47
255,북창원,2025-09-21,22.5,18.7,27.6,,1.7,69.4,6.5,16.09
255,북창원,2025-09-22,22.3,19.1,27.3,,2.5,62,4.5,12.99
255,북창원,2025-09-23,23.5,19.2,28.9,,1.9,61.8,5.3,15.73
255,북창원,2025-09-24,24.9,21.1,29.8,1,1.1,83.8,1.5,9.03
255,북창원,2025-09-25,24.8,23.4,26.7,1.9,.5,93.6,0,4.54
255,북창원,2025-09-26,25.2,22.3,31.1,,1.1,73.5,8.6,17.81
255,북창원,2025-09-27,25.2,21.2,30.2,.2,1,68,3.6,11.76
255,북창원,2025-09-28,24,22,26.5,4.7,1,81.1,.5,6.5
255,북창원,2025-09-29,23.2,20.7,27.3,,1.3,71.3,3.1,12.22
255,북창원,2025-09-30,22.1,18.6,27.7,,.7,74.9,3.3,11.34
257,양산시,2025-05-15,19.3,16.4,20.1,0,2.4,92.8,0,2.65
257,양산시,2025-05-16,19.5,17.2,22.2,34.5,2.2,95.4,0,4.48
257,양산시,2025-05-17,20.7,16.6,27.2,.4,2.4,85.3,6,22
257,양산시,2025-05-18,19,13,25.7,,1.6,66.4,8.1,24.52
257,양산시,2025-05-19,19.7,12.7,24.6,0,3,71.9,9.5,26.2
257,양산시,2025-05-20,23.4,19.6,27.8,,3.7,83.5,10.1,27.09
257,양산시,2025-05-21,24.2,20.2,28.9,0,1.8,79.5,3.1,13.65
257,양산시,2025-05-22,18.2,16.1,21.7,0,3.6,75.3,.7,12.48
257,양산시,2025-05-23,18.4,14.7,21.7,,2.9,50.4,2.3,14.09
257,양산시,2025-05-24,14.5,13.1,17.5,2.5,3.8,83.5,0,4.33
257,양산시,2025-05-25,16.8,12.6,24.2,0,1.6,74.6,7.7,24.91
257,양산시,2025-05-26,18,11.5,25.9,,1.8,74,10.3,26.37
257,양산시,2025-05-27,18.9,11.9,26.7,,1.6,66.3,10.2,26.23
257,양산시,2025-05-28,20.4,13.1,27.7,,1.5,64.3,10,24.18
257,양산시,2025-05-29,19.6,13.1,27.8,0,1.5,67.8,8.5,23.29
257,양산시,2025-05-30,19.4,14.2,27,,2.7,61.5,10.5,28.76
257,양산시,2025-05-31,20,12,29.1,,1.4,56.6,9.9,25.27
257,양산시,2025-06-01,20.8,13,28.4,,1.5,67,9.7,26.2
257,양산시,2025-06-02,19.2,16.3,23,1,1.4,81.8,0,8.64
257,양산시,2025-06-03,21.4,15.8,26.5,3.5,2,68,6.3,22.14
257,양산시,2025-06-04,22.2,12.9,29.1,,2.5,39.8,10.8,28.99
257,양산시,2025-06-05,21.5,15.3,29.7,,2,51.8,10,28.47
257,양산시,2025-06-06,21.2,16.1,28.3,0,2.1,62.3,2.7,14.53
257,양산시,2025-06-07,22.7,15.7,29.7,,2.6,59.9,9.5,26.53
257,양산시,2025-06-08,23.4,19,30.5,,1.8,71.6,5.4,21.12
257,양산시,2025-06-09,23.5,18.9,29.7,,1.2,73.5,3.6,18.06
257,양산시,2025-06-10,24.3,17.8,30.7,,2.3,73.8,7.2,23.04
257,양산시,2025-06-11,24.8,19.9,33.4,,1.8,51.9,10,26.64
257,양산시,2025-06-12,22.8,17.9,30.1,,1.3,64.6,1.6,16.6
257,양산시,2025-06-13,21.5,16.7,26.1,27.2,1,78.1,0,9.92
257,양산시,2025-06-14,,19.8,25.1,96.5,1.6,99.3,.1,4.79
257,양산시,2025-06-15,24.3,21.8,29.4,3,2.3,90.4,5.1,21.15
257,양산시,2025-06-16,23.5,20.8,28.5,6,2.7,90.6,1.4,9.45
257,양산시,2025-06-17,24,20.3,28.5,,2.9,84.4,7.3,23.23
257,양산시,2025-06-18,24.6,20.9,30,,2.4,77.1,9.7,26.89
257,양산시,2025-06-19,26.1,19.2,32.3,,2.3,74.5,9.2,25.35
257,양산시,2025-06-20,24.5,23.6,27.2,1.1,3.4,96.6,0,7.26
257,양산시,2025-06-21,23.5,21.2,24.9,9.6,3.2,98.3,0,3.21
257,양산시,2025-06-22,22,18.8,29.2,17.2,1.5,83.5,2.2,15.7
257,양산시,2025-06-23,24.6,17.5,32.1,,1.6,69.5,10,27.01
257,양산시,2025-06-24,21.1,19.1,24.5,30.9,2.7,88.8,0,3.7
257,양산시,2025-06-25,23.4,20.5,27.5,8,2.4,85.6,6.4,22.34
257,양산시,2025-06-26,25.1,18.9,32.1,,2.1,73.6,8.5,25.63
257,양산시,2025-06-27,26.5,21.1,33,,1.8,75.9,9.4,24.82
257,양산시,2025-06-28,27.4,21.4,33.3,,2,80.3,10.2,26.35
257,양산시,2025-06-29,,21.9,33.6,,2.3,79.6,10,27.2
257,양산시,2025-06-30,,25.3,32.5,,2.5,77.6,10.7,27.51
257,양산시,2025-07-01,28.5,23.7,33.3,,2.2,81.1,8.7,23.23
257,양산시,2025-07-02,29.9,25.8,35.2,,2,78.4,9.1,24.82
257,양산시,2025-07-03,29.9,25.5,36.3,,2.3,73.9,,
257,양산시,2025-07-04,28.7,24.2,33.6,,2.8,74.9,7.6,22.42
257,양산시,2025-07-05,29.1,24.4,34,,2.7,74.3,10.9,27.94
257,양산시,2025-07-06,30.1,25.3,37.4,,2.2,73.9,9.8,26.03
257,양산시,2025-07-07,31.2,25.9,37.8,,1.6,70.5,8.4,23.18
257,양산시,2025-07-08,29.5,26.3,33.8,,2.6,69.1,6.5,20.27
257,양산시,2025-07-09,29.5,25.5,34.8,,2.9,58.5,9.9,26.76
257,양산시,2025-07-10,28.2,25.5,33.4,,3,62.4,7.8,24.41
257,양산시,2025-07-11,27.6,24.8,33.1,,3.3,61.1,9.7,26.26
257,양산시,2025-07-12,27.2,24,32.4,,2.9,62,7.6,22.05
257,양산시,2025-07-13,26.6,21.9,32.8,114.3,1.5,76.3,2.5,13.45
257,양산시,2025-07-14,24.5,19.6,32.8,39.3,1.5,83.4,6.9,22.49
257,양산시,2025-07-15,23.7,19,28.4,.5,1.7,88,2.2,10.36
257,양산시,2025-07-16,24.5,22.5,27.4,.6,1.6,90.8,0,5.35
257,양산시,2025-07-17,24.9,22.5,29.3,21.3,1.9,96.9,0,6.06
257,양산시,2025-07-18,24.9,22.1,28.4,30.2,1.3,96.8,.4,7.96
257,양산시,2025-07-19,23.1,21.5,27,127.9,1.4,99.5,.1,3.88
257,양산시,2025-07-20,27,21.2,32.5,,1,83.8,6,18.93
257,양산시,2025-07-21,27,24.1,32,4.5,1.7,91.1,3.9,16.71
257,양산시,2025-07-22,28.8,23.6,34.6,,1.7,78.6,9.8,25.68
257,양산시,2025-07-23,29,23.9,35.6,,1.2,78.6,6.8,21.26
257,양산시,2025-07-24,28.6,21.8,35,,1.3,68.6,10.2,27.81
257,양산시,2025-07-25,29.8,26,34,,2.1,69.1,8.5,25.2
257,양산시,2025-07-26,29.9,25.4,34.4,,1.9,70,8.1,24.35
257,양산시,2025-07-27,29.9,25.9,34.3,,2,67.6,9.5,25.72
257,양산시,2025-07-28,29.5,24,36.4,,1.1,68.5,9.8,25.06
257,양산시,2025-07-29,29,23,35.4,,1.6,66.8,10.3,27.15
257,양산시,2025-07-30,28.9,23.9,34.6,,1.7,69.1,10,26.88
257,양산시,2025-07-31,29.6,23.9,35.2,,1.7,68.5,10.4,26.36
257,양산시,2025-08-01,30,23.9,37.3,,1.4,74.8,9,24.37
257,양산시,2025-08-02,30.3,27,37.7,,1.5,76.1,8.6,24.62
257,양산시,2025-08-03,29,26,34.5,9.9,1.4,79.9,1.1,12.81
257,양산시,2025-08-04,29.4,26.8,32.9,17.1,3.4,87.6,1.8,12.04
257,양산시,2025-08-05,29,26.9,32.3,6.8,2.6,89.1,2.4,11.13
257,양산시,2025-08-06,28.8,26.8,32.7,3,3.3,86.6,2.5,13.35
257,양산시,2025-08-07,28.9,25.4,34.8,2,1.5,79.3,5.4,18.12
257,양산시,2025-08-08,27.2,23.4,32.6,,1.4,80.4,4.3,17.27
257,양산시,2025-08-09,24.6,21.9,29.7,3.2,.9,90.6,.3,6.65
257,양산시,2025-08-10,23.8,20.6,29.4,42.2,1.4,92.3,.8,9.95
257,양산시,2025-08-11,23.6,19.6,31.7,4.8,1.5,87.3,4.8,15.5
257,양산시,2025-08-12,22.7,20.3,24.6,46.9,1,100,0,3.45
257,양산시,2025-08-13,27.7,23.6,32.4,1.6,1.9,87.9,5.6,17.1
257,양산시,2025-08-14,28.8,24.1,34.2,0,1.9,83.8,7.7,19.24
257,양산시,2025-08-15,29.6,24.9,36.4,,1.5,79.9,9,22.68
257,양산시,2025-08-16,29.1,24.3,34.5,,1.5,81.3,9.1,20.65
257,양산시,2025-08-17,29.7,24.9,35.9,,1.5,75.6,10.9,25.76
257,양산시,2025-08-18,29.3,24.6,35.9,,1.9,77.4,9.6,23.34
257,양산시,2025-08-19,29.2,25.7,34.1,,2.4,78,10,22.27
257,양산시,2025-08-20,29.1,24.7,33.8,,2,77.8,10.9,24.22
257,양산시,2025-08-21,29.3,24.2,36.3,,1.5,74.8,9.2,22.65
257,양산시,2025-08-22,29.7,24.3,35.6,,1.5,78.1,10.2,23.08
257,양산시,2025-08-23,30.1,26.4,36.8,,1.9,76.8,10.4,23.34
257,양산시,2025-08-24,30,25.4,36.4,,1.9,78.4,10.2,22.95
257,양산시,2025-08-25,29.9,25.9,35.4,,2.2,77.9,8.4,19.06
257,양산시,2025-08-26,29.8,26.1,35.3,,2.7,77.9,7.5,19.9
257,양산시,2025-08-27,28.6,25.6,34,,1.8,74.1,5.6,16.76
257,양산시,2025-08-28,28.4,24.9,34.5,,2,75.5,5.1,18.14
257,양산시,2025-08-29,29.4,24.5,35.5,,2.2,76.9,9.1,20.97
257,양산시,2025-08-30,30,25.6,35.8,,1.9,74.1,10,22.26
257,양산시,2025-08-31,27.9,25,32.7,3.7,1.6,84.1,3.4,12.38
257,양산시,2025-09-01,27,25.6,29.6,6.2,2.1,93.9,.6,
257,양산시,2025-09-02,26.9,24.6,30.4,28.4,1.5,93.6,2.7,8.66
257,양산시,2025-09-03,28,23.2,33,,2,78.4,,
257,양산시,2025-09-04,28.7,25.6,33.8,0,2.7,78.6,4.9,14.69
257,양산시,2025-09-05,28.4,25.4,34.2,0,1.8,73.1,5.9,16.4
257,양산시,2025-09-06,28.4,23.4,33.1,0,2.2,80.6,6.1,15.55
257,양산시,2025-09-07,28.6,24.7,34.6,38,1.9,85.1,3.9,12.76
257,양산시,2025-09-08,28,25,33.9,,1.3,80.1,4.4,15.35
257,양산시,2025-09-09,23.2,21.6,26.1,13,1.9,88.5,.1,5.63
257,양산시,2025-09-10,24.6,22.2,29.4,,2.7,79.4,1.9,11.88
257,양산시,2025-09-11,26,22.3,31,0,3,76.3,5.8,18.92
257,양산시,2025-09-12,26.1,24.5,29.4,0,3.1,80.8,1.3,11.89
257,양산시,2025-09-13,26.6,23.4,32,16.8,2.2,90.1,1.2,8.35
257,양산시,2025-09-14,26.2,23.3,31.5,0,1.8,83.4,3.1,13.01
257,양산시,2025-09-15,27.5,24.1,32.5,0,1.2,84.9,3.4,13.4
257,양산시,2025-09-16,28.4,24.2,33.2,0,1.9,84,6.1,14.65
257,양산시,2025-09-17,27.1,24.6,33.7,12.9,1.9,88,5.2,14.07
257,양산시,2025-09-18,23.2,21.8,25.4,0,2.4,79.4,.9,6.69
257,양산시,2025-09-19,23.7,21.6,26.8,,2.6,70,2,11.53
257,양산시,2025-09-20,24.5,19.9,31.3,12.1,1.7,83.5,1.6,7.84
257,양산시,2025-09-21,22.1,17.7,26.6,,2.4,75.8,4.2,13.47
257,양산시,2025-09-22,22.9,20.8,26.8,0,3.1,63.6,4.1,15.04
257,양산시,2025-09-23,23.8,20.8,28.2,,2.8,64.5,6.5,17.92
257,양산시,2025-09-24,25.4,21.9,30,1.8,1.9,87.8,1.1,8.62
257,양산시,2025-09-25,25.1,23.5,27.5,.4,1,95.3,0,4.81
257,양산시,2025-09-26,25.2,21.9,31.4,,1.4,75.8,7.6,17.93
257,양산시,2025-09-27,25,21.4,29.4,0,2.4,70.6,7.2,18.35
257,양산시,2025-09-28,23.7,21.5,27.4,4.8,1.6,85.8,.6,7.55
257,양산시,2025-09-29,23.3,20.6,28.8,,1.6,70.3,3.5,12.73
257,양산시,2025-09-30,21.8,17.1,27.5,,1,78.9,2.5,11.57
258,보성군,2025-05-15,19.1,17.6,20.3,42.1,1.1,99.5,0,3.12
258,보성군,2025-05-16,18.8,17.7,20.4,73,2.7,99.6,0,2.49
258,보성군,2025-05-17,20.2,15.8,25.5,2.4,2.8,85.1,6.4,24.52
258,보성군,2025-05-18,18.3,13.1,25.7,,3.2,64.5,11,28.41
258,보성군,2025-05-19,18.6,12.5,24.2,,2.4,78.8,9.5,25.67
258,보성군,2025-05-20,21.5,15.5,26.4,,1.5,91.6,.1,13.7
258,보성군,2025-05-21,22.4,18.6,25.4,0,1.7,93.1,.2,8.42
258,보성군,2025-05-22,21.1,16.2,27.1,0,3.3,88.4,5.7,19.54
258,보성군,2025-05-23,18.6,16.1,21.6,.1,2.7,72.6,1,11.8
258,보성군,2025-05-24,17.6,15.2,19.8,0,2.4,73.6,0,9.91
258,보성군,2025-05-25,18,13.6,24.2,,2.8,73.3,10.8,27.85
258,보성군,2025-05-26,18.1,11.5,25.6,,2.2,74,11.1,25.99
258,보성군,2025-05-27,20.2,11.7,28.2,,2.7,62,12.4,27.38
258,보성군,2025-05-28,20.1,11.8,27.3,,2,65.3,12.2,27.27
258,보성군,2025-05-29,18.5,13.1,26.3,1.1,2,80.8,8.1,20.75
258,보성군,2025-05-30,19.1,13.3,25.9,,2.4,79.6,10.2,23.87
258,보성군,2025-05-31,20,13.8,25.9,,2.2,76.4,6.7,21.32
258,보성군,2025-06-01,21,14.8,27.8,,2.3,70.9,12.5,27.47
258,보성군,2025-06-02,17.7,16.2,20.9,5.4,2.2,87.9,0,7.49
258,보성군,2025-06-03,20.9,16.6,26.5,,4,71.4,12.6,29.94
258,보성군,2025-06-04,21.3,13.6,28.8,,4.1,54.4,13.2,30.76
258,보성군,2025-06-05,21.2,12.4,29.3,,2.4,57.3,11.9,29.05
258,보성군,2025-06-06,20.6,15.4,26.4,,1.5,67.6,2.3,14.23
258,보성군,2025-06-07,22,15.5,28.1,,1.8,78.6,8.9,25.14
258,보성군,2025-06-08,22.9,19.7,28.5,,1.6,86.9,6.1,19.94
258,보성군,2025-06-09,22.7,18.6,28.5,,1.9,83.5,4.5,18.43
258,보성군,2025-06-10,23.6,17.8,29,,2.9,76.4,5.8,20.52
258,보성군,2025-06-11,23.5,18.5,30.1,,3,59.8,11.5,30.38
258,보성군,2025-06-12,22.2,19.3,27.1,,1.8,75.9,3,17.01
258,보성군,2025-06-13,20.2,18.5,23.3,35.3,1.9,92.5,0,8.52
258,보성군,2025-06-14,23.4,20.2,27.1,44.4,1.4,97.6,.6,8.3
258,보성군,2025-06-15,24.1,21.2,28,16.9,2.4,89.8,4.4,17.77
258,보성군,2025-06-16,23.6,20.7,27.7,5.7,2.3,90,4.7,15.2
258,보성군,2025-06-17,23.8,20,28.2,,2,86,7.2,22.54
258,보성군,2025-06-18,23.9,19.2,30.4,,2.4,76.1,12.3,29.48
258,보성군,2025-06-19,23.2,18.1,26.6,.1,2.1,92,.8,9.76
258,보성군,2025-06-20,24.9,23.8,27.9,.8,3.6,96,.3,8.25
258,보성군,2025-06-21,24.3,21.1,25.7,27.8,4.2,96.8,0,3.28
258,보성군,2025-06-22,23.3,19.9,28.8,0,2.4,79.3,5.7,21.59
258,보성군,2025-06-23,24.1,18.5,30.6,,1.8,76.5,13.4,30.27
258,보성군,2025-06-24,21.3,19.8,22.9,8.2,2.5,93.9,0,2.65
258,보성군,2025-06-25,23.3,20.2,28.6,.8,2.1,85.6,8.8,25.28
258,보성군,2025-06-26,25.1,18.9,31,,2.6,72.4,10.4,28.09
258,보성군,2025-06-27,25.9,20,32.1,,2.4,79.1,13.2,29.05
258,보성군,2025-06-28,27.2,22.9,31.7,,2.1,87.4,12.2,27.67
258,보성군,2025-06-29,27.4,23.3,32.1,,2.3,84.5,13.7,30.64
258,보성군,2025-06-30,27.7,23.5,32,,2.1,84.9,12.7,29.94
258,보성군,2025-07-01,28.3,25.7,32.5,,1.9,88.4,6.4,22.02
258,보성군,2025-07-02,28.8,25.2,33.9,,1.8,84.1,10.1,27.69
258,보성군,2025-07-03,28.2,24.2,33.9,,2.5,82.4,13.2,29.44
258,보성군,2025-07-04,27.1,22.5,31.9,,2.2,85.9,11.1,26.63
258,보성군,2025-07-05,27.8,23.6,32.4,,2.3,84.5,11.7,28.63
258,보성군,2025-07-06,29.5,25.4,34.3,,2.5,78.6,10.3,27.67
258,보성군,2025-07-07,29.7,24.9,34.7,,2.2,79.3,13,28.7
258,보성군,2025-07-08,29.4,25.6,34.4,,2.1,80,10.5,26.4
258,보성군,2025-07-09,28.7,24.3,33.9,,2,73.9,13,29.48
258,보성군,2025-07-10,28.6,23.6,33.7,,2.2,71.8,11.6,28.17
258,보성군,2025-07-11,28.4,24.6,33.4,,3.1,62.6,12.8,27.97
258,보성군,2025-07-12,27.6,23.2,32.8,,2.3,70.4,10,26.06
258,보성군,2025-07-13,24.9,22.5,27.3,4.5,1.3,89.8,0,5.77
258,보성군,2025-07-14,25.8,21,31.1,,3.4,76.3,11,26.3
258,보성군,2025-07-15,24.9,22.2,29,0,2.1,83.8,1.8,12.55
258,보성군,2025-07-16,24.2,22.2,25.5,6.6,1.6,95.5,0,4.23
258,보성군,2025-07-17,26.4,21.8,29.4,41.1,3.9,96.1,.4,9.52
258,보성군,2025-07-18,25.5,21.6,30,16.9,2.6,93.4,4.6,14.56
258,보성군,2025-07-19,26.9,24.6,29.5,106.4,4.1,94.5,.8,10.74
258,보성군,2025-07-20,27.5,24.4,32,,2.4,87.3,4,18.96
258,보성군,2025-07-21,26.8,25,30.7,5.1,1.5,94.8,4.3,17.64
258,보성군,2025-07-22,27.7,24.1,32.1,,1.9,86.6,10.4,27.81
258,보성군,2025-07-23,27.7,22.4,34,,1.1,82.6,12.5,27.92
258,보성군,2025-07-24,28,22.8,34.4,,1.5,82.9,13,28.75
258,보성군,2025-07-25,28.7,23.6,33.9,,2.2,81.9,13.1,27.92
258,보성군,2025-07-26,29.6,24.8,34,,2.7,77.1,13.2,28.66
258,보성군,2025-07-27,29.4,25.5,34.3,,2.9,76.5,12.7,28.09
258,보성군,2025-07-28,29,23.8,34.7,,1.6,81,12.8,28.59
258,보성군,2025-07-29,28.4,23.2,34.2,,2,80.4,12.9,28.96
258,보성군,2025-07-30,28.1,23.1,33.1,,2.3,81.5,9.3,25.57
258,보성군,2025-07-31,28.3,24.2,33.6,,2.3,79.9,12.7,28.64
258,보성군,2025-08-01,28.7,23.5,34.6,,1.6,81.6,12.8,27.71
258,보성군,2025-08-02,28.7,24.7,33.8,,1.7,85.9,8.9,24.6
258,보성군,2025-08-03,28.1,25.7,31.1,13,3.7,91.5,.2,8.6
258,보성군,2025-08-04,29.2,26.6,32.8,.6,2.9,88.4,6.5,20.37
258,보성군,2025-08-05,28.6,25.9,32.8,.3,1.9,90.6,5.1,18.54
258,보성군,2025-08-06,28.6,26.5,30.9,.1,2.7,90.8,.9,11.9
258,보성군,2025-08-07,28.6,24.6,32.5,.3,2.8,82.1,6.4,20.12
258,보성군,2025-08-08,26.7,23,31.6,,2,79.3,6.6,21.16
258,보성군,2025-08-09,23.5,22.1,27.1,63.4,1.5,97.8,0,3.52
258,보성군,2025-08-10,24.5,22,28.8,66.3,1.3,95.8,2.3,9.92
258,보성군,2025-08-11,23.6,21.5,27.4,17.3,1.6,96.3,1.4,7.22
258,보성군,2025-08-12,22.4,20.7,23.9,65.6,1.2,99.6,0,2.39
258,보성군,2025-08-13,27.6,23.6,32.1,.6,1.6,90.4,7.5,21.91
258,보성군,2025-08-14,28.1,24.5,32.3,.3,1.6,89.9,8.7,22.64
258,보성군,2025-08-15,28.4,24,34.5,,2.1,84.4,12,26.69
258,보성군,2025-08-16,28.3,23.7,33.8,,2.3,84.4,12.3,27.15
258,보성군,2025-08-17,27.7,22.5,33.6,,2.1,85.3,11.4,26.21
258,보성군,2025-08-18,27.9,23.6,32.6,,1.6,85.6,6.9,21.64
258,보성군,2025-08-19,28.2,24.4,32.5,,1.7,85.6,11,26.73
258,보성군,2025-08-20,28.3,24.5,32.5,,1.7,86.3,10.7,25.79
258,보성군,2025-08-21,28.4,24,33.8,,1.6,81.8,11.8,26.45
258,보성군,2025-08-22,29,24.4,34,,2.2,82.8,11.6,25.89
258,보성군,2025-08-23,28.1,23.6,33.5,,1.9,85.8,10.1,25.03
258,보성군,2025-08-24,28.5,24,33.3,,2.1,86.3,11.6,24.33
258,보성군,2025-08-25,28.4,24.6,32.7,,1.8,85.6,10.8,24.87
258,보성군,2025-08-26,28.1,25.4,32,0,1.4,90.8,3.6,14.14
258,보성군,2025-08-27,28,24.6,32.7,,1.5,84.6,10.2,23.86
258,보성군,2025-08-28,27.8,24.1,32.5,,1.1,86.3,9.5,24.11
258,보성군,2025-08-29,28.3,24.2,33.4,,1.5,85.5,10.4,24.34
258,보성군,2025-08-30,28.4,24.2,33.6,,1.5,83.6,11.8,25.82
258,보성군,2025-08-31,26.5,24.9,32.4,3.2,.9,95,2.6,13.92
258,보성군,2025-09-01,27.5,24.3,31.7,5.8,1.5,90.6,2.7,14.06
258,보성군,2025-09-02,27.6,24.1,32.6,4.8,1.7,85.4,7.2,19.82
258,보성군,2025-09-03,27.2,23.3,32.5,,1.8,85,8.6,22.94
258,보성군,2025-09-04,27.7,23,33.5,,1.3,82.9,8.6,21.72
258,보성군,2025-09-05,27.6,23.7,32.9,,.5,85.5,10.5,23.38
258,보성군,2025-09-06,27.8,24.8,32.3,.4,1.5,89.1,6.9,18.23
258,보성군,2025-09-07,26.6,24.5,32.1,13,1.4,95.3,1.9,9.89
258,보성군,2025-09-08,25.1,22.9,29.7,0,1.8,87.5,4.6,12.54
258,보성군,2025-09-09,21.7,20.7,24.5,11.4,1.8,95,0,4.94
258,보성군,2025-09-10,24.4,21.2,29.3,.8,1.6,89,6.5,20.37
258,보성군,2025-09-11,24.9,19.2,31.2,,2.3,78.6,8.9,22.31
258,보성군,2025-09-12,25.4,22.5,30.1,.4,2.5,81.4,.5,10.04
258,보성군,2025-09-13,26.4,23.5,31.5,21.7,1.8,91.5,1.6,9.56
258,보성군,2025-09-14,25.7,22,30.2,0,2,86.9,6.5,18.2
258,보성군,2025-09-15,25.4,23.5,28.9,1.8,1.1,94.8,3,9.63
258,보성군,2025-09-16,26.6,23.4,31.9,0,1.7,89.9,6.8,18.16
258,보성군,2025-09-17,26,23.3,33,11,2,91.9,6,15.17
258,보성군,2025-09-18,24.2,21.3,28.5,,2.1,81.9,4,13.08
258,보성군,2025-09-19,22.9,19.3,26.8,0,2.2,78.1,2,12.33
258,보성군,2025-09-20,22.4,17.8,26.4,22.4,2.6,88.5,3,10.4
258,보성군,2025-09-21,21.8,16.2,29.3,,2.4,81.4,9.1,21.06
258,보성군,2025-09-22,21.8,16.4,27.5,,2.6,73.1,6.4,18.37
258,보성군,2025-09-23,22.4,17.3,27.7,,2.1,72.6,8.7,20.77
258,보성군,2025-09-24,24.1,20,27.9,7.6,1.2,86.5,.1,7.96
258,보성군,2025-09-25,23.4,22.1,25.3,16.4,1.2,98.5,0,3.99
258,보성군,2025-09-26,24.7,22.1,28.4,.1,1.4,90,3.4,14.49
258,보성군,2025-09-27,23.8,21.6,27.9,5.6,2.1,88.6,3.1,14.99
258,보성군,2025-09-28,22.9,21.2,25.9,1.1,1.6,91.1,.5,7.36
258,보성군,2025-09-29,21.6,17.5,27.3,,2.9,77.8,4.9,17.29
258,보성군,2025-09-30,20,15.1,26.1,,2,80.3,4.9,14.5
259,강진군,2025-05-15,19,18,20.2,132.1,1,98.4,0,2.98
259,강진군,2025-05-16,19,17,21.5,37.7,2.1,98.8,0,3.18
259,강진군,2025-05-17,19.4,15.6,24.3,0,2.5,86,3.3,18.84
259,강진군,2025-05-18,17.9,13.2,24.7,,1.9,70.5,10.4,27.77
259,강진군,2025-05-19,19,13.3,24,,1.4,80.5,3.2,15.11
259,강진군,2025-05-20,21.8,17.7,25.3,,1.1,90.9,0,8.71
259,강진군,2025-05-21,22,18.3,24.6,0,1.4,90,0,8
259,강진군,2025-05-22,21,16.8,28.4,,1.5,85.8,5.1,17.34
259,강진군,2025-05-23,18.6,15.9,20.6,0,2,70.6,0,7.19
259,강진군,2025-05-24,17.9,13.7,23.8,,1.8,67.8,1.2,14.48
259,강진군,2025-05-25,18.3,12.2,26.1,,1.7,69.8,12.2,28.85
259,강진군,2025-05-26,18.9,11.8,26.8,,1.3,65.1,10.9,25.87
259,강진군,2025-05-27,19.5,11,28.4,,1.4,56.8,11.7,27.07
259,강진군,2025-05-28,20.2,11.7,28.1,,1.1,65.5,11.9,27.18
259,강진군,2025-05-29,20.5,13.3,29.4,,1.4,69.8,11.7,27.27
259,강진군,2025-05-30,20.1,13,27.9,,1.6,70.8,11.7,26.15
259,강진군,2025-05-31,19.5,13.4,27,,1.4,73.9,5.4,19.96
259,강진군,2025-06-01,20.6,13.2,27.8,,1.2,68,11.8,27.79
259,강진군,2025-06-02,17.4,16.4,19.4,6.6,1.2,89.4,0,6.33
259,강진군,2025-06-03,20.2,16.2,26.2,,2.6,72.6,12,29.98
259,강진군,2025-06-04,20.9,12.5,28.7,,2.2,60.3,11.5,29.62
259,강진군,2025-06-05,20.9,11.3,29.8,,1.5,56.6,11.2,29.37
259,강진군,2025-06-06,20.8,14.3,26.8,,.8,62.6,1.7,13.78
259,강진군,2025-06-07,22,14.6,28.5,,1.1,76.5,8.1,23.12
259,강진군,2025-06-08,23.2,19.6,28.8,,1.3,84.3,5.8,22.77
259,강진군,2025-06-09,23.3,19,29.8,,1.2,78.8,5.6,19.85
259,강진군,2025-06-10,23.4,17.1,29.2,0,1.7,75.9,5,19.2
259,강진군,2025-06-11,23.9,17.7,32.1,,1.7,56.8,11.5,30.63
259,강진군,2025-06-12,21.9,18.5,27.9,,1.3,71.9,3,17.25
259,강진군,2025-06-13,20.3,18.4,23.5,19.4,1.5,92.6,0,8.04
259,강진군,2025-06-14,23.8,20.6,28.6,82.6,1.6,91.6,1.4,12.38
259,강진군,2025-06-15,23.7,19.5,29,20.5,1.3,89.1,4.1,16.48
259,강진군,2025-06-16,23.2,20.5,26.8,8.2,2.1,89.3,3.6,14.54
259,강진군,2025-06-17,24,20.5,28.5,,1.4,84.4,6.3,17.48
259,강진군,2025-06-18,24,18.4,30.7,,1.2,74.6,10.6,27.87
259,강진군,2025-06-19,23.7,18.4,28.1,,1.5,89.3,.6,11.15
259,강진군,2025-06-20,25.4,23.3,28.5,1.6,1.8,90.9,.3,9.47
259,강진군,2025-06-21,23.6,20,25.4,36,2.2,95.5,0,2.76
259,강진군,2025-06-22,23,19.2,28.1,,1.5,78.1,4.9,20.91
259,강진군,2025-06-23,24,17,31.5,,1,74.3,11.5,28.69
259,강진군,2025-06-24,21.7,20.1,23.1,6.6,2.2,90.9,0,3.67
259,강진군,2025-06-25,23,19.3,28.9,.6,2.1,83.6,8.8,25.54
259,강진군,2025-06-26,24.2,17.9,31.1,,1.7,75,9.9,27.06
259,강진군,2025-06-27,25.4,18.8,31.7,,1.2,80.6,12.2,28
259,강진군,2025-06-28,27.3,23.9,31.6,,1.5,84.1,8.5,25.77
259,강진군,2025-06-29,27.7,24.4,31.9,,1.4,82.6,10.3,29.1
259,강진군,2025-06-30,28.4,24.4,32.9,,1.7,80.6,11.5,29.81
259,강진군,2025-07-01,28.7,25.7,33.2,,1.5,84,5.9,20.78
259,강진군,2025-07-02,29.1,25.4,35,,1.5,78.3,8.2,19.48
259,강진군,2025-07-03,28.6,24.3,34.6,,1.6,75.6,11,27.22
259,강진군,2025-07-04,27.5,23.2,32.9,,1.9,80,9.7,25.55
259,강진군,2025-07-05,28.5,24,34.2,,1.7,77.9,10.1,26.09
259,강진군,2025-07-06,29.7,25.5,35.4,,1.9,76.1,8,24.25
259,강진군,2025-07-07,29.6,24.2,35.9,,1.4,76.8,9.6,25.47
259,강진군,2025-07-08,29.6,25.6,34.7,,2.2,74.5,7.7,16.72
259,강진군,2025-07-09,29.1,24,35.1,,1.9,68.4,10.4,24.21
259,강진군,2025-07-10,28.9,23.5,34.6,,1.9,70.3,8.4,22.43
259,강진군,2025-07-11,29.2,25.2,34.3,,2.9,61.1,10,25.71
259,강진군,2025-07-12,27.7,23.5,33.5,,1.9,65.6,8.7,25.16
259,강진군,2025-07-13,23.5,21.4,26,83.5,1.1,92.3,0,2.43
259,강진군,2025-07-14,25.8,20.4,30.9,1.3,2.4,77.1,7.7,21.39
259,강진군,2025-07-15,25.8,22.8,30.8,0,2.4,77.8,5.6,20.24
259,강진군,2025-07-16,24.9,22.8,26.7,6.9,1.1,88.1,0,4.69
259,강진군,2025-07-17,26.3,21.6,28.7,38.8,1.8,90.1,0,5.16
259,강진군,2025-07-18,25.4,21.1,30.6,81.6,1.7,90.3,4,14.47
259,강진군,2025-07-19,27.4,24.7,31.4,30.5,1.8,87.4,2.8,17.37
259,강진군,2025-07-20,27.9,25.2,31.2,,2,81.9,2.7,14.93
259,강진군,2025-07-21,27.6,24.7,32.4,16.5,1.2,88.6,5.3,19.64
259,강진군,2025-07-22,27.5,23.6,32.3,,1.2,84.1,9.3,23.93
259,강진군,2025-07-23,28.1,22.1,34.3,,.9,77.9,10.1,26.45
259,강진군,2025-07-24,28.3,22.9,34.6,,1.3,79.1,11.4,27.29
259,강진군,2025-07-25,29.1,23.4,34.8,,1.6,76.5,11.7,27.37
259,강진군,2025-07-26,30,25.2,34.9,,2.1,73.1,11.5,27.7
259,강진군,2025-07-27,30.2,26.7,34.8,,2.6,70,11.4,27.6
259,강진군,2025-07-28,29.6,24.4,36.2,,1.1,74.3,10,26.64
259,강진군,2025-07-29,29.1,22.9,35,,1.5,74.3,11.5,28.03
259,강진군,2025-07-30,28.7,23.8,33.7,,1.9,76.4,6.3,20.77
259,강진군,2025-07-31,28.8,24.1,33.8,,2,73.6,9.8,25.44
259,강진군,2025-08-01,29,23.4,34.8,,1.2,78.3,11.3,27.03
259,강진군,2025-08-02,28.9,24.8,34.7,,1,80,6.5,21.9
259,강진군,2025-08-03,27.9,25.2,30.9,8.5,1.5,88.8,.2,7.05
259,강진군,2025-08-04,29.7,27,33.7,1,2.2,80.8,6.8,21.75
259,강진군,2025-08-05,28,25.7,33.1,3,1.6,89,3,14.85
259,강진군,2025-08-06,27.9,26.3,30.1,1.7,1.8,90.8,.3,6.21
259,강진군,2025-08-07,29.2,24.4,32.7,0,2,79.4,2.6,15.63
259,강진군,2025-08-08,27,22.8,33.4,,1.1,77.3,5.2,19.46
259,강진군,2025-08-09,23.6,23,25.1,76.5,.9,96.5,0,2.09
259,강진군,2025-08-10,25.4,22.9,29.9,106.9,1.1,94.1,1,10.39
259,강진군,2025-08-11,23.9,21.6,27.8,26.7,1,94.3,.6,4.76
259,강진군,2025-08-12,22.9,21.2,24.7,92.5,1.3,98,0,2.93
259,강진군,2025-08-13,27.7,23.9,33,,1.1,85.5,6.5,20.28
259,강진군,2025-08-14,28.7,24,34.4,0,1.4,82.5,8.9,23.32
259,강진군,2025-08-15,28.8,23.9,35.1,,1.2,80.8,8.3,22.37
259,강진군,2025-08-16,28.1,22.8,35.3,,1.2,80.3,9.9,26.27
259,강진군,2025-08-17,28.2,22.6,35.3,,1.2,79.9,9,25.3
259,강진군,2025-08-18,27.7,23.4,33.1,,1.1,84.9,7,21.4
259,강진군,2025-08-19,28.3,24.2,32.8,,1.1,83,8.9,24.39
259,강진군,2025-08-20,27.8,24.4,33.4,,1.1,84.8,7,19.15
259,강진군,2025-08-21,28.6,23.7,34.3,,1.1,79.5,10.3,25.83
259,강진군,2025-08-22,28.7,24,35.3,,1.1,78.3,10.6,24.4
259,강진군,2025-08-23,28.4,23.5,33.9,,1.2,81.9,9.3,23.11
259,강진군,2025-08-24,28.5,24,33.7,0,1.1,83.5,8.6,22.29
259,강진군,2025-08-25,29,24.8,33.9,0,1.4,81.3,9.2,21.99
259,강진군,2025-08-26,29,26.4,32.6,2.7,1.8,83.9,3.2,14.3
259,강진군,2025-08-27,28.5,24.8,34.5,,1.1,78,6.8,20.14
259,강진군,2025-08-28,27.8,23.6,33.2,,1.1,82.9,10.2,23.45
259,강진군,2025-08-29,28.9,24.3,34.6,,1.3,80,9.3,22.93
259,강진군,2025-08-30,28.9,24.4,34.5,,1.2,81.1,9,22.76
259,강진군,2025-08-31,27.5,24.8,32,5.3,1.1,87.6,3.6,14.22
259,강진군,2025-09-01,27.9,24.4,32.7,4.1,1,87.5,5.5,17.04
259,강진군,2025-09-02,27.2,22.9,33.1,12.3,1.2,82.5,6.9,18.37
259,강진군,2025-09-03,27.3,22,33.7,,1.2,79.9,10,21.86
259,강진군,2025-09-04,27.9,23.3,33.4,0,1.2,80,6.3,16.34
259,강진군,2025-09-05,28,23.4,34.1,,1.1,81.4,9.6,21.77
259,강진군,2025-09-06,28.6,25.1,33.6,0,1.4,81.8,7.6,19.34
259,강진군,2025-09-07,27.1,24.6,33.7,12,1.1,90.1,1.3,9.05
259,강진군,2025-09-08,25,23.6,28.3,7.4,.8,91,2.2,9.39
259,강진군,2025-09-09,21.8,19.9,23.8,18.7,1.3,91.8,0,4.07
259,강진군,2025-09-10,24.5,21.3,29.7,.9,1,87,4.5,16.5
259,강진군,2025-09-11,25.2,19.7,30.7,,1.5,79.3,9.2,22.09
259,강진군,2025-09-12,25.7,22.6,29.9,0,2.1,79.8,.6,9.66
259,강진군,2025-09-13,26.6,23.1,31,33.6,1.8,87.4,1.1,9.04
259,강진군,2025-09-14,25.5,21.9,30.1,.7,.8,86.3,3.6,12.96
259,강진군,2025-09-15,25.6,23.5,29.3,1.4,.7,92.4,1.7,8.51
259,강진군,2025-09-16,27.4,23.4,32.3,0,1.1,85.4,7.3,17.99
259,강진군,2025-09-17,26.6,23.4,32.4,8.4,1.6,87.4,4.2,11.91
259,강진군,2025-09-18,24.2,21.6,28.8,,1.3,79.6,3.9,14.4
259,강진군,2025-09-19,23.8,21.2,26.9,0,2.1,74.1,1.8,12.61
259,강진군,2025-09-20,23.1,18.4,26.8,26.5,1.8,84.4,2.5,11.21
259,강진군,2025-09-21,21.7,16.7,28.7,,1.1,81.8,8.1,20.17
259,강진군,2025-09-22,22.2,16.5,27.4,,1.6,71.4,5.5,17.47
259,강진군,2025-09-23,23.2,17.9,28.2,,1.8,64.9,8.9,20.65
259,강진군,2025-09-24,24.8,22.2,29,1.8,1.4,83.9,.3,7.88
259,강진군,2025-09-25,23.6,22.6,25.1,26.3,.5,97.4,0,3.67
259,강진군,2025-09-26,24.4,21.9,29.4,.1,.8,89.3,2.3,11.31
259,강진군,2025-09-27,23.3,20.7,26.3,8.9,1.2,87,.1,8.43
259,강진군,2025-09-28,23.2,20.6,29.1,2,1.8,87,.9,8.35
259,강진군,2025-09-29,21,16.1,26.8,,1.4,79,2.6,12.89
259,강진군,2025-09-30,19.6,14.9,26.2,,.9,83.3,3.9,13.67
260,장흥,2025-05-15,19,18.1,19.9,179.2,1.5,96.9,0,
260,장흥,2025-05-16,19.3,17.6,21,42.5,2.3,95.6,0,
260,장흥,2025-05-17,19.4,16,24.7,.9,1.6,85,6.2,
260,장흥,2025-05-18,17.8,12.9,24,,2,65,11.2,
260,장흥,2025-05-19,19.2,13.4,25.1,0,1.6,77.4,7,
260,장흥,2025-05-20,21.1,17.2,25.6,,1.8,91.3,.3,
260,장흥,2025-05-21,22.2,19.5,24.6,,1.3,87.3,0,
260,장흥,2025-05-22,19.6,16.6,28.2,,2.2,88.4,5.3,
260,장흥,2025-05-23,18.4,15.7,20.9,0,1.9,69.1,0,
260,장흥,2025-05-24,17.8,13.9,21.7,,1.3,66.8,.5,
260,장흥,2025-05-25,18,12.9,25,,1.2,69.6,11.6,
260,장흥,2025-05-26,18.3,11.8,26.3,,1,68.3,11.6,
260,장흥,2025-05-27,19.2,10.9,27.2,,1,62.8,12.1,
260,장흥,2025-05-28,19.4,11.6,27,,1.5,68.5,12.1,
260,장흥,2025-05-29,19.3,13,27.5,,1.2,73.5,11.1,
260,장흥,2025-05-30,18.7,12.7,27.3,,1.6,78.1,11.8,
260,장흥,2025-05-31,19.3,13.6,25.6,,.9,73.6,5.6,
260,장흥,2025-06-01,20.2,13.1,28.1,,1.3,68.9,12.2,
260,장흥,2025-06-02,17.3,15.8,19.6,4.4,1,86.3,0,
260,장흥,2025-06-03,19.9,16.1,24.9,,2.4,70.9,13.1,
260,장흥,2025-06-04,20,12.2,27.6,,1.7,59.9,12.8,
260,장흥,2025-06-05,20,10.7,29.1,,.8,60.5,12.1,
260,장흥,2025-06-06,20.1,13.6,26.7,,.7,63.6,3.6,
260,장흥,2025-06-07,21.3,14.3,26.6,,1.6,78.3,9.3,
260,장흥,2025-06-08,22.8,19.2,29.4,,1.5,82.1,6.8,
260,장흥,2025-06-09,22.5,17.8,28.7,,1.2,79.6,7,
260,장흥,2025-06-10,23.3,17.2,29.3,0,1.5,74.8,5.7,
260,장흥,2025-06-11,23.2,17.6,31.2,,1.9,59.9,11.6,
260,장흥,2025-06-12,21.4,18.2,27,,1.5,73.1,3.8,
260,장흥,2025-06-13,20.2,18.1,22.9,23.4,1.1,92.8,0,
260,장흥,2025-06-14,24.1,20.5,27.5,87,1.2,90.8,.5,
260,장흥,2025-06-15,23.6,19.9,27.2,24.2,1.9,88.5,5.7,
260,장흥,2025-06-16,23.1,19.9,27.4,6.4,1.5,88.1,6.4,
260,장흥,2025-06-17,23.2,19.3,28.7,,1.9,85.9,7.9,
260,장흥,2025-06-18,23.6,18.4,30.9,,1.5,74.5,11.2,
260,장흥,2025-06-19,23.3,19.1,27.5,0,2.1,91.5,1.6,
260,장흥,2025-06-20,24.8,22.7,27.2,1,2.3,89,0,
260,장흥,2025-06-21,24,20,26.2,37.7,2.3,92.9,0,
260,장흥,2025-06-22,22.7,19.2,28.3,.4,1.2,79.5,6.2,
260,장흥,2025-06-23,23.7,17.4,30.3,,1.4,75.5,13,
260,장흥,2025-06-24,21.7,19.7,23.8,1.9,1.8,89.5,0,
260,장흥,2025-06-25,23,19.4,28.7,0,1.3,80.5,9.2,
260,장흥,2025-06-26,23.8,18,30,,1.2,75,9.6,
260,장흥,2025-06-27,25,18.9,32.3,,1.3,81.1,10.7,
260,장흥,2025-06-28,27.3,23.3,32,,.9,83.4,8.7,
260,장흥,2025-06-29,26.9,23.5,31.8,,1.5,84.9,11.3,
260,장흥,2025-06-30,27.4,23.7,31.7,,1.7,84.4,10.1,
260,장흥,2025-07-01,27.9,25.5,31.7,,2.1,87.4,8.4,
260,장흥,2025-07-02,29.3,25,34.2,,1,76.8,11.7,
260,장흥,2025-07-03,27.9,23.3,33.8,,1,76.3,12.6,
260,장흥,2025-07-04,27.1,22.4,33,,1.2,78.5,10.1,
260,장흥,2025-07-05,28.2,23.5,33.2,,1.3,77.4,11.3,
260,장흥,2025-07-06,28.9,25.1,34.5,,1.2,77.4,10.2,
260,장흥,2025-07-07,28.8,23.8,35.2,,1.2,79.3,10.6,
260,장흥,2025-07-08,29,25.1,33.9,,1.8,76.6,11.6,
260,장흥,2025-07-09,28.5,23.7,34.2,,1.6,69.3,12.6,
260,장흥,2025-07-10,28.5,23.7,33.7,,1.7,69.4,11.9,
260,장흥,2025-07-11,28.4,25.1,33.3,,2.3,60.9,11.4,
260,장흥,2025-07-12,27.7,23.8,33.1,,1.7,63.9,9,
260,장흥,2025-07-13,23.4,21.2,25.9,54,.9,93.6,0,
260,장흥,2025-07-14,25.1,19.8,30.4,0,1.8,77.9,10.2,
260,장흥,2025-07-15,24.8,21.9,29.9,.2,1.4,79.9,5.1,
260,장흥,2025-07-16,24.5,22,26,6.8,2.1,89.6,0,
260,장흥,2025-07-17,25.8,21.2,29,63.1,2.6,90.9,.1,
260,장흥,2025-07-18,25.1,20.9,29.2,41.3,1.8,91.8,5.2,
260,장흥,2025-07-19,26.7,24,30.7,42,2.5,90.1,2.6,
260,장흥,2025-07-20,27.6,25.5,30.8,,2.2,81.4,6.4,
260,장흥,2025-07-21,26.5,24.2,30.7,67.2,1.3,93.5,3.2,
260,장흥,2025-07-22,26.7,22.9,31.2,,1.4,86.5,11.3,
260,장흥,2025-07-23,27.3,21.9,33.6,,.6,80.4,10.9,
260,장흥,2025-07-24,27.6,21.9,34,,.8,82,12.2,
260,장흥,2025-07-25,28.1,22.6,33.7,,1.1,80.1,13,
260,장흥,2025-07-26,29.6,23.9,33.8,,1.6,73.1,13,
260,장흥,2025-07-27,29.5,25.5,34.1,,2,71.5,12.9,
260,장흥,2025-07-28,28.6,23.1,35.4,,.9,78.4,11.7,
260,장흥,2025-07-29,27.8,21.7,33.9,,1.2,79.1,12.7,
260,장흥,2025-07-30,27.6,22.5,33.5,,1.2,78.3,8.8,
260,장흥,2025-07-31,28.1,23.4,33,,1.4,78.4,12.4,
260,장흥,2025-08-01,28.2,22.6,34.4,,1.1,80.6,12.7,
260,장흥,2025-08-02,28.5,24.1,33.6,,1.1,83.4,7.3,
260,장흥,2025-08-03,27.3,25.1,29.1,36.1,2,90.5,.1,
260,장흥,2025-08-04,29.3,26.1,33.3,1.1,1.6,81.8,7.7,
260,장흥,2025-08-05,27.9,25.2,32,3.3,.9,89.1,3.2,
260,장흥,2025-08-06,28.3,25.8,30.4,.7,1.6,85.9,.5,
260,장흥,2025-08-07,28.4,24,31.7,0,1.3,80.6,4.6,
260,장흥,2025-08-08,26.2,22.1,31.9,,.8,80.1,8,
260,장흥,2025-08-09,23.4,22.3,25.3,69.9,.6,97.9,0,
260,장흥,2025-08-10,24.7,22.7,28.6,93,1.1,95.4,2.1,
260,장흥,2025-08-11,23.7,21.5,26.8,26.1,.8,93.9,1.2,
260,장흥,2025-08-12,22.8,21,25,85.2,.7,99,0,
260,장흥,2025-08-13,27.5,23.6,32.6,,1.1,85.1,7.4,
260,장흥,2025-08-14,27.9,23.5,33.3,,.8,82.9,10.5,
260,장흥,2025-08-15,28.1,22.9,33.9,,.7,81.5,12,
260,장흥,2025-08-16,27.4,22.1,33.9,,.7,81.3,10.2,
260,장흥,2025-08-17,27.1,21.7,33.9,,.6,83.5,10.7,
260,장흥,2025-08-18,27,23.2,32.8,0,.7,89.3,5.1,
260,장흥,2025-08-19,27.6,23.4,32.1,,1.2,86.9,8.7,
260,장흥,2025-08-20,27.5,23.4,32.1,,1.4,86.1,10.2,
260,장흥,2025-08-21,28,22.8,34.1,,.8,82.3,11.5,
260,장흥,2025-08-22,28.3,23.8,34.3,,.8,79.3,12.2,
260,장흥,2025-08-23,27.5,22.4,34.6,,.7,83.6,9.1,
260,장흥,2025-08-24,27.8,23.3,33.9,,1,86.1,10.4,
260,장흥,2025-08-25,28.8,23.9,33.8,.7,1,79.3,10.5,
260,장흥,2025-08-26,27.8,25.4,32.3,17.4,.9,89.1,5.9,
260,장흥,2025-08-27,27.5,24,33.7,,.7,84,7.5,
260,장흥,2025-08-28,27,22.9,31.7,,1.3,86.6,6.9,
260,장흥,2025-08-29,28,22.8,34.1,,.9,83.4,10,
260,장흥,2025-08-30,27.1,23.4,34.2,16,.8,87.5,8.1,
260,장흥,2025-08-31,27.1,23.8,30.7,1,1.3,88.5,4.8,
260,장흥,2025-09-01,27.3,23.7,31.3,6.9,1.2,88.8,5.3,
260,장흥,2025-09-02,26.8,22.7,32.3,3,.8,85.3,7.8,
260,장흥,2025-09-03,26.6,21.6,32.2,,1,84.9,11.4,
260,장흥,2025-09-04,27.3,22.1,33.5,,.8,81.5,8.1,
260,장흥,2025-09-05,27.1,22.6,33.1,,1.1,83.8,7.8,
260,장흥,2025-09-06,27.6,23.7,32.9,1.3,1.1,85,8.8,
260,장흥,2025-09-07,26.5,24.7,31.4,2,.7,92.4,.8,
260,장흥,2025-09-08,24.7,22.5,28.4,10.5,.8,88.1,3.6,
260,장흥,2025-09-09,21.6,20.1,24.1,18.8,1,91,0,
260,장흥,2025-09-10,24.1,21,29,1.2,.9,89.6,3.7,
260,장흥,2025-09-11,24.9,18.9,29.9,0,1.4,77.4,9,
260,장흥,2025-09-12,25.8,22.4,29.3,0,2.1,77.3,1.5,
260,장흥,2025-09-13,26.6,22.7,30.8,24.7,1.3,86.5,2.1,
260,장흥,2025-09-14,25.2,21.3,30.2,.5,.5,88,4.8,
260,장흥,2025-09-15,25.3,23.3,29,1.1,.7,92.8,2.6,
260,장흥,2025-09-16,26.9,22.3,32.2,.1,.9,84.9,9,
260,장흥,2025-09-17,25.9,23,32.5,11.4,1,88.5,5.8,
260,장흥,2025-09-18,23.4,20.7,28.6,,1.1,82.8,4.9,
260,장흥,2025-09-19,23.4,20.6,26.8,0,2.1,72.5,2.4,
260,장흥,2025-09-20,22.5,17.5,26.9,18.8,1.7,85,4.3,
260,장흥,2025-09-21,21.2,15.9,28.9,,.8,82.9,7.7,
260,장흥,2025-09-22,21.9,16.4,26.9,,1.6,68.1,6.2,
260,장흥,2025-09-23,22.7,17.3,27.7,,1.4,66,9.4,
260,장흥,2025-09-24,24,20.1,28.7,14.7,1,87.1,.6,
260,장흥,2025-09-25,23.3,22.1,25.2,20.6,.5,97.6,0,
260,장흥,2025-09-26,24.4,21.4,28.8,.1,.7,88.3,2.8,
260,장흥,2025-09-27,23.1,21,26.4,10.8,1,86.3,.3,
260,장흥,2025-09-28,22.9,19.6,28,1.5,1.1,87,.9,
260,장흥,2025-09-29,20.9,15.6,26.1,,1.5,78.9,5.1,
260,장흥,2025-09-30,18.5,13.8,25.3,,.7,85,6.2,
261,해남,2025-05-15,19.6,18.9,21.1,1.2,1.9,97.8,0,
261,해남,2025-05-16,19.3,16.1,21.5,30.8,2.9,98.1,0,
261,해남,2025-05-17,17.8,15.1,22.3,.1,2.1,93.3,3.3,
261,해남,2025-05-18,16.7,12.8,22.4,,2,78.9,10.8,
261,해남,2025-05-19,18.9,13.1,23.9,,2.4,80.1,4.9,
261,해남,2025-05-20,22.3,18.9,26.5,.1,2,94.1,.3,
261,해남,2025-05-21,22.1,20,24.2,.2,2.6,91,0,
261,해남,2025-05-22,20.2,16.8,26.4,,2.6,90.5,3.3,
261,해남,2025-05-23,18.1,16.5,19.8,,3.8,72.4,0,
261,해남,2025-05-24,17.1,13.4,21.8,,1.9,75.1,1.3,
261,해남,2025-05-25,17,10.8,23.4,,1.9,73.8,13.3,
261,해남,2025-05-26,17.9,11.5,24.7,,1.1,70.4,11.6,
261,해남,2025-05-27,18.6,11,26.3,,1.3,62.3,12.3,
261,해남,2025-05-28,19.4,11.2,29.1,,1.1,70.8,12.4,
261,해남,2025-05-29,19.8,13.1,27.8,,1.6,70.6,12.6,
261,해남,2025-05-30,19.1,12.5,25.8,,1.9,72,12.3,
261,해남,2025-05-31,18.4,13.3,24.6,,1.3,80.5,5.8,
261,해남,2025-06-01,19.9,13,28.5,,1.2,70.1,12.7,
261,해남,2025-06-02,17.3,16.2,19.3,5.3,2.1,90.8,0,
261,해남,2025-06-03,19.3,15.9,24.1,,2.8,79.3,12.4,
261,해남,2025-06-04,19.5,12.1,26.6,,2.2,70.3,13.3,
261,해남,2025-06-05,19.8,11.8,28.1,,1.2,61.5,12.5,
261,해남,2025-06-06,21,15.2,27,,1.1,60.5,1.6,
261,해남,2025-06-07,22.7,14.7,29.3,,1.4,71.9,8.3,
261,해남,2025-06-08,23.4,19.3,30,,1.5,81.4,7.2,
261,해남,2025-06-09,22.4,18.1,28.3,,1.2,80.3,6.6,
261,해남,2025-06-10,22.3,16.7,28.3,,1.9,80.9,6,
261,해남,2025-06-11,22.9,17.6,29.2,,2.1,62,12.1,
261,해남,2025-06-12,21.8,17.8,27.2,,1.3,71.4,4,
261,해남,2025-06-13,21,18.4,22.8,25.9,2.7,91.8,0,
261,해남,2025-06-14,23.4,20.5,26.7,95.9,2.1,94.9,.4,
261,해남,2025-06-15,24,19.1,29.6,12.3,1.6,89,5,
261,해남,2025-06-16,22.7,21.3,26,7.4,3.2,90.5,6.1,
261,해남,2025-06-17,23.6,19.5,27.3,,2.4,86,6.7,
261,해남,2025-06-18,23.2,16.9,30.5,,1.3,81.4,12.8,
261,해남,2025-06-19,23.8,18.6,28.2,0,2.7,92,4.7,
261,해남,2025-06-20,25.8,23.7,29.6,1.8,4.6,88.9,.4,
261,해남,2025-06-21,22.8,19.5,25.1,30.2,4.1,99,0,
261,해남,2025-06-22,22.4,18.9,27,.3,1.4,83.8,5.7,
261,해남,2025-06-23,23.2,16.6,30.8,,1.2,79.9,11.2,
261,해남,2025-06-24,21.8,19.7,24.1,6.1,3.7,92.4,.1,
261,해남,2025-06-25,22.5,19.2,26.2,.6,2.2,88.5,9.3,
261,해남,2025-06-26,23.2,17.8,28.7,,1.2,80.5,12,
261,해남,2025-06-27,25.7,18.7,30.8,,1.2,83.9,12.8,
261,해남,2025-06-28,26.8,24.9,30.6,,1.6,89.8,5.1,
261,해남,2025-06-29,27.3,24.3,31.3,,1.6,84.3,10.1,
261,해남,2025-06-30,28.1,23.2,33.6,,1.6,81.3,12.4,
261,해남,2025-07-01,28.3,24.5,32.9,,1.6,86.6,11.7,
261,해남,2025-07-02,28.3,24.7,32.6,,1.6,81.8,13.1,
261,해남,2025-07-03,27.9,24.4,31.9,,1.8,82.3,12,
261,해남,2025-07-04,27.4,24.6,30.8,,2.6,84.9,9.9,
261,해남,2025-07-05,28.1,25.5,31.3,,2.8,84.9,12.2,
261,해남,2025-07-06,28.2,25.2,32.5,,2.3,87.3,8.8,
261,해남,2025-07-07,28.6,23.7,34.2,,1.3,80.8,11.9,
261,해남,2025-07-08,28.8,24.7,33.7,,2.2,78.6,12.3,
261,해남,2025-07-09,28.1,23.1,34.7,,2.4,72.9,11.4,
261,해남,2025-07-10,28.6,22.8,34.2,,2.1,72.3,10.8,
261,해남,2025-07-11,28.7,24.3,34.4,,3.8,61.4,11.1,
261,해남,2025-07-12,27.1,23.7,33.1,,1.8,65.5,7.4,
261,해남,2025-07-13,23.3,21.1,25.6,98.9,1.3,95.3,0,
261,해남,2025-07-14,25,21.1,29.5,,3.1,76.4,12.2,
261,해남,2025-07-15,25.2,22,29.6,0,2,80.3,7.8,
261,해남,2025-07-16,25.6,22.8,27.7,4.6,2.3,87.1,0,
261,해남,2025-07-17,27.4,22.5,29.5,1.3,4.8,83,.1,
261,해남,2025-07-18,25.6,21.6,29.6,23.7,2.4,88.6,6.2,
261,해남,2025-07-19,28,25.5,31.3,18.8,2.9,83,5.9,
261,해남,2025-07-20,27.7,25.7,30.7,,3.5,81.1,10.1,
261,해남,2025-07-21,28.2,25.6,32.3,12.3,2.4,83.1,8.3,
261,해남,2025-07-22,27.7,24,32,,2.1,80.8,12.4,
261,해남,2025-07-23,27.4,22,33.8,,.7,74,12.5,
261,해남,2025-07-24,27.9,22.2,34.3,,.9,74.1,12.9,
261,해남,2025-07-25,28.6,22.7,34,,1.7,73.5,13.3,
261,해남,2025-07-26,29.7,25.1,34.6,,3,70.3,13.4,
261,해남,2025-07-27,29.8,26.4,34.4,,3.8,67.6,13.1,
261,해남,2025-07-28,28.9,24.1,35.4,,1.2,74.1,11.1,
261,해남,2025-07-29,28.4,22.7,34.2,,1.8,77.9,13,
261,해남,2025-07-30,28.1,24.3,32.9,0,2.8,79.1,7.8,
261,해남,2025-07-31,28.7,23.2,33.1,,2.8,74.5,11.6,
261,해남,2025-08-01,29.2,23.2,35.8,,1.3,77.3,12.6,
261,해남,2025-08-02,28.2,23.9,34.5,,1.2,84.1,9.7,
261,해남,2025-08-03,27.9,24.6,30.6,3.5,2.8,87.1,.2,
261,해남,2025-08-04,29,26.7,32.8,0,3.1,86.9,8.9,
261,해남,2025-08-05,27.8,25.2,31.6,2.3,1.8,91.4,3.8,
261,해남,2025-08-06,28,26.5,30.1,10.4,3.5,91.8,1.8,
261,해남,2025-08-07,28,24.2,31.4,.2,1.4,88.4,2.1,
261,해남,2025-08-08,26.1,21.9,32,,.9,83.9,6.3,
261,해남,2025-08-09,24,23,25,55,1.3,98.6,0,
261,해남,2025-08-10,26.2,22.8,30.1,64.5,1.5,90.4,1.2,
261,해남,2025-08-11,24.1,22.1,26.5,28.6,1.1,94.9,.7,
261,해남,2025-08-12,23.8,21.7,25.8,53.5,1.9,97.6,0,
261,해남,2025-08-13,27.4,23.9,31.9,,2,87.4,9.9,
261,해남,2025-08-14,27.7,23.2,31.9,,1.4,87,11.4,
261,해남,2025-08-15,27.8,23.5,33.5,,1.1,84.6,12,
261,해남,2025-08-16,27,22.6,33.3,,.9,85,10.7,
261,해남,2025-08-17,26.9,21.6,32.9,,.8,85.8,10.2,
261,해남,2025-08-18,27.3,23.1,32.7,,1.1,86.9,8.4,
261,해남,2025-08-19,27.7,23.9,32.9,,1.2,85,9.5,
261,해남,2025-08-20,28.1,23.4,33.5,0,2,83.8,10.6,
261,해남,2025-08-21,28.2,23.3,34.5,,1,82.4,12.5,
261,해남,2025-08-22,27.9,22.8,33.9,,1.4,82.3,12.5,
261,해남,2025-08-23,27.9,23.2,33.2,,1.6,84.1,11.7,
261,해남,2025-08-24,28.2,23.4,33,,2.2,84.8,10.9,
261,해남,2025-08-25,29,25,33.7,,2.1,83.1,10.4,
261,해남,2025-08-26,28.5,26,32.7,.7,2.7,86.6,6.6,
261,해남,2025-08-27,27.9,24.2,33.1,,1.2,81.9,9.7,
261,해남,2025-08-28,27.7,23.3,33.5,,1.4,82.6,9.9,
261,해남,2025-08-29,28.1,23.8,34,,1.5,83.9,11.9,
261,해남,2025-08-30,28.1,23.3,34.1,,1.1,81.9,11.8,
261,해남,2025-08-31,27.4,24,32.8,0,1.5,87.9,2.7,
261,해남,2025-09-01,28.3,24.9,33.4,1.2,1.9,84.4,8.1,
261,해남,2025-09-02,26.5,22.3,31.4,1.8,.9,84.3,9.3,
261,해남,2025-09-03,26.9,21,32.8,,1.8,80.8,11.6,
261,해남,2025-09-04,27.7,23.5,33.7,0,1.6,84.3,9,
261,해남,2025-09-05,28,22.9,34.1,,.9,81.8,9.9,
261,해남,2025-09-06,28.2,24.3,32.6,1.6,2.1,84.1,10.2,
261,해남,2025-09-07,26.7,24.1,32.4,4.1,1.1,92.1,2.9,
261,해남,2025-09-08,24.4,21.8,27.7,19,.8,92.5,2.2,
261,해남,2025-09-09,21.5,19.9,23.4,23.8,1.7,92.5,0,
261,해남,2025-09-10,24.1,21.2,30,3.4,.8,89.4,4.4,
261,해남,2025-09-11,25.1,19,30.6,,1.8,79.6,10.2,
261,해남,2025-09-12,25.9,24.1,29.8,0,3.8,80.1,2.1,
261,해남,2025-09-13,26.7,22.8,29.9,38.7,2.9,89.1,3.3,
261,해남,2025-09-14,25.3,21.8,30.4,.1,.7,86.4,4.8,
261,해남,2025-09-15,25.5,23.4,30,2.5,.6,93,3,
261,해남,2025-09-16,27,22.5,31.4,.1,1.5,88.1,10.5,
261,해남,2025-09-17,26.2,23.3,31.1,8.1,1.8,89.5,4,
261,해남,2025-09-18,23.9,21,28.6,,1.2,83,3.4,
261,해남,2025-09-19,23.9,21.1,27.3,.1,3.6,77.6,4.7,
261,해남,2025-09-20,23.2,18.1,27,14.8,2.8,84.3,5,
261,해남,2025-09-21,21.7,17.1,28,,.8,83,8,
261,해남,2025-09-22,22.7,18.2,27.3,,3.6,69.3,7.3,
261,해남,2025-09-23,23.2,18,28.4,,3.3,65.4,9.5,
261,해남,2025-09-24,25.4,22,30.1,.2,2.3,85.1,3.3,
261,해남,2025-09-25,23.7,22.4,25.4,36.5,.6,96.5,0,
261,해남,2025-09-26,24,21.4,28.6,2,.7,89.6,2.1,
261,해남,2025-09-27,22.9,19.8,25.5,4.2,1.3,87.6,0,
261,해남,2025-09-28,23.6,20.7,27.8,4.3,1.8,86.5,1,
261,해남,2025-09-29,21.1,15.7,26,,1.2,81.4,5.2,
261,해남,2025-09-30,18.8,14.1,25.5,,.7,86.5,5,
262,고흥,2025-05-15,19.3,17.8,20.6,108.2,1.2,94.1,0,2.58
262,고흥,2025-05-16,18.6,17.4,20,77.6,1.6,96.4,0,2.25
262,고흥,2025-05-17,19.6,15.6,24.6,.1,2.4,83.6,6.2,22.22
262,고흥,2025-05-18,18.2,13.4,24.7,,2.8,66.1,11.5,27.94
262,고흥,2025-05-19,18.8,13.2,25,,1.5,76.6,7.1,21.89
262,고흥,2025-05-20,22.1,17.3,27.5,,1.2,85.8,1.3,14.81
262,고흥,2025-05-21,21.4,18.4,24,.6,1.2,91.1,.1,7.55
262,고흥,2025-05-22,19.6,16,25.9,,1.8,86.3,6.7,20.28
262,고흥,2025-05-23,18.3,15.9,21.1,,1.7,65.8,0,9.33
262,고흥,2025-05-24,16.7,14.3,20.2,1.3,1.5,74,0,7.01
262,고흥,2025-05-25,17.2,12.7,23.3,3.2,1.6,78.3,9.7,25.47
262,고흥,2025-05-26,17.8,10.6,26.1,,1.2,73.3,11.3,25.97
262,고흥,2025-05-27,18.7,10.7,27.1,,1.3,69.9,12.2,26.59
262,고흥,2025-05-28,19.2,11,26.9,,1.1,70.9,12.2,26.24
262,고흥,2025-05-29,18.7,13.2,28.8,16.6,1.3,79.4,9.5,24.47
262,고흥,2025-05-30,18.6,12.6,25.9,0,1.5,80.5,10.7,25.05
262,고흥,2025-05-31,18.7,12.2,24.7,,1.4,78.9,7.2,20.34
262,고흥,2025-06-01,19.9,12.8,27.5,,1.5,71,11.8,26.56
262,고흥,2025-06-02,17,13.8,21.1,8.6,1.4,87.4,0,7.19
262,고흥,2025-06-03,20.5,16,26.8,.4,3.7,67.5,12.3,28.95
262,고흥,2025-06-04,21.2,13.4,28.3,,3.2,48.3,12.6,30.13
262,고흥,2025-06-05,19.9,10.5,29.3,,1.7,57.5,11.8,28.88
262,고흥,2025-06-06,20.1,13.4,27.3,,.8,62.1,1.9,13.77
262,고흥,2025-06-07,21.7,14.5,27.5,,1.7,75.3,9.9,24.3
262,고흥,2025-06-08,22.2,17.9,29.2,,1.1,84.4,4.6,16
262,고흥,2025-06-09,21.8,16.7,27.9,0,.9,80.1,2,13.61
262,고흥,2025-06-10,22.6,15.1,28.6,0,1.7,75.4,5.2,17.84
262,고흥,2025-06-11,23.2,16.8,31.7,,1.9,58,12,29.28
262,고흥,2025-06-12,21.2,17.8,27.3,,1.1,75.8,2.5,15.3
262,고흥,2025-06-13,20.1,17.3,23.3,28.2,1.1,88.8,0,8.47
262,고흥,2025-06-14,23.8,20.3,27.5,25.5,1.5,92.9,.2,7.53
262,고흥,2025-06-15,24.4,20,29.8,6.5,1.3,85.9,4.8,17.48
262,고흥,2025-06-16,23.1,20.9,27.6,10.3,2.2,85.9,6.3,17.57
262,고흥,2025-06-17,23.4,18.5,29.4,,1.6,82.1,7.2,18.77
262,고흥,2025-06-18,23.5,17.6,30.5,,1.4,71.3,11.3,28.16
262,고흥,2025-06-19,22.8,16.9,27.6,,1.3,90.5,1.3,14.42
262,고흥,2025-06-20,24.9,23.2,28.5,.6,2.9,89.6,.7,11.21
262,고흥,2025-06-21,23.8,21.4,25,24.6,2.5,93,0,1.82
262,고흥,2025-06-22,22.1,17.8,28.8,0,1.2,82.3,5,19.92
262,고흥,2025-06-23,23.2,16.1,30.6,,1.1,73.9,12.6,28.51
262,고흥,2025-06-24,21,18.4,22.4,7.6,1.6,92.1,0,3.42
262,고흥,2025-06-25,22.8,19.4,28.9,.3,2,81.9,8.9,24.64
262,고흥,2025-06-26,23.6,17.6,30.4,,1.8,76.3,10.3,27.1
262,고흥,2025-06-27,25.4,18.3,32.3,,1.5,75.8,12.6,27.37
262,고흥,2025-06-28,27.2,23.6,32.2,,1.7,82,11,25.65
262,고흥,2025-06-29,27.2,23.4,32.1,.2,1.8,79.4,12,28.99
262,고흥,2025-06-30,27.3,23,32.9,,1.6,80.5,10.1,26.94
262,고흥,2025-07-01,28,23.6,33.1,,1.3,82.6,6.5,18.86
262,고흥,2025-07-02,28.7,24.3,34.1,,1.5,77.3,10.3,26.52
262,고흥,2025-07-03,27.9,23.1,34,,1.8,76.6,11.9,27.83
262,고흥,2025-07-04,27.1,22.3,32.7,,1.7,80.1,10.6,24.99
262,고흥,2025-07-05,27.7,23,32.8,,1.7,79.9,11.2,26.79
262,고흥,2025-07-06,28.8,24.9,34.2,,1.8,78,10.6,27.14
262,고흥,2025-07-07,29.4,22.9,36.1,,1.8,76,11.9,27.42
262,고흥,2025-07-08,28.3,24.6,35,,1.7,76,12,26.15
262,고흥,2025-07-09,27.7,22.9,34.2,,1.7,70.5,12.5,28.27
262,고흥,2025-07-10,28.2,23,34.1,,1.7,68.5,12.4,27.33
262,고흥,2025-07-11,27.9,23.4,34.2,,2.2,60.6,11,25.69
262,고흥,2025-07-12,27.4,23.9,33.1,,2,64.9,9.2,24.77
262,고흥,2025-07-13,24.1,21.3,27.6,10.1,1,87.8,0,4.81
262,고흥,2025-07-14,25.6,19.9,31.8,0,2.6,75.3,11.9,26.53
262,고흥,2025-07-15,25,22.6,29.4,.8,2.2,80,4,14.09
262,고흥,2025-07-16,24.7,22,26.6,9.7,1.7,87.1,0,4.21
262,고흥,2025-07-17,27,22,29.8,3.2,3.8,87.9,.4,9.13
262,고흥,2025-07-18,25.4,21.2,30.4,22.8,2.5,87.9,5.2,16.35
262,고흥,2025-07-19,26.3,24.3,29.8,21,3.6,88.6,1.2,12.06
262,고흥,2025-07-20,26.8,23.8,31.3,0,1.2,86.4,3.6,15.74
262,고흥,2025-07-21,28,24.6,32.6,1.1,1.7,84.4,7.8,24.21
262,고흥,2025-07-22,27.5,22.6,33.5,0,1.3,80.8,9.3,23.28
262,고흥,2025-07-23,27.6,21.3,35.1,,.8,76.6,10.5,24.07
262,고흥,2025-07-24,27.8,21.1,35,,1.1,76.4,11.8,25.4
262,고흥,2025-07-25,28.5,23,33.6,,1.6,77.1,11.9,27.12
262,고흥,2025-07-26,30,25.5,34.6,,2.2,71,11.6,25.66
262,고흥,2025-07-27,29.7,25.6,34.7,,2.1,69.9,11.6,26.86
262,고흥,2025-07-28,29.4,23.5,37.1,,1.3,72.3,12.1,27.42
262,고흥,2025-07-29,27.7,21.5,34.5,,1.3,77.8,12,27.73
262,고흥,2025-07-30,27.9,23.1,33.1,,1.6,77.9,8,21.77
262,고흥,2025-07-31,28.6,23.9,33.9,,1.4,74.5,11.6,27.76
262,고흥,2025-08-01,29.1,23,35.4,,1.1,77.3,10.1,22.31
262,고흥,2025-08-02,28.5,23.2,34.9,,1.1,77.9,8.1,20.84
262,고흥,2025-08-03,28.2,24.9,31.3,7.7,2.8,82.9,.7,11.32
262,고흥,2025-08-04,29.5,27.4,33.6,.7,2.8,80.1,8.2,22.27
262,고흥,2025-08-05,28.7,26,33.2,.4,1.9,83.6,4.7,16.62
262,고흥,2025-08-06,28.7,27.5,31.5,.5,2.5,85.1,1.2,10.22
262,고흥,2025-08-07,28.9,24.8,32.9,2,2.1,77.6,4.3,16.44
262,고흥,2025-08-08,26.6,21.9,33.7,,1.3,74,5.5,19.76
262,고흥,2025-08-09,23.7,22.9,26.4,43.7,1,92.9,0,2.84
262,고흥,2025-08-10,24.6,22.5,29,70.6,1.2,92.1,.5,7.87
262,고흥,2025-08-11,23,20.4,27.2,45.2,1.5,92.1,1.8,6.19
262,고흥,2025-08-12,22.5,20.5,24.3,47.3,1,96.3,0,2.61
262,고흥,2025-08-13,27.6,23.4,32.8,.1,1.7,86.9,8.7,20.76
262,고흥,2025-08-14,28.5,23.8,34,,1.4,81.5,10.3,23.55
262,고흥,2025-08-15,28.9,23.1,35.9,,1.3,77.6,11.8,26.4
262,고흥,2025-08-16,28.6,22.8,35.6,,1.2,76.1,11.7,26.12
262,고흥,2025-08-17,28.2,22.3,35.6,,1.4,78.6,11.3,24.21
262,고흥,2025-08-18,27.7,23.1,33.8,,1.2,82,5.7,17.83
262,고흥,2025-08-19,28.1,23.6,33,,1.4,80,9.6,21.88
262,고흥,2025-08-20,27.7,23.6,33.4,0,1.2,81.9,8,17.92
262,고흥,2025-08-21,27.8,23.6,34.4,,1.1,80.8,8.9,19.37
262,고흥,2025-08-22,28.6,23.5,34.7,,1.3,76.1,11.3,23.99
262,고흥,2025-08-23,28.3,23.4,34.6,,1.4,78.4,10.8,23.5
262,고흥,2025-08-24,28.4,23.3,34.5,,1.4,80.3,10.1,21.23
262,고흥,2025-08-25,28.8,24.4,34,,1.7,79.5,9,20.8
262,고흥,2025-08-26,29.1,25.8,33.8,2.3,2.1,80.6,7.4,19.28
262,고흥,2025-08-27,28.2,24.1,34.2,,1.2,78.1,10,20.95
262,고흥,2025-08-28,27.5,23.8,32.9,,1.1,81.5,6.9,16.58
262,고흥,2025-08-29,28.6,23.3,34.1,,1.4,77.9,10.5,22.43
262,고흥,2025-08-30,28.7,23.5,34.8,,1.2,76.8,11,22.71
262,고흥,2025-08-31,27.1,24.6,32.1,1.8,1.2,86.8,2.7,12.6
262,고흥,2025-09-01,27.6,23.8,32.5,,1.2,85.1,4.5,14.21
262,고흥,2025-09-02,28.1,24.2,33.8,,1.3,80.6,7.2,18.2
262,고흥,2025-09-03,27.3,22.9,32.7,,1.2,80.3,8.9,21.39
262,고흥,2025-09-04,28,22.9,34.3,,1.3,77.3,7.2,17.19
262,고흥,2025-09-05,27.7,23.7,33.7,,1.1,78.8,8.2,17.36
262,고흥,2025-09-06,28.2,23.4,33.4,,1.7,80.8,8.4,18.33
262,고흥,2025-09-07,27.3,25,33.3,10.9,1.5,87.1,4,11.06
262,고흥,2025-09-08,25.7,22.7,30.3,.8,.8,84.4,3.2,11.52
262,고흥,2025-09-09,22.2,20.7,24.7,5.1,1.7,87.9,0,5
262,고흥,2025-09-10,24.3,21.1,30.2,5,1.1,85.3,1.6,11.22
262,고흥,2025-09-11,25.6,19.2,30.8,,1.9,73.6,9.8,20.37
262,고흥,2025-09-12,26.1,23.6,30.4,0,2.1,77,2.2,12.78
262,고흥,2025-09-13,26.5,23.8,30.3,44.3,2,88,2.3,9.89
262,고흥,2025-09-14,25.6,21.2,31.4,.1,1.2,81,6.4,17.29
262,고흥,2025-09-15,25.4,23.1,30.7,4,.7,91.1,2.6,7.62
262,고흥,2025-09-16,27.1,23.3,32.4,,1.5,85.8,8.1,17.39
262,고흥,2025-09-17,26.2,23.2,32.3,5.3,1.8,87.8,4.7,12.85
262,고흥,2025-09-18,23.9,21,27.9,,1.4,81.3,.7,9.96
262,고흥,2025-09-19,23.7,20.7,27.3,,2,72,2.2,12.92
262,고흥,2025-09-20,23.3,17.1,27.6,5.8,2.2,82.6,4.6,13.45
262,고흥,2025-09-21,21.5,15.5,28.1,,1.3,77.3,8.5,18.17
262,고흥,2025-09-22,22.6,18.2,27.2,,2.1,64.8,5.8,16.7
262,고흥,2025-09-23,23.6,19,28.9,,1.9,63.1,9.3,21.03
262,고흥,2025-09-24,24.9,21.4,29.3,0,1,81.3,1,8.67
262,고흥,2025-09-25,23.5,21.7,25.2,27.6,.6,93.9,0,3.31
262,고흥,2025-09-26,24.6,21.8,29.7,0,.9,87,2,10.85
262,고흥,2025-09-27,23.4,20.8,27.5,10.4,1.3,84.9,2.3,12.66
262,고흥,2025-09-28,23.4,20.7,27.9,1.8,1.5,85.8,.9,7.3
262,고흥,2025-09-29,21,15.6,27.9,,1.6,78.1,5.1,15.38
262,고흥,2025-09-30,19.3,13.8,27,,.9,82.6,5.5,14.19
263,의령군,2025-05-15,20.4,16.1,23.1,2.7,1.6,89.8,0,6.43
263,의령군,2025-05-16,19.9,17.9,22.7,54.6,1.3,96.1,0,3.43
263,의령군,2025-05-17,21.6,17.2,28.2,.1,1.5,84.5,5.6,21.3
263,의령군,2025-05-18,19.6,14.4,25.8,,1.7,63.6,9.6,28.22
263,의령군,2025-05-19,19.6,12.5,26.7,0,3,71.5,10,27.4
263,의령군,2025-05-20,23.1,17.5,28.8,0,2.5,79.6,9.8,26.17
263,의령군,2025-05-21,22.9,18,27.1,,1,82.6,4.2,14.62
263,의령군,2025-05-22,18.8,14.7,25.1,1.2,1.3,89.6,3.1,9.57
263,의령군,2025-05-23,16.8,13.1,20.8,,1.5,65.5,1.6,14.28
263,의령군,2025-05-24,13.8,12,16.1,.5,2.2,78.9,0,5.07
263,의령군,2025-05-25,16.6,11.5,23.5,0,1.6,71,9.5,28.11
263,의령군,2025-05-26,17.5,10.1,24.9,,1.4,73.6,9,24.47
263,의령군,2025-05-27,17.5,10.8,26.2,.6,1.2,79.3,6.9,22.6
263,의령군,2025-05-28,18.6,11.7,26.8,,1.2,73.8,7,22.67
263,의령군,2025-05-29,18,10.9,26.5,0,1.4,70.4,9.5,25.02
263,의령군,2025-05-30,17.9,10.8,25.2,,1.7,67.4,11.6,29.12
263,의령군,2025-05-31,18.2,10.1,26.1,,1.3,68.8,9.3,23.67
263,의령군,2025-06-01,20.1,10.8,28.6,,1.4,66.6,10.8,27.29
263,의령군,2025-06-02,17.1,15.2,21,2.9,1.1,85.1,0,8.17
263,의령군,2025-06-03,20.6,15.1,27.6,.2,2,60.6,8.8,25.61
263,의령군,2025-06-04,20.2,10.5,28.6,,2.6,42.1,11.7,30.79
263,의령군,2025-06-05,20.1,9.7,28.9,,1.7,54.6,11.1,29.66
263,의령군,2025-06-06,19.3,14.3,27,,1.2,65.8,1.2,13.23
263,의령군,2025-06-07,21.2,12.1,29.8,,2,59.5,10.2,28.57
263,의령군,2025-06-08,23.1,17.7,28.8,,1.4,70.3,3.7,19.46
263,의령군,2025-06-09,22.3,17.6,29.1,,1.2,72.9,4.9,20.09
263,의령군,2025-06-10,23.3,15.5,31,,1.6,71.1,7.6,22.62
263,의령군,2025-06-11,23.3,16.2,31,,1.4,54.1,10.1,28.2
263,의령군,2025-06-12,21.8,16.3,28.6,,1.1,62,4.7,19.52
263,의령군,2025-06-13,18.5,14.9,21.8,43.7,.8,84,0,8.33
263,의령군,2025-06-14,20.5,17.7,24.5,54.7,.8,91.5,.1,7.92
263,의령군,2025-06-15,24.6,20.1,29.9,2.3,1.9,79.3,5.5,21.42
263,의령군,2025-06-16,23.5,20.5,27.2,3.3,2.4,80.9,2.8,10.94
263,의령군,2025-06-17,23.3,19.9,27.7,,2.1,76.3,7.1,22.23
263,의령군,2025-06-18,24.9,19.6,30.8,,1.6,66.8,11.1,27.78
263,의령군,2025-06-19,24.3,17.4,29.2,,1.6,73.3,7.9,21.69
263,의령군,2025-06-20,25.1,23.2,27.1,1.2,3.1,79,0,6.54
263,의령군,2025-06-21,22.7,17.8,25.3,61.7,3.1,85.6,0,5.1
263,의령군,2025-06-22,21.1,16.7,27.2,4,1.1,77.4,4,20.71
263,의령군,2025-06-23,22.6,16.2,30.6,,1.1,73.1,8.8,27.73
263,의령군,2025-06-24,19,15.9,21.2,11.1,.8,90,.8,5.16
263,의령군,2025-06-25,22.3,19.3,27.5,.8,1.9,79,4.7,20.49
263,의령군,2025-06-26,24.1,18.1,30.5,,1.5,71.1,10.3,27.61
263,의령군,2025-06-27,25.7,18.9,32.2,,1.3,69.4,11.6,27.56
263,의령군,2025-06-28,27.3,21,34.5,,1.5,72.6,10.6,27.55
263,의령군,2025-06-29,28,24,34.1,,1.7,70.4,8.1,25.99
263,의령군,2025-06-30,28.1,22.4,33.8,,1.7,70.9,10.9,27.04
263,의령군,2025-07-01,28.3,23.6,34,,1.6,73.4,7.7,23.18
263,의령군,2025-07-02,29.7,24.3,35.4,,1.6,74.3,9.1,24.92
263,의령군,2025-07-03,29.2,24.5,34.8,,1.7,74.5,11,27.53
263,의령군,2025-07-04,27.7,22.1,33.3,,1.7,75.8,10.4,25.97
263,의령군,2025-07-05,28.3,22.6,34.2,,1.8,75.1,11.7,28.19
263,의령군,2025-07-06,28.9,22.5,35.5,,1.2,75.5,11.3,27.09
263,의령군,2025-07-07,30.1,23.2,36.9,,1.3,73.5,11.1,27.3
263,의령군,2025-07-08,28.8,23.9,33.6,,1.6,74.8,9.4,23.22
263,의령군,2025-07-09,28,21.5,34.3,,1.6,61.8,10.2,26.34
263,의령군,2025-07-10,27.1,21.6,32.7,,2.3,65.1,8.4,24.01
263,의령군,2025-07-11,26.7,23,32,,3,61,10.5,26.16
263,의령군,2025-07-12,26.6,21.2,32.2,,1.8,67.3,10.3,26.17
263,의령군,2025-07-13,23.6,20.1,28.8,42.2,.9,85.5,1.7,7.83
263,의령군,2025-07-14,24.1,19.1,30.8,11.3,1.4,78,8.8,25.18
263,의령군,2025-07-15,23.2,19.1,27.2,0,1.3,81.4,1.2,14.42
263,의령군,2025-07-16,22.3,20.7,23.8,6.7,.8,94.3,0,3.84
263,의령군,2025-07-17,22.4,20.9,27.6,115.1,1.1,97.1,0,4.56
263,의령군,2025-07-18,23.7,20.4,28.8,39.3,1.1,94.3,2,13.06
263,의령군,2025-07-19,22,20.1,24.1,214.6,1.5,98.6,0,2.57
263,의령군,2025-07-20,25.2,20.6,30.9,,1.2,88.3,5.9,20.45
263,의령군,2025-07-21,25.1,22,28.6,4.8,.9,93.3,2.4,13.15
263,의령군,2025-07-22,27.1,22.1,33,,1.1,83,9.4,17.5
263,의령군,2025-07-23,27.1,21.4,34.2,,.7,82,10.2,17.25
263,의령군,2025-07-24,27,21.4,33.8,,1,82.8,9,17.45
263,의령군,2025-07-25,27,21.3,33,,1.5,80,10.5,24.23
263,의령군,2025-07-26,27.3,21.7,32.6,,1.4,81.4,8.7,23.73
263,의령군,2025-07-27,27.5,22.5,33.2,,1.4,77.3,9.7,25.59
263,의령군,2025-07-28,27.8,21.3,34.7,,1,78,11.3,28.14
263,의령군,2025-07-29,26.7,19.7,34.4,,1.2,78.5,11,27.77
263,의령군,2025-07-30,25.8,19.2,33.7,,1.5,76.4,10.2,25.76
263,의령군,2025-07-31,26.6,20.6,34.5,,1.2,76.9,9.6,26.36
263,의령군,2025-08-01,27.8,20,35.8,,.9,76.9,11.2,27.39
263,의령군,2025-08-02,28.7,23.3,35.9,,1.1,81.1,7.6,24.54
263,의령군,2025-08-03,27.1,24.7,31.8,46.6,1.3,85.5,.5,12.62
263,의령군,2025-08-04,28.1,25.3,32.1,67.8,2.6,85.6,2.8,15.73
263,의령군,2025-08-05,27.6,24.6,31.9,21.1,1.8,86.6,4,17.73
263,의령군,2025-08-06,27.8,25.3,30.3,.5,2.7,84.4,2,12.83
263,의령군,2025-08-07,27.2,21.6,31.8,.3,1.6,79.5,7,20.52
263,의령군,2025-08-08,24.5,19,30.3,,.9,80.9,5.4,19.29
263,의령군,2025-08-09,23.1,21.3,27.1,18,.8,91.6,.2,6.61
263,의령군,2025-08-10,23.6,20.5,28,28.7,1,89.9,1.5,13.49
263,의령군,2025-08-11,22.4,19,28.3,29.1,.9,93.5,1.7,10.09
263,의령군,2025-08-12,21.5,19.6,22.9,25.7,.6,96,0,3.83
263,의령군,2025-08-13,26.5,22.3,31,2,1.6,85.8,5.9,19.51
263,의령군,2025-08-14,27.9,23.5,33.1,,1.6,82.1,7.6,22.76
263,의령군,2025-08-15,27.2,22.5,33.7,0,.9,85.9,7.2,23.46
263,의령군,2025-08-16,27.8,22.7,34.3,,1.2,82,7.8,24.44
263,의령군,2025-08-17,27.3,21.6,34.3,,1.1,80.1,9.7,25.77
263,의령군,2025-08-18,28,22.4,33.3,,1.4,78.6,8.2,22.97
263,의령군,2025-08-19,28.3,23.2,33.5,,1.7,77.3,10.6,25.23
263,의령군,2025-08-20,27.4,22.6,33.3,,1.7,79.5,10.1,24.29
263,의령군,2025-08-21,27.8,22.3,34.5,,1.1,80.8,9.9,24.6
263,의령군,2025-08-22,28.1,23.3,35,,1.1,82.6,9.2,23.41
263,의령군,2025-08-23,28.4,23.3,35,,1.2,78.6,10.8,24.88
263,의령군,2025-08-24,28.5,23.1,35.2,,1.2,78.4,10.2,24.1
263,의령군,2025-08-25,28.7,24,34.3,,1.9,75.5,9.2,23.43
263,의령군,2025-08-26,27.4,23.8,32.1,0,1.9,81.4,6.3,15.85
263,의령군,2025-08-27,26.9,22.3,33.3,,1.1,78.4,8.8,23.56
263,의령군,2025-08-28,26.5,21.2,32.9,,1,79.3,7,20.55
263,의령군,2025-08-29,28.4,22.7,34.6,,1.4,77.1,10,23.39
263,의령군,2025-08-30,28.7,22.6,35.7,,1.1,74.8,10.6,23.69
263,의령군,2025-08-31,26,22.9,30.6,.8,1.1,88,3.2,12.36
263,의령군,2025-09-01,26.1,24,29.4,18.2,1.7,86.9,1.6,9.93
263,의령군,2025-09-02,26.7,23.3,32,.1,1.1,85.5,3.6,14.78
263,의령군,2025-09-03,26.1,22.7,32,,1.1,84.3,6.3,19.52
263,의령군,2025-09-04,25.7,21.1,32.6,3.4,1.1,85.8,7.3,19.81
263,의령군,2025-09-05,26.4,21.7,32.8,0,.9,83.1,7.8,20.48
263,의령군,2025-09-06,26.8,21.6,31.7,0,1.9,83.3,6.1,18.92
263,의령군,2025-09-07,26.2,23.5,30.4,.5,1.5,87,1.6,9.6
263,의령군,2025-09-08,24.6,21.4,29.5,0,1,84.1,2.7,13.48
263,의령군,2025-09-09,19.5,17.5,21.4,38.8,1.3,91.4,.2,5.67
263,의령군,2025-09-10,21.6,18.9,25.9,.6,1.2,88.3,.3,9.99
263,의령군,2025-09-11,22.4,16.8,28.1,,1.5,80.6,4.5,16.96
263,의령군,2025-09-12,23,19.9,26.2,0,1.1,83.8,.1,8.22
263,의령군,2025-09-13,25.5,21.6,30.7,8.2,1.7,84.4,1.4,9.26
263,의령군,2025-09-14,25.1,21.8,30.3,0,1.1,79.3,4.3,16.42
263,의령군,2025-09-15,25,21.5,28.6,0,.8,78.9,2.1,11.55
263,의령군,2025-09-16,26,21.3,32.1,,1.4,83,6.1,16.79
263,의령군,2025-09-17,24.6,21.9,31.7,4.7,1.4,88.1,5.3,12.79
263,의령군,2025-09-18,21.5,19,24.9,,1.5,81.4,1.1,9.1
263,의령군,2025-09-19,21,17.7,25,,1.1,76.1,2.6,13.98
263,의령군,2025-09-20,21.9,16.5,27.8,4.8,1.9,80.6,4.9,13.71
263,의령군,2025-09-21,19.2,14.2,26.1,,1.5,77.3,6.8,17.86
263,의령군,2025-09-22,19.4,14.3,25.1,,1.5,73,4.9,15.04
263,의령군,2025-09-23,20.7,16.1,27,,1.1,70.5,6,17.2
263,의령군,2025-09-24,22.3,17.8,26.7,9,.6,83,.7,9.64
263,의령군,2025-09-25,22.6,20.4,24.9,2.9,.6,91.9,0,4.9
263,의령군,2025-09-26,22.9,19.4,29,,1.2,76.6,9,20.48
263,의령군,2025-09-27,22.5,18.9,28.2,.5,1,74.9,7.3,18.48
263,의령군,2025-09-28,21.1,18.8,24.5,6.9,1,86,.3,7.75
263,의령군,2025-09-29,20.7,17.4,26.6,,.8,79.3,3.9,13.92
263,의령군,2025-09-30,19.6,15.9,24.6,,.8,80.8,2.7,11.52
264,함양군,2025-05-15,18.9,14.7,25.2,.9,.8,81.8,.2,9.58
264,함양군,2025-05-16,18,16.5,21,46.1,.9,89.4,0,3
264,함양군,2025-05-17,21.2,16.4,27.1,0,2.8,66.9,9.6,27.67
264,함양군,2025-05-18,17.9,10.9,25.3,,2.2,45.1,11.3,29.19
264,함양군,2025-05-19,19,9.2,27.7,,1.7,63.4,10.3,25.88
264,함양군,2025-05-20,24,15.7,32.2,,1.9,69.3,11.5,28.28
264,함양군,2025-05-21,23.2,19.1,28.1,,1,76.6,1.9,14.91
264,함양군,2025-05-22,22.4,17.5,30.5,0,1.7,71.9,5.2,20.1
264,함양군,2025-05-23,18.4,14.7,23,,1.6,53.9,1.8,17.53
264,함양군,2025-05-24,15.3,13.5,18.1,0,1.4,62.1,0,6.25
264,함양군,2025-05-25,18.3,12.2,26,0,1.5,56.3,12.2,29.59
264,함양군,2025-05-26,17.8,9.4,26.6,,1.1,57,10.4,25.51
264,함양군,2025-05-27,18.8,9.9,27.6,,1.5,55.4,11.3,26.26
264,함양군,2025-05-29,,,,4.4,,,,
264,함양군,2025-05-30,18.3,12,27,,1,64.3,8.6,23.99
264,함양군,2025-05-31,18.7,9,29.8,,1,58.3,8.7,23.15
264,함양군,2025-06-01,20.7,11.6,30,,.9,59.9,10.8,27.43
264,함양군,2025-06-02,17.8,15.7,21.7,3.5,.9,74.4,0,7.43
264,함양군,2025-06-03,20.6,15,26.1,.1,2.6,43.5,10.6,28.04
264,함양군,2025-06-04,20.6,10.8,27.4,,3.5,39,12.4,31.72
264,함양군,2025-06-05,19.7,10.1,28.4,,1.8,55.3,12,30.47
264,함양군,2025-06-06,20.3,13.6,28.7,,1.2,59.6,3.3,16.65
264,함양군,2025-06-07,22.4,12,32.3,,1.1,58.5,10.6,29.49
264,함양군,2025-06-08,23.5,17.8,30.4,,1,71,5.5,21.71
264,함양군,2025-06-09,24,17.9,31.6,,1,73.8,6.6,21.21
264,함양군,2025-06-10,24.6,17.7,31.2,,2.1,60.1,7,23.26
264,함양군,2025-06-11,23.5,15.5,31.1,,1.6,45.8,11.4,31.21
264,함양군,2025-06-12,22.6,16.4,30.5,,1.1,60.3,6.4,22.82
264,함양군,2025-06-13,19.3,17.1,22.7,20.5,.7,82.1,.1,7.83
264,함양군,2025-06-14,22.3,18.6,28.8,44.8,.7,86.6,1.5,11.3
264,함양군,2025-06-15,25.8,20,32.2,3.2,1.1,76.5,6.4,21.11
264,함양군,2025-06-16,23.9,19.2,28.4,11,1.5,81.6,4.9,15.08
264,함양군,2025-06-17,23.5,17.6,30.1,,.9,78.5,4.4,18.25
264,함양군,2025-06-18,25.1,18.5,32.3,,1.5,65.1,12.9,29.75
264,함양군,2025-06-19,24.6,17.5,31.3,,1,75.1,7.9,23.49
264,함양군,2025-06-20,24.5,22.3,28.6,1.2,.8,84.5,0,6.57
264,함양군,2025-06-21,22.6,18.2,27,111.1,1.1,86.1,0,3.37
264,함양군,2025-06-22,21.7,17.3,27.5,2.6,1.1,74.1,5.9,20.94
264,함양군,2025-06-23,23.5,15.6,31.9,,.9,69.8,11.6,30.57
264,함양군,2025-06-24,19.8,17.5,22.5,10,.8,92.1,.1,5.81
264,함양군,2025-06-25,22.7,19.5,28.1,.2,1.7,77.5,6,19.96
264,함양군,2025-06-26,24.6,19.1,29.6,,2.3,65.8,10.2,27.93
264,함양군,2025-06-27,27,20.5,33.4,,1.7,64.6,12.7,28.2
264,함양군,2025-06-28,27.1,20.9,35.5,0,1,76.1,8.8,25.67
264,함양군,2025-06-29,28.8,23,35,,1.5,67.3,12.1,30.54
264,함양군,2025-06-30,28.4,22.1,34.8,,1,72.3,8.4,22.57
264,함양군,2025-07-01,28.6,23,34.6,,1.4,75.9,7.6,22.76
264,함양군,2025-07-02,29.6,23.2,35.9,,1.5,71.8,12.7,30.34
264,함양군,2025-07-03,28.9,24,34.7,,1.8,69.5,12.9,29.29
264,함양군,2025-07-04,27.9,21.4,33.5,,2.4,66.3,10.8,27.91
264,함양군,2025-07-05,28.9,25.3,33.9,,2.8,66.1,12.1,29.92
264,함양군,2025-07-06,29,24.8,34.3,,2.4,67.6,12,28.01
264,함양군,2025-07-07,29.7,22.9,37.4,,1,72,11.8,27.98
264,함양군,2025-07-08,28.9,24.7,34.5,.4,1.3,77.9,9.9,26.45
264,함양군,2025-07-09,27.9,21.4,34.7,,1.3,58.3,12.5,29.79
264,함양군,2025-07-10,27.1,20.4,33.4,,1.4,57.4,9.3,26.11
264,함양군,2025-07-11,26.5,19.9,33.4,,1.7,54.3,12.6,29.4
264,함양군,2025-07-12,26.4,19.3,33,,1.2,66.6,12.1,29.23
264,함양군,2025-07-13,24.6,20.2,30.4,27.9,.8,78.8,2.2,10.91
264,함양군,2025-07-14,24.6,18.9,31,6.4,2.1,71.6,8.7,25.3
264,함양군,2025-07-15,23.3,20.5,25.8,.2,2,79.1,1.2,14.64
264,함양군,2025-07-16,21.9,20,23.5,5.7,.5,90.8,0,4.05
264,함양군,2025-07-17,22.2,21,25.8,156,.9,90.9,0,3.38
264,함양군,2025-07-18,24.2,20.5,30.6,9.5,1.4,86.4,3.2,17.79
264,함양군,2025-07-19,22.3,21.5,23.5,165,1.1,91.3,0,1.89
264,함양군,2025-07-20,25.9,21.3,32.4,,.8,83.5,4.9,21.11
264,함양군,2025-07-21,25.5,22.3,30.8,20.3,.6,86.3,1.5,13.31
264,함양군,2025-07-22,27.3,22.6,35.4,,.7,80.4,7.4,24
264,함양군,2025-07-23,28.3,23.8,34.8,,.5,78.6,9.8,26.87
264,함양군,2025-07-24,27.8,23.1,35.3,,.5,76.5,9.7,26.76
264,함양군,2025-07-25,27.8,21.3,34.3,,1.4,74.6,12.4,29.01
264,함양군,2025-07-26,28.5,22.3,33.9,,1.5,73.9,11.7,28.93
264,함양군,2025-07-27,28.9,23.7,34.2,,1.5,72.3,11,27.38
264,함양군,2025-07-28,28.9,22.2,36.4,,1,72,12.1,28.82
264,함양군,2025-07-29,28.3,23.2,34.8,,1.2,70.4,10.7,28.6
264,함양군,2025-07-30,27.1,19.9,33.9,,1.4,68,11.1,27.38
264,함양군,2025-07-31,27.4,22,34.5,,1.2,69.8,11,27.71
264,함양군,2025-08-01,28,20.2,36.2,,.8,71.1,11.5,28.02
264,함양군,2025-08-02,28.8,22.8,37,0,1,74.3,9.5,25.45
264,함양군,2025-08-03,26.1,23.6,30.3,88.4,1.1,84.4,0,7.81
264,함양군,2025-08-04,26.8,24.3,32.2,106.9,.9,92.3,1.6,10.62
264,함양군,2025-08-05,28.7,24.5,32.7,.5,1.2,88.1,5.4,17.37
264,함양군,2025-08-06,27.2,24.8,30.1,2.3,1.3,95.3,.8,8.93
264,함양군,2025-08-07,27.7,22.9,32.7,.3,2.3,78.4,6.4,19.29
264,함양군,2025-08-08,24.6,19.6,30.8,,.9,77.1,5,19.77
264,함양군,2025-08-09,23,20.8,27.1,8,.7,89.6,.1,7.09
264,함양군,2025-08-10,25.3,21.3,31.1,46.9,1,85.3,4.4,18.87
264,함양군,2025-08-11,23.5,20.1,28.8,6.5,1,88.9,.7,9.75
264,함양군,2025-08-12,22.2,20,24,9.7,.8,91.5,0,5.6
264,함양군,2025-08-13,26.1,22.8,32.3,,.9,86.3,5.6,19.28
264,함양군,2025-08-14,27.2,21.5,33.1,,1.4,80.8,8.8,23.31
264,함양군,2025-08-15,28.4,22.3,34.7,,1.2,76.8,10.9,27.11
264,함양군,2025-08-16,27.7,23,34.6,,1.3,78.1,10.2,26.8
264,함양군,2025-08-17,27.1,22.1,33.8,,1.6,84,10,26.69
264,함양군,2025-08-18,27.9,22.1,34.1,,1.3,81.4,10.5,26.19
264,함양군,2025-08-19,28.9,23.4,34.3,,1.5,79.5,11.4,26.62
264,함양군,2025-08-20,27.8,23,33.4,,1,85,7.5,20.26
264,함양군,2025-08-21,28.2,23.5,35,0,1,81.5,7.8,21.44
264,함양군,2025-08-22,29,23.8,35.1,,1.3,75.8,9.7,23.87
264,함양군,2025-08-23,28.5,22.4,35.9,,1.1,71.5,11.4,26.55
264,함양군,2025-08-24,28.5,23.1,35.5,,1,74,9.4,22.04
264,함양군,2025-08-25,28.5,22.9,34.6,,1.2,75,7.9,19.45
264,함양군,2025-08-26,25.5,23.5,30,7,1,87.5,.7,8.59
264,함양군,2025-08-27,26.8,22.7,33.4,,.8,77,8.9,22.93
264,함양군,2025-08-28,27.1,22.8,34.2,,.9,79.3,6.6,20.54
264,함양군,2025-08-29,28.3,23.1,34.5,,1.5,75.1,10.4,24.53
264,함양군,2025-08-30,28.2,22.1,35.3,,1.2,71.9,11.2,25.55
264,함양군,2025-08-31,25.5,22.7,31.8,6.3,.8,87.6,3.3,12
264,함양군,2025-09-01,26.7,22.6,31.6,0,.9,85.5,2.4,15.02
264,함양군,2025-09-02,26.2,22.5,31,1.3,1.3,82.1,4.4,16.17
264,함양군,2025-09-03,26.1,20.9,32.4,0,.9,81.6,5.7,19.08
264,함양군,2025-09-04,27.2,22.1,32.5,0,.9,79.6,6,18.76
264,함양군,2025-09-05,27.6,22.4,33.8,2.5,1.1,78.9,8.8,22.41
264,함양군,2025-09-06,27.6,24.2,32.4,,1.3,80.8,6.1,17.82
264,함양군,2025-09-07,25.3,23.4,28.2,13,.9,89.1,0,5.36
264,함양군,2025-09-08,22.2,18.1,26.9,16.8,.8,79.6,2,10.3
264,함양군,2025-09-09,19.2,18.2,20.7,80.7,.8,92.5,0,3.19
264,함양군,2025-09-10,22.6,19.3,28.5,2.5,.7,88.4,2.3,14.16
264,함양군,2025-09-11,22.7,18.4,29,,1.1,81.8,4.5,17.21
264,함양군,2025-09-12,22.2,19.7,24.5,6.5,.7,89,0,3.9
264,함양군,2025-09-13,25.2,21.7,30.5,23.4,1.5,86.4,2.4,11.3
264,함양군,2025-09-14,25.4,21.1,30.5,,1.2,76.5,4.8,17.29
264,함양군,2025-09-15,24.1,21.1,27.7,1.5,.5,90.6,.7,8.51
264,함양군,2025-09-16,26.4,22,32.8,,1.3,90,7.6,19.91
264,함양군,2025-09-17,25.1,21.9,31.8,4.4,1.5,94.1,3.3,11.9
264,함양군,2025-09-18,22.1,18.4,27.5,2.5,1.3,94.3,.8,11.27
264,함양군,2025-09-19,20.8,17.4,24.5,.3,1.2,93,.8,10.3
264,함양군,2025-09-20,21.6,16.3,25.8,4,2.1,92.1,3.3,13.13
264,함양군,2025-09-21,19.6,14.1,27.3,,1,89.3,6.6,17.8
264,함양군,2025-09-22,19.2,14.5,25.5,,.9,90.1,3.8,13.96
264,함양군,2025-09-23,20.4,15.9,26.9,,.9,85.8,7,18.14
264,함양군,2025-09-24,22.8,18.1,26.9,0,.7,93.8,1.1,9.54
264,함양군,2025-09-25,22.4,20.3,25.1,3.9,.7,100,0,5.37
264,함양군,2025-09-26,23.5,19.6,30.2,0,.8,85.6,8.8,20.09
264,함양군,2025-09-27,23.1,19.4,28.9,0,1.1,88.1,7.7,18.16
264,함양군,2025-09-28,21.9,20,25.8,4,1.8,95.3,.5,6.87
264,함양군,2025-09-29,20.5,16.1,26.4,,1.7,86.3,4.8,16.01
264,함양군,2025-09-30,18.3,13.9,25.5,,.8,90.5,6.1,15.25
266,광양시,2025-05-15,19.2,18.2,20.8,20.9,.8,92,0,3.31
266,광양시,2025-05-16,18.3,17.2,19.9,65.3,1.7,97.3,0,2.38
266,광양시,2025-05-17,20.8,16.4,26,.6,2.1,81.6,8.7,26.17
266,광양시,2025-05-18,18.9,14.6,25.5,,1.8,60,10.6,26.98
266,광양시,2025-05-19,19,13.4,24.4,,1.4,73.3,7.7,20.46
266,광양시,2025-05-20,22.7,17.6,28.9,0,1.4,83,4.6,20.14
266,광양시,2025-05-21,22.6,19.2,25.4,,1.2,85.6,1.9,9.36
266,광양시,2025-05-22,19.7,16.4,23.3,.8,1.2,88.9,.8,8.79
266,광양시,2025-05-23,18.4,14.9,20.9,.2,2.8,59.5,2.4,12.5
266,광양시,2025-05-24,15.6,13,18,.4,2.4,72.3,0,5.51
266,광양시,2025-05-25,17.2,12.3,23.3,.4,1.3,78.1,8.6,25.3
266,광양시,2025-05-26,18.5,12.9,25,,1.1,73.6,12,26.53
266,광양시,2025-05-27,19.8,13.6,26.6,,1.1,71,12,26.38
266,광양시,2025-05-28,20.5,14.6,26.8,,1.2,65.4,11.7,26.16
266,광양시,2025-05-29,19.2,14.4,26.8,1.3,1.3,71.4,8.3,21.1
266,광양시,2025-05-30,19.2,13.4,25.6,,1.3,72.3,11.2,25.09
266,광양시,2025-05-31,20.2,14,26,,1.3,73.1,8.2,21.54
266,광양시,2025-06-01,21.7,15.6,28.2,,1.3,68.3,12,26.69
266,광양시,2025-06-02,18.1,15.7,21.4,5.6,1.2,85,0,6.46
266,광양시,2025-06-03,21.3,15.9,27.5,,1.8,58.9,11.4,28.51
266,광양시,2025-06-04,21.7,14.1,28.8,,2.3,38.8,12.4,30.68
266,광양시,2025-06-05,21.8,14.8,29.4,,1.6,50,11.3,27.72
266,광양시,2025-06-06,21.1,17,26.8,0,1,58.1,2.4,12.9
266,광양시,2025-06-07,22.5,16.3,29.1,,1.4,66.9,9.7,27.33
266,광양시,2025-06-08,23.4,20,29.4,,1.2,76.6,5.2,20.45
266,광양시,2025-06-09,23.3,19.3,28.3,,1,74.9,3.8,18.49
266,광양시,2025-06-10,24.4,18.6,30.4,,1.7,69.1,7.1,20.8
266,광양시,2025-06-11,24.3,18.7,31,,1.4,52.5,10.9,27.93
266,광양시,2025-06-12,22.5,19.4,27.2,,1.3,65.8,4.2,17.68
266,광양시,2025-06-13,20.1,18.3,22.3,36.2,1.3,85.4,0,8.24
266,광양시,2025-06-14,22.5,19.4,25.7,73.2,1,94.9,.5,7.34
266,광양시,2025-06-15,24.8,22.2,29.6,8.5,1.1,84.6,6.4,21.05
266,광양시,2025-06-16,23.4,21.8,27.8,6.9,1.8,87.6,4.6,14
266,광양시,2025-06-17,23.7,19.6,28.6,,1.3,82.3,7.1,19.88
266,광양시,2025-06-18,25,19.8,30.8,,1.3,71.5,11.9,28.73
266,광양시,2025-06-19,23.9,18.9,29.2,0,.9,84.1,2.3,14.62
266,광양시,2025-06-20,24.5,23,26.6,2.1,1.6,92.6,0,6.74
266,광양시,2025-06-21,23.2,21.1,24.2,48.5,1.5,97.1,0,1.81
266,광양시,2025-06-22,22.4,19.6,28.4,.9,1,81.3,4,18.2
266,광양시,2025-06-23,24.3,18,30.6,,1.1,70.4,12.3,29.36
266,광양시,2025-06-24,21.1,19.2,22.9,6.3,2.2,85.1,.1,5.04
266,광양시,2025-06-25,22.8,19.7,28.3,.1,1.9,84.8,5.4,19.16
266,광양시,2025-06-26,24.8,19.3,31,,1.8,68.4,10.4,26.93
266,광양시,2025-06-27,26.5,20.7,32,,1.4,69.9,11.9,27.46
266,광양시,2025-06-28,27.7,22.9,32.8,,1.2,80.1,11.7,27.86
266,광양시,2025-06-29,28,23.9,33.1,,1.6,79.3,11,28.99
266,광양시,2025-06-30,27.9,24,33,,1.5,79.6,12.2,29.1
266,광양시,2025-07-01,28.2,24.4,33.1,,1.4,82.3,6.3,22.72
266,광양시,2025-07-02,29.6,25.5,34.5,,1.6,78,12.4,29.11
266,광양시,2025-07-03,29.1,25,34.1,,1.8,73.5,12.4,28.58
266,광양시,2025-07-04,27.6,22.9,32.8,,1.9,77.4,11.1,25.18
266,광양시,2025-07-05,28.2,23,33.7,,1.9,75.4,10.7,27.16
266,광양시,2025-07-06,29.7,24.3,35.3,,2,71.6,12.1,29.2
266,광양시,2025-07-07,30.4,24.6,36.3,,1.3,71.5,11.8,27.53
266,광양시,2025-07-08,29.9,26.5,34.2,,2,73.4,10.1,24.02
266,광양시,2025-07-09,29.4,25.6,34.3,,2.3,60.4,11.7,28.08
266,광양시,2025-07-10,29.1,25.7,34.2,,2.7,56.6,10.7,27.03
266,광양시,2025-07-11,28.5,25.2,33.5,,3.5,53,10.8,26.78
266,광양시,2025-07-12,27.6,23.7,33.2,,2.6,61.4,10.4,25.97
266,광양시,2025-07-13,25,21.9,28.4,34.4,1.2,83.1,.2,7.85
266,광양시,2025-07-14,25.8,20.1,32,12.8,1.9,71.6,11.9,27.86
266,광양시,2025-07-15,24.6,21.3,28.9,.6,1.8,81.5,2.3,15.56
266,광양시,2025-07-16,24,23.3,26,10.2,1,90.8,0,3.96
266,광양시,2025-07-17,24.8,21.6,28.1,67,1.9,95.4,0,5.32
266,광양시,2025-07-18,24.8,21.1,28.1,35.4,1.5,92.8,2.8,11.48
266,광양시,2025-07-19,24.9,23.5,26.9,103.7,1.9,97.4,0,4.33
266,광양시,2025-07-20,27,23.5,31,,1,83.8,3.3,17.32
266,광양시,2025-07-21,26.5,24.7,30.7,44.6,.9,92.8,3.4,14.74
266,광양시,2025-07-22,27.4,23.4,31.6,,1.1,82.3,9.1,20.74
266,광양시,2025-07-23,28.9,23.3,34.3,,1,73.4,12.5,28.99
266,광양시,2025-07-24,29,23.7,34.5,,1.2,73.5,12.1,28.34
266,광양시,2025-07-25,29.4,25.8,33.4,,2.3,70.4,12.4,28.5
266,광양시,2025-07-26,29.5,26.6,33.4,,2.8,69.9,12,27.34
266,광양시,2025-07-27,29.5,26.8,33.5,,2.7,70.4,10.6,26.29
266,광양시,2025-07-28,30,25.4,35.3,,1.2,69.9,12.4,28.1
266,광양시,2025-07-29,29.1,24.3,33.8,,1.7,68.9,12.4,28.38
266,광양시,2025-07-30,28.7,24.8,33.4,,2.1,64.3,11.5,27.76
266,광양시,2025-07-31,29.1,25.2,33.9,,2,67.5,10.6,27.12
266,광양시,2025-08-01,29.6,23.6,35.4,,1.3,70.4,12.2,27.41
266,광양시,2025-08-02,30,25.7,35.1,,1,78,7.2,22.95
266,광양시,2025-08-03,28.6,26.7,32.1,11.7,1.9,82.3,1.3,12.67
266,광양시,2025-08-04,29.2,27,33.3,5.5,2.2,85.8,3.4,17.36
266,광양시,2025-08-05,28.3,26.3,32.8,5.6,1.6,87.5,4.7,17.53
266,광양시,2025-08-06,28.3,26.9,29.9,2.6,2.2,88.1,.9,10.09
266,광양시,2025-08-07,28.7,25.2,32.6,,1.6,76.6,6.7,20
266,광양시,2025-08-08,26.8,22.4,31.7,,1,71.8,5.9,19.08
266,광양시,2025-08-09,23.6,21.5,27.6,46,.9,91.5,.1,4.28
266,광양시,2025-08-10,24.2,21.5,28,50,1.1,91.5,.7,9.72
266,광양시,2025-08-11,23.1,20.4,27.1,18.9,1.6,89.8,1.7,8.34
266,광양시,2025-08-12,22.1,20,23.9,61.9,1,96.4,0,3.77
266,광양시,2025-08-13,27.1,23.2,31.7,5.7,1.3,90.4,5.9,18.84
266,광양시,2025-08-14,28.5,24.8,33,,1.4,82.9,10,25.58
266,광양시,2025-08-15,29.3,24.4,34.8,,1,78.4,11.4,25.92
266,광양시,2025-08-16,29.1,24.9,34.6,,1.1,78.4,11.7,26.89
266,광양시,2025-08-17,28.7,23.8,33.5,,1.2,76,11.8,26.16
266,광양시,2025-08-18,28.6,24.6,33.5,,1.4,79.4,6.2,20.43
266,광양시,2025-08-19,28.6,25.3,32.6,,1.5,80,9.5,22.47
266,광양시,2025-08-20,28.3,25,33.1,,1.4,80.3,9.1,22.86
266,광양시,2025-08-21,29.1,24.2,34.7,,1.1,74.6,11.6,25.03
266,광양시,2025-08-22,29.1,25.3,34.8,0,1.1,78,8.3,20.52
266,광양시,2025-08-23,29.3,24.6,34.5,,1.5,76.6,11.5,25.54
266,광양시,2025-08-24,29.5,25.4,35.1,,1.3,77.9,10.5,24.3
266,광양시,2025-08-25,29.3,25.5,34,,1.5,77.9,10.4,23.91
266,광양시,2025-08-26,28.3,24.6,32.4,21.6,1.5,85.1,5.7,18.7
266,광양시,2025-08-27,28.5,24.6,33.8,,1.2,76.6,9.9,22.5
266,광양시,2025-08-28,27.9,24.8,32.6,,1.1,80,7.4,19.14
266,광양시,2025-08-29,29.3,25,34.3,,1.4,77.9,9.8,23.09
266,광양시,2025-08-30,29.7,25,35.4,,1.2,74.5,11.3,24.86
266,광양시,2025-08-31,26.7,23.9,31.6,12.9,.9,89,1.6,9.97
266,광양시,2025-09-01,27.1,24.4,30.5,.8,1,89.4,1.8,11.42
266,광양시,2025-09-02,27.2,25,31.8,8.9,1,88.9,5.7,16.11
266,광양시,2025-09-03,27.7,24.2,32.3,,1.5,79.9,9.7,23.07
266,광양시,2025-09-04,28.6,25.3,34.2,,1.9,73.6,8.3,20.4
266,광양시,2025-09-05,28.3,24.4,33.4,,1.2,76.1,9.8,22.24
266,광양시,2025-09-06,27.8,24.4,32.9,.3,1.3,84.3,4,14.81
266,광양시,2025-09-07,26.3,24.2,31.2,58.8,1.1,91.6,1.6,7.59
266,광양시,2025-09-08,25.7,23.4,29.8,0,1,80.4,4.3,13.02
266,광양시,2025-09-09,21.6,19.9,23.6,40,1.8,89.4,0,4.26
266,광양시,2025-09-10,24.3,20.9,28.5,,1.9,80.8,4.9,16.96
266,광양시,2025-09-11,25.3,21.4,29.5,,2.8,70.6,9.2,21.87
266,광양시,2025-09-12,25.1,23.7,28.3,.9,2.6,80.3,1,10.64
266,광양시,2025-09-13,26.2,23.4,30,12.2,1.6,93.9,1.5,9.46
266,광양시,2025-09-14,26.2,22.6,31.3,0,1.1,81.9,7,19
266,광양시,2025-09-15,25.8,23.4,29.6,.5,.6,85.1,2.2,8.93
266,광양시,2025-09-16,27.3,23.8,32.3,,1.3,85.5,7.2,17.35
266,광양시,2025-09-17,26.1,23.5,32.2,12.2,1.2,90.6,4.6,13.59
266,광양시,2025-09-18,23.2,20.9,27.1,,1.7,84.1,1.5,9.67
266,광양시,2025-09-19,22.7,20.2,25.7,,2.2,72.5,1.9,12.13
266,광양시,2025-09-20,22.9,19,27.7,4.9,1.7,84.5,4.5,14.44
266,광양시,2025-09-21,21.7,16.9,27.2,,1.9,73,8.7,19.99
266,광양시,2025-09-22,22.3,19.6,25.7,,2.9,65.5,5.5,16.46
266,광양시,2025-09-23,22.9,20,27.3,,2.5,61.3,7.8,19.45
266,광양시,2025-09-24,24.8,22.1,28.6,2.3,1.3,84.1,.3,8.56
266,광양시,2025-09-25,23.4,22.1,25.1,5.3,.6,96.4,0,4.19
266,광양시,2025-09-26,24.9,22,30,,.9,86,5.2,15.48
266,광양시,2025-09-27,23.8,21.5,27,.7,1.6,79.3,3.9,12.39
266,광양시,2025-09-28,22.3,20.4,24.8,4.8,1.2,90.8,.6,4.79
266,광양시,2025-09-29,21.6,18.4,27.1,,1.1,75.5,4.5,14.53
266,광양시,2025-09-30,21.1,17.5,26.7,,1,79.3,5.2,14.31
268,진도군,2025-05-15,20.1,19.3,21.2,.1,3,97.8,0,
268,진도군,2025-05-16,19.2,15.4,21.1,32.5,2.6,97.9,0,
268,진도군,2025-05-17,17.3,14.7,22.4,.2,1.9,92,3.5,
268,진도군,2025-05-18,15.2,12.3,19.8,,2.7,78.1,11.6,
268,진도군,2025-05-19,18.4,12.6,22.7,0,3.2,80.1,5.9,
268,진도군,2025-05-20,21,18.3,24.1,0,2.1,95,0,
268,진도군,2025-05-21,21.6,18.9,24.4,0,2.4,88.1,.7,
268,진도군,2025-05-22,19.5,16.9,24.9,,2.5,90.5,5.9,
268,진도군,2025-05-23,18.4,16.3,20.2,,2.2,66.3,0,
268,진도군,2025-05-24,16.2,13.6,19.5,,1.8,79.8,1.2,
268,진도군,2025-05-25,16.2,12,21.7,,2.4,78.5,13,
268,진도군,2025-05-26,17,10.6,24.1,,1.4,65.6,12.2,
268,진도군,2025-05-27,17.2,10.1,24.7,,1.3,60.9,12.8,
268,진도군,2025-05-28,18.7,10,27.4,,1.3,70.9,12.8,
268,진도군,2025-05-29,18.2,12,24.8,,1.5,76,12.9,
268,진도군,2025-05-30,17.3,11.7,24.2,,1.7,74.6,13,
268,진도군,2025-05-31,17.4,12.4,24.1,,1.2,78.8,5.3,
268,진도군,2025-06-01,19.2,11.8,26.4,,1.4,69.3,13,
268,진도군,2025-06-02,16.7,15.7,17.4,9.4,1.4,91,0,
268,진도군,2025-06-03,18.2,14.2,22.4,.1,2.9,83.3,10.2,
268,진도군,2025-06-04,18.3,11,25.4,,1.8,73,12.7,
268,진도군,2025-06-05,19.9,10.5,27.5,,1.2,57.4,12.5,
268,진도군,2025-06-06,20.7,15.5,25.4,,1.3,62.9,1.6,
268,진도군,2025-06-07,22,15.6,27.5,,1.7,73.3,8,
268,진도군,2025-06-08,22.3,18.5,28.1,,1.5,85,6.5,
268,진도군,2025-06-09,21.5,17.4,27.2,,1.4,83.3,7.2,
268,진도군,2025-06-10,20.8,15.9,27.9,,2,84.8,3,
268,진도군,2025-06-11,21,17.3,25.6,,2.9,69.6,12.3,
268,진도군,2025-06-12,20.8,17.6,25.8,,1.6,72.8,3.6,
268,진도군,2025-06-13,20.9,17.4,23.4,37.1,2.2,91.5,0,
268,진도군,2025-06-14,22.4,19.6,25.8,95.7,2.3,95,3.6,
268,진도군,2025-06-15,22,18.4,26.3,5.7,1.8,94.6,3.8,
268,진도군,2025-06-16,23,20.9,26.4,4.6,3.5,87.6,7.9,
268,진도군,2025-06-17,22.9,18.3,27.7,,2.3,84.8,6.8,
268,진도군,2025-06-18,22.6,16.3,29.2,,1.5,79.5,13.2,
268,진도군,2025-06-19,23.7,18.2,28,0,2.1,88.9,4.6,
268,진도군,2025-06-20,24.6,23.7,26,4.6,4.5,93.5,.1,
268,진도군,2025-06-21,22,18.1,24.6,48.5,3.9,100,0,
268,진도군,2025-06-22,20.9,17.2,25.7,1.5,1.8,86.9,6.3,
268,진도군,2025-06-23,22.5,15.5,29.6,,1.3,77.6,11,
268,진도군,2025-06-24,21.3,18.7,22.8,6.1,2,92.1,0,
268,진도군,2025-06-25,21.6,18.5,25.3,.4,2.3,89.6,8.9,
268,진도군,2025-06-26,22.6,17.2,27.7,,1.2,79,11.6,
268,진도군,2025-06-27,24.1,18,28.9,,1.7,91,7.3,
268,진도군,2025-06-28,25.4,24.1,28.2,,1.7,93.3,2.3,
268,진도군,2025-06-29,25.8,23.3,29.1,,2.2,90.3,4.8,
268,진도군,2025-06-30,27,22.7,31.2,,1.9,84.5,12.8,
268,진도군,2025-07-01,27.2,24.4,31.1,,2.1,89.5,6.6,
268,진도군,2025-07-02,27.7,24.4,32,,1.9,83.6,12.4,
268,진도군,2025-07-03,26.9,23.2,31.5,,2.1,83,11.2,
268,진도군,2025-07-04,27.3,25.1,30.7,,2.9,82.9,8,
268,진도군,2025-07-05,27.7,25.4,30.9,,2.8,82.4,7.7,
268,진도군,2025-07-06,28.2,25.7,31.6,,2.4,83.1,6.8,
268,진도군,2025-07-07,27.3,24,32.4,,1.3,86,10.8,
268,진도군,2025-07-08,27.5,24.2,32.1,,1.7,80.8,12.8,
268,진도군,2025-07-09,28.1,22.5,33.6,,2,68,13.2,
268,진도군,2025-07-10,27.5,22.8,33.2,,1.7,74.4,12.6,
268,진도군,2025-07-11,27.8,23.8,33.3,,1.8,68.8,10.4,
268,진도군,2025-07-12,26.2,22.1,31.1,,1.3,73,8.2,
268,진도군,2025-07-13,23.1,21.8,24.2,34.4,1.7,91.8,0,
268,진도군,2025-07-14,24.5,20.5,27.8,.3,2.3,84,10.1,
268,진도군,2025-07-15,24.9,21.1,28.8,0,1.7,84.5,6.4,
268,진도군,2025-07-16,25.8,22.4,27.5,3.8,2.6,87.4,0,
268,진도군,2025-07-17,27.1,23.4,28.4,4.1,4.7,89,0,
268,진도군,2025-07-18,24.9,20.7,30.2,37.2,2.3,89.6,5.4,
268,진도군,2025-07-19,27.6,25.1,30.6,6.7,3.7,87,4.2,
268,진도군,2025-07-20,27.8,25.5,30.8,,2.8,83.5,10.4,
268,진도군,2025-07-21,28.5,26.1,32,,2.5,83,7.9,
268,진도군,2025-07-22,27.5,23.9,31.6,,1.9,83.5,12.2,
268,진도군,2025-07-23,26.9,22.1,32.3,,1,81,10.9,
268,진도군,2025-07-24,27.2,21.9,33.5,,1.2,81.4,11.1,
268,진도군,2025-07-25,28.3,22.6,33.4,,1.5,78.5,12.9,
268,진도군,2025-07-26,28.8,24.3,34.2,,1.8,79.4,12.6,
268,진도군,2025-07-27,29.2,24.8,34,,2.3,71.8,12.9,
268,진도군,2025-07-28,29,23.9,34.8,,1.5,70.9,12.6,
268,진도군,2025-07-29,27.9,22.4,33.9,,1.5,75.6,12.6,
268,진도군,2025-07-30,27.8,22.8,32.2,,1.7,76.4,8.1,
268,진도군,2025-07-31,28.3,23.5,32.4,,1.9,73.3,11.1,
268,진도군,2025-08-01,27.9,22.6,33.6,,1.3,78.6,10.2,
268,진도군,2025-08-02,28.1,23.3,33.8,,1.3,76.3,9.4,
268,진도군,2025-08-03,27.6,24.8,29.5,12.9,3.3,88.3,.2,
268,진도군,2025-08-04,28.7,26.1,31.7,0,2.9,85,7.3,
268,진도군,2025-08-05,28,24.9,31.9,3.2,2.2,89.4,4.1,
268,진도군,2025-08-06,28.3,27.1,29.4,4.9,3.6,89.6,.2,
268,진도군,2025-08-07,27.6,23.8,30.2,0,1.3,89.6,.7,
268,진도군,2025-08-08,25.9,21.9,31,,1,84.6,5.9,
268,진도군,2025-08-09,24.1,23.4,25.1,75.6,1.2,99,0,
268,진도군,2025-08-10,26.1,22.6,29,57.6,2.3,89.1,4.1,
268,진도군,2025-08-11,23.1,21.3,25.5,27.5,1.4,98.5,.2,
268,진도군,2025-08-12,24.1,21.6,26.4,27.7,1.2,99.4,0,
268,진도군,2025-08-13,27.6,25.1,30.8,1,2.8,88.8,4.9,
268,진도군,2025-08-14,27.7,24.6,32.1,,1.6,88,8.5,
268,진도군,2025-08-15,27.2,23.4,32.1,,1.1,84.9,12,
268,진도군,2025-08-16,26.5,21.5,31.8,,1,84.4,12.2,
268,진도군,2025-08-17,26.9,22.1,32.9,,1.1,86.5,9.7,
268,진도군,2025-08-18,27.6,23.8,32.2,,1.3,86.9,8.3,
268,진도군,2025-08-19,27.7,24.8,32.1,,1.4,86.4,7.4,
268,진도군,2025-08-20,27.8,24.1,31.8,,1.5,84.6,10.5,
268,진도군,2025-08-21,27.8,23.3,33.1,,.7,81.9,10.7,
268,진도군,2025-08-22,27.7,22.5,32.9,,1.2,81.9,11.3,
268,진도군,2025-08-23,27.9,23.7,33.1,,1.4,84.8,9.6,
268,진도군,2025-08-24,28.3,24.4,32.5,,1.6,86.5,7.8,
268,진도군,2025-08-25,28.9,25.6,32.5,0,2.5,82.6,9.1,
268,진도군,2025-08-26,28.3,26.1,32.2,0,2.4,86.4,3.7,
268,진도군,2025-08-27,27.1,23.8,31.6,,1,84.5,10.9,
268,진도군,2025-08-28,27.5,23.4,31.5,,1.7,83.1,11,
268,진도군,2025-08-29,28.2,24.1,33,,1.4,83.5,9.8,
268,진도군,2025-08-30,28.3,24.1,33.7,,1.3,81.5,10.3,
268,진도군,2025-08-31,27.2,24.8,30.7,4.3,1.3,90,1.4,
268,진도군,2025-09-01,28,25.4,32.3,,2.2,85.4,5.9,
268,진도군,2025-09-02,25.8,21.7,30.1,6.5,1.2,85.5,7.1,
268,진도군,2025-09-03,26.3,20.6,31.5,,1,81,11,
268,진도군,2025-09-04,27.7,24.2,33.1,,1.2,81.1,8.6,
268,진도군,2025-09-05,27.6,23,32.9,,1.1,82.6,8.6,
268,진도군,2025-09-06,28.7,25,32.7,.2,2.3,82.3,8.3,
268,진도군,2025-09-07,27,24,31.7,3.9,1.5,91,2.1,
268,진도군,2025-09-08,24,21.9,27.5,10.3,1.7,93.3,1.9,
268,진도군,2025-09-09,20.6,18.3,22.6,35.5,1.9,94,.1,
268,진도군,2025-09-10,23.8,21,28.4,.4,1.8,88.3,6.7,
268,진도군,2025-09-11,24.8,19.9,30.3,,1.3,81.5,9.9,
268,진도군,2025-09-12,25.6,22.1,28.6,1.2,2.1,83,2.2,
268,진도군,2025-09-13,26.3,22,29.3,28.3,2.8,90.3,1.4,
268,진도군,2025-09-14,25.1,21.4,29.8,0,.7,87,4,
268,진도군,2025-09-15,25.2,23,30.3,48.8,.8,94.4,3.4,
268,진도군,2025-09-16,27,23.4,31.2,,1.2,88.8,7.3,
268,진도군,2025-09-17,25.9,23,30.2,15.9,2,90.6,3.1,
268,진도군,2025-09-18,23.3,20.3,27.1,,1.6,81.6,4.4,
268,진도군,2025-09-19,24.1,20.9,27,6.8,2.2,76.5,4,
268,진도군,2025-09-20,22.6,18.1,26.6,12.1,2.8,85.5,4.7,
268,진도군,2025-09-21,21.1,17.2,27,,1.2,84.6,7,
268,진도군,2025-09-22,21.8,16.8,26.8,,1.5,75.4,7.2,
268,진도군,2025-09-23,22.9,17,27.5,,1.5,66.5,9.1,
268,진도군,2025-09-24,25.3,22.6,28.8,.6,2.3,84.5,4,
268,진도군,2025-09-25,23.4,22.4,25.2,49.9,.8,98.8,0,
268,진도군,2025-09-26,23.4,20.8,26.9,.2,1.3,90.9,.3,
268,진도군,2025-09-27,22.4,19.1,25,.9,1.1,87.5,0,
268,진도군,2025-09-28,23.1,20.7,26.5,2.6,2.2,88.9,.7,
268,진도군,2025-09-29,20.8,16.4,25,,1.5,84.8,4,
268,진도군,2025-09-30,19,15.2,24.4,,.7,88.8,4.1,
271,봉화,2025-05-15,17.4,13.6,22.2,1,.8,86.3,1,
271,봉화,2025-05-16,18,14.3,22.4,21.6,1,90.3,0,
271,봉화,2025-05-17,19.3,14.6,24.4,11.6,1.6,76.3,6.7,
271,봉화,2025-05-18,14.5,7.5,20.8,,1.6,66.9,6.6,
271,봉화,2025-05-19,16.6,4.2,23.9,,2.1,67.3,10.8,
271,봉화,2025-05-20,23.1,17.9,29.7,,1.6,72.8,8.4,
271,봉화,2025-05-21,21.5,15.8,29,3.4,1.1,82.1,3.7,
271,봉화,2025-05-22,16.7,9.7,20.9,0,1.5,76.4,0,
271,봉화,2025-05-23,14,6.2,20.6,0,1.5,63.9,0,
271,봉화,2025-05-24,12.3,9.8,14.1,3.3,1.5,70,0,
271,봉화,2025-05-25,14.2,7.6,22.3,.1,1.4,75.3,,
271,봉화,2025-05-26,15.8,7.5,24.9,,1.1,66.8,,
271,봉화,2025-05-27,16.2,7.5,25,,1.1,70.4,9.4,
271,봉화,2025-05-28,16,9.1,25.7,5.6,1.2,79.5,8.2,
271,봉화,2025-05-29,14.7,9.1,24,0,1.1,86.5,5.3,
271,봉화,2025-05-30,14.3,4.6,23,,1.6,72.1,11.2,
271,봉화,2025-05-31,15.8,5.8,25.9,,1.2,67.8,11,
271,봉화,2025-06-01,18.8,8.2,28.6,,1,67.6,9.1,
271,봉화,2025-06-02,17.2,13.9,23,.5,.6,85.1,0,
271,봉화,2025-06-03,18.6,11.7,25.9,,1.6,65.6,8,
271,봉화,2025-06-04,16.1,6.2,24.9,,2,55.6,9.9,
271,봉화,2025-06-05,17.9,7.2,27.3,,1.4,63.9,11.3,
271,봉화,2025-06-06,18.5,11.1,28.3,,1.1,63.5,4.7,
271,봉화,2025-06-07,20.2,9.9,29.6,,1.2,62.3,9.9,
271,봉화,2025-06-08,21.6,13.7,29.4,,1.1,69.5,8.8,
271,봉화,2025-06-09,22,15.2,30,,1.1,69.8,9.7,
271,봉화,2025-06-10,21.9,14.1,29.5,,1.5,66,7.1,
271,봉화,2025-06-11,22,15.3,28.8,,2.2,49.1,11.8,
271,봉화,2025-06-12,21.3,12.8,29.3,,1.2,60.5,8.8,
271,봉화,2025-06-13,19.1,13.5,25.5,7.6,.7,77.5,.5,
271,봉화,2025-06-14,21.7,16,29,29.1,.8,87.9,5.5,
271,봉화,2025-06-15,24.3,19.2,30,,1,80.4,6.6,
271,봉화,2025-06-16,22.6,19.1,26.1,8.5,1.1,86,1.7,
271,봉화,2025-06-17,22.3,18.8,27.7,0,1.2,79.5,4.2,
271,봉화,2025-06-18,22.5,17.5,29.9,6.8,1.2,79,8.8,
271,봉화,2025-06-19,23.6,15.8,31.8,,1,72.6,11.3,
271,봉화,2025-06-20,22.9,19.5,25.1,13.7,1,88.4,0,
271,봉화,2025-06-21,20.6,16.6,24.4,48.7,1.1,94.8,0,
271,봉화,2025-06-22,20.6,16.4,27.8,.5,1.5,80.6,8.6,
271,봉화,2025-06-23,21.6,14.8,29.7,,.9,77.1,8.3,
271,봉화,2025-06-24,19.4,14.7,25.9,1.4,1,80,2.1,
271,봉화,2025-06-25,20,17.1,24.2,2.3,.7,91.5,0,
271,봉화,2025-06-26,20.6,17.2,24.1,,1.1,85.8,.3,
271,봉화,2025-06-27,23.1,16,30.2,,.9,82.4,8.2,
271,봉화,2025-06-28,24.6,20.6,30,2.1,.6,84.8,1.4,
271,봉화,2025-06-29,25.8,20.3,32.5,,1.1,82.4,10.2,
271,봉화,2025-06-30,25.9,20.5,32,,1.1,78.5,8.7,
271,봉화,2025-07-01,26.3,21.3,32.1,,1,80.4,6.2,
271,봉화,2025-07-02,26.7,21.5,33.3,,1,78.4,8.8,
271,봉화,2025-07-03,26.3,21.5,32.2,,1.1,77.6,8.1,
271,봉화,2025-07-04,25.3,20.7,31,,1.1,73.8,6.1,
271,봉화,2025-07-05,26.3,21.1,32.2,,1.9,73,11.3,
271,봉화,2025-07-06,26.4,20.7,32.3,,1.5,77.9,4.8,
271,봉화,2025-07-07,27.7,21.6,34.7,,1.1,76,7.6,
271,봉화,2025-07-08,26.8,22.1,32.7,,1.5,75.4,10.7,
271,봉화,2025-07-09,26.3,20.1,33.8,,1.8,64.3,12.4,
271,봉화,2025-07-10,25.1,16.9,32.3,,1.9,56,11.7,
271,봉화,2025-07-11,25.3,19.1,31.5,,2.4,55.1,12.4,
271,봉화,2025-07-12,23.8,14.4,33,,1.8,64.1,12.3,
271,봉화,2025-07-13,23.4,15.7,33,18.7,1.2,74.1,6.1,
271,봉화,2025-07-14,21.5,18.6,26,23,1,84.9,1.2,
271,봉화,2025-07-15,20.5,18.8,23.4,5.3,.8,92.6,.2,
271,봉화,2025-07-16,21,19.4,23.4,26.5,.5,95.1,0,
271,봉화,2025-07-17,20.5,19.9,21.7,53.8,.7,98.4,0,
271,봉화,2025-07-18,24,19.4,29.5,15.5,.9,86.3,7,
271,봉화,2025-07-19,22.1,21,24.2,33.5,.6,96.3,.3,
271,봉화,2025-07-20,23.5,20.6,27.8,,.7,90.1,2.1,
271,봉화,2025-07-21,25.3,21,31,1,.9,87.1,4.8,
271,봉화,2025-07-22,26,21.9,32.2,,1,83,7.1,
271,봉화,2025-07-23,25.9,19.9,32.6,,.9,81.9,10.8,
271,봉화,2025-07-24,26.7,21.1,34,,.8,78.9,10.2,
271,봉화,2025-07-25,26.4,19.3,33.8,,.9,77.9,12,
271,봉화,2025-07-26,26.7,19.6,33.7,,.9,78.5,12,
271,봉화,2025-07-27,27.2,20.8,34.1,,1,75.3,12.2,
271,봉화,2025-07-28,27.5,21.3,35.1,,1.2,78,10.8,
271,봉화,2025-07-29,26.8,20.8,34.7,,1.2,74.8,11.6,
271,봉화,2025-07-30,25.7,17.6,34.3,,1.3,72.3,11.8,
271,봉화,2025-07-31,25.7,19.4,33.7,0,1,76.8,5.6,
271,봉화,2025-08-01,26.1,17.4,35.1,,1.1,69.4,12.1,
271,봉화,2025-08-02,27.3,20.5,35.6,,1.2,72.4,9.5,
271,봉화,2025-08-03,24.1,21.4,31.9,8.4,.9,85.9,.5,
271,봉화,2025-08-04,25.2,20.9,29.3,29.3,.8,92.6,.9,
271,봉화,2025-08-05,26.2,22.6,31.8,.1,.8,86.6,6.5,
271,봉화,2025-08-06,24.9,21.9,28.5,8.9,.9,91.6,0,
271,봉화,2025-08-07,24.8,21.1,30.4,0,1,83.1,6.2,
271,봉화,2025-08-08,24.2,19.7,29.6,,1,81.1,6.9,
271,봉화,2025-08-09,21.4,17.3,25,.6,.7,90.1,0,
271,봉화,2025-08-10,22,14.6,29.9,,1,79.5,8.9,
271,봉화,2025-08-11,21.5,18.2,27.1,3.1,.5,89.4,.3,
271,봉화,2025-08-12,21.7,16.3,26.9,.4,.6,88.4,2.3,
271,봉화,2025-08-13,24.8,22,29.4,1.5,.5,91.1,1,
271,봉화,2025-08-14,25.5,21.1,29.8,.4,1.1,83.4,2.7,
271,봉화,2025-08-15,25.5,20.3,32.2,,1.1,79.6,8.6,
271,봉화,2025-08-16,25.2,19.7,31.9,,1.1,80,9.3,
271,봉화,2025-08-17,24.9,19,32.3,,1.2,77.1,9.1,
271,봉화,2025-08-18,24.6,19.7,31.9,,.8,81.5,2.7,
271,봉화,2025-08-19,26.1,21.4,32.8,,1.3,77.3,6.4,
271,봉화,2025-08-20,25.7,20.4,32.5,,1.1,77.5,7.9,
271,봉화,2025-08-21,26,19.3,34.3,,1,76.9,9.5,
271,봉화,2025-08-22,26.3,20.3,34,,1.1,75.4,10.4,
271,봉화,2025-08-23,26.1,19.4,34.9,,1.1,76.8,9,
271,봉화,2025-08-24,27.2,20.7,34.6,,.9,75.5,10.8,
271,봉화,2025-08-25,27.4,21.3,34.3,,1.1,73.8,10.5,
271,봉화,2025-08-26,25.6,22.4,29.3,0,1.3,82.6,1.1,
271,봉화,2025-08-27,24.8,19.3,33.1,,1.2,74.8,8.3,
271,봉화,2025-08-28,25,20.3,31.3,,.9,75.1,4.9,
271,봉화,2025-08-29,25.5,20.9,32.2,,1.2,80.6,4,
271,봉화,2025-08-30,26.4,20.5,34.1,,1,77.1,8.5,
271,봉화,2025-08-31,24.4,20.2,32.4,1.4,.8,87.9,5.1,
271,봉화,2025-09-01,25.9,22.8,32.4,.4,1.1,81.4,2.4,
271,봉화,2025-09-02,23.8,18.5,29.2,1.6,1.1,80.9,2.9,
271,봉화,2025-09-03,23.3,16.5,32.1,,1.2,78.3,6.9,
271,봉화,2025-09-04,23.7,18.4,29,,1.5,77.9,2.7,
271,봉화,2025-09-05,25,18.3,32.9,,1.1,73.1,7.5,
271,봉화,2025-09-06,25.2,19.3,31.1,0,1.1,78.6,2.9,
271,봉화,2025-09-07,23.7,16.7,29.7,4.4,1.2,83.8,1.6,
271,봉화,2025-09-08,20.6,12.5,27.6,,.8,73.3,3.3,
271,봉화,2025-09-09,19.6,17.9,21.7,.9,.8,90.3,0,
271,봉화,2025-09-10,20.8,14.5,28.4,.2,1.2,78.8,4.6,
271,봉화,2025-09-11,20.3,10.7,29.3,,1.6,68.8,10.7,
271,봉화,2025-09-12,20.9,16.7,26.1,3.1,1.1,80,.5,
271,봉화,2025-09-13,21.7,20.2,25.2,23.4,1,90.5,1.8,
271,봉화,2025-09-14,21,18.2,24.9,,.7,88.8,.5,
271,봉화,2025-09-15,22.2,17.4,29.2,,.6,85.8,5.6,
271,봉화,2025-09-16,22.5,17.8,29.5,8.1,.8,87.9,4.3,
271,봉화,2025-09-17,21.4,18.6,26.4,21.6,.7,94.4,.3,
271,봉화,2025-09-18,18.1,13.8,21.7,1.1,1.4,82.9,1.5,
271,봉화,2025-09-19,16.8,13.9,21.2,15.2,1,85.1,.1,
271,봉화,2025-09-20,18.3,15.6,21.6,57.7,1,93.5,.2,
271,봉화,2025-09-21,17.4,11.7,22.6,.2,1.5,80.4,8.3,
271,봉화,2025-09-22,16.6,10.6,22.7,,1.4,79.4,4.5,
271,봉화,2025-09-23,17.6,12.5,23.7,0,1.2,77.3,5.8,
271,봉화,2025-09-24,20.5,14.3,24.7,.1,.8,87.6,.3,
271,봉화,2025-09-25,20,15,23.2,9.6,.7,96,0,
271,봉화,2025-09-26,18,11.5,26.5,,.8,83,9.7,
271,봉화,2025-09-27,17.9,12.4,25.6,,1,83.1,6.3,
271,봉화,2025-09-28,17.7,14.5,19.8,23.8,.4,95.8,.1,
271,봉화,2025-09-29,18.2,14.9,23.4,,.8,84.3,3.5,
271,봉화,2025-09-30,16.8,12.7,23.3,,.9,86.1,3.3,
272,영주,2025-05-15,17.7,14.9,21.3,1.3,.7,89.6,.1,
272,영주,2025-05-16,18.1,15.6,21.6,23.5,.7,97.6,0,
272,영주,2025-05-17,20.3,15.4,25.9,8.3,2.4,74.5,10.2,
272,영주,2025-05-18,16.2,11.6,21.7,,3.5,56.5,7.4,
272,영주,2025-05-19,18,7,25.4,,1.6,65.5,7.3,
272,영주,2025-05-20,23.4,18.2,30.7,,1.3,72.4,8.2,
272,영주,2025-05-21,23.7,18.3,29.3,,1.4,78.3,7.1,
272,영주,2025-05-22,17.8,12.8,20.4,.5,.9,89.3,.8,
272,영주,2025-05-23,16.1,9.3,22.5,0,1.5,62.4,4.2,
272,영주,2025-05-24,13.2,11.5,16,1,1.2,78.5,0,
272,영주,2025-05-25,15.3,8.2,22,,1.7,75.4,9.7,
272,영주,2025-05-26,16.8,8.9,25.4,,1.5,66.5,11.5,
272,영주,2025-05-27,18.2,10,26.3,,1.8,62,13.1,
272,영주,2025-05-28,16.8,11.4,25.6,14.4,1.5,80.3,7.3,
272,영주,2025-05-29,15.9,10.8,25.6,5.8,1.4,86,6.3,
272,영주,2025-05-30,17,11.3,24.3,,1.4,72.5,10.6,
272,영주,2025-05-31,17.9,9.8,25.7,,1.8,70.9,11.6,
272,영주,2025-06-01,20.6,11.7,29,,1.3,64.3,11.2,
272,영주,2025-06-02,18.8,16,22.9,.3,.8,80.5,0,
272,영주,2025-06-03,20.6,16.8,26,,3.3,55.8,8,
272,영주,2025-06-04,19.8,11.9,25.9,,4.2,44.5,12.7,
272,영주,2025-06-05,19.7,12.2,26.6,,2.5,59.1,11.3,
272,영주,2025-06-06,19.6,13.6,28.8,,1.3,65.1,5.7,
272,영주,2025-06-07,21.9,12.7,29.6,,1.8,61.3,9.6,
272,영주,2025-06-08,23.5,19.4,29.3,,1.9,69.1,7.1,
272,영주,2025-06-09,23.8,17.1,30.4,,1.4,68.5,9.3,
272,영주,2025-06-10,24,18.7,30.3,,3.4,62.6,7.2,
272,영주,2025-06-11,22.5,17.2,28.1,,3.9,52.8,11.6,
272,영주,2025-06-12,22.6,15.1,30.1,,1.4,56.5,10.2,
272,영주,2025-06-13,19.7,16,25.7,11.9,1.1,79,.5,
272,영주,2025-06-14,22.4,16,29.1,30,.9,87.9,6.3,
272,영주,2025-06-15,25.3,19.9,30.5,.4,1.4,80.4,6.3,
272,영주,2025-06-16,23.5,19.7,28.1,7.2,1.5,86.3,2.9,
272,영주,2025-06-17,23.4,19.6,28.4,1,1.2,78.9,5.7,
272,영주,2025-06-18,24.1,19.8,29.8,,2.4,73.5,12.8,
272,영주,2025-06-19,24.8,17.8,31.6,,1.3,69.6,9.8,
272,영주,2025-06-20,23.2,21.9,24.5,33.7,1.3,96.8,0,
272,영주,2025-06-21,21.1,17,25.2,53.3,1.5,97.3,0,
272,영주,2025-06-22,21.4,16.7,27.4,.2,1.7,80.9,10.8,
272,영주,2025-06-23,23.2,16,30.1,,1.1,73.9,12.4,
272,영주,2025-06-24,20.6,16.7,27.2,1.8,1.5,81.5,1.6,
272,영주,2025-06-25,20.5,17.7,23.1,6.8,.8,94.5,0,
272,영주,2025-06-26,21.6,18.4,24.6,,3.3,85.1,2.8,
272,영주,2025-06-27,23.8,17.1,30.2,,1.1,83.1,9,
272,영주,2025-06-28,25.1,21.7,30.7,18.9,.8,87.9,1.2,
272,영주,2025-06-29,25.9,20.5,31.5,,.9,84.5,5.9,
272,영주,2025-06-30,27.7,22.4,32.5,,2.1,72.9,10.8,
272,영주,2025-07-01,27.5,22.5,32.8,0,1.7,79.6,8.4,
272,영주,2025-07-02,27.9,24.4,32.2,,3.2,76,6.9,
272,영주,2025-07-03,27,23.6,31.8,,1.8,79.4,7.3,
272,영주,2025-07-04,26.1,21.3,29.5,,3.1,73.1,5.7,
272,영주,2025-07-05,27.6,24.1,31.7,,4.3,68.3,11.8,
272,영주,2025-07-06,27.5,25.1,31.8,,3.7,73.3,6.7,
272,영주,2025-07-07,29.4,23.1,35.7,,1.2,74.3,10.9,
272,영주,2025-07-08,28,23.6,33.9,,1.4,76.4,7.3,
272,영주,2025-07-09,27.3,21.3,34.6,,1.6,67.3,13.4,
272,영주,2025-07-10,25.9,18.8,34.3,,1.8,59.8,13.4,
272,영주,2025-07-11,24.7,17.3,32.8,,2.1,60.6,13.5,
272,영주,2025-07-12,24.5,17,32.9,,1.6,65.8,13.3,
272,영주,2025-07-13,23.9,17.7,32.6,16.2,1.4,76.5,6.4,
272,영주,2025-07-14,22.9,19.3,27.9,4.4,2.5,79.4,4.6,
272,영주,2025-07-15,21.4,19.5,24.2,1.6,1.7,92.4,.3,
272,영주,2025-07-16,21.4,19.8,23.2,27.6,.8,98.9,0,
272,영주,2025-07-17,21,20.5,21.5,74.9,.7,100,0,
272,영주,2025-07-18,24.2,19.9,29.6,10.3,1,88.1,5,
272,영주,2025-07-19,22.4,21.5,23.4,17.6,.9,99.4,0,
272,영주,2025-07-20,23.7,21.1,27.2,0,.2,95,1.7,
272,영주,2025-07-21,25.8,21.2,31.2,.4,.8,89.8,4,
272,영주,2025-07-22,26.9,22.9,32.9,,1.9,78.9,7.4,
272,영주,2025-07-23,26.5,20.9,32.4,,1.5,80.1,10.9,
272,영주,2025-07-24,27.5,21.8,33.6,,1.3,79.4,11.2,
272,영주,2025-07-25,27.5,21.4,33.8,,1.3,76.8,13.3,
272,영주,2025-07-26,27.5,21.3,33.8,,1.3,78.6,13.1,
272,영주,2025-07-27,28.1,22.1,34.1,,1.4,76,13.3,
272,영주,2025-07-28,28.6,22.4,35.3,,1.4,78.1,12.6,
272,영주,2025-07-29,28.1,22.8,34.5,,1.3,79,13.3,
272,영주,2025-07-30,27.3,20.5,34.6,,1.3,71.9,12.2,
272,영주,2025-07-31,27.2,22.6,34.2,,1.2,76.8,6.5,
272,영주,2025-08-01,27.5,19.9,35,,1.3,69.3,13.1,
272,영주,2025-08-02,28.3,22.4,35.1,,1.7,71.9,9.2,
272,영주,2025-08-03,25.9,21.1,31.1,10.8,.9,83.1,.1,
272,영주,2025-08-04,25.1,21,29.5,22.7,.8,94.5,.7,
272,영주,2025-08-05,27.5,23.5,32.5,,1.4,83.5,7.7,
272,영주,2025-08-06,25.9,24.1,29.6,4.2,1.1,92,.1,
272,영주,2025-08-07,26.4,21.4,30.9,,3.1,74.1,6.3,
272,영주,2025-08-08,24.9,19,30.8,0,1.2,81.6,10.7,
272,영주,2025-08-09,22.1,19.7,25,.8,.9,94.5,.1,
272,영주,2025-08-10,23.7,16.7,30.4,,1.1,78.4,10.1,
272,영주,2025-08-11,22.1,18.1,26.8,1.7,.9,90.6,0,
272,영주,2025-08-12,21.9,16.7,26.3,,.8,89.8,2.3,
272,영주,2025-08-13,24.2,22.1,28.3,3.6,.5,97.8,.7,
272,영주,2025-08-14,25.8,22.6,29.8,.5,1.6,86.8,2,
272,영주,2025-08-15,26,21.1,32.2,0,2.3,79.6,8.8,
272,영주,2025-08-16,25.8,20.7,32.1,,1.6,81.5,10,
272,영주,2025-08-17,25.7,20.1,31.8,,2.2,80,10.5,
272,영주,2025-08-18,26.2,21.4,32.1,0,1.4,80.6,6.1,
272,영주,2025-08-19,27.3,23,32.6,0,2.3,76,4.5,
272,영주,2025-08-20,27.6,23.2,33.3,,2.5,72,9.9,
272,영주,2025-08-21,27.4,21.4,34.2,,1.6,71.5,11.5,
272,영주,2025-08-22,27.5,21.2,33.9,,2.3,75.1,10.9,
272,영주,2025-08-23,27.5,21.7,34.8,,2.2,78.4,11.9,
272,영주,2025-08-24,27.8,22.5,35,,1.1,78.4,10,
272,영주,2025-08-25,27.9,22.7,34.8,,1.4,76.4,10.2,
272,영주,2025-08-26,26,23.8,28.3,2.5,1.3,82.5,1,
272,영주,2025-08-27,25.3,20.2,32,,1.3,77.3,8.1,
272,영주,2025-08-28,25.9,22,32,,1.2,78.3,6.4,
272,영주,2025-08-29,26.6,21.9,32.3,,1.2,81.1,2.6,
272,영주,2025-08-30,27.2,22.5,34.1,,1.5,77.4,7.4,
272,영주,2025-08-31,25.8,21.8,32.4,.3,1.2,85.4,5.6,
272,영주,2025-09-01,25.7,22.5,31.9,9.8,1.1,89,3.6,
272,영주,2025-09-02,23.9,18.7,29.3,2.1,1.6,81.1,3.3,
272,영주,2025-09-03,24.4,17.6,31.8,,1.1,79.6,10.2,
272,영주,2025-09-04,24.6,20.3,31.2,0,1.2,82.3,2.5,
272,영주,2025-09-05,25.5,19.6,32.2,,.9,77.5,7.8,
272,영주,2025-09-06,25.8,20.6,31.7,0,1.3,79,5.7,
272,영주,2025-09-07,24.4,19.3,28.7,2.4,2.1,82.6,.3,
272,영주,2025-09-08,20.4,13.4,26.3,,1,73.6,2.5,
272,영주,2025-09-09,19.7,18.8,21.1,1.5,.8,96.9,0,
272,영주,2025-09-10,21.9,17.6,29.1,,1.1,82.8,4.9,
272,영주,2025-09-11,21.3,13.7,31.3,,1.9,70.8,11.2,
272,영주,2025-09-12,21.3,17.1,26.3,11,1.6,85.1,.7,
272,영주,2025-09-13,22.7,20.5,27.3,29.2,1.2,91,1.8,
272,영주,2025-09-14,21.6,19.3,25.5,.1,.8,93.3,.5,
272,영주,2025-09-15,22.7,18.9,28.5,,1.1,85.1,4.5,
272,영주,2025-09-16,23.3,18.9,30,.7,.9,87.8,3,
272,영주,2025-09-17,22,21,24.8,18.5,.8,98.3,.4,
272,영주,2025-09-18,18.8,14.9,22.4,4.3,1.3,89.9,1.3,
272,영주,2025-09-19,17.4,15.1,20.5,23.8,1.1,91.6,0,
272,영주,2025-09-20,19,16.1,22.4,60.3,2.5,89.4,2.8,
272,영주,2025-09-21,19,13.8,24.9,,1.4,81.4,4.9,
272,영주,2025-09-22,18.3,13.7,24.2,,1.7,75.9,3.4,
272,영주,2025-09-23,18.9,14.4,24.9,,1.4,75.1,4.9,
272,영주,2025-09-24,20.6,16.4,24,.7,.7,93.5,0,
272,영주,2025-09-25,20.7,15.9,23.9,9.2,1.3,95.5,0,
272,영주,2025-09-26,18.8,12.4,26.6,,1,86.5,9.4,
272,영주,2025-09-27,19.8,13.7,26.4,,1.1,81.3,7.1,
272,영주,2025-09-28,19,17.8,20.6,25.5,1.3,94,0,
272,영주,2025-09-29,19.3,16.7,24.5,,1.5,82.8,3.8,
272,영주,2025-09-30,17.1,13.5,23.4,0,1.2,90.5,3.1,
273,문경,2025-05-15,19,15.4,24,3.4,.6,85.6,.7,
273,문경,2025-05-16,18.5,16.1,21.5,20.7,.7,95.9,0,
273,문경,2025-05-17,20.1,15.2,26.7,5.5,1.9,77.8,8.4,
273,문경,2025-05-18,16,10.9,22.1,,2.1,59.9,6.4,
273,문경,2025-05-19,18.3,7,24.8,,1.4,68.6,5.4,
273,문경,2025-05-20,25.6,18.1,32.3,,1.5,67.3,11,
273,문경,2025-05-21,24,18.4,28.6,,1.2,78.9,5.1,
273,문경,2025-05-22,18.1,13.4,22.1,2.1,.9,92.5,.2,
273,문경,2025-05-23,16.7,10.9,22.9,,1.9,59.1,2.7,
273,문경,2025-05-24,13.9,11.4,16.8,2.6,1.2,75.4,0,
273,문경,2025-05-25,16.5,9.2,23.3,,1.3,69.8,11.4,
273,문경,2025-05-26,17.9,9.8,25.6,,1.3,64.3,12.2,
273,문경,2025-05-27,18.7,10,26.9,,1.3,64.8,11.8,
273,문경,2025-05-28,19.1,12,27.4,0,1.3,71.6,10,
273,문경,2025-05-29,17.4,11.6,26.7,1.1,1.2,82.3,6.9,
273,문경,2025-05-30,17.6,12.4,24.7,,1.1,73.6,9.6,
273,문경,2025-05-31,19.1,9.9,26.5,,1.4,66.3,10.3,
273,문경,2025-06-01,21.4,12.4,29.5,,1.3,65,9.8,
273,문경,2025-06-02,19.4,15.7,22.9,0,.8,75.9,0,
273,문경,2025-06-03,21.3,16.2,26.6,,2.4,54.4,8.8,
273,문경,2025-06-04,20.5,14,26.6,,3.8,42.6,12.2,
273,문경,2025-06-05,20.5,12.3,27.6,,1.6,57.3,11.1,
273,문경,2025-06-06,20.7,14.1,30.7,,1.2,57.4,4.8,
273,문경,2025-06-07,23.1,13.8,30.9,,1.4,58.8,9.3,
273,문경,2025-06-08,24.4,18.7,30.4,,1.3,69,4.6,
273,문경,2025-06-09,24.8,19,31.6,,1.4,66.9,9.6,
273,문경,2025-06-10,24.4,19.2,30.7,,2.3,63.9,7.9,
273,문경,2025-06-11,22.9,16.1,28.9,,2.4,50.1,11.3,
273,문경,2025-06-12,22.9,15.5,30.8,,1.2,54.8,9.7,
273,문경,2025-06-13,19.2,15.9,24.7,26,.9,79.6,.2,
273,문경,2025-06-14,22.1,16.4,29.1,52.2,1,89,6.6,
273,문경,2025-06-15,25.4,19.7,31.3,.1,1.2,83.3,5.8,
273,문경,2025-06-16,24.3,22.1,28.6,13.6,1.2,82.6,3.1,
273,문경,2025-06-17,23.3,20.1,29.1,3,.9,86.1,4,
273,문경,2025-06-18,24.6,19.1,30.7,,1.3,72.6,12.7,
273,문경,2025-06-19,24.8,18.4,31.3,,1.1,77.1,8.7,
273,문경,2025-06-20,23.5,22.5,24.8,17.9,1,98.6,0,
273,문경,2025-06-21,21.2,16.8,24.4,73,.9,97.5,0,
273,문경,2025-06-22,22.1,16.4,28.6,.1,1.3,75.9,11.5,
273,문경,2025-06-23,24.1,17.5,30.2,,1.4,69.8,12.7,
273,문경,2025-06-24,19.9,16.8,26.9,34.1,1,87.1,.6,
273,문경,2025-06-25,19.8,16.8,23.2,.9,.6,94.4,.1,
273,문경,2025-06-26,21.9,19.2,25.6,.1,1.4,86.8,1.7,
273,문경,2025-06-27,24.6,19,30.7,,1.2,83,9.3,
273,문경,2025-06-28,25.8,21.7,31.5,0,.6,85.5,2.3,
273,문경,2025-06-29,27.7,21.8,34,,1.2,78.4,10.3,
273,문경,2025-06-30,28.1,22.6,33.4,,1,74.3,9.4,
273,문경,2025-07-01,28.2,23.2,33.8,,.9,80.4,6,
273,문경,2025-07-02,28.4,23,33.7,,1.3,77.9,9.1,
273,문경,2025-07-03,27.7,24.1,32.7,,1.2,75.6,8.6,
273,문경,2025-07-04,26.3,21.8,30.7,,1.2,76.6,6.5,
273,문경,2025-07-05,27.9,23.5,32.8,,1.5,70.5,11.6,
273,문경,2025-07-06,27.8,23.1,32.2,,1.3,76.5,6.2,
273,문경,2025-07-07,29.9,23.8,35.9,,1.3,72.5,11.3,
273,문경,2025-07-08,28.3,24.1,33.9,,1.3,77,8.1,
273,문경,2025-07-09,27.4,22.2,34.8,,1.5,66.9,12.7,
273,문경,2025-07-10,26.6,19.3,34.4,,1.8,51.9,12.7,
273,문경,2025-07-11,25.5,19.3,33.5,,1.8,57.8,12.7,
273,문경,2025-07-12,25.1,17.5,32.6,,1.4,69.5,12.6,
273,문경,2025-07-13,24.5,19.1,31.3,12.5,.9,78.6,4.7,
273,문경,2025-07-14,23.5,19,29.2,.3,1.6,80.5,3.9,
273,문경,2025-07-15,22.1,20.3,24.5,2.5,1.2,86.9,0,
273,문경,2025-07-16,21.6,19.7,23.4,42.8,.9,99.3,0,
273,문경,2025-07-17,21.4,21,21.8,89.1,1.1,100,0,
273,문경,2025-07-18,24.1,20.4,29.5,5.9,1,92.1,2.3,
273,문경,2025-07-19,22.4,21.8,23.6,33.5,1,99.8,0,
273,문경,2025-07-20,24.6,21.6,28.8,1,.6,93.1,2.2,
273,문경,2025-07-21,26.5,23.2,32.2,1.4,.7,88.8,4,
273,문경,2025-07-22,27,22.8,31.9,6.3,1.1,84.3,7,
273,문경,2025-07-23,27.5,22,33.1,,1.2,80,10,
273,문경,2025-07-24,27.4,22.1,34.3,,1.1,79,11.4,
273,문경,2025-07-25,27.6,21.8,33.8,,1,79.4,12.1,
273,문경,2025-07-26,27.8,21.7,33.9,,1.3,79.5,11.6,
273,문경,2025-07-27,28.2,22.8,33.9,,1.2,79.5,12,
273,문경,2025-07-28,28.8,23,35.5,,1.1,77.6,12.1,
273,문경,2025-07-29,28.4,23.5,34.4,,1.1,78.4,12.4,
273,문경,2025-07-30,27.9,21.7,33.6,,1.2,76.5,12,
273,문경,2025-07-31,27.6,23.8,34.2,0,1,79.4,6.9,
273,문경,2025-08-01,28.2,21.9,34.9,,1.1,74.8,12.2,
273,문경,2025-08-02,28.9,23.5,35.4,,1,75.5,10.2,
273,문경,2025-08-03,26.5,22.4,30.6,18.8,.8,87.1,0,
273,문경,2025-08-04,26.5,22.3,33,20.3,.9,91.1,3.5,
273,문경,2025-08-05,28.2,23.7,33,,1,80.9,8.7,
273,문경,2025-08-06,26.8,25.1,31.5,5.2,1.3,88.9,.9,
273,문경,2025-08-07,26.9,22.6,31.7,,2.1,75.3,8.2,
273,문경,2025-08-08,25.6,20.6,31.2,,1,79.3,9.2,
273,문경,2025-08-09,22.7,20.1,25.3,1.4,.6,95,0,
273,문경,2025-08-10,24.2,18.1,30.5,,.9,79.8,11.4,
273,문경,2025-08-11,23,20.1,27,2.1,.7,91,.2,
273,문경,2025-08-12,22.1,18.3,26.2,1.5,1,94.6,.4,
273,문경,2025-08-13,25.1,22.8,29.6,2,.6,95.1,.9,
273,문경,2025-08-14,26.9,23.2,32.6,,1.2,84,7,
273,문경,2025-08-15,26.6,23.1,32.4,4.6,1.1,86.1,8.3,
273,문경,2025-08-16,26.9,22.3,32.7,,1.2,80.5,10.1,
273,문경,2025-08-17,26.7,21.6,32.2,,1.3,79.6,9.4,
273,문경,2025-08-18,27.1,22.4,33.2,,.9,79.6,6.5,
273,문경,2025-08-19,28,23.4,33.4,,1.2,76.9,8.1,
273,문경,2025-08-20,27.7,22.8,33.6,,.9,78.5,8.1,
273,문경,2025-08-21,28.1,23.6,34.5,,1.1,74,11.2,
273,문경,2025-08-22,28.1,22.5,34.4,,1.2,78.5,11.1,
273,문경,2025-08-23,28.7,22.9,34.8,,1.6,75,11.8,
273,문경,2025-08-24,28.7,23.8,35.2,,.9,76.3,8.5,
273,문경,2025-08-25,28.8,23.7,35.3,,1,74.9,8.6,
273,문경,2025-08-26,25.6,23.1,29.2,12.4,.8,90.5,1.3,
273,문경,2025-08-27,25.7,20.8,32.4,1.3,1,80.4,10.7,
273,문경,2025-08-28,25.8,22.3,31.7,,.9,85.6,4.1,
273,문경,2025-08-29,27.4,22.3,33.4,,1.2,81.9,8.5,
273,문경,2025-08-30,28.1,22.9,34.3,,1,76.9,9.5,
273,문경,2025-08-31,25.9,22.6,31.5,.5,1,88.3,6.2,
273,문경,2025-09-01,26.1,23.4,33.1,22.5,1.1,88.8,3.7,
273,문경,2025-09-02,24.4,19,29.3,.5,.8,86,3.9,
273,문경,2025-09-03,24.5,18,31.6,,.8,81.4,9.8,
273,문경,2025-09-04,25,21.6,31.1,,.9,82.6,3.5,
273,문경,2025-09-05,26.1,20.3,32.5,,1.1,79.6,10.6,
273,문경,2025-09-06,26.4,22.4,32.8,.1,.9,80.1,3.9,
273,문경,2025-09-07,25,19.8,30.1,2,1.3,83.8,1.1,
273,문경,2025-09-08,21.2,16.4,25.1,,.9,86.1,1.8,
273,문경,2025-09-09,19.3,18.3,21.5,5.4,.7,95.4,0,
273,문경,2025-09-10,22.9,18.6,28.7,.2,.8,85.1,5.6,
273,문경,2025-09-11,22.2,16.3,30.5,,1.5,77.8,9.5,
273,문경,2025-09-12,21.2,18.3,25.3,33.7,.6,90.4,0,
273,문경,2025-09-13,24,20.5,30.2,23.8,1,90.8,4.5,
273,문경,2025-09-14,22.4,19.8,27,1,.7,92.4,1.4,
273,문경,2025-09-15,23.4,19.5,29.3,,.9,88.9,4.3,
273,문경,2025-09-16,24.3,20.7,32,1.4,.9,89.4,4.3,
273,문경,2025-09-17,22.9,21.8,26.2,16,.8,97.4,.1,
273,문경,2025-09-18,19.8,16,23.5,.1,1.3,90.3,2,
273,문경,2025-09-19,18.4,16.1,21.7,11.6,.8,89.3,.5,
273,문경,2025-09-20,19.4,16.4,23.8,48.1,1.7,90.3,3.2,
273,문경,2025-09-21,20.1,15.6,26,,1.2,80.3,6.7,
273,문경,2025-09-22,18.7,15.1,25,,1.3,80.4,2,
273,문경,2025-09-23,19.5,15.5,25.8,.1,1.5,79.6,6.3,
273,문경,2025-09-24,21,17.4,24.9,1.9,.7,90,.2,
273,문경,2025-09-25,21.5,18.6,24.3,5.4,.8,97.3,0,
273,문경,2025-09-26,20.8,16.2,27,,1.1,82.8,10.2,
273,문경,2025-09-27,20.6,15.2,26.9,,1.1,82.8,7,
273,문경,2025-09-28,19.6,18.5,21,22.4,.9,93,0,
273,문경,2025-09-29,19.4,15.3,24.9,,1.1,81,5.2,
273,문경,2025-09-30,17.9,13.8,24.1,,.9,87.8,4.5,
276,청송군,2025-05-15,20.6,15,26.9,.1,1.6,77,1.7,12.85
276,청송군,2025-05-16,19.7,16.3,25,16.9,1.1,90.3,.2,7.56
276,청송군,2025-05-17,21.1,15.9,27.3,5.8,2.6,75.3,6.9,22.07
276,청송군,2025-05-18,16.6,9.3,23.1,,2.7,62.3,8.9,24.7
276,청송군,2025-05-19,19.2,7,27.1,,2.3,65.3,10.9,28.09
276,청송군,2025-05-20,24.5,15,32.8,,2,71,12.2,28.47
276,청송군,2025-05-21,23.5,18.5,30.7,,1.7,78.9,5.5,19.67
276,청송군,2025-05-22,16,10.3,18.6,0,1.9,75.9,.2,7.61
276,청송군,2025-05-23,14.7,6.8,21.6,,1.9,61.5,6.2,20.73
276,청송군,2025-05-24,12.9,11.3,15.1,1.7,2,73.6,0,4.01
276,청송군,2025-05-25,15.6,9.9,23.5,.6,2,69.6,9.9,28.09
276,청송군,2025-05-26,16.6,7.5,26.7,,1.4,66.6,8.5,23.92
276,청송군,2025-05-27,18.2,9.5,27.5,,1.5,60.5,11,25.5
276,청송군,2025-05-28,17.5,10.2,27.7,5.3,1.7,69.6,9.3,22.79
276,청송군,2025-05-29,16.5,10.6,26.1,.8,1.9,80,8.5,24.36
276,청송군,2025-05-30,15.4,8.8,23.8,,1.7,72.8,10.5,28.11
276,청송군,2025-05-31,16.6,5.7,27.7,,1.5,64.3,13,27.66
276,청송군,2025-06-01,20.3,9,31,,1.5,61.9,9.8,27.18
276,청송군,2025-06-02,19.4,14.5,25.5,0,.9,70.5,0,8.79
276,청송군,2025-06-03,21,15.6,27.7,,2.6,46.9,5.2,19.24
276,청송군,2025-06-04,20.6,12.7,27.8,,4.3,30.9,11,27.4
276,청송군,2025-06-05,20.5,9,29.8,,2.1,46.6,11.4,30.45
276,청송군,2025-06-06,21.4,12.3,31.5,,1.7,50.3,5.2,20.96
276,청송군,2025-06-07,23,12.4,33.1,,1.6,48.1,10.9,27.36
276,청송군,2025-06-08,23.3,16.7,31.3,,1.4,56.8,6.8,21.08
276,청송군,2025-06-09,24,15.7,32.3,,1.3,61.4,7.2,22.36
276,청송군,2025-06-10,24.8,16.3,32.8,,2.5,53.5,9.5,24.36
276,청송군,2025-06-11,23.5,17,30.6,,2.9,39.5,11.6,31.23
276,청송군,2025-06-12,22.8,14.6,31.7,0,1.7,57.5,10.2,26.12
276,청송군,2025-06-13,20.4,15,28.3,33.2,1.1,76.6,.2,11.14
276,청송군,2025-06-14,22.1,17.5,31.1,101.2,1.6,88.1,4.3,18.07
276,청송군,2025-06-15,25.8,17.5,33.1,0,1.3,77.5,6.3,23.31
276,청송군,2025-06-16,24.4,19.6,30,2.1,1.5,85.1,3.3,12.9
276,청송군,2025-06-17,23.9,17.5,30.1,,1.3,81,4.6,17.49
276,청송군,2025-06-18,24.9,19.3,32.1,.5,2,71.8,10.2,28.23
276,청송군,2025-06-19,25.6,17.2,34.2,,1.1,69.5,8.4,24.66
276,청송군,2025-06-20,24.6,20.5,28.5,2.3,1.8,83.5,.1,7.91
276,청송군,2025-06-21,21.8,17.7,24.9,71.7,2.1,94.6,0,4.37
276,청송군,2025-06-22,21.4,16.7,28.8,3.9,1.7,79.9,6.9,20.73
276,청송군,2025-06-23,22.9,15.5,31.3,,1.4,71.5,11.6,29.9
276,청송군,2025-06-24,19.8,15,26.9,2.7,1.2,81.4,1.8,12.02
276,청송군,2025-06-25,21.8,18.1,27.1,3.4,1.6,86.9,2.6,12.66
276,청송군,2025-06-26,22,18.4,28,,2,84.8,1.6,12.88
276,청송군,2025-06-27,24.7,17,32.7,,1,77.3,11.9,28.54
276,청송군,2025-06-28,26.8,20.1,33.6,0,.9,79.1,4,19.34
276,청송군,2025-06-29,28.5,22.9,35.3,,1.2,75.1,9.3,25.57
276,청송군,2025-06-30,28.2,22,35,,1.5,72.3,9.1,23.25
276,청송군,2025-07-01,28.7,22.8,35.7,,1.7,72.4,9.8,24.3
276,청송군,2025-07-02,28.9,23,35.1,,1.8,68.5,9.3,25.59
276,청송군,2025-07-03,28.7,22.7,35.5,,1.8,63.6,11.7,28.47
276,청송군,2025-07-04,27.3,21.6,33.9,,2.4,60.8,7.9,23.64
276,청송군,2025-07-05,29,23.5,35.2,,2.8,59.3,11.8,29.08
276,청송군,2025-07-06,28.3,24.1,34.1,,2.7,66.3,8,23.74
276,청송군,2025-07-07,29.6,22.8,37,,1.5,65.5,10.1,26.14
276,청송군,2025-07-08,27.2,22.2,33.3,,1.7,67.5,10.1,23.55
276,청송군,2025-07-09,26.4,19.7,34.3,,2,48.4,13.3,30.9
276,청송군,2025-07-10,25.6,17.9,32.4,,2.3,53.3,12.7,29.97
276,청송군,2025-07-11,25,18.7,30.7,,2.8,55.8,13.2,30.76
276,청송군,2025-07-12,24.9,18.4,32.8,,1.9,58.9,12.7,30.21
276,청송군,2025-07-13,24,15.3,34.6,50.7,1.3,64.9,5.7,17.4
276,청송군,2025-07-14,23.3,19.4,29.9,35.9,1.8,76.3,4.4,19.11
276,청송군,2025-07-15,22.6,19.3,27.1,.3,1.3,77.6,1.1,12.52
276,청송군,2025-07-16,21.7,18.1,27.5,6.4,1,86.5,0,5.88
276,청송군,2025-07-17,21.4,19.9,23,40.3,1.4,91.6,0,2.37
276,청송군,2025-07-18,25,20.4,32,13.4,1.6,81.8,3.6,16.6
276,청송군,2025-07-19,22,20.8,24.3,57.1,1.5,91.3,.9,3.72
276,청송군,2025-07-20,24.5,20.3,29.2,,.8,86.3,.7,11.82
276,청송군,2025-07-21,26.6,21.4,33.4,.2,1.1,77.1,4.2,16.33
276,청송군,2025-07-22,27.7,21.7,34.3,,1.4,72.1,7.5,21.82
276,청송군,2025-07-23,28.1,22.2,35.9,,1,79.6,,
276,청송군,2025-07-24,28,21.9,36.1,,1.1,79,11,27.95
276,청송군,2025-07-25,27.6,19.8,35.4,,1.6,75.8,12.9,30.35
276,청송군,2025-07-26,27.3,20.2,35,,1.4,79.1,11.7,25.29
276,청송군,2025-07-27,28.2,21.2,35.3,,1.9,73.9,12.7,29.3
276,청송군,2025-07-28,28.9,20.3,37.5,,1.4,69.3,11.8,28.86
276,청송군,2025-07-29,28.4,21.9,36.2,,1.8,64.3,12.8,29.33
276,청송군,2025-07-30,27.3,19.2,35.2,,1.6,68,12.7,29.06
276,청송군,2025-07-31,26.8,21,35.1,,1.1,71.5,6.3,19.88
276,청송군,2025-08-01,27.5,18.5,38.2,,1.3,62.1,11.6,27.75
276,청송군,2025-08-02,28.5,20.3,36.7,,1.5,66,8.7,24.31
276,청송군,2025-08-03,27.6,23.1,33.8,10.4,1,79.5,.2,11.99
276,청송군,2025-08-04,28.3,23,33,23.9,1.9,81.4,2.8,13.85
276,청송군,2025-08-05,28.5,24.3,34.2,5.1,1.5,80.8,5.7,20.19
276,청송군,2025-08-06,27.4,23.9,33.2,21.1,1.6,90.9,2.7,14.58
276,청송군,2025-08-07,25.8,20.9,32.7,2,2.4,89.3,2.7,13.94
276,청송군,2025-08-08,25,20.2,32.8,,1.4,88.3,5.8,20.97
276,청송군,2025-08-09,23.5,21.8,26,1.6,.7,99.3,0,5.58
276,청송군,2025-08-10,24.6,19.8,30.7,.2,1.4,84.4,9.6,24.85
276,청송군,2025-08-11,22.7,18.2,29.6,1.3,1.2,88,1.8,13.73
276,청송군,2025-08-12,22.9,19,26.4,.2,1.3,94.6,1.1,10.22
276,청송군,2025-08-13,26.5,22.3,33.4,.2,1.1,90.3,4.7,17.96
276,청송군,2025-08-14,27.6,21.7,33.9,,2,82.4,9,22.9
276,청송군,2025-08-15,27.8,22.6,34.3,,1.5,83.3,8.3,21.86
276,청송군,2025-08-16,27.3,21.7,34.5,,1.4,81.1,9.9,25.21
276,청송군,2025-08-17,26.5,19.6,33.5,,1.9,80,12.2,26.58
276,청송군,2025-08-18,26.7,20.9,34.6,0,1.3,83.1,5.6,20.29
276,청송군,2025-08-19,27.9,22.7,34.6,,1.9,80.9,8.4,22.61
276,청송군,2025-08-20,28.5,22.6,35.2,,1.7,78.3,9.8,23.59
276,청송군,2025-08-21,28.3,22.3,35.8,,1.4,81.3,10.1,22.18
276,청송군,2025-08-22,28.4,22,36.5,,1.4,79.1,9.8,21.59
276,청송군,2025-08-23,28.5,21,36.7,,1.3,76.1,11.5,25.25
276,청송군,2025-08-24,29.6,21.9,37.4,,1,77.6,9.9,22.28
276,청송군,2025-08-25,29.6,23,36.9,,1.5,77.6,9.8,21.54
276,청송군,2025-08-26,27.5,23.3,32.3,0,2.2,84,4.9,15.9
276,청송군,2025-08-27,26.5,20.9,34.5,,1.7,79.8,6.7,20.92
276,청송군,2025-08-28,26.9,21,33.5,,1.4,81,3.5,16.21
276,청송군,2025-08-29,27.8,21.7,35.5,,2.2,79.4,9,19.69
276,청송군,2025-08-30,28.2,21.3,37.3,,1.6,77.9,10.5,23.16
276,청송군,2025-08-31,26.3,21.4,35.1,.4,1,89.5,5.5,14.36
276,청송군,2025-09-01,27.7,23.3,34.5,1,1.5,82.3,5.6,17.82
276,청송군,2025-09-02,25.2,20.6,31.6,2.2,1,89,2.6,10.93
276,청송군,2025-09-03,24.7,19,32.9,,1.6,84,8.5,22.33
276,청송군,2025-09-04,25.5,19.5,32.6,.1,1.3,85.4,3.1,12.6
276,청송군,2025-09-05,26.5,20.7,34,.1,1.9,74.9,9.3,21.51
276,청송군,2025-09-06,27.7,22.4,35,0,1.8,78.3,8.4,19.71
276,청송군,2025-09-07,25.4,21.3,29.9,3.8,1.8,91.6,.1,8.46
276,청송군,2025-09-08,23.4,19.3,28.5,0,1,77.8,1.6,10.99
276,청송군,2025-09-09,19.3,17.7,20.9,16.6,1.3,97.3,0,3.33
276,청송군,2025-09-10,21.5,16.3,28.2,20.9,1.4,87.8,4.4,14.46
276,청송군,2025-09-11,21.3,15.8,28.8,,1.8,83.6,7.8,19.61
276,청송군,2025-09-12,21.8,18,25.7,2.7,1.3,93.8,0,5.28
276,청송군,2025-09-13,23,19.7,28.5,17.9,1.5,95,.8,7.73
276,청송군,2025-09-14,22.4,19.5,27.8,.2,1.1,91.8,1.3,11.26
276,청송군,2025-09-15,24.3,19.6,32,,.8,88.3,5.3,16.56
276,청송군,2025-09-16,25.8,20.8,32.5,0,1.5,87.3,6.9,17
276,청송군,2025-09-17,24,20.9,32.2,7.9,1.2,93.6,3.2,10.47
276,청송군,2025-09-18,18.8,14.6,22.1,3.9,1.4,90.3,.9,6.7
276,청송군,2025-09-19,19.2,14.6,23,0,1.3,85.8,.6,8.98
276,청송군,2025-09-20,19.9,17.8,24.3,24.5,1.8,94.9,1,8.11
276,청송군,2025-09-21,19.1,13.8,24.6,,1.7,83.6,8.1,18.42
276,청송군,2025-09-22,17.4,13.4,23.2,,1.6,86.6,.7,10.67
276,청송군,2025-09-23,18.4,13.9,24.5,0,1.3,86.4,3.9,12.05
276,청송군,2025-09-24,22.3,15.2,27.7,,.9,93,.9,8.21
276,청송군,2025-09-25,22.8,20.9,26.6,8.2,1.2,95.1,.4,7.65
276,청송군,2025-09-26,20.7,16,28.8,,1.3,86.4,7.3,19.05
276,청송군,2025-09-27,20.3,14.4,27.7,0,1.5,85.8,8.3,19.88
276,청송군,2025-09-28,19.4,16.2,22.6,7.8,1.1,96.9,.1,4.96
276,청송군,2025-09-29,19.5,14.8,25.1,,1.5,84.3,4.3,14.97
276,청송군,2025-09-30,18,12.7,25,,.9,88.4,4.9,13.68
277,영덕,2025-05-15,21.8,17,26.2,0,1.8,67.8,.6,
277,영덕,2025-05-16,21.4,15.8,26.1,18.9,1.7,79,.2,
277,영덕,2025-05-17,20.8,15.4,25.1,37.5,2.5,74.4,9.4,
277,영덕,2025-05-18,15.7,9.9,21.3,,3,64.1,9.8,
277,영덕,2025-05-19,19.2,9.8,27,,1.6,65.5,10.4,
277,영덕,2025-05-20,25.3,16.8,32.9,,2.5,64,12,
277,영덕,2025-05-21,20.8,14.3,28.7,,2.5,80.5,5.8,
277,영덕,2025-05-22,14.3,10.1,17.5,0,4.4,80.6,1.2,
277,영덕,2025-05-23,14.1,8,20.1,,3,80.3,6.6,
277,영덕,2025-05-24,12.7,11.2,14.4,4.3,5,89.6,0,
277,영덕,2025-05-25,14,10.1,19.8,3.4,1.8,81.3,12.2,
277,영덕,2025-05-26,16.7,9.2,23.7,,1.9,76,11.5,
277,영덕,2025-05-27,16.8,11.9,22.9,,2,81.1,11.7,
277,영덕,2025-05-28,16,11.3,22.1,5.3,1.5,88.5,7.3,
277,영덕,2025-05-29,15.2,11,20.3,,1.7,88,8.4,
277,영덕,2025-05-30,15.1,9.7,22,,2.8,83.5,9.3,
277,영덕,2025-05-31,16.3,7.7,25.1,,2.1,63.4,12.4,
277,영덕,2025-06-01,16.8,10.2,22.1,,1.5,83.8,10.7,
277,영덕,2025-06-02,18.1,14.1,22.6,0,.9,85.4,0,
277,영덕,2025-06-03,19.1,15.5,23.8,2,1.6,72.4,6.8,
277,영덕,2025-06-04,21.4,14.1,27.9,,3.3,38.5,13.3,
277,영덕,2025-06-05,22.8,15.3,29.4,,2.3,45.3,11.4,
277,영덕,2025-06-06,25.1,19.2,31.3,,2.4,38.1,6,
277,영덕,2025-06-07,24.4,20.3,30.3,,2.1,48,9.6,
277,영덕,2025-06-08,22.6,17.8,29.2,,1.7,64.8,8.7,
277,영덕,2025-06-09,23.4,17.1,29.6,,1.9,66.4,9.2,
277,영덕,2025-06-10,26.4,18.2,34.2,,2.4,54.6,9.8,
277,영덕,2025-06-11,23,16.7,29.2,,3.1,54.1,12.2,
277,영덕,2025-06-12,20.2,15.2,26.4,,1.6,76.8,10.4,
277,영덕,2025-06-13,20,15.1,25.4,17.3,1.4,80.8,.2,
277,영덕,2025-06-14,20.2,18,28,79.5,1.3,92.1,4.2,
277,영덕,2025-06-15,22.2,17.5,27.4,.1,1.2,86.6,10.7,
277,영덕,2025-06-16,24.6,21.3,27,3.2,1.6,82.8,2.8,
277,영덕,2025-06-17,23.6,20.5,28.8,,1.3,78.8,4.5,
277,영덕,2025-06-18,26,20.3,31.1,,2,66.1,12.6,
277,영덕,2025-06-19,27.1,21,33,,1.6,60.6,10.9,
277,영덕,2025-06-20,26.4,23,29,.2,2.5,72.1,.3,
277,영덕,2025-06-21,22.8,18.3,27.1,33.1,2.4,87.8,0,
277,영덕,2025-06-22,22.6,17.4,28.2,8.9,2.3,72.4,6.1,
277,영덕,2025-06-23,23.5,18.2,28.7,,1.8,67.4,13.8,
277,영덕,2025-06-24,19.5,16.6,25.1,3.7,2.1,90.1,2.8,
277,영덕,2025-06-25,19.3,17.6,22.3,2.2,.9,95.4,0,
277,영덕,2025-06-26,23.9,18.2,28.1,,2.6,72.5,6.6,
277,영덕,2025-06-27,25.2,21.4,30.7,,1.9,70,12.1,
277,영덕,2025-06-28,25.4,20.7,31.2,0,1.3,83.3,2.7,
277,영덕,2025-06-29,28.2,23.7,34.5,,1.9,75,13.2,
277,영덕,2025-06-30,29.2,25,34.4,,1.9,68,13.1,
277,영덕,2025-07-01,28.1,24.2,33.4,,1.7,74,10,
277,영덕,2025-07-02,29.8,25.9,35,,2.3,65.8,12.7,
277,영덕,2025-07-03,30,26,34.9,,2.3,62.5,11.6,
277,영덕,2025-07-04,29.5,27.3,34.9,,2.5,55.3,6.2,
277,영덕,2025-07-05,30.3,26.3,35,,3.2,58.5,13.1,
277,영덕,2025-07-06,29.7,24.1,35.2,,2.9,65,9.3,
277,영덕,2025-07-07,29.5,24.5,34.4,,2.2,71.5,12.6,
277,영덕,2025-07-08,25.7,23.2,30.4,,3.5,77.9,10.8,
277,영덕,2025-07-09,24.9,20.4,30.5,,3.1,66.6,13.9,
277,영덕,2025-07-10,24.6,19.3,29.1,,4.6,73.9,12.8,
277,영덕,2025-07-11,24.6,21.9,28.7,,6,79.4,12.6,
277,영덕,2025-07-12,23.4,19.7,29,,2.9,81.1,12.9,
277,영덕,2025-07-13,23.3,16.9,30.9,35.5,1.4,82.3,6.4,
277,영덕,2025-07-14,20.8,19.6,25.4,43,2.6,94.1,2.3,
277,영덕,2025-07-15,23.3,19.2,28.7,,1.7,79.4,5,
277,영덕,2025-07-16,22.7,19.7,28.5,4.2,.9,88.6,.3,
277,영덕,2025-07-17,22.7,20.7,25.9,,1.1,93.5,0,
277,영덕,2025-07-18,24.8,21.5,28.9,3,1.8,88.5,4.4,
277,영덕,2025-07-19,22.5,21.4,24.1,34.3,1.8,94.3,1,
277,영덕,2025-07-20,25.3,21,29,,1.4,87.5,1.4,
277,영덕,2025-07-21,27.9,22.6,32.9,0,1.5,76.9,9.1,
277,영덕,2025-07-22,28.3,24.8,33.7,,1.6,74.5,11.3,
277,영덕,2025-07-23,27.8,23.5,32.1,,1.4,73.1,12.3,
277,영덕,2025-07-24,26.8,22.2,32.1,,2.1,74.8,12.5,
277,영덕,2025-07-25,26.6,21.1,32,,1.8,75.6,13.6,
277,영덕,2025-07-26,27.2,21.7,32.4,,1.9,74.8,13.5,
277,영덕,2025-07-27,27.6,22.8,32.3,,2.1,70.1,13.5,
277,영덕,2025-07-28,27.6,21.9,34.1,,1.6,71.5,13.4,
277,영덕,2025-07-29,26.7,21.3,32.3,,1.7,77.8,13.4,
277,영덕,2025-07-30,26.6,21.6,32.1,,1.5,83.3,12.1,
277,영덕,2025-07-31,26.8,22.8,32.3,,1,83.9,8.4,
277,영덕,2025-08-01,26.6,21.7,32.2,,1.3,85.4,13.1,
277,영덕,2025-08-02,27.5,22.3,35.5,,1.3,80.8,12.1,
277,영덕,2025-08-03,27.3,24.3,31.9,2.4,1.2,83.3,.7,
277,영덕,2025-08-04,26.7,22.5,33.5,19.6,1.9,85.4,4.9,
277,영덕,2025-08-05,28.1,22.9,33.9,3.7,1.4,78.6,9.8,
277,영덕,2025-08-06,27.3,24.3,33.9,7.2,1.8,82.8,3.3,
277,영덕,2025-08-07,25.3,21.5,29.4,,2.3,80.9,4.5,
277,영덕,2025-08-08,24.7,20.2,29.1,0,1.4,85.1,9.9,
277,영덕,2025-08-09,23.6,21.5,26.9,.6,.7,90.9,0,
277,영덕,2025-08-10,23.8,20.2,29.1,,1.9,82.8,10.2,
277,영덕,2025-08-11,22.6,19.3,27.6,2.6,1.1,85.4,1.2,
277,영덕,2025-08-12,22.6,19.6,25.7,6,.7,90.1,1.1,
277,영덕,2025-08-13,26.4,22.2,31.1,.2,1.6,86.6,4.3,
277,영덕,2025-08-14,28.7,23.6,34.9,,1.8,69.4,10.5,
277,영덕,2025-08-15,27.5,23.1,32.3,,1.8,70.9,12.1,
277,영덕,2025-08-16,28.8,23.1,35,,2.5,68,12.5,
277,영덕,2025-08-17,28,22.2,34.8,,2.2,68.8,12.5,
277,영덕,2025-08-18,28.5,23.6,35,,2,67.4,5.1,
277,영덕,2025-08-19,30.3,25.9,35.6,,2.5,59.9,9.2,
277,영덕,2025-08-20,29.8,25.4,36.6,,2,63,10.3,
277,영덕,2025-08-21,28.5,23.6,35.3,,1.5,70,10.8,
277,영덕,2025-08-22,28.3,22.5,35.1,,2.1,71.8,11.3,
277,영덕,2025-08-23,29.5,24.9,36.2,,2.1,60.9,12.1,
277,영덕,2025-08-24,28.6,23.4,36,,1.7,69.4,11.1,
277,영덕,2025-08-25,30.6,23.7,37.6,,2.1,65.3,10.3,
277,영덕,2025-08-26,29.2,25.3,35.5,,2.6,66.8,6.8,
277,영덕,2025-08-27,26.8,22.8,31.9,,2.6,75.5,10.8,
277,영덕,2025-08-28,25.7,21.8,29.9,,1.6,82.3,5.5,
277,영덕,2025-08-29,30.2,23.7,36.1,,2.5,61.3,10.3,
277,영덕,2025-08-30,28.2,23.5,36.2,,1.7,72,12,
277,영덕,2025-08-31,27.1,22.1,32.9,.1,1.4,75.4,6.9,
277,영덕,2025-09-01,28.8,23.8,34.1,,1.8,67.6,4.6,
277,영덕,2025-09-02,25,21.5,29.5,.1,1.5,84.9,.6,
277,영덕,2025-09-03,24.3,19.9,31.4,,1.6,82.3,9.9,
277,영덕,2025-09-04,24.8,22.4,32.7,.2,2.6,85.5,2.4,
277,영덕,2025-09-05,25.5,21.8,31.4,0,3.1,75.8,11.5,
277,영덕,2025-09-06,28.6,21.9,36.3,0,2,65.9,8.7,
277,영덕,2025-09-07,26,22.3,30.5,.1,1.9,79.3,0,
277,영덕,2025-09-08,24.7,19.2,29.4,,1.4,64.3,3.6,
277,영덕,2025-09-09,20.9,19,24.8,14.8,1.2,89.1,0,
277,영덕,2025-09-10,21.4,18.6,26.4,26.6,2.6,90.5,6.7,
277,영덕,2025-09-11,22.5,17.5,27.5,,3.4,81.6,11.6,
277,영덕,2025-09-12,22.5,20.5,25.1,10.8,2.5,87.3,0,
277,영덕,2025-09-13,21.3,19.8,27.3,14.8,2.8,95.3,.3,
277,영덕,2025-09-14,22.2,19.4,26.8,0,.8,91.1,1.2,
277,영덕,2025-09-15,24.6,21.1,30.9,,1.3,75.4,5.7,
277,영덕,2025-09-16,26.4,21.9,32.2,0,1.6,76.8,7.4,
277,영덕,2025-09-17,23.3,19.3,31,8.6,2,87.4,3.7,
277,영덕,2025-09-18,19.2,16.3,22.3,3.6,2.8,86.8,1.1,
277,영덕,2025-09-19,19.6,16.7,22.9,.1,1.8,80.5,.9,
277,영덕,2025-09-20,19.2,17.3,23,31,2.2,91.5,1.7,
277,영덕,2025-09-21,19.4,15.7,23.3,,3.5,79.8,11,
277,영덕,2025-09-22,19,15.4,24.3,,1.9,77,1.5,
277,영덕,2025-09-23,20,15.7,24,0,2,78.4,6.1,
277,영덕,2025-09-24,22.4,18.5,26.3,.6,1,88.8,.8,
277,영덕,2025-09-25,23,20.2,25.6,1.2,1.2,86.8,0,
277,영덕,2025-09-26,20.6,16.8,26.1,,1.7,79,9.2,
277,영덕,2025-09-27,20.3,15.3,25.8,,1.4,82.8,8,
277,영덕,2025-09-28,20.2,17.1,24.7,3.3,1.3,90.8,.9,
277,영덕,2025-09-29,19.6,16,22.9,,2.3,77.8,7.2,
277,영덕,2025-09-30,18.7,14,24.3,0,1.5,81.9,5.5,
278,의성,2025-05-15,20.8,15.5,27.4,1.7,1.1,78.6,1.5,
278,의성,2025-05-16,19.6,17.3,23.4,19.9,.7,92.6,0,
278,의성,2025-05-17,21.7,16.5,27.7,4.8,1.8,71.5,7.3,
278,의성,2025-05-18,17,10.4,23,,1.8,63.1,6.3,
278,의성,2025-05-19,18.9,7.9,27.9,,1.3,68.1,9.2,
278,의성,2025-05-20,24.2,15.2,32.9,,1,72.9,12,
278,의성,2025-05-21,24.3,18.6,30.3,,.9,76.5,5,
278,의성,2025-05-22,18.4,15,22,,1.1,76.6,.6,
278,의성,2025-05-23,17.6,11.4,24.2,,1.5,53,2.2,
278,의성,2025-05-24,14.6,12.4,17.2,.3,1.5,71.5,0,
278,의성,2025-05-25,17,11.7,24.9,.2,1.2,69,10.2,
278,의성,2025-05-26,18,9.5,27.2,,.8,63.4,11.5,
278,의성,2025-05-27,19.4,10.9,27.8,,.9,62.8,12,
278,의성,2025-05-28,19.2,11.5,28.8,17.5,1.1,72.4,11,
278,의성,2025-05-29,17.2,12.6,26.7,1.6,.8,86,5,
278,의성,2025-05-30,18.1,11.2,26,,1,66.5,9.8,
278,의성,2025-05-31,18.2,8.6,27.2,,.9,67.8,10.4,
278,의성,2025-06-01,21.2,11.5,30.7,,.8,66,10.9,
278,의성,2025-06-02,20.2,16.1,25.3,0,.7,76,0,
278,의성,2025-06-03,21.7,14.5,28.6,,1.9,55.5,8.7,
278,의성,2025-06-04,20.1,9.4,28.8,,2.4,47.9,13.1,
278,의성,2025-06-05,20.3,10.3,29.2,,1.4,58.3,11,
278,의성,2025-06-06,21.6,13.6,31,,1,63.3,3.7,
278,의성,2025-06-07,23.3,13.6,32.4,,.9,59.1,10.8,
278,의성,2025-06-08,24.7,17.5,32.4,,.9,63.1,9.4,
278,의성,2025-06-09,25,18.3,33.4,,1,67.8,9.3,
278,의성,2025-06-10,25.1,18,31.8,,2.1,62.5,6.8,
278,의성,2025-06-11,23.7,16.7,31,,1.7,52.6,11.6,
278,의성,2025-06-12,24.3,16,32.3,,1,53.6,9.7,
278,의성,2025-06-13,20.3,17.2,26.2,23,.7,79.1,0,
278,의성,2025-06-14,22.7,18,29.7,81.2,.8,87.9,4.9,
278,의성,2025-06-15,26.5,19.6,33.3,0,1,75.6,7,
278,의성,2025-06-16,24.9,20.9,29.7,3.2,1,85.8,3.1,
278,의성,2025-06-17,24.6,18.9,30.6,.1,1,80.5,5.8,
278,의성,2025-06-18,25.9,20.8,32.4,,1.3,71.3,11.9,
278,의성,2025-06-19,26.2,18.6,34.2,,.8,72.9,8.6,
278,의성,2025-06-20,25.4,23,28.2,4.7,1.3,85.3,0,
278,의성,2025-06-21,21.9,18,25.5,89.9,1.1,96.1,0,
278,의성,2025-06-22,22.1,17.7,29.2,1.3,1.2,80.6,7.3,
278,의성,2025-06-23,23.7,16.5,31.8,,.7,74.4,11.2,
278,의성,2025-06-24,20.7,16.7,27.8,8.7,.6,83.9,.6,
278,의성,2025-06-25,21.6,18.7,26.9,.9,.8,90.8,2.7,
278,의성,2025-06-26,23.1,19.9,28.2,0,1.2,82.5,2.5,
278,의성,2025-06-27,25,18.6,31.7,,.8,80.3,9.1,
278,의성,2025-06-28,26.8,21.4,34,0,.6,81.5,2.9,
278,의성,2025-06-29,28.3,23,35,,.8,78.9,9.7,
278,의성,2025-06-30,29.4,24,35.1,,1,74.9,11.3,
278,의성,2025-07-01,29.6,23.9,35.4,,1.2,77.1,10.5,
278,의성,2025-07-02,29.5,24.1,35.7,,1.3,74.5,10.7,
278,의성,2025-07-03,29,24,35.1,,1.2,72.5,9,
278,의성,2025-07-04,27.7,22.2,33.7,,1.4,72.3,8.8,
278,의성,2025-07-05,28.1,22.4,34.4,,1.5,73.9,11.5,
278,의성,2025-07-06,28.3,21.8,34.2,,1.3,75.9,10.2,
278,의성,2025-07-07,29.8,23.7,38.3,42.4,.9,79.3,9,
278,의성,2025-07-08,28.3,23.2,34.4,,1,77.4,9.8,
278,의성,2025-07-09,27.8,21.3,35.9,,1.2,61,13.3,
278,의성,2025-07-10,26.9,19.1,34.5,,1.6,55.3,10.2,
278,의성,2025-07-11,26.3,19.4,33.5,,1.5,58.5,13.3,
278,의성,2025-07-12,25.7,17.9,34,,1,66.3,13,
278,의성,2025-07-13,24.4,18.1,33.8,24.6,.8,76.3,5.6,
278,의성,2025-07-14,22.7,20.1,29.4,27.2,1,89.4,3.7,
278,의성,2025-07-15,22.7,19.8,26.2,.4,.9,90.4,0,
278,의성,2025-07-16,22.5,19.9,26.2,4.9,.5,96.1,0,
278,의성,2025-07-17,22.1,21,23.7,44.9,.7,98.8,0,
278,의성,2025-07-18,25.1,20.9,32,35.9,.8,89.5,4.6,
278,의성,2025-07-19,22.7,22,24.7,37.4,.7,98.6,.4,
278,의성,2025-07-20,25,20.6,29.7,,.5,91.5,0,
278,의성,2025-07-21,26.7,22,32.5,0,.8,86.9,3.9,
278,의성,2025-07-22,28.5,23.2,34.7,,1,80.1,10,
278,의성,2025-07-23,28.6,23.4,35.3,,.7,79.1,9.9,
278,의성,2025-07-24,28.5,23.2,36.2,,.8,76.6,11.9,
278,의성,2025-07-25,28.2,21,35.7,,.9,74.4,13.1,
278,의성,2025-07-26,28.3,21.6,35.2,,.8,74.9,12.7,
278,의성,2025-07-27,29.3,22.5,36.2,,.9,71.6,13,
278,의성,2025-07-28,29.7,21.8,36.9,,.9,72.9,13.2,
278,의성,2025-07-29,29.8,23.6,37.4,,1,70.3,13,
278,의성,2025-07-30,28.4,20.4,36.7,,.9,70.4,12.3,
278,의성,2025-07-31,28.2,22.8,36.1,,.7,74.6,6.6,
278,의성,2025-08-01,28.7,20.7,37.2,,.9,65.9,12.7,
278,의성,2025-08-02,29.5,22.8,37.5,,.9,74,9.7,
278,의성,2025-08-03,28.2,22.8,32.8,10.5,.8,84.6,.1,
278,의성,2025-08-04,28.5,23,33.2,35.5,1.2,86.1,4.5,
278,의성,2025-08-05,29.7,26.3,34.9,4.1,1.1,79.4,7,
278,의성,2025-08-06,27.9,25.5,32.1,1.7,1,89.8,1.7,
278,의성,2025-08-07,27.3,23.5,32.4,0,1.1,81.8,5.9,
278,의성,2025-08-08,26.2,21.7,32.2,,.8,79.9,8.3,
278,의성,2025-08-09,24.3,22.3,26.6,1.9,.5,95.8,0,
278,의성,2025-08-10,25.4,21.4,32.3,1,.8,81,6.2,
278,의성,2025-08-11,23.9,20.1,30.2,3.2,.7,85.4,1.9,
278,의성,2025-08-12,23.5,20.1,26.4,1.2,.6,91.4,.7,
278,의성,2025-08-13,26.7,23.2,32.9,0,.8,88.9,3.4,
278,의성,2025-08-14,28,22.7,35,,1.2,78.9,9.8,
278,의성,2025-08-15,27.9,22.9,34.1,0,.9,80.4,8.1,
278,의성,2025-08-16,27.8,22.6,34.5,,1.1,76.6,10.1,
278,의성,2025-08-17,27,20.4,33.9,,1.1,75.8,10.9,
278,의성,2025-08-18,27.5,22.2,34.6,,.9,76.5,5,
278,의성,2025-08-19,28.9,23.3,35.5,,1.4,74.1,8.7,
278,의성,2025-08-20,29.3,23.8,35.6,,1.1,73,9.4,
278,의성,2025-08-21,29.4,23.8,36,,1,71.5,10.3,
278,의성,2025-08-22,29,23.2,36.1,,1.1,73,9.8,
278,의성,2025-08-23,29.2,22,36,,1.1,73.9,11,
278,의성,2025-08-24,30.1,23.9,37.4,,.9,72.8,10.8,
278,의성,2025-08-25,29.7,23.9,36.8,.2,1.1,76.5,8.3,
278,의성,2025-08-26,27.1,23.4,32.5,0,1.3,83.4,3,
278,의성,2025-08-27,27.5,21.6,35,,1,71.3,6.9,
278,의성,2025-08-28,27.7,21.6,34.4,,.9,70,4.5,
278,의성,2025-08-29,28.6,22.4,35.7,,1.2,73.3,8.3,
278,의성,2025-08-30,28.7,21.8,36.4,,.9,70.3,9.2,
278,의성,2025-08-31,26.9,22.3,35.3,0,1.1,80,4.8,
278,의성,2025-09-01,27.8,24.2,33.8,.1,1.4,79.9,4,
278,의성,2025-09-02,25.5,19.6,31,1.2,.9,81.9,2.7,
278,의성,2025-09-03,25.5,18.6,33.2,0,.9,75.5,5.5,
278,의성,2025-09-04,26.3,21.1,33.1,.6,1.2,76.8,4,
278,의성,2025-09-05,28.2,22.2,34.9,,1.1,65.9,8.2,
278,의성,2025-09-06,27.3,23.4,34.4,.8,1.2,75.9,6.4,
278,의성,2025-09-07,25.7,22.2,29.7,9,.9,90,.6,
278,의성,2025-09-08,22.9,19.7,26.8,.4,.8,82.9,1.1,
278,의성,2025-09-09,19.9,18.7,21.2,11.3,.7,95,0,
278,의성,2025-09-10,22.7,18.3,29.6,13.7,1,83.4,2.8,
278,의성,2025-09-11,22.7,15.8,31,,1.2,75.5,7.8,
278,의성,2025-09-12,22,18.3,27.2,7.7,.8,90,.1,
278,의성,2025-09-13,23.8,20.7,29.4,21.3,.8,95.5,1.1,
278,의성,2025-09-14,23.2,20.4,28.1,1.2,.7,88.4,1.7,
278,의성,2025-09-15,24.5,20.4,31.1,,.5,85.5,4,
278,의성,2025-09-16,26.2,21.9,33,,.9,86.8,5.8,
278,의성,2025-09-17,24.4,22.2,31.1,4.4,.9,91.3,3.3,
278,의성,2025-09-18,20.6,16.4,23.5,.2,1.2,83.6,0,
278,의성,2025-09-19,20.4,16.2,23.8,0,.6,78.1,.1,
278,의성,2025-09-20,20.4,17.5,25.2,34.1,1.1,90.1,1.7,
278,의성,2025-09-21,20.5,15.4,26.5,,1.4,75.6,8,
278,의성,2025-09-22,19.3,15,25.4,,.9,78,.6,
278,의성,2025-09-23,20.2,16.1,27.2,0,.9,77.3,4.4,
278,의성,2025-09-24,22.6,16.9,27.9,,.5,86.6,.8,
278,의성,2025-09-25,23.1,21.2,26.5,21.9,.6,96.3,.4,
278,의성,2025-09-26,20.7,17,26.8,,.6,87.8,5.2,
278,의성,2025-09-27,21.6,16.2,28.9,,.7,80.1,6.3,
278,의성,2025-09-28,20.1,18,22.1,6.1,.4,97.6,0,
278,의성,2025-09-29,20.2,15.8,26.1,,.7,83.1,6.8,
278,의성,2025-09-30,18.8,13.7,26.1,,.6,84.9,6.5,
279,구미,2025-05-15,20.8,16.7,26.3,1.7,1.2,78.6,1.9,13.85
279,구미,2025-05-16,19.6,17.4,23.4,29,1.1,86.3,0,5
279,구미,2025-05-17,22.5,17,29.9,5.1,1.5,68.3,8.3,22.65
279,구미,2025-05-18,18.1,12.9,24.8,,2,56.3,7.7,24.08
279,구미,2025-05-19,20.6,9.6,30.1,,1.4,63.3,10,25.16
279,구미,2025-05-20,24.9,16.4,33.2,,1.7,71.4,11.9,26.8
279,구미,2025-05-21,24.9,19.5,30.1,0,1.2,75.3,4.7,16.72
279,구미,2025-05-22,20.1,16.1,24.8,0,1.7,74,1.3,10.67
279,구미,2025-05-23,18.3,14,23.4,0,1.5,55.9,2.2,15.91
279,구미,2025-05-24,14.6,12.7,17.2,1.5,1.2,74.3,0,3.64
279,구미,2025-05-25,18.3,12.2,26.3,.9,1.5,66.6,12.6,28.81
279,구미,2025-05-26,20.4,12.2,28.3,,1.1,62.5,10.1,26.77
279,구미,2025-05-27,21.6,13.4,29.7,,1.2,59.8,12.5,27.1
279,구미,2025-05-28,21.1,13.8,30.3,.4,1.2,63.6,10.7,24.9
279,구미,2025-05-29,19.5,14.5,28.8,29.5,1.2,74.3,7.1,23.18
279,구미,2025-05-30,18.9,13.7,26.4,0,1.2,69.9,8.6,23.69
279,구미,2025-05-31,20.4,11.5,28.9,,1,62.3,11.5,24.47
279,구미,2025-06-01,23,14.1,31.7,,.9,58.9,11.9,27.41
279,구미,2025-06-02,20.9,18.2,25.4,0,1,71.3,0,9.52
279,구미,2025-06-03,22.8,17.9,29.3,,2.1,51.3,8.8,24.59
279,구미,2025-06-04,22.3,12.6,29.7,,2.3,37.9,12.8,30.14
279,구미,2025-06-05,22.5,14.5,30.5,,1.4,49,11.7,28.44
279,구미,2025-06-06,22.6,16.1,30.1,,1.3,53.8,5,19.11
279,구미,2025-06-07,24.6,15,33.9,,1.1,55.1,10.9,26.58
279,구미,2025-06-08,26.2,19.4,33.1,,1.1,60.5,9.9,25.54
279,구미,2025-06-09,26.5,21.8,33.1,.3,1.2,67.5,8.4,23.51
279,구미,2025-06-10,26.2,20.4,33.1,,1.6,57.6,8.2,21.69
279,구미,2025-06-11,25,18.6,32.1,,2,46,11.6,29.73
279,구미,2025-06-12,25.5,18.2,32.3,,1,47.1,8.8,23.15
279,구미,2025-06-13,21.1,18.7,26.1,25.2,1,74.4,.1,8.97
279,구미,2025-06-14,22.2,18.4,28.6,79.5,.8,87.9,3.4,12.62
279,구미,2025-06-15,26.7,20.4,32.1,0,1.6,76.5,8.6,24.93
279,구미,2025-06-16,25.5,21.5,31,1.3,1.2,78.4,4.4,15.08
279,구미,2025-06-17,25.5,20.6,31.9,0,1.3,,,
279,구미,2025-06-18,26.7,21.1,33.5,0,1.2,,12.1,27.7
279,구미,2025-06-19,26.8,19.5,32.9,0,1.6,65.4,8.6,22.36
279,구미,2025-06-20,26.3,24.4,28.1,3.6,2,76,0,4.92
279,구미,2025-06-21,22.3,18.2,26,102,1.3,90.8,0,2.43
279,구미,2025-06-22,22.8,17.5,30,.8,1,72.9,7.7,22.57
279,구미,2025-06-23,25,17.5,32.4,,.8,64.5,12.8,29.07
279,구미,2025-06-24,20.5,17.9,26.3,20.1,.8,83.4,.9,8.35
279,구미,2025-06-25,22.7,18.2,29.3,1.1,1,78.5,4.3,15.62
279,구미,2025-06-26,24.9,21.2,30.1,,1.2,71.8,2.4,18.13
279,구미,2025-06-27,26.4,20,33,,1.1,71.8,11.7,26.31
279,구미,2025-06-28,26.8,23,34.6,5,1,80,4.7,18.66
279,구미,2025-06-29,28.3,23.3,34.9,,1,78.1,5.9,21.81
279,구미,2025-06-30,29.6,24.4,35.1,,.9,71.5,9.4,24.04
279,구미,2025-07-01,30.1,24.5,36.2,,1.2,71.4,10,25.68
279,구미,2025-07-02,30.5,24.9,36.4,,1.2,68.8,11.2,25.47
279,구미,2025-07-03,30.1,26.4,35.9,,1.3,67.6,10,25.78
279,구미,2025-07-04,28.8,24.4,34.7,,1.4,66.8,10.9,25.47
279,구미,2025-07-05,29.1,23.5,35.4,,1.5,66.9,12.6,28.5
279,구미,2025-07-06,29.4,23.6,35,,1.5,69.3,12.2,24.53
279,구미,2025-07-07,31.7,25.1,38.3,0,1.4,64.8,11.1,26.24
279,구미,2025-07-08,29.9,25.2,34.6,,1.3,64.9,10.2,22.89
279,구미,2025-07-09,29.3,22.7,36.9,,1.4,53.1,12.9,28.9
279,구미,2025-07-10,28,21.5,36,,1.7,51.9,6.6,23.37
279,구미,2025-07-11,28.1,21.4,35.1,,1.8,49.4,12.8,28.51
279,구미,2025-07-12,26.8,19.6,33.7,,1.3,57.8,12.5,26.56
279,구미,2025-07-13,25.2,20.5,34.1,31.3,1,71.1,5.5,16
279,구미,2025-07-14,24.6,20.2,31.6,3.9,1.6,74.1,5.9,20.85
279,구미,2025-07-15,23.8,21.1,26.9,0,1.2,78.5,.2,10.13
279,구미,2025-07-16,23,20.1,26,6.1,1.1,88.1,0,4.14
279,구미,2025-07-17,23.5,21.6,25.2,46.9,1.7,87.4,0,1.22
279,구미,2025-07-18,25.7,21.4,33.3,14.2,1.6,81.5,4.4,19.19
279,구미,2025-07-19,22.7,22.4,23.8,39.5,1.4,93.9,0,1.56
279,구미,2025-07-20,26.8,21.4,32.2,0,.9,79.8,3.7,16.6
279,구미,2025-07-21,27.1,23.5,31.3,.1,1.1,82.1,3.5,15.19
279,구미,2025-07-22,28.5,23.1,34.5,,.9,76.9,9.7,24.15
279,구미,2025-07-23,29.3,23.9,36.2,,1,73.4,10.7,25.15
279,구미,2025-07-24,29.6,24.4,36.5,,1,71.1,11.3,26.37
279,구미,2025-07-25,29.5,23,35.9,,1.2,67.6,12.1,27.89
279,구미,2025-07-26,29.5,23.6,35.5,,1.2,69.3,12,27.85
279,구미,2025-07-27,29.9,24,36.3,,1.4,66.3,12.5,28.3
279,구미,2025-07-28,30.2,23.5,37.5,,1.1,66.8,12.2,27.06
279,구미,2025-07-29,30.9,24.7,36.8,,1.4,61.3,12.4,28.08
279,구미,2025-07-30,29.9,22.7,36.4,,1.3,59.9,11.9,25.71
279,구미,2025-07-31,29.6,24.5,36.5,,1.1,65.1,7.3,22.74
279,구미,2025-08-01,29.9,23.5,37.4,,1.1,64.3,12.3,26.87
279,구미,2025-08-02,31,24.7,37.6,0,1.1,65.3,10.2,23.51
279,구미,2025-08-03,28.4,24.3,32.1,45.7,1,75.5,.1,8.38
279,구미,2025-08-04,28.6,24.5,33.4,32.5,1.1,84,4.1,14.74
279,구미,2025-08-05,30.3,26.4,35.9,0,.9,75.3,7.8,22.07
279,구미,2025-08-06,28.6,26,33.6,.5,1,80.6,1.9,11.97
279,구미,2025-08-07,28.1,24.2,32.9,,1.2,71.4,4.5,15.72
279,구미,2025-08-08,26.7,21.9,32.8,,1,70.4,9.4,20.93
279,구미,2025-08-09,24.5,22.5,26.4,.8,.7,87.4,0,4.11
279,구미,2025-08-10,26.3,21.2,32.3,7.3,1,69.5,7,20.71
279,구미,2025-08-11,24.1,21,29.4,1.4,1,83.1,2.1,11.34
279,구미,2025-08-12,23.4,20.8,26,4.6,.8,89.4,.3,6.8
279,구미,2025-08-13,27.2,23.4,32.9,.4,.9,84,4.1,17.29
279,구미,2025-08-14,28.9,23.5,35.8,,1.1,74,9.2,22.79
279,구미,2025-08-15,29.3,24.3,35.9,,1.1,73.6,9.8,23.95
279,구미,2025-08-16,29.4,24.1,35.8,,1.1,71.6,10.7,23.54
279,구미,2025-08-17,28.5,22.6,34.9,,1.3,69.9,11.6,25.62
279,구미,2025-08-18,29.4,24.1,35.9,,1.1,68.4,7.6,21.76
279,구미,2025-08-19,30,24.9,36.7,,1.1,67.3,7.1,18.93
279,구미,2025-08-20,29.9,24.7,35.9,,1,68.5,,
279,구미,2025-08-21,29.7,24.4,36.2,2.1,1.1,71.1,10.9,23.9
279,구미,2025-08-22,29.9,24.6,36.6,,1,69.3,8.6,20.52
279,구미,2025-08-23,30.4,23.8,37.1,,1.3,65,11.1,24.41
279,구미,2025-08-24,30.5,25.2,37,,1,68.6,8.9,20.87
279,구미,2025-08-25,30.7,25.2,36.1,,1,67.4,9.1,20.96
279,구미,2025-08-26,26.9,24.5,32.9,3.1,1.2,82,2.6,11.55
279,구미,2025-08-27,28.6,22.4,34.8,,1.1,68.4,10.3,22.77
279,구미,2025-08-28,28.2,23.3,34,,1.2,70.3,6.8,20.32
279,구미,2025-08-29,29.7,24,36.4,,1.2,66.6,9.2,19.87
279,구미,2025-08-30,29.5,23.4,36.9,,1.1,66,10.6,23.18
279,구미,2025-08-31,26.9,24.1,33.9,.5,1.3,79.5,5.7,14.86
279,구미,2025-09-01,27.6,23.7,33.3,1,1.3,79.4,5.1,16.56
279,구미,2025-09-02,26,21.4,32,3.2,.9,81.3,1.4,10.67
279,구미,2025-09-03,27,20.5,33.9,,1.1,69.5,7.2,18.89
279,구미,2025-09-04,26.4,21.9,34.1,12,1.1,78.1,5.5,16.03
279,구미,2025-09-05,27.9,23.7,34.4,9.3,1.1,74.6,7.8,21.61
279,구미,2025-09-06,27.9,23.7,33.8,1.3,.9,77.9,7.4,18.34
279,구미,2025-09-07,25.5,22.9,29.3,15.5,.7,89.3,.2,6.57
279,구미,2025-09-08,22.9,19.7,26.3,.1,1.1,79.3,1.1,9.11
279,구미,2025-09-09,19.9,18.9,21,14.4,.8,92.1,0,3.33
279,구미,2025-09-10,22.4,19.4,27.7,7.4,.7,86.4,1.6,10.62
279,구미,2025-09-11,23.9,18.8,30.4,,1.4,71.5,6.2,16.71
279,구미,2025-09-12,22.4,19.8,25.6,15.2,.7,87,.2,5.11
279,구미,2025-09-13,25,21.9,29.9,20.2,.9,88.1,1.2,8.21
279,구미,2025-09-14,24,20.7,29,.1,.8,83.8,2.5,13.4
279,구미,2025-09-15,25.8,21.6,31,,.8,79,4.3,15.41
279,구미,2025-09-16,27.1,22.8,33.4,0,.8,78.3,6.7,16.71
279,구미,2025-09-17,25,22.7,32,3.9,1,85.8,3.4,10.21
279,구미,2025-09-18,21.3,19.2,23.9,.3,1.1,83,0,4.69
279,구미,2025-09-19,21.1,18.2,23.9,0,.8,73.4,.1,7.24
279,구미,2025-09-20,21.7,18.5,26.9,26.2,1.4,81.6,4.7,15.2
279,구미,2025-09-21,21,16.8,27.5,,1,72.4,6.2,16
279,구미,2025-09-22,19.9,15.7,25.2,,.9,72.8,1.4,10.92
279,구미,2025-09-23,21.2,16.7,27.9,0,1.1,69.5,6.8,18.1
279,구미,2025-09-24,22.7,17.8,28.2,0,.7,80.3,.7,7.89
279,구미,2025-09-25,23.6,22,26.3,31.1,.5,90.8,0,6.48
279,구미,2025-09-26,22.3,19.1,28.3,,.8,79.6,7,16.57
279,구미,2025-09-27,22.7,18,28.6,,.9,76.3,5.7,16.4
279,구미,2025-09-28,21.2,19.6,23.1,3.3,1,85.5,0,4.29
279,구미,2025-09-29,20.9,16.1,26.9,,1,73.8,6,15.83
281,영천,2025-05-15,20.6,15.6,24.8,.1,1.8,74.3,.5,
281,영천,2025-05-16,20,16.8,23.7,18.8,1.3,87,.1,
281,영천,2025-05-17,21.7,16.5,27.3,.5,2,73.6,6.6,
281,영천,2025-05-18,18,11.7,24.1,,2,58.9,10.2,
281,영천,2025-05-19,19.6,9.6,27.9,,2.5,64.8,11,
281,영천,2025-05-20,24.8,17.4,32.2,,2,66.8,12.2,
281,영천,2025-05-21,22.8,16.3,29.8,,1.8,74.8,5,
281,영천,2025-05-22,15.8,13.7,17.8,,2.3,77.8,0,
281,영천,2025-05-23,15.4,10.3,20.1,,2,67.6,2.9,
281,영천,2025-05-24,13.7,12,15.8,.9,2.1,79.6,0,
281,영천,2025-05-25,16.3,11.5,24.1,.8,1.6,72.5,10.2,
281,영천,2025-05-26,18,9.6,27.1,,1.1,67.3,10.9,
281,영천,2025-05-27,19.7,11.2,28.5,,1.3,61.6,11.8,
281,영천,2025-05-28,18.5,12.3,27.7,1.2,1.6,72.1,9.1,
281,영천,2025-05-29,16.9,11.3,25.4,,1.6,77.1,8.8,
281,영천,2025-05-30,16.5,10.2,23.5,,1.6,73.8,12.9,
281,영천,2025-05-31,17.9,8.8,26.9,,1.5,58.5,12,
281,영천,2025-06-01,19.7,9.9,30.1,,1.5,66.6,11,
281,영천,2025-06-02,19.5,15.3,24.3,.1,.9,76.1,.1,
281,영천,2025-06-03,21.6,16.2,28.7,.2,2.2,58.3,8.1,
281,영천,2025-06-04,22.3,14.5,29.6,,3.2,33.4,13.2,
281,영천,2025-06-05,22.2,14.1,29.8,,1.8,45.5,11.3,
281,영천,2025-06-06,21.5,14,29.6,,1.3,58.1,3.9,
281,영천,2025-06-07,24.1,13.6,32.8,,1.5,49.3,11.2,
281,영천,2025-06-08,24.9,17.8,32.2,,1.5,56.9,10.7,
281,영천,2025-06-09,24.1,17.8,30.7,,1.2,67.4,6.4,
281,영천,2025-06-10,25.6,16.7,33,,2.2,57.8,10.5,
281,영천,2025-06-11,24.7,19,31.5,,2.5,44.9,10.9,
281,영천,2025-06-12,23.4,16.4,30.1,,1.5,55.4,8.4,
281,영천,2025-06-13,19.2,16.2,25.3,30.3,.9,78.1,0,
281,영천,2025-06-14,21.3,17.9,27,58.1,1,90.9,3.1,
281,영천,2025-06-15,25.2,18.3,31.7,0,1.4,77.5,8,
281,영천,2025-06-16,24.6,22.8,27.6,15.4,1.4,81.9,4.3,
281,영천,2025-06-17,24.9,19.6,29.9,,2.1,72.3,9.5,
281,영천,2025-06-18,26.1,20.2,32.6,,1.5,66.1,10.7,
281,영천,2025-06-19,26.7,18.9,33.4,,1.2,64.6,10.3,
281,영천,2025-06-20,26.2,23.7,29.1,1.8,1.5,76.1,.2,
281,영천,2025-06-21,22.3,17.5,26,45.8,1.7,89.1,0,
281,영천,2025-06-22,21.4,16.9,27.5,8.6,1.5,78.3,4.4,
281,영천,2025-06-23,23.5,15.9,30.8,,1.2,69.1,10.7,
281,영천,2025-06-24,19.9,16.2,24.1,20.7,1.3,90.1,.8,
281,영천,2025-06-25,22.7,19.1,28.3,,1.5,83.9,2.9,
281,영천,2025-06-26,24.3,21.5,29.1,,1.8,73.3,3.8,
281,영천,2025-06-27,25.9,19.5,31.9,,1.3,73.5,12.6,
281,영천,2025-06-28,27.5,21.4,34.4,0,.9,77,7.5,
281,영천,2025-06-29,29,23,35.1,,1.2,73.3,11.5,
281,영천,2025-06-30,29.7,25,34.9,,1.5,66.5,10.1,
281,영천,2025-07-01,29.8,23.5,35.5,,1.5,70.1,11,
281,영천,2025-07-02,30.4,25.8,35.7,,1.6,68.5,12.3,
281,영천,2025-07-03,29.6,24.2,35.7,,1.3,70.4,10.7,
281,영천,2025-07-04,29.3,24.2,35,,1.9,63.9,9.7,
281,영천,2025-07-05,29.6,24.6,35.3,,2.2,63.3,12,
281,영천,2025-07-06,29.6,25.1,34.1,,2.7,66.3,11.5,
281,영천,2025-07-07,30.3,25,35.8,,1.9,65.3,11.4,
281,영천,2025-07-08,26.9,23.6,31.3,,1.9,75.9,9.6,
281,영천,2025-07-09,26.6,21.3,32.7,,1.9,64.1,13.1,
281,영천,2025-07-10,25.7,20.3,30.8,,2.3,62.5,8,
281,영천,2025-07-11,25.7,21.9,30,,3,62.4,13,
281,영천,2025-07-12,24.5,20,30.1,,2.2,69.6,8.9,
281,영천,2025-07-13,24.7,19,33.1,58.9,1.3,71.8,5.2,
281,영천,2025-07-14,23.1,19.1,30.2,48.8,1.9,83.4,7.5,
281,영천,2025-07-15,22.8,19.3,27.7,0,1.1,87.6,2.6,
281,영천,2025-07-16,22.1,19.6,26.2,6,.6,94.8,0,
281,영천,2025-07-17,21.6,20.8,23.5,96.4,.9,100,0,
281,영천,2025-07-18,24.5,20.8,30.7,17.7,1,90.3,3.1,
281,영천,2025-07-19,21.8,21.2,23.3,80.8,.7,98.8,.4,
281,영천,2025-07-20,25.8,20.7,32.1,0,.8,84.6,5,
281,영천,2025-07-21,26.3,22,31.5,.3,1,85,5,
281,영천,2025-07-22,28.3,22.6,34.2,,1,77.3,11.3,
281,영천,2025-07-23,28.4,23,34.5,,1,77,10.5,
281,영천,2025-07-24,27.7,22.7,34.5,,1,76.1,10.8,
281,영천,2025-07-25,27.6,21.5,33.9,,1.7,72,12.9,
281,영천,2025-07-26,27.9,22,33.6,,1.5,73.6,12,
281,영천,2025-07-27,28.2,22.7,34,,1.4,71,12.5,
281,영천,2025-07-28,28.5,21.5,35.5,,1,70.4,11.4,
281,영천,2025-07-29,28,21.5,34.9,,1.4,69.3,12.8,
281,영천,2025-07-30,27.8,21.7,34.1,,1.5,76.1,11.8,
281,영천,2025-07-31,28.1,23.3,34.4,,1.5,74,10.3,
281,영천,2025-08-01,27.9,21.7,35.4,,1.2,70.1,12.4,
281,영천,2025-08-02,29.1,22.6,36.7,,1.2,71.6,8.3,
281,영천,2025-08-03,28.1,24.4,31.9,16.9,.9,80.8,0,
281,영천,2025-08-04,27.6,24.2,32.8,36,1.5,87.1,3.7,
281,영천,2025-08-05,28.5,24.8,34.2,13.7,1.3,84.3,6.6,
281,영천,2025-08-06,27.8,25.2,32.2,8.2,1.9,84.6,3.5,
281,영천,2025-08-07,26.4,23,31.3,2.5,1.5,80.6,3.7,
281,영천,2025-08-08,25.9,20.9,31.2,,1,78,9.8,
281,영천,2025-08-09,23.9,21.7,26.4,3.9,.5,94.1,0,
281,영천,2025-08-10,24.2,20.6,29.7,10.8,1.2,80.8,8.9,
281,영천,2025-08-11,23.3,19,29.4,.9,1.2,83.9,3.8,
281,영천,2025-08-12,22.4,20,24.2,7.5,.9,96.4,0,
281,영천,2025-08-13,26.7,22.7,31.2,.5,1,84.6,3.9,
281,영천,2025-08-14,28.5,22.7,34,,1.6,73.9,11.4,
281,영천,2025-08-15,27.9,23.3,33.6,,1.2,78.8,7.6,
281,영천,2025-08-16,28.3,23.3,34.2,,1.2,75.8,12,
281,영천,2025-08-17,27.4,21.9,33.4,,1.6,73.6,12.3,
281,영천,2025-08-18,28.3,22.1,34.1,,1.1,73.1,8.7,
281,영천,2025-08-19,29.4,24.8,34.6,,1.5,70.6,8.9,
281,영천,2025-08-20,29.3,25.9,34.1,,1.6,68.8,8.5,
281,영천,2025-08-21,28.7,24.2,35.1,,1.1,74,10.4,
281,영천,2025-08-22,29,23.6,35,,1.3,73.6,8.8,
281,영천,2025-08-23,29.7,24,35.8,,1.6,66.1,11.6,
281,영천,2025-08-24,29.5,23.4,36.1,,1.1,71,10.5,
281,영천,2025-08-25,29.8,24.3,35.4,,1.6,71,10.4,
281,영천,2025-08-26,28.8,24.4,34.5,,2.1,68,5.8,
281,영천,2025-08-27,26.7,21.7,33.4,,1.7,76,9.9,
281,영천,2025-08-28,27,22.4,33.2,,1,76,5.6,
281,영천,2025-08-29,29,22.5,35.3,,1.4,68,9.7,
281,영천,2025-08-30,29.1,21.9,36.2,,1.2,65.9,10.1,
281,영천,2025-08-31,27.1,23.3,32.7,0,1.2,78.9,4.3,
281,영천,2025-09-01,27.4,23.9,31.6,1.2,1.4,78.3,3.9,
281,영천,2025-09-02,26,23,30.4,2.6,1,81.4,2.3,
281,영천,2025-09-03,25.4,20.9,31.1,,1.7,79.1,7.5,
281,영천,2025-09-04,26.3,21.7,33.1,,1.6,77.8,5.4,
281,영천,2025-09-05,26.6,23.5,32.4,.1,1.6,70.4,10.2,
281,영천,2025-09-06,28.2,22.4,33.8,.2,1.6,71.3,8.8,
281,영천,2025-09-07,26.1,24.2,27.8,4.5,1.5,87,0,
281,영천,2025-09-08,24.1,19.1,28.8,2.7,1.2,69.6,3.4,
281,영천,2025-09-09,19.1,17.2,21.2,80,.9,97.3,0,
281,영천,2025-09-10,21.7,18.7,26.8,11.5,.7,88.8,.5,
281,영천,2025-09-11,21.9,16.9,28.1,,1.3,80.5,2.5,
281,영천,2025-09-12,22.7,20,26.2,1.5,1.2,88.1,.3,
281,영천,2025-09-13,23.5,20.9,30.1,11.8,1.4,90,1.6,
281,영천,2025-09-14,23,20,28.2,1.3,.8,89.1,1.9,
281,영천,2025-09-15,25.1,20.8,29.7,0,.7,82.9,3.9,
281,영천,2025-09-16,25.8,21.1,33.2,12.2,1.1,85.5,7.6,
281,영천,2025-09-17,24.1,22,32.6,2.9,1,90.9,5.9,
281,영천,2025-09-18,21,19.1,23.4,0,1.8,78.4,0,
281,영천,2025-09-19,20.8,18.4,24.1,,1.5,73.3,1.2,
281,영천,2025-09-20,20.9,17.3,27.1,14.8,1.6,87,2.8,
281,영천,2025-09-21,19.9,16.4,26,,1.5,77.9,6.7,
281,영천,2025-09-22,18.8,14.9,24.3,,1.7,78,2.2,
281,영천,2025-09-23,20,15.7,25.5,.2,1.6,75.3,7.5,
281,영천,2025-09-24,23.5,18.1,27.7,,.8,81,1.2,
281,영천,2025-09-25,23.3,21.6,26.3,10.4,1,92,.2,
281,영천,2025-09-26,21.2,16.7,26.7,,1.2,77.9,5.9,
281,영천,2025-09-27,21.4,16.5,27.1,,1.4,79,6.7,
281,영천,2025-09-28,20.8,18.7,23.5,.7,1.1,88.3,.5,
281,영천,2025-09-29,20.2,15.6,25.5,,1.6,76.4,3.9,
281,영천,2025-09-30,19.3,13.4,25.5,.1,.7,82.6,6.2,
283,경주시,2025-05-15,21,14.9,23.7,0,3.4,72,0,8.66
283,경주시,2025-05-16,20.4,16.8,24.2,24.8,2.7,82,0,6.75
283,경주시,2025-05-17,22.9,16.8,28.9,.4,3,68.3,8,23.27
283,경주시,2025-05-18,18.5,12.8,22.9,,2.9,53.6,9.3,25.39
283,경주시,2025-05-19,20.7,11.4,28.2,,2.7,56.5,10.8,27.82
283,경주시,2025-05-20,25.5,17,33.7,,3,62.3,12.3,27.82
283,경주시,2025-05-21,23.1,16.6,31,,3.3,70.8,5.4,17.02
283,경주시,2025-05-22,15.6,13.1,17,,3.8,75.3,.1,5.74
283,경주시,2025-05-23,15.7,10.9,19.3,,2.9,72.3,3.3,17.57
283,경주시,2025-05-24,13.4,11.9,15.4,3.1,4.7,85.4,0,2.53
283,경주시,2025-05-25,16.5,12.1,24.8,1,2.2,69.3,8.9,25.36
283,경주시,2025-05-26,18.8,10.8,27.1,,2,65.3,11.6,29.08
283,경주시,2025-05-27,19.5,11.8,27.4,,2,64.6,10.8,25.87
283,경주시,2025-05-28,19.1,12.4,27.7,0,2,65.6,9.5,23.25
283,경주시,2025-05-29,18.3,13,25.2,,2.7,69.8,10.9,27.53
283,경주시,2025-05-30,16.9,12.1,22,,2.8,71.1,11.1,27.77
283,경주시,2025-05-31,18.4,10.3,27.2,,2.2,55.5,12.5,26.95
283,경주시,2025-06-01,19.9,10.3,30.2,,1.7,64.1,11.7,28.57
283,경주시,2025-06-02,19.8,16.4,24.1,.2,1.8,74.8,0,8.73
283,경주시,2025-06-03,22,16.6,29.1,1,2.5,56.9,7.2,23.51
283,경주시,2025-06-04,23.3,13.3,29.8,,3.9,28.4,13.5,31.46
283,경주시,2025-06-05,22.9,13.4,31,,2.7,42.5,11.3,29.31
283,경주시,2025-06-06,22.9,14.7,31.2,,2.3,52,3.9,17.11
283,경주시,2025-06-07,24.7,14.9,34.1,,2.6,45.4,11.3,28.56
283,경주시,2025-06-08,25.3,18.6,32.5,,2.3,55.3,9.5,25.07
283,경주시,2025-06-09,23.8,18.5,31,,2.7,66,6.4,21.85
283,경주시,2025-06-10,26.8,17.4,34.3,,2.9,52.4,9.5,25.41
283,경주시,2025-06-11,25.5,20,32.4,,2.8,42.4,11.3,28.97
283,경주시,2025-06-12,23.5,17.3,29.9,,1.7,54.1,5.6,20.96
283,경주시,2025-06-13,20,16.4,24.6,19.3,1.2,74.8,0,8.95
283,경주시,2025-06-14,21.4,18.9,25.7,47.1,1.1,86.4,.5,7.28
283,경주시,2025-06-15,26.1,18.5,33.6,0,2.5,71.8,8.7,26.44
283,경주시,2025-06-16,24.8,21.9,27.9,5.5,3.1,77,2.4,9.48
283,경주시,2025-06-17,25.6,19.5,31.8,,3.1,69.3,10.3,25.34
283,경주시,2025-06-18,27,20.5,33.4,,2.5,60.5,12.2,28.8
283,경주시,2025-06-19,27.9,19.7,34.9,,2.3,59.1,9.6,25.29
283,경주시,2025-06-20,26.7,24.1,31.1,.2,4,73.4,1,11.49
283,경주시,2025-06-21,24.3,19.1,28.4,13.1,3.8,78.4,0,4.44
283,경주시,2025-06-22,22.2,17.7,28.3,13.1,2.3,70.4,4.1,20.38
283,경주시,2025-06-23,24.4,17,31.8,,1.9,61.3,12.9,29.3
283,경주시,2025-06-24,20,16.6,24.6,30.8,2,83.5,0,6.18
283,경주시,2025-06-25,22.3,19.2,26.1,.5,1.8,81.5,2.1,12.49
283,경주시,2025-06-26,25.3,20,30.9,,2.4,66,7.9,25.03
283,경주시,2025-06-27,26.6,20,33.7,,2.2,66.1,13,28.21
283,경주시,2025-06-28,28.9,22.1,36.1,0,1.5,67.6,8.6,23.99
283,경주시,2025-06-29,30.5,24.2,37.5,,2,63.8,13,28.96
283,경주시,2025-06-30,30.4,24.1,36.6,,2.4,62.1,12.7,28.7
283,경주시,2025-07-01,30.4,23.8,35.8,,2.4,68.5,,
283,경주시,2025-07-02,30.8,25.6,36.6,,2,70.8,10.8,27.07
283,경주시,2025-07-03,30.8,25.4,37,,2,69.8,9.5,24.5
283,경주시,2025-07-04,30.5,24.6,36.7,,2.7,59.4,11.4,27.07
283,경주시,2025-07-05,31.3,26.6,37.3,,2.4,57.4,12,29.2
283,경주시,2025-07-06,30.2,26.3,35.5,,2.6,64.1,10.7,24.98
283,경주시,2025-07-07,30.3,25.1,36.7,,2.6,66.5,11.5,26.99
283,경주시,2025-07-08,27.1,24.5,30.8,,3.4,73.4,5.2,18.15
283,경주시,2025-07-09,26.9,23.1,31.3,,3.4,69,12.7,29.16
283,경주시,2025-07-10,25.8,23.9,28.9,,4.6,71.9,2.3,16.88
283,경주시,2025-07-11,25.4,23.4,28.7,,4.8,71.1,6.6,21.78
283,경주시,2025-07-12,25.3,21.9,30.1,,3,70.6,9.7,25.29
283,경주시,2025-07-13,25.5,20.7,33.6,107.3,1.8,75.3,4.6,17.98
283,경주시,2025-07-14,23.2,19.8,30,43.7,2.1,80.9,3.8,17.46
283,경주시,2025-07-15,23.2,18.6,29.4,11.3,1.7,83.4,4.4,18.15
283,경주시,2025-07-16,23.4,20.5,27.7,2,1.7,86,.4,7.62
283,경주시,2025-07-17,23.3,21.6,25.5,49,1.8,89.9,0,2.89
283,경주시,2025-07-18,25.2,21.6,30.8,47.1,2.8,86,2.2,16
283,경주시,2025-07-19,22.7,21.4,24.8,47.6,2.3,91.6,.8,3.59
283,경주시,2025-07-20,26.7,21.6,32.5,,1.7,79.9,4.2,17.08
283,경주시,2025-07-21,27.2,22.4,32.6,2.5,1.6,82.3,6.2,15.21
283,경주시,2025-07-22,29.3,22.7,35.8,,1.6,73.8,12,27.4
283,경주시,2025-07-23,29,23.7,35.8,,1.8,76.4,12,28.88
283,경주시,2025-07-24,27.7,21.7,35.7,,1.6,72.8,12.2,28.2
283,경주시,2025-07-25,28,21.9,34.4,,2.1,72.5,12.5,27.39
283,경주시,2025-07-26,28.2,22.3,34.6,,2,74.5,10.7,23.37
283,경주시,2025-07-27,28.3,22.7,34.8,,2.4,72.5,13.2,28.96
283,경주시,2025-07-28,28.9,22.1,37.2,,1.9,68.8,13.3,28.99
283,경주시,2025-07-29,28.1,20.8,35.5,,1.9,69.4,12.7,27.55
283,경주시,2025-07-30,27.6,21.6,34.7,,1.9,73.9,11.7,26.03
283,경주시,2025-07-31,28,22.6,35.3,,2,70.6,9.7,25.63
283,경주시,2025-08-01,28.4,21.7,36.5,,1.6,73,11.8,27.01
283,경주시,2025-08-02,29.4,24.1,37.6,7.8,1.3,76.5,8.2,23.73
283,경주시,2025-08-03,28.6,24.8,33.7,16.5,1.8,78.5,.9,13.09
283,경주시,2025-08-04,28.3,24.9,33.6,65.9,2.4,83.5,3.1,14.55
283,경주시,2025-08-05,28.7,24.2,33,,2.1,80.5,5.1,17.58
283,경주시,2025-08-06,28.7,25.5,33.2,15.4,3.1,79.1,3.4,14.75
283,경주시,2025-08-07,26.9,23.6,33,16.7,2.1,80.6,4.4,17.6
283,경주시,2025-08-08,26.5,21.9,32.7,,1.5,79.5,9.4,22.29
283,경주시,2025-08-09,24.3,21.8,28.5,2.2,1.2,89.6,.1,6.43
283,경주시,2025-08-10,24.3,20.8,29.6,16.2,1.7,80.6,5.9,19.7
283,경주시,2025-08-11,23.7,19.7,30.5,1.3,1.6,84,3.5,17.17
283,경주시,2025-08-12,22.6,20.7,23.7,34.4,.8,95,0,3.57
283,경주시,2025-08-13,27,23.2,33.3,0,1.3,84,4.4,16.42
283,경주시,2025-08-14,29,23,35.8,,2.3,74,10.9,24.1
283,경주시,2025-08-15,29,23.7,35.9,,1.8,75.3,11.4,26.74
283,경주시,2025-08-16,29.4,24.2,35.8,,1.7,75,12.1,26.24
283,경주시,2025-08-17,28.3,23.1,34.6,,2.1,73.5,12.3,26.98
283,경주시,2025-08-18,29.2,23.3,35.6,,1.9,70.8,10,25.04
283,경주시,2025-08-19,30,25.5,36.1,,2.4,69.4,9.5,23.76
283,경주시,2025-08-20,29.7,24.5,35.6,,2.2,70.3,11.8,26.21
283,경주시,2025-08-21,28.5,23.7,35.8,15,1.8,77.5,10.2,24.71
283,경주시,2025-08-22,29.2,24.3,35.8,,1.8,76,9.5,22.6
283,경주시,2025-08-23,29.9,24.9,36.9,,1.7,67.9,12,25.85
283,경주시,2025-08-24,29.7,24.1,37.3,,1.7,72.6,11.5,24.34
283,경주시,2025-08-25,30,25,36.1,,2.5,70.1,11.5,24.54
283,경주시,2025-08-26,28.8,24,35.3,0,2.8,70.1,7.4,19.79
283,경주시,2025-08-27,27.4,22.6,33.2,,2,73.8,8.4,22.71
283,경주시,2025-08-28,27,22.4,33,,1.5,77.6,6.5,19.62
283,경주시,2025-08-29,29.3,23.2,36,,2.1,70.3,11.3,23.56
283,경주시,2025-08-30,29.3,23.7,37.6,,1.5,69.8,11.4,24.3
283,경주시,2025-08-31,27.7,23.9,33.7,.9,2.1,78.4,5,14.32
283,경주시,2025-09-01,27.4,24.7,32.7,.1,2.6,79.8,4,14.19
283,경주시,2025-09-02,25.2,23.3,31.8,12,1.6,88,1.9,8.47
283,경주시,2025-09-03,25.7,23.1,31.2,,1.6,81,5.2,16.37
283,경주시,2025-09-04,26.7,23.3,31.7,0,2.6,79.5,3.6,16.38
283,경주시,2025-09-05,26.7,24.1,30.7,.2,2.5,71.4,10.2,22.89
283,경주시,2025-09-06,28.4,22.6,34.7,0,2.5,70.6,9.5,21.56
283,경주시,2025-09-07,27.5,24.6,30.1,.1,1.8,77.5,0,5.99
283,경주시,2025-09-08,25.3,21.9,30.8,0,1.3,67.6,3.6,13.89
283,경주시,2025-09-09,20.3,17.5,22.1,39.7,1.2,90.4,0,4.04
283,경주시,2025-09-10,22.5,20.3,26.2,.1,2.3,83.6,.5,8.23
283,경주시,2025-09-11,23.5,20.7,25.7,.2,2.7,81.4,.1,5.78
283,경주시,2025-09-12,23.4,21.8,25.5,0,1.9,88,0,4.08
283,경주시,2025-09-13,23.7,20.6,30.5,14.1,1.8,93.1,.3,5.41
283,경주시,2025-09-14,23.2,20.5,28.6,0,.7,91.9,1,10.2
283,경주시,2025-09-15,25.9,21.9,31.3,0,1.3,84,4,15.14
283,경주시,2025-09-16,27.3,22.4,34.1,,1.7,81.6,8.3,18.35
283,경주시,2025-09-17,26.1,22.1,34,4.6,1.8,83.9,7,15.85
283,경주시,2025-09-18,20.9,18.9,22.5,.5,2.8,84.9,0,5.32
283,경주시,2025-09-19,20.9,18,25.1,,1.7,80.5,1.7,11.38
283,경주시,2025-09-20,21.6,18,28,4.5,1.8,85.9,3.7,9.86
283,경주시,2025-09-21,20,16.1,24.4,0,2.8,80,2,10.44
283,경주시,2025-09-22,19.5,15.8,25.6,,2.3,79,3.5,13.96
283,경주시,2025-09-23,20.8,15.9,26,.1,2.1,77.4,6.3,17.96
283,경주시,2025-09-24,23.7,20.1,29.2,1.2,1.4,88.6,1.4,9.92
283,경주시,2025-09-25,23.5,21.2,26.3,3.4,1.2,94.9,0,5.1
283,경주시,2025-09-26,22,16.9,27.5,,1.5,78,9.6,18.78
283,경주시,2025-09-27,21.6,16.9,28,,1.4,81.5,6.3,16.96
283,경주시,2025-09-28,22.3,18.6,27.4,.5,1.9,85.9,1.1,8.31
283,경주시,2025-09-29,20.8,15.9,26.1,,2.4,75.6,5,13.88
283,경주시,2025-09-30,19.5,14,26.7,0,1.2,83.3,4.9,12.99
284,거창,2025-05-15,19.4,15,24.7,1.7,1.4,78.4,1,12
284,거창,2025-05-16,17.9,16.1,21,42.2,.9,88.5,0,3.28
284,거창,2025-05-17,21.1,16.1,27.4,.3,2.2,71.3,9.9,25.71
284,거창,2025-05-18,17.2,10.5,24.8,,2.2,54.1,11.4,28.47
284,거창,2025-05-19,18.3,8.2,26.3,,2.2,66.3,10,23.97
284,거창,2025-05-20,23.5,14.1,32.4,,2.1,70,12.4,27.98
284,거창,2025-05-21,22.8,18.5,27.5,,1.3,78.3,2.9,15.42
284,거창,2025-05-22,20.4,15.8,28,0,2.1,79.9,3.7,15.44
284,거창,2025-05-23,16.9,12.8,21.1,,1.3,65.3,.9,13.89
284,거창,2025-05-24,14,12.4,16.6,0,2.1,72.5,0,4.44
284,거창,2025-05-25,17.4,11.3,25.3,0,1.6,63,12.6,27.77
284,거창,2025-05-26,17.5,9.5,25.5,,1.5,65.6,10.1,23.4
284,거창,2025-05-27,18.9,9.8,28,,1.5,62.1,12.1,25.82
284,거창,2025-05-28,17.7,10.4,28,7.1,1.2,68.9,8.2,21.79
284,거창,2025-05-29,16.5,12.2,26.4,4.2,1.3,77.3,5.2,19.39
284,거창,2025-05-30,17.6,11.4,26.3,,1.6,65.3,10.1,25.84
284,거창,2025-05-31,18.1,8.5,27,,1.3,64.5,11,23.28
284,거창,2025-06-01,20.3,10.9,29.4,,1.2,65.1,10.3,26.61
284,거창,2025-06-02,17.9,15.6,22.2,1.1,1,79.9,0,7.77
284,거창,2025-06-03,19.9,14.2,26.9,.1,2.6,60.3,7.8,22.8
284,거창,2025-06-04,20,11.8,27.2,,3.9,40.4,13.5,31.17
284,거창,2025-06-05,19.5,8.8,29,,1.7,55.1,12.2,29.3
284,거창,2025-06-06,19.7,13.1,28.8,,1.1,60.5,1.7,14.52
284,거창,2025-06-07,22.1,11.6,32.3,,1.4,58.8,11.5,28.8
284,거창,2025-06-08,23,17.1,30.5,,1.3,68.8,6.9,22.12
284,거창,2025-06-09,23.4,17.2,30.2,,1.5,73.8,7,22.44
284,거창,2025-06-10,24.4,17.4,31.3,,2,60.5,9.2,24.04
284,거창,2025-06-11,22.8,15.1,30.6,,2.5,50.3,11.3,30.41
284,거창,2025-06-12,22.3,15.4,29.1,,1.7,59.1,7.9,23.54
284,거창,2025-06-13,19.1,16.8,22.6,29.2,.7,81.9,0,7.94
284,거창,2025-06-14,22.2,18.1,27.7,45.5,1,84.6,2.8,14.48
284,거창,2025-06-15,25.6,21,31.4,1.7,1.8,75.5,6.3,22.23
284,거창,2025-06-16,23.6,19.3,27.6,5.3,1.8,80.6,4.1,14.47
284,거창,2025-06-17,23,18.4,29,,2.1,81.3,2.4,11.04
284,거창,2025-06-18,24.8,18.1,33.1,,1.5,69.3,12.9,28.92
284,거창,2025-06-19,24.3,17,31.1,,1.7,76.5,9.3,23.17
284,거창,2025-06-20,24.5,22.3,27.4,.4,1.8,82,0,7.3
284,거창,2025-06-21,21.6,17.7,24.5,106.4,1.5,89.5,0,3.02
284,거창,2025-06-22,20.9,16.5,26.5,2,1.1,77.5,6.2,20.26
284,거창,2025-06-23,22.7,15.1,30.3,,1.4,71.9,10.6,28.61
284,거창,2025-06-24,19.2,17,22.3,13.4,.8,88,0,5.59
284,거창,2025-06-25,22.1,18.6,28.3,1.5,2,78,7.1,22.23
284,거창,2025-06-26,24.3,19,29.8,,2,67.5,7.3,21.11
284,거창,2025-06-27,25.8,18,33.5,,1.2,71.4,13,27.62
284,거창,2025-06-28,27.9,21.2,35.7,,1.4,72.5,9.9,27.33
284,거창,2025-06-29,28.3,22.3,35.2,,1.6,69.8,12,29.35
284,거창,2025-06-30,28.1,21.4,35.2,,1.4,71.8,12.3,27.98
284,거창,2025-07-01,28.5,23,34.7,,1.5,73.3,7.6,22.69
284,거창,2025-07-02,29.1,22.7,36.7,,1.4,72.3,10.5,24.89
284,거창,2025-07-03,28.7,23.5,34.6,,1.7,71.6,12.7,28.38
284,거창,2025-07-04,27.1,20.6,33.6,,1.8,69.4,11.8,25.89
284,거창,2025-07-05,27.7,21.1,34.4,,1.8,70.1,13,29.2
284,거창,2025-07-06,27.8,20.7,35,,1.5,73.3,12,26.43
284,거창,2025-07-07,28.9,22.1,36.1,0,1.4,74.3,11.2,26.14
284,거창,2025-07-08,28.7,24.5,33.8,,1.7,75.1,10.2,25.36
284,거창,2025-07-09,27.5,20.8,34.2,,1.8,59.1,13.4,29
284,거창,2025-07-10,27,20.1,33.2,,2.1,59.6,10.4,26.14
284,거창,2025-07-11,26,19.6,32.9,,2.3,58.6,13.3,28.75
284,거창,2025-07-12,25.5,18.2,32,,1.8,69.6,12.8,28.56
284,거창,2025-07-13,24,19.9,31.4,17.4,1.4,79.4,3.8,12.39
284,거창,2025-07-14,23,18.3,30.7,10.2,1.6,78.3,6.9,20.49
284,거창,2025-07-15,22.5,19.5,26.7,.3,1.5,81.6,1,13.52
284,거창,2025-07-16,21.3,18.8,22.9,4.6,.7,90,0,3.73
284,거창,2025-07-17,22.2,20.5,26.5,80.3,1.4,91.9,.2,5.01
284,거창,2025-07-18,23.7,19.6,29.7,15.8,1.6,87.6,4.3,18.17
284,거창,2025-07-19,22,21,23.3,157.1,1,93.8,0,1.6
284,거창,2025-07-20,25.4,21.4,30.8,,1.2,84.5,6.3,17.95
284,거창,2025-07-21,24.8,21.9,30.9,28.6,1.1,89.3,1.8,13.14
284,거창,2025-07-22,27.2,23,33.2,,1.1,79.9,9,25.62
284,거창,2025-07-23,27.8,23.5,33.7,,1.4,77,11.1,27.45
284,거창,2025-07-24,27.1,22.2,34,,1.3,76,10.8,26.48
284,거창,2025-07-25,26.9,20.7,33.1,,1.6,75.8,12,28.3
284,거창,2025-07-26,27.3,21.4,33.1,,1.5,74.5,12.9,28.37
284,거창,2025-07-27,27.7,22.3,33.2,,1.6,74.3,12.4,28.52
284,거창,2025-07-28,28.2,21.7,35.1,,1.4,74.9,12.9,28.43
284,거창,2025-07-29,28,23.1,34.4,,1.4,72,11.1,28.21
284,거창,2025-07-30,26.6,20,33.2,,1.5,70.9,12.3,27.68
284,거창,2025-07-31,26.8,21.6,33.7,,1.5,72.5,10.3,26.3
284,거창,2025-08-01,27.7,20.3,35.9,,1.3,72.8,11.5,27.21
284,거창,2025-08-02,28.1,22.6,35.6,0,1.3,77.3,9.2,23.11
284,거창,2025-08-03,25.7,23.4,29.7,69.4,1.3,85.6,0,8.67
284,거창,2025-08-04,26.3,23.8,30.7,77,1.2,89.8,1.4,9.74
284,거창,2025-08-05,28.7,25,34.3,2.1,1.5,78.8,7,21.55
284,거창,2025-08-06,26.8,25,31,2.9,2,85.4,1.7,12.53
284,거창,2025-08-07,26.6,21.2,31.5,0,1.5,76.4,5.5,17.11
284,거창,2025-08-08,24,18.4,29.9,,1,75.9,6,18.57
284,거창,2025-08-09,23.1,21,26.8,3.4,.6,87.1,0,6.56
284,거창,2025-08-10,24.8,21,30.4,27.8,1.2,82.3,6.1,21.28
284,거창,2025-08-11,23.3,19.7,27.9,4.5,.8,86.4,.8,9.54
284,거창,2025-08-12,22.1,19.8,23.8,15.6,.5,90,0,5.7
284,거창,2025-08-13,26.1,22.4,32.3,0,1.1,83,6.7,18.7
284,거창,2025-08-14,27.3,22.4,33.7,,1.4,77.9,9.3,25.08
284,거창,2025-08-15,27.6,21.9,35.1,,1.2,77.9,9.7,24.56
284,거창,2025-08-16,27.4,22.3,34.9,,1.5,75.6,10.2,26.09
284,거창,2025-08-17,26.6,20.2,34.1,,1.3,74.8,11.6,26.6
284,거창,2025-08-18,27.6,21.5,34.2,,1.4,75,11,26.55
284,거창,2025-08-19,28.1,22.1,34.8,,1.4,75.5,10.8,25.18
284,거창,2025-08-20,27.6,22.8,33.7,,1.4,78.5,9.3,23.89
284,거창,2025-08-21,27.3,23.5,33.6,1.5,1.1,81.4,7.7,19.87
284,거창,2025-08-22,28.4,23.7,35.4,,1.4,77.1,9.8,25.03
284,거창,2025-08-23,28.1,21.9,36,,1.1,74.5,10.8,25.06
284,거창,2025-08-24,28.4,22.6,35.8,,1.1,73.9,10.4,23
284,거창,2025-08-25,28,22,34.9,0,1.4,76.1,10.2,23.26
284,거창,2025-08-26,25.2,22.9,28.6,1.4,1.2,85.6,1.5,8.6
284,거창,2025-08-27,26.5,22.3,32.9,,1.1,77.1,8,21.35
284,거창,2025-08-28,27.3,23,33.4,,1.2,78.4,7,21.03
284,거창,2025-08-29,27.9,22.7,34.9,,1.4,77.4,9.4,22.84
284,거창,2025-08-30,27.7,21.2,35.7,,1.1,75.1,10.6,24.53
284,거창,2025-08-31,25.8,21.9,31.9,5.5,1,83.5,4.7,12.67
284,거창,2025-09-01,26.5,22.9,31,0,1.5,82.4,4.9,16.46
284,거창,2025-09-02,25.4,22,30.9,1.5,1,83.4,2.5,12.56
284,거창,2025-09-03,26.1,20.6,32.1,,1.1,77.4,8.4,22.57
284,거창,2025-09-04,27,22.8,32.6,0,1.1,75.1,7.9,20.31
284,거창,2025-09-05,26.9,21.9,33.3,5.6,1.1,78.9,7.6,18.82
284,거창,2025-09-06,27.2,23.3,32.5,0,1.4,78.6,6.4,18.19
284,거창,2025-09-07,24.8,22.6,27.3,15.4,1.1,88.3,.2,5.84
284,거창,2025-09-08,21.6,18.3,26.3,6,,81.9,.9,8.77
284,거창,2025-09-09,18.6,17.4,19.7,66.1,,91.8,0,3.12
284,거창,2025-09-10,21.6,18.3,26.5,1.6,,86,2.3,11.78
284,거창,2025-09-11,21.9,17.8,28.7,,1.6,80.4,4.8,16.2
284,거창,2025-09-12,21.9,18.8,26.3,3.9,.8,87.1,.5,6.19
284,거창,2025-09-13,24.8,21.3,30.5,23.8,1.4,87.3,2.4,12.06
284,거창,2025-09-14,24.8,21.4,29.5,,1.3,80.1,5.4,17.36
284,거창,2025-09-15,24.1,20.5,28.4,1.6,.9,85.8,2.6,10.95
284,거창,2025-09-16,26.3,22.5,33,,1.4,80.8,7.5,19.95
284,거창,2025-09-17,24.2,21.8,31.2,9.2,1.4,84.3,3.9,12.49
284,거창,2025-09-18,21.7,19,26.5,0,1.6,78.5,2.6,13.49
284,거창,2025-09-19,20.2,17.5,24.2,.3,1.1,79.8,.7,9.54
284,거창,2025-09-20,21.4,15.9,27.8,14.4,1.8,81.3,4.7,16.43
284,거창,2025-09-21,19.2,14.8,25.5,,1.4,78.4,4.8,14.69
284,거창,2025-09-22,18.8,14.3,25.4,,1.4,77.5,3.4,13.76
284,거창,2025-09-23,19.8,15.4,26.1,0,1.3,76.3,7.2,18.54
284,거창,2025-09-24,22,17.7,26.3,.1,.6,83.8,.1,8
284,거창,2025-09-25,22.1,20.5,24.5,18.8,.8,92,0,5.04
284,거창,2025-09-26,22.4,18.7,29.5,,1,76.1,9.4,20.16
284,거창,2025-09-27,22.3,17.8,27.8,.1,1.3,79.6,8.1,18.66
284,거창,2025-09-28,21.5,19.8,25.6,2.5,1.4,86.4,.2,6.74
284,거창,2025-09-29,19.5,15.1,25.4,,1.3,79.8,3,12.19
284,거창,2025-09-30,17.9,13.2,26,,1.2,82.3,5.8,14.25
285,합천,2025-05-15,20,16.1,23.9,.1,1.1,84.9,.2,
285,합천,2025-05-16,19.3,17.4,22,42.5,.6,95.3,0,
285,합천,2025-05-17,22.4,17,29.2,.3,1.3,75.4,9.1,
285,합천,2025-05-18,19.3,13.4,25.6,,1,56,11,
285,합천,2025-05-19,20.1,12.1,27.1,,1.6,70.9,10.6,
285,합천,2025-05-20,24,16.1,31.3,,1.6,76.9,12,
285,합천,2025-05-21,24.2,19.6,28.4,,.6,82.3,3.3,
285,합천,2025-05-22,20.7,17.7,27.3,,1.3,78.1,4.7,
285,합천,2025-05-23,18.4,14.4,22.8,,1.3,58.8,1,
285,합천,2025-05-24,15.1,13.1,17.2,.4,1.7,77.1,0,
285,합천,2025-05-25,18.4,12.5,25.4,,.8,69.8,11.9,
285,합천,2025-05-26,19.3,12.2,26.7,,.9,71,10.7,
285,합천,2025-05-27,19.7,13.3,27.4,0,.8,76,8,
285,합천,2025-05-28,19.3,12.7,28.6,0,.8,77.1,7.8,
285,합천,2025-05-29,18.5,12.1,27.8,0,.9,74.4,6.6,
285,합천,2025-05-30,18.8,11.7,26.8,,1.2,65.6,11.2,
285,합천,2025-05-31,19.5,10.7,28.5,,.7,67.4,10.1,
285,합천,2025-06-01,21.9,12.9,30.8,,.9,66.5,10.9,
285,합천,2025-06-02,18.7,16.6,22.5,1,.6,87,0,
285,합천,2025-06-03,21.9,16.1,28.8,0,1.3,61,10.7,
285,합천,2025-06-04,21.5,11.1,29.7,,1.7,42.8,13.6,
285,합천,2025-06-05,21.9,11.3,30.6,,1.2,53.5,11.7,
285,합천,2025-06-06,20.9,15.5,29.2,,.9,67.3,1.8,
285,합천,2025-06-07,23,13.9,32.1,,1.4,64.3,10.9,
285,합천,2025-06-08,24.1,18,30.8,,1,72.4,7.2,
285,합천,2025-06-09,24.3,18.6,30.8,,.9,75.1,6.2,
285,합천,2025-06-10,25.9,17.4,33.4,,1.1,60.3,9.5,
285,합천,2025-06-11,24.5,17.4,32.4,,.9,53.3,11.3,
285,합천,2025-06-12,23.5,17,30.4,,.8,61.1,5.6,
285,합천,2025-06-13,19.2,17.3,22.2,38.2,.5,88.4,0,
285,합천,2025-06-14,21.8,18.5,27.3,35,.6,93,2.7,
285,합천,2025-06-15,25.4,20.3,31.7,2.4,1.2,83.4,5.4,
285,합천,2025-06-16,24.1,20.6,28.4,3.1,1,89.3,4.1,
285,합천,2025-06-17,24.8,20.5,29.6,,1.3,79,4.3,
285,합천,2025-06-18,25.9,19.9,33.1,,1.2,72.5,11.2,
285,합천,2025-06-19,25.7,18.5,31.2,,1.2,77.8,9,
285,합천,2025-06-20,26,24.4,27.6,.8,2,84.8,0,
285,합천,2025-06-21,22.8,18.5,25.9,77.5,1.6,93.6,0,
285,합천,2025-06-22,21.8,17.9,27.5,12.2,.5,84.9,4.4,
285,합천,2025-06-23,24.5,17.1,31.8,,.7,72.9,,
285,합천,2025-06-24,20.3,17.6,23.4,11.9,.5,95.1,.1,
285,합천,2025-06-25,23.4,20,29.1,.9,.9,83.6,3.4,
285,합천,2025-06-26,25.6,20.4,31.7,,1.2,71.1,10.8,
285,합천,2025-06-27,26.8,19.9,33.2,,.7,74.6,10.1,
285,합천,2025-06-28,26.9,21.9,35.6,14.3,.8,83.3,7,
285,합천,2025-06-29,28.2,23.3,35.2,,.9,80.4,8.6,
285,합천,2025-06-30,28.9,23.1,34.5,,1.1,75.1,12.1,
285,합천,2025-07-01,29.5,25.4,34.7,,1.2,76.8,8.9,
285,합천,2025-07-02,30.4,24.6,37.7,,.8,76.8,6.7,
285,합천,2025-07-03,30.5,25.2,36.9,,1.2,69.3,11.2,
285,합천,2025-07-04,29.1,23.7,35.9,,1.3,68.1,11.2,
285,합천,2025-07-05,29.5,23.2,36.6,,1,71.9,12.9,
285,합천,2025-07-06,29.5,23.2,36.2,,.9,73.9,9.6,
285,합천,2025-07-07,30.1,23.9,37.7,0,.8,72,,
285,합천,2025-07-08,29.1,24.5,34.7,,.9,78.3,8.2,
285,합천,2025-07-09,28.8,22.1,35.4,,1.3,61.6,12.6,
285,합천,2025-07-10,27.7,21.9,34.2,,1.7,61.1,8.4,
285,합천,2025-07-11,27.8,22.8,33.6,,2,55.3,13.2,
285,합천,2025-07-12,27.3,21.1,33.2,,1.3,67.8,12.1,
285,합천,2025-07-13,24.6,20.5,31.6,37.2,.6,86.1,4.4,
285,합천,2025-07-14,24.8,20,32.3,17,.8,77.9,8.5,
285,합천,2025-07-15,24.1,19.6,29.2,,.8,82,1.8,
285,합천,2025-07-16,22.7,21.1,25.5,14.5,.2,96.9,0,
285,합천,2025-07-17,22.6,21.5,24.9,164.7,.4,98.6,0,
285,합천,2025-07-18,24.3,21,30,73.2,.6,92.3,1.6,
285,합천,2025-07-19,22.6,21.3,24.2,280.1,.7,99,0,
285,합천,2025-07-20,26.5,22,32.4,,.7,86.4,5.8,
285,합천,2025-07-21,26,23,30.6,.3,.6,90.1,2.5,
285,합천,2025-07-22,28,22.5,34.3,,.6,81,10.4,
285,합천,2025-07-23,28.7,23.6,35.3,,.6,79.6,8.4,
285,합천,2025-07-24,28.5,23.3,35.3,,.5,80.4,8.4,
285,합천,2025-07-25,28.3,22.5,34.7,,.8,77.6,12.6,
285,합천,2025-07-26,28.4,22.8,34.1,,.7,77.6,11.7,
285,합천,2025-07-27,28.6,23.3,34.5,,.7,76.5,9.7,
285,합천,2025-07-28,29.2,22.6,36.3,,.7,74.5,13,
285,합천,2025-07-29,28.7,22,35.6,,.7,72.5,12.5,
285,합천,2025-07-30,27.7,21,35.4,,1,70.9,12.4,
285,합천,2025-07-31,28.1,22.2,35.6,,.8,72.8,10.2,
285,합천,2025-08-01,28.8,21.4,37,,.6,70.9,12,
285,합천,2025-08-02,29.4,24,36.9,0,.6,79.4,5.2,
285,합천,2025-08-03,27.4,25.1,30.9,80.7,.5,88.1,0,
285,합천,2025-08-04,27.5,24.5,33,136.8,.8,92.9,1.5,
285,합천,2025-08-05,28.5,25.4,33.2,0,.9,87.6,5.7,
285,합천,2025-08-06,27.6,25.5,31.2,6.4,.8,90.9,.9,
285,합천,2025-08-07,27.7,23.2,32.4,0,.7,82,6.4,
285,합천,2025-08-08,25.3,20.9,30.5,,.5,82.5,6.1,
285,합천,2025-08-09,24,22.5,28,13.6,.3,93.1,.1,
285,합천,2025-08-10,25.4,21.5,30.7,41.9,.5,87.4,4.6,
285,합천,2025-08-11,24.3,20.9,30.1,2.3,.5,90.1,1.6,
285,합천,2025-08-12,22.9,21,24.4,7.5,.2,96,0,
285,합천,2025-08-13,27.1,23.3,31.7,0,.8,88,5.4,
285,합천,2025-08-14,28.6,23.1,35,,.9,79.8,12.3,
285,합천,2025-08-15,28.6,23.4,34.8,,.5,82.3,9.3,
285,합천,2025-08-16,29,24.2,35.4,,.6,78.3,11.7,
285,합천,2025-08-17,28,22.4,34.6,,.6,80,11.2,
285,합천,2025-08-18,29,23.8,35.4,,.9,77.5,10.4,
285,합천,2025-08-19,29.3,24.5,34.6,,1.2,76.5,12,
285,합천,2025-08-20,28.8,23.9,34.5,,.9,78.5,10.5,
285,합천,2025-08-21,28.8,25,34.8,.1,.6,80.6,9.2,
285,합천,2025-08-22,28.8,24.4,35.9,,.8,82.4,9.2,
285,합천,2025-08-23,29.5,25.4,35.8,,.7,78,10.7,
285,합천,2025-08-24,29.6,24.5,35.7,,.6,77.6,10.2,
285,합천,2025-08-25,29.6,25.3,35.7,,1.2,77.3,10.3,
285,합천,2025-08-26,26.6,24.2,33.2,0,.7,87,3.1,
285,합천,2025-08-27,27.8,22.6,34.1,,.7,76.6,9.6,
285,합천,2025-08-28,27.7,22.6,33.5,,.7,78,7,
285,합천,2025-08-29,29.5,23.5,36.4,,.9,74.1,10.4,
285,합천,2025-08-30,29.6,23.2,36.8,,.7,72.3,11.4,
285,합천,2025-08-31,26.6,24.1,32.2,5.9,.6,89,4.5,
285,합천,2025-09-01,27.4,24.6,32,.3,1,87.4,2.4,
285,합천,2025-09-02,26.9,23.8,33.8,.8,.5,85,3.5,
285,합천,2025-09-03,27.5,23.3,33.4,,.5,79.8,6.9,
285,합천,2025-09-04,27.2,22.7,33.7,,.8,82,6.2,
285,합천,2025-09-05,27.7,23.3,33.4,7.5,1,80.3,7.6,
285,합천,2025-09-06,27.6,23,32.5,1,.9,84.1,5.2,
285,합천,2025-09-07,26.1,24.3,28.3,7.3,.5,94.1,.1,
285,합천,2025-09-08,24.3,20.6,27.7,.9,.6,88.6,1,
285,합천,2025-09-09,19.9,18.4,21.3,54.9,.1,96.3,.1,
285,합천,2025-09-10,22.4,19.8,26.9,13.8,.6,91.1,,
285,합천,2025-09-11,23.3,18.9,29.8,,.8,84.4,4.4,
285,합천,2025-09-12,23,20.6,26.2,.5,.5,91.8,.1,
285,합천,2025-09-13,25.7,22.4,29.6,12.8,.5,94.1,.8,
285,합천,2025-09-14,25.1,22,29.7,0,.8,85.6,4.9,
285,합천,2025-09-15,24.9,22.4,28.5,1.2,.2,90.9,1.6,
285,합천,2025-09-16,27,22.8,33.3,,.8,85.9,9.1,
285,합천,2025-09-17,25.2,22.7,32.6,10.9,.8,91.1,5.9,
285,합천,2025-09-18,22.6,19.9,26.2,0,.9,82,1.4,
285,합천,2025-09-19,21.5,18.7,24.9,,.4,81.3,1.4,
285,합천,2025-09-20,22.6,18.1,29.1,3.7,.7,84.9,5.2,
285,합천,2025-09-21,20.5,16.3,27.4,,.8,81.8,6.4,
285,합천,2025-09-22,19.9,15.6,25.4,,.8,82,2.9,
285,합천,2025-09-23,21.4,17.2,27.3,,.7,77.3,7.2,
285,합천,2025-09-24,23,19.4,27.1,.5,.3,87.5,.3,
285,합천,2025-09-25,23.4,22,25.8,2.9,.4,97.6,0,
285,합천,2025-09-26,23.7,20.2,29.4,,.6,79.5,8.9,
285,합천,2025-09-27,23.2,19.4,28.6,0,.6,81.4,7.8,
285,합천,2025-09-28,22.3,20.4,27.6,.8,.9,89,1.9,
285,합천,2025-09-29,21.5,18.1,26.6,,.5,83,4.6,
285,합천,2025-09-30,20.3,16.2,26.2,,.5,86.3,4.2,
288,밀양,2025-05-15,20.2,16.3,22.4,0,1.9,81.9,0,7.09
288,밀양,2025-05-16,20,17.4,23.1,30.7,.9,88.4,0,4.46
288,밀양,2025-05-17,22,17.2,28.5,.1,1.5,77.1,9,25.04
288,밀양,2025-05-18,19.5,14.2,26.4,,1.6,61,9.9,26.11
288,밀양,2025-05-19,20.3,12.1,27.1,,2.2,65.3,11.3,27.35
288,밀양,2025-05-20,24.2,17.8,30.3,,2.4,75.1,9.8,26.54
288,밀양,2025-05-21,24.8,20.2,29.4,,1.3,73.1,4.3,15.94
288,밀양,2025-05-22,19.7,17.1,24.1,0,2.3,68.5,1.4,10.93
288,밀양,2025-05-23,19.1,15,23.5,,1.5,53,1.4,14.54
288,밀양,2025-05-24,15.3,13.5,17.6,.7,2.7,73.9,0,3.7
288,밀양,2025-05-25,17.5,12.9,26.1,0,1.6,67.5,9.9,27.98
288,밀양,2025-05-26,19.1,11.5,27.1,,1.5,63,11.3,25.33
288,밀양,2025-05-27,19.7,11.9,28.6,0,1.5,63.8,11,26.2
288,밀양,2025-05-28,19.8,13.6,28.7,3.5,1.4,71.3,8,21.4
288,밀양,2025-05-29,19,13.8,29,0,1.5,73.9,6.9,22.55
288,밀양,2025-05-30,19.8,13.1,27.2,,1.8,59.5,12,29.55
288,밀양,2025-05-31,20.3,11.9,28.5,,1.6,57.4,10.4,25.31
288,밀양,2025-06-01,22.2,13.4,31,,1.6,60.5,11.2,27.02
288,밀양,2025-06-02,19.7,17.4,23.4,1.5,.9,74.5,0,8.47
288,밀양,2025-06-03,22.8,17,29.8,1.1,2.1,54.4,8.7,23.89
288,밀양,2025-06-04,22,12.1,30.4,,2.2,39.3,12.3,30.28
288,밀양,2025-06-05,22.7,13.2,31.1,,1.5,48.3,10.9,28.5
288,밀양,2025-06-06,21.7,15.8,29.8,,1.1,61.3,2.5,15.4
288,밀양,2025-06-07,23.2,14.7,31.5,,1.5,53.5,10.5,28.22
288,밀양,2025-06-08,25,19.1,31.5,,1.5,60.4,7.5,22.32
288,밀양,2025-06-09,24.5,19.6,30.7,,1.5,66.9,6.4,20.64
288,밀양,2025-06-10,25.9,18,33.6,,1.5,62.3,8,23.42
288,밀양,2025-06-11,26,20,33,,1.8,45.3,10.8,28.26
288,밀양,2025-06-12,23.8,19,30.2,,1.4,54.6,4.2,18.7
288,밀양,2025-06-13,20.6,16.8,24,29.5,.8,77.4,.1,9.39
288,밀양,2025-06-14,22.7,19.6,27.4,61,.8,90.4,.5,7.31
288,밀양,2025-06-15,25.8,22.2,31.5,1.2,1.8,80.6,4.9,20.12
288,밀양,2025-06-16,24.4,22.4,27.5,7,1.8,85.1,1.9,9.13
288,밀양,2025-06-17,25,21.2,29.9,,2.5,75.9,8.2,24.88
288,밀양,2025-06-18,26.4,20.7,33.3,,1.5,68.5,11.6,27.94
288,밀양,2025-06-19,26.8,19.8,33.6,,1.4,70.1,9.2,23.62
288,밀양,2025-06-20,26.7,25.1,29,.8,2.9,80.5,.1,9.24
288,밀양,2025-06-21,24.4,20,26.6,30.2,3.1,86.1,0,5.67
288,밀양,2025-06-22,22.6,18,29,7.6,1.2,74.5,3.6,18.81
288,밀양,2025-06-23,24.7,17.6,32.5,,1.5,68.1,9.3,27.73
288,밀양,2025-06-24,20.6,17.3,22.8,21.7,.9,86.8,0,5.27
288,밀양,2025-06-25,23.7,20.8,28.4,1.4,1.5,80.6,.9,12.05
288,밀양,2025-06-26,26.1,19.4,33,,1.1,68.8,8.6,24.74
288,밀양,2025-06-27,28.2,21.2,34.7,,1.3,66.9,12.2,27.54
288,밀양,2025-06-28,29.8,23.4,36.9,,1.4,69.4,10.7,26.56
288,밀양,2025-06-29,29.9,25.1,36.6,,1.4,71.4,10.1,26.44
288,밀양,2025-06-30,29.9,24.5,35.6,,1.5,70.5,11.3,26.1
288,밀양,2025-07-01,30.3,24.5,36.2,,1.5,71.5,11.8,26.52
288,밀양,2025-07-02,32,26.7,38.3,,1.4,67.4,8.6,25.49
288,밀양,2025-07-03,30.8,26.5,37.1,,1.6,70.3,8.2,23.83
288,밀양,2025-07-04,30,24.4,36.2,,1.5,66.5,10.6,26.06
288,밀양,2025-07-05,30.3,24.5,37,,1.5,68.1,12.2,28.65
288,밀양,2025-07-06,30.9,24.7,37.5,,1.4,65.4,12,27.01
288,밀양,2025-07-07,31.6,25.6,39.2,0,1.5,68,7.9,22.03
288,밀양,2025-07-08,30.2,25.2,35,,1.8,67.3,8.5,21.12
288,밀양,2025-07-09,29.8,23.7,36.5,,2.1,55.3,12.1,28.38
288,밀양,2025-07-10,28.9,25.8,33.1,,2.4,60.3,8.4,22.36
288,밀양,2025-07-11,28.2,25.2,32.8,,3.2,58,12,27.45
288,밀양,2025-07-12,29,23.1,34.8,,1.8,57.5,10.9,26.47
288,밀양,2025-07-13,26.6,22,33.7,100,1.6,73.4,2.5,13.74
288,밀양,2025-07-14,25.1,20.4,32.9,44.5,1.5,75.9,7.7,23.34
288,밀양,2025-07-15,24.1,19.7,29.3,1.4,1.2,80.6,2.2,14.95
288,밀양,2025-07-16,24,22.5,27,6.5,1.1,88.8,.4,4.66
288,밀양,2025-07-17,22.9,22,24.7,138.8,1,94.8,0,1.27
288,밀양,2025-07-18,24.9,21.9,29.7,39.3,1.6,91.1,.9,9.68
288,밀양,2025-07-19,22.6,21.9,24,136.5,1,94.8,.1,2.31
288,밀양,2025-07-20,26.8,21.6,33,0,.8,83,3.8,18.01
288,밀양,2025-07-21,26.8,24.3,30.7,6.9,.8,87.6,2.4,11.91
288,밀양,2025-07-22,29.5,24.9,35.5,,1,75.6,10.5,27
288,밀양,2025-07-23,29.9,24.6,36.3,,1.2,73.6,9,23.89
288,밀양,2025-07-24,29.5,24.6,36.8,,1.3,69.6,11,27.22
288,밀양,2025-07-25,29.3,23.5,35.2,,1.5,68,11.9,27.4
288,밀양,2025-07-26,29.6,24,35.5,,1.6,68.1,9.6,23.67
288,밀양,2025-07-27,29.8,24.3,35.7,,1.6,67.3,12.1,28.36
288,밀양,2025-07-28,29.9,23.8,37.8,,1.3,67.9,11.4,26.57
288,밀양,2025-07-29,29.6,23.1,37,,1.5,66.8,12.1,28.17
288,밀양,2025-07-30,29,22.7,36.3,,1.8,65,10.8,25.65
288,밀양,2025-07-31,29.3,22.7,36.6,,1.6,66.1,11.7,26.95
288,밀양,2025-08-01,30.7,23.2,38.4,,1.6,66.5,11.8,27.21
288,밀양,2025-08-02,30.9,27,38.7,.5,1.3,73.8,8.1,24.91
288,밀양,2025-08-03,29.3,26.1,34.1,48.1,1.4,77.5,.8,12.26
288,밀양,2025-08-04,29.1,26.1,33.3,120.2,2,84.5,1.5,11.61
288,밀양,2025-08-05,29.2,26.9,32.8,4.7,1.6,84.3,2.5,13.41
288,밀양,2025-08-06,29.3,26.1,32.8,0,1.6,80.8,1,10.06
288,밀양,2025-08-07,29.3,25.4,33.8,0,1.5,75,5.7,18.21
288,밀양,2025-08-08,27.4,23.8,31.8,,1.2,72.8,6.9,20.2
288,밀양,2025-08-09,25.1,22.8,29.2,2.4,1.1,82.3,.2,7.32
288,밀양,2025-08-10,25,21.6,29.2,25.3,1.1,84.8,.8,11.81
288,밀양,2025-08-11,23.9,20.2,31.1,41.7,1.3,84,3.9,14.13
288,밀양,2025-08-12,22.9,21.2,24.6,37.7,.7,91.9,0,3.97
288,밀양,2025-08-13,27.7,23.8,32.5,.4,1.5,83.5,5.2,18.42
288,밀양,2025-08-14,29.5,24.4,35.4,0,1.1,76.9,9.1,23.1
288,밀양,2025-08-15,30.2,25.4,35.9,,1.1,73.5,8.2,21.59
288,밀양,2025-08-16,30.4,25.3,36.9,,1.1,72.6,10.4,25.13
288,밀양,2025-08-17,29.9,24.7,36.2,,1.3,71,10.2,25.98
288,밀양,2025-08-18,30,24.8,35.9,,1.4,71.3,10.5,25.29
288,밀양,2025-08-19,30.3,25.6,35.8,,1.5,71.8,11.1,24.67
288,밀양,2025-08-20,29.7,24.8,35,0,1.5,72.1,10,23.21
288,밀양,2025-08-21,29.2,24.9,36.2,9.6,1.3,75.5,,
288,밀양,2025-08-22,28.2,24.7,36.3,3.7,1.2,77.6,8.1,21.76
288,밀양,2025-08-23,29.6,24.8,35.7,,1.1,76.5,9.5,23.96
288,밀양,2025-08-24,29.9,24.7,36.4,,1.2,75.1,11.1,23.98
288,밀양,2025-08-25,30.2,25.7,35.8,,1.5,73.8,8.3,21.14
288,밀양,2025-08-26,28.6,25.3,34,0,1.5,79.1,6.1,16.24
288,밀양,2025-08-27,28.7,23.8,35.3,,1.5,69.5,10.1,24.35
288,밀양,2025-08-28,28.2,23.4,34.4,,1.3,74.5,7.8,20.77
288,밀양,2025-08-29,29.4,23.9,36,,1.2,75.3,10,23.14
288,밀양,2025-08-30,30,24.9,36.8,,1.2,72.4,11.6,24.45
288,밀양,2025-08-31,27.7,24.5,32.2,2.4,1.2,82.3,4.4,12.66
288,밀양,2025-09-01,27.7,25.6,31.1,1,1.7,85.3,1.6,9.43
288,밀양,2025-09-02,26.5,24.6,31.5,2.5,1,87.4,2.6,10.32
288,밀양,2025-09-03,27.8,23.8,34.1,0,1.3,76.9,6.4,17.79
288,밀양,2025-09-04,28.1,22.3,34.5,0,1.4,74.6,6.5,17.28
288,밀양,2025-09-05,28.6,25.1,35.4,0,1.7,70.3,7,17.67
288,밀양,2025-09-06,28,23,34.3,.1,1.4,78.4,6,17.4
288,밀양,2025-09-07,28.3,25.5,32.6,.1,1.3,81,2.2,10.69
288,밀양,2025-09-08,26.6,23.6,32.5,0,1.2,76.9,2.7,12.93
288,밀양,2025-09-09,21.6,19.9,24.6,21.1,1.1,88.4,0,4.56
288,밀양,2025-09-10,23.9,21,28,.7,1.3,80,.9,9.16
288,밀양,2025-09-11,24.8,19.6,30.2,,1.9,74.3,6.1,15.38
288,밀양,2025-09-12,25.6,23.6,29.1,0,1.7,77.8,.7,8.79
288,밀양,2025-09-13,26.1,22.7,31.6,12.2,1.3,88.5,.6,6
288,밀양,2025-09-14,25.1,22.1,31.2,.4,1.1,83.8,2.9,13.03
288,밀양,2025-09-15,26.5,22.7,30.9,0,.8,81.5,2.7,11.24
288,밀양,2025-09-16,27.9,22.9,34.1,.3,1.2,81.1,6.1,16.84
288,밀양,2025-09-17,26.5,22.8,34,.3,1.4,82.3,5.7,14.07
288,밀양,2025-09-18,23.2,21.4,25.3,0,1.8,75.3,1.7,9.43
288,밀양,2025-09-19,23.1,19.4,26.8,,1.3,68.6,2,12.26
288,밀양,2025-09-20,23.6,18.9,30.7,2.1,1.5,79,4.5,12.92
288,밀양,2025-09-21,21.2,16.5,27.2,,1.6,72.4,6.6,15.5
288,밀양,2025-09-22,21.5,16.3,27,,1.4,64.5,3.1,13.31
288,밀양,2025-09-23,22.9,18.5,29.6,,1.5,63.8,6.6,17.34
288,밀양,2025-09-24,23.2,19.2,29.2,9.8,.8,86,.7,9.29
288,밀양,2025-09-25,23.9,22.3,27.3,2.5,.6,94.1,0,5.29
288,밀양,2025-09-26,24.1,20.2,30.7,,1,74.6,9.8,20.43
288,밀양,2025-09-27,24.1,19.9,30.7,0,1.2,71.4,6.7,18.06
288,밀양,2025-09-28,23,20.5,26.7,.4,1.1,83.5,1.2,7.24
288,밀양,2025-09-29,22.8,19.5,27.7,,1.4,68.1,4.3,13.35
288,밀양,2025-09-30,20.9,17,26.9,,1.1,78.8,4.9,13.64
289,산청,2025-05-15,18.4,15,22.3,2,1.3,89.6,.1,
289,산청,2025-05-16,18.2,16.6,20.4,55,1.3,97.4,0,
289,산청,2025-05-17,21.4,16.3,27.7,.2,2.1,75.8,8.8,
289,산청,2025-05-18,18.8,12.7,25.3,,2.4,51,11.3,
289,산청,2025-05-19,18.7,10.5,26.6,,1.4,73.3,10.4,
289,산청,2025-05-20,22.4,14.3,29.4,,1.6,82.5,11.9,
289,산청,2025-05-21,23.1,20,27.5,,.9,84.9,2.1,
289,산청,2025-05-22,20.7,16.7,27.4,0,1.7,87.3,4.4,
289,산청,2025-05-23,18,14.5,22.4,,1.1,65.8,1.7,
289,산청,2025-05-24,15.2,13.5,17,0,1.3,73.9,0,
289,산청,2025-05-25,18.2,12.2,26.2,0,1.6,67.4,11.6,
289,산청,2025-05-26,17.9,10.9,25.7,,1.2,75.4,10.4,
289,산청,2025-05-27,19.6,12.4,28.4,,1.3,70.3,9.6,
289,산청,2025-05-28,19.2,11.9,27.9,0,.9,70.9,9,
289,산청,2025-05-29,17.3,11.9,26.9,8.4,1.1,83.3,6.1,
289,산청,2025-05-30,18.2,13,27.1,,1.1,77,8.7,
289,산청,2025-05-31,18.9,10.4,27.4,,.9,72.3,9.3,
289,산청,2025-06-01,20.7,12.7,28.8,,1.1,72.8,10.4,
289,산청,2025-06-02,17.5,15.5,20.7,2.3,.8,90.8,0,
289,산청,2025-06-03,21.3,15.2,26.7,0,3.5,58.4,10.4,
289,산청,2025-06-04,21.7,14,27.9,,4.5,37,12.5,
289,산청,2025-06-05,20.7,11.8,29.6,,1.4,55.4,11.7,
289,산청,2025-06-06,19.6,14.2,27.2,,.9,71.9,2.5,
289,산청,2025-06-07,21.5,13.2,30.3,,1.2,69.6,10,
289,산청,2025-06-08,22.9,17.5,29.2,,1.2,78.4,6.3,
289,산청,2025-06-09,23.7,18.6,29.5,,1.3,77.8,6.2,
289,산청,2025-06-10,24.8,17.7,31.4,,1.9,66.4,7.4,
289,산청,2025-06-11,24.1,17.3,31.6,,2,49.4,11.1,
289,산청,2025-06-12,22.6,17.1,28.6,,1.4,64.1,5,
289,산청,2025-06-13,18.8,17,21,36,.6,91.5,0,
289,산청,2025-06-14,21.6,17.7,27.7,32.6,.5,94.3,2.1,
289,산청,2025-06-15,24.9,21.2,30.5,3.3,1.9,85.9,7.6,
289,산청,2025-06-16,23.2,19.6,27.8,4,1.1,91.6,3.2,
289,산청,2025-06-17,23.6,18.2,28.8,,2.2,85.4,9.7,
289,산청,2025-06-18,24.9,18.8,32.6,,1.1,75.3,11.7,
289,산청,2025-06-19,24.2,18,29.4,,1.8,82.4,5.7,
289,산청,2025-06-20,25.1,24.3,26.5,1.9,2.5,85.3,0,
289,산청,2025-06-21,22.7,18.1,26,87.9,1.9,93.8,0,
289,산청,2025-06-22,21.5,17.8,27.5,2.5,1.1,81.3,3.9,
289,산청,2025-06-23,23.9,16.2,31.9,,1,73.1,10.8,
289,산청,2025-06-24,19.1,16.9,21.4,14.5,.4,96.1,.1,
289,산청,2025-06-25,22.9,19.6,29.1,1.7,1.3,82.9,4.8,
289,산청,2025-06-26,24.5,18.2,30.4,,1.5,73.9,10.6,
289,산청,2025-06-27,26.1,19.5,33.3,,1.1,75.1,12.2,
289,산청,2025-06-28,26.2,21.5,33.8,55.4,1.1,85.9,7.5,
289,산청,2025-06-29,27.4,22.4,33.8,,1,82.5,7.8,
289,산청,2025-06-30,27.6,22.5,33.7,,1,82,7.7,
289,산청,2025-07-01,28.1,23.8,33.3,,1,83,7,
289,산청,2025-07-02,29.7,24.3,36.6,,1,77.4,9.4,
289,산청,2025-07-03,29.2,24.7,35.5,,1.2,73.8,11.4,
289,산청,2025-07-04,27.7,22.6,34.7,,1,72.8,9.9,
289,산청,2025-07-05,28.2,22.4,35,,1.2,73.9,12.1,
289,산청,2025-07-06,28.5,21.9,35.5,,1.5,73.5,11.8,
289,산청,2025-07-07,29.7,22.8,36.9,,1.1,74.8,11.7,
289,산청,2025-07-08,28.7,24.9,34.5,.9,.9,83,9.6,
289,산청,2025-07-09,28.1,22.5,34,,.9,65,11.4,
289,산청,2025-07-10,27,21.2,32.8,,1.1,64,6.9,
289,산청,2025-07-11,26.6,20.4,32.7,,1.4,60.3,10.5,
289,산청,2025-07-12,26.3,19.4,32.5,,1,72,11.4,
289,산청,2025-07-13,24.5,20.1,30.9,31.3,1.2,85.4,3.5,
289,산청,2025-07-14,25,19.3,31.1,4.1,2.3,74.8,9,
289,산청,2025-07-15,23.2,20,26.8,.2,1.1,84.3,.8,
289,산청,2025-07-16,22.5,20.2,25.1,9.7,1.4,90.6,0,
289,산청,2025-07-17,22.3,20.7,25.5,289.2,1.5,98.8,0,
289,산청,2025-07-18,23.4,20.5,28.3,49.9,1.6,93.5,1.3,
289,산청,2025-07-21,25.3,22.9,29.9,11.8,1,92.9,.6,
289,산청,2025-07-22,26.9,22.3,32.9,,.7,86.1,7.3,
289,산청,2025-07-23,28.2,23.5,34.5,,.7,82.5,9.3,
289,산청,2025-07-24,28,23.3,35.2,,.8,79.9,10.2,
289,산청,2025-07-25,27.7,21.6,34.3,,1,77.5,11.4,
289,산청,2025-07-26,28.1,22.6,33.5,,.8,79,10.1,
289,산청,2025-07-27,28.4,23.7,34,,.9,76.3,8.9,
289,산청,2025-07-28,28.9,22.5,35.7,,.8,75.9,11.8,
289,산청,2025-07-29,28.4,22.2,35,,.9,71.3,10.9,
289,산청,2025-07-30,27.1,20.4,34.2,,1,70.3,11.3,
289,산청,2025-07-31,27.7,22.5,35.2,,.8,72.4,10.3,
289,산청,2025-08-01,28.1,20.7,36,,.8,73.6,9.6,
289,산청,2025-08-02,28.7,23.2,36.1,,.8,79.4,9,
289,산청,2025-08-03,26.5,24.7,29.2,101.7,1.5,90.8,0,
289,산청,2025-08-04,27.1,24.6,32.2,86.5,1,94.3,2,
289,산청,2025-08-05,27.1,24.9,32,14.5,.8,92.8,4,
289,산청,2025-08-06,26.6,24.3,29.4,1.6,.6,94.9,.3,
289,산청,2025-08-07,27.8,22.8,32.5,,1.6,76.6,5.1,
289,산청,2025-08-08,24.5,19.4,29.9,,1,80.3,5.7,
289,산청,2025-08-09,22.8,21.1,27.1,13.6,.7,93,.2,
289,산청,2025-08-10,24.6,20.8,29.9,34.2,.9,90.1,3.2,
289,산청,2025-08-11,23,19.2,28.7,6.8,.8,92.4,.9,
289,산청,2025-08-12,21.7,19.4,23.7,13.7,.5,97.8,0,
289,산청,2025-08-13,26.5,22.6,32,.1,1.1,89.6,5.4,
289,산청,2025-08-14,27.7,22.6,34,,1,81.5,8.3,
289,산청,2025-08-15,28.3,22.5,35.1,,.9,79,10.6,
289,산청,2025-08-16,27.9,22.7,34.5,,1,79.8,10.4,
289,산청,2025-08-17,26.9,20.5,33.5,,1.2,77.5,10.7,
289,산청,2025-08-18,27.5,22.2,34.1,,.8,81.9,9.2,
289,산청,2025-08-19,28.2,23.6,33.6,,1,80.5,9.4,
289,산청,2025-08-20,26.8,24,32.5,15.6,.9,87.3,7.7,
289,산청,2025-08-21,27.7,23.9,34.3,,1,84.4,9.6,
289,산청,2025-08-22,28.2,23.7,34,,.9,84.1,9.1,
289,산청,2025-08-23,28.4,23.3,34.7,,.8,81.4,11.1,
289,산청,2025-08-24,28,23.2,34.5,,.8,82.9,10.4,
289,산청,2025-08-25,28.3,23.9,34.1,,1,82.4,9.7,
289,산청,2025-08-26,25.4,23.6,30.5,4.7,.8,89.9,4.1,
289,산청,2025-08-27,27.6,23.1,33.3,,1.1,79.9,9.5,
289,산청,2025-08-28,26.9,22.9,32.5,,.9,84.1,7.3,
289,산청,2025-08-29,28.2,23.7,34.3,,.9,80.1,8,
289,산청,2025-08-30,28.1,22.5,34.7,,.7,78.5,9.8,
289,산청,2025-08-31,25.6,23,30.7,17,1,92,3.6,
289,산청,2025-09-01,26.1,23.4,30,1.1,1.2,91.6,2.9,
289,산청,2025-09-02,26.5,23.6,32.1,1.7,.8,85.5,4.8,
289,산청,2025-09-03,26.2,22.1,32.5,0,1,82.8,6.1,
289,산청,2025-09-04,26.5,22.1,32.7,2.6,.6,87.4,4.6,
289,산청,2025-09-05,26.7,23,32.3,.2,1.1,86.1,6.4,
289,산청,2025-09-06,26.6,23,32.7,.2,.8,88.3,6.4,
289,산청,2025-09-07,24.8,23.4,26.4,2.8,.5,97.6,.1,
289,산청,2025-09-08,22.8,18.6,27.6,.6,.9,82.8,2.6,
289,산청,2025-09-09,19.3,17.9,20.9,62.9,.9,98.3,0,
289,산청,2025-09-10,22.2,19,28.2,6.8,.7,90.9,1.6,
289,산청,2025-09-11,22.5,18.9,29.4,,.9,87,1.9,
289,산청,2025-09-12,22.1,19.9,24.2,2.5,.6,94.6,0,
289,산청,2025-09-13,24.6,22.3,30,33.9,.8,96.9,.8,
289,산청,2025-09-14,25.3,22,30.8,,.6,85.8,4.9,
289,산청,2025-09-15,24.3,21.5,27.8,13,.5,93.5,.9,
289,산청,2025-09-16,26.2,22.8,31.3,,.8,88.5,5.9,
289,산청,2025-09-17,24.8,22.2,32.7,3.9,.8,88.9,3.5,
289,산청,2025-09-18,22.3,18.1,27.8,1.6,1.2,84.6,1.1,
289,산청,2025-09-19,21,17.8,24.6,,1.1,81.8,.7,
289,산청,2025-09-20,21.6,16.8,26.7,9,2,86.8,3.4,
289,산청,2025-09-21,19.3,15,26.3,,1,84,5.7,
289,산청,2025-09-22,19.3,14.7,25.1,,.7,83.3,3.9,
289,산청,2025-09-23,20.3,16.2,26.7,0,.8,80.8,7.1,
289,산청,2025-09-24,22,18.8,26.7,.4,.7,91.3,.2,
289,산청,2025-09-25,22.2,20.7,24.4,2.5,.4,98.3,0,
289,산청,2025-09-26,23.6,20.6,29.7,,.7,84.3,6.3,
289,산청,2025-09-27,23.2,19.5,28.6,.2,1,80,6.4,
289,산청,2025-09-28,22.8,20.6,27.8,3.7,2,81.1,.7,
289,산청,2025-09-29,21,16.8,27.1,,1.8,74.9,4.8,
289,산청,2025-09-30,18.8,14.9,25.5,,.8,88,3.2,
294,거제,2025-05-15,19,18.4,19.6,6.2,1.8,91.4,0,
294,거제,2025-05-16,19.1,16.9,21.9,63.3,1.4,93.8,0,
294,거제,2025-05-17,18.9,15.7,23.8,.3,2.7,84.9,6.7,
294,거제,2025-05-18,17.5,12.9,24.4,,1.8,71,9.1,
294,거제,2025-05-19,18,12.8,22.1,,2,79.4,7.4,
294,거제,2025-05-20,20.5,18.6,23.5,1.8,2.2,92.4,.3,
294,거제,2025-05-21,21.3,18.4,24.5,.1,1.1,89.6,1.6,
294,거제,2025-05-22,18,15.5,21.3,,2,83.9,.1,
294,거제,2025-05-23,17.2,13.9,20,,2.5,59.6,1.5,
294,거제,2025-05-24,14.2,12.5,16.8,3.3,1.4,87.3,0,
294,거제,2025-05-25,15.9,12.2,21.2,.4,1.6,74.1,11.1,
294,거제,2025-05-26,17,11.7,22.2,,1.6,80.4,12.1,
294,거제,2025-05-27,18,12.4,23.9,,1.3,67,12.1,
294,거제,2025-05-28,19.3,13.1,25.8,,1,65.1,12.3,
294,거제,2025-05-29,19,15.1,25.5,,1.8,66.3,11.4,
294,거제,2025-05-30,17.5,13.2,23.6,,1.4,74.9,11.8,
294,거제,2025-05-31,18.7,12.7,25.9,,1,68.4,10.6,
294,거제,2025-06-01,20.1,13.5,26.2,,1.1,62.4,12.7,
294,거제,2025-06-02,18.3,16.3,21.6,4,1.1,78.9,0,
294,거제,2025-06-03,21,16.2,25.7,3,1.9,64,9.6,
294,거제,2025-06-04,21.6,14.9,25.7,,2.2,42.9,13.1,
294,거제,2025-06-05,20.2,14.2,26.1,,1.9,51.5,10.7,
294,거제,2025-06-06,20.6,16,23.9,,1.4,55.1,.1,
294,거제,2025-06-07,21.9,16.5,27.7,,1.9,68,9.6,
294,거제,2025-06-08,22.4,18.5,26.8,,1.7,81.5,6.1,
294,거제,2025-06-09,21.5,17.6,27.1,,1,76.5,3,
294,거제,2025-06-10,23.1,18.2,28.1,,1.8,74.1,6.1,
294,거제,2025-06-11,23.2,19.3,29.7,,1.6,54.3,10.8,
294,거제,2025-06-12,21,18,25.2,,.9,71.5,1.7,
294,거제,2025-06-13,20.6,17.2,24,29.8,1,84,.2,
294,거제,2025-06-14,22.4,19.8,24.4,140.6,1.3,95.4,.8,
294,거제,2025-06-15,23.6,21.2,27.7,10.2,1.5,87.8,6.6,
294,거제,2025-06-16,22.2,20.3,26.1,13.6,2.2,87.9,4.5,
294,거제,2025-06-17,21.7,20.3,23.7,,3.1,89.9,1.3,
294,거제,2025-06-18,23.2,19.4,27.5,,2,71.5,12.4,
294,거제,2025-06-19,23.6,18.3,27.5,0,1.2,82.9,7.3,
294,거제,2025-06-20,23.9,23.6,24.4,9.7,1.5,96,0,
294,거제,2025-06-21,23.4,23,24,37.8,1.9,95.8,0,
294,거제,2025-06-22,20.9,17.9,27.6,61.3,1.1,82.4,5.1,
294,거제,2025-06-23,23.6,17.4,29.9,,1,72.5,12.7,
294,거제,2025-06-24,20.8,18.8,22.5,26.4,1.8,91.6,0,
294,거제,2025-06-25,21.5,20.2,23.7,2.1,2.1,87,4.9,
294,거제,2025-06-26,23.5,19.6,27.6,,2.3,71.3,11,
294,거제,2025-06-27,24.6,19.6,29.8,,1.4,73.6,13,
294,거제,2025-06-28,26,22,30.8,,1.7,82.9,12.5,
294,거제,2025-06-29,26.3,23.1,30.2,,2.4,80.8,13,
294,거제,2025-06-30,27,22.6,30.5,,1.7,78.9,12.9,
294,거제,2025-07-01,27.5,24.7,30.8,,2.2,79.3,12.9,
294,거제,2025-07-02,28.3,25.3,31.9,,2.1,77.6,12.9,
294,거제,2025-07-03,27.7,24.8,32.1,,2.6,74.8,12.9,
294,거제,2025-07-04,26.7,24.9,30,,2.6,78.6,11.3,
294,거제,2025-07-05,27.1,24.6,31.1,,2.8,77.6,13,
294,거제,2025-07-06,27.6,24.8,31.5,,2.4,77.4,12.3,
294,거제,2025-07-07,29.2,24.2,35.3,,1.1,73,12.9,
294,거제,2025-07-08,28.1,24.6,33.6,,2,70.1,12.4,
294,거제,2025-07-09,27.2,23.6,31.5,,2.2,67.3,11.2,
294,거제,2025-07-10,27.4,24.1,31.3,,1.9,64.3,11.5,
294,거제,2025-07-11,26.8,24.4,30.6,,2.3,60,11.5,
294,거제,2025-07-12,26,23.1,30.3,,2.2,65.8,10,
294,거제,2025-07-13,24.2,20.8,26.9,90.8,1.7,85.8,.1,
294,거제,2025-07-14,23.9,20.1,29.6,23.7,1.9,80.4,11.1,
294,거제,2025-07-15,24.1,20.1,27.3,,1.6,82.1,3.6,
294,거제,2025-07-16,24.7,22.7,26.5,1.3,1.6,82.1,0,
294,거제,2025-07-17,25.5,21.9,28.3,5.2,2.7,85.6,0,
294,거제,2025-07-18,25,22.3,27.5,6.2,1.6,90,.7,
294,거제,2025-07-19,24.8,21.7,28.3,9.1,2.3,86.5,.9,
294,거제,2025-07-20,26.5,22.2,30.6,,.7,81.3,6.1,
294,거제,2025-07-21,26.6,24,29.1,.4,1.4,85.9,4.1,
294,거제,2025-07-22,27.4,23.1,31.9,,.9,78.5,12.1,
294,거제,2025-07-23,27.4,22.4,33.6,,.8,69.8,12.2,
294,거제,2025-07-24,27.4,22,31.8,,1.3,73.5,12.9,
294,거제,2025-07-25,28.2,26.5,30.8,,2.2,75.8,7,
294,거제,2025-07-26,28.5,26.9,31.5,,2.6,76.1,6.8,
294,거제,2025-07-27,28.2,26,31.4,,2.5,72.3,9.3,
294,거제,2025-07-28,28,23.9,33.7,,1.2,72.4,12.7,
294,거제,2025-07-29,27.9,23.6,32.3,,1.6,76.1,12.2,
294,거제,2025-07-30,27.4,23.9,31.7,,1.6,76,9.4,
294,거제,2025-07-31,28,24.2,32.1,,1.5,74.8,10.6,
294,거제,2025-08-01,28.8,24.9,34.3,,1.3,76,10.7,
294,거제,2025-08-02,28.5,24.6,33.2,,1,77.9,9.5,
294,거제,2025-08-03,28,25.1,31.3,0,1.6,78.1,1.7,
294,거제,2025-08-04,27.7,26.6,29.5,8.1,2.7,88.4,.1,
294,거제,2025-08-05,27.7,26.2,30.4,4,2,86.6,.4,
294,거제,2025-08-06,27.5,26.9,28.5,12.7,3.3,86.9,.1,
294,거제,2025-08-07,28.8,25.8,31.9,,1.9,77,7.2,
294,거제,2025-08-08,26.1,23.1,29.8,,1,80.9,5.1,
294,거제,2025-08-09,23.6,21.6,28.3,25.4,.9,89.1,.5,
294,거제,2025-08-10,22.8,21.4,26.1,92.9,.8,94.4,.2,
294,거제,2025-08-11,22.7,19.8,28.2,69.2,.9,91.4,3.8,
294,거제,2025-08-12,22.2,19.9,23.9,76,.7,98,0,
294,거제,2025-08-13,26.8,23.3,29.7,.1,1.5,88.9,.7,
294,거제,2025-08-14,27.9,26.2,31.2,,1.9,81.5,7,
294,거제,2025-08-15,28.1,24,33.7,,1,76.8,12.3,
294,거제,2025-08-16,28,23.9,33,,1.1,76.8,12,
294,거제,2025-08-17,27.8,23.4,32.5,,1.2,76.1,12.3,
294,거제,2025-08-18,28,24.4,32.2,,1.7,77.9,8.5,
294,거제,2025-08-19,28.1,25.1,31.5,,1.8,78.4,11.3,
294,거제,2025-08-20,28,25.1,31.3,,1.3,79.9,10.9,
294,거제,2025-08-21,28,24,32.8,,1,75.6,11.8,
294,거제,2025-08-22,27.9,23.7,32.9,,1.5,76.4,12.3,
294,거제,2025-08-23,28.5,25,33.1,,1.7,74.9,11.9,
294,거제,2025-08-24,28.5,24.8,33.2,,1.7,76.9,11.7,
294,거제,2025-08-25,28.5,25.2,32,,1.6,78.5,11.3,
294,거제,2025-08-26,27.9,26.6,31.4,,2,80.4,6,
294,거제,2025-08-27,27.3,24.8,32.2,,1.1,80.5,5.5,
294,거제,2025-08-28,26.8,23.4,31.5,,.9,79.6,6.4,
294,거제,2025-08-29,28,23.9,32.2,,1.5,76,12,
294,거제,2025-08-30,28.6,24.6,32.9,,1.4,74.6,12,
294,거제,2025-08-31,26.9,24.6,29.8,34.5,.9,86.1,2.6,
294,거제,2025-09-01,25.8,24.6,27.1,7.6,1.1,92,.3,
294,거제,2025-09-02,27.1,24,30.3,0,1.2,82,4.1,
294,거제,2025-09-03,26.1,22.6,30.5,,1.7,81,10.5,
294,거제,2025-09-04,27.1,24.1,31.4,,1.3,79.1,6.9,
294,거제,2025-09-05,26.7,23.8,31.4,,1.3,77.5,8.9,
294,거제,2025-09-06,26.9,23.1,30.3,,1.1,82.5,3.7,
294,거제,2025-09-07,27.8,25.7,30.6,0,1.8,79,5.1,
294,거제,2025-09-08,26.7,24.5,30.8,,.9,79.1,4.7,
294,거제,2025-09-09,22.9,20.8,25.9,2.9,1.2,83.6,.1,
294,거제,2025-09-10,23.6,21.3,28.1,0,1.2,80.8,4,
294,거제,2025-09-11,24.7,20,29.3,,1.3,74,4.9,
294,거제,2025-09-12,25.7,23.3,28.4,,1.5,77.5,1.1,
294,거제,2025-09-13,26.2,24.8,27.7,17.2,2.1,88.3,0,
294,거제,2025-09-14,25.6,22.6,29.7,0,1.4,78.5,6.9,
294,거제,2025-09-15,25.6,23,29.6,.6,.7,86.3,3.5,
294,거제,2025-09-16,26.8,23.5,30.6,,1.2,83,8.8,
294,거제,2025-09-17,27,24.3,30.4,1.7,1.7,80.3,4.8,
294,거제,2025-09-18,22.9,20.6,25.3,,1.4,76.9,1.2,
294,거제,2025-09-19,23,19.2,26.9,,1.7,69.8,3.6,
294,거제,2025-09-20,23.8,20.1,28,12.8,1.8,83.5,2.1,
294,거제,2025-09-21,21.7,18.8,26.3,,1.3,72.3,6.7,
294,거제,2025-09-22,22,18.6,26,,1.5,62.9,4.4,
294,거제,2025-09-23,22.8,18.6,27.2,,1.5,63.8,6.7,
294,거제,2025-09-24,24.6,22,27.3,11.3,1.1,85.4,0,
294,거제,2025-09-25,23.7,21.7,26.2,16.4,.7,94.5,0,
294,거제,2025-09-26,23.8,21.3,28.3,,.8,82.5,4.4,
294,거제,2025-09-27,23.5,20.8,27.1,.2,1.4,77.1,6.3,
294,거제,2025-09-28,23.6,20.5,25.8,.1,1.4,82.4,1.3,
294,거제,2025-09-29,22.3,20.1,25.8,,1.4,72,4.6,
294,거제,2025-09-30,20.7,17,24.9,,.8,79.6,2.8,
295,남해,2025-05-15,19.8,18.1,21.8,15.1,1.2,90,0,
295,남해,2025-05-16,18.2,17.2,20.8,94.7,.9,97.6,0,
295,남해,2025-05-17,20.6,16.3,25.5,,1.7,80.3,7.1,
295,남해,2025-05-18,18.6,13.7,24.7,,1.9,63.3,10.2,
295,남해,2025-05-19,18.7,13.1,23.5,,1.5,74.3,8.4,
295,남해,2025-05-20,22.4,17.4,27.8,0,1.3,83.4,5.5,
295,남해,2025-05-21,21.2,18.3,23.9,.4,.7,91,1.2,
295,남해,2025-05-22,19.5,16.1,22.4,0,1.1,88.1,.1,
295,남해,2025-05-23,18.4,16,21.2,,1.5,60.8,1.1,
295,남해,2025-05-24,15.4,14.2,18.6,1.2,1.8,76.6,.6,
295,남해,2025-05-25,16.9,13.8,22.3,,1.5,71.9,10.6,
295,남해,2025-05-26,17.6,13.5,23.4,,1.3,79.6,8.8,
295,남해,2025-05-27,18.7,13.1,25.3,,1,71.5,11.7,
295,남해,2025-05-28,19.1,14.3,25.9,,1.2,71,11.3,
295,남해,2025-05-29,19.2,14,26.7,,1.2,68,9.7,
295,남해,2025-05-30,18,14.3,24.5,,1.4,75.9,11.1,
295,남해,2025-05-31,19.6,14.5,25.4,,1.1,75.1,6.4,
295,남해,2025-06-01,20.6,15.7,26.9,,1.3,70,9.9,
295,남해,2025-06-02,18,16.3,21.2,6.4,.9,83.1,0,
295,남해,2025-06-03,21.7,16.2,27.3,.4,1.8,58.4,11.1,
295,남해,2025-06-04,22.9,15.2,28.7,,2.7,34.6,12.4,
295,남해,2025-06-05,20.7,14,27.2,,1.3,55.6,10.9,
295,남해,2025-06-06,20.9,16.4,26.7,,.8,58.4,.9,
295,남해,2025-06-07,21.8,15.9,27.5,,1.2,67.5,8.6,
295,남해,2025-06-08,22.2,19.1,27.2,,1.2,81.1,5.1,
295,남해,2025-06-09,21.7,17.8,26.6,,.9,74.3,2.8,
295,남해,2025-06-10,23.3,17.2,28.1,,1.3,73.1,5.2,
295,남해,2025-06-11,23.7,18.9,29.8,,1.3,51.6,10.8,
295,남해,2025-06-12,21.6,18.2,25.1,,1,69.1,1.8,
295,남해,2025-06-13,19.7,17.7,22.3,62,.8,84.3,.1,
295,남해,2025-06-14,21,18.5,23.5,95.7,1.3,92.8,0,
295,남해,2025-06-15,24,21,29.4,4,1.1,88,6.2,
295,남해,2025-06-16,23.6,21.3,27,7.3,1.9,82.3,4.9,
295,남해,2025-06-17,23,19.3,28.2,,1.4,83.6,9.5,
295,남해,2025-06-18,23.4,18.7,30.1,,1,76.9,12,
295,남해,2025-06-19,23.2,17.2,27.6,,.9,84.9,4.2,
295,남해,2025-06-20,24.7,23,26.5,1,2,88.6,0,
295,남해,2025-06-21,23.7,22.3,25.7,19.5,2,92,0,
295,남해,2025-06-22,21.7,18.5,27.1,2.2,1.3,82.8,4.9,
295,남해,2025-06-23,23.1,18.2,29.4,,1.1,74.5,12.1,
295,남해,2025-06-24,20.1,19.1,21.2,22.3,.9,95.1,0,
295,남해,2025-06-25,22.4,19.9,27,.5,1.3,84.4,7.3,
295,남해,2025-06-26,24.7,19.9,29.1,,1.9,66.9,9.4,
295,남해,2025-06-27,25.4,20.4,31,,1,74.4,11.9,
295,남해,2025-06-28,26.1,21.9,32.3,,1,84.5,10.5,
295,남해,2025-06-29,26.9,22.7,31.8,,1.2,80,12.4,
295,남해,2025-06-30,26.8,23,31.9,,1.2,81,12.3,
295,남해,2025-07-01,27.4,23.2,32.2,,1.1,83.3,8.9,
295,남해,2025-07-02,28.5,24.4,33.6,,1.2,79,12.4,
295,남해,2025-07-03,28.4,23.8,33.3,,1.5,73.1,12.4,
295,남해,2025-07-04,27.4,23.2,32,,1.6,76.3,11,
295,남해,2025-07-05,28.1,23.8,32.3,,1.6,73.8,11.9,
295,남해,2025-07-06,29.4,25,33.4,,1.6,70.6,10.2,
295,남해,2025-07-07,29.2,24.4,34.9,,.9,76.5,12.1,
295,남해,2025-07-08,28.7,25.1,33.5,,1.4,74.3,10.5,
295,남해,2025-07-09,28.1,24.4,33.3,,1.4,67.3,11.4,
295,남해,2025-07-10,28.3,24.7,32.5,,2,63,10.1,
295,남해,2025-07-11,27.5,24.1,33.3,,2.4,60.9,10.2,
295,남해,2025-07-12,26.4,23,32.2,,1.7,65.3,9.8,
295,남해,2025-07-13,23.5,21.5,27.1,57.9,1,85.4,0,
295,남해,2025-07-14,25.7,19.9,31.9,6,1.6,73.1,11.3,
295,남해,2025-07-15,24.6,22,28.2,.1,1.6,78.3,1.5,
295,남해,2025-07-16,24.9,22.8,26.5,4.2,2,81.4,0,
295,남해,2025-07-17,25.9,22.3,28.1,11.8,2.8,87.5,0,
295,남해,2025-07-18,24.8,21.4,27.3,14.5,1.5,91.4,.9,
295,남해,2025-07-19,24.7,22.6,27.2,41,2.1,91.6,0,
295,남해,2025-07-20,26,22.1,29.9,,.9,85.1,2.3,
295,남해,2025-07-21,26.5,24.3,29.4,10.7,1,89.1,2.4,
295,남해,2025-07-22,26.7,23,31.7,,1,80.9,7.6,
295,남해,2025-07-23,27.7,22.9,33.5,,1.1,75.1,12,
295,남해,2025-07-24,27.6,23.1,33.9,,1.2,74.1,11.2,
295,남해,2025-07-25,28,23.9,32.9,,1.7,76.6,12.4,
295,남해,2025-07-26,28.5,24.7,33.1,,1.8,75.8,11.2,
295,남해,2025-07-27,28.7,25.5,33.3,,1.7,74,11.1,
295,남해,2025-07-28,28.4,24.2,34.3,,1.2,71.5,12.2,
295,남해,2025-07-29,27.6,23.4,33.6,,1.3,72.9,12.3,
295,남해,2025-07-30,27.4,23.2,32.7,,1.4,74.3,11.2,
295,남해,2025-07-31,27.5,23.4,33.5,,1.5,73,12.1,
295,남해,2025-08-01,28,23.3,34.3,,1.1,75.3,11.8,
295,남해,2025-08-02,28.7,24.7,33.8,,1,75.6,8.5,
295,남해,2025-08-03,28.2,25.5,31,9.8,1.8,80.8,1.4,
295,남해,2025-08-04,28.8,27.6,31.7,2,2.2,82.5,3.9,
295,남해,2025-08-05,28.2,25.9,31.7,71,1.3,85.3,3.3,
295,남해,2025-08-06,28.9,27.8,30.4,.7,2.3,79.6,1.7,
295,남해,2025-08-07,29.3,26.4,33,0,2,70,6.8,
295,남해,2025-08-08,26,22.6,30.4,,1,73.4,4.5,
295,남해,2025-08-09,23.4,21.9,26.8,48.2,.8,92.6,0,
295,남해,2025-08-10,23.5,21.6,27,73.9,.9,93.6,1.7,
295,남해,2025-08-11,22.5,19.9,26.6,48.4,1.1,93,1.1,
295,남해,2025-08-12,21.9,20,22.8,74.8,.7,97.4,0,
295,남해,2025-08-13,26.4,22.8,31.2,.2,1,88.6,5.8,
295,남해,2025-08-14,28.3,24.7,32.7,,1.1,81,10,
295,남해,2025-08-15,27.9,23.8,33.3,,.9,81.4,11.4,
295,남해,2025-08-16,28.3,24.4,33.9,,1,78.9,10.9,
295,남해,2025-08-17,27.9,23.1,33.2,,1.1,77.9,11.7,
295,남해,2025-08-18,28.3,24.4,32.5,,1.1,77.4,6.6,
295,남해,2025-08-19,28.1,24.4,32,,1.1,77.1,10.7,
295,남해,2025-08-20,27.9,24.4,31.8,,1.1,79.8,10.7,
295,남해,2025-08-21,27.9,24,33.1,,1.1,77,10.4,
295,남해,2025-08-22,28.3,24.6,33.1,,.9,79.1,9.4,
295,남해,2025-08-23,28.2,24.2,33.4,,1,78.1,11.2,
295,남해,2025-08-24,28.5,24.6,33.4,,1.1,79.1,10.8,
295,남해,2025-08-25,28.5,24.3,32,,1.3,76.8,8.4,
295,남해,2025-08-26,28.7,24.6,32.9,5.7,1.8,78.1,8,
295,남해,2025-08-27,26.9,24.2,31.9,,.9,83.3,7.1,
295,남해,2025-08-28,26.9,23.9,31.1,,1,82,7.2,
295,남해,2025-08-29,28.4,23.6,33.5,,1.1,77.9,11.1,
295,남해,2025-08-30,28.2,24.2,33.7,,1,77.4,11.1,
295,남해,2025-08-31,26.7,24.8,29.6,1.9,.9,87.6,2.1,
295,남해,2025-09-01,26.6,24.9,29.8,3.5,.9,88.9,1.1,
295,남해,2025-09-02,27,23,31.5,24.1,.9,86.3,5.7,
295,남해,2025-09-03,27,24.3,31.7,,1.1,81.9,8.3,
295,남해,2025-09-04,27.3,23.7,32.6,,1.4,80.3,9.9,
295,남해,2025-09-05,26.9,24.2,31.3,,1.3,78.9,11.3,
295,남해,2025-09-06,27.3,23.4,31.3,,1.5,81.9,6,
295,남해,2025-09-07,27.1,24.2,32.5,5.1,1.4,85,3.9,
295,남해,2025-09-08,25.4,23.3,28.8,,.7,82.4,2.7,
295,남해,2025-09-09,21.1,19.9,23.8,5.2,1.4,89,0,
295,남해,2025-09-10,23.3,20.6,27.7,,1.2,85.8,5.2,
295,남해,2025-09-11,24.5,20.4,29.3,,1.6,78.3,6.8,
295,남해,2025-09-12,24.1,22.2,26.8,.2,1.2,83,.4,
295,남해,2025-09-13,26.8,22.8,30.1,9.9,1.8,84.9,2.1,
295,남해,2025-09-14,26,22,30.4,,1.1,79,8.1,
295,남해,2025-09-15,24.9,23.2,27.7,.7,.7,87.9,3,
295,남해,2025-09-16,26.9,23,32.2,.1,1.1,83.9,8.5,
295,남해,2025-09-17,26.9,24.1,32.2,8.9,1.5,81.1,7.1,
295,남해,2025-09-18,23.5,20.7,27.2,,1.5,79,1.9,
295,남해,2025-09-19,22.6,19.7,26.1,,1.4,74,2.4,
295,남해,2025-09-20,23.9,19,28.2,7.8,2.1,77.6,4.3,
295,남해,2025-09-21,21.7,17.5,27,,1.5,74.5,8,
295,남해,2025-09-22,22.1,18.9,25.5,,2.2,65.8,5,
295,남해,2025-09-23,22.7,19.5,27.2,,1.8,66.4,8.2,
295,남해,2025-09-24,23.6,20.9,26.9,.1,.9,80.6,1.1,
295,남해,2025-09-25,23,21,24.5,7.9,.5,94,0,
295,남해,2025-09-26,23.8,21.2,27.7,,.7,87.5,1.9,
295,남해,2025-09-27,23.2,20.9,28,2,1,81.5,6.1,
295,남해,2025-09-28,23.2,21.2,26.4,6.4,1.1,84.8,1.1,
295,남해,2025-09-29,21.7,18.6,25.5,,1,76.5,3.9,
295,남해,2025-09-30,20.7,18,24.7,,.9,83.3,2,
296,북부산,2025-05-15,19.2,18.4,19.9,.3,2.3,88.5,0,2.64
296,북부산,2025-05-16,19.5,17.9,22.1,39.1,1.8,90.1,0,4.96
296,북부산,2025-05-17,20.2,16.9,25.8,.7,1.9,82.4,6.6,22.03
296,북부산,2025-05-18,18.6,12.8,24.4,,1.6,66.5,9.5,26.13
296,북부산,2025-05-19,19.3,12.5,23.7,0,3,73.6,7.5,21.05
296,북부산,2025-05-20,22.8,19.4,26.9,,3.3,82.8,9.4,26.25
296,북부산,2025-05-21,24.1,19.8,28.5,0,1.7,77.1,3.6,14.43
296,북부산,2025-05-22,18.9,16.6,22.4,,4,72.8,.9,12.22
296,북부산,2025-05-23,18.6,14.3,21.8,,3.4,49.5,2.4,14.39
296,북부산,2025-05-24,15.1,13.8,17.6,1.7,4.3,77.6,0,4.84
296,북부산,2025-05-25,16.7,12.8,23.1,.1,1.7,72.6,9,25.32
296,북부산,2025-05-26,17.8,11.3,24.4,,1.9,71.9,11.4,28.3
296,북부산,2025-05-27,18.7,12,24.9,,1.8,66.3,11,26.36
296,북부산,2025-05-28,19.9,12.8,26.2,,1.9,62.3,11.6,25.96
296,북부산,2025-05-29,19.7,14,27,,2.1,66.1,10.1,26.1
296,북부산,2025-05-30,19.5,13.2,26.9,,2.5,62.1,11.6,29.24
296,북부산,2025-05-31,19.6,11.5,28.5,,1.6,57.6,10.4,25.97
296,북부산,2025-06-01,20.2,12.5,26.8,,1.8,66,11.2,27.34
296,북부산,2025-06-02,19.3,16.3,22.4,.7,1.5,77.8,0,8.92
296,북부산,2025-06-03,21,16.7,25.1,4.7,1.8,68.1,7.4,22.2
296,북부산,2025-06-04,22.3,11.8,28.6,,2.4,40.9,11.8,30.23
296,북부산,2025-06-05,20.9,14,27.8,,2.1,55.9,10.8,29.01
296,북부산,2025-06-06,20.4,14.8,27.4,.1,1.4,67.3,2.5,14.46
296,북부산,2025-06-07,21.8,14.1,28.5,,1.9,66.3,10.1,27.66
296,북부산,2025-06-08,23.2,18.7,28.9,,1.7,74.8,6,21.99
296,북부산,2025-06-09,23,18.5,29.2,,1.3,74.3,4.5,18.83
296,북부산,2025-06-10,23.6,17.1,29.3,,1.9,73.5,7.2,22.98
296,북부산,2025-06-11,25,20.1,32.3,,1.8,49.8,10.7,27.31
296,북부산,2025-06-12,22.2,17.6,27.6,,1.6,69.9,3.1,17.21
296,북부산,2025-06-13,21.8,17.3,26.6,27.4,1.4,79.3,.1,11.09
296,북부산,2025-06-14,22.5,20.5,24.2,107.2,1.8,95.1,0,4.58
296,북부산,2025-06-15,23.5,21.6,28.1,2.9,2.3,89.5,6.2,22.49
296,북부산,2025-06-16,23.3,21.1,28.4,8.7,2.6,88,2.3,10.28
296,북부산,2025-06-17,23,21,26.4,,2.9,87.3,5.1,19.12
296,북부산,2025-06-18,23.8,20.5,28.3,,2.2,79.1,10.7,27.72
296,북부산,2025-06-19,24.8,18.2,30.5,,1.8,78.6,10.1,25.82
296,북부산,2025-06-20,24.2,23.5,26.5,.6,3.1,92.8,.2,9.09
296,북부산,2025-06-21,23.2,21.5,25.2,8.4,3.2,94.6,0,2.81
296,북부산,2025-06-22,22,19.2,28.6,24.1,1.2,81.9,3.4,16.2
296,북부산,2025-06-23,24.3,17.4,30.5,,1.5,68.9,11.9,29.32
296,북부산,2025-06-24,21.3,18.9,24,35.4,2.3,86,0,4.14
296,북부산,2025-06-25,22.9,20.3,26,8.1,2.8,85.4,7.2,23.49
296,북부산,2025-06-26,24.1,18.5,30.5,,2,75.1,11,28.02
296,북부산,2025-06-27,26.3,20.6,31.2,,1.7,71.3,12,27.2
296,북부산,2025-06-28,26.8,21.9,31.3,,2,80.1,11.9,27.91
296,북부산,2025-06-29,27.6,23.4,31.5,,2,80,10.7,28.02
296,북부산,2025-06-30,27.6,23.1,31.5,,2.1,79.3,12,28.58
296,북부산,2025-07-01,27.9,23.2,32.4,,2,80.9,10.6,25.13
296,북부산,2025-07-02,29.4,24.9,34.2,,1.9,77.3,10.3,27.29
296,북부산,2025-07-03,28.9,24.8,33.5,,2.1,75.1,11.5,27.06
296,북부산,2025-07-04,28.3,23.7,33,,2.4,73.9,10.5,25.43
296,북부산,2025-07-05,28.4,23.4,33.4,,2.3,74.8,12,28.95
296,북부산,2025-07-06,29.2,23.9,36.5,,1.8,73.1,11.5,28.42
296,북부산,2025-07-07,30.8,25.3,36.7,,1.5,70.1,11.3,25.76
296,북부산,2025-07-08,30.3,26.7,34,,3,64.3,8.3,22.15
296,북부산,2025-07-09,29.7,25.5,34.8,,3.7,54.1,10.1,26.81
296,북부산,2025-07-10,28.2,25.8,32.7,,4.4,58.5,9.3,25.63
296,북부산,2025-07-11,27.5,24.7,32.2,,5.1,57.5,11.3,27.53
296,북부산,2025-07-12,27.6,24.2,32.4,,3.6,60.6,11,26.78
296,북부산,2025-07-13,26.9,22.7,32.5,137.9,1.9,73.9,1.5,13.01
296,북부산,2025-07-14,24.7,20.5,31.3,31.4,2,78.5,6.1,20.68
296,북부산,2025-07-15,24.6,19.4,28.4,0,2.1,81,3.5,15.23
296,북부산,2025-07-16,25.5,23.6,27,.7,2,87.5,0,6.32
296,북부산,2025-07-17,25.9,23.1,29.8,13.3,3,88.9,1.2,12.53
296,북부산,2025-07-18,25.2,22.6,28.3,36,2.5,92.4,.2,8.43
296,북부산,2025-07-19,24.2,22.1,27.5,81.6,2.2,92.9,0,4.92
296,북부산,2025-07-20,27.3,21.9,32.1,,1.1,81.6,6.9,19.91
296,북부산,2025-07-21,27.7,24.8,31.2,,2.2,85.6,7.5,23.22
296,북부산,2025-07-22,28.7,23.7,33.4,,1.4,76.9,10.2,23.72
296,북부산,2025-07-23,29,23.8,34.4,,1.1,74.1,10.8,25.11
296,북부산,2025-07-24,28.7,21.7,35,,1.6,68,11.8,28.76
296,북부산,2025-07-25,29.9,25.9,33.9,,2.3,65.9,11.1,27.68
296,북부산,2025-07-26,30.6,26.4,34.6,,2.5,65.4,11,27.23
296,북부산,2025-07-27,30.8,27.6,34.3,,2.3,60.3,11.8,28.48
296,북부산,2025-07-28,29.5,24.5,35.4,,1.6,65.5,11.5,27.03
296,북부산,2025-07-29,29.1,22.5,35.3,,1.8,64.3,11.8,28.17
296,북부산,2025-07-30,29.1,23.7,34.6,,2,65.1,11.6,27.78
296,북부산,2025-07-31,29.5,24,35.4,,1.9,65.1,11.5,27.55
296,북부산,2025-08-01,29.9,23.9,35.5,,1.7,71.5,11.8,26.65
296,북부산,2025-08-02,30.5,27,36,,1.5,74.5,9.3,24.97
296,북부산,2025-08-03,29.2,26.7,32.6,7.9,2.3,80.3,2,14.86
296,북부산,2025-08-04,29.2,26.9,33,9.3,3.5,87.3,.8,8.93
296,북부산,2025-08-05,29,27.1,31.9,34.2,2.3,86.5,1.6,10
296,북부산,2025-08-06,29.1,27.5,32.4,1.8,3.2,84,2.4,12.86
296,북부산,2025-08-07,29.6,25.5,34.5,0,1.7,72.6,7.4,19.76
296,북부산,2025-08-08,27.2,23.7,31.7,,1.6,80.3,5,17.83
296,북부산,2025-08-09,25,22.8,29.3,2.5,1.4,87.5,.4,7.67
296,북부산,2025-08-10,24,21.3,28.8,34,1.3,89.6,.3,8.46
296,북부산,2025-08-11,23.7,20,31.3,9.7,1.8,85.4,5.2,15.13
296,북부산,2025-08-12,23.1,21.1,25.3,63.3,1,94.3,0,3.49
296,북부산,2025-08-13,27.6,23.9,32.3,.3,1.7,87.4,5.8,18.41
296,북부산,2025-08-14,28.9,24,34,,2.1,79.6,11.1,26.18
296,북부산,2025-08-15,29.2,24.7,35.1,,1.4,76.6,9.5,22.63
296,북부산,2025-08-16,29.2,24.3,33.7,,1.7,78.3,11.6,25.71
296,북부산,2025-08-17,29.5,24.1,36,,1.4,73.9,11.5,26.27
296,북부산,2025-08-18,29.1,24.7,34.1,,1.7,78.6,9.6,23.36
296,북부산,2025-08-19,29.1,25.5,33.5,,2.2,77.3,10.9,24.91
296,북부산,2025-08-20,28.5,24.4,32.9,,1.9,79.1,11.2,25.23
296,북부산,2025-08-21,29.1,23.6,35,,1.5,73,11.1,25.07
296,북부산,2025-08-22,29.4,24.9,34.9,,1.7,77.8,10.9,22.73
296,북부산,2025-08-23,29.7,25.5,35.4,,1.5,76.3,11.2,23.94
296,북부산,2025-08-24,29.5,25.3,35.1,,1.5,78.4,10.2,21.61
296,북부산,2025-08-25,29.4,25.4,34.7,,2.2,78.4,11,24.42
296,북부산,2025-08-26,29.7,26.4,34.9,,2.7,76.4,8.3,20.12
296,북부산,2025-08-27,28.8,25.3,34.1,0,1.6,72.6,7.7,17.57
296,북부산,2025-08-28,28.1,24.1,33.3,,1.8,76.8,6,18.44
296,북부산,2025-08-29,28.9,23.8,34.3,,1.8,78.4,11,23.17
296,북부산,2025-08-30,29.5,25,34.4,,1.6,75,11.3,23.88
296,북부산,2025-08-31,27.9,24.8,32.1,12.8,1.4,82.5,4.3,13.38
296,북부산,2025-09-01,26.7,25.2,30.5,10.6,2,90.6,1.3,7.79
296,북부산,2025-09-02,27,25.1,31.1,6.9,1.7,89.4,4.5,13.62
296,북부산,2025-09-03,27.7,22.8,32.7,,2.1,77,10.5,22.44
296,북부산,2025-09-04,28.6,25.2,33.3,0,2.9,75.8,7.2,17.61
296,북부산,2025-09-05,28.3,25,32.9,,2.1,71.3,7.9,19.04
296,북부산,2025-09-06,27.9,23,32.1,0,2,80.3,6.4,17.19
296,북부산,2025-09-07,28.6,25.8,33.9,.9,2.3,80.4,5.9,16.51
296,북부산,2025-09-08,27.6,24.5,32.8,,1.2,79.4,4.8,16.12
296,북부산,2025-09-09,23.4,22,25.6,12.4,1.6,84.5,.1,6.51
296,북부산,2025-09-10,24.7,21.6,30,,2.8,78,2.7,13.95
296,북부산,2025-09-11,25.9,22.9,30,,4,73.6,6.5,18.92
296,북부산,2025-09-12,26,24.4,28.9,.1,3.4,78.6,1.3,11.09
296,북부산,2025-09-13,26.4,23.3,31.5,11.9,2.2,87.6,1,7.85
296,북부산,2025-09-14,26,22.9,30.4,0,2.1,82.1,4.5,16.13
296,북부산,2025-09-15,27,23.8,31.8,.2,1.3,82.6,2.6,13.6
296,북부산,2025-09-16,28.1,23.5,33.1,,2,81.9,8.6,19.62
296,북부산,2025-09-17,27.6,23.8,33.8,3.2,1.8,81.5,7.5,18.29
296,북부산,2025-09-18,23,21.3,24.2,0,3.1,79.6,.3,6.69
296,북부산,2025-09-19,23.7,21.1,27.4,,3,68.9,3.7,14.7
296,북부산,2025-09-20,24.6,19.6,30.2,11.7,1.9,78.5,4.2,12.22
296,북부산,2025-09-21,21.7,17.4,26.5,,3.2,74,6.4,16.69
296,북부산,2025-09-22,22.7,20.6,26.5,,4.4,62,5.8,15.48
296,북부산,2025-09-23,23.6,20.7,28.1,0,3.6,62.8,6.3,17.28
296,북부산,2025-09-24,25.1,21.5,30,1,1.4,84.9,1.9,10.74
296,북부산,2025-09-25,24.8,22.2,27.1,1.1,.6,91.6,0,4.96
296,북부산,2025-09-26,24.5,21,30.6,,1.3,75.9,8.9,19.12
296,북부산,2025-09-27,24.3,20.9,29,.1,2.4,70.5,5.7,15.3
296,북부산,2025-09-28,23.5,21.1,26.5,3.7,1.4,82.6,1.2,7.01
296,북부산,2025-09-29,22.6,19.9,28.1,,1.6,71.8,4.1,13.74
296,북부산,2025-09-30,21.6,16.9,26.9,,1.4,76.5,3,12.55
