지점,지점명,일시,평균기온(°C),최저기온(°C),최고기온(°C),일강수량(mm),평균 풍속(m/s),평균 상대습도(%),합계 일조시간(hr),합계 일사량(MJ/m2)
90,속초,2022-05-20,23.1,20.1,27.6,,1.8,33,10.3,
90,속초,2022-05-21,24.5,18.2,30.3,,1.8,41.1,13.1,
90,속초,2022-05-22,20,14.9,24.3,0,1.7,63.9,10.6,
90,속초,2022-05-23,18.6,14,23.9,,1.9,76,13,
90,속초,2022-05-24,24.6,16.9,30.2,,2,50.5,12.7,
90,속초,2022-05-25,22.4,17.5,27.8,0,2.1,52.8,9.9,
90,속초,2022-05-26,20.8,14.9,25.5,1.4,2.6,42.5,13.2,
90,속초,2022-05-27,19.7,16.8,24.9,0,2.5,54.1,9.7,
90,속초,2022-05-28,26.5,17.4,33.5,,2.7,32.5,13.4,
90,속초,2022-05-29,22.5,16.9,27.8,,2.5,50.4,12,
90,속초,2022-05-30,16.9,16,18.7,0,3,85.8,0,
90,속초,2022-05-31,20.9,12.8,26.8,,2.1,51.3,12.7,
90,속초,2022-06-01,20.7,16.3,24.2,,1.7,44.4,9.2,
90,속초,2022-06-02,21.3,16.1,27.2,,1.8,57,13.2,
90,속초,2022-06-03,19.1,17,21.8,0,2.7,80.4,4.4,
90,속초,2022-06-04,18.7,17.3,22.1,0,3.3,83,1.4,
90,속초,2022-06-05,17.5,16.5,19,14.1,3.4,91,0,
90,속초,2022-06-06,14.1,12.3,16.9,75.4,4.3,93.6,0,
90,속초,2022-06-07,13.6,11.2,14.9,2.8,2.1,87,.1,
90,속초,2022-06-08,15.8,10.1,20,,1.6,75.5,13.4,
90,속초,2022-06-09,15.6,12.4,19.7,.1,1,87.4,2.6,
90,속초,2022-06-10,17.8,13.1,23,,1.1,85.8,11.5,
90,속초,2022-06-11,17.8,15.9,20.2,,1.6,92,6.2,
90,속초,2022-06-12,18.7,16.4,22.9,0,1.8,85.4,3,
90,속초,2022-06-13,18.4,16.4,21.3,0,1.7,86.1,2.4,
90,속초,2022-06-14,17.3,15.9,20.1,0,1.7,80.9,1,
90,속초,2022-06-15,14.8,13.7,16.6,9.2,1.6,89.5,0,
90,속초,2022-06-16,18.7,13.8,23,5.4,1.5,81.4,11.5,
90,속초,2022-06-17,23.6,19.5,31,,2.1,60.8,13.9,
90,속초,2022-06-18,24.6,20.5,28.9,.1,1.7,67,11,
90,속초,2022-06-19,23.9,19.8,29.4,,1.7,74.8,12,
90,속초,2022-06-20,24.5,20.9,28.9,,1.3,73,13.2,
90,속초,2022-06-21,22.2,20,26.3,,1.5,88.4,7.9,
90,속초,2022-06-22,22.3,19.7,25.2,,1.7,91.9,4.5,
90,속초,2022-06-23,21.3,20.1,22.9,54.8,1.2,96.5,0,
90,속초,2022-06-24,26.2,20.2,32.7,11.7,2.1,66.6,11,
90,속초,2022-06-25,29.8,23.9,34.6,,2.4,45.9,12.2,
90,속초,2022-06-26,26.4,19.8,32.3,19.9,2,72.3,2.4,
90,속초,2022-06-27,24.4,21.6,28.5,19.9,1.2,87.1,.3,
90,속초,2022-06-28,29.4,24.2,31.4,.4,2.9,61.4,0,
90,속초,2022-06-29,27.1,22.8,32.5,.6,2,74.5,1.3,
90,속초,2022-06-30,22.1,21.1,23.8,34.3,1.3,95.6,0,
90,속초,2022-07-01,24.1,20.7,30.7,,1.5,85.8,11.9,
90,속초,2022-07-02,25.1,20.7,31.2,,1.7,83.4,13.3,
90,속초,2022-07-03,26.7,22,31.6,,1.2,78.4,12.8,
90,속초,2022-07-04,27.4,23.7,31.1,,1.2,74.4,9.1,
90,속초,2022-07-05,25.6,23.4,29.6,0,1.2,87.5,5.3,
90,속초,2022-07-06,25.6,23.6,28.8,0,1.5,87.3,3.3,
90,속초,2022-07-07,25.4,23.7,27.3,1.4,1.2,90.1,.2,
90,속초,2022-07-08,28.3,23.3,33.4,0,1.1,72.4,7.1,
90,속초,2022-07-09,25.9,24.2,29.4,0,1.4,85.5,4.6,
90,속초,2022-07-10,24,22.6,26.1,1.3,1.8,89.6,0,
90,속초,2022-07-11,22.8,21.1,26.8,28.8,1.8,94.5,.2,
90,속초,2022-07-12,21.7,20.3,24.7,3,.8,90.8,.7,
90,속초,2022-07-13,21.6,20.6,22.5,26.9,2,94.9,0,
90,속초,2022-07-14,22.1,20,24,0,2.2,88.5,2.6,
90,속초,2022-07-15,22.1,19.9,26,21.1,1.6,89,7,
90,속초,2022-07-16,22.8,20.4,25.4,.3,1.3,90.5,3.4,
90,속초,2022-07-17,23.1,20.8,26.2,,1.3,88.3,5.7,
90,속초,2022-07-18,24.4,22,27.2,,1.3,89,7.2,
90,속초,2022-07-19,24.7,22.7,28.3,.4,1.1,86.9,1.9,
90,속초,2022-07-20,26.2,22.9,31.4,.7,1.1,79.3,4.1,
90,속초,2022-07-21,21.2,20,23.3,87.2,2.3,95.8,0,
90,속초,2022-07-22,22.2,20.4,25.1,9.4,1.4,91.4,3.1,
90,속초,2022-07-23,22.9,18.8,26.9,12.1,2.2,87.4,4.3,
90,속초,2022-07-24,23.4,21.4,26.8,3.3,2,91.1,.9,
90,속초,2022-07-25,23.6,21.3,26.4,,1.5,87.1,10,
90,속초,2022-07-26,23.9,21.9,26.7,0,1.3,87.6,1,
90,속초,2022-07-27,24.7,22.5,28.3,,1.6,86.8,7.5,
90,속초,2022-07-28,25,23.4,27.5,0,1.6,88.1,1.5,
90,속초,2022-07-29,25.5,23.3,28.5,,1,89,3.4,
90,속초,2022-07-30,26.2,24.6,29.3,0,1.5,89.5,3.4,
90,속초,2022-07-31,25,24.2,26.8,17.2,.6,95.9,0,
90,속초,2022-08-01,25.4,24.2,28.3,6.1,1.1,93.4,2.3,
90,속초,2022-08-02,25.8,24.6,28,14.8,1.1,93,1.3,
90,속초,2022-08-03,29.5,24.7,35,.3,1.2,75,7.4,
90,속초,2022-08-04,28,25.4,33,11.3,1.3,85.5,9.6,
90,속초,2022-08-05,29.3,26.2,32.3,0,1.4,74.8,10.8,
90,속초,2022-08-06,30.2,27.4,35.5,,1,70.8,7.7,
90,속초,2022-08-07,28.8,26.7,32,.5,1,81,4.7,
90,속초,2022-08-08,27.8,25.1,31.7,21.4,1.5,78.9,0,
90,속초,2022-08-09,24.6,20.3,29.8,110.9,1.5,90.3,.5,
90,속초,2022-08-10,23.6,20.3,27,24.9,1.3,87,3.8,
90,속초,2022-08-11,24.8,22.7,28.8,1.6,1.5,87.9,7.3,
90,속초,2022-08-12,25.8,21.8,30.3,,1.3,73.6,12.6,
90,속초,2022-08-13,24.9,20.7,28.1,.3,1,87.5,3.4,
90,속초,2022-08-14,25.7,22.5,29.6,20.5,1.3,86.5,3.7,
90,속초,2022-08-15,28.4,24.2,32.5,1.8,1.7,73.5,0,
90,속초,2022-08-16,25.9,22.1,30.2,25.3,1.8,81.9,6.4,
90,속초,2022-08-17,22.7,20.9,24.6,28.5,1.1,92.3,.5,
90,속초,2022-08-18,23.7,19.7,27.6,,1.6,86.6,10.3,
90,속초,2022-08-19,24.8,22.6,27.4,0,1.1,77.8,.7,0
90,속초,2022-08-20,23.5,19.8,26.9,0,1.4,84.6,3,
90,속초,2022-08-21,23.3,18.6,27.6,,1.4,83.8,12,
90,속초,2022-08-22,24.4,20.4,28.6,.1,1.1,82.3,4.8,
90,속초,2022-08-23,23.5,18.6,28.2,0,1.7,77.3,.1,
90,속초,2022-08-24,21.5,18.5,26.2,0,1.2,82.3,3.4,
90,속초,2022-08-25,21.8,17.6,24.9,.6,.8,78.6,0,
90,속초,2022-08-26,23.9,19.6,28.8,,1.5,68.5,11.3,
90,속초,2022-08-27,21.5,16.9,25.1,0,2,57.5,11.8,
90,속초,2022-08-28,20.8,15.8,25.7,,1.6,65.1,10.7,
90,속초,2022-08-29,20.4,18.1,22.9,.1,.9,79.5,.1,
90,속초,2022-08-30,19,18.2,19.8,34.7,1.2,92.9,0,
90,속초,2022-08-31,19.5,17.2,22.8,20,2,89.9,.9,
90,속초,2022-09-01,21,15.6,26.1,,1.7,80.4,11.6,
90,속초,2022-09-02,21.5,16.3,26.1,.9,1.2,80.3,7.3,
90,속초,2022-09-03,21.4,17.4,25.9,,1.4,80.1,8.8,
90,속초,2022-09-04,20.3,18.5,21.9,10.8,1.2,93.4,0,
90,속초,2022-09-05,18.7,17.3,21.1,119.4,2,95.6,0,
90,속초,2022-09-06,21.1,17.1,27,87.6,3,71.6,6.5,
90,속초,2022-09-07,22.8,18.3,29.2,,1.7,56.5,12.2,
90,속초,2022-09-08,21,17,25.5,,1.5,76.3,12.2,
90,속초,2022-09-09,19.9,14.8,25.6,,1.4,79.5,11.3,
90,속초,2022-09-10,20.9,15.5,24.1,,2.1,77.9,4.2,
90,속초,2022-09-11,21.9,19.7,24.9,.2,1.3,83.4,2.2,
90,속초,2022-09-12,21.7,18.9,26,,1.2,84.1,5.6,
90,속초,2022-09-13,22.1,19.4,24.1,,1.2,88.3,0,
90,속초,2022-09-14,22.6,20.6,25.7,3.5,2.1,85,5.1,
90,속초,2022-09-15,22.4,20.4,25.5,,2.4,77.1,6.7,
90,속초,2022-09-16,21.8,18.9,25.1,0,1.4,85.3,1.8,
90,속초,2022-09-17,22.9,20.8,26,0,1.3,88.1,7,
90,속초,2022-09-18,23,21.1,25.4,.6,1.6,86.8,.1,
90,속초,2022-09-19,20,16.9,22.3,40.4,4.3,77,.5,
90,속초,2022-09-20,15.9,11.6,19.9,.4,1.5,70.5,2,
90,속초,2022-09-21,16.6,10.9,22,,2.4,70.8,11.4,
90,속초,2022-09-22,17.6,11.3,23.5,,1.7,71.1,10.8,
90,속초,2022-09-23,19.3,13.7,26.9,0,2.2,53,9.7,
90,속초,2022-09-24,18.9,14,26,,2.5,47.3,11.5,
90,속초,2022-09-25,18,13.1,22.8,,1.2,66.3,6.9,
90,속초,2022-09-26,18.2,13.6,23.3,,1.3,69.4,8.7,
90,속초,2022-09-27,18.2,13.7,23.8,,1.5,76.5,10.6,
90,속초,2022-09-28,18.2,12.7,23.6,,1.3,75.6,7.2,
90,속초,2022-09-29,19.8,14.9,25.8,,1.5,73.8,10.7,
90,속초,2022-09-30,21.5,13.8,27.5,,1.6,58.5,11.1,
93,북춘천,2022-05-20,18.5,10,26.5,,1.5,55.5,10.5,26.07
93,북춘천,2022-05-21,19.5,10.9,26.9,,1.8,65.4,9.1,23.6
93,북춘천,2022-05-22,18.6,13,25.3,,.9,76.8,3.8,13.67
93,북춘천,2022-05-23,21.1,12.7,29.9,,1,71.6,6.7,23.07
93,북춘천,2022-05-24,22,14.3,30.7,,1.2,58.6,12.2,27.36
93,북춘천,2022-05-25,19.6,12,28,4.6,1.8,66,8.8,23.11
93,북춘천,2022-05-26,18.2,11.9,23.7,,3,55.6,9.3,26.29
93,북춘천,2022-05-27,19.5,15.4,24.8,,2.1,59.3,5.5,19.48
93,북춘천,2022-05-28,20,10.5,30.1,,1.9,62.5,12.5,27.97
93,북춘천,2022-05-29,20.7,11.4,28.7,,1.1,60.9,11.4,27.23
93,북춘천,2022-05-30,18.7,14.9,22.9,.5,1,82.9,0,7.79
93,북춘천,2022-05-31,18.1,9.9,27.7,,1.9,57.5,11.4,27.26
93,북춘천,2022-06-01,19.3,9.2,29.6,,1.8,47.4,12.9,28.09
93,북춘천,2022-06-02,20.4,10.3,29.5,,1.5,58.9,12.9,27.76
93,북춘천,2022-06-03,22.7,14.2,31.9,,1.5,62.1,12.1,28.78
93,북춘천,2022-06-04,22.4,15.8,28.5,,.8,65.5,6.8,20.32
93,북춘천,2022-06-05,20.2,17.1,24.8,2.3,1.1,77.1,0,7.98
93,북춘천,2022-06-06,16.8,13.1,21,18.4,1.9,77.6,2.1,13.61
93,북춘천,2022-06-07,16.9,10.6,21.9,0,1.9,68.1,6.6,19.14
93,북춘천,2022-06-08,18.8,12.8,24.6,3.2,1,66.3,6.2,23.04
93,북춘천,2022-06-09,17.6,14.9,22.6,19.2,.9,89.8,.4,10.63
93,북춘천,2022-06-10,19.5,15.8,24.6,0,1.1,85,2.4,15.27
93,북춘천,2022-06-11,21.2,15.6,29,,1.6,72.3,9.3,23.06
93,북춘천,2022-06-12,21.9,13.8,28.6,,.8,67.6,10.3,26.56
93,북춘천,2022-06-13,21.2,18.1,26.4,2.5,1.9,70.6,2.3,15.31
93,북춘천,2022-06-14,20,17.6,23.8,0,2.7,58.1,5.8,22.96
93,북춘천,2022-06-15,16,13.6,18,14.3,.8,95,0,7.08
93,북춘천,2022-06-16,19.6,16.6,23.8,5.8,1.3,85.8,2,14.06
93,북춘천,2022-06-17,21.2,14.8,28.1,,1.3,82,8.5,24.45
93,북춘천,2022-06-18,23.4,20.1,26.9,,1.2,82.4,2.7,14.18
93,북춘천,2022-06-19,23.1,20.4,28,0,1.1,85.9,1.5,14.06
93,북춘천,2022-06-20,24.9,19.4,31.4,,1,77.8,7.5,25.08
93,북춘천,2022-06-21,26.2,19.2,34.2,,.9,72,9.9,27.23
93,북춘천,2022-06-22,26.1,20.9,32,,1.3,75.3,7.5,22.8
93,북춘천,2022-06-23,22.8,19.3,26.1,100.8,.9,94.4,.3,5.13
93,북춘천,2022-06-24,24.6,22.8,28.1,20.8,3,81.5,5.6,20.16
93,북춘천,2022-06-25,26.1,19.5,31.8,,1.7,75.6,6.3,20.96
93,북춘천,2022-06-26,25.4,23.3,28.2,1,.9,90.5,.8,4.52
93,북춘천,2022-06-27,25.6,23.8,29.1,8.8,.9,94.3,0,7.74
93,북춘천,2022-06-28,25,23.4,27.2,10.6,1.2,93.8,0,1.55
93,북춘천,2022-06-29,24.9,23.2,27,48.9,1.5,96.1,0,4.23
93,북춘천,2022-06-30,21.8,20.2,24.2,129.9,.9,99.9,0,2.07
93,북춘천,2022-07-01,26,20.3,31.9,.2,1.2,83.4,9.6,26.41
93,북춘천,2022-07-02,27,22,34,,1,77.9,9.7,26.79
93,북춘천,2022-07-03,27.7,21.2,34.8,,1.1,75.1,12.2,28.87
93,북춘천,2022-07-04,27.2,23,34.9,0,1,81.9,7.8,25.78
93,북춘천,2022-07-05,27.3,23.5,33.8,0,1,84.5,5.6,21.51
93,북춘천,2022-07-06,28,23.6,32.4,0,.9,81.8,4,18.71
93,북춘천,2022-07-07,27.5,24.8,31.3,11.3,.9,90.3,1.1,10.14
93,북춘천,2022-07-08,25.6,24.3,27.2,2.8,1.3,89.6,.4,6.9
93,북춘천,2022-07-09,27.2,23.9,32,,.8,85.8,5.2,18.83
93,북춘천,2022-07-10,28.2,23.4,34.6,20.3,1.1,78.5,8.6,25.84
93,북춘천,2022-07-11,24.9,21.8,28.7,3.7,1.2,86.4,2.2,14.59
93,북춘천,2022-07-12,25.3,19.6,30.1,,.9,79.8,7.3,20.64
93,북춘천,2022-07-13,23.4,22.7,24.3,74.7,.7,97.5,0,2.5
93,북춘천,2022-07-14,24.9,21.3,30,2.3,1.2,85.5,4.3,19.2
93,북춘천,2022-07-15,24.8,20.9,31.5,0,1.2,83.3,6.8,23.24
93,북춘천,2022-07-16,23.9,20.1,27.6,1,.8,87,4.2,17.58
93,북춘천,2022-07-17,24.2,22.1,28.6,7.3,1.2,89.9,1.5,11.69
93,북춘천,2022-07-18,25.4,21.4,30.4,,.9,83.9,5.2,21.04
93,북춘천,2022-07-19,26.5,22,31.9,,1.2,80.8,6.9,20.71
93,북춘천,2022-07-20,25.8,23,30.5,2.1,1.1,84.8,2.9,15.57
93,북춘천,2022-07-21,22.6,20.1,25.4,42,1.6,91,0,6.81
93,북춘천,2022-07-22,23.6,20.8,28.4,.7,.8,89.6,4.6,16.26
93,북춘천,2022-07-23,24.2,21.7,29.1,12.3,.8,89.3,2.6,15.69
93,북춘천,2022-07-24,24.3,21.5,28.9,7.5,.8,91.4,3.1,13.33
93,북춘천,2022-07-25,26.5,21.6,32.4,,1.1,79.6,11.4,28.1
93,북춘천,2022-07-26,27.1,21.2,33.4,,.9,79.8,10.1,26.16
93,북춘천,2022-07-27,27.3,22.8,33.2,,1,75.4,7,20.89
93,북춘천,2022-07-28,27.2,21.2,33.8,0,1,79.1,9.4,23.23
93,북춘천,2022-07-29,28.6,23.4,34.8,0,1,79.6,11.3,25.93
93,북춘천,2022-07-30,28.6,23.8,35.8,6.2,1,83.8,9.5,24.24
93,북춘천,2022-07-31,26,24.6,28.3,29.4,.6,95.9,.1,5.43
93,북춘천,2022-08-01,27.1,24.3,31.7,16.9,.6,91.9,2,11.38
93,북춘천,2022-08-02,26,25.1,28.7,48.7,.9,98.1,.2,5.89
93,북춘천,2022-08-03,26.4,24.6,29.4,21.6,1.1,95.6,.8,8.58
93,북춘천,2022-08-04,28.2,25.4,32.6,,1.1,85,6,18.62
93,북춘천,2022-08-05,,24.3,32.5,0,1.2,,,
93,북춘천,2022-08-06,27.5,24.6,32.5,0,.9,89.5,2,12.25
93,북춘천,2022-08-07,26.8,24.6,30.2,10.6,.8,95.1,.2,7.66
93,북춘천,2022-08-08,25.4,24.3,26.5,91.9,1,99.4,0,2.07
93,북춘천,2022-08-09,24.6,22.2,27.8,110.8,.9,98,0,4.02
93,북춘천,2022-08-10,25.3,21.4,30.5,.8,1.2,84.3,7.4,21.28
93,북춘천,2022-08-11,25.2,22.4,29.5,23.5,1,90.3,3.4,15.33
93,북춘천,2022-08-12,26.5,22.1,32.3,,.9,80.6,10.9,26.51
93,북춘천,2022-08-13,24,21.9,26,2.1,.6,96.6,.1,5.29
93,북춘천,2022-08-14,26.1,23.6,30.8,10.4,.8,92.1,1.8,13.28
93,북춘천,2022-08-15,26.7,24.7,30,24.6,1.7,91.1,0,4.75
93,북춘천,2022-08-16,26.8,22.9,31.2,,2.2,78.8,11.4,26.84
93,북춘천,2022-08-17,24,20.4,30.2,0,1.2,86.9,7.3,19.08
93,북춘천,2022-08-18,24.7,20.1,29.4,,.9,83.8,7.2,20.64
93,북춘천,2022-08-19,24.1,21.6,26.5,27.5,.9,93.1,.2,6.1
93,북춘천,2022-08-20,27.1,22.7,33,,1.1,84.8,9.3,22.92
93,북춘천,2022-08-21,25.9,20.6,32.8,,.8,79.4,11.3,25.31
93,북춘천,2022-08-22,25.7,21.5,29.8,,.9,86,1.9,12.23
93,북춘천,2022-08-23,25.5,21.5,31,,1.3,76,7.3,20.34
93,북춘천,2022-08-24,23.7,20,27.6,,1.2,72.3,2.1,14.18
93,북춘천,2022-08-25,20.5,18.4,23.2,1.2,.5,94.9,0,6.82
93,북춘천,2022-08-26,22.3,17.9,28.4,,1.1,82.5,6.7,20.07
93,북춘천,2022-08-27,20.2,15.3,25.7,.9,1.7,68.5,11.5,25.95
93,북춘천,2022-08-28,19.9,12.1,27.6,,.9,76.4,10.6,25.47
93,북춘천,2022-08-29,19.2,17.9,21.6,1.3,.6,91.9,0,5.85
93,북춘천,2022-08-30,18.4,17.3,19.5,24.2,.6,98.3,0,4.1
93,북춘천,2022-08-31,20.2,16.5,24.4,1.4,.8,89.8,.3,8.39
93,북춘천,2022-09-01,21.4,15.7,29.5,,.9,83.4,9.1,22.11
93,북춘천,2022-09-02,22.1,14.9,28.5,,2,70.9,11.9,23.71
93,북춘천,2022-09-03,22,15.1,27.5,0,1.6,70.6,6.4,17.82
93,북춘천,2022-09-04,20.5,18.2,22.3,30.6,.6,95.1,0,3.81
93,북춘천,2022-09-05,19.5,17.2,22.7,158,1.4,96.1,0,1.26
93,북춘천,2022-09-06,19.8,14.1,26.5,42.2,2.1,79.9,7.3,18.26
93,북춘천,2022-09-07,19.4,11.9,27.9,,.9,75.9,11.9,24.2
93,북춘천,2022-09-08,19.8,12.7,29,,.7,79.4,10.6,23.42
93,북춘천,2022-09-09,20.7,13.5,30.2,,1.2,71.5,9.7,22.91
93,북춘천,2022-09-10,21.2,13.6,28.3,,1.3,70.4,8.2,19.65
93,북춘천,2022-09-11,21.5,17.6,27,.2,.9,84.9,2.4,11.43
93,북춘천,2022-09-12,22,18.6,27.5,,.6,88.1,6.4,15.04
93,북춘천,2022-09-13,22.7,18.6,26.9,,.9,84.4,.4,8.22
93,북춘천,2022-09-14,23.6,19.6,28.1,,2.1,63.6,4.7,15.1
93,북춘천,2022-09-15,24,20.1,29.1,,1.4,73.6,7.6,17.62
93,북춘천,2022-09-16,24.6,19.6,30.8,.2,.7,84.8,4.1,14.88
93,북춘천,2022-09-17,25,22.5,30.3,5.5,.7,91,5.7,12.58
93,북춘천,2022-09-18,25.6,21.7,30.3,,1.2,82.1,3.3,12.35
93,북춘천,2022-09-19,22.3,15.1,26.1,,3,69.4,6.4,16.5
93,북춘천,2022-09-20,16.9,11.7,23,,1,74.1,11.3,21.19
93,북춘천,2022-09-21,15.7,9.4,23.8,,.9,74.9,10.8,22.23
93,북춘천,2022-09-22,15.8,9.5,23.3,,.8,80.4,8.1,19.19
93,북춘천,2022-09-23,15.2,10,22.5,2.2,1.6,79.5,5.9,14.96
93,북춘천,2022-09-24,14.9,6.8,23.8,,1,71.6,11,21.64
93,북춘천,2022-09-25,15.4,9.5,23.6,,.8,78.9,8.3,18.66
93,북춘천,2022-09-26,15.5,9.8,24.1,,.7,82.1,7.1,16.41
93,북춘천,2022-09-27,16.9,9.5,26.9,,.7,80,9.9,20.29
93,북춘천,2022-09-28,16.1,10.6,24.1,,.6,86.5,6.9,14.41
93,북춘천,2022-09-29,17.3,13.2,25.1,.1,.6,88.1,5.7,13.13
93,북춘천,2022-09-30,17,12.4,25.5,,.7,88.1,5.9,13.42
95,철원,2022-05-20,18.3,9.9,25.3,,1.5,66.5,12.4,24.61
95,철원,2022-05-21,19.2,12.6,25.8,,1.8,77.4,10.3,26.27
95,철원,2022-05-22,17.7,14.9,22.6,,1.5,89.9,7.9,16.95
95,철원,2022-05-23,20.8,12.4,29.1,,1.4,74.8,9.9,26.35
95,철원,2022-05-24,21.4,13.7,29.5,,1.4,62.6,12.9,27.97
95,철원,2022-05-25,18.9,12.3,26,10.7,1.7,75.1,10,22.29
95,철원,2022-05-26,16.8,12.4,21.8,.6,2.7,68.1,10.5,26.45
95,철원,2022-05-27,18.1,13.6,23.4,.2,2.3,73.8,11.2,22.45
95,철원,2022-05-28,19.4,10.1,29,,1.7,67.3,12.6,27.45
95,철원,2022-05-29,19.8,11.9,26.7,,1.2,79.1,10,24.32
95,철원,2022-05-30,18.3,13.9,23.2,.4,1.1,95.9,2.8,8.89
95,철원,2022-05-31,17.6,9.4,26,0,1.5,59.9,12.7,28.42
95,철원,2022-06-01,19.8,11.5,27.1,,1.4,51.5,12.6,27.83
95,철원,2022-06-02,19,10.3,26.3,,1.5,76.9,13.1,28.4
95,철원,2022-06-03,21.9,14.9,30.7,,1.9,74.5,12.6,28.77
95,철원,2022-06-04,21.6,15.7,26.8,,1.6,76.9,9.4,18.87
95,철원,2022-06-05,20,17.2,24.7,.3,1.5,88.5,2.9,9.57
95,철원,2022-06-06,15.8,12.6,20.4,18,3.4,86.6,6.6,16.19
95,철원,2022-06-07,16.7,11.3,22.8,0,3.4,76,11.8,25.19
95,철원,2022-06-08,18.8,12.6,24,,1.4,71.8,9.4,24.35
95,철원,2022-06-09,17.3,14.6,20.8,1.7,.9,97.9,1.5,8.1
95,철원,2022-06-10,18.1,13.7,22,0,1.2,98.5,5.7,14.31
95,철원,2022-06-11,20.9,14.9,28.2,.1,2.4,80.1,11.6,27.54
95,철원,2022-06-12,21.7,13.6,28.3,,1.4,77.9,11.9,26.54
95,철원,2022-06-13,19.2,17,25.2,7.5,2.3,92,2.9,11.86
95,철원,2022-06-14,19.5,14.9,24.8,,2.9,65.5,11.5,27.07
95,철원,2022-06-15,15.6,13.2,17.2,18.1,2,100,1.3,6.55
95,철원,2022-06-16,19.2,16,23.5,.6,1.3,93.8,5.7,15.5
95,철원,2022-06-17,21.4,13.9,27.2,,1.2,87.3,11,25.64
95,철원,2022-06-18,22.4,20.5,24.4,0,1,98.8,1.6,8.64
95,철원,2022-06-19,22,19.7,25.6,0,1,99.6,4.6,10.02
95,철원,2022-06-20,23.9,20.1,29,,.9,89.3,9.9,24.35
95,철원,2022-06-21,25.1,18.3,31.7,,1,83.5,11,28.12
95,철원,2022-06-22,25,21.3,30,,1.5,87.4,8.6,22.2
95,철원,2022-06-23,22.3,18.5,25.2,92.3,1.4,,.2,4.17
95,철원,2022-06-24,23.6,21.7,27.3,4.2,2.7,96.1,7.8,18.26
95,철원,2022-06-25,24.9,20.3,30.1,,2.2,90.5,8.6,19.36
95,철원,2022-06-26,23.8,19.8,26,5.5,1.5,,.1,2.19
95,철원,2022-06-27,25.2,22.9,27.5,25.8,1.8,,1.5,6.28
95,철원,2022-06-28,25,24.1,26.6,17.9,3.8,89.6,0,1.88
95,철원,2022-06-29,24.3,23.5,25.7,101.1,2.8,95.9,.2,3.35
95,철원,2022-06-30,21.5,19.9,24,144.1,1.1,98.5,0,1.64
95,철원,2022-07-01,26.1,20.4,30.9,1.8,1.5,82.4,8.8,25.71
95,철원,2022-07-02,26.1,21,31.6,,1,81.8,12,28.5
95,철원,2022-07-03,26.8,21.3,32.3,,1,78.9,11.7,28.38
95,철원,2022-07-04,27,22,31.6,0,1,81.5,9.4,21.63
95,철원,2022-07-05,26,23.5,32.9,1,1,86.3,6.5,18.11
95,철원,2022-07-06,26.8,22.1,30.8,0,.8,86.6,6.7,15.63
95,철원,2022-07-07,26.6,23.9,30,23.4,1.3,90.1,.8,8.39
95,철원,2022-07-08,23.7,23.1,25.6,3.1,1.3,94.8,.4,5.13
95,철원,2022-07-09,26.3,22.8,30.5,.3,.8,85.8,8.1,18.35
95,철원,2022-07-10,26.8,21.9,32.7,10.7,1,81.6,8.6,24.87
95,철원,2022-07-11,24.1,21.2,27.9,.6,1.8,84.8,8.1,16.4
95,철원,2022-07-12,24.5,18.8,28.7,,1.6,80.3,8.3,18.59
95,철원,2022-07-13,22.5,20.9,23.8,40.4,.9,96.8,0,2.53
95,철원,2022-07-14,24.6,20.6,29.3,1.6,2,83.6,8.5,23.12
95,철원,2022-07-15,23.3,19.5,29.5,20.9,1,87,7,22.45
95,철원,2022-07-16,22.9,20.5,27.3,1.2,.9,90.5,5.1,13.94
95,철원,2022-07-17,23.3,20.2,28.2,2.6,.9,90.1,4.9,13.78
95,철원,2022-07-18,25.5,21,30.4,,.8,81.1,10.5,24.87
95,철원,2022-07-19,26.2,22.7,30.3,,1.4,81.3,10,23.67
95,철원,2022-07-20,25.2,22.5,28.9,1.9,1.1,84.8,5.2,14.43
95,철원,2022-07-21,21.1,19.1,25.4,31.9,1.9,94.9,2.4,8.39
95,철원,2022-07-22,24.2,20.5,29.3,,.9,84.1,8.6,18.78
95,철원,2022-07-23,23.2,20.1,27.7,21.5,.9,89.9,4.6,13.27
95,철원,2022-07-24,23.3,20.7,27.6,4.9,1,90.8,3.7,10.86
95,철원,2022-07-25,25.3,19.8,31,,.8,80.3,13.1,28.54
95,철원,2022-07-26,26.3,20.7,32.2,,1,83.6,11.6,24.75
95,철원,2022-07-27,26.8,22.8,32.5,,1,78.8,9.4,19.59
95,철원,2022-07-28,27,20.9,32.8,,1,77,12,24.88
95,철원,2022-07-29,28.3,22.8,33.8,,1,77.3,11.2,27.37
95,철원,2022-07-30,27.5,23.1,34.5,4.7,1.4,82,10.3,24.01
95,철원,2022-07-31,24.9,23.6,26.8,75.1,1.2,96.4,0,4.25
95,철원,2022-08-01,26.5,23.9,32,62.3,.9,91.1,4.7,12.03
95,철원,2022-08-02,25.6,24.5,27.7,30.6,1,95.6,.4,5.63
95,철원,2022-08-03,26.5,24.6,28.8,4.1,1.6,91.3,2.5,10.6
95,철원,2022-08-04,27.4,24.9,31.3,1.1,1.5,84.6,7.5,18.37
95,철원,2022-08-05,27.5,24.4,31.9,.5,1.2,86.4,7.3,19.87
95,철원,2022-08-06,26.6,25.1,30.4,4.1,.9,93.4,2.4,7.67
95,철원,2022-08-07,26.9,24.3,29.8,7.8,1.1,90.3,1.8,7.69
95,철원,2022-08-08,25.7,24.5,27.4,119.9,2,95.1,0,2.03
95,철원,2022-08-09,23.6,20.5,26.8,75.2,1.3,97.1,0,2.93
95,철원,2022-08-10,24.3,19.1,29.8,.2,1.1,84.4,10,25.42
95,철원,2022-08-11,24.9,22.1,29.5,1.9,1.1,87,8.9,19.87
95,철원,2022-08-12,25.2,20.7,30.7,,.9,79.5,10.9,26.09
95,철원,2022-08-13,22.9,20.5,25.7,2.9,.7,95.8,.9,5.96
95,철원,2022-08-14,25.8,22,30.2,18.4,.9,89.9,5.9,15.75
95,철원,2022-08-15,26.5,25.4,28.4,27.7,3.2,89.4,.1,3.56
95,철원,2022-08-16,25.6,21.4,29.7,,1.6,79.3,10.6,25.82
95,철원,2022-08-17,23.4,19.6,30.1,18.1,1.2,87.1,9.1,20.55
95,철원,2022-08-18,23.7,18.6,29.3,,.8,84.6,7.5,20.12
95,철원,2022-08-19,24.3,21.2,26.4,16.1,1.4,90.8,1.1,6.88
95,철원,2022-08-20,27,22.2,32.2,.1,1.3,83.3,10.2,19.46
95,철원,2022-08-21,24.9,19.7,30.8,,.9,82,12,26.22
95,철원,2022-08-22,23.9,20.6,28.5,.3,1,86.4,3.7,10.72
95,철원,2022-08-23,23.7,18.8,29.1,.4,1.1,81.3,9.9,24.32
95,철원,2022-08-24,22.8,16.5,28.1,,1.1,72.8,6.7,17.51
95,철원,2022-08-25,21,19.3,23.5,.6,1,87.3,1.6,7.11
95,철원,2022-08-26,23,18.4,28.5,,1.2,78.1,8.7,20.4
95,철원,2022-08-27,18.9,13.6,23.6,14.2,1.5,73.1,12,26.35
95,철원,2022-08-28,19.1,11,26.5,,.9,77.4,10.4,24.73
95,철원,2022-08-29,18.9,17.4,22.1,.7,.7,88.6,1.6,6.53
95,철원,2022-08-30,17.9,16.6,19,13.2,1.4,96.4,0,3.33
95,철원,2022-08-31,20.3,16.4,25.4,,2,85,7.9,12.35
95,철원,2022-09-01,20.9,13.8,28.6,,1,80.4,11.3,24.79
95,철원,2022-09-02,22.2,14.8,29.1,,1.8,68.4,11.9,24.77
95,철원,2022-09-03,21.8,14.2,28.2,,1.6,69.1,10.1,20.36
95,철원,2022-09-04,20.7,18.5,22.8,61.5,1.7,91.3,0,2.58
95,철원,2022-09-05,18.1,16.9,22,131.5,2.1,97,0,1.4
95,철원,2022-09-06,20.2,16.5,25.5,22.2,2.8,75.4,7.8,17.61
95,철원,2022-09-07,19.6,13.3,26.2,,1.2,75,11.8,24.27
95,철원,2022-09-08,20,12.7,28,,.7,80.8,11.3,23.56
95,철원,2022-09-09,20.2,13.4,29.1,,1,76.4,11.3,20.95
95,철원,2022-09-10,20.8,13.4,28.7,,1.8,67.3,8.8,18.75
95,철원,2022-09-11,21.1,18.4,24.6,0,1.2,82.6,1.2,7.8
95,철원,2022-09-12,21.6,17.2,26.5,,.7,85,8.3,15.22
95,철원,2022-09-13,22.1,17.5,27.3,,1.9,82.1,4.6,10.31
95,철원,2022-09-14,22.5,20,26,0,3.5,64.3,4.2,8.64
95,철원,2022-09-15,22.7,19.8,27.7,,2.5,76.3,6.4,12.64
95,철원,2022-09-16,23.6,19.1,29.4,24.3,.9,86,3.5,10.38
95,철원,2022-09-17,23.6,20.6,28.4,14.6,.8,91.1,5.6,11.67
95,철원,2022-09-18,24.8,20.2,31.6,,2,81.9,8.8,19.29
95,철원,2022-09-19,21.3,14.7,24.7,,3.3,72,8.8,17.75
95,철원,2022-09-20,16.5,11.2,22.5,,1.2,73.3,9.1,19.17
95,철원,2022-09-21,15.2,8,23.5,,.8,73,11,22.07
95,철원,2022-09-22,16.1,7.9,23.4,,.8,76.3,10.2,20.61
95,철원,2022-09-23,14.3,9.2,21.3,3.3,1.5,80.3,8.4,14.52
95,철원,2022-09-24,14.3,6.9,22.4,,.9,73.9,9.4,20.69
95,철원,2022-09-25,15.1,8.6,23.4,,.8,74.3,7.9,18.12
95,철원,2022-09-26,15.8,8.5,24.4,,.6,75.9,9.6,19.62
95,철원,2022-09-27,16.8,8.4,27.1,,.6,76.9,10.5,20.82
95,철원,2022-09-28,16.6,10.5,25,,.6,84.6,7.3,15.01
95,철원,2022-09-29,16.7,11.5,25.2,,.7,83.5,7.8,17.6
95,철원,2022-09-30,16.4,8.9,25.8,,.7,80.9,9.4,19.56
98,동두천,2022-05-20,19.3,12.1,26.2,,1.5,58.8,11.9,24.16
98,동두천,2022-05-21,19,13.7,26.6,,1.7,73.8,10.3,23.79
98,동두천,2022-05-22,18.7,14.6,25.4,,1.3,76.8,6.4,18.02
98,동두천,2022-05-23,20.8,13,30.4,,1.2,72,9.3,23.89
98,동두천,2022-05-24,21.3,13.5,30.1,,1.3,58.4,11.9,27.06
98,동두천,2022-05-25,19.3,13,26.7,13.3,2,69.1,9.2,20.27
98,동두천,2022-05-26,17.1,12.1,23.2,0,2.9,63.8,9.5,24.05
98,동두천,2022-05-27,18.5,14.3,25.8,0,2.3,67.4,10.7,23.4
98,동두천,2022-05-28,19.9,11.1,29.8,,1.8,61.3,12.4,26.58
98,동두천,2022-05-29,20.7,13.8,28,,.8,71.8,6.9,20.08
98,동두천,2022-05-30,19.1,14,24.6,.2,1,83.1,.6,10.1
98,동두천,2022-05-31,18.1,9.6,27.1,,1.6,52.1,11.2,26.19
98,동두천,2022-06-01,20.2,11.9,28.6,,1.8,46.9,12.4,28.63
98,동두천,2022-06-02,19.6,12.1,26.6,,1.3,71.1,9.1,22.96
98,동두천,2022-06-03,22.9,16.1,31.9,,1.2,66.9,10.8,26.46
98,동두천,2022-06-04,23,16.7,29.6,,.9,65,8.9,19.42
98,동두천,2022-06-05,21.2,18.6,26.2,0,.9,69.6,1.7,9.43
98,동두천,2022-06-06,16.7,13.1,22.4,17,1.5,78.1,6.5,18.06
98,동두천,2022-06-07,17.9,12.6,25.1,,1.2,65.8,9.3,21.65
98,동두천,2022-06-08,19.6,13.5,25.9,,1,68.5,9.2,21.38
98,동두천,2022-06-09,18.2,15.1,22.8,1.3,.7,86.4,1.8,10.3
98,동두천,2022-06-10,18.3,14.1,24.6,2.4,.7,89.6,3.7,12.74
98,동두천,2022-06-11,21.8,15.1,29.6,,1.1,72.9,12,26.68
98,동두천,2022-06-12,22.8,15.3,30.1,,.9,67,10.4,24.26
98,동두천,2022-06-13,19,16.9,25.3,37.9,1.1,87.5,3.8,14.27
98,동두천,2022-06-14,19.8,14.3,26.5,,1.8,63.9,7.5,21.91
98,동두천,2022-06-15,15.9,13.3,17.8,32.9,.4,95.9,0,5.66
98,동두천,2022-06-16,19.2,15.8,24.4,1.6,1.1,86.4,5.6,16.89
98,동두천,2022-06-17,21.2,13.8,27.5,,1,81,9.3,20.74
98,동두천,2022-06-18,21.8,19.6,24,,.8,88.1,.5,5.55
98,동두천,2022-06-19,21.8,20,24.7,.4,.6,90.6,0,7.48
98,동두천,2022-06-20,23.9,19.7,28.7,,.7,80.8,6.8,19.32
98,동두천,2022-06-21,25.1,18.5,31.8,,1,78.8,11.9,28.19
98,동두천,2022-06-22,24.2,20.6,29.3,,1.1,79.9,8.7,22.44
98,동두천,2022-06-23,22.4,19.8,25.3,115.9,1.2,94.8,0,3.28
98,동두천,2022-06-24,22.6,20.8,26.6,4.8,2.6,90.9,3.9,13.8
98,동두천,2022-06-25,25.2,19.6,30.5,,1.7,81.6,7.9,20.77
98,동두천,2022-06-26,25.4,24,26.7,,2,87.5,0,2.06
98,동두천,2022-06-27,25.5,23.6,28.7,8.5,2.8,90.4,.5,6.51
98,동두천,2022-06-28,25.2,24.2,27.2,13.6,5.5,89.8,0,2.04
98,동두천,2022-06-29,24,23.6,25.1,66.6,2.8,98.4,0,2.54
98,동두천,2022-06-30,21.6,20.1,23.7,219.9,.8,100,0,2.09
98,동두천,2022-07-01,26.1,21,30.9,0,1.9,85.4,8.4,23.59
98,동두천,2022-07-02,26.6,21.7,32.9,,.6,84.4,11.2,27.02
98,동두천,2022-07-03,27.4,21.7,33.2,,.8,78.8,12.2,27.98
98,동두천,2022-07-04,27.5,22.8,31.8,,.6,82,8.7,18.44
98,동두천,2022-07-05,27.2,24.2,33.2,.4,.7,84.3,5.2,16.17
98,동두천,2022-07-06,27.4,23.2,32.4,22.7,.9,85,4.4,15.47
98,동두천,2022-07-07,26.5,24.6,30.7,3.2,1.6,91.5,.4,7.48
98,동두천,2022-07-08,24,23.2,26,2.6,1.5,93.9,.1,4.78
98,동두천,2022-07-09,26.2,22.8,31.6,.1,.8,87.5,4.8,15.2
98,동두천,2022-07-10,27.8,22.7,33.6,0,.9,78.6,10.1,21.89
98,동두천,2022-07-11,25.2,22.2,30.5,.4,1.1,81.4,8,19.28
98,동두천,2022-07-12,25.2,20.1,28.7,,.7,81.9,2.6,14.43
98,동두천,2022-07-13,23.5,22.7,25.2,83.5,1.4,95.6,.1,2.48
98,동두천,2022-07-14,,21.3,29.3,1.7,1.5,,6.6,17.71
98,동두천,2022-07-15,24.6,21.6,30.2,,1.4,83.3,7.2,22.46
98,동두천,2022-07-16,23.6,21.3,28.5,7.4,.9,89.1,5,15.97
98,동두천,2022-07-17,24.5,21.2,28.7,0,1.3,84.6,5.8,16.82
98,동두천,2022-07-18,25.9,21.7,30.5,0,.7,79.8,7.1,18.62
98,동두천,2022-07-19,26.3,22.8,30.5,0,1.2,82.5,6.9,19.78
98,동두천,2022-07-20,25.5,22.2,29.5,.4,1.2,85.1,4.1,14.62
98,동두천,2022-07-21,21.7,19,24.2,28.9,1.3,94.3,.3,8.25
98,동두천,2022-07-22,23,20.3,29.4,7.7,.5,91.3,4.6,16.62
98,동두천,2022-07-23,22.9,20.5,28.2,40,.7,92,1.3,11.48
98,동두천,2022-07-24,23.6,20.6,28.2,10.1,.7,92.6,1,10.83
98,동두천,2022-07-25,26.1,20.6,31,,.8,80.9,12.6,27.61
98,동두천,2022-07-26,27.1,22.1,32.6,,.6,83.1,10.4,23.37
98,동두천,2022-07-27,27.6,23.7,32.4,,.6,78.4,7.4,19.51
98,동두천,2022-07-28,27.5,22.2,32.5,,1.1,76.5,12.4,25.21
98,동두천,2022-07-29,29,24.5,33.9,,.8,79.3,10.6,23.71
98,동두천,2022-07-30,28.1,24.2,35.4,1.4,.8,82.4,9.5,22.94
98,동두천,2022-07-31,25.3,24.1,27.2,92.2,.5,95.5,0,4.69
98,동두천,2022-08-01,27.5,24.2,31.7,65.9,1.1,88,4.8,13.93
98,동두천,2022-08-02,25.5,24.5,28.5,40,1.6,97.4,.1,4.98
98,동두천,2022-08-03,26.4,24.3,29.6,8.8,1.6,94.4,1.9,9.85
98,동두천,2022-08-04,27.5,24.7,31.5,2.5,1.4,87.9,8.3,19.81
98,동두천,2022-08-05,27.7,24.9,31.7,.1,1.5,87.3,7.6,18.42
98,동두천,2022-08-06,27,24.8,29.9,.6,.9,92.6,1.7,9.63
98,동두천,2022-08-07,27.6,25.5,30,.4,1.4,89,.8,7.86
98,동두천,2022-08-08,25.5,24.2,27.8,147.2,2.1,97,0,1.97
98,동두천,2022-08-09,23.6,20.7,26.7,93.3,.9,98.5,0,2.79
98,동두천,2022-08-10,24.3,19.8,29.6,.6,.9,87.9,8.4,20.73
98,동두천,2022-08-11,24.5,21.8,28.7,1.4,1,91.1,4.6,12.46
98,동두천,2022-08-12,25.5,21.8,31,,.6,82.3,10,24.96
98,동두천,2022-08-13,23.5,22,25.2,5.5,.4,94.8,0,4.28
98,동두천,2022-08-14,25.8,22,30.1,4.8,.6,92.1,1.7,11.63
98,동두천,2022-08-15,27,25.2,29,36.9,3.9,88.9,.1,5.52
98,동두천,2022-08-16,25,21.6,29.7,,1.3,84.3,8.4,22.15
98,동두천,2022-08-17,23.3,20.3,30.4,25.7,.5,90.6,7.5,17.19
98,동두천,2022-08-18,23.9,19.7,28.7,,.6,88.8,6.7,16.79
98,동두천,2022-08-19,24.1,21.1,26.1,45.6,1.2,93.6,0,6.09
98,동두천,2022-08-20,26.8,24.3,31.3,1.1,.8,89.3,8,17.75
98,동두천,2022-08-21,26.1,21.5,31.6,,.5,84.1,9.9,20.76
98,동두천,2022-08-22,24.9,21.5,28.7,3.5,1.1,88,2.2,11.01
98,동두천,2022-08-23,23.7,19.7,28.8,1.9,.6,82.3,8.5,22.6
98,동두천,2022-08-24,23,17.9,28.3,,.7,77,7.6,16.15
98,동두천,2022-08-25,21.1,19.5,23.7,.6,.7,88.5,.2,6.67
98,동두천,2022-08-26,22.7,18.5,28.1,,1.2,81.1,8.5,20.37
98,동두천,2022-08-27,20,15.6,25,0,1.3,67.3,11.3,25.97
98,동두천,2022-08-28,19.9,12.4,27.4,,.5,72.9,10.4,24.85
98,동두천,2022-08-29,19.2,17.3,21.5,2.4,.6,85.5,0,5.92
98,동두천,2022-08-30,18.1,16.7,19.6,17.9,.4,97.9,0,3.8
98,동두천,2022-08-31,20.2,18.2,25,.1,.7,89.5,4.2,12.44
98,동두천,2022-09-01,21.7,15.8,28.8,,.6,81.8,10.5,24.06
98,동두천,2022-09-02,22.5,16.3,29.6,,1,71,11.5,22.58
98,동두천,2022-09-03,22.4,16.4,28.8,,.9,73.4,7.5,18.11
98,동두천,2022-09-04,21.4,18.8,22.7,50.3,1.3,90.9,0,2.74
98,동두천,2022-09-05,18.1,17,21.7,106.6,1.7,96.8,0,1.62
98,동두천,2022-09-06,19.9,16.3,25.7,19.5,1.8,80.5,7.9,19.04
98,동두천,2022-09-07,20.4,14.8,26.8,,.8,74.6,11.2,23.63
98,동두천,2022-09-08,20.8,14,28.4,,.4,79.4,11.4,23.17
98,동두천,2022-09-09,21.3,15.3,29,,.5,78.3,10.5,21.51
98,동두천,2022-09-10,21,14.6,28.1,,.7,69.9,8.2,18.43
98,동두천,2022-09-11,20.9,18,24.2,0,.5,85.1,.8,7.89
98,동두천,2022-09-12,21.6,17.3,26.5,,.3,87.9,6,13.75
98,동두천,2022-09-13,22.6,18.6,27.1,0,.4,85.4,1.5,8.89
98,동두천,2022-09-14,23,20.8,27,0,1,64.4,2.8,10.2
98,동두천,2022-09-15,23.3,19.2,27.4,,.6,77.5,4.9,11.63
98,동두천,2022-09-16,24,20.7,29.6,9.6,1.1,90.4,2,9.35
98,동두천,2022-09-17,24,21.6,28.7,14.7,.4,93.5,5.7,10.78
98,동두천,2022-09-18,24.6,20.8,30.8,,1,86.5,8,17.96
98,동두천,2022-09-19,22.2,16.9,26.7,,2,73.3,8.9,19.12
98,동두천,2022-09-20,17.5,12.5,23.5,,.8,69.3,9.1,17.41
98,동두천,2022-09-21,16.2,8.8,24.2,,.6,70.8,10.8,21.47
98,동두천,2022-09-22,17.3,11,24.1,,.7,73.4,10.1,19.46
98,동두천,2022-09-23,15.1,10.6,22.1,3.8,1.5,79.3,7.5,14.33
98,동두천,2022-09-24,15.6,8.6,23.2,,.7,70.1,10.5,21.06
98,동두천,2022-09-25,16.3,10.5,24.4,,.5,72.9,8.6,18.48
98,동두천,2022-09-26,16.6,10.3,24.8,,.4,74.8,9.7,18.2
98,동두천,2022-09-27,18,10.3,27.1,,.3,76.5,10.5,20.29
98,동두천,2022-09-28,17.9,12.6,25.4,,.4,81.8,7,14.27
98,동두천,2022-09-29,17.4,13.3,25.2,,.3,85.1,6.6,15.24
98,동두천,2022-09-30,17.8,11.1,26.6,,.5,75.8,10.3,19.07
99,파주,2022-05-20,17.9,10.1,25.2,,1.5,70.3,11,24.68
99,파주,2022-05-21,18.1,13.6,24,,1.5,80.3,9.8,24.32
99,파주,2022-05-22,17.6,14.6,22.7,,1,81.8,5.4,15.28
99,파주,2022-05-23,19.5,12.5,28.4,,1,80.4,9.3,23.88
99,파주,2022-05-24,19.7,12.3,29.1,,1,72.6,12.2,27.76
99,파주,2022-05-25,17.8,12.1,25.8,8.5,1.5,84.1,6.2,19.5
99,파주,2022-05-26,17,11,22.8,,2.3,69.6,11.1,26.71
99,파주,2022-05-27,18.2,13,24.8,0,1.9,72.8,12.5,28.46
99,파주,2022-05-28,18.9,10,28.1,,1.4,77.1,10.5,25.19
99,파주,2022-05-29,20,14.3,25.3,,.9,81.6,6,17.57
99,파주,2022-05-30,17.7,11.2,23.7,.8,.8,87.4,.1,10.32
99,파주,2022-05-31,16.9,8.3,26.4,,1.4,62.5,10.8,25.09
99,파주,2022-06-01,19.5,10.6,28.2,,1.5,58.6,12.5,28.5
99,파주,2022-06-02,18.9,11.8,25.7,,1.1,80.1,9.3,23.92
99,파주,2022-06-03,21.9,16.1,29.9,,1,75,10.6,25.29
99,파주,2022-06-04,22.4,16.5,27.9,,1.2,69.8,7.6,19.71
99,파주,2022-06-05,20.9,18,25.5,.1,1.4,74,1.7,10.66
99,파주,2022-06-06,17.2,13.5,22.7,8.8,2.7,76.9,8.2,22.03
99,파주,2022-06-07,17.7,12.3,24.6,,2.2,67.1,10.6,25.37
99,파주,2022-06-08,19.1,12.6,25.7,,1.6,71.8,11,25.31
99,파주,2022-06-09,18.7,15.1,24.7,1,.8,87.9,3,13.41
99,파주,2022-06-10,18.1,15.1,23.6,1.6,1.1,93.8,2.7,10.33
99,파주,2022-06-11,21.5,15.1,29.1,,2,73.6,11.9,27.07
99,파주,2022-06-12,22.1,15.1,29.5,,1.6,71.1,10.6,25.78
99,파주,2022-06-13,19.4,16.2,24.5,23.2,1.9,91.8,3.5,13.41
99,파주,2022-06-14,19.9,13.9,26.7,0,2.5,66.9,6.6,21.18
99,파주,2022-06-15,15.7,13.6,17.5,17.5,1.5,98,0,5.36
99,파주,2022-06-16,19.1,14.9,24.3,.9,1,84.8,6.2,17.96
99,파주,2022-06-17,20.5,12.8,26.8,,.9,86.9,7.8,20.29
99,파주,2022-06-18,21.6,19.2,24.2,,.5,90.9,0,5.92
99,파주,2022-06-19,21.8,20,24,.3,.5,92.8,0,6.49
99,파주,2022-06-20,23.3,19.9,28.5,,.6,86.5,6,17.34
99,파주,2022-06-21,24,19.6,30.7,.4,.8,86.1,9.6,25.47
99,파주,2022-06-22,23.6,20.2,28.7,,1.1,85.1,7.7,21.31
99,파주,2022-06-23,22.1,19.3,25.1,140.5,1.2,97.8,0,2.71
99,파주,2022-06-24,22.4,20.7,26.5,1.4,2.1,91.5,5.9,16.54
99,파주,2022-06-25,24.4,19.7,29.1,,1.7,87,3.6,15.13
99,파주,2022-06-26,25,23.7,27.1,0,2.3,90.1,0,3.88
99,파주,2022-06-27,25,23.6,27.1,41.7,2.5,94.4,0,3.96
99,파주,2022-06-28,25.5,24.1,26.5,3.2,5.4,88.6,0,2.08
99,파주,2022-06-29,23.7,23.2,24.8,70.2,3.3,99.1,0,2.76
99,파주,2022-06-30,21.6,20.7,23.3,199.1,1.3,99.8,0,2.86
99,파주,2022-07-01,25.9,20.7,29.8,.6,1.8,87.8,8.4,22.88
99,파주,2022-07-02,26.1,22,31.7,0,.6,87.3,9.5,24.69
99,파주,2022-07-03,26.5,22.2,32.5,,.8,84.6,9.2,25.57
99,파주,2022-07-04,27.1,22.5,32,,.7,85.3,8.5,22.07
99,파주,2022-07-05,26.4,23.3,33.3,25.6,.8,90,6.3,21.05
99,파주,2022-07-06,27,22.8,32.4,18.7,1,90.3,2.6,14.32
99,파주,2022-07-07,26.3,24.2,30.2,3.8,2,91.4,.1,6.57
99,파주,2022-07-08,24,23.2,26.3,1.2,1.4,96.6,.1,5.29
99,파주,2022-07-09,26,23.1,31,0,.8,88.9,7,20.15
99,파주,2022-07-10,26.2,21.7,33,0,.8,84.5,8.6,23.35
99,파주,2022-07-11,25.2,21.7,30.4,,1.1,82.5,7.5,20.35
99,파주,2022-07-12,24.5,19.6,28,,1.5,88,1.3,12.39
99,파주,2022-07-13,23.8,22.5,24.2,109,1.8,98.3,0,1.84
99,파주,2022-07-14,24.3,20.7,29.4,4,1.5,89.1,9.1,22.42
99,파주,2022-07-15,24.2,20.5,29.6,0,1.2,86.6,9.9,25.03
99,파주,2022-07-16,23.7,21.2,27.8,6.3,.9,92.8,3.2,13.8
99,파주,2022-07-17,24.5,21,29.4,,1.1,86.9,9.6,21.34
99,파주,2022-07-18,25.8,21.2,31,,1,84.4,9.1,21.91
99,파주,2022-07-19,25.5,21.7,30.3,,1.1,85.9,10.4,24.07
99,파주,2022-07-20,25.3,22.5,29.8,.6,1.1,88.3,3.1,15.13
99,파주,2022-07-21,22.2,19.1,25.5,33,1.9,93,.8,9.54
99,파주,2022-07-22,24,20.8,28.6,0,.9,90,6,18.07
99,파주,2022-07-23,23,20,28.1,45.6,1,93.3,0,8.89
99,파주,2022-07-24,23.4,20.7,26.3,3,1.2,96.3,.3,7.88
99,파주,2022-07-25,25.4,20.1,31.1,,1.1,85.9,12.6,27.86
99,파주,2022-07-26,26,21.2,31.8,,.8,89.6,8.5,21.31
99,파주,2022-07-27,26.9,23.6,31.7,,.7,87.5,6.6,17.08
99,파주,2022-07-28,27,21.7,33.3,,1.1,80.9,11.7,25.47
99,파주,2022-07-29,27.4,23.8,33.1,6.2,.8,87.5,8.6,19.98
99,파주,2022-07-30,27.6,24.5,34.2,2.7,1.6,88.1,8.8,21.13
99,파주,2022-07-31,25.3,24.2,27.5,29.9,1.7,97.8,0,5.14
99,파주,2022-08-01,27,24.3,31.6,33.4,1.3,92.6,2.4,11.55
99,파주,2022-08-02,25.6,24.7,27.4,27.2,2.3,98.5,0,4.92
99,파주,2022-08-03,26.7,24.6,30.3,2.2,1.6,94.6,3.2,14.01
99,파주,2022-08-04,27.1,24.3,31.4,,1.1,89,9.7,21.46
99,파주,2022-08-05,27.9,24,32,,1.3,87.9,10.1,23.97
99,파주,2022-08-06,26.7,25.2,30.3,1.4,1.1,95.6,1.6,9.77
99,파주,2022-08-07,27.5,25,30.8,.2,1.7,92.6,.8,9.18
99,파주,2022-08-08,25.7,24.2,27.5,134.5,2.3,98.5,0,2.58
99,파주,2022-08-09,23.6,20.5,26.1,68.6,1.5,99.3,0,3.27
99,파주,2022-08-10,24,19.3,29.5,.3,.9,87,11.2,25.73
99,파주,2022-08-11,24,21.2,28.1,0,.9,91.8,5.7,15
99,파주,2022-08-12,24.1,19.5,30.4,,.7,86.8,9.4,23.6
99,파주,2022-08-13,23.1,20.7,25.1,7.1,.7,98.3,.4,4.69
99,파주,2022-08-14,25.7,22.2,30.6,1.6,1,92.9,2.5,13.57
99,파주,2022-08-15,26.9,24.8,29.2,20.8,3.6,91.5,0,7.1
99,파주,2022-08-16,25,21.2,29.5,0,1,84.4,11.8,25.64
99,파주,2022-08-17,23.4,20.2,30.1,0,1,90.3,8.4,19.95
99,파주,2022-08-18,23.8,19.8,30,,.8,89.4,6.6,17.87
99,파주,2022-08-19,24.3,20.8,26.2,34.5,1.3,96.1,0,5.05
99,파주,2022-08-20,26.7,23.1,31.2,0,1,87.5,11,23.1
99,파주,2022-08-21,25.8,21.5,31.5,,.9,87.8,10.8,22.54
99,파주,2022-08-22,24.6,21.1,29.1,.5,1,90,2,11.26
99,파주,2022-08-23,23.5,18.4,28.7,2.3,1.1,82.4,9.4,21.88
99,파주,2022-08-24,22.8,18.3,28.3,,1.5,81.6,6,17.32
99,파주,2022-08-25,21.3,19.1,24,.5,.7,88.9,.2,6.9
99,파주,2022-08-26,22.3,17.3,27.9,,1.1,85.5,9.7,21.69
99,파주,2022-08-27,19.3,13.6,25,,1.5,71.8,11.7,25.56
99,파주,2022-08-28,19.4,12.3,26.9,,1.1,83.4,10.8,24.51
99,파주,2022-08-29,19.4,17.7,22.1,2,.8,90.3,0,6.28
99,파주,2022-08-30,18,17,19,16.4,1.5,98.3,0,3.56
99,파주,2022-08-31,21.1,18,26,0,1.1,88.3,5.2,15.07
99,파주,2022-09-01,21.7,16.2,29.6,,.9,85,10.8,23.78
99,파주,2022-09-02,22,16.4,29,,1.6,77.8,11.9,23.55
99,파주,2022-09-03,21.7,15.8,28.3,,1.8,80.4,8.5,19.03
99,파주,2022-09-04,21,18.7,23.2,29.9,1.5,94.1,0,2.65
99,파주,2022-09-05,18,17,21.3,91.4,1.8,99.6,0,1.67
99,파주,2022-09-06,20,16.3,26.1,15.1,2,80.6,9.5,21.38
99,파주,2022-09-07,19.2,12.8,26.7,,.7,80.1,11.2,23.31
99,파주,2022-09-08,19.9,13.6,27.8,,.6,84.6,10.4,22.67
99,파주,2022-09-09,20.8,15.1,28.4,,1,86.1,10.3,20.33
99,파주,2022-09-10,20.1,14.1,27.6,,1.2,78,8.6,18.71
99,파주,2022-09-11,20.2,17.4,22.5,.1,1.2,90.5,1,5.92
99,파주,2022-09-12,21.4,16.9,26.6,,.3,91.5,5.1,14.61
99,파주,2022-09-13,22.3,19,26.7,,1.5,90.3,1.1,9.97
99,파주,2022-09-14,21.7,18.6,26.5,.2,2.1,76.4,2.3,9.27
99,파주,2022-09-15,22.4,17.8,27.2,,2.1,83.8,3.9,11.82
99,파주,2022-09-16,24,20.2,30.2,7.7,1.6,90.5,1.7,8.38
99,파주,2022-09-17,24.1,20.3,28.9,4.5,.6,91,5.9,14.54
99,파주,2022-09-18,23.9,20.2,30.7,,1.8,86.5,7.3,17.31
99,파주,2022-09-19,21.9,15.2,26.8,,2.3,76.3,8,17.33
99,파주,2022-09-20,16.2,10.3,23.3,,1.3,72.9,9.2,17.4
99,파주,2022-09-21,15.5,7.5,24.3,,.7,80.5,10.7,21.12
99,파주,2022-09-22,16.9,9.6,23.5,,.7,80.6,9.1,18.26
99,파주,2022-09-23,15.2,9.8,21.5,3.5,1.6,81.5,6.5,14.02
99,파주,2022-09-24,15,7.5,23.7,,.7,78.5,10.5,20.78
99,파주,2022-09-25,15.6,10,23.6,,.6,81.3,7.9,17.91
99,파주,2022-09-26,16.2,9.6,24.7,,.4,82.3,9.5,19.02
99,파주,2022-09-27,16.8,10.3,26.2,,.4,83.1,10.5,20.41
99,파주,2022-09-28,17.2,11.5,25.3,,.4,88.5,7.1,14.89
99,파주,2022-09-29,17.7,13.1,24.5,,.5,86.3,8.2,18.34
99,파주,2022-09-30,16.8,11.5,26,,.5,85,8.1,17.79
100,대관령,2022-05-20,16.5,10.9,23.6,,4.2,46.5,12.6,28.06
100,대관령,2022-05-21,16.7,9.3,23.5,,4,66.1,12.5,28.6
100,대관령,2022-05-22,14.9,9.1,23.3,,2.8,75.5,10.9,24.86
100,대관령,2022-05-23,17.7,7,26.7,,2,66.5,9.9,27.64
100,대관령,2022-05-24,19.6,11.7,28.5,,1.8,58,12.3,27.08
100,대관령,2022-05-25,18.4,9.1,26.2,0,3.1,54.5,12.9,26.38
100,대관령,2022-05-26,14,9.8,18.5,3.9,6.4,56.4,12,28.6
100,대관령,2022-05-27,14.5,10.3,18.7,,6,65.8,4.8,18.87
100,대관령,2022-05-28,17.9,7.1,25.5,,5.1,54.4,13.2,31.31
100,대관령,2022-05-29,17.7,10.1,27.2,,2.4,47.3,12.8,29.64
100,대관령,2022-05-30,15.4,8.5,21,0,2.1,80.8,3.4,15.68
100,대관령,2022-05-31,16.7,8.1,22.3,,4.2,46.1,13,29.73
100,대관령,2022-06-01,17.4,8.5,25.1,,4,34.9,13.2,31.76
100,대관령,2022-06-02,17.3,5.7,25.5,,3.2,48.1,13.3,29.61
100,대관령,2022-06-03,13.3,9.1,17.2,0,2,92.9,2.3,11.66
100,대관령,2022-06-04,14.8,9.8,22.5,,2.2,88.4,9,20.73
100,대관령,2022-06-05,13.9,12.3,19.2,1.2,2,94.6,1,8.5
100,대관령,2022-06-06,10.9,8.8,13.5,34.4,2.8,95.1,.7,8.68
100,대관령,2022-06-07,8.9,7.5,10.8,1.9,2.2,96,0,9
100,대관령,2022-06-08,9.9,6.1,13.4,,1.6,91.5,6.3,20.15
100,대관령,2022-06-09,12.7,5.6,19.5,1.7,.9,89.8,3.4,11.49
100,대관령,2022-06-10,16.5,11.6,23.7,.1,1.5,84.9,8.7,23.27
100,대관령,2022-06-11,12.6,9.6,16.2,.5,1.4,96.3,2.3,7.02
100,대관령,2022-06-12,13.1,7.4,18.5,.1,1.5,94.3,6.9,22
100,대관령,2022-06-13,14.1,12.1,17.8,,2.7,91.6,4.8,17.95
100,대관령,2022-06-14,11.1,9.8,12.3,10.3,3.4,96.1,.2,5.25
100,대관령,2022-06-15,11.7,9.6,13.8,12.4,1.7,96.9,.3,7.99
100,대관령,2022-06-16,15.5,13.3,18.9,1.6,3.6,88.3,8,22.04
100,대관령,2022-06-17,19.2,12.5,25.7,,3.9,75.9,13.4,30.35
100,대관령,2022-06-18,21,15.8,26.1,,3.2,77.1,10.8,27.17
100,대관령,2022-06-19,21.5,17.7,27.6,,3.2,79,10.5,24.51
100,대관령,2022-06-20,21,16.2,26.6,,2.2,78.9,11.9,28.28
100,대관령,2022-06-21,21,14,27.8,,1.3,82.9,11.9,28.91
100,대관령,2022-06-22,22.9,15.3,30.3,,2.6,72.8,11.9,29.06
100,대관령,2022-06-23,21.1,15.8,27.3,44.9,3,88,3.3,12.14
100,대관령,2022-06-24,20.9,18.7,22.8,54.7,7.2,80.8,10,23.98
100,대관령,2022-06-25,22.2,16.7,27.4,0,5.4,69.6,11.8,30.04
100,대관령,2022-06-26,22.5,18.3,26,1.9,5,83.1,3.3,8.88
100,대관령,2022-06-27,23.2,21.1,24.8,26.2,4,80.8,.9,8.18
100,대관령,2022-06-28,24.1,22,26.2,0,8.2,68.8,1.3,9.22
100,대관령,2022-06-29,23,21.2,24.2,7.6,6.5,78.5,1.4,7
100,대관령,2022-06-30,19.9,18.7,23.6,45.7,2.5,91.1,1.5,8.84
100,대관령,2022-07-01,23.5,19.3,28.6,,3.6,75.6,11.5,28.42
100,대관령,2022-07-02,23,17.3,29.9,,1.1,80.3,11.3,28.45
100,대관령,2022-07-03,23.5,16.6,29.7,,1.3,75.4,11.8,26.56
100,대관령,2022-07-04,22.6,18.7,28,0,1.1,81.8,4.4,14.52
100,대관령,2022-07-05,21.9,17.8,27.9,,1.6,82.5,7.7,24.09
100,대관령,2022-07-06,21.4,17.7,25.4,,1.6,89.1,6.4,16.77
100,대관령,2022-07-07,25,20.7,30,,2.5,75.8,4.7,16.94
100,대관령,2022-07-08,22.8,19.7,26.1,,4.1,79.1,3.5,13.7
100,대관령,2022-07-09,22.1,20.2,27.1,0,1.5,86.9,4.5,16.1
100,대관령,2022-07-10,21,20,25.6,6.9,1.8,90.4,3.8,15.36
100,대관령,2022-07-11,20.3,17.7,25.2,35.6,1.7,89,2.7,13.04
100,대관령,2022-07-12,18.4,17.1,23.1,,1.7,89.1,3.3,16.34
100,대관령,2022-07-13,19.5,17.6,22.5,34.2,1.3,91.4,.1,6.98
100,대관령,2022-07-14,21.1,18.4,25.6,1.5,2.6,86.9,4.9,15.44
100,대관령,2022-07-15,20.8,16.3,27.7,10.2,2.9,78.4,9.6,26.24
100,대관령,2022-07-16,19.7,17.1,25.7,7.3,2,84.8,6.9,19.96
100,대관령,2022-07-17,20.4,17.1,24,0,2.8,83,5.7,16.9
100,대관령,2022-07-18,20.7,16.7,26.7,,1.5,83,3.9,16.61
100,대관령,2022-07-19,21.7,15.5,28.6,,2.2,79.4,7.9,25.57
100,대관령,2022-07-20,22.3,19.7,26.7,.9,2.5,78.9,6.2,20.2
100,대관령,2022-07-21,18.4,17.2,20.2,31.4,1.6,92.1,0,6.19
100,대관령,2022-07-22,18.3,16,21.1,9.8,1.1,90.9,1.6,8.95
100,대관령,2022-07-23,19.3,15.8,23.3,13.3,1.8,87.6,5.6,18.16
100,대관령,2022-07-24,21.1,18.2,27.2,11.5,1.5,86.8,5.6,20.04
100,대관령,2022-07-25,22.2,18.1,28,,2,81.8,10.1,26.68
100,대관령,2022-07-26,20.8,16.3,26.7,,1.5,80.6,11.7,27.86
100,대관령,2022-07-27,19.9,14,24.3,,1.6,83.6,9.1,19.31
100,대관령,2022-07-28,20.3,16.7,24.8,,1.6,89.9,2.3,9.55
100,대관령,2022-07-29,22.5,18.7,28.8,,1.4,91.5,7.2,22.57
100,대관령,2022-07-30,21.9,17.6,27.1,0,1.6,92.5,5.6,20.29
100,대관령,2022-07-31,22.4,20.7,24.2,10.7,1.6,91.6,0,5.75
100,대관령,2022-08-01,24.4,21.8,26.2,1.4,2.7,83.5,.1,5.99
100,대관령,2022-08-02,23.7,22.2,27.1,3.9,3.4,89.4,2.6,10.57
100,대관령,2022-08-03,22.9,21.5,25.7,1.5,4.3,90.8,2.5,7.81
100,대관령,2022-08-04,24,21.4,28.6,2.8,2.9,85.1,8.9,23.54
100,대관령,2022-08-05,24.9,21.3,28.7,,3.6,81.3,10.9,23.86
100,대관령,2022-08-06,24.9,22.2,29.2,,3.2,83.9,7.4,20.87
100,대관령,2022-08-07,25.3,22,29.5,1.1,3.3,84.8,7.6,18.26
100,대관령,2022-08-08,22.9,21.5,24.7,34.9,5.8,91.4,0,2.39
100,대관령,2022-08-09,21.2,18.5,23.4,101.9,3.2,94.6,0,5.58
100,대관령,2022-08-10,20.6,17.3,26.3,83.3,2.2,91.4,3.8,16.11
100,대관령,2022-08-11,20.7,18.7,22.2,79.9,2.6,95.9,0,5.12
100,대관령,2022-08-12,22.9,17.3,28.8,,2,77.6,11.9,27.26
100,대관령,2022-08-13,20.7,16,23.5,1,1.9,91.8,1.2,7.13
100,대관령,2022-08-14,22.7,20.6,27.6,3.3,2.1,91.4,4.9,16.82
100,대관령,2022-08-15,23.6,21.8,25.5,8.4,7.3,85.4,0,4.57
100,대관령,2022-08-16,22.6,19.8,27.1,.1,4.6,82.1,9.3,25.75
100,대관령,2022-08-17,19.4,16.2,23.2,1.2,1.6,92.3,3.5,13.4
100,대관령,2022-08-18,20.4,14.8,25.8,,1.6,84.9,9.3,21.99
100,대관령,2022-08-19,20.9,18,23.2,7.8,4.2,88.8,.6,6.91
100,대관령,2022-08-20,20,16.3,24.9,1.6,1.9,94.6,.9,6.89
100,대관령,2022-08-21,20,15.4,25.3,,1.4,88,10.2,26.34
100,대관령,2022-08-22,21.3,15.6,26.3,0,2.6,84.3,5.7,17.28
100,대관령,2022-08-23,18.7,17,21.6,.8,2.3,91.8,0,3.41
100,대관령,2022-08-24,17,14.3,19.2,0,1.9,90.6,.1,7.53
100,대관령,2022-08-25,17,13.8,21.6,0,2.4,89.4,2.4,10.33
100,대관령,2022-08-26,18.6,12.1,24.2,,2.5,77,11.2,24.93
100,대관령,2022-08-27,16.3,10.1,22.2,,3.2,71.1,10.8,26.29
100,대관령,2022-08-28,14.3,7,20.7,,1.6,79.6,11.3,26.53
100,대관령,2022-08-29,14.6,11.6,17.2,1,1.3,89,0,6.06
100,대관령,2022-08-30,15.2,13,17.1,62.2,.9,94.6,0,3.92
100,대관령,2022-08-31,15.6,13,17.3,17.5,1.2,93.3,0,4.9
100,대관령,2022-09-01,16.5,11.3,22.9,,1,84.5,11,21.54
100,대관령,2022-09-02,15.5,8.8,20.1,0,2.2,90,6.7,16.62
100,대관령,2022-09-03,16.5,15,19.2,,2.5,89.5,3,11.06
100,대관령,2022-09-04,19.5,15.3,24,7,2.7,88.5,1.8,8.7
100,대관령,2022-09-05,17.5,14.6,22.1,53.3,2.7,94.5,0,2.89
100,대관령,2022-09-06,16.2,14.3,19.7,60.3,5.3,81.6,5.5,12.53
100,대관령,2022-09-07,16.2,9.9,23.2,,2.7,71.8,12,25.49
100,대관령,2022-09-08,14.5,6.5,22.5,,1.2,82.8,11.7,25.14
100,대관령,2022-09-09,14.1,6.3,22.6,,1.1,78.4,11.2,24.28
100,대관령,2022-09-10,15.1,8.6,19.8,,1.7,87,8,17.84
100,대관령,2022-09-11,16.7,15.3,19.4,2.2,1.4,91.6,.3,6.76
100,대관령,2022-09-12,18.2,15.1,24.9,1.6,1,89.9,6,15.76
100,대관령,2022-09-13,17.5,16.1,19.6,0,1.6,92.4,.2,5.78
100,대관령,2022-09-14,17.2,15.8,20.8,0,3.2,89,4.6,12.35
100,대관령,2022-09-15,16.7,15,20.3,.2,2.4,90.4,4.4,13.85
100,대관령,2022-09-16,19.7,13.5,26.6,,1.3,87.1,8.3,15.31
100,대관령,2022-09-17,22.1,16.2,28.2,,1.4,85.6,10.7,20.39
100,대관령,2022-09-18,19.4,17.5,20.7,2.2,1.8,94.9,0,3.46
100,대관령,2022-09-19,15.2,12.3,19.8,77.5,4.7,91.3,.3,3.75
100,대관령,2022-09-20,10.2,6.8,12.6,2,2.1,85.9,3.3,7.65
100,대관령,2022-09-21,10.4,4.4,17.7,.2,1.1,85.1,10.3,22.82
100,대관령,2022-09-22,11.8,5.5,19.2,,1.1,85.3,8.6,18.2
100,대관령,2022-09-23,12.6,7.6,20.4,0,4.8,77.4,9.3,18.37
100,대관령,2022-09-24,12,5.9,19.1,,3.3,67.1,11.2,23.07
100,대관령,2022-09-25,11.5,5.5,19,,1.2,79.4,4.5,12.95
100,대관령,2022-09-26,12.6,6,21.6,,1,80.3,9.4,18.27
100,대관령,2022-09-27,11.5,4.9,20.8,,1.2,85.6,10.5,20.96
100,대관령,2022-09-28,11.6,2.5,20.6,,.5,84.6,6.7,12.01
100,대관령,2022-09-29,13.7,5.6,24.7,,.9,77.6,10.3,20.29
100,대관령,2022-09-30,14.1,6.4,24.7,,1.5,72,10,20.2
101,춘천,2022-05-20,19.4,11.2,27.1,,1.4,52.6,11,23.68
101,춘천,2022-05-21,20.4,11.9,27.5,,1.8,61,11.9,25.04
101,춘천,2022-05-22,20,15.5,25.4,,1.5,69.8,4.5,13.76
101,춘천,2022-05-23,22.4,14.8,30.3,,1.4,65.3,8.4,22.01
101,춘천,2022-05-24,23.1,15.4,31.2,,1.3,55.4,12.5,26.37
101,춘천,2022-05-25,20.6,13.4,28.3,7.1,1.7,61.9,9.2,22.21
101,춘천,2022-05-26,18.8,13.2,23.9,0,2.4,52.4,12.4,25.78
101,춘천,2022-05-27,20.4,16.7,25.9,0,2.7,53.5,8,20.93
101,춘천,2022-05-28,21,12.4,30.2,,1.7,60.1,12.4,26.65
101,춘천,2022-05-29,21.5,12.6,29.5,,1.3,58.6,12.2,26.25
101,춘천,2022-05-30,19.6,16.3,23.4,0,1.3,75.6,0,7.85
101,춘천,2022-05-31,19.3,11.4,27.7,,1.7,53.5,12.9,27.21
101,춘천,2022-06-01,20.3,10.5,29.8,,1.6,45.4,13.4,26.87
101,춘천,2022-06-02,21.4,11.8,29.3,,1.7,56,13.5,26.26
101,춘천,2022-06-03,23.2,15.6,32.7,,2,60,12.8,27.52
101,춘천,2022-06-04,23.2,16.8,29.5,,1.7,60.8,7.1,19.64
101,춘천,2022-06-05,20.9,17.8,24.9,3.2,1.5,72,.1,7.11
101,춘천,2022-06-06,17.1,14,20.4,18.8,2.4,75.9,1.9,11.72
101,춘천,2022-06-07,17.6,12,22.3,,2.1,63.4,7.9,21.62
101,춘천,2022-06-08,19.6,13.9,25.6,.2,1.5,61.4,8.5,23.63
101,춘천,2022-06-09,18.3,15.6,23.1,12,1.4,83.8,1.1,10.59
101,춘천,2022-06-10,20.2,16.8,25.2,0,1,80.8,3.1,13.85
101,춘천,2022-06-11,21.8,16.7,29.7,0,2.1,68.4,11.3,24.63
101,춘천,2022-06-12,22.8,15.5,29.3,,1.6,62.6,10.9,25.41
101,춘천,2022-06-13,21.6,18.9,26.3,2.1,2.4,66.5,4.8,16.03
101,춘천,2022-06-14,19.9,16.4,23.9,0,3.1,58.1,8.4,22.6
101,춘천,2022-06-15,16.7,14.5,18.5,18.2,1.1,92,0,6.3
101,춘천,2022-06-16,20.4,17.3,24.1,7,1.3,80,4,13.45
101,춘천,2022-06-17,22.2,15.6,28.9,,1.3,76.9,9.1,23.26
101,춘천,2022-06-18,24.1,20.7,27.1,,1.4,76.4,3.2,14.05
101,춘천,2022-06-19,24.1,21.5,28.9,,1.2,79.3,2.9,15.21
101,춘천,2022-06-20,25.8,20.5,32.1,,1.2,74.9,9,23.55
101,춘천,2022-06-21,27,20.3,34.8,,1.2,70.4,10,25.72
101,춘천,2022-06-22,27.1,21.9,32.8,,1.5,70.3,7.5,21.66
101,춘천,2022-06-23,23.6,20.5,26,111.9,1.2,90.5,.5,5.16
101,춘천,2022-06-24,25.1,23.5,27.4,21.7,2.4,74.8,10.3,23.33
101,춘천,2022-06-25,26.8,21.2,32.4,,2,68.4,9.1,21.08
101,춘천,2022-06-26,26.3,23.9,28.5,.1,1.2,82.4,.6,4.79
101,춘천,2022-06-27,26.4,24.6,29.1,13.4,1,89.3,0,7.55
101,춘천,2022-06-28,26.6,24.7,28,5.4,2.6,77.5,0,2.45
101,춘천,2022-06-29,25.6,24,27,49.6,2.2,89.5,0,4.28
101,춘천,2022-06-30,22.2,20.6,24.7,138.9,1,99,0,2.27
101,춘천,2022-07-01,26.1,20.7,31.5,0,1.1,83.5,10.1,24.65
101,춘천,2022-07-02,27.2,22.3,33.8,,1.4,79.3,10,25.02
101,춘천,2022-07-03,28.3,22.2,34.7,,1.4,76,10.5,26.94
101,춘천,2022-07-04,27.8,23.9,34.9,.6,1.2,84,8,23.42
101,춘천,2022-07-05,27.6,24.1,34.2,3.9,1,86.5,5.2,19.24
101,춘천,2022-07-06,28.5,24.5,32.7,,1.2,80.5,3.8,17.56
101,춘천,2022-07-07,28.2,25.5,31.8,15.9,1.2,88.9,2.1,10.3
101,춘천,2022-07-08,26.2,25.2,27.2,.5,1.2,85.1,.7,7.18
101,춘천,2022-07-09,27.9,24.5,32.7,,.8,84.4,5.1,18.62
101,춘천,2022-07-10,28.9,24.1,34.8,13.4,1.4,78.1,9.5,25.27
101,춘천,2022-07-11,25.6,22.9,29.4,1.3,1.4,86.3,4,15.69
101,춘천,2022-07-12,25.9,20.9,30.5,,1.5,77.6,7.5,20.12
101,춘천,2022-07-13,24,23.2,25.1,75.9,1,96.1,0,2.28
101,춘천,2022-07-14,25.3,21.7,30.3,3.1,1.2,85.8,6.3,19.12
101,춘천,2022-07-15,25.4,21.4,31.4,0,1.2,83.3,8,22.61
101,춘천,2022-07-16,24.4,21.2,27.6,.5,.9,87.5,3.8,14.29
101,춘천,2022-07-17,25.2,23.2,29.5,0,1.2,88,3,14.83
101,춘천,2022-07-18,26.1,22.7,31.1,,1.1,84.1,6,18.86
101,춘천,2022-07-19,27.4,22.8,32.1,,1.5,77.3,8.8,22.91
101,춘천,2022-07-20,26.9,24,30.8,1.3,1.2,82.6,3.1,15.01
101,춘천,2022-07-21,22.7,20.4,25.3,42.4,1.8,92.8,0,6.4
101,춘천,2022-07-22,24.5,21.6,28.7,1.4,.9,88,5.5,17.79
101,춘천,2022-07-23,24.8,22.4,28.8,15.3,1,89,1.7,13.09
101,춘천,2022-07-24,24.7,22,29.6,8.5,1.1,91.4,2.3,12.32
101,춘천,2022-07-25,27.2,22.4,32.8,0,1.4,78,13.3,27.94
101,춘천,2022-07-26,27.6,22.3,33.8,,1.2,81.4,9.7,23.5
101,춘천,2022-07-27,28.2,24.1,33.1,,1.4,72.8,7.6,20.12
101,춘천,2022-07-28,28.1,22.5,33.7,,1.7,76.8,10.6,22.31
101,춘천,2022-07-29,29.7,25,35.3,4.4,1.5,77.5,12,26.17
101,춘천,2022-07-30,29.1,25,34.9,0,1.7,83.1,9,20.88
101,춘천,2022-07-31,26.6,25.4,28.1,19.8,1.5,96.4,.1,5.2
101,춘천,2022-08-01,27.4,25,31.1,19.6,.9,93.9,2,10.71
101,춘천,2022-08-02,26.7,25.8,28.7,47.1,.8,99,.2,5.99
101,춘천,2022-08-03,26.9,25.2,28.8,23.6,1.3,93.8,.7,7.47
101,춘천,2022-08-04,28.8,26.1,32.7,0,1.3,82.3,7.6,18.34
101,춘천,2022-08-05,29.1,24.9,33.1,.1,1.2,80.9,8.1,19.09
101,춘천,2022-08-06,28.2,25.4,33.3,2.2,1,91,3.2,12.98
101,춘천,2022-08-07,27.4,25.1,31,26.2,.7,93,1.4,8.2
101,춘천,2022-08-08,25.7,24.1,27,110.2,1.3,99.1,0,2.26
101,춘천,2022-08-09,24.6,22.9,27.1,107.3,.9,98.9,0,3.66
101,춘천,2022-08-10,25.3,21.5,30.3,1.1,1.3,84.1,8.1,21.29
101,춘천,2022-08-11,25.7,23.1,29.6,26.1,1,90,3.9,14.63
101,춘천,2022-08-12,26.9,22.7,32.6,,1.3,80.4,10.9,24.26
101,춘천,2022-08-13,24.5,22.3,25.9,6,.9,97,0,4.9
101,춘천,2022-08-14,26.5,23.9,30.7,21.5,.8,91.9,1.5,11.58
101,춘천,2022-08-15,27.5,25.2,30,35.1,2.5,84.6,0,6.52
101,춘천,2022-08-16,27.4,23.6,31.6,,2,76.5,12.5,24.88
101,춘천,2022-08-17,24.6,21.8,30.4,.2,1.5,88.1,7.5,17.27
101,춘천,2022-08-18,25.2,21.2,29.9,,1.1,84.1,6.9,20.12
101,춘천,2022-08-19,24.6,22.3,26.8,28.4,1,91.8,.5,6.7
101,춘천,2022-08-20,27.7,24,32.7,,1.4,80.9,10.6,23.14
101,춘천,2022-08-21,26.5,22,32.8,,1.3,79,10.8,22.53
101,춘천,2022-08-22,26.3,22.5,30,,1.3,81.6,2.2,11.9
101,춘천,2022-08-23,26.1,22.4,31.6,,1.5,75.8,7.6,19.43
101,춘천,2022-08-24,23.7,20,28.2,,1.9,77.3,3.4,14.07
101,춘천,2022-08-25,21.4,19.4,24,.9,.9,92.4,.2,6.92
101,춘천,2022-08-26,23.6,18.7,29.3,,1.2,77.6,8,20.59
101,춘천,2022-08-27,21.2,16.3,26,0,1.7,69.8,12.1,25.22
101,춘천,2022-08-28,20.8,13.7,28.2,,1.4,76.4,11.2,24.34
101,춘천,2022-08-29,19.9,18.6,21.7,1.7,.9,90.4,0,5.3
101,춘천,2022-08-30,18.9,18,19.9,31.1,1.2,99.5,0,3.8
101,춘천,2022-08-31,20.6,18.1,23.9,3.3,1,93.3,0,8.57
101,춘천,2022-09-01,22,16.9,29.4,,1.1,83.4,8.9,20.9
101,춘천,2022-09-02,22.5,17.5,28.3,,2.6,73.4,12,22.56
101,춘천,2022-09-03,22,16.8,26.9,,2.6,72.9,5.5,14.48
101,춘천,2022-09-04,20.8,18.6,22.1,38.4,1.4,93.9,0,3.89
101,춘천,2022-09-05,19.7,17.5,23,166.4,1.5,99.9,0,1.2
101,춘천,2022-09-06,20,15.1,26.3,48.5,2,82.1,7.6,17.01
101,춘천,2022-09-07,19.9,12.9,28,,.9,77.3,11.6,22.8
101,춘천,2022-09-08,20.6,14.9,28.9,,1.2,80.1,9.2,21.33
101,춘천,2022-09-09,21.3,15.8,29.6,,1.5,74.3,9.6,20.86
101,춘천,2022-09-10,21.7,15.3,27.9,,2.5,71.8,7.8,17.99
101,춘천,2022-09-11,22.1,18.6,26.1,.3,1.9,83.5,2.7,10.53
101,춘천,2022-09-12,22.9,19.4,28.1,,.8,87,5,13.67
101,춘천,2022-09-13,22.9,20.1,26.6,,1.9,85,.2,7.68
101,춘천,2022-09-14,23,20.1,27.5,0,2.3,69.3,4.4,14.54
101,춘천,2022-09-15,23.7,19,28.8,,2.6,74.8,7.2,16.41
101,춘천,2022-09-16,25.2,20.6,30.6,.2,1.3,81.4,4.5,13.33
101,춘천,2022-09-17,25.9,23.4,31.2,1.5,.9,90.8,5.9,12.93
101,춘천,2022-09-18,25.5,22.4,29.5,,1.6,83.4,2.4,11.02
101,춘천,2022-09-19,22.2,16,25.9,,2.7,71.9,5.7,12.76
101,춘천,2022-09-20,17.7,12.7,24.3,,1.2,75.5,10.9,19.44
101,춘천,2022-09-21,17.2,12,24.7,,1.3,75,9.6,20.58
101,춘천,2022-09-22,17,11.6,24.4,,1.1,80,7.7,18.04
101,춘천,2022-09-23,16.4,11.3,22.7,1.4,1.5,78.1,6.8,14.46
101,춘천,2022-09-24,15.6,7.9,24.6,,.8,75.5,11.1,20.53
101,춘천,2022-09-25,16.8,11,24.8,,1,80.4,8.9,17.53
101,춘천,2022-09-26,16.9,12.2,24.7,,1,83.4,7.2,15.2
101,춘천,2022-09-27,18.1,12.5,27.8,,1,81.5,8.5,18.01
101,춘천,2022-09-28,17.6,12.2,24.6,,.8,87.3,6.9,13.25
101,춘천,2022-09-29,18.3,14.8,26.1,,.9,88.6,5.8,12.71
101,춘천,2022-09-30,18.2,14.6,26.3,,1,89.1,5.8,12.32
102,백령도,2022-05-20,14.8,12.2,18.5,.5,3.6,88.4,2.6,18.45
102,백령도,2022-05-21,14,12.4,16.1,,2.7,93.9,0,12.47
102,백령도,2022-05-22,15.2,12.4,20.8,,2.9,87.6,8.7,25.75
102,백령도,2022-05-23,15.5,12.8,19.6,,3,83.8,8,23.78
102,백령도,2022-05-24,17.7,14.3,19.9,,3.5,77.1,13,26.88
102,백령도,2022-05-25,14.6,12.3,17.8,2.3,4,91.6,0,7.99
102,백령도,2022-05-26,16.7,12.8,21.6,,5.6,65.1,11.5,29.28
102,백령도,2022-05-27,16.9,12.6,22.9,,3.3,66.9,12.8,30.34
102,백령도,2022-05-28,16.7,12.8,21.8,,4.7,86.5,9.5,26.58
102,백령도,2022-05-29,16.6,14.8,19.5,,4.3,90.9,1.4,11.97
102,백령도,2022-05-30,16.3,14,18.5,2.3,3.1,79.8,6.3,17.62
102,백령도,2022-05-31,17.1,12.2,21.3,0,4.3,64.4,9.3,25.18
102,백령도,2022-06-01,18.3,15,21.7,.1,3.1,73.4,11,30.35
102,백령도,2022-06-02,17.6,15.1,22.2,,2.8,82,6.9,25.26
102,백령도,2022-06-03,17.4,15.5,19.5,,3.9,89,0,12.21
102,백령도,2022-06-04,18,15.9,21.3,,4,86.3,3,13.25
102,백령도,2022-06-05,18.3,15,21.6,0,1.5,77.5,.2,10.98
102,백령도,2022-06-06,18.3,14.3,21.9,,3.1,72.4,10.5,26.48
102,백령도,2022-06-07,15.8,14.2,19.3,.2,2.9,69.3,2,10.35
102,백령도,2022-06-08,17.3,13.4,21.1,,2.8,79.5,12.5,27.9
102,백령도,2022-06-09,18.1,15.6,21.2,3.1,3.3,88.5,3.5,17.2
102,백령도,2022-06-10,16.6,15.3,18.3,5.6,3.3,91.1,0,3.77
102,백령도,2022-06-11,19.6,15.2,24.8,.1,2.1,72.8,8.4,24.22
102,백령도,2022-06-12,19.8,16.7,23.5,,3,75.3,8.7,23.7
102,백령도,2022-06-13,18.7,15.8,24.4,1.3,2.4,85.9,3.8,12.66
102,백령도,2022-06-14,19.5,15.5,24.4,4.6,4.9,63.4,6.5,23.18
102,백령도,2022-06-15,15.6,13.9,19.2,10.7,3.6,86.3,2.3,16.83
102,백령도,2022-06-16,18.7,13.4,23.1,,2.7,77.4,13.3,30.16
102,백령도,2022-06-17,18.2,15.7,20.8,.5,4.3,93,0,10
102,백령도,2022-06-18,18.8,17.3,21.1,2,4.4,95.1,0,9.28
102,백령도,2022-06-19,19.6,18,22.6,1.8,2.9,94.9,0,10.21
102,백령도,2022-06-20,19.8,18.3,23.2,1.8,2.3,94.6,.3,13.72
102,백령도,2022-06-21,20.3,18.5,22.8,1,1.4,92,0,12.33
102,백령도,2022-06-22,20.6,18.1,23.2,,3.5,90.9,.8,16.96
102,백령도,2022-06-23,20.5,18.1,23,52.4,5.8,95.6,0,1.99
102,백령도,2022-06-24,23.1,18.6,26.3,.2,4.8,72,13.2,29.93
102,백령도,2022-06-25,20.9,17.7,23.3,.1,4.8,91.5,.1,14.03
102,백령도,2022-06-26,21.7,19.5,23.4,,5.5,95.1,0,10.34
102,백령도,2022-06-27,21.7,19.6,23.4,51.8,6.6,95,0,1.76
102,백령도,2022-06-28,22.3,21.7,23.3,68.8,6.7,95.5,0,2.85
102,백령도,2022-06-29,21.9,20.1,25.5,13.7,4.2,95.4,.8,16.15
102,백령도,2022-06-30,21.4,20.1,22.5,0,3.3,97.9,0,6.75
102,백령도,2022-07-01,22.3,20.5,23.5,2.1,4.8,96.4,0,6.39
102,백령도,2022-07-02,21.6,19,24.7,,2.9,92.5,2,16.34
102,백령도,2022-07-03,22.7,19.2,26.3,,1.8,82.9,9.3,27.24
102,백령도,2022-07-04,23.8,21.6,28,,1.5,79.9,3.5,18.39
102,백령도,2022-07-05,25.9,20.4,30.3,0,1.6,69,12.5,29.35
102,백령도,2022-07-06,24.1,20.8,27.1,,5,84.8,2.4,15.47
102,백령도,2022-07-07,23.4,21.9,25.1,11.4,6.6,92.8,0,5.15
102,백령도,2022-07-08,22.6,20.9,26,2.9,3.7,91.9,6.7,20.62
102,백령도,2022-07-09,23.5,19.6,28.3,,1.8,86.8,10.2,25.89
102,백령도,2022-07-10,23.4,21.2,26.9,,2.2,92.8,3.5,19.2
102,백령도,2022-07-11,23.9,21.7,27.7,,1.9,80.5,11.4,28.09
102,백령도,2022-07-12,23.3,21.3,24.5,.7,3.8,84,0,6.22
102,백령도,2022-07-13,23.4,21.5,25.3,155.6,5.6,94.4,.1,5.03
102,백령도,2022-07-14,21.9,19.5,25.2,.3,3.9,90.8,8.8,27.21
102,백령도,2022-07-15,23.3,21.1,27.1,0,2.4,87.4,4.8,25.3
102,백령도,2022-07-16,23.2,21.2,26.2,,3.2,91.3,0,26.71
102,백령도,2022-07-17,24.2,21,27.1,,1.8,87.3,5.7,23.59
102,백령도,2022-07-18,23.7,20.9,28.9,,2.4,89.8,8.7,25.92
102,백령도,2022-07-19,24.8,21.9,28.4,,2.8,84.9,9.6,27.09
102,백령도,2022-07-20,23.9,20.3,28.1,3.9,1.5,88.9,.9,9.83
102,백령도,2022-07-21,22.4,19.7,25.2,4.7,4.3,88.8,11.3,27.67
102,백령도,2022-07-22,23.9,21.7,27,,3.2,88.4,11.5,28.5
102,백령도,2022-07-23,21.9,20.2,24.2,22.6,3.6,95.9,0,7.36
102,백령도,2022-07-24,22.4,20.2,25.1,10.9,3.9,91.3,9.7,26.88
102,백령도,2022-07-25,24.4,20.5,27.7,,1.6,89,12.6,27.91
102,백령도,2022-07-26,24.7,21.5,29.3,,1.8,87.4,8.2,24.22
102,백령도,2022-07-27,24.8,22.4,28.5,0,2.1,89.1,5,17.73
102,백령도,2022-07-28,25.1,22.8,27.2,.5,4.5,85.4,2.2,13.89
102,백령도,2022-07-29,25.6,23.3,28.1,.8,3.4,88.5,3.3,17.23
102,백령도,2022-07-30,27.1,23,32,11.6,2.1,82.1,10.4,26.47
102,백령도,2022-07-31,24.9,23.5,27.8,27,2.8,94.9,0,6.82
102,백령도,2022-08-01,25.3,23.4,27.5,21.7,3.3,96.1,2.2,9.09
102,백령도,2022-08-02,25.8,23.5,28.4,6.1,1.5,95.1,2.9,13.39
102,백령도,2022-08-03,26.8,25.1,29.8,0,2.3,91,4.1,16.65
102,백령도,2022-08-04,26.3,23.5,29.2,,2.7,93.6,7,22.21
102,백령도,2022-08-05,26.6,24.7,29.9,0,2.2,92.3,6.5,20.7
102,백령도,2022-08-06,26.7,24.1,30.2,,2.8,96.4,3.1,15.78
102,백령도,2022-08-07,27,25,28.4,13.1,4.1,95.8,0,6.98
102,백령도,2022-08-08,26.2,24.6,28.8,16.6,3.6,94.9,.5,8.96
102,백령도,2022-08-09,22.1,20,25,11,2,93.1,0,3.66
102,백령도,2022-08-10,22.2,19.8,25.5,,2.1,77,11.2,27.22
102,백령도,2022-08-11,22.8,19.7,27.5,,1.7,75.3,8.2,22.76
102,백령도,2022-08-12,23.8,19.8,28,,1.5,79,12.5,27.82
102,백령도,2022-08-13,23.3,21.2,26.2,26.7,2.6,95.9,1.7,8.06
102,백령도,2022-08-14,24.6,22.1,26.8,0,3.4,95.6,1.7,12.99
102,백령도,2022-08-15,26,22.3,28.2,2,6.1,90.9,.7,8.2
102,백령도,2022-08-16,22.6,20.1,25.5,,3.6,83.9,12.9,27.61
102,백령도,2022-08-17,23.3,20.1,26.9,,2,79.3,12.4,27.6
102,백령도,2022-08-18,23.8,21,27,,2,87.4,6.4,19.19
102,백령도,2022-08-19,25.2,23.5,28.1,32.8,4.6,90.5,0,3.52
102,백령도,2022-08-20,22.9,20.6,25,,5.3,81.1,12.9,28.31
102,백령도,2022-08-21,23.7,20,29,,2,73.4,12.7,27.16
102,백령도,2022-08-22,23,21.1,26.5,7.9,2.5,88.8,1,8.02
102,백령도,2022-08-23,23.5,21.3,28,.1,6.5,69.3,12.4,27.96
102,백령도,2022-08-24,24,20.3,31.6,,3.6,68.1,10,24.73
102,백령도,2022-08-25,21.7,18.3,23.8,0,2.8,79.6,1,7.59
102,백령도,2022-08-26,23.3,21,26.1,.1,3.5,77.5,9.3,21.76
102,백령도,2022-08-27,20.7,19.5,22.3,,6.6,57.9,11.4,27.1
102,백령도,2022-08-28,20.9,17.9,24.5,0,2,69.1,10.1,25.01
102,백령도,2022-08-29,18,16.2,19.9,10.4,3.1,88.6,0,3.05
102,백령도,2022-08-30,19.1,18,21,7.4,2.9,91.3,.3,6.93
102,백령도,2022-08-31,21,19,23.5,,3.9,86.9,12.2,25.71
102,백령도,2022-09-01,21.2,18.6,24.7,,2.8,85.6,12.2,25.74
102,백령도,2022-09-02,22.1,18.2,26.4,,2.2,80.4,12.2,25.49
102,백령도,2022-09-03,22.8,20.1,26.2,,3,73.1,9.3,23.1
102,백령도,2022-09-04,20.5,18.6,23.5,48.4,5.4,93.1,0,2.33
102,백령도,2022-09-05,18.4,17,19.6,52.4,2.9,94.5,0,1.29
102,백령도,2022-09-06,21.5,18.2,24.7,,4.5,77.8,11.6,24.35
102,백령도,2022-09-07,22.1,18.4,26.1,,1.7,77.8,12.1,24.68
102,백령도,2022-09-08,21.4,18.5,25.6,,1.8,80.9,12,24.58
102,백령도,2022-09-09,21.9,17.8,26.1,,2,75.8,10.9,23.68
102,백령도,2022-09-10,21.7,18.4,25.2,,2.5,66.1,8.6,21.67
102,백령도,2022-09-11,21.2,18.4,24.6,,2.3,80.6,9.3,20.08
102,백령도,2022-09-12,21.3,18.8,24.9,,2.3,84.6,12,23.82
102,백령도,2022-09-13,22.4,18.4,24.5,,2.3,79.8,1.8,12.11
102,백령도,2022-09-14,20.5,18.3,22.9,20.9,3.2,85,0,3.47
102,백령도,2022-09-15,22.2,20,24.3,9.6,4.2,78.6,.6,7.95
102,백령도,2022-09-16,22.4,21.4,23.5,13.6,6.4,91.9,0,3.58
102,백령도,2022-09-17,21.2,18.5,23.1,,2.3,86.6,2.9,12.3
102,백령도,2022-09-18,21.7,18.8,23.8,,5,81.9,11.4,22.03
102,백령도,2022-09-19,20.2,18.5,21,,12.4,47.6,11.6,23.66
102,백령도,2022-09-20,17.7,16.4,20.3,,5.1,40.9,8.1,20.39
102,백령도,2022-09-21,17.7,14.4,21.7,,1.5,53.8,11.9,23.54
102,백령도,2022-09-22,18.2,13.1,21.1,.3,3.2,75.4,7.5,15.52
102,백령도,2022-09-23,17.7,15.4,20.1,.6,7.2,65.4,8,19.12
102,백령도,2022-09-24,18.9,15.6,22.8,,3.3,78,10.6,21.72
102,백령도,2022-09-25,19,16.3,22.2,,1.5,82.3,7.8,17.78
102,백령도,2022-09-26,18.5,15.7,22.6,,2.1,85.5,11.1,21.95
102,백령도,2022-09-27,18.3,15.3,21.3,,2.7,90.3,11.1,20.78
102,백령도,2022-09-28,17.5,15.5,21.4,,1,92.5,3.8,13.22
102,백령도,2022-09-29,18.1,15,21.8,,1.6,91.9,7.8,18.61
102,백령도,2022-09-30,18,16.4,21.3,,1.9,92.6,5.2,15.7
104,북강릉,2022-05-20,23,18,28.1,,1.7,33.4,11.9,26.65
104,북강릉,2022-05-21,23.2,16.8,28.3,0,1.5,42.9,13.2,27.09
104,북강릉,2022-05-22,19.3,14.1,26.5,0,1.3,62.8,10.3,22.41
104,북강릉,2022-05-23,20.9,14,26.3,,.8,67.4,12.9,27.84
104,북강릉,2022-05-24,24.8,19.6,30.2,,1.3,47,12.3,26.91
104,북강릉,2022-05-25,23.5,18,27.4,,1.5,44.8,11.9,25.44
104,북강릉,2022-05-26,20.5,13.5,25.5,0,2,46.1,13.8,30.9
104,북강릉,2022-05-27,18.7,14.8,24.1,,1.3,53.9,5.1,16.61
104,북강릉,2022-05-28,24.8,14.8,32.7,,1.6,37.8,13.3,28.89
104,북강릉,2022-05-29,22.9,16.6,30,,.9,43.3,12.2,28.18
104,북강릉,2022-05-30,17.3,16,20.6,0,1.2,83,1,7.96
104,북강릉,2022-05-31,21.1,13,26.6,,1.6,44.6,13.3,29.04
104,북강릉,2022-06-01,21.5,15.7,28.7,,1.3,37.3,12.8,29.37
104,북강릉,2022-06-02,21.8,16.6,29.1,,1.2,44.4,13.5,29.64
104,북강릉,2022-06-03,18.2,15.8,21.4,0,1.3,83.4,2.1,13.07
104,북강릉,2022-06-04,18.6,15.1,21.8,,1,81.6,2.7,13.65
104,북강릉,2022-06-05,18.1,16.5,21.3,5.4,1.1,85.8,.5,8.62
104,북강릉,2022-06-06,14.3,12.6,16.7,74.9,1.8,96.8,0,3.99
104,북강릉,2022-06-07,13.8,12.6,15.8,.6,1.4,85.5,0,7.55
104,북강릉,2022-06-08,14.5,11.1,18,,.7,78.6,7.3,20.98
104,북강릉,2022-06-09,15.4,11.4,19,4.7,.5,87.5,1.9,10.78
104,북강릉,2022-06-10,18.3,13.5,24.2,,.7,87.3,9.5,24.23
104,북강릉,2022-06-11,17.5,15.3,19.7,.2,.9,92.9,.3,7.71
104,북강릉,2022-06-12,17.9,13.8,21.4,,1,82.5,7.8,23.66
104,북강릉,2022-06-13,18.3,16.5,21.3,,1.5,83.9,7,23.83
104,북강릉,2022-06-14,16.2,14.5,18.8,5.8,.8,89.4,.2,8.12
104,북강릉,2022-06-15,15,13.6,17.3,8.5,1.3,90.3,0,8.31
104,북강릉,2022-06-16,19.7,14.2,25.5,.1,,76,11.4,27.81
104,북강릉,2022-06-17,24.3,18.4,30.7,,1.3,59.1,13.8,29.49
104,북강릉,2022-06-18,24.4,21.2,28.1,0,1,68.5,10.6,23.68
104,북강릉,2022-06-19,24.5,20.3,29.3,,1,71.6,11.8,26.61
104,북강릉,2022-06-20,24.8,20.2,29.2,,1,69.5,12.5,28.04
104,북강릉,2022-06-21,22.7,19.4,26.2,,1,86.1,12.3,27.38
104,북강릉,2022-06-22,23.9,19.8,29.4,,.8,85.8,9,24.46
104,북강릉,2022-06-23,22.5,20,25.7,18.7,1,93.5,1.2,9.54
104,북강릉,2022-06-24,26.3,21,30.9,15.1,2.2,64.9,10,25.43
104,북강릉,2022-06-25,28.7,23,34.2,,1.9,49.8,14,29.87
104,북강릉,2022-06-26,26.9,21.4,30.8,.1,1.4,70.3,1.7,7.77
104,북강릉,2022-06-27,26.4,23.5,30.6,11.3,1,80.4,.8,8.07
104,북강릉,2022-06-28,30.3,25.3,32,,2.4,54.5,1.3,11.37
104,북강릉,2022-06-29,28.7,24.6,30.6,.4,1.9,65.9,1,9.17
104,북강릉,2022-06-30,23.8,22.2,28.6,22.6,1.6,86.5,1,8.09
104,북강릉,2022-07-01,27.4,22.3,31.7,,.9,72.1,12.6,29.41
104,북강릉,2022-07-02,26,22.1,29.9,,.7,80.5,13.1,29.18
104,북강릉,2022-07-03,26.8,23,31.1,,.7,74.8,12.5,25.74
104,북강릉,2022-07-04,26.7,23.1,30.1,,.7,76,6.4,17.83
104,북강릉,2022-07-05,25,22.6,29.3,,.7,87.5,6.2,21.79
104,북강릉,2022-07-06,24.2,22.3,26.4,.6,.7,91.4,1.6,14.3
104,북강릉,2022-07-07,27.2,23.2,31,0,.7,83.8,2.1,14.07
104,북강릉,2022-07-08,28.6,25.1,33.3,0,1.2,69.8,7.8,22.91
104,북강릉,2022-07-09,25.5,22.9,29.2,0,.9,84.9,4.1,18.94
104,북강릉,2022-07-10,23.4,22.5,24.8,5.8,.7,94.1,.3,7.82
104,북강릉,2022-07-11,22.7,20.7,27.2,29.4,1.3,94.6,2.2,11.41
104,북강릉,2022-07-12,21.7,20,24.5,.1,.8,89.4,1.5,14.3
104,북강릉,2022-07-13,21.5,20.3,22.7,29.2,.8,95.6,0,4
104,북강릉,2022-07-14,21.6,19.2,23.8,.6,1.2,93,.1,9.66
104,북강릉,2022-07-15,21.5,18.8,29,43.8,1,93.5,7.6,24.74
104,북강릉,2022-07-16,23.1,20,27.3,6.3,1,88.5,6.4,20.87
104,북강릉,2022-07-17,22.7,20.3,25.8,.2,.7,89.9,5.7,17.51
104,북강릉,2022-07-18,23.9,20.9,27.8,,.8,88.4,5.3,18.66
104,북강릉,2022-07-19,23.7,21.8,27.4,2.1,.7,87.8,4.1,17.87
104,북강릉,2022-07-20,25.7,22,30.9,.2,.7,77.4,5.1,19.17
104,북강릉,2022-07-21,21.2,20.5,23.2,73.2,1,98.1,0,4.25
104,북강릉,2022-07-22,21.9,20.2,25.2,19.4,1.2,92,3.6,14.71
104,북강릉,2022-07-23,22.4,19,25.8,11.1,.8,88.3,5.9,19.2
104,북강릉,2022-07-24,23.7,21.1,28.2,8,.8,91,7.7,22.67
104,북강릉,2022-07-25,22.8,21.2,26.8,0,.9,91.3,3.6,16.92
104,북강릉,2022-07-26,22.6,19.9,25.3,0,.7,92.5,.6,11.96
104,북강릉,2022-07-27,23.7,20.1,26.7,.2,.8,89.3,5.5,19.15
104,북강릉,2022-07-28,24.1,21.8,26.4,0,1,90.4,2.8,15.01
104,북강릉,2022-07-29,24.5,22.3,27.5,0,.5,93,.8,11.24
104,북강릉,2022-07-30,25.1,24,26.7,0,.5,92.3,.4,8.14
104,북강릉,2022-07-31,24.8,23.6,26.2,9.2,.4,96.3,0,4.15
104,북강릉,2022-08-01,25.7,23.8,29,1.7,.7,93.5,.8,7.55
104,북강릉,2022-08-02,26.2,24.7,29.3,3.8,.8,90.9,2.9,11.61
104,북강릉,2022-08-03,28.5,24.2,32.9,.6,1.4,74.1,6.8,16.65
104,북강릉,2022-08-04,27.8,24.1,34.7,4.1,.9,81,8.6,22.28
104,북강릉,2022-08-05,29.6,25,33.1,,1,71.9,10.4,24.61
104,북강릉,2022-08-06,29.5,25.8,33.6,,1.1,71.5,7.5,20.04
104,북강릉,2022-08-07,30.2,25.6,35.2,0,1.1,70.3,8.4,19.98
104,북강릉,2022-08-08,26.9,24.6,30.6,17,1.7,82.3,0,3.41
104,북강릉,2022-08-09,23.8,20.8,29.2,44.3,1.1,95.1,0,4.69
104,북강릉,2022-08-10,22.5,20.2,25,60.2,.7,93.9,.1,10.39
104,북강릉,2022-08-11,23.3,21.2,25.9,74.1,.7,95.4,.1,6.51
104,북강릉,2022-08-12,25.2,21.5,29.2,,.8,79.9,12.8,26.97
104,북강릉,2022-08-13,24.2,20.8,26.9,.7,.7,91.5,3.1,6.83
104,북강릉,2022-08-14,25,22.5,28.1,1.3,.8,90.5,2.2,12.58
104,북강릉,2022-08-15,28.5,23.7,31.3,1,2.4,71.5,0,6.34
104,북강릉,2022-08-16,26.2,23.3,29.4,4.1,1.4,80.4,6.6,18.82
104,북강릉,2022-08-17,22.7,20.2,25.5,0,1.1,90.6,.8,8.63
104,북강릉,2022-08-18,23.4,19,27,,.8,85,7.9,20.71
104,북강릉,2022-08-19,25.3,21.7,28.6,.3,1.3,74.9,1.4,7.84
104,북강릉,2022-08-20,22.8,19.7,26.1,0,1.1,90.6,.6,6.63
104,북강릉,2022-08-21,22.9,19,27.9,,.8,84.4,11.3,25.38
104,북강릉,2022-08-22,25.2,19.7,29.9,.3,.8,78.9,7.3,18.03
104,북강릉,2022-08-23,22.9,19.9,27.8,0,1.5,81.6,0,3.59
104,북강릉,2022-08-24,21.3,19,24.2,0,.7,86.1,.8,8.64
104,북강릉,2022-08-25,21.4,17.8,26,.1,.8,82.5,1.8,10.38
104,북강릉,2022-08-26,23.1,18.9,27.8,,1.2,69,10.6,22.42
104,북강릉,2022-08-27,21.1,16.4,25.2,,1.3,57.8,10.8,25.76
104,북강릉,2022-08-28,20.2,15.2,24.7,,1,65,11.4,25.45
104,북강릉,2022-08-29,19.9,17.3,21.9,1.2,.7,80.8,0,5.49
104,북강릉,2022-08-30,18.4,16.7,19.6,50.2,.6,95.8,0,3.78
104,북강릉,2022-08-31,19.5,18.5,22.4,38.3,1.2,91.9,1.2,5
104,북강릉,2022-09-01,20.9,16.6,26.4,,.8,82.8,11,21.33
104,북강릉,2022-09-02,20.8,16.3,24.8,,.7,85,7.7,18.54
104,북강릉,2022-09-03,21.3,17.9,25,,.9,82,8.3,19.95
104,북강릉,2022-09-04,21.1,18.9,27.6,8,.7,93.3,0,4.31
104,북강릉,2022-09-05,19.4,17.6,26.5,70.9,1.4,97.1,0,1.93
104,북강릉,2022-09-06,20.1,15.6,27,105,2.2,78.6,6.2,14.15
104,북강릉,2022-09-07,21,14.1,27.4,,1.1,60.5,12,24.45
104,북강릉,2022-09-08,20.7,15.9,25,,.9,74.6,11.9,23.84
104,북강릉,2022-09-09,19.7,13.9,24.9,,.8,78.4,11.4,23.3
104,북강릉,2022-09-10,20.2,15.2,24.3,,1.4,79.4,5.7,16.76
104,북강릉,2022-09-11,21.5,19.8,24.3,0,1.2,84.5,2.3,13.43
104,북강릉,2022-09-12,21.1,18.6,24.9,.9,.7,85.4,4.4,14.97
104,북강릉,2022-09-13,21.6,19.5,24.3,0,.7,90.6,.1,8.18
104,북강릉,2022-09-14,21.9,20,25.5,.1,1.6,85.6,4.3,14.83
104,북강릉,2022-09-15,21,18.7,24.4,,.8,83.4,6.7,18.43
104,북강릉,2022-09-16,21.9,17.4,26.1,,.6,86.4,8,17.62
104,북강릉,2022-09-17,23.5,20.3,27.6,,.7,89.9,9.3,21.83
104,북강릉,2022-09-18,22.8,20.4,24.9,3.2,1,89.8,0,3.94
104,북강릉,2022-09-19,19.7,16.1,22.7,47,2.5,82,.5,4.64
104,북강릉,2022-09-20,14.9,11.3,19.2,.8,.9,77.9,2.3,6.08
104,북강릉,2022-09-21,15.7,10.5,20.9,,1.2,74.5,11.3,22.26
104,북강릉,2022-09-22,17.3,11.3,22.2,,1.2,73.5,9.7,19.12
104,북강릉,2022-09-23,19.2,13.7,26.6,0,1.7,58.1,9.9,18.18
104,북강릉,2022-09-24,18.4,12.5,24.5,,1.6,49.3,11.3,22.3
104,북강릉,2022-09-25,17.8,14.6,23.4,,.8,69.5,2.7,11.85
104,북강릉,2022-09-26,18.2,14.8,24.2,,.7,70.4,7.5,15.72
104,북강릉,2022-09-27,17.9,13.6,22.8,,.8,79.9,10.5,20.08
104,북강릉,2022-09-28,18.3,12.1,23.6,,.6,73,3.8,11.45
104,북강릉,2022-09-29,20.3,15.7,25.6,,1.3,65.4,10.5,20.33
104,북강릉,2022-09-30,21.2,14.7,27.1,,1.3,60.9,10.9,20.29
105,강릉,2022-05-20,24.8,20.9,29.7,,3.1,31,12.1,27.16
105,강릉,2022-05-21,25.3,19.7,30.2,,2.8,41.6,11.7,26.75
105,강릉,2022-05-22,21.8,16.8,28.3,,2.4,55,7.8,21.02
105,강릉,2022-05-23,23.6,15.4,29.8,,1.2,59.3,12.6,27.97
105,강릉,2022-05-24,28,23.5,33.3,,2,40.3,12.3,27.08
105,강릉,2022-05-25,26.4,22.1,31,,2.6,39.9,10.9,25.39
105,강릉,2022-05-26,22.1,17.3,26.1,0,3.3,40.6,12.5,30.17
105,강릉,2022-05-27,20.6,17.1,24.2,,2.5,51.5,2.9,12.29
105,강릉,2022-05-28,26.9,18.9,33.4,,4,32.6,12.8,29.94
105,강릉,2022-05-29,26.2,20.4,31.6,,3.4,34.6,11.6,28.76
105,강릉,2022-05-30,19,17.1,23.8,,1.9,74.5,.3,8.18
105,강릉,2022-05-31,23,15.4,28.3,,2.6,42.9,12.3,29.7
105,강릉,2022-06-01,23.9,18.8,30,,2.5,33.4,11.7,27.82
105,강릉,2022-06-02,24.8,18.4,31.5,,2.2,38.4,13,29.44
105,강릉,2022-06-03,19.8,18,22.8,,2.3,76.8,.4,9.79
105,강릉,2022-06-04,20.4,16.3,23.8,,1.8,75.8,3,16.48
105,강릉,2022-06-05,20.4,18.9,23.5,8.7,2.1,80.1,.4,8.84
105,강릉,2022-06-06,16.1,14.3,19,64.5,2.5,95,0,4.51
105,강릉,2022-06-07,15.6,14.2,17.5,1.7,2,82.9,0,7.89
105,강릉,2022-06-08,17.4,13.3,21.2,,1.5,71.5,6.5,23.07
105,강릉,2022-06-09,17.7,13.5,22.4,7.7,.8,80.6,1.7,12.14
105,강릉,2022-06-10,21.1,15,27.4,,1.1,77.5,8.8,23.65
105,강릉,2022-06-11,19.5,17.2,21.6,,1.2,85.5,.2,8.12
105,강릉,2022-06-12,19.8,15.4,23.9,,2.1,76.6,5.1,19.7
105,강릉,2022-06-13,20.4,18.4,23.7,,1.9,77.3,5.3,21.77
105,강릉,2022-06-14,18.1,16.1,20.3,4.9,1.3,82.8,0,7.38
105,강릉,2022-06-15,16.4,15.2,18.1,9,1.1,88.3,0,7.01
105,강릉,2022-06-16,21.9,15.5,27.2,,1.9,70.4,9.5,23.01
105,강릉,2022-06-17,27.5,21.4,32,,2.5,52.1,13,27.41
105,강릉,2022-06-18,28.3,25.1,31.6,,2.2,58.3,11.5,26.07
105,강릉,2022-06-19,28.5,24.8,32.1,,1.9,59.8,12.4,27.53
105,강릉,2022-06-20,27.9,24.2,31.9,,1.9,60.4,12.6,28.08
105,강릉,2022-06-21,25.9,22.4,29.9,,1.5,75.4,12.4,27.32
105,강릉,2022-06-22,26.9,21.9,31.7,,1.3,74.9,9.6,24.77
105,강릉,2022-06-23,25.3,22.2,28.9,21.7,1.1,84.1,2,12.72
105,강릉,2022-06-24,27.7,23.3,30.7,27.5,3,65.8,7.7,23.58
105,강릉,2022-06-25,30.5,24.4,35.3,,4.5,48.4,13.2,29.92
105,강릉,2022-06-26,29.2,23.7,32.3,4,2.6,64.4,1.1,7.92
105,강릉,2022-06-27,28.4,26.2,31.4,10.3,1.3,77.6,.1,7.75
105,강릉,2022-06-28,31.2,26,33.6,,2.1,56.8,.3,10.62
105,강릉,2022-06-29,30.6,27.3,32.9,.2,2.4,62.8,.6,9.35
105,강릉,2022-06-30,25.5,24.1,29.2,25.8,1.8,84.5,.7,7.97
105,강릉,2022-07-01,30.3,24.1,34.6,,2.1,63.9,11.6,29.29
105,강릉,2022-07-02,29.3,25.1,33.4,,1.7,68.6,12,26.79
105,강릉,2022-07-03,30.2,25.7,34.7,,1.4,64.6,11.4,27.36
105,강릉,2022-07-04,29.3,26.2,32.7,,1.6,68.4,6.1,18.87
105,강릉,2022-07-05,27.7,24.9,31.9,,1.3,77.3,6.1,22.29
105,강릉,2022-07-06,26.7,24.3,29.1,.1,1.2,81.5,.9,12.61
105,강릉,2022-07-07,30,25.5,33.6,,1.2,73.1,1.8,15.67
105,강릉,2022-07-08,30.8,28.2,34.6,,2,63,6.8,23.89
105,강릉,2022-07-09,28.1,25.7,31,,1.1,74.3,4.3,19.99
105,강릉,2022-07-10,25.5,24.4,26.8,5.5,.9,87,0,7.55
105,강릉,2022-07-11,24.5,22.3,28.9,32.7,1.7,90.3,1.8,11.26
105,강릉,2022-07-12,23.5,22,27,.1,1.2,84,.5,12.8
105,강릉,2022-07-13,23.2,22.2,24.5,27,.8,90.3,0,5.59
105,강릉,2022-07-14,23.2,21.9,24.5,2.6,1.5,88.8,0,8.67
105,강릉,2022-07-15,23.9,21.1,29.9,22.2,1.4,84.5,6.9,24.34
105,강릉,2022-07-16,25.2,22.1,30.1,22.6,1.6,79.5,6.1,20.88
105,강릉,2022-07-17,25.2,22,28.1,0,1.4,80.1,4.6,18.53
105,강릉,2022-07-18,26.3,23.4,31.8,,1.6,79.3,4.9,19.24
105,강릉,2022-07-19,26.1,23.5,29.7,0,1.4,77.9,3.5,16.76
105,강릉,2022-07-20,28.7,25.3,33.1,.1,1.7,66.5,3,17.34
105,강릉,2022-07-21,22.9,21.9,26.1,69.9,1.7,93.5,0,4.65
105,강릉,2022-07-22,23.4,21.5,26.8,14.8,2,87,2.1,15.07
105,강릉,2022-07-23,24.4,20.4,28.5,12.3,1.6,81.9,4.4,18.69
105,강릉,2022-07-24,26,22.7,31.4,6.1,1.4,82,7.2,22.21
105,강릉,2022-07-25,25.4,23.2,29.7,,1.4,82,2.9,16.84
105,강릉,2022-07-26,24.7,21.5,27.9,,1.2,83.4,1.3,12.13
105,강릉,2022-07-27,25.5,20.9,29.3,.1,1.7,80.3,3.8,17.87
105,강릉,2022-07-28,26.1,23.3,28.2,0,1.6,83.6,1.8,13.4
105,강릉,2022-07-29,26.7,24.5,28.8,,1,86.1,0,8.96
105,강릉,2022-07-30,27.1,25.1,28.9,,1,85.1,0,8.22
105,강릉,2022-07-31,26.4,25.5,27.1,11.8,.7,91.8,0,4.01
105,강릉,2022-08-01,27.4,25.1,31.2,1.9,1.2,87.5,.2,7.33
105,강릉,2022-08-02,28.5,26.3,32.1,5.5,1.1,85.4,2.6,12.45
105,강릉,2022-08-03,30.9,27.8,33.2,.6,2.6,65.1,4,13.02
105,강릉,2022-08-04,31.1,27.3,35.6,2.8,1.8,68.5,7.7,19.37
105,강릉,2022-08-05,33.4,29.2,37.7,,2.5,57.8,10.7,23.24
105,강릉,2022-08-06,33,30.3,36.8,,2.1,61.3,7.3,20.01
105,강릉,2022-08-07,33,29.7,37,0,2,63.6,7.5,18.95
105,강릉,2022-08-08,29.5,26.9,31.8,21.6,2.6,73.9,0,3.76
105,강릉,2022-08-09,26.1,22.7,29.9,45.8,1.7,87.6,.1,5.01
105,강릉,2022-08-10,24.2,21.7,26.3,61.9,1.1,89.1,.1,8.82
105,강릉,2022-08-11,25.1,22.7,27.9,62.7,.9,89.1,.1,7.25
105,강릉,2022-08-12,27.7,23.1,32.2,,1.3,73.9,12.4,25.51
105,강릉,2022-08-13,26.3,22.8,28.6,.3,.9,83.8,2.5,7.34
105,강릉,2022-08-14,27.3,24.7,30.8,1.5,1,83.5,1.5,13.49
105,강릉,2022-08-15,30.4,25.6,32.4,.1,2.1,67.3,0,6.69
105,강릉,2022-08-16,28.7,25.2,31.7,.3,2.4,71.5,6.2,19.48
105,강릉,2022-08-17,24.9,22.1,27.7,0,1.9,83.3,.8,10.91
105,강릉,2022-08-18,25.8,20.7,30.1,,1.6,76.1,8.3,20.35
105,강릉,2022-08-19,27.7,25.3,30.1,0,2.4,64.6,1.4,8.74
105,강릉,2022-08-20,25,21.8,30,0,1.5,83.1,.2,5.16
105,강릉,2022-08-21,25.6,20.4,30.6,,1.6,74,11.4,25.33
105,강릉,2022-08-22,28.2,21.8,33.3,0,1.4,68.5,7.1,17.89
105,강릉,2022-08-23,25.2,22.5,28.9,0,2,74,0,3.79
105,강릉,2022-08-24,23.1,21.2,26,0,1.2,80.8,.4,8.25
105,강릉,2022-08-25,23.7,19.5,27.8,.4,1.5,72.9,1.4,10.78
105,강릉,2022-08-26,25.7,21.3,30.7,,1.8,60.8,10.6,23.97
105,강릉,2022-08-27,23.5,18.7,26.6,,2.7,54.8,10.4,25.31
105,강릉,2022-08-28,22.2,16.8,27.3,,2.2,60.8,10.9,25.81
105,강릉,2022-08-29,21.2,19.3,23.4,.5,1.2,73.9,0,5.73
105,강릉,2022-08-30,19.8,18.2,21,58.9,1,90.5,0,3.86
105,강릉,2022-08-31,20.6,19.7,23.1,42.7,1.6,91.4,.7,5
105,강릉,2022-09-01,23.1,18.3,29.3,,1.4,75.6,8.8,20.28
105,강릉,2022-09-02,22.2,18.1,27.5,,1.7,78.1,6.6,20.29
105,강릉,2022-09-03,23,19.2,26.8,,1.7,77.3,6.4,20.24
105,강릉,2022-09-04,22.3,20.5,24,3,.8,89.1,0,5.58
105,강릉,2022-09-05,21,18.7,25,63.4,1.7,92.9,0,2.2
105,강릉,2022-09-06,22,18.5,27,99.4,3.1,75.6,5.8,14.18
105,강릉,2022-09-07,24.1,18.9,29.2,,2,54.1,11.9,24.78
105,강릉,2022-09-08,22.7,18.1,27.7,,2.3,65.9,11.8,23.81
105,강릉,2022-09-09,21.8,16,27.8,,1.7,68.8,11.5,24.49
105,강릉,2022-09-10,21.3,16.9,25.9,,2.2,76.1,4.5,16.95
105,강릉,2022-09-11,22.8,20.2,26,,1.6,80.5,.9,11.47
105,강릉,2022-09-12,23,20,27.4,.3,1.2,80.6,3.4,14.49
105,강릉,2022-09-13,23.3,21.4,26.1,,1,84.5,0,7.32
105,강릉,2022-09-14,23.1,21,26.4,1.6,1.9,82.1,3,14.68
105,강릉,2022-09-15,22.9,20.2,26.8,,1.5,78.8,7.8,18.91
105,강릉,2022-09-16,24,18.9,29.9,,1.3,80,6.8,18.74
105,강릉,2022-09-17,25.6,22,29.9,,1.1,83.3,8.4,21.39
105,강릉,2022-09-18,24.3,22.1,26.1,6.6,1.5,86.3,0,4.06
105,강릉,2022-09-19,20.7,17.6,23.8,28.2,3.5,82.5,.2,3.99
105,강릉,2022-09-20,17,13.1,20,0,1.7,72,1.7,6.56
105,강릉,2022-09-21,17.2,11.9,23.3,,2.1,70.9,11.2,23.56
105,강릉,2022-09-22,19,12.2,25,,2,67.9,9,20.12
105,강릉,2022-09-23,20.8,16.4,28.6,,2.8,55.5,9.6,20.44
105,강릉,2022-09-24,20.2,15.2,26.6,,2.3,48.3,11.1,23.9
105,강릉,2022-09-25,19.4,15.6,25.2,,1.9,64.9,1.6,12.01
105,강릉,2022-09-26,20.7,16.4,26.7,,2,63.8,7.9,19.6
105,강릉,2022-09-27,19.9,15,25.9,,1.7,72.9,10.2,21.62
105,강릉,2022-09-28,19.7,13.9,25.6,,1.6,66.5,3,11.71
105,강릉,2022-09-29,22.3,17.5,28.5,,2.1,60.9,10.5,21.34
105,강릉,2022-09-30,23.9,18,30.8,,2,53.5,10.9,22.17
106,동해,2022-05-20,22.2,18.7,26.2,,1.6,31.9,12.3,
106,동해,2022-05-21,22.6,17,27.3,,1.8,41.6,12.4,
106,동해,2022-05-22,19.8,15,25.1,,2.1,61.6,9.3,
106,동해,2022-05-23,18,14.6,22.5,,1.8,78.8,12.6,
106,동해,2022-05-24,22.5,16.1,29.3,0,1.6,60.1,11.3,
106,동해,2022-05-25,22.8,18.9,26.1,0,1.5,51.3,9.9,
106,동해,2022-05-26,20.4,14.8,24.1,0,2.5,44.3,12.3,
106,동해,2022-05-27,17.4,15,21,,1.3,57.4,2.9,
106,동해,2022-05-28,25.6,15.5,32.7,,2.3,33.4,12.7,
106,동해,2022-05-29,22.4,17.8,27.2,,1.9,45,11.9,
106,동해,2022-05-30,17.7,16.6,20.5,0,2.9,82.5,.3,
106,동해,2022-05-31,19.7,14.4,22.6,,1.8,57.9,12.6,
106,동해,2022-06-01,20.8,16.2,28,,2,46.6,10.7,
106,동해,2022-06-02,20.3,16.5,25.4,,1.6,56.4,12.7,
106,동해,2022-06-03,19.1,16.9,21,,2.4,81.1,3,
106,동해,2022-06-04,18.5,15.4,21.1,,2.5,83.9,3.6,
106,동해,2022-06-05,17.8,16.5,20.4,2.3,1.7,90.3,.2,
106,동해,2022-06-06,14.8,13.5,17.4,66.1,3,99,0,
106,동해,2022-06-07,14.9,13.4,17.7,.4,2.8,83.9,1,
106,동해,2022-06-08,15.6,13.5,18.4,,1.1,78.1,2.8,
106,동해,2022-06-09,16.4,13.2,19.2,.3,1.2,87.8,4.6,
106,동해,2022-06-10,18.4,14,22.5,0,1.4,88.6,10.6,
106,동해,2022-06-11,18.3,16.7,20.8,,1.7,95,1.9,
106,동해,2022-06-12,18.2,14.6,21.1,,1.5,85.6,5.3,
106,동해,2022-06-13,18.9,16.8,21.4,0,1.9,83,7.2,
106,동해,2022-06-14,17,14.4,19.9,3.6,2,90,.2,
106,동해,2022-06-15,16,14.1,18.1,6.7,2,90,1,
106,동해,2022-06-16,19.3,15,21.9,0,1.2,85.1,10,
106,동해,2022-06-17,22.9,18.2,27.5,,1.8,66.1,12.8,
106,동해,2022-06-18,24.1,21.5,27.1,,1.3,70.6,10.6,
106,동해,2022-06-19,23.8,20.8,26.6,,1.1,79.8,11.6,
106,동해,2022-06-20,24,21,28.1,,1.5,75.1,12.5,
106,동해,2022-06-21,21.8,20.1,25.4,,1.4,92.4,9.8,
106,동해,2022-06-22,22.4,19.9,29.5,,1.2,92.8,10,
106,동해,2022-06-23,22.2,19.7,28.9,3,1.1,95.4,2.4,
106,동해,2022-06-24,26.3,21.6,30.6,15.9,1.8,70,5.5,
106,동해,2022-06-25,28.1,23.2,34.1,,2.9,50.3,12.9,
106,동해,2022-06-26,26.1,21.9,30.4,,1.7,71.5,1.3,
106,동해,2022-06-27,24.7,21.4,29.9,9.1,1.3,88,1.3,
106,동해,2022-06-28,30.2,22.3,33.6,,2.6,55.5,3.3,
106,동해,2022-06-29,26.1,22.3,30.7,.8,1.7,76.4,0,
106,동해,2022-06-30,24.8,21.7,30.3,9.8,1.6,88.9,2.9,
106,동해,2022-07-01,25.8,21.7,30.3,,1.6,76.4,12.6,
106,동해,2022-07-02,24.5,21.2,29.4,,1,84.1,11,
106,동해,2022-07-03,24.7,22.6,30.5,6.6,.9,88.9,11,
106,동해,2022-07-04,25.4,22.9,29.2,,.8,87.3,5.6,
106,동해,2022-07-05,23.9,22.1,27.4,,1,97,6.2,
106,동해,2022-07-06,24.2,23,26.4,0,1,96.4,3.6,
106,동해,2022-07-07,25.5,23.4,29.3,0,.9,89.9,4.5,
106,동해,2022-07-08,27.4,23.5,33.4,.5,1.2,78.1,6.1,
106,동해,2022-07-09,24.8,22.8,29.2,0,1.8,88.6,8,
106,동해,2022-07-10,23.2,22.2,26,4.7,1.4,98.1,.4,
106,동해,2022-07-11,23.2,21.6,27,34,1.6,98.1,2.7,
106,동해,2022-07-12,22,20.8,25.2,.1,2,92.5,3,
106,동해,2022-07-13,22,20.8,23.5,19.1,1.2,97.3,.1,
106,동해,2022-07-14,22.2,20.5,24.5,.4,2.3,94.3,1.2,
106,동해,2022-07-15,22.1,19.8,26.2,16.6,1.3,95.3,4.3,
106,동해,2022-07-16,23,20,26.6,3.1,1.2,93.4,8.7,
106,동해,2022-07-17,22.9,20.6,25,0,1.4,93.4,5.7,
106,동해,2022-07-18,23.7,21.5,29,,1.4,87.8,6,
106,동해,2022-07-19,24.1,21.9,26.4,.1,1.2,91.4,6.9,
106,동해,2022-07-20,26.3,22.7,30.9,0,1.3,72.3,7.5,
106,동해,2022-07-21,21.5,20.8,24.1,37.5,1.8,99,0,
106,동해,2022-07-22,22.3,20.1,26,5.6,2.5,93.1,5.4,
106,동해,2022-07-23,22.7,19.5,25.9,8.2,1.6,90.9,3.6,
106,동해,2022-07-24,23.3,21.4,26,13.5,2.1,96.6,5.1,
106,동해,2022-07-25,23.1,22.2,25.2,,2.1,94,5.2,
106,동해,2022-07-26,23.1,21.4,25.1,,.9,94.9,.6,
106,동해,2022-07-27,24,20.9,27.4,,1.3,92,5,
106,동해,2022-07-28,24.5,22.7,27.2,.4,.8,93.4,3,
106,동해,2022-07-29,25.2,23.1,28.5,,.8,94.9,6.1,
106,동해,2022-07-30,25.2,24.3,27,.1,.8,97.5,.1,
106,동해,2022-07-31,25,24,26.4,9.2,.7,99,0,
106,동해,2022-08-01,25.7,24.4,28.8,2,.7,97.3,.8,
106,동해,2022-08-02,25.9,24.2,29.4,.8,.8,92.9,3.5,
106,동해,2022-08-03,27.9,25.9,32.6,0,1.2,77.1,2.6,
106,동해,2022-08-04,27.7,25.1,34,,1.3,79.1,6.3,
106,동해,2022-08-05,28.4,25.3,31.3,,1.4,74.3,11.9,
106,동해,2022-08-06,29.3,26.7,33.2,,1.2,70.9,9.1,
106,동해,2022-08-07,28.9,26.3,32.1,,1.5,75.9,9.5,
106,동해,2022-08-08,27.8,25,32.1,6,1.8,78.4,.2,
106,동해,2022-08-09,24.6,21.8,27.2,28.9,1.2,98.5,0,
106,동해,2022-08-10,22.3,21,24.4,64.8,.6,98.4,.3,
106,동해,2022-08-11,23,21.5,25.2,21.1,.7,98.6,.1,
106,동해,2022-08-12,25.6,22.3,28.4,,1.2,85.8,11.9,
106,동해,2022-08-13,24.6,21.6,27.1,.6,1.1,92.8,1.8,
106,동해,2022-08-14,25.3,23.6,27.9,.8,1.1,92,3.2,
106,동해,2022-08-15,28.8,24.1,31.8,0,1.4,70,1.1,
106,동해,2022-08-16,26.8,23.7,31.7,3.5,1.7,78.4,6.8,
106,동해,2022-08-17,23.4,20.7,25.9,4.1,1.1,94.9,.5,
106,동해,2022-08-18,23.1,19.2,26.4,,1.3,89.8,9.7,
106,동해,2022-08-19,24.3,21.4,27.6,.1,.9,82.5,1.6,0
106,동해,2022-08-20,23.6,21.1,27.1,1.8,1.4,94.6,.3,
106,동해,2022-08-21,23,19.7,26.5,,1.4,86.3,11,
106,동해,2022-08-22,23.8,19.4,27.6,0,1,85.6,7.5,
106,동해,2022-08-23,23.6,21.6,26.7,.8,1.4,85.5,0,
106,동해,2022-08-24,22.3,20.6,24.1,,.8,86,0,
106,동해,2022-08-25,21.7,18.7,25.4,.3,.8,87.4,3.3,
106,동해,2022-08-26,23.4,19.7,27.3,,1.4,66.9,10.5,
106,동해,2022-08-27,21.5,16.2,24.8,,2.3,62,9.5,
106,동해,2022-08-28,20.2,15,24.8,,1.8,69.4,11.3,
106,동해,2022-08-29,20.1,17.9,23,.6,1.3,77.1,0,
106,동해,2022-08-30,18.7,16.9,19.9,72,.5,96.3,0,
106,동해,2022-08-31,19.7,19,22,29,1.5,97.6,.3,
106,동해,2022-09-01,21,17.7,25,,1,89.4,7.1,
106,동해,2022-09-02,21,17.1,24.6,.2,1.2,90,5,
106,동해,2022-09-03,21.7,19.6,25.2,0,.8,84.9,5.7,
106,동해,2022-09-04,21.2,19.2,23.1,2.9,.8,97.9,.1,
106,동해,2022-09-05,20.6,18.3,24.1,31.8,1.7,99,0,
106,동해,2022-09-06,20.6,18.1,26.2,65.6,4.2,81.9,6.1,
106,동해,2022-09-07,21.5,16,26.3,,2,56.6,11.3,
106,동해,2022-09-08,19.8,15.2,24.6,,1.9,77.6,11.2,
106,동해,2022-09-09,19.4,14.8,24.3,,1.4,84.6,9.8,
106,동해,2022-09-10,20.1,15.8,24.6,,2.2,86.1,4.8,
106,동해,2022-09-11,21.5,19.2,24.6,,1.5,88.1,3.1,
106,동해,2022-09-12,21.3,18.8,24.4,0,1.1,89.4,1.6,
106,동해,2022-09-13,22.2,20,25.2,0,1.5,92.1,1.4,
106,동해,2022-09-14,22.5,20.6,25.3,0,2.7,85.6,5.8,
106,동해,2022-09-15,21.8,19.3,24.5,,1.4,80.4,6.9,
106,동해,2022-09-16,22,17.9,25.7,,1.4,91.5,8.7,
106,동해,2022-09-17,23.8,20.4,27.4,.5,1.2,92.4,10.1,
106,동해,2022-09-18,23.3,21.7,24.7,1.2,2.2,93.9,0,
106,동해,2022-09-19,20.3,16.3,23.4,14.7,6.5,84.8,.5,
106,동해,2022-09-20,16.8,12.9,20.4,0,3.1,71.9,1.8,
106,동해,2022-09-21,16.1,11.7,20.8,,2.5,73.5,10.8,
106,동해,2022-09-22,17.8,11.7,22.6,,2.2,72.4,8.3,
106,동해,2022-09-23,19.4,14.6,26.2,,2.2,63.5,9.8,
106,동해,2022-09-24,18.2,13.8,23.2,,1.9,54.4,10.8,
106,동해,2022-09-25,17.7,13,22.1,,1.8,74.3,1.8,
106,동해,2022-09-26,18.5,14.1,24.5,,1.5,76.4,6.5,
106,동해,2022-09-27,17.9,14,23.2,,1.4,83.1,10.5,
106,동해,2022-09-28,18,12.3,23.9,,1.7,79.4,7.1,
106,동해,2022-09-29,19.3,13.9,24.7,,1.7,71.8,10.5,
106,동해,2022-09-30,19.9,14.1,25.5,,1.8,66.6,10.5,
108,서울,2022-05-20,20.6,15.6,25.8,,2.3,52.8,10.8,25.74
108,서울,2022-05-21,20.1,16.1,26,,2.5,70.8,9.3,24.88
108,서울,2022-05-22,20.3,15.7,25.8,,2.5,70.9,9,24.3
108,서울,2022-05-23,23,17.8,30.7,,2.3,63.5,10.4,26.01
108,서울,2022-05-24,22.9,16.7,30.2,,2.1,56.8,12.3,28.86
108,서울,2022-05-25,21,16.7,26.7,3.5,2.6,66.6,8.1,22.59
108,서울,2022-05-26,18.7,14.1,23.5,0,3.7,59.9,11.6,28.88
108,서울,2022-05-27,20,16,25.6,0,3.3,62.5,11.8,28.71
108,서울,2022-05-28,22.3,15,29.3,,2.8,54.1,12.4,27.49
108,서울,2022-05-29,23.1,19.3,29.7,,2.3,66.4,7,21.5
108,서울,2022-05-30,20.8,17.2,24.7,0,2.5,71,.2,9.8
108,서울,2022-05-31,20.7,14.2,27.2,,2.5,42.4,12,27.48
108,서울,2022-06-01,22.1,16.2,28.6,,2.6,41.6,13.5,30.79
108,서울,2022-06-02,21.5,17.1,26.9,,2.7,67.4,10.4,27.13
108,서울,2022-06-03,24.5,18.7,32.6,,2,62.8,10.6,27.2
108,서울,2022-06-04,25.6,20.3,29.7,,1.7,57,6.2,18.22
108,서울,2022-06-05,22.7,20.2,27,0,2.3,59.8,.1,8.16
108,서울,2022-06-06,19.7,16.7,24.5,4.3,3.2,69,5.5,21.01
108,서울,2022-06-07,20.6,15.1,25.1,0,2.7,54.5,6.2,17.34
108,서울,2022-06-08,21.2,16.2,25.8,,2.3,61.6,5.1,16.97
108,서울,2022-06-09,20.9,18.5,24.5,2.6,1.6,76.1,2.6,10.66
108,서울,2022-06-10,20.9,17.2,26.6,1.2,1.9,75.8,4.8,15.38
108,서울,2022-06-11,24.6,17.7,32.7,,2.2,59.6,10.7,26.54
108,서울,2022-06-12,24.6,18.9,31.5,,2.5,58.9,9.3,24.52
108,서울,2022-06-13,23.6,19.6,29.2,18,2.6,68.5,7.7,20.66
108,서울,2022-06-14,21.5,17.7,27.1,0,4.2,56.4,5.7,18.58
108,서울,2022-06-15,17.5,14.9,20.1,18.5,2.3,92.4,0,5.62
108,서울,2022-06-16,20.3,17.6,24.8,.7,2.3,78.4,3.8,13
108,서울,2022-06-17,22.5,16.5,28.1,,1.9,76.4,3.2,17.86
108,서울,2022-06-18,23.3,22,25.1,0,1.7,79.6,0,6.07
108,서울,2022-06-19,23.4,22.3,25.1,,1.4,81.6,0,5.06
108,서울,2022-06-20,25.2,22,29,,1.3,76.6,1.8,12.59
108,서울,2022-06-21,26.5,21.2,32.6,,2,72.6,12.6,28.94
108,서울,2022-06-22,25.9,21.9,31,,2.1,71.1,7.4,22.39
108,서울,2022-06-23,24.3,23.3,26.4,103,2.8,89.1,0,3.41
108,서울,2022-06-24,22.6,20.6,24.9,19.1,3.5,90.9,1.7,8.5
108,서울,2022-06-25,26,21.5,30.5,,2.8,80.4,3,17.55
108,서울,2022-06-26,26.5,24.8,28.1,,2.6,82.1,0,3
108,서울,2022-06-27,26.8,25.4,28.1,6.1,2.8,84.4,0,4.75
108,서울,2022-06-28,26.9,25.7,27.9,6.3,5.8,81.9,0,3.33
108,서울,2022-06-29,25.1,24.4,26.1,37.8,4.1,95.5,0,2.94
108,서울,2022-06-30,22.3,21.2,24.5,176.2,2.3,99.3,0,2.42
108,서울,2022-07-01,26.6,21.9,30.9,,2.1,83.3,7.2,21.53
108,서울,2022-07-02,28.8,24,33.8,,1.7,72.8,10.8,25.83
108,서울,2022-07-03,29.3,24.4,34.2,,1.7,68.6,10.8,26.25
108,서울,2022-07-04,29.3,26.4,32.6,0,1.8,71.8,3.6,14.9
108,서울,2022-07-05,29.2,26.7,33.1,0,1.7,73.8,2.6,15.99
108,서울,2022-07-06,29.5,26.2,33.3,16.1,2.1,76,1.1,14.49
108,서울,2022-07-07,28.2,26.4,31,0,2.8,82.3,.6,8.29
108,서울,2022-07-08,25.8,24,27.9,1.7,2.9,84.4,0,6.94
108,서울,2022-07-09,26.9,24,30.9,.1,1.7,82.1,1.8,13.64
108,서울,2022-07-10,29.2,24.6,35.1,0,1.7,68,8.4,23.08
108,서울,2022-07-11,27,24.7,30.6,9,1.8,75,2.8,13.85
108,서울,2022-07-12,26.8,23.2,29.4,,2.2,73.1,.8,11.82
108,서울,2022-07-13,25,24,27.1,114.5,1.8,93.9,0,1.25
108,서울,2022-07-14,25.7,23.3,29.9,.9,2.3,84.6,3.9,17.21
108,서울,2022-07-15,26,23,30.3,,2.3,76.5,8.9,24.49
108,서울,2022-07-16,24.8,23.2,28.2,34,2,83.4,1.5,10.77
108,서울,2022-07-17,25.5,22.5,29.7,0,1.8,78.9,3.6,16.82
108,서울,2022-07-18,26.8,23.1,30.1,,2.2,76,5.2,21.01
108,서울,2022-07-19,27.4,24.3,31.1,,2.3,74.1,8.4,23.44
108,서울,2022-07-20,27.1,24.3,30.4,1.1,2.2,76.1,3.1,17.68
108,서울,2022-07-21,23.2,20.8,25.2,10.4,2.9,87.6,.5,6.6
108,서울,2022-07-22,25.1,22.9,27.5,5.2,1.9,81.5,2.5,13.54
108,서울,2022-07-23,24.8,22.3,28,9.9,2,83.6,.1,9.09
108,서울,2022-07-24,25,22,28.4,1.2,2.1,86.9,.4,8.82
108,서울,2022-07-25,27.5,23.6,32,,1.9,75,9.6,25.49
108,서울,2022-07-26,28.9,24.4,33.1,,1.8,72.5,9,22.31
108,서울,2022-07-27,29.3,26.4,33.4,,2,66.3,6,19.72
108,서울,2022-07-28,29.7,25.1,34.4,,2.4,63.8,9.9,25.2
108,서울,2022-07-29,30.7,27.3,34.3,,2.2,68.1,7.6,20.28
108,서울,2022-07-30,30.9,27.3,36.1,1,2.6,68.4,9.4,23.53
108,서울,2022-07-31,27.2,25.4,29,47.2,2.5,85.8,0,4.93
108,서울,2022-08-01,28.6,25.4,32.4,30,2.4,82.4,3.2,15.09
108,서울,2022-08-02,26.8,25.5,28.5,33.5,2.8,90,0,4.37
108,서울,2022-08-03,27.1,25.2,30,51.1,2.8,90.1,1.3,8.74
108,서울,2022-08-04,28.9,26,32.9,0,2.5,79.3,8.7,22.24
108,서울,2022-08-05,29.4,27,32.7,0,2.6,76.6,6.3,19.58
108,서울,2022-08-06,28.7,27.4,30.3,13.6,1.7,85.3,.4,7.48
108,서울,2022-08-07,28.9,27.2,31.7,.9,2.4,82.1,.6,9.26
108,서울,2022-08-08,26.8,,28.4,129.6,3.3,91.6,,
108,서울,2022-08-09,25.1,22,26.5,123.1,2.6,96,0,2.42
108,서울,2022-08-10,24.7,21.4,28.8,7.6,1.6,85.3,3.1,16.23
108,서울,2022-08-11,25,23.4,27.5,38.8,1.6,87.9,.8,8.81
108,서울,2022-08-12,27,23,32.4,,1.7,73.8,10.6,24.86
108,서울,2022-08-13,25.8,24.7,27.5,4,1.3,82.8,.8,5.06
108,서울,2022-08-14,27.6,24.5,31.5,3,1.9,83,2.2,13.95
108,서울,2022-08-15,28.1,26.6,29.8,.9,4.8,83,0,6.28
108,서울,2022-08-16,26.7,24.1,30,0,2.6,75.4,9.2,23.34
108,서울,2022-08-17,26,22.8,30.5,0,2,76.6,6,17.1
108,서울,2022-08-18,25.6,22.4,29.8,,1.9,75.8,2.6,12.57
108,서울,2022-08-19,26,23.3,27.5,66.1,2.3,86.1,0,5.56
108,서울,2022-08-20,28.2,25.7,32,0,2.4,80,9.6,23.65
108,서울,2022-08-21,28.1,24.7,32,,1.7,75.3,5.5,16.37
108,서울,2022-08-22,26.8,22.9,30.2,3.2,2.3,75.6,1.5,11.71
108,서울,2022-08-23,25.4,22.4,30.2,2.2,2,75,7.1,20.42
108,서울,2022-08-24,24.8,22.4,27.9,,2.5,66.9,2,12.34
108,서울,2022-08-25,22.2,21.1,24,1.6,1.8,78,0,4.5
108,서울,2022-08-26,23.8,19.9,28.4,,2.4,75.3,7.8,19.91
108,서울,2022-08-27,21.5,17.6,25.5,17.6,2.8,63.1,12.4,27.09
108,서울,2022-08-28,22.6,16.1,28.4,,1.7,59.4,12.1,24.53
108,서울,2022-08-29,21,19.5,22.5,2.2,2.3,74,0,5.97
108,서울,2022-08-30,19.1,17.9,20.3,35.8,2.6,96.3,0,3.06
108,서울,2022-08-31,21.7,19.6,24.9,0,1.8,83.3,2.5,10.32
108,서울,2022-09-01,24,18.3,30.4,,1.7,70.8,12.1,25.02
108,서울,2022-09-02,24.7,20.3,29.8,,3.1,61.8,11.6,24.51
108,서울,2022-09-03,24.2,20.5,29.2,,3.4,63,4.5,16.39
108,서울,2022-09-04,22.3,19.8,24,33.8,3.1,88.6,0,3.54
108,서울,2022-09-05,19.2,17.7,22.7,120,3.2,95.9,0,1.61
108,서울,2022-09-06,21,17,26.3,25.3,3.6,78,8.4,20.76
108,서울,2022-09-07,22.8,17.9,28.1,,1.9,65.3,11.9,24.4
108,서울,2022-09-08,23.2,16.7,29.5,,1.6,65.5,11.8,23.96
108,서울,2022-09-09,24.3,18.9,30.8,,2,59.1,11.1,23.91
108,서울,2022-09-10,23.6,19,28.4,,2.6,52.3,6.5,18.76
108,서울,2022-09-11,23.3,20.6,26.4,.1,2.1,68.6,1.8,10.27
108,서울,2022-09-12,23.8,20.3,27.5,,1.6,76.1,3.5,13.15
108,서울,2022-09-13,24.3,21.8,26.4,0,2.5,73,.1,7.38
108,서울,2022-09-14,24.6,22.7,27.9,0,4.6,56.9,1.1,10.09
108,서울,2022-09-15,25.2,22,28.3,.1,3.6,66.9,3.4,12.29
108,서울,2022-09-16,25.7,23.4,29.9,14.6,2.9,78.6,1.8,10.4
108,서울,2022-09-17,25.6,23.3,29.4,4.3,1.4,83.1,3.8,11.31
108,서울,2022-09-18,27.1,23,32.5,,2,75.3,5.7,15.9
108,서울,2022-09-19,24.6,19.5,29.6,,3.3,63.1,6.9,18.62
108,서울,2022-09-20,19.9,16.1,24.6,,2.3,57,9.7,18.93
108,서울,2022-09-21,19.4,13,25.6,,1.8,56.9,11,22.18
108,서울,2022-09-22,19.8,14.2,24.7,,2,60.1,7.4,17.9
108,서울,2022-09-23,17.5,14.7,22.2,3.3,3.1,68.9,7.9,16.53
108,서울,2022-09-24,18.5,12.3,24.2,,1.8,64.6,10.7,21.67
108,서울,2022-09-25,19.6,15.4,25.2,,1.6,63.3,7.8,17.94
108,서울,2022-09-26,20,14.8,25.4,,1.7,58.5,8.7,18.48
108,서울,2022-09-27,20.9,14,28,,1.6,59,11.2,21.17
108,서울,2022-09-28,20.4,16.1,26.1,,1.8,71,5,12.51
108,서울,2022-09-29,20.4,16.4,26.5,,1.4,73.5,7.9,17.37
108,서울,2022-09-30,20.7,14.8,27.7,,1.6,68,10.6,19.27
112,인천,2022-05-20,18.4,15.2,22.3,,2.6,59.1,9.9,24.91
112,인천,2022-05-21,17.1,14.5,20.1,,2.6,81.3,8.9,26.01
112,인천,2022-05-22,17.3,13.9,20.8,,2.6,79.5,9.9,26.16
112,인천,2022-05-23,19.5,16.3,24.2,,2.4,75.4,11.9,26.59
112,인천,2022-05-24,20.1,15.7,25.9,,2.1,66.4,0,.05
112,인천,2022-05-25,17.9,15.4,21.7,2,2.7,81.8,7.9,21.92
112,인천,2022-05-26,16.5,13.7,19.9,,3.6,68.8,13.5,30.17
112,인천,2022-05-27,17.5,14.5,20.3,,3.3,71.4,13.3,29.49
112,인천,2022-05-28,19.8,15.1,25.2,,3.1,69.3,12.6,27.15
112,인천,2022-05-29,20,17.1,24.9,,2.7,74,6.5,19.52
112,인천,2022-05-30,18.9,16.5,21.6,0,2.4,75.8,.2,9.14
112,인천,2022-05-31,18.7,14.2,22.8,,2.8,54.1,13,28.03
112,인천,2022-06-01,20.4,16.5,25.4,,3.1,48.5,13.7,30.01
112,인천,2022-06-02,19.5,16.6,23.5,,2.4,76.1,9.1,24.49
112,인천,2022-06-03,21.3,18.4,26,,2.2,72,10.6,26.39
112,인천,2022-06-04,22.8,17.9,26.9,,1.9,72.5,4.6,17.42
112,인천,2022-06-05,21.9,20.3,25.5,.5,2.7,60,.9,9.25
112,인천,2022-06-06,19.6,16.5,23.6,1.6,3.3,65.4,5,19.73
112,인천,2022-06-07,19.9,15.5,24.7,0,2.9,54.9,9.6,26.67
112,인천,2022-06-08,19.9,17.2,23.7,,2.6,70.1,11.2,24.89
112,인천,2022-06-09,20.1,17.7,24.2,.4,1.9,76,6.3,19.91
112,인천,2022-06-10,20,17.6,24.3,4.4,2.1,77.5,4.4,12.98
112,인천,2022-06-11,23.9,17.7,29.2,,2.8,61.1,12.2,28.12
112,인천,2022-06-12,22.9,19.9,27.5,,2.5,63,10.5,24.47
112,인천,2022-06-13,22.7,18.9,28.9,0,2.5,67.8,7.5,18.65
112,인천,2022-06-14,21.8,18.2,27.6,.1,3.6,50.1,5.6,15.01
112,인천,2022-06-15,17.3,14.9,20,19.7,2.3,90.5,0,6.18
112,인천,2022-06-16,19.2,17,22.3,2.7,2.6,78.5,8.5,24.66
112,인천,2022-06-17,21.2,17.3,25.1,,1.9,79.9,.1,13.56
112,인천,2022-06-18,22,20.5,24.5,,2.1,82.9,1.8,11.93
112,인천,2022-06-19,22.4,21.2,24.3,,2,83.6,0,9.3
112,인천,2022-06-20,23.4,21,27.6,0,1.7,81.8,6.2,19.79
112,인천,2022-06-21,23.2,19.6,27.8,,2,81,10.5,26.94
112,인천,2022-06-22,22.9,20.4,26.6,,2,81.4,2.5,15.66
112,인천,2022-06-23,22.3,20.4,25.2,92.3,3.8,92.4,0,3.03
112,인천,2022-06-24,20.8,19.3,22.8,8.4,3.7,94.9,2.5,10.96
112,인천,2022-06-25,23.7,19.9,26.4,,3.4,87.3,2.4,14.89
112,인천,2022-06-26,25.1,23.5,26.6,0,4.5,85.6,.1,6.2
112,인천,2022-06-27,25.8,24.5,27.3,2.3,5.2,83.8,.1,5.47
112,인천,2022-06-28,25.1,24.1,26.3,2.6,7.2,85.9,0,2.94
112,인천,2022-06-29,23.7,23.1,24.5,24.9,5.4,95.8,0,3.66
112,인천,2022-06-30,22.6,21.2,24.4,126.1,2.7,97,0,2.79
112,인천,2022-07-01,25.6,23.6,28.1,,2.9,86,11,27.75
112,인천,2022-07-02,26.5,23.4,30.6,,2,80.8,12.3,27.19
112,인천,2022-07-03,27.1,23,31.3,,2.1,72.6,11.5,26.99
112,인천,2022-07-04,27.3,24.3,30.9,,1.7,71.4,4.4,19.17
112,인천,2022-07-05,27.3,24.4,31.1,0,2.1,74.8,10.1,24
112,인천,2022-07-06,29,25.2,33.2,,2,72.5,5.1,20.77
112,인천,2022-07-07,27.6,25,30,.5,4.3,78.5,.5,8.67
112,인천,2022-07-08,24.4,23.4,26.8,0,2.9,88.6,1.6,12.63
112,인천,2022-07-09,25.3,22.7,28.5,,1.8,82.8,9.1,24.44
112,인천,2022-07-10,26.7,23.7,31,,1.9,75.1,7.5,23.73
112,인천,2022-07-11,26.7,24.3,29.2,,2.3,69.9,10.2,25.61
112,인천,2022-07-12,26.7,24.4,29.2,,2.2,72.1,.5,12.13
112,인천,2022-07-13,24.4,23.5,27.2,168,3.6,93.4,0,1.6
112,인천,2022-07-14,24,22.2,27.7,.5,2.8,87.9,8,24.69
112,인천,2022-07-15,24.3,22.1,27,,2.8,84.6,10.9,27.06
112,인천,2022-07-16,24.4,22.9,27.4,,2.9,83.6,7.7,24.04
112,인천,2022-07-17,24.6,22.6,27.3,,2.7,83.8,5.8,22.27
112,인천,2022-07-18,25.9,23.6,30,,1.9,78.8,3.4,15.95
112,인천,2022-07-19,25.8,24,28.4,,2.5,81.1,10.1,26.18
112,인천,2022-07-20,25.8,24.2,28.7,.7,2.4,80.4,3.9,18.37
112,인천,2022-07-21,23.2,20,26.8,12.8,3.7,83.8,1.6,11.98
112,인천,2022-07-22,24.8,23.1,26.9,,2.8,82.6,5.6,19.77
112,인천,2022-07-23,24.2,22.5,26.7,11.6,2.2,84.5,.1,9.17
112,인천,2022-07-24,24.5,22.4,27.4,.4,2.2,87.8,.4,8.72
112,인천,2022-07-25,25.8,22.5,29.5,,2.4,79,12.8,28.28
112,인천,2022-07-26,27.5,24.1,31.5,,1.9,74.6,11.3,25.38
112,인천,2022-07-27,27.8,25.1,31.2,,2.2,72.6,5.4,18.93
112,인천,2022-07-28,28.4,25.1,32.4,,2.5,64.5,9.5,23.22
112,인천,2022-07-29,29.3,26.9,32.8,,2.5,71,8.6,23.62
112,인천,2022-07-30,31.1,27.8,35.2,0,2.4,61.8,9.5,23.02
112,인천,2022-07-31,27.2,25.2,29.6,20.7,2.6,82.4,.1,5.5
112,인천,2022-08-01,27.7,24.9,31.3,31.3,3.1,85,2.8,15.74
112,인천,2022-08-02,25.5,24.5,26.3,148.2,5.1,95.8,0,2.88
112,인천,2022-08-03,26.3,24.7,28.1,51.1,3.4,94.6,3.9,16.87
112,인천,2022-08-04,27.3,25.3,30,,2.3,88.1,9.4,23.36
112,인천,2022-08-05,27.8,26.3,30,0,2.8,87,8.3,23.27
112,인천,2022-08-06,27.7,26.6,30.1,0,2.3,88.4,1.9,12.41
112,인천,2022-08-07,28.1,26.9,30,0,3.8,85.6,1.3,10.97
112,인천,2022-08-08,26.2,24.4,27.8,207.8,5,93,0,2.02
112,인천,2022-08-09,24.2,21,26,113.1,3.2,97.4,0,1.95
112,인천,2022-08-10,22.7,20.2,25,6.3,2,90.6,3.7,15.67
112,인천,2022-08-11,23.5,21.6,25.2,19.4,1.9,90.8,1.4,10.3
112,인천,2022-08-12,25.1,22.3,28.1,,1.8,81.8,11.9,25.43
112,인천,2022-08-13,24.6,23.2,26.2,6.5,2.1,86.3,1.7,5.59
112,인천,2022-08-14,26.8,24.3,30,1.4,2.2,86.3,4.8,18.17
112,인천,2022-08-15,27.2,25.6,29,0,6.1,86.8,.1,9.03
112,인천,2022-08-16,25,23,27.6,0,2.7,79.9,11,25.95
112,인천,2022-08-17,25.2,22.8,28,,1.9,77,10.7,23.36
112,인천,2022-08-18,25,22.9,27.6,,2.3,76.5,7.5,19.99
112,인천,2022-08-19,25.7,23.6,27.5,11.3,3.9,86.4,.2,5.73
112,인천,2022-08-20,26.7,24.2,29.5,,2.4,82.1,9.4,21.29
112,인천,2022-08-21,27,24.7,30.1,,1.8,78.9,9,22.34
112,인천,2022-08-22,26.2,23.7,28.6,0,2.8,78,3.6,15.69
112,인천,2022-08-23,24.4,22,27.9,2.8,2.8,72.3,7.4,21.45
112,인천,2022-08-24,24.5,21.6,27.7,,2.6,65.9,2.8,13.87
112,인천,2022-08-25,22.4,21.2,23.5,1.6,2.1,74.1,0,5.03
112,인천,2022-08-26,23.7,21,26.5,,2.6,74.5,9.2,21.86
112,인천,2022-08-27,21.4,18.5,24.6,0,3.6,55.3,11.6,26.09
112,인천,2022-08-28,22.4,16.9,27,,2.2,57.8,11.7,25.52
112,인천,2022-08-29,20.8,19.1,22.5,1,2.6,70.3,0,6
112,인천,2022-08-30,19,18,20.6,34.1,2.4,92.8,0,3.15
112,인천,2022-08-31,21.5,18.8,24.9,,1.9,81.8,2.1,10.65
112,인천,2022-09-01,23.9,19.6,28.3,,2.2,71.9,11.6,24.04
112,인천,2022-09-02,25.1,21.4,29,,2.6,57.6,10.8,23.55
112,인천,2022-09-03,24.5,21.2,28.8,,3.1,57.3,5.9,17.95
112,인천,2022-09-04,22.9,22.1,24.9,27.1,3.7,82.5,0,3.75
112,인천,2022-09-05,18.5,17.3,22.1,95.5,4.5,92.8,0,1.76
112,인천,2022-09-06,20.9,16.6,25.2,25.5,4.8,77.9,9.4,21.6
112,인천,2022-09-07,22.6,19,25.9,,2.2,65.4,11.5,23.82
112,인천,2022-09-08,22.4,18.7,26.8,,1.9,72.6,11,22.72
112,인천,2022-09-09,24.1,19.3,28.7,,2,67.6,9.9,22.32
112,인천,2022-09-10,23.7,20.3,28.1,,2.1,43.8,6.6,17.81
112,인천,2022-09-11,22.7,21.2,26,0,1.9,69.4,.8,8.85
112,인천,2022-09-12,23.2,20,26.3,,1.8,78.1,3.3,12.96
112,인천,2022-09-13,24.3,21.6,27,0,2.4,71.3,.1,8.68
112,인천,2022-09-14,24.4,22.3,27.8,0,4.2,55.3,.9,9.37
112,인천,2022-09-15,25.6,22.3,28.1,,2.9,60.3,2.3,12.06
112,인천,2022-09-16,25.3,22.5,29.5,14.9,3.6,75.1,1.7,10.74
112,인천,2022-09-17,24.5,22.4,28.2,.5,1.9,84.4,6.5,16.66
112,인천,2022-09-18,25.8,22,30.7,,3,74.1,8.3,18.56
112,인천,2022-09-19,23.2,18.6,27.8,,4.3,62.9,8,19.12
112,인천,2022-09-20,19.1,15.3,23.6,,2.8,51.4,9.6,18.44
112,인천,2022-09-21,18.6,13.2,23.3,,2.4,57.3,10.4,19.71
112,인천,2022-09-22,19.7,15.4,23.4,,2.4,58.1,8.9,18.99
112,인천,2022-09-23,17.8,14.8,21.2,4.3,3.9,67.4,7.2,16.03
112,인천,2022-09-24,18.7,13.6,23.1,,2.4,63.4,10.2,20.89
112,인천,2022-09-25,20,17,24,,1.8,67.4,7.9,17.53
112,인천,2022-09-26,19.8,16.6,24.5,,1.9,63.8,9.3,17.84
112,인천,2022-09-27,20.4,15.9,25.8,,1.7,71.8,10.8,19.4
112,인천,2022-09-28,20.1,17.2,24.5,,1.4,76.8,5.1,12.67
112,인천,2022-09-29,19.7,16.7,23.7,,1.6,80.1,9.7,18.73
112,인천,2022-09-30,19.8,16.5,25,,1.6,80.5,10.6,18.03
114,원주,2022-05-20,19.2,13.9,25.1,0,.9,48.8,9.6,23.69
114,원주,2022-05-21,20,13.4,25.6,,1.3,59.4,10.1,23.17
114,원주,2022-05-22,20.2,14.9,26.5,,1.2,64.6,7.2,21.79
114,원주,2022-05-23,22.3,15.4,28.5,,1.2,60.9,10.6,26.71
114,원주,2022-05-24,22.8,16.1,29.7,,1,47.5,12.4,27.71
114,원주,2022-05-25,21.4,15.3,27.6,0,1.5,51.9,10.8,24.54
114,원주,2022-05-26,18.6,14.3,23.8,6.2,2,52,10.8,25.16
114,원주,2022-05-27,19.5,16,24.2,,2.4,52.3,8.2,20.03
114,원주,2022-05-28,21.2,12.6,29.5,,1.4,49,13.2,27.68
114,원주,2022-05-29,21.9,13.7,29.4,,.9,49.1,13.2,27.94
114,원주,2022-05-30,20.1,16.9,25.1,0,1.1,66.6,.6,9.51
114,원주,2022-05-31,20.1,12.9,26.9,,1.3,45,13,28.49
114,원주,2022-06-01,21.4,12.8,29.2,,1.4,35,13.6,30.51
114,원주,2022-06-02,21.4,13,28,,1.1,48.9,13.3,28.65
114,원주,2022-06-03,23.9,17.7,31.7,,1.3,53.9,10.8,27.79
114,원주,2022-06-04,24.1,18.7,28.8,,1.4,50.3,8.4,21.41
114,원주,2022-06-05,21.1,19.6,24,0,1.4,55.3,0,4.12
114,원주,2022-06-06,17.7,14.1,22.2,6.7,1.8,67.8,4.9,14.13
114,원주,2022-06-07,17.8,11.7,22.9,,.9,59.1,4.6,16.26
114,원주,2022-06-08,19.9,14.6,25,,1,56.9,6.2,21.83
114,원주,2022-06-09,20.3,17,24.8,0,.8,67,2.1,14.42
114,원주,2022-06-10,22.1,16.2,28.3,0,1.1,62.1,8.6,24.12
114,원주,2022-06-11,22.4,16.5,30.2,1.9,1.1,59.1,9,23.42
114,원주,2022-06-12,22.7,15.7,28.1,,1.1,55.3,7.3,23.31
114,원주,2022-06-13,23.6,20.3,28.6,,1.8,47.9,9.7,24.24
114,원주,2022-06-14,19.7,16.8,23.9,0,2.1,53,4,15.02
114,원주,2022-06-15,17.3,14.1,21.1,16.2,.9,86.5,.5,7.04
114,원주,2022-06-16,19.4,17,23.1,.4,1.3,73.6,3,12.66
114,원주,2022-06-17,21.8,14.8,28.2,,1,71.3,8.9,24.36
114,원주,2022-06-18,24,20.4,27.8,,1.1,70.1,6.1,18.25
114,원주,2022-06-19,24,21.9,26.5,,1,70.4,.6,9.52
114,원주,2022-06-20,25.6,21,30.7,,.9,66.1,8,22.86
114,원주,2022-06-21,27.6,20.8,34.2,,1.1,59.4,13,28.15
114,원주,2022-06-22,26.7,22.2,31.6,,1.2,59.6,9.4,24.63
114,원주,2022-06-23,24.8,21.4,29.6,40.7,1.5,77.5,1.2,7.55
114,원주,2022-06-24,24,21.2,27.6,34.7,1.9,77.3,2.7,12.3
114,원주,2022-06-25,25.7,19.2,32,1.9,1.2,68.8,9.2,24.14
114,원주,2022-06-26,26.8,23.2,29.7,0,1,73.3,1,8.57
114,원주,2022-06-27,27.5,25.5,30.3,8.3,1.3,69.9,.5,10.88
114,원주,2022-06-28,28.6,27.2,30.3,0,3,59.8,1.1,9.41
114,원주,2022-06-29,25.6,23.5,28.3,47.1,1.9,82.3,.7,8.74
114,원주,2022-06-30,22.7,21.5,25.6,68.8,.9,91.3,.1,5.55
114,원주,2022-07-01,26.6,21,32,,.8,72.9,11.9,27.5
114,원주,2022-07-02,27.7,22.2,32.8,,.9,69.9,11.2,25.56
114,원주,2022-07-03,28.3,22.6,33.6,,1.1,65.3,12.1,27.55
114,원주,2022-07-04,26.9,24.2,33.5,17.2,1,75.5,8,21.01
114,원주,2022-07-05,26.8,23.7,33,.5,1,77.9,5.7,21.03
114,원주,2022-07-06,28.5,23.9,32.7,0,1,70,6.3,19.06
114,원주,2022-07-07,29.1,27,32.3,.4,2,68.3,5.6,16.2
114,원주,2022-07-08,26.6,24.6,29.1,2.4,1.2,74.6,1.4,11.84
114,원주,2022-07-09,26.5,23.5,30.6,0,.8,75.4,3.7,14.15
114,원주,2022-07-10,28,23,33.7,7.9,.9,71.3,8.7,24.6
114,원주,2022-07-11,24.7,22,28.9,49.6,1,80.8,5.4,17.92
114,원주,2022-07-12,25.8,20.9,29.8,0,.9,72.8,4.7,17.33
114,원주,2022-07-13,24,22.7,26.5,82.9,1.4,83.1,0,2.85
114,원주,2022-07-14,24.8,23,28.5,5.2,.9,83.1,3.2,10.74
114,원주,2022-07-15,25.4,21.5,30,,1.1,70.6,8.1,22.41
114,원주,2022-07-16,24.2,20.7,27.2,.3,.9,74.4,5.1,14.96
114,원주,2022-07-17,24.6,21.8,28.4,0,.9,74,3.9,15.07
114,원주,2022-07-18,24.5,21.4,28.5,0,.8,76.9,.8,10.24
114,원주,2022-07-19,25.9,22.3,30.4,,1.1,71.6,5.5,19.56
114,원주,2022-07-20,26.4,23.9,30.3,.8,1,71.3,5.3,18.39
114,원주,2022-07-21,22,20.6,24,12.3,1.3,89.6,0,5.05
114,원주,2022-07-22,22.8,21.1,28.4,23.4,.8,85.3,2.2,12.55
114,원주,2022-07-23,23.6,20.5,27.5,29.3,.8,82.4,.9,12.12
114,원주,2022-07-24,24.6,21.7,28.1,3.9,1.2,80.3,2.2,13.7
114,원주,2022-07-25,26.7,23.1,31.7,0,1,73,9.4,24.5
114,원주,2022-07-26,27.4,22.2,33.3,0,.9,69.9,11.9,26.34
114,원주,2022-07-27,27,23.4,31.2,,1,68.9,6.7,20.28
114,원주,2022-07-28,27.7,21.7,32.6,,1.6,67.1,12.3,24.62
114,원주,2022-07-29,29.5,24.3,34.7,0,1.3,63.3,11.6,25.56
114,원주,2022-07-30,29.1,24.6,34.1,0,1.2,65.3,7.4,19.45
114,원주,2022-07-31,26.5,25.4,29,2.8,1.1,79,0,5.81
114,원주,2022-08-01,28.2,24.7,31.3,12.1,1.9,71.8,3,14.75
114,원주,2022-08-02,27.8,25.4,30.4,.8,1.5,75.8,2.6,13.23
114,원주,2022-08-03,26.5,24.2,29.5,60.2,.7,84.3,1.7,6.91
114,원주,2022-08-04,28.4,25,32.4,.2,1.1,71.8,8.6,22.25
114,원주,2022-08-05,28.7,25.3,31.8,1.9,.9,73.9,6.6,17.79
114,원주,2022-08-06,28.8,26.5,31.9,,.9,74.3,6.1,17.1
114,원주,2022-08-07,28.7,26.1,31.9,.1,1,74.5,3.7,15.65
114,원주,2022-08-08,26.4,24,28.8,35.3,1.2,83,0,2.78
114,원주,2022-08-09,25.8,24.2,27.7,121,1.2,85.5,0,4.84
114,원주,2022-08-10,23.7,22.6,25.9,58.9,.8,88.8,.1,6.02
114,원주,2022-08-11,23.8,22.6,25.2,62.5,.6,92.8,0,2.71
114,원주,2022-08-12,26.3,23.4,30.9,.1,.8,73.5,9.8,24.51
114,원주,2022-08-13,24.5,22.5,26.6,4.3,.6,86.8,1,5.39
114,원주,2022-08-14,25.7,23.7,29.7,7.7,.6,86.9,1.7,10.72
114,원주,2022-08-15,27.4,24.4,30.3,4.2,1.9,76.9,.2,9.5
114,원주,2022-08-16,26.6,23.4,30.5,0,1.6,69.3,9.3,21.95
114,원주,2022-08-17,24.3,21.1,30.8,14.3,1,78.1,6.3,16.45
114,원주,2022-08-18,24.4,20.8,29.2,,.8,73,5.3,18.69
114,원주,2022-08-19,24.8,21.1,27.5,48.5,1,81.1,1.8,10.36
114,원주,2022-08-20,27.8,24.9,31.8,16.2,1.1,76.1,9,21.85
114,원주,2022-08-21,26.8,23.3,31.7,,1,69.8,9.8,20.32
114,원주,2022-08-22,26,22.2,29.7,0,.8,70.1,5.8,15.76
114,원주,2022-08-23,23.5,21.8,26.4,1.4,.6,84.1,2.3,5.96
114,원주,2022-08-24,23.2,20.9,25.6,,1,67.1,.2,8.93
114,원주,2022-08-25,21.3,18.8,24.3,0,.7,77.4,.5,8.22
114,원주,2022-08-26,22.8,18.7,27.1,,1,70.3,8,19.4
114,원주,2022-08-27,21.3,17,25,0,1.5,57.5,11.2,25.66
114,원주,2022-08-28,21.1,14.2,27.8,,1,60,12.1,24.99
114,원주,2022-08-29,19.4,18.4,21.6,2,.9,78.4,0,4.71
114,원주,2022-08-30,18.4,16.7,19.9,54.3,.8,93.1,0,2.97
114,원주,2022-08-31,20.7,18.8,23.5,6.3,.5,85.3,.2,6.57
114,원주,2022-09-01,22.2,17.8,28.2,,.7,75.6,8.4,20.58
114,원주,2022-09-02,22.7,16.9,28.8,,1.1,61.8,10.5,22.74
114,원주,2022-09-03,23,18.9,28.2,0,1.3,60,4.7,15.29
114,원주,2022-09-04,22.7,20,26.6,8.5,1.3,80.8,0,5.66
114,원주,2022-09-05,21.2,18,23.3,64.8,1.1,92.6,0,2.27
114,원주,2022-09-06,20.1,17.2,25.1,44.9,1.9,76.3,5.1,13.62
114,원주,2022-09-07,20.6,15.6,26.8,,.8,66.1,10.1,23.14
114,원주,2022-09-08,20.9,14.1,28.2,,.7,68.6,11.5,23.56
114,원주,2022-09-09,21.5,15.7,28.8,,.7,61.5,9.5,22.11
114,원주,2022-09-10,20.8,15.3,26.8,,.7,59.3,4.9,15.2
114,원주,2022-09-11,22.3,18.4,26.6,0,.8,69.4,1.7,11.95
114,원주,2022-09-12,22.9,19.7,27.5,0,.7,76.8,2.5,9.85
114,원주,2022-09-13,23.7,20.5,27.9,0,.9,71,1,10.65
114,원주,2022-09-14,23.3,19.9,26.9,0,1.9,53.9,1.4,10.48
114,원주,2022-09-15,24.3,18.6,29.3,,1.2,63.1,8.5,17.32
114,원주,2022-09-16,26.2,22.8,30.1,,2.5,63.1,8.1,18.91
114,원주,2022-09-17,26.9,23.4,31.3,,.9,71.3,8,19.59
114,원주,2022-09-18,26.1,23.5,29.8,0,1.3,72.8,.4,9.87
114,원주,2022-09-19,22.4,16.3,26.5,,2.7,62.8,3.9,13.91
114,원주,2022-09-20,17.5,13.7,22.7,,.9,63.3,8.4,18.28
114,원주,2022-09-21,17.3,11.5,23.5,,1,60.6,11,22.07
114,원주,2022-09-22,17.6,10.9,23.6,,1,60.6,10.1,19.16
114,원주,2022-09-23,16.8,12.7,23.7,.1,1.2,67,8,15.89
114,원주,2022-09-24,15.9,9.7,22.5,,.7,64,10.6,21.01
114,원주,2022-09-25,16.4,11.7,22.7,,.6,67,4.3,13.12
114,원주,2022-09-26,17.6,12.8,24.1,,.6,66.3,7.1,16.83
114,원주,2022-09-27,18.6,11.2,26.5,,.5,68.8,10.7,20.43
114,원주,2022-09-28,18.1,13.2,24.7,,.6,74.3,7.1,13.93
114,원주,2022-09-29,18.4,13.4,25.8,,.6,76.4,8.5,18.03
114,원주,2022-09-30,18.5,13.7,26.5,,.6,68.8,8.8,18.54
115,울릉도,2022-05-20,21.5,18.2,25.6,,3.9,37.5,10.6,24.48
115,울릉도,2022-05-21,20,16.8,24.9,,3.5,64.9,12.6,28.54
115,울릉도,2022-05-22,20.4,15.9,25.2,0,3.5,56.9,4.9,15.72
115,울릉도,2022-05-23,19.8,15.6,24.6,,2.5,52.8,12.9,30.57
115,울릉도,2022-05-24,20.9,17.5,24.4,,4.9,62.5,12.6,27.45
115,울릉도,2022-05-25,21.4,18.2,25.9,,4.6,72.5,12.3,28.25
115,울릉도,2022-05-26,18.8,15.8,21.9,1.7,3.3,74.6,9,27.68
115,울릉도,2022-05-27,18.9,16,23.2,,4.3,56.8,7.7,26.44
115,울릉도,2022-05-28,23.6,15.9,29.4,,5.6,43.3,12.9,30.57
115,울릉도,2022-05-29,24.3,19.9,29.2,,2.9,36.3,12.4,30.4
115,울릉도,2022-05-30,20.3,17.7,23.5,,2.1,70.4,1.7,16.15
115,울릉도,2022-05-31,18.9,16.3,23,,5.1,61.5,12.6,31.61
115,울릉도,2022-06-01,22.4,17.5,27.4,,3.9,47.9,12.3,29.77
115,울릉도,2022-06-02,22.6,18.9,26.4,,2.3,44.1,13.1,30.7
115,울릉도,2022-06-03,18.2,15.6,21.7,,3.7,87.9,8.7,26.85
115,울릉도,2022-06-04,17.1,15.2,20.1,,1.9,84.3,2.2,11.79
115,울릉도,2022-06-05,17.1,16,18.1,.3,2.1,92.8,0,3.57
115,울릉도,2022-06-06,14.6,12.8,16.9,65.2,6.3,100,0,1.25
115,울릉도,2022-06-07,13.5,12.4,15.7,1.8,4.2,88,1.1,11.89
115,울릉도,2022-06-08,14.6,12.3,17.8,0,2.8,86.6,4.4,20.27
115,울릉도,2022-06-09,17.1,14.2,20.1,,1.9,90.1,3.8,20.7
115,울릉도,2022-06-10,19.4,16.6,23.7,,1.9,87.8,7.7,25.33
115,울릉도,2022-06-11,17.8,16.2,19.9,,3.4,93.6,3.3,16.7
115,울릉도,2022-06-12,17.3,15.7,19.9,,2.9,88.4,4.9,21.24
115,울릉도,2022-06-13,17.2,15.3,20.1,,3.1,87.6,2.5,16.46
115,울릉도,2022-06-14,16.4,15.4,17.7,15.4,4.8,91.8,.2,7.4
115,울릉도,2022-06-15,18.7,16.3,21.3,26.9,2.5,91.8,5.8,20.58
115,울릉도,2022-06-16,19.5,15.9,22.8,,1.7,89.9,7.3,24.96
115,울릉도,2022-06-17,23,18.3,27.7,,3.2,64,13.1,31.22
115,울릉도,2022-06-18,23.9,20.8,27.7,,2.1,75.6,11.5,27.52
115,울릉도,2022-06-19,24.2,20.7,28,,1.4,75.8,12.3,28.55
115,울릉도,2022-06-20,23.1,20.3,27.5,,2.3,87.3,10.6,27.63
115,울릉도,2022-06-21,23.7,20.8,26.5,,2,84.5,7.3,22.71
115,울릉도,2022-06-22,23.7,20.8,28.3,,3.2,91.5,9,27
115,울릉도,2022-06-23,22.6,21.4,26.6,0,6.4,97.4,3.8,11.13
115,울릉도,2022-06-24,23.5,21,26.6,17.3,9.3,86.3,5.1,18.87
115,울릉도,2022-06-25,24.5,22.3,29.7,,8.8,76.6,11.7,28.51
115,울릉도,2022-06-26,25,22.7,27.1,,9.6,81.3,6.5,18.76
115,울릉도,2022-06-27,23.9,22,26.2,37.3,7.2,93,.3,5.92
115,울릉도,2022-06-28,22.4,21.9,22.8,.1,10.2,99.8,0,4.53
115,울릉도,2022-06-29,23.1,21.9,26.3,,10,97.1,2.7,14.72
115,울릉도,2022-06-30,25.9,23,30.4,,6.8,82.4,9.8,29.66
115,울릉도,2022-07-01,27.2,23.8,30.4,,3,73.8,12.8,30.88
115,울릉도,2022-07-02,26.6,22.9,30.6,,3.5,70.8,12.8,30.68
115,울릉도,2022-07-03,27.3,24.2,31.4,,4.2,72.3,8.3,24.02
115,울릉도,2022-07-04,27.3,24.2,31.3,,4.3,78.9,10.1,26.84
115,울릉도,2022-07-05,25.6,23.3,29.2,,2.2,87.1,4.5,18.56
115,울릉도,2022-07-06,25.4,22.6,28.3,,1.3,90.4,8.8,23.19
115,울릉도,2022-07-07,24.3,23.3,25.2,,2.2,98,0,3.16
115,울릉도,2022-07-08,26.6,24.1,31.7,2.9,4.2,89.8,4.4,17.7
115,울릉도,2022-07-09,25.8,23.4,28.8,,2.1,88.5,8.1,24.7
115,울릉도,2022-07-10,24.8,22.7,28.5,0,3.2,92.4,8.7,26.34
115,울릉도,2022-07-11,23.5,21.6,24.2,37,2.7,98,0,1.83
115,울릉도,2022-07-12,22.1,20.4,25.4,0,4.5,88.1,5,21.83
115,울릉도,2022-07-13,22.2,20.5,24.6,6.2,1.7,93.3,.7,11.21
115,울릉도,2022-07-14,23.6,20.8,28.4,14.8,2.5,89.3,6.1,20.4
115,울릉도,2022-07-15,22.8,20,25.8,.1,1.9,92.5,10.2,24.95
115,울릉도,2022-07-16,23.7,22,26.4,,1.3,93.4,4.4,16.7
115,울릉도,2022-07-17,24.4,22,28.4,,1.8,93.3,3.6,17.28
115,울릉도,2022-07-18,23.8,21.8,26.1,0,3.4,90.4,1.4,8.82
115,울릉도,2022-07-19,24.3,22.1,27.7,0,3.1,89.9,8.5,25.3
115,울릉도,2022-07-20,25.4,23.1,27.6,,1.5,93.9,1.4,13.93
115,울릉도,2022-07-21,22.3,21,24.4,54.7,2.6,96.5,0,1.27
115,울릉도,2022-07-22,21.4,19.9,23.4,26.2,4.3,93.5,.9,11.24
115,울릉도,2022-07-23,21.8,20.4,24.1,0,1.3,89.1,.4,8.6
115,울릉도,2022-07-24,22.1,20.3,23.5,10.9,1.4,99,0,2.42
115,울릉도,2022-07-25,24.3,22.3,27.3,,1.1,93.6,7.2,22.12
115,울릉도,2022-07-26,23.7,21.2,26.7,,2.1,91.1,6.2,21.13
115,울릉도,2022-07-27,24,22.2,26.8,,2.3,91.4,6.9,20.31
115,울릉도,2022-07-28,24.1,22.2,25.2,0,2.2,96.5,.2,7.55
115,울릉도,2022-07-29,25.8,24,28.9,0,2,93.3,7.1,23.49
115,울릉도,2022-07-30,27.2,24.1,30.5,0,1.8,84.6,8.4,24.88
115,울릉도,2022-07-31,27.3,26,30.2,0,2.2,87.3,1.2,14.35
115,울릉도,2022-08-01,27.6,25.8,30.6,,3.8,87.9,6,23.79
115,울릉도,2022-08-02,26,25.5,26.9,.5,6.6,95.6,.2,6.11
115,울릉도,2022-08-03,28.3,25.9,32.2,,5.5,77.1,7.7,19.78
115,울릉도,2022-08-04,28,25.6,31.3,0,1.5,78.9,4.3,15.65
115,울릉도,2022-08-05,28.1,25.4,31,,2.5,81.1,8.1,22.63
115,울릉도,2022-08-06,29.3,26.4,32.3,,2.4,74.5,11.6,25.99
115,울릉도,2022-08-07,29,26.5,32.8,,3.5,84.6,10.6,25.14
115,울릉도,2022-08-08,27.6,26.8,29,0,8.3,80.6,0,7.17
115,울릉도,2022-08-09,26.8,25.5,29.8,0,7,82.6,1.7,12.91
115,울릉도,2022-08-10,24.6,23.3,26.9,9.7,5.6,94.3,.4,7.45
115,울릉도,2022-08-11,23.8,23,25,50,6.3,97.8,0,3.01
115,울릉도,2022-08-12,26.3,23.2,29.6,,2.3,82.5,11.8,27.8
115,울릉도,2022-08-13,25.1,23,27.1,1.8,2.7,93.8,2.1,8.35
115,울릉도,2022-08-14,26.3,24.4,29,0,1.8,85.6,7.2,21.1
115,울릉도,2022-08-15,26.1,23.6,29.1,1.6,7.8,86.5,3.3,14.37
115,울릉도,2022-08-16,24.5,22.7,29,15.5,6.3,91.9,4.5,16.54
115,울릉도,2022-08-17,23.2,22.1,25.7,3.4,2.1,95.6,.6,6.19
115,울릉도,2022-08-18,24,21.6,27,,1.4,84.3,6.9,20.66
115,울릉도,2022-08-19,24.9,21.6,27.8,6.3,6.3,86.8,5.7,18.45
115,울릉도,2022-08-20,24.3,21.5,27.5,0,5.1,90.6,1.7,10.74
115,울릉도,2022-08-21,23.6,20.4,26.8,,3.1,72.9,12.2,27.74
115,울릉도,2022-08-22,24.6,20.9,28.2,,2.3,74,8.9,23.58
115,울릉도,2022-08-23,24.9,21.6,28.9,,2.8,77.9,1.7,11.53
115,울릉도,2022-08-24,22.2,21,23.3,,3.7,73.6,0,7.08
115,울릉도,2022-08-25,23.5,20.8,26.2,0,2.2,83.1,3.4,13.81
115,울릉도,2022-08-26,23.9,21.7,27,0,2.1,73.9,9.7,23.6
115,울릉도,2022-08-27,21.6,19,24.4,,5,64.5,8,22.82
115,울릉도,2022-08-28,20.8,17.9,23.8,,2.7,60.3,11.5,26.64
115,울릉도,2022-08-29,21.7,19.6,24.1,0,1,74.6,.1,7.37
115,울릉도,2022-08-30,20.1,18.8,22,38.3,3.4,95.3,0,2.66
115,울릉도,2022-08-31,19.7,18.6,20.9,40.8,5.8,99.9,0,2.39
115,울릉도,2022-09-01,20.7,19.2,23.1,,4.1,90,4.5,15.4
115,울릉도,2022-09-02,21.3,19.8,22.8,,4.4,84.9,.6,9.67
115,울릉도,2022-09-03,21.5,20.7,23.5,,4.2,83.8,3.6,16.93
115,울릉도,2022-09-04,23.1,21.2,24.5,0,2.5,97,0,2.18
115,울릉도,2022-09-05,25.1,23.6,27.8,.1,2.9,89,.6,8.78
115,울릉도,2022-09-06,21.7,18.2,25.6,32.6,5,88.3,2.2,7.9
115,울릉도,2022-09-07,22.2,19,26.4,,1.8,50.1,11.4,25.4
115,울릉도,2022-09-08,21.2,18.9,23.9,,3.2,75,10.9,24.99
115,울릉도,2022-09-09,20.8,19,24,,3.7,81.9,9.5,22.81
115,울릉도,2022-09-10,21.3,19,24.4,,3.8,79.5,6.3,18.15
115,울릉도,2022-09-11,21.7,20.7,23.5,,3.2,90.1,3.2,14.79
115,울릉도,2022-09-12,21.5,19.8,24.1,0,1.6,90.9,1.8,10.45
115,울릉도,2022-09-13,21,19.9,22.7,,4.7,83.8,1.8,12.34
115,울릉도,2022-09-14,22.1,20.7,24,,6.3,86.4,3.1,11.18
115,울릉도,2022-09-15,20.7,19.3,23.2,,3.5,82.6,8,20.42
115,울릉도,2022-09-16,22.1,19.3,23.7,,1.7,93.9,.4,8.49
115,울릉도,2022-09-17,24.8,22.4,28.4,0,1.7,80.1,7.3,18.06
115,울릉도,2022-09-18,23.9,22.8,25.5,.1,4.9,95.6,0,6.85
115,울릉도,2022-09-19,18.7,16.4,23.4,40.8,13.5,89.1,0,1.69
115,울릉도,2022-09-20,14.9,12.5,17,,6.7,63.6,9,22.11
115,울릉도,2022-09-21,15.9,12.4,19.2,,3,67.9,10.6,23.18
115,울릉도,2022-09-22,18.9,15.2,22,,1.8,76.9,6.1,18.02
115,울릉도,2022-09-23,20.7,17.2,25.4,,2.7,74.9,8.6,20.67
115,울릉도,2022-09-24,18.3,15.7,22.6,,2.5,58.4,10.2,22.23
115,울릉도,2022-09-25,18.2,15.8,21.9,,1.2,75.9,4.7,14.67
115,울릉도,2022-09-26,19,16.5,22.5,,1.4,83.5,2.7,11.4
115,울릉도,2022-09-27,19.4,17.3,22.5,,3.4,91.1,5.3,16.51
115,울릉도,2022-09-28,19.5,17.5,22.5,,2.7,89.1,5.3,13.35
115,울릉도,2022-09-29,21,18.1,26,,2.9,84.1,10.3,20.23
115,울릉도,2022-09-30,21.2,18.4,25.9,,3,75.9,10.1,20.81
119,수원,2022-05-20,19.7,13.2,25.3,,2,56.6,9.5,23.85
119,수원,2022-05-21,19.1,15.7,24.5,,2.3,77.3,10.7,24.84
119,수원,2022-05-22,19.6,15,25.1,,2.2,75,11.4,25.51
119,수원,2022-05-23,21.6,16.8,29.6,,2,68.1,11.6,25.57
119,수원,2022-05-24,20.9,14.3,28.8,,1.7,65.5,12,27.33
119,수원,2022-05-25,19.7,15,25.4,10,2.1,76.4,8.8,21.37
119,수원,2022-05-26,18.2,13.8,23.3,,3,62.6,11.9,27.49
119,수원,2022-05-27,19.1,15.6,23.9,,2.9,64.5,12.8,28.58
119,수원,2022-05-28,21.5,13.6,29,,2.5,55.4,13,26.81
119,수원,2022-05-29,21.9,16.1,28.8,,1.8,64.8,8.3,21.94
119,수원,2022-05-30,19.7,15.2,23.8,.4,2,80.5,.1,8.53
119,수원,2022-05-31,19.5,11.9,26.6,,1.8,54.8,12.9,27.26
119,수원,2022-06-01,21.1,14.9,28.8,,2.5,43,13.4,29.03
119,수원,2022-06-02,19.9,13.7,25.7,,2,74.8,11.8,26.04
119,수원,2022-06-03,23.1,18.7,30.9,,1.8,68.1,10.8,26.22
119,수원,2022-06-04,24.5,18.2,28.9,,1.8,60.8,7.1,18.04
119,수원,2022-06-05,21.5,18.7,25.3,.3,3.1,61,0,6.7
119,수원,2022-06-06,19.5,16.7,23.8,3.1,2,69.8,4.6,13.72
119,수원,2022-06-07,19.9,15,24.3,,2.4,56.8,7.8,19.81
119,수원,2022-06-08,20.6,16.5,25.3,,2.2,67.5,9.6,19.56
119,수원,2022-06-09,20.7,17.2,25.9,.1,1.5,75,5.4,14.3
119,수원,2022-06-10,21.3,16.5,27.3,1.3,1.6,74.1,6.1,16.93
119,수원,2022-06-11,24.3,16.4,31.6,0,1.9,54.3,12.1,25.28
119,수원,2022-06-12,23.7,19.4,29.7,,2.3,60.5,9.4,22.93
119,수원,2022-06-13,24.7,19.9,29.9,,2.9,51.1,11.1,25.1
119,수원,2022-06-14,21.2,17.4,26.1,.5,4.2,50.9,6.3,17.95
119,수원,2022-06-15,17.9,14.9,21.4,52.7,2,90.8,.1,6.38
119,수원,2022-06-16,19.9,17.1,25,.1,2.1,75.9,5.3,15.28
119,수원,2022-06-17,21.7,15.6,26.1,,1.3,75.6,1.2,12.71
119,수원,2022-06-18,23.1,21.5,26.3,,1.3,78.3,1.8,8.87
119,수원,2022-06-19,23.4,21.6,25.7,0,1.4,78.6,.2,7.08
119,수원,2022-06-20,24.6,20.9,30.3,,1.3,72.9,4.3,16.45
119,수원,2022-06-21,24.6,19.5,31.4,,2,73.6,12.4,26.27
119,수원,2022-06-22,24.4,20.8,30.1,,1.5,73.4,5.9,19.79
119,수원,2022-06-23,24.3,21.2,28.8,65,2.6,88.1,0,3.91
119,수원,2022-06-24,23.3,19.7,26.4,15.4,3.2,78.3,5.4,14.35
119,수원,2022-06-25,26.4,21.5,31.7,,2.5,66.6,8,19.86
119,수원,2022-06-26,27.1,24.7,29.6,,2.6,61.8,.7,7.17
119,수원,2022-06-27,27.8,25.1,29.8,3.4,2.9,60.3,.1,6.92
119,수원,2022-06-28,28.4,27.7,29.8,0,5.7,53.4,1,8.93
119,수원,2022-06-29,25.6,24.3,28,45.2,3.7,76.4,.1,5.25
119,수원,2022-06-30,23.8,21.4,27.4,285,1.8,92.9,.1,4.8
119,수원,2022-07-01,27.3,23.4,31.4,5.4,1.7,79.3,10.9,22.73
119,수원,2022-07-02,27.9,23.3,33.7,,1.3,68.8,12.6,25.34
119,수원,2022-07-03,28.5,22.9,34.3,,1.4,60,11.9,25.06
119,수원,2022-07-04,28.7,25.2,32.6,,1.5,67.4,7.5,18.76
119,수원,2022-07-05,28.1,24.7,32.8,0,1.3,77.6,6.2,18.68
119,수원,2022-07-06,29.6,25.1,34.5,23.5,1.9,75.9,5.3,18.29
119,수원,2022-07-07,29,25.9,32.1,0,2.9,79.6,2.3,11.54
119,수원,2022-07-08,26.6,24.2,30.2,.2,2.5,82.6,5,16.26
119,수원,2022-07-09,26.2,23.2,31.3,0,1.8,83.8,3.9,17.2
119,수원,2022-07-10,28.3,23.2,34.8,0,1.2,71.5,9.3,23.79
119,수원,2022-07-11,26.6,22.4,30.6,.7,1.7,79.9,2.9,14.16
119,수원,2022-07-12,27.5,24.1,30.3,,1.8,73,2.4,14.12
119,수원,2022-07-13,24.9,23.7,27.9,139.1,2.4,96.3,0,1.12
119,수원,2022-07-14,24.9,22.6,29,.8,2.1,90.4,3.9,14.71
119,수원,2022-07-15,25.5,21.9,29.9,,1.9,81.9,11,24.19
119,수원,2022-07-16,25.4,22.6,29.4,,2.3,81,9.4,22.39
119,수원,2022-07-17,25.4,22.1,30,,1.7,79,5.8,18.48
119,수원,2022-07-18,25.8,23.2,28.9,0,1.9,80.4,1.6,11.8
119,수원,2022-07-19,26.2,22.9,30.4,,1.9,82.6,8.3,22.84
119,수원,2022-07-20,27,24.1,31.5,.6,1.5,77.6,6.3,19.6
119,수원,2022-07-21,23.6,21.1,26.2,12.4,1.9,89.9,.4,6.35
119,수원,2022-07-22,25.3,22.8,28.4,.1,2.1,81.5,4.4,16.41
119,수원,2022-07-23,24.6,22.1,28.1,25.7,1.6,88.6,.1,9.85
119,수원,2022-07-24,25.6,22.8,29.2,.4,1.6,88.9,1,10.2
119,수원,2022-07-25,26.7,23.5,31.2,,1.7,81.8,11.3,22.98
119,수원,2022-07-26,28.3,23,33.8,,1.4,75.1,12,24.15
119,수원,2022-07-27,28,24.4,31.6,,2,71.9,7.4,18.67
119,수원,2022-07-28,28.7,24.9,33.7,.3,2.6,69,11.9,24.62
119,수원,2022-07-29,30.6,25.8,35,,1.8,69,11,22.4
119,수원,2022-07-30,31.1,27.4,35.2,0,3.2,62.9,10.1,21.65
119,수원,2022-07-31,27.5,25.4,29.7,33.8,2.5,87,0,4.92
119,수원,2022-08-01,28.7,25.2,32.8,37.3,2.9,82.9,3.8,15
119,수원,2022-08-02,27.3,26.2,29.8,5,2.6,92,.9,7.71
119,수원,2022-08-03,27.8,24.9,31.2,55.5,2.5,89.6,6.7,14.34
119,수원,2022-08-04,28.7,25.9,33,0,2,84.3,11.5,23.25
119,수원,2022-08-05,28.7,26.1,32.2,.4,1.9,86.6,7.5,18.26
119,수원,2022-08-06,28.5,26.6,32.1,6.9,1.2,90.1,1.9,11.26
119,수원,2022-08-07,29.2,26.7,32.9,0,2.2,83.5,3.4,12.36
119,수원,2022-08-08,27.5,24.5,29.4,129.4,2.6,92.1,0,1.78
119,수원,2022-08-09,26.1,23.2,28.5,192.8,2.5,96.3,0,3
119,수원,2022-08-10,23.5,21.9,26,14.6,1.1,95.1,.8,7.98
119,수원,2022-08-11,24.4,23.4,26.4,83.7,1.2,97.5,0,5.56
119,수원,2022-08-12,26.4,22.6,32,,1.2,78.8,12.1,24.69
119,수원,2022-08-13,25.4,23.4,26.8,6.9,1.3,90.6,1,4.73
119,수원,2022-08-14,27.1,24.8,31.5,31.5,1.3,93.7,2,10.29
119,수원,2022-08-15,28.4,26,31.2,.6,3.8,85,1.7,11.97
119,수원,2022-08-16,26.2,22.7,30.3,0,2.1,80.5,11.3,24.88
119,수원,2022-08-17,25.3,21.7,30.8,,1.4,81.9,7.5,17.92
119,수원,2022-08-18,25.1,21.7,30.2,,1.5,78.4,8,18.62
119,수원,2022-08-19,26.2,22.1,28.9,9,2.4,87.8,1.1,7.09
119,수원,2022-08-20,27.3,24.5,30.8,0,2.1,84.5,10.1,21.06
119,수원,2022-08-21,27.4,23.7,33,,1.3,80.9,9.3,20.09
119,수원,2022-08-22,26.4,21.9,30.9,2.2,1.5,81.4,3.4,12.85
119,수원,2022-08-23,24.9,21.2,29.9,6.1,1.3,83.4,5.1,12.27
119,수원,2022-08-24,24.5,20.7,28.2,,2.4,71.6,2.8,14.55
119,수원,2022-08-25,22.1,20.2,25.3,.4,1,80.1,.1,6.22
119,수원,2022-08-26,23.2,18.3,28.3,,1.8,78.5,8.8,20.74
119,수원,2022-08-27,21.7,18.4,25.6,2.4,2.6,61.9,11.9,25.39
119,수원,2022-08-28,22.2,14.8,28.8,,1.5,63.6,11.9,24.93
119,수원,2022-08-29,20.9,18.7,22.6,1.4,2.3,74.4,0,5.45
119,수원,2022-08-30,19.3,17.8,20.6,54.7,1.7,98.1,0,2.91
119,수원,2022-08-31,21.3,19.5,24,0,.9,89.6,1.1,6.47
119,수원,2022-09-01,23.7,17.5,30.8,,1.1,76.9,11.9,22.64
119,수원,2022-09-02,24.6,20.1,29.7,,2.5,65.5,10.5,22.19
119,수원,2022-09-03,24.3,19.9,28.8,,3.2,61,7,18.07
119,수원,2022-09-04,23.4,21.1,26.4,18.7,2.8,84.9,0,4.17
119,수원,2022-09-05,19.9,18.1,23,120.4,1.8,97,0,.94
119,수원,2022-09-06,20.9,17.5,26.1,39.3,3.2,81.6,9.1,19.2
119,수원,2022-09-07,21.7,17.6,28.1,,1.6,74.1,9.4,21.36
119,수원,2022-09-08,22.2,15.5,29.7,,1,73.6,11.3,22.63
119,수원,2022-09-09,23.5,17.6,30.7,,1.2,66.5,10.3,21.7
119,수원,2022-09-10,23.3,18.2,27.8,,2.1,50.9,7,16.76
119,수원,2022-09-11,22.8,20.4,26.6,,1.4,69.4,1.9,9.67
119,수원,2022-09-12,23.6,19.1,28.4,,.9,79.4,3.4,12.45
119,수원,2022-09-13,24.5,21.6,27.2,0,1.2,75.4,0,6.12
119,수원,2022-09-14,25,22.3,28.9,0,3,53.5,1.6,10.31
119,수원,2022-09-15,25.4,21.9,28.7,,3.5,62.3,4.6,12.63
119,수원,2022-09-16,26,23.1,31.2,7.3,2.9,76,4.8,13.02
119,수원,2022-09-17,25.5,23.3,30.2,2.4,1.3,86.9,5.9,13.46
119,수원,2022-09-18,27.3,23.1,32,,1.5,74.3,5.3,13.82
119,수원,2022-09-19,25,19.6,29.8,,3.3,61.1,7.8,16.29
119,수원,2022-09-20,19.5,15.5,24,,1.7,58.5,9.2,16.62
119,수원,2022-09-21,19,11.9,25.1,,1.4,60,11.7,21.27
119,수원,2022-09-22,19.2,15.1,24.6,,1.9,63.6,8.8,18.03
119,수원,2022-09-23,16.9,13.6,23.1,2,2.5,74.4,9.7,15.53
119,수원,2022-09-24,17.7,11.1,24.4,,1.4,71.5,10.7,20.23
119,수원,2022-09-25,19.3,14.6,25.2,,1.2,72,7.5,15.88
119,수원,2022-09-26,19.4,14.2,26.6,,1.1,64.6,9.2,17.41
119,수원,2022-09-27,19.9,12.6,28.1,,1,72.4,11.2,20.18
119,수원,2022-09-28,19.9,15,26.1,,1.1,78.1,7.4,14.12
119,수원,2022-09-29,19.2,15.1,26.5,,1.1,81.5,7.5,15.33
119,수원,2022-09-30,19.9,13.5,28.1,,1,78.4,10.6,18.29
121,영월,2022-05-20,18.3,11.1,27.3,0,.8,50.5,8.8,
121,영월,2022-05-21,19,10.3,27,,1.2,61.3,10.5,
121,영월,2022-05-22,19.6,12,27.3,,.9,67.1,9.4,
121,영월,2022-05-23,21.4,13.2,30.4,,.9,62.9,10.3,
121,영월,2022-05-24,22.3,14.2,32.1,,.8,52.9,11.8,
121,영월,2022-05-25,21.4,12.5,30,0,1.4,53.3,10.4,
121,영월,2022-05-26,18.4,13.4,24.1,2.1,1.7,50.9,11.6,
121,영월,2022-05-27,18.5,14.6,23.6,,1.8,53.4,4.2,
121,영월,2022-05-28,20.2,10.1,29.8,,1.2,56.8,12.1,
121,영월,2022-05-29,20.7,10.6,30.9,,.8,49.5,12.1,
121,영월,2022-05-30,20.5,15.7,27.7,0,1.2,58.8,.6,
121,영월,2022-05-31,20.5,12.7,27.7,,1.7,44.1,12.5,
121,영월,2022-06-01,21,10,30,,1.3,39.3,12.6,
121,영월,2022-06-02,20.6,9.6,31.6,,1,48.3,12.5,
121,영월,2022-06-03,22.1,13.2,33.9,,1.2,56.9,11.7,
121,영월,2022-06-04,22.5,14,32.2,,1.2,57,8.1,
121,영월,2022-06-05,19,16.6,23.3,1.2,1.9,69.6,0,
121,영월,2022-06-06,16.9,12.7,21.8,1.3,1.7,73,2.1,
121,영월,2022-06-07,16.2,9.1,27.8,0,1.6,65.9,4.9,
121,영월,2022-06-08,18.3,14.1,25.5,,.9,61.3,2.8,
121,영월,2022-06-09,17.8,12.4,29.8,1.2,1,77.8,3,
121,영월,2022-06-10,21.3,15,29.9,0,1,65.3,7.8,
121,영월,2022-06-11,20.5,15.1,32.2,,1.6,66,5.1,
121,영월,2022-06-12,22.2,13.1,31.8,,1.2,58.6,7.9,
121,영월,2022-06-13,22.1,17.2,29,,2.5,53.3,9.4,
121,영월,2022-06-14,17.2,14.2,22.4,5.6,1.7,70.9,.2,
121,영월,2022-06-15,16.7,13.6,21.6,17.3,.6,90.9,1.2,
121,영월,2022-06-16,18.7,14.8,21.8,0,1.1,78.9,1.4,
121,영월,2022-06-17,21.2,14,29.9,,.7,71.4,10,
121,영월,2022-06-18,23.8,18.1,29.9,,.9,69.8,8.1,
121,영월,2022-06-19,24.5,20.9,29.7,,1.1,69.9,6.4,
121,영월,2022-06-20,25.5,18.8,33,,.8,67.4,11.7,
121,영월,2022-06-21,27.3,19.4,35.8,,.8,58.3,12,
121,영월,2022-06-22,26.5,20.3,34.9,,1,63,11.3,
121,영월,2022-06-23,23.6,19.7,31.1,29.1,.7,86.6,.8,
121,영월,2022-06-24,23.9,21.4,27,20.7,1.9,76.8,4.2,
121,영월,2022-06-25,25.3,18.3,31.6,,1,67,9.2,
121,영월,2022-06-26,24.9,21.9,29.2,1,.6,82.6,1.2,
121,영월,2022-06-27,25.3,22.2,30.9,4.3,.7,86.4,1.9,
121,영월,2022-06-28,28.2,25.3,31.7,,2.3,61.6,3.2,
121,영월,2022-06-29,25.9,23.1,29.4,16.6,1.5,82.5,.8,
121,영월,2022-06-30,22.9,20.6,25.2,96.5,.7,96,.3,
121,영월,2022-07-01,26.2,22,32.5,,.8,77.8,10.3,
121,영월,2022-07-02,26.3,21.2,34.3,,.7,74,9.7,
121,영월,2022-07-03,27.2,20.9,34.4,,.7,71,11,
121,영월,2022-07-04,25.6,22.7,33.8,.2,.8,84.6,5.6,
121,영월,2022-07-05,26.4,22.7,34.6,4.5,.9,81.9,5.6,
121,영월,2022-07-06,26.9,22.7,32.5,0,.9,80.4,6.6,
121,영월,2022-07-07,27.7,23.4,33.5,0,1.1,76.8,3.6,
121,영월,2022-07-08,26.2,24.1,30,20.6,.9,81.5,3.7,
121,영월,2022-07-09,26,23.1,30.5,.9,.7,82.9,4.4,
121,영월,2022-07-10,26.8,23.3,34.8,21,1,79.9,8.3,
121,영월,2022-07-11,23.8,21.7,28.2,69.2,.9,87,2.6,
121,영월,2022-07-12,25,19.7,30.4,,.9,76.3,5.5,
121,영월,2022-07-13,22.7,21.8,25,76.8,1,90.8,0,
121,영월,2022-07-14,24.3,21.8,28.4,3.5,.8,87,2.4,
121,영월,2022-07-15,24,19.8,29.5,,1.1,77.1,8.8,
121,영월,2022-07-16,23.7,19,29.4,,.8,77.1,6.3,
121,영월,2022-07-17,23.4,20.4,27.9,,.8,80.1,3.4,
121,영월,2022-07-18,22.6,20.2,28.6,1.5,1.1,87.4,1.4,
121,영월,2022-07-19,25.2,20.4,30.8,,.9,74.9,6.1,
121,영월,2022-07-20,25.4,21.3,30.5,.7,.9,75.4,7.1,
121,영월,2022-07-21,21.5,20.2,23.8,27.3,.7,97,0,
121,영월,2022-07-22,22.7,20.4,28.1,.5,1,88,4.6,
121,영월,2022-07-23,22.6,19.1,27.1,19.5,.8,86.4,1.7,
121,영월,2022-07-24,23.7,20.6,28.2,9.6,.6,88.5,3.8,
121,영월,2022-07-25,25.9,22.5,31.2,,.8,78.6,9.8,
121,영월,2022-07-26,26.1,21.6,33.1,,1,76.6,8.3,
121,영월,2022-07-27,25.1,20.3,31.6,,1.2,74.1,9.3,
121,영월,2022-07-28,26.2,20.6,32.2,,1.3,75.5,8.5,
121,영월,2022-07-29,28,22.2,35.1,,1,72.6,10.9,
121,영월,2022-07-30,26.8,22.1,33,.2,1.3,77,5.4,
121,영월,2022-07-31,24.7,23.9,27.6,18.3,.7,93.3,0,
121,영월,2022-08-01,25.5,23.6,29.7,6.7,.9,89.8,.4,
121,영월,2022-08-02,26.4,24.1,30.9,1.5,.8,87.3,2.8,
121,영월,2022-08-03,25.5,24,28.2,12.8,.6,92.8,.7,
121,영월,2022-08-04,26.9,23.8,31.7,1.8,.7,82.5,8.7,
121,영월,2022-08-05,27.3,23.2,31.2,,.7,81.5,6.8,
121,영월,2022-08-06,26.9,23.7,31.9,,.7,83.5,5.6,
121,영월,2022-08-07,28.1,24.3,33.1,,.6,81.3,3.9,
121,영월,2022-08-08,25.9,23.4,28.3,22.4,.9,84.9,0,
121,영월,2022-08-09,24.7,23.7,26.9,38.6,.4,93.8,0,
121,영월,2022-08-10,23.3,22.6,24.6,109.5,.4,97.1,0,
121,영월,2022-08-11,23.4,22.7,24.5,47.2,.3,97.4,0,
121,영월,2022-08-12,25.6,22.4,31.3,0,.6,84,8.6,
121,영월,2022-08-13,23.6,21.9,26,5.5,.5,94.1,.1,
121,영월,2022-08-14,24.4,22.8,27.3,24.7,.4,94.1,.9,
121,영월,2022-08-15,26.4,22.5,30,.7,1.3,79.9,.9,
121,영월,2022-08-16,25.9,21.2,30,0,1.3,75.1,8.8,
121,영월,2022-08-17,23.2,20,30.3,5,.9,85.6,5.3,
121,영월,2022-08-18,23.6,20,29.3,,.6,81.5,6.6,
121,영월,2022-08-19,23.2,20,26.3,13.3,.5,89.9,.4,0
121,영월,2022-08-20,26,22.9,31.7,59.8,1,83.5,7.2,
121,영월,2022-08-21,25,21,31.9,,.7,76.6,10.7,
121,영월,2022-08-22,24.2,19.5,30.3,,.7,81.4,5.6,
121,영월,2022-08-23,23,21,24.5,2,.5,90.5,0,
121,영월,2022-08-24,21.6,19.3,24.9,,1.4,76.9,.2,
121,영월,2022-08-25,20.3,17.5,24.2,0,.4,86.8,0,
121,영월,2022-08-26,21,17,27.7,,.8,79.9,8,
121,영월,2022-08-27,20.3,14.4,25.8,.3,1.2,67,10.6,
121,영월,2022-08-28,19.6,12.7,27.6,,.8,73.3,10.5,
121,영월,2022-08-29,17.9,16.3,20,3.1,.7,92.1,0,
121,영월,2022-08-30,17.9,16.4,18.8,75.5,.5,97.9,0,
121,영월,2022-08-31,19.6,16.4,24.7,12,.8,88.9,2.7,
121,영월,2022-09-01,20.4,16.1,27.4,,.7,83.6,7.1,
121,영월,2022-09-02,20.5,14.9,28.3,,1.2,74.8,6.9,
121,영월,2022-09-03,21.1,16.8,25.5,,1.3,72,2.1,
121,영월,2022-09-04,21.9,18.4,26.4,1.2,.6,87,.1,
121,영월,2022-09-05,21.4,17.9,24,56.8,.9,96.6,0,
121,영월,2022-09-06,19.4,16.2,23.6,57.3,1.6,82.5,4.7,
121,영월,2022-09-07,18.8,13.6,26.5,,.6,76.4,10,
121,영월,2022-09-08,19.9,13.6,28.4,,.6,77.4,10.5,
121,영월,2022-09-09,19.1,13.7,27.7,,1,69.3,9.5,
121,영월,2022-09-10,19,12.6,25.8,,1,70.4,6.1,
121,영월,2022-09-11,21.4,17.3,28.8,0,.8,76.9,3.4,
121,영월,2022-09-12,20.9,17.8,24.9,0,.5,85.9,.2,
121,영월,2022-09-13,22.6,18.8,28.5,0,1.3,73.9,1.7,
121,영월,2022-09-14,22.4,19.2,28.8,,2.3,58.1,5.4,
121,영월,2022-09-15,23,16.8,29.5,,1.5,71.6,9.3,
121,영월,2022-09-16,22.6,17.6,29.1,,1.2,82.9,6.3,
121,영월,2022-09-17,24.9,20,32,0,.6,79.9,8,
121,영월,2022-09-18,24.9,22,29.3,.5,1.7,79.3,.8,
121,영월,2022-09-19,21.6,14.6,26,,2.8,66.4,1.3,
121,영월,2022-09-20,16.3,11.8,24.1,,1,74.1,7.3,
121,영월,2022-09-21,16,10.8,24.2,,.8,69.1,9.7,
121,영월,2022-09-22,14.9,8.2,23.1,,.7,77.5,8,
121,영월,2022-09-23,15.7,10.9,24.6,0,1.2,75,6.7,
121,영월,2022-09-24,15.1,8.2,22.5,,.9,70.1,10.3,
121,영월,2022-09-25,15.2,10.7,22.1,,.4,80.4,2.5,
121,영월,2022-09-26,17.1,12.4,25.9,,.4,77.1,7.4,
121,영월,2022-09-27,17.8,12.4,27.4,,.5,76.6,9,
121,영월,2022-09-28,16.8,11.8,24.7,,.3,82.8,6.1,
121,영월,2022-09-29,17.6,14.2,26.2,,.5,82.3,6.1,
121,영월,2022-09-30,17.3,12.7,27.6,,.6,79.1,6.8,
127,충주,2022-05-20,18.6,10.6,26.6,,1,55.5,10.2,25.21
127,충주,2022-05-21,20,13.6,26.7,,1.6,65.8,10.8,25.62
127,충주,2022-05-22,20,12.5,28.1,,1.5,69.8,10.6,26.34
127,충주,2022-05-23,22,13.7,29.7,,1.4,64.8,12,27.52
127,충주,2022-05-24,22.2,13,30.4,,1.1,52.9,12.7,29.34
127,충주,2022-05-25,21.2,12.9,28.6,0,1.6,56.1,11.5,25.36
127,충주,2022-05-26,18.6,13.3,25,4.7,2.3,54.4,10.1,26.99
127,충주,2022-05-27,19.2,13.6,25.8,,2.8,56.9,9.1,25.04
127,충주,2022-05-28,20.3,10.8,29.2,,1.7,55.3,12.9,27.7
127,충주,2022-05-29,21.1,11.8,30,,.9,54.9,13,28.2
127,충주,2022-05-30,20.9,17.9,25.1,0,1.5,70.3,.3,10.02
127,충주,2022-05-31,19.6,11.1,27.7,,1.7,51.1,12.5,29.12
127,충주,2022-06-01,20.9,10.4,30.8,,1.6,43.8,13.2,30.53
127,충주,2022-06-02,20.6,10.2,28.7,,1.3,57.9,12.5,28.37
127,충주,2022-06-03,24.5,16.4,32.3,,1.3,53.6,11.2,28.88
127,충주,2022-06-04,23.7,17,28.3,,1.9,53.3,7.9,21.44
127,충주,2022-06-05,18.6,16.1,22.8,3.7,1.9,71,0,4.84
127,충주,2022-06-06,17.6,14.6,21.9,2.8,1.5,79,1.4,9.45
127,충주,2022-06-07,17.5,10.5,23.1,.3,1.7,69.3,5.3,17.12
127,충주,2022-06-08,19.2,13.1,24.4,,1.4,66.3,7.2,22.76
127,충주,2022-06-09,20.2,15.1,26.1,0,1.3,71.6,5.9,18.89
127,충주,2022-06-10,22.4,15.6,28.7,,1.2,68.4,10.2,26.23
127,충주,2022-06-11,21.3,15.5,29.8,.1,1.3,71.4,6.9,20.87
127,충주,2022-06-12,22.8,16.3,28.1,0,1.8,60.5,6.9,20.29
127,충주,2022-06-13,22.8,18.7,28.3,,2.8,52.5,11.2,26.94
127,충주,2022-06-14,18.2,15.8,23.3,2.3,2,66.4,.4,9.64
127,충주,2022-06-15,17.9,13.8,23.8,21.6,1,85.9,1.4,10.36
127,충주,2022-06-16,19.6,15.8,23.8,0,1.4,75.5,3.5,13.92
127,충주,2022-06-17,21.7,14.3,28.4,,.9,76.9,8.1,23.89
127,충주,2022-06-18,24.2,20,28.5,,1.1,74.5,5.4,18.35
127,충주,2022-06-19,24.3,21.2,28.2,,1,74.3,3.4,16.59
127,충주,2022-06-20,25,19.3,30.5,,1,74.3,10.4,24.72
127,충주,2022-06-21,27.2,19.7,34.7,,1,67.5,11.9,28.34
127,충주,2022-06-22,26.4,20.6,32.8,,1.1,67.4,11.3,26.5
127,충주,2022-06-23,24.7,20.2,30.2,38.7,1.4,82.8,.8,9.22
127,충주,2022-06-24,24.9,22.2,28.6,9.1,2.7,77,2.4,12.93
127,충주,2022-06-25,26.8,20.7,32.8,0,1.4,70.9,6.3,22.57
127,충주,2022-06-26,27.1,23.5,31.2,,1.3,75.3,3.4,12.71
127,충주,2022-06-27,27.1,23.6,29.7,11.6,1.1,76.8,.3,12.26
127,충주,2022-06-28,29.2,27.1,32.5,0,2.8,62.4,3.2,18.46
127,충주,2022-06-29,26.4,23.5,29.5,39,1.6,81.6,.6,8.32
127,충주,2022-06-30,23.9,20.3,27.5,89.8,1.2,90.1,.9,10.17
127,충주,2022-07-01,27.6,22.6,33.2,,1.2,76.8,12.5,29.13
127,충주,2022-07-02,27.7,22.6,33.7,,1,76.1,11.3,25.29
127,충주,2022-07-03,28.6,23,34.4,,1,71,11.3,27.73
127,충주,2022-07-04,27.4,23.1,33,48.1,1,79.3,6.2,18.25
127,충주,2022-07-05,27.3,23.2,33.5,54.6,.9,82,5.2,21.25
127,충주,2022-07-06,28.2,22.9,33,.2,1.3,78.5,7.6,21.71
127,충주,2022-07-07,28.7,25.3,33.3,2.3,1.8,76.4,6.9,21.17
127,충주,2022-07-08,27,25.1,30.9,7.7,1.2,79.8,2.3,15.02
127,충주,2022-07-09,25.8,23,30.3,.7,1.2,83.6,2.8,11.71
127,충주,2022-07-10,27,22.7,33.8,51.4,1.1,82.3,6.6,20.85
127,충주,2022-07-11,24,21.3,27.8,33.2,.7,89.1,2,8.89
127,충주,2022-07-12,26,21.8,29.1,,1.5,77.4,2.9,16.11
127,충주,2022-07-13,23.5,22.6,25.5,83.2,2,86.8,0,4.17
127,충주,2022-07-14,25.1,23.1,29.2,3.9,1.2,87.3,2.6,10.38
127,충주,2022-07-15,25.1,20.9,30.4,,1.3,78.4,6.3,19.79
127,충주,2022-07-16,22.7,20.3,27,1.2,.7,86.8,2.8,11.5
127,충주,2022-07-17,24.2,19.7,29.2,,.9,82,3.1,14.52
127,충주,2022-07-18,23.4,21.2,27,4,1.1,86.1,.4,10.31
127,충주,2022-07-19,25.1,20.2,30.7,,1.1,80.8,3.5,17.37
127,충주,2022-07-20,26.2,22.5,30.8,.3,1,77.9,5.1,18.37
127,충주,2022-07-21,22.6,21.7,24.3,14.2,2,92,0,4.92
127,충주,2022-07-22,22.7,21,26.9,16.8,.6,90.8,2.3,9.82
127,충주,2022-07-23,24.2,20.7,27.9,11,1.1,83.3,1.8,13.21
127,충주,2022-07-24,25,21.7,28.1,7,1.4,83.5,1.8,13.44
127,충주,2022-07-25,26.6,23.3,31.6,,.9,79.9,7.2,19.29
127,충주,2022-07-26,26.8,22.4,32.8,,1,79.3,7.5,19.56
127,충주,2022-07-27,26,20.7,30.9,,1.4,71.4,9.5,24.12
127,충주,2022-07-28,26.7,20.2,31.7,,1.7,75.4,11.4,25.95
127,충주,2022-07-29,29.2,24.2,34.7,,1.5,70.5,10.5,27.18
127,충주,2022-07-30,28.6,24,32.8,0,1.9,71.5,7.1,21.42
127,충주,2022-07-31,26.9,25.3,28.6,10.7,2.1,80.1,0,6.51
127,충주,2022-08-01,27.7,24.7,31.5,5.3,2.2,79.1,2.1,12.86
127,충주,2022-08-02,27.6,24.8,32.3,4.8,1.4,82.6,2.3,13.15
127,충주,2022-08-03,26.6,24.8,30.6,3,.9,87.8,.9,8.56
127,충주,2022-08-04,28.5,24.6,33,,1,77.9,8.2,21.56
127,충주,2022-08-05,28.9,25.2,32.7,0,1.3,78.4,5.8,18.92
127,충주,2022-08-06,28.5,23.5,33.2,50.4,1.4,78.8,6.9,19.19
127,충주,2022-08-07,28.6,23.8,33.3,.9,1,83.5,4.2,17.37
127,충주,2022-08-08,27.2,24.7,28.9,5.9,1.3,81.5,0,3.36
127,충주,2022-08-09,26.7,24.7,29.2,23.7,1.3,83.1,.3,7
127,충주,2022-08-10,24,22.3,27.7,143.7,.8,91.8,0,3.56
127,충주,2022-08-11,24.3,23.5,25.8,84.1,1,91.6,0,2
127,충주,2022-08-12,25.9,22.1,31.6,.3,.9,78.8,9.2,23.11
127,충주,2022-08-13,24.4,21.4,27,13.7,.6,89.9,.2,6.53
127,충주,2022-08-14,25.2,23.7,27.7,15.8,.4,95.6,0,4.05
127,충주,2022-08-15,27.9,24.7,31.1,5.7,2.4,77.6,1.1,12.25
127,충주,2022-08-16,26.5,22.6,30.9,0,1.5,79.3,5.7,19.2
127,충주,2022-08-17,24.8,21.7,29.9,.6,1.1,84,3.6,15.02
127,충주,2022-08-18,24.5,21,29.5,,1,77.6,8.5,21.4
127,충주,2022-08-19,25.4,20,28.5,0,1.1,83,1.7,8.12
127,충주,2022-08-20,27.3,24.2,32.3,18.5,1.4,81.8,6.5,19.46
127,충주,2022-08-21,26.7,22.2,31.6,,.9,74.3,9.5,20.87
127,충주,2022-08-22,25.4,20,30.4,0,.7,79.8,6,16.85
127,충주,2022-08-23,23.8,22.7,25.6,2.2,.4,92.9,.9,3.73
127,충주,2022-08-24,23,19.5,26,,1.6,74.1,1.4,12.14
127,충주,2022-08-25,21.3,18.5,25.2,0,.7,84.3,0,7.32
127,충주,2022-08-26,22.6,17,27.7,,1,75.8,9.3,21.48
127,충주,2022-08-27,21.4,15.3,25.7,,1.7,62.5,10.6,25.57
127,충주,2022-08-28,20.7,12.9,27.7,,1,70.4,12.1,25.3
127,충주,2022-08-29,19.2,17.6,21.1,2,1.2,82.6,0,5.09
127,충주,2022-08-30,18.6,17.1,19.9,63.6,1.4,93.6,0,1.77
127,충주,2022-08-31,20.6,18.3,23.7,13.1,.7,91.6,0,7.55
127,충주,2022-09-01,21.5,17.2,27.6,,.6,83.4,7.4,17.7
127,충주,2022-09-02,21.8,16.5,27.6,,1.1,75.8,6.9,18.12
127,충주,2022-09-03,22.8,18.1,27.7,,1.7,67.6,5.5,15.85
127,충주,2022-09-04,23.6,20.4,26.8,1.1,2,81.3,0,7.17
127,충주,2022-09-05,22.3,19.6,25,48.1,1,92.4,0,3.15
127,충주,2022-09-06,19.3,14.7,25.3,50.6,2.1,83.8,4.8,11.22
127,충주,2022-09-07,19.8,14.6,26.9,,.9,76.3,10.3,23.71
127,충주,2022-09-08,20.2,13.1,28.6,,.7,76.8,10.8,23.88
127,충주,2022-09-09,21.2,14.8,28.5,,1,67.1,10.9,23.6
127,충주,2022-09-10,21,15,27.2,,1.1,67.9,7.3,17.19
127,충주,2022-09-11,23,19.1,27.5,,1.4,71.9,7.5,17.06
127,충주,2022-09-12,22.4,19.6,26.4,2.2,.8,86.6,2,11.18
127,충주,2022-09-13,23.8,20.6,27.8,0,1.1,76.8,1.4,11.64
127,충주,2022-09-14,23.5,20.2,29,,2.5,58.4,5.3,14.97
127,충주,2022-09-15,24.2,19.9,29.8,,2.1,66,9.7,20.44
127,충주,2022-09-16,25.2,20.6,28.8,,2.4,73.3,9.4,20.37
127,충주,2022-09-17,26.4,21.8,32.1,,.9,77.8,8.7,20.65
127,충주,2022-09-18,26.9,23.2,31.8,0,2,75,6.5,16.95
127,충주,2022-09-19,22.2,14,28.3,,1.8,72.6,4.9,12.56
127,충주,2022-09-20,16.9,12.3,22.8,,1,73,8.4,16.52
127,충주,2022-09-21,16.9,10.3,23.8,,1.3,67.5,10.2,19.85
127,충주,2022-09-22,16.8,9.4,23,,.9,73.1,10.3,17.62
127,충주,2022-09-23,15.9,10.6,24.1,0,1.6,75.3,8.8,16.26
127,충주,2022-09-24,15.3,8.1,22.6,,1,73.6,10.6,21.1
127,충주,2022-09-25,16.3,11.6,23.4,,.7,79.1,4.7,13.57
127,충주,2022-09-26,16.9,11.8,25.3,,.6,75.6,7.7,16.03
127,충주,2022-09-27,17.2,9.2,27,,.7,77.8,10.7,20.14
127,충주,2022-09-28,17.2,12,25.2,,.7,82.3,7.4,14.75
127,충주,2022-09-29,17.6,12.8,25.2,,.7,84.3,6.9,16.29
127,충주,2022-09-30,17.3,12.4,26.7,,.7,80.9,7.4,16.77
129,서산,2022-05-20,18.5,13,23.9,,2.1,64.6,11.2,26.42
129,서산,2022-05-21,17.8,13.4,23.2,,2.4,81.6,9.1,25.35
129,서산,2022-05-22,17.5,13.9,22,,3.4,85,9.9,25.68
129,서산,2022-05-23,19.7,15.3,25.8,,2.4,80.1,10.5,25.11
129,서산,2022-05-24,20.1,12.5,27.6,,1.5,68.8,13.2,28.19
129,서산,2022-05-25,19,13.5,25.5,2,2.2,76.6,8.1,21.76
129,서산,2022-05-26,17.5,12.1,22.5,,3.1,69.3,13.5,29.96
129,서산,2022-05-27,19,15.3,25.3,,3,69,12.5,29.18
129,서산,2022-05-28,20.3,15.7,24.7,,3.6,73.8,12.9,26.83
129,서산,2022-05-29,20.9,17.5,26.5,,2.5,74.6,8.7,23.75
129,서산,2022-05-30,18.7,13.9,23.2,.1,2.1,79.1,0,10.94
129,서산,2022-05-31,18.3,9.8,25.3,,2.2,58,13.1,29.11
129,서산,2022-06-01,20.6,14.9,27.4,,2.7,50.5,13.6,30.68
129,서산,2022-06-02,20.4,14.3,25.2,,2.2,,10.7,26.94
129,서산,2022-06-03,22.4,18.4,28,,2.2,,10.1,26.36
129,서산,2022-06-04,23.5,18.3,29.8,,1.5,71.6,7.9,21.37
129,서산,2022-06-05,19.8,17.7,22.9,0,2.2,75,0,6.74
129,서산,2022-06-06,19.9,17.3,23.9,.1,2.4,70.4,5,16.58
129,서산,2022-06-07,18.2,14.5,23.4,,2.6,70,2.4,14.83
129,서산,2022-06-08,19,14.6,23.9,0,1.5,77.4,5,15.37
129,서산,2022-06-09,20,15.3,25.9,.1,1.5,76.4,5.2,19.78
129,서산,2022-06-10,21.1,14.8,27.1,0,1.7,70.4,7.1,20.68
129,서산,2022-06-11,23.2,16.4,29.5,,2.2,62.6,11.6,28.29
129,서산,2022-06-12,22.5,18.6,27.3,,2.4,69.9,10,24.12
129,서산,2022-06-13,23.9,18.8,29.5,,2.4,58.9,10,24.81
129,서산,2022-06-14,19.5,15.4,24.2,1.4,3.4,64.5,3.6,14.98
129,서산,2022-06-15,18.7,15,23.2,18.1,3,87.9,1,10.9
129,서산,2022-06-16,20,16.7,25,,1.9,74.8,8.9,25.14
129,서산,2022-06-17,21.4,15.9,26.4,,2.3,82.8,1.4,12.38
129,서산,2022-06-18,22.6,20,25.3,,2.7,82.3,3.6,15.15
129,서산,2022-06-19,23.2,20.7,26.1,0,2.3,83.5,1.7,13.07
129,서산,2022-06-20,24.5,20.5,29.6,,1.5,78.4,6.6,21.56
129,서산,2022-06-21,23.7,19.4,29.9,,2.2,79.8,11.3,27.18
129,서산,2022-06-22,24.3,20.6,30.2,,1.8,75.9,9.3,24.66
129,서산,2022-06-23,23,20.7,28.2,31.2,3.8,92,0,5.03
129,서산,2022-06-24,22.1,20.1,23.8,9.5,3.5,90.8,0,8.51
129,서산,2022-06-25,24,21.3,27.3,,3.4,88.5,.7,11.44
129,서산,2022-06-26,25.1,23.2,26.8,.1,4.8,86.8,0,6.18
129,서산,2022-06-27,26.3,24.6,28.1,.5,5.1,81.6,0,6.43
129,서산,2022-06-28,26,24.4,27.3,.2,6.7,81.8,0,5.73
129,서산,2022-06-29,24.2,22.1,25.8,209.6,4.9,92.9,0,3.86
129,서산,2022-06-30,25,22.1,26.7,81.6,3.9,90.3,0,5.96
129,서산,2022-07-01,26.5,23.7,30.1,,2.7,81.3,10.2,27.47
129,서산,2022-07-02,26.8,22.5,31.8,,1.4,79.8,11.2,25.42
129,서산,2022-07-03,27.5,22.2,33.4,,1.5,69.1,10.9,26.55
129,서산,2022-07-04,26.7,23.9,31.6,11.2,1,78.3,3.5,15.17
129,서산,2022-07-05,27,23.3,32.9,,1.2,79,5.2,18.78
129,서산,2022-07-06,28.8,23.9,34.3,.8,1.8,74.5,7.3,23.85
129,서산,2022-07-07,27.8,25.3,30,.5,3.5,79.1,.2,9.17
129,서산,2022-07-08,25.9,22.9,29.3,.7,3,81.4,8.3,24.58
129,서산,2022-07-09,27.1,22.7,31.6,,1.5,74.1,10.8,27.18
129,서산,2022-07-10,27.6,22.7,34.1,0,1.3,75.1,7.1,22.58
129,서산,2022-07-11,25.1,22.8,30.3,1.9,1.5,85.1,1.9,11.14
129,서산,2022-07-12,26,22.7,28.9,,1.4,84.1,.6,9.45
129,서산,2022-07-13,25.1,24,26.1,60.6,2.9,91.9,0,1.86
129,서산,2022-07-14,24.2,21.1,27.9,.4,2.2,87.6,1.2,13.22
129,서산,2022-07-15,25.1,20.9,29.3,,1.6,79.8,8.6,23.97
129,서산,2022-07-16,25.1,22.7,29,,2.4,79.6,7.7,22.29
129,서산,2022-07-17,24.9,21.5,29.1,,1.8,81.9,6,21.7
129,서산,2022-07-18,23.7,22.2,26.7,3.2,2.1,86.1,2.2,12.99
129,서산,2022-07-19,25.2,20.8,29.6,,1.9,83.3,5.6,22.64
129,서산,2022-07-20,26.2,23.1,30.6,.7,1.5,78.8,5.2,19.65
129,서산,2022-07-21,23.2,21.2,26.2,40.9,3.1,85.8,2.2,11.57
129,서산,2022-07-22,24.5,21.9,28.2,,2,80.8,6.8,19.08
129,서산,2022-07-23,23.7,20.2,27,31.4,1.5,86,1.1,10.54
129,서산,2022-07-24,24.9,23.2,28.4,1.6,2.1,87.3,1.5,11.52
129,서산,2022-07-25,26,22,30.2,,1.2,78,11.5,27.05
129,서산,2022-07-26,26.7,21.4,32.2,,1.5,81.1,10.2,25.2
129,서산,2022-07-27,27.3,23.7,32.1,,1.2,78,6.8,20.06
129,서산,2022-07-28,28.2,23,33.4,,1.5,72.1,12,26.32
129,서산,2022-07-29,28.9,24.6,34.5,,1.6,74,10.1,24.36
129,서산,2022-07-30,29.5,25.8,34.3,0,2.5,70,7.8,22.17
129,서산,2022-07-31,26.6,25.7,27.9,24.5,2.5,85,0,5.55
129,서산,2022-08-01,28,25,31.5,93.9,2.8,82.1,1.8,12.65
129,서산,2022-08-02,26.7,26.1,27.6,.7,4.2,89,0,6.3
129,서산,2022-08-03,27.5,25.7,30.6,.9,2.9,87.6,6.8,20.55
129,서산,2022-08-04,28.2,25.5,31.8,0,2,83.8,8.6,23.19
129,서산,2022-08-05,28.3,26.2,31.5,,2.7,86.1,6.8,21.44
129,서산,2022-08-06,28.2,26,31.5,,2.2,86.5,6.7,19.94
129,서산,2022-08-07,28.5,26.6,30.8,,3.4,85.6,3.2,15.34
129,서산,2022-08-08,27.4,27,28.1,3.3,4.2,90.5,0,1.9
129,서산,2022-08-09,27.1,26.4,28.2,40.3,4.4,91,0,4.32
129,서산,2022-08-10,23.3,22,26.7,91.9,1,94.1,0,4.46
129,서산,2022-08-11,24.5,23.1,26.3,39.8,2.2,93.4,0,3.12
129,서산,2022-08-12,25.1,20.4,30.8,,.9,80.1,11.3,25.87
129,서산,2022-08-13,24.4,21,27,47.4,1.1,91.4,1.2,5.21
129,서산,2022-08-14,26.7,24.4,29,1.3,1.9,92.1,.1,6.32
129,서산,2022-08-15,27.2,24.8,29.3,10.2,4.7,88.6,1,8.6
129,서산,2022-08-16,25.7,21.2,30.5,0,1.7,79.8,9.6,24.72
129,서산,2022-08-17,24,20.3,29.1,,1.3,80.6,9.3,23.58
129,서산,2022-08-18,24.1,19.6,29.4,,1,81.3,7.3,19.66
129,서산,2022-08-19,25.6,20.9,28.1,.8,3,89.6,.1,7.87
129,서산,2022-08-20,26.5,22.2,29.6,.8,2,82,7.2,19.07
129,서산,2022-08-21,25.8,20.5,32,,1,82.1,8.2,19.02
129,서산,2022-08-22,25.8,22.2,29.9,.7,2,80.1,7.3,19.82
129,서산,2022-08-23,23.4,19.8,27.5,18.1,1.3,85.3,3.5,9.02
129,서산,2022-08-24,23.5,18.8,27.7,,2,78.4,6.8,18.37
129,서산,2022-08-25,21.5,18.1,26.2,0,1,81.6,.3,8.28
129,서산,2022-08-26,21.8,16,27.7,,1.4,80,8.2,19.81
129,서산,2022-08-27,20.9,15.9,24.4,,2.2,65.5,10.9,25.56
129,서산,2022-08-28,21.4,14.4,28.2,,1.4,68.4,11.6,25.37
129,서산,2022-08-29,20,19.2,21.3,.6,1.6,76.3,0,4.69
129,서산,2022-08-30,19.3,17.4,20.2,118,2.4,94.5,0,2.18
129,서산,2022-08-31,21.9,19.8,24.8,,1.3,85,2,12.3
129,서산,2022-09-01,22.9,18.2,28.9,,1.5,78,10.7,23.15
129,서산,2022-09-02,23.5,18,28.8,,2.4,68.6,9.2,22.85
129,서산,2022-09-03,23.9,19.5,29.2,,3.1,68.1,7.6,21.44
129,서산,2022-09-04,24,21.6,27.9,18.8,2.8,83,0,6.19
129,서산,2022-09-05,19.5,17.7,22.8,108.1,3.8,93.6,0,1.86
129,서산,2022-09-06,20.5,17.1,25.7,35.8,3.9,80.6,8.6,20.65
129,서산,2022-09-07,21.4,16,28.3,,1,78.9,10.1,21.7
129,서산,2022-09-08,21.5,15.1,28.2,,1.2,75,11.4,23.42
129,서산,2022-09-09,23,17.6,28.9,,1.6,74.4,8.7,21.59
129,서산,2022-09-10,22.2,18.1,27.1,,2.2,65.1,7.9,19.54
129,서산,2022-09-11,21.7,19,25.3,,1.3,74.9,0,8.14
129,서산,2022-09-12,23,19,28.7,,1.2,82.1,3.2,13.31
129,서산,2022-09-13,23.5,21.5,25.8,.4,1.8,84,0,6.02
129,서산,2022-09-14,23.8,20.6,28,2.2,4,62.1,2.5,11.74
129,서산,2022-09-15,25.2,21.6,29.1,,3.3,66.9,2.5,13.25
129,서산,2022-09-16,25.8,22.9,30.1,.6,2.6,78.6,3,13.27
129,서산,2022-09-17,24.7,22,29.2,0,1.6,84.4,4.3,15.45
129,서산,2022-09-18,25.6,21.7,29.9,,2.5,80.1,4.8,14.79
129,서산,2022-09-19,22.9,17.6,26.5,,3.9,65.3,8.7,19.56
129,서산,2022-09-20,18.7,14.3,23,,1.7,66.9,5.9,15.32
129,서산,2022-09-21,17.8,10.9,25.3,,1.6,66.3,11.2,21.74
129,서산,2022-09-22,18,11.9,24.9,,.9,72.9,7.3,18.04
129,서산,2022-09-23,16.2,11.8,22.2,0,2.5,74.8,6.3,14.19
129,서산,2022-09-24,17.1,9.7,23.1,,1.5,73.9,10.2,20.12
129,서산,2022-09-25,17.9,14.1,25.6,,.9,79.6,3.8,14.32
129,서산,2022-09-26,18.4,13.1,25.6,,1.2,70.4,6.5,15.96
129,서산,2022-09-27,18.7,10.8,26.9,,1.4,72.4,10.9,19.9
129,서산,2022-09-28,18.3,13.4,25.9,,1.1,82.6,6.1,14.02
129,서산,2022-09-29,17.6,13.7,26.2,,1.1,83.5,6.1,15.43
129,서산,2022-09-30,18.5,12.1,28,,1,79,8.7,18.52
130,울진,2022-05-20,20.4,16.7,27,,2.4,45.9,10.4,
130,울진,2022-05-21,20.3,15.9,27.6,,2.2,56.8,12.8,
130,울진,2022-05-22,20.3,15.8,26.4,,2.3,59.1,8.2,
130,울진,2022-05-23,17.8,13.6,21.2,,2,80.3,12.6,
130,울진,2022-05-24,,14.4,24.8,0,1.9,,10,
130,울진,2022-05-25,23,17.6,27.1,,2.3,54.8,12,
130,울진,2022-05-26,18.9,16.7,24.2,,2.5,59.8,10.1,
130,울진,2022-05-27,17.8,13.5,23.1,,2.1,57.5,5.7,
130,울진,2022-05-28,26,14.6,32.5,,2.7,33.9,13.6,
130,울진,2022-05-29,22,17.3,30.6,,2.3,42.8,12.8,
130,울진,2022-05-30,18.3,16,21.6,,2.2,74.3,1,
130,울진,2022-05-31,18.7,15.1,22.6,,2.1,62.5,12.5,
130,울진,2022-06-01,20.9,16.1,25.9,,2.2,48.1,12,
130,울진,2022-06-02,20.2,15.5,27.1,,2.4,58.9,13.3,
130,울진,2022-06-03,18.6,16,22.3,,2.7,80.5,9.9,
130,울진,2022-06-04,18.4,15.5,21.3,,1.7,82.8,3.6,
130,울진,2022-06-05,17.6,16.3,18.9,4.7,1.2,90.9,0,
130,울진,2022-06-06,15.2,12.8,17.2,45.7,3.5,96.4,0,
130,울진,2022-06-07,15.3,13,19.1,.8,3.1,81.8,1.4,
130,울진,2022-06-08,16,13.7,18.1,,1.8,74.9,.6,
130,울진,2022-06-09,16.9,14.5,19.6,0,1.5,80.8,7.2,
130,울진,2022-06-10,18.2,13.9,22.2,,1.7,87.6,10.5,
130,울진,2022-06-11,19,16.9,22.4,,2.2,87.6,5.8,
130,울진,2022-06-12,18.4,15.8,21.3,,2.2,80.1,5.8,
130,울진,2022-06-13,18.6,16.2,21.1,,2.4,78.9,6,
130,울진,2022-06-14,16.5,13.9,19.5,10.6,3,86.1,.2,
130,울진,2022-06-15,16.8,13.7,19.5,2.9,2.1,87.1,1.4,
130,울진,2022-06-16,20.9,15.2,24.7,,1.9,74,11.5,
130,울진,2022-06-17,22.5,15.8,28.9,,2.1,70.4,13.5,
130,울진,2022-06-18,24.5,21.7,28.3,,1.8,71.8,8.4,
130,울진,2022-06-19,23.6,20.4,28.3,,1.8,81.4,12.3,
130,울진,2022-06-20,24,20.7,26.9,,1.6,79.8,11.7,
130,울진,2022-06-21,21.6,19.9,24.2,,2,94,2.7,
130,울진,2022-06-22,23.6,20,26.9,,1.6,85.8,11.3,
130,울진,2022-06-23,23.8,21.3,28.5,.1,2.6,85,5.8,
130,울진,2022-06-24,25.6,19,31.1,.3,2.9,69.8,3.9,
130,울진,2022-06-25,26.1,21.2,35.8,,3.4,62.9,11.8,
130,울진,2022-06-26,25.9,21.1,31.6,,2.7,71.9,3.3,
130,울진,2022-06-27,22.3,19.3,28.7,11.8,2.7,89.6,.6,
130,울진,2022-06-28,25.9,18.4,34,,4,70.5,5.4,
130,울진,2022-06-29,23.9,18,31.1,,3.7,78.9,.3,
130,울진,2022-06-30,25.2,21.8,30,5.1,2.2,82.3,3.6,
130,울진,2022-07-01,24.6,21.5,31.5,,2.1,79.3,13.2,
130,울진,2022-07-02,24.6,21.5,30.2,,2.1,77.6,12.4,
130,울진,2022-07-03,25,21.5,30.5,0,2.4,77,9.1,
130,울진,2022-07-04,25.3,22,31.4,,2.2,78.5,9.2,
130,울진,2022-07-05,24.3,21.2,28.3,,1.4,89.9,7.7,
130,울진,2022-07-06,24.7,22.8,26.9,0,1.6,90.4,4.7,
130,울진,2022-07-07,24.8,21.7,28.5,,2.2,87.4,1.5,
130,울진,2022-07-08,25.9,22,33.3,.9,2.3,76.6,8.7,
130,울진,2022-07-09,25.9,23,29.4,0,2,80.4,7.3,
130,울진,2022-07-10,24.3,23.2,26,0,1.5,89.8,.1,
130,울진,2022-07-11,23.5,21.6,27.2,8.3,1.9,91.8,.5,
130,울진,2022-07-12,22.9,21.3,25.4,,2.5,83,4.5,
130,울진,2022-07-13,22.1,21,24.3,31.6,1.6,90.5,1.2,
130,울진,2022-07-14,23.2,21.3,25.6,,2.4,87.4,1.9,
130,울진,2022-07-15,22.7,19.9,25.5,3.8,1.4,92,7.5,
130,울진,2022-07-16,24.3,20.5,27.8,0,1.6,85.5,9.5,
130,울진,2022-07-17,24.1,21,26.7,0,1.7,85.9,7.2,
130,울진,2022-07-18,23.8,21.6,26.8,4.5,1.7,85.4,1.4,
130,울진,2022-07-19,24,21.1,26.5,1.1,2,89.4,10.1,
130,울진,2022-07-20,25.9,22.2,31,0,1.6,76.5,6.8,
130,울진,2022-07-21,22,20.1,24.5,14.5,1.6,94.1,0,
130,울진,2022-07-22,23.1,20.6,26.5,0,2.6,87.1,3.7,
130,울진,2022-07-23,23,19.5,26,.7,1.7,86.6,5.9,
130,울진,2022-07-24,23.6,21.7,25.5,7.7,1.6,93.6,.5,
130,울진,2022-07-25,23.9,22.5,25.6,,2.2,89.1,9.1,
130,울진,2022-07-26,23.1,20.9,25.6,,1.4,90.4,2.9,
130,울진,2022-07-27,24.3,20.9,26.7,,1.7,86.6,7.1,
130,울진,2022-07-28,24.1,22.3,27.6,4.8,1.5,92.6,2,
130,울진,2022-07-29,25.6,23.7,27.7,,1.4,91.4,9.8,
130,울진,2022-07-30,25.9,24,28.4,0,1.8,89.1,1.2,
130,울진,2022-07-31,26,24.8,28.5,.3,1.5,91.9,.8,
130,울진,2022-08-01,25.7,23.8,27,.2,1.7,91.3,0,
130,울진,2022-08-02,26.5,23.9,28.2,.1,2.5,84.6,2.8,
130,울진,2022-08-03,29.7,26.1,34.8,0,2,69.5,3,
130,울진,2022-08-04,27.2,25.4,31.9,,2,79.1,9.9,
130,울진,2022-08-05,28.5,25,33.7,,1.8,75.4,11.9,
130,울진,2022-08-06,29.4,26.5,33.9,0,1.9,72.9,11,
130,울진,2022-08-07,30.4,28.7,34.5,,1.9,70.9,10.3,
130,울진,2022-08-08,29.7,26.9,33,.5,2.8,67,.4,
130,울진,2022-08-09,26.2,23.4,29.7,11,1.8,83.6,0,
130,울진,2022-08-10,23.2,22.1,24,19.7,1.1,95.3,0,
130,울진,2022-08-11,24.9,23.3,26.1,17,1.4,91.4,.1,
130,울진,2022-08-12,26.3,22.9,29.3,,2,81.6,12.9,
130,울진,2022-08-13,25.5,22.6,28.2,3.3,2,88.8,1.6,
130,울진,2022-08-14,25.6,24.4,29,4.3,1.8,90.4,5.3,
130,울진,2022-08-15,29.3,25,32.4,0,2.6,69,2.4,
130,울진,2022-08-16,26,22.5,33.6,2,2.4,82.8,5.7,
130,울진,2022-08-17,24.1,22.4,26,1.3,1.9,90.5,1.7,
130,울진,2022-08-18,23.1,20.4,25.8,,1.6,88.3,10.5,
130,울진,2022-08-19,26.2,21.8,31,3.3,2.4,74,2.9,
130,울진,2022-08-20,24.8,22.1,28.5,20.7,2.1,88.8,2.2,
130,울진,2022-08-21,23.1,20.1,26.1,,1.8,82.5,12,
130,울진,2022-08-22,23.7,17.8,27.7,,2,80.5,9.6,
130,울진,2022-08-23,24.3,21.8,27.4,.3,1.6,82.4,0,
130,울진,2022-08-24,23,21.7,25.2,,1.6,80.3,.1,
130,울진,2022-08-25,22.8,19.5,25.6,0,1.4,77.4,3.2,
130,울진,2022-08-26,23.4,18.8,27.9,,1.8,65,11.2,
130,울진,2022-08-27,21.7,16.6,26.3,,2.3,64.4,8.7,
130,울진,2022-08-28,20.4,14.4,25.7,,2.1,69.4,12.5,
130,울진,2022-08-29,20.5,16.4,24.8,.3,1.4,77.9,0,
130,울진,2022-08-30,19.4,17.9,20.3,48.4,1.8,91.6,0,
130,울진,2022-08-31,20.1,19.1,22.6,39.8,2.5,93.6,.3,
130,울진,2022-09-01,20.7,17.5,24.2,,1.4,88.4,1.1,
130,울진,2022-09-02,21.5,17.1,24.7,,2.3,86.5,2,
130,울진,2022-09-03,22.3,20,24.8,2,2,83.6,.9,
130,울진,2022-09-04,21.4,18.6,23.8,7.6,1.9,96.6,0,
130,울진,2022-09-05,21.5,18.7,24.3,22.9,2.7,94.9,0,
130,울진,2022-09-06,19.9,17,23.9,79,5.3,87.9,5.1,
130,울진,2022-09-07,20,14.5,25.6,,1.9,67,11.8,
130,울진,2022-09-08,19.9,13.5,25.4,,2,76.3,12.2,
130,울진,2022-09-09,20,16.1,24.8,,2.2,82.1,9,
130,울진,2022-09-10,21.3,17.1,24.7,,2.9,79.6,3.8,
130,울진,2022-09-11,21.5,19.1,25.3,,2.2,85.8,.3,
130,울진,2022-09-12,20.9,17.6,24.2,,1.4,85.8,1.3,
130,울진,2022-09-13,22.1,19.5,25.2,,2.3,85.4,2.4,
130,울진,2022-09-14,22.9,20.5,26.4,,3.7,80.5,8,
130,울진,2022-09-15,21.8,18.6,24.3,,2.2,79.6,8.8,
130,울진,2022-09-16,22,18,24.4,,1.7,89,2,
130,울진,2022-09-17,24.2,21.4,26.7,1.6,1.9,89.3,9.7,
130,울진,2022-09-18,23.7,22.1,26.6,0,3.3,90.1,.2,
130,울진,2022-09-19,20.1,17.3,23.4,16.5,6.8,84.3,2.3,
130,울진,2022-09-20,16.9,12.1,20.1,0,3.2,66.9,1.6,
130,울진,2022-09-21,15.6,11.1,20.2,,2.1,71.4,10.2,
130,울진,2022-09-22,17.7,12,22.5,,1.8,76.5,8.7,
130,울진,2022-09-23,20.8,14.9,27.9,,2.3,54.6,10.8,
130,울진,2022-09-24,18.2,13.6,24.8,,2.2,52.6,11.1,
130,울진,2022-09-25,18.2,13.9,22.5,,1.8,70.8,2.5,
130,울진,2022-09-26,18.4,14.3,23.1,,1.6,76.1,.8,
130,울진,2022-09-27,18.2,14.1,23.7,,2.1,78.5,8.4,
130,울진,2022-09-28,18.5,13.1,23.7,,1.7,81.3,7.2,
130,울진,2022-09-29,18.8,13.1,23.8,,2,79.3,11.4,
130,울진,2022-09-30,19.4,12.6,25.3,,2,71.5,11.4,
131,청주,2022-05-20,21.1,15.5,27.6,,1.3,45.5,11.5,27.12
131,청주,2022-05-21,21.3,16.7,28.1,,1.6,58.9,11.1,26.48
131,청주,2022-05-22,21.7,15.3,30,,2,64,11.8,28.11
131,청주,2022-05-23,23.5,17.2,31,,1.6,59.1,11.9,27.25
131,청주,2022-05-24,23.5,16.8,31.5,,1.5,48,13,29.71
131,청주,2022-05-25,22.3,17.4,28.5,0,1.6,53.6,11.6,25.75
131,청주,2022-05-26,19.7,14.3,26.1,6.5,2,50.1,13,30
131,청주,2022-05-27,21.2,15.8,26.6,,2.3,50.3,13.1,30.29
131,청주,2022-05-28,23,16.2,29.7,,1.8,41.8,13.2,27.65
131,청주,2022-05-29,23.4,17,31,,1.2,48,13.1,29.81
131,청주,2022-05-30,21.6,18.6,25.7,,1.7,62.8,1.2,12.77
131,청주,2022-05-31,22.1,14.8,29,,1.5,38.9,13.1,30.43
131,청주,2022-06-01,23.4,15.1,31.7,,1.6,29.3,13,31.43
131,청주,2022-06-02,22.5,15.6,30.1,,1.4,52.5,12.4,29.28
131,청주,2022-06-03,25.3,19.2,32.3,,1.5,54,10.9,28.4
131,청주,2022-06-04,25.2,19.6,29.6,,1.9,46.5,9.6,21.85
131,청주,2022-06-05,19.1,16.3,25.2,5.2,2.4,70.9,0,5.19
131,청주,2022-06-06,19,17.1,22.9,1.4,2.2,74.3,4.3,12.18
131,청주,2022-06-07,17.8,14.1,21.7,0,1.8,68.4,2.9,10.4
131,청주,2022-06-08,20.8,15.8,26.5,,1.4,60.8,7.8,24.68
131,청주,2022-06-09,22.4,18.8,27.2,,1.3,59.6,5.3,18.62
131,청주,2022-06-10,24,18.2,29.2,,1.2,60.1,10.1,23.64
131,청주,2022-06-11,24.4,19.3,31.2,,1.9,54.9,8.5,24.7
131,청주,2022-06-12,24.5,19.2,29.1,0,1.6,52.9,10.5,23.93
131,청주,2022-06-13,23.6,20.6,28.1,.1,2.7,49.6,11.5,26.87
131,청주,2022-06-14,18.8,16.2,21.3,1.9,3.4,66.5,0,6.3
131,청주,2022-06-15,19.6,14.8,26.9,11.6,1.7,77.1,4.2,14.81
131,청주,2022-06-16,22,18.7,26.7,,1.5,62.4,7.3,20.09
131,청주,2022-06-17,23.2,18.2,28.3,0,1,70.8,6.1,17.06
131,청주,2022-06-18,25.1,22.5,28.5,,1.3,68.5,4.8,15.13
131,청주,2022-06-19,25.3,22.3,28.5,,1,70.1,1.8,13.75
131,청주,2022-06-20,27,23.1,32.4,,1.3,66.8,6.8,22.17
131,청주,2022-06-21,28.1,22.6,35.3,,1.5,61.5,12.1,28.3
131,청주,2022-06-22,27.4,22.2,34.4,,1.4,63,9.2,25.54
131,청주,2022-06-23,25.6,23.2,31.4,18.2,1.5,81.1,.8,8.06
131,청주,2022-06-24,25.1,23.1,29.5,5.3,2.5,75.9,7.2,21.2
131,청주,2022-06-25,28,22.6,33.7,,1.9,68.1,8.6,24.45
131,청주,2022-06-26,28.3,26,30.9,0,1.6,69.6,2.8,9.26
131,청주,2022-06-27,28.6,25.7,31.8,1.5,2,69.5,.8,11.68
131,청주,2022-06-28,30,28.2,32.7,,3.6,56.9,2.3,15.61
131,청주,2022-06-29,26.7,24.4,30.8,48.4,1.9,86.1,1.4,7.34
131,청주,2022-06-30,26.4,21.8,30.2,36,1.5,79.6,3.4,14.14
131,청주,2022-07-01,29.3,24.1,34.3,,1.4,66.8,12.1,28.95
131,청주,2022-07-02,30.1,25,35.4,,1.3,63.1,13.1,29.59
131,청주,2022-07-03,29.1,23.9,35.1,25.1,1.2,69.9,10.8,26.25
131,청주,2022-07-04,28.8,24.6,33.7,,1,71,9.1,20.78
131,청주,2022-07-05,28.5,25.2,34.2,.1,1.2,74.5,5.9,18.86
131,청주,2022-07-06,30.3,26.2,35,.3,1.6,68.5,7.8,23.5
131,청주,2022-07-07,30.5,26.5,35.4,12.6,2,67.4,7.9,21.61
131,청주,2022-07-08,28.2,25.7,32.3,7,1.7,71.6,6.5,20.12
131,청주,2022-07-09,27.2,24.2,30.4,,1.4,68.5,3.3,11.77
131,청주,2022-07-10,29.4,24.6,35,.4,1.2,62.9,9.2,22.38
131,청주,2022-07-11,25.1,23,28.3,7.8,1.2,85.1,1.6,6.65
131,청주,2022-07-12,27.5,23.7,30.6,,1.4,75.9,2.5,13.43
131,청주,2022-07-13,25.1,24.3,27.2,22.2,1.8,81.3,0,3.55
131,청주,2022-07-14,26.8,24.7,30.7,.2,1.6,78.8,3.4,14.68
131,청주,2022-07-15,26.6,22.8,31.4,,1.5,69.3,9.5,25.23
131,청주,2022-07-16,25.4,23,29.8,10.4,1.3,76.5,5.7,15.81
131,청주,2022-07-17,26.5,22.6,30.7,,1.3,70.5,5.5,19.79
131,청주,2022-07-18,23.9,22.7,26,20.5,1,83.1,0,6.32
131,청주,2022-07-19,25.3,21.5,30.8,12.6,1,81.9,3.3,17.25
131,청주,2022-07-20,27.9,24,32.5,0,1.3,69,8,24.45
131,청주,2022-07-21,23.9,23,27.5,27,1.3,86.4,0,3.66
131,청주,2022-07-22,26,22.7,30.1,.1,1.5,71.5,6.2,18.86
131,청주,2022-07-23,25.5,22.3,29.2,9.9,1.3,76.4,1.4,14.01
131,청주,2022-07-24,25.4,22.8,27.8,2.3,.8,84.1,.6,9.93
131,청주,2022-07-25,28,24.7,32.6,0,1.4,71.3,9.5,25.79
131,청주,2022-07-26,29.2,23.8,35.4,,1.1,65.5,11.1,26.04
131,청주,2022-07-27,28.4,25.5,32.1,,2.1,60.8,10.8,26.44
131,청주,2022-07-28,29.2,25,33.6,,2.2,63.6,11.8,28.23
131,청주,2022-07-29,31.4,26.8,36,,1.8,59.6,11.8,28.3
131,청주,2022-07-30,30.4,27.5,33.9,0,2.4,60.8,7.6,19.96
131,청주,2022-07-31,27.7,25.9,29.7,13.2,1.5,77.8,.1,7.4
131,청주,2022-08-01,28.9,25.7,33.5,8.1,2.1,75.6,5.8,20.25
131,청주,2022-08-02,28.8,26.2,32,1.3,1.8,76.4,3.9,15.46
131,청주,2022-08-03,29.4,26.3,33.8,6.1,1.4,75.1,5.1,15.93
131,청주,2022-08-04,29.5,26.2,33.6,0,1.4,74.5,6.5,18.04
131,청주,2022-08-05,29.9,26.8,33.9,0,1.7,74.5,7.3,20.45
131,청주,2022-08-06,30.6,27.1,35,,1.5,71.5,9.7,23.55
131,청주,2022-08-07,30.5,28,34.2,.1,1.6,73,4.8,18.69
131,청주,2022-08-08,28.9,26.7,30.7,6.1,1.7,75.5,0,6.57
131,청주,2022-08-09,28.2,25.6,30.5,11.9,1.9,77.1,.4,7.84
131,청주,2022-08-10,24.9,23.3,28.5,212.6,1,89.8,0,2.76
131,청주,2022-08-11,25.2,24.6,25.7,71.1,1.2,90.1,0,1.49
131,청주,2022-08-12,27.9,23.5,32.5,.6,1.2,69.9,11.4,26.35
131,청주,2022-08-13,26.2,24.7,28.7,33.7,.9,83.5,.2,6.15
131,청주,2022-08-14,27,25,29.6,19,.8,86.8,0,4.53
131,청주,2022-08-15,28.7,24,32.5,39.6,2.3,73.6,2,14.31
131,청주,2022-08-16,27.4,23.8,31,.3,1.5,78.6,6.8,19.43
131,청주,2022-08-17,25.7,23.2,31.2,11.2,1.2,79.9,3.3,12.32
131,청주,2022-08-18,25.6,20.8,30.3,,1,72.9,7.1,19.44
131,청주,2022-08-19,27.1,22.7,30.2,,1.6,79.1,2.1,10.03
131,청주,2022-08-20,28.6,25.8,32.7,11.6,1.5,75.6,6.9,20.95
131,청주,2022-08-21,28.3,23.7,33,,1.1,68,9.9,23.06
131,청주,2022-08-22,27.8,24.7,32.2,,1.4,67.6,6,17.7
131,청주,2022-08-23,24.8,23.4,27,14,.9,87,.2,2.91
131,청주,2022-08-24,24.6,23.3,26.7,0,1.8,68.4,1.5,11.31
131,청주,2022-08-25,23.4,20,27.7,0,1.2,74,1,10.18
131,청주,2022-08-26,23.6,18.4,28.9,,1.2,70.6,9,21.11
131,청주,2022-08-27,22.7,19.8,26.3,,1.7,55.4,9.5,25.26
131,청주,2022-08-28,22.9,16.1,28.7,,1.3,52,11.8,26.96
131,청주,2022-08-29,20.8,18.2,23.2,2.2,1.5,68.4,0,5.01
131,청주,2022-08-30,19.4,18,20.4,61.3,1.8,90.6,0,1.55
131,청주,2022-08-31,21.4,20,23.2,8.6,.7,89.5,0,3.1
131,청주,2022-09-01,23.5,20.1,28.5,,1.4,75.1,6.9,18.29
131,청주,2022-09-02,24.3,19.1,29.6,,2.5,64.3,8.2,19.95
131,청주,2022-09-03,24.4,21,28.6,,2.9,62.1,5.5,17.34
131,청주,2022-09-04,25,22.5,27.5,2.2,1.5,76.8,0,6.48
131,청주,2022-09-05,23,18.8,26.1,56,1.5,91.4,0,3.42
131,청주,2022-09-06,21.4,17.7,26.5,55,2.8,75.1,6.6,18.06
131,청주,2022-09-07,22,17.3,28.6,,1,66.4,8,20.93
131,청주,2022-09-08,22.8,16.2,29.6,,.8,60.9,11.7,24.17
131,청주,2022-09-09,23.9,18.5,30.1,,1.2,53.8,9.9,23.07
131,청주,2022-09-10,23.5,19.7,27.9,,1.6,44.6,7.2,18.42
131,청주,2022-09-11,24.4,20.2,28.6,0,1.2,59,7.9,17.4
131,청주,2022-09-12,24.1,21.3,27.2,2.5,.6,80.6,1.4,9.89
131,청주,2022-09-13,25.1,22.2,29.1,0,2.1,71.9,1,10.27
131,청주,2022-09-14,25.3,22.3,30.1,0,3.1,53,5.7,15.56
131,청주,2022-09-15,26.2,22.2,31,,2.4,58,9.1,19.92
131,청주,2022-09-16,26.7,22.8,31.6,0,1.9,66.8,10.2,21.47
131,청주,2022-09-17,27.8,24.3,33.3,,1.1,73.6,8.3,18.62
131,청주,2022-09-18,28.2,25,33.4,,2.6,69.8,7,18.09
131,청주,2022-09-19,24.8,19.2,29.4,,3.5,61,8.8,19.2
131,청주,2022-09-20,19.9,16.1,23.6,,1.6,56.9,5.8,13.47
131,청주,2022-09-21,19.4,14.1,25,,1.4,51.8,11,22.95
131,청주,2022-09-22,19.6,14.5,24.2,,.9,51.8,10.3,18.93
131,청주,2022-09-23,18.3,15.6,24.3,.3,1.6,59.5,9.1,16.54
131,청주,2022-09-24,18.5,12.6,24.2,,1.1,53.8,10.3,20.89
131,청주,2022-09-25,19.6,15.5,24.6,,.8,59.1,4.5,14.06
131,청주,2022-09-26,20,15.3,25.9,,1,55.4,6.9,15.72
131,청주,2022-09-27,20.7,13.6,27.8,,1,57.3,10.3,20.78
131,청주,2022-09-28,20.3,15.6,25.3,,.7,66.6,6.4,13.47
131,청주,2022-09-29,19.9,16.5,25.6,,.8,75.6,6.3,15.36
131,청주,2022-09-30,20.1,13.6,28.6,,.7,66.6,9.3,19.57
133,대전,2022-05-20,20.7,13.8,28.1,,1.5,51.6,9.1,24.49
133,대전,2022-05-21,20.8,14.2,28.7,,2,64,11.7,26.58
133,대전,2022-05-22,21.1,15.6,27.8,,3,67,13,27.77
133,대전,2022-05-23,22.6,15.9,30.3,,2.2,62.8,10.6,25.03
133,대전,2022-05-24,23.1,14.9,31.4,,1.9,49.6,13.1,28.75
133,대전,2022-05-25,22.3,15.6,29.6,,1.9,54.1,9.9,24.93
133,대전,2022-05-26,19.4,13.6,26.1,4.5,2.2,55.9,12.6,28.96
133,대전,2022-05-27,21.5,15.8,28.5,,2.9,51.8,12.7,29.26
133,대전,2022-05-28,23.1,16.5,29.9,,2.5,42.8,13.3,24.45
133,대전,2022-05-29,23.4,15,31.6,,1.6,50.3,12.9,27.92
133,대전,2022-05-30,21.4,18.1,25.4,0,2.1,66.1,.2,11.04
133,대전,2022-05-31,21.4,13,28.7,,1.9,39.5,13.1,29.47
133,대전,2022-06-01,23.2,15,31.8,,2.1,33.6,13.6,30.03
133,대전,2022-06-02,22.5,14.5,29.7,,2.1,58,13.3,29.17
133,대전,2022-06-03,24.8,17.6,33.1,,1.9,58.6,10.5,27.21
133,대전,2022-06-04,25.1,18.8,30.6,,3.4,49,7.6,21.68
133,대전,2022-06-05,18.6,16.9,24.7,6.2,3.1,78.8,0,5.28
133,대전,2022-06-06,19.4,16.6,23.7,2.8,2,78.3,3.8,13.09
133,대전,2022-06-07,17.3,14.8,20.5,0,2.4,77.6,1.6,8
133,대전,2022-06-08,20.7,15.4,27.9,.2,2.5,64.5,7.3,25
133,대전,2022-06-09,22.4,18.5,27.7,,1.6,66.3,5.7,20.99
133,대전,2022-06-10,23.6,17.1,30.1,,1.5,61.4,6.7,21.54
133,대전,2022-06-11,24.3,19,31.5,,2.1,57.8,8.1,23.43
133,대전,2022-06-12,24.3,19.3,29.6,0,2.8,56,7.9,21.95
133,대전,2022-06-13,23.1,19.7,27.8,0,3.6,54.3,9.8,25.13
133,대전,2022-06-14,17.9,15.9,20.7,6.3,3.4,76,0,7.39
133,대전,2022-06-15,19.8,15.4,26.2,36.5,1.8,80.1,3.7,14.49
133,대전,2022-06-16,22,18.8,27.7,0,1.8,61.6,7.9,24.17
133,대전,2022-06-17,23.4,17.1,29.5,0,1.3,69.8,6.9,18.5
133,대전,2022-06-18,25.2,21.7,29.6,0,1.6,69.3,5.6,18.14
133,대전,2022-06-19,25.1,21.6,29.2,,1.4,71.5,1.2,14.56
133,대전,2022-06-20,26.8,22.2,33,,1.4,67.1,8.3,24.21
133,대전,2022-06-21,28.1,21.9,35.7,,1.5,61.8,12.2,27.06
133,대전,2022-06-22,27.5,22.1,33.9,,2,61,10.9,26.95
133,대전,2022-06-23,25.1,22.8,29.9,29.6,2.2,83.3,1.1,7.06
133,대전,2022-06-24,25,23.1,29.1,10.7,2.7,77.8,6.5,22.56
133,대전,2022-06-25,27.8,22.8,32.9,,2.4,68.1,8.8,24.87
133,대전,2022-06-26,27.4,24.9,31.1,.2,2.5,72.8,2.2,11.14
133,대전,2022-06-27,28,25.3,31.1,3.6,3.2,71.8,.4,11.59
133,대전,2022-06-28,29.4,27.4,32,,5.2,60.1,3.5,17.57
133,대전,2022-06-29,26.7,23.9,29.8,18.6,3.3,79.3,0,7.26
133,대전,2022-06-30,27.2,24.5,31.6,2.9,2.5,78.5,2.6,16.29
133,대전,2022-07-01,28.6,22.6,34.5,,1.5,69,11.3,25.27
133,대전,2022-07-02,29.6,23.6,35.3,,1.3,65.9,12.5,28.12
133,대전,2022-07-03,28.1,23.2,34.7,38.7,1.4,73.1,7.2,20.23
133,대전,2022-07-04,27.6,23.4,33.5,0,1.2,76.5,4.9,17.32
133,대전,2022-07-05,28.2,24.6,33.7,0,1.3,77.3,3.2,17.9
133,대전,2022-07-06,30.1,25.5,35.4,,2.1,69.3,4.1,20.32
133,대전,2022-07-07,29.5,26.3,34.1,3.2,3,67.6,5.4,18.04
133,대전,2022-07-08,27.6,24.4,31.9,.9,1.8,74.6,3.5,13.92
133,대전,2022-07-09,26.5,23.2,30,,1,75.6,1.2,11.83
133,대전,2022-07-10,28.7,24,35.1,7.8,1.3,71.6,6.3,22.56
133,대전,2022-07-11,25.1,23.1,28.2,16.3,1.2,87.9,.3,9.27
133,대전,2022-07-12,27,23.1,30.4,0,1.4,78.1,.8,12.17
133,대전,2022-07-13,24.8,23.8,26.4,10.6,2.6,85.1,0,4.12
133,대전,2022-07-14,26,24,30,.5,2,81.3,2.6,13.23
133,대전,2022-07-15,26.1,22,31.5,,1.7,70.1,10.5,25.68
133,대전,2022-07-16,26.2,22.5,31.4,,2.1,68.9,9.7,24.64
133,대전,2022-07-17,26,21.7,30.9,,1.8,71.1,4.2,19.77
133,대전,2022-07-18,22.3,21.1,25.5,57.4,1.8,91.6,0,4.3
133,대전,2022-07-19,25,20.9,30.3,,1.5,81.3,4.1,19.12
133,대전,2022-07-20,27.6,22.9,32.7,0,1.3,70.4,7.6,24.2
133,대전,2022-07-21,23.8,22.7,26.3,13.7,2.3,86.1,1.5,6.22
133,대전,2022-07-22,25.7,22.1,30.5,,1.6,69.8,5.8,19.66
133,대전,2022-07-23,24.8,21.6,29.1,17.6,1.7,77.6,2.9,14.37
133,대전,2022-07-24,24.7,22.1,27.4,2.3,1.6,86.9,.1,9.71
133,대전,2022-07-25,27.2,23.5,32.6,.4,1.6,73.9,8.3,23.38
133,대전,2022-07-26,28.4,22.9,34.2,,1.4,71.1,9.9,23.13
133,대전,2022-07-27,27.6,24.5,31.8,,3.2,65.9,9.7,24.63
133,대전,2022-07-28,28.2,23.3,33.3,,3.2,69.3,9.5,23.13
133,대전,2022-07-29,30.3,25.3,35,,2.8,65.3,10,24.03
133,대전,2022-07-30,28.8,26.3,32.5,0,3.6,67.8,5.1,16.21
133,대전,2022-07-31,25.9,24.7,27.8,25.6,2,87.6,0,5.74
133,대전,2022-08-01,27.6,24.6,32.3,4.4,2.9,82,3.7,18
133,대전,2022-08-02,27.9,25.4,31.7,1.1,2.3,78.9,3.2,16.1
133,대전,2022-08-03,29.3,26.5,33.4,0,2.1,72.8,7,20.37
133,대전,2022-08-04,29.2,25.5,34.1,,1.7,74.5,7.5,20.8
133,대전,2022-08-05,28.7,25.7,33.3,3.5,1.8,78.1,5.4,17.91
133,대전,2022-08-06,29.9,26,34.3,,1.8,71.8,7.8,21.04
133,대전,2022-08-07,29.9,27,34.3,,2.3,74,5.1,19.7
133,대전,2022-08-08,28.6,27.7,29.8,0,3.1,71.4,.1,7.38
133,대전,2022-08-09,28,25.1,31.4,1.4,3.1,74.5,.5,10.1
133,대전,2022-08-10,25.3,23.9,28.1,192.9,2.2,92.3,0,2.5
133,대전,2022-08-11,24.4,24,26.2,58.2,2.3,93.6,0,1.73
133,대전,2022-08-12,27.3,23.5,32.7,.1,1.2,78.1,8.2,22.51
133,대전,2022-08-13,26,24,29.5,24,1.3,84.9,.3,7.01
133,대전,2022-08-14,26.7,24.1,30.4,6.5,1.6,86.5,.4,6.63
133,대전,2022-08-15,28.1,25.4,31.3,7,3.5,74.8,.7,12.85
133,대전,2022-08-16,25.8,23.3,30,32.9,2.1,84.3,4.4,13.64
133,대전,2022-08-17,25.6,22.6,30.4,8.2,1.2,82.3,2.4,12.15
133,대전,2022-08-18,25.1,20.3,30.6,,1.1,75.8,7.4,21.78
133,대전,2022-08-19,26.4,21.4,29.7,0,2,79.6,1.2,10.81
133,대전,2022-08-20,27,24.9,31.1,83.6,2,82.3,1.9,9.64
133,대전,2022-08-21,27.5,23.6,32.8,,1.5,72.3,10.2,23.41
133,대전,2022-08-22,27.3,23.6,31.7,,1.4,73,5.3,17.7
133,대전,2022-08-23,23.8,22.3,26,30.2,1,89.9,0,2.57
133,대전,2022-08-24,22.7,20.6,25,.2,3,77.9,.5,10.03
133,대전,2022-08-25,22.3,18.8,28.5,0,1.6,79.4,1.3,12.76
133,대전,2022-08-26,22.9,16.7,29.1,,1.4,70.6,10.5,23.1
133,대전,2022-08-27,21.6,17.2,26.5,,2.1,62.4,8.9,23.09
133,대전,2022-08-28,22.1,15.4,28.2,,1.9,60.8,11.8,25.27
133,대전,2022-08-29,19.6,17.7,21.8,4.5,2.1,79.3,0,4.19
133,대전,2022-08-30,19.1,17.4,20.6,30.2,1.1,92.9,0,3.2
133,대전,2022-08-31,21,19.7,23.3,7.2,1,90.3,0,6.25
133,대전,2022-09-01,22.4,19.7,27.8,,1.4,80.1,5,16.29
133,대전,2022-09-02,22.6,18.1,27.3,,3.2,72,3.2,14.7
133,대전,2022-09-03,23.4,20.7,26.7,0,3.6,70.3,4.1,15.07
133,대전,2022-09-04,24.5,21.4,28.1,.1,2.9,78.9,.1,8.81
133,대전,2022-09-05,22.6,18.7,25.4,46.5,1.6,93.4,0,3.94
133,대전,2022-09-06,20.2,17.1,25.8,41.7,3.6,79.8,4.5,13.05
133,대전,2022-09-07,20.9,15.8,28.2,,1.3,66,10.4,23.39
133,대전,2022-09-08,22,14.3,29.9,,1.2,66.3,11.8,23.95
133,대전,2022-09-09,22.9,17.4,29.2,,2,63.3,10,22.94
133,대전,2022-09-10,22,18,26.3,,2.5,62.1,4,16.36
133,대전,2022-09-11,24,20,28.9,0,2,64.4,5.1,17.43
133,대전,2022-09-12,22.9,20.5,26,1.6,1.2,83.5,0,8.2
133,대전,2022-09-13,24.5,21.2,28.5,0,2.1,69.4,.7,10.85
133,대전,2022-09-14,25,22.2,29.1,0,4,47,4.9,15.41
133,대전,2022-09-15,25.2,21.6,29.8,,4.1,62.8,8.5,19.23
133,대전,2022-09-16,25.4,21.1,31.3,.3,3.6,71.8,7.3,18.16
133,대전,2022-09-17,27.2,23.2,33,,1.4,73.1,9.5,19.95
133,대전,2022-09-18,27.3,23.8,33.1,,2.1,71.9,4.5,15.57
133,대전,2022-09-19,24.5,17.7,29.6,,4.1,61.5,8.1,18.7
133,대전,2022-09-20,19.2,15.1,24.7,,2.2,60.1,5.5,16.07
133,대전,2022-09-21,18.8,12.9,24.7,,2.5,59.3,11.5,22.59
133,대전,2022-09-22,18.4,12.9,24,,1.9,58.9,8.5,18.06
133,대전,2022-09-23,17.7,12.6,24.5,0,2.2,67,9.4,18.59
133,대전,2022-09-24,17.5,11.3,23.8,,1.6,60.6,10,20.81
133,대전,2022-09-25,18.5,14.4,24.8,,1.1,66.9,3.2,14.12
133,대전,2022-09-26,18.7,14.9,25.8,,1.1,67.6,3.4,12.82
133,대전,2022-09-27,19.4,12.8,28.1,,1.4,66.9,10.6,20.83
133,대전,2022-09-28,19.2,14.2,25.4,,1,73.9,5.2,12.93
133,대전,2022-09-29,18.8,14,26.4,,1.2,74.9,7.6,17.79
133,대전,2022-09-30,19.4,13,29.2,,1.1,67.3,8.1,18.67
135,추풍령,2022-05-20,19.6,13,26,,2.2,47.6,8.3,24.73
135,추풍령,2022-05-21,19.7,12.3,25.8,,4,61.4,12.5,28.2
135,추풍령,2022-05-22,21.7,14.8,28.2,,4.5,51.6,12.7,28.15
135,추풍령,2022-05-23,21.8,13.3,28.9,,2.4,58.1,10.5,25.56
135,추풍령,2022-05-24,22.2,15.3,29.7,,2.9,45.1,12.8,28.63
135,추풍령,2022-05-25,21.8,14.9,28.3,,3.6,48.5,11.5,26.82
135,추풍령,2022-05-26,18.7,14,24,.6,3.8,49.1,11.5,29.5
135,추풍령,2022-05-27,20.2,13.8,26,,4.4,43.6,11.5,27.57
135,추풍령,2022-05-28,20.5,10.6,28.6,,3,42.8,12.9,25.14
135,추풍령,2022-05-29,20.9,9.1,29.6,,1.6,43.8,12.1,27.9
135,추풍령,2022-05-30,20.1,17.1,24.3,.3,2.3,65.3,.6,14.6
135,추풍령,2022-05-31,20.6,14.6,27.3,,3.5,39.6,13.1,30.5
135,추풍령,2022-06-01,21.7,11.8,30.6,,2.6,37.9,11.7,29.57
135,추풍령,2022-06-02,21.6,11.8,29.3,,2.6,47.5,13.1,30.51
135,추풍령,2022-06-03,23,17,31,,2.9,55.6,12.5,29.35
135,추풍령,2022-06-04,21.3,14.1,27.3,,3,58.1,8.6,22.82
135,추풍령,2022-06-05,16.2,15.1,20.1,15.2,3.9,84.5,0,4.53
135,추풍령,2022-06-06,16.7,13.9,21,1.8,1.8,84,2.7,13.35
135,추풍령,2022-06-07,14.6,10.7,18.1,1.3,2,81.8,1.4,9.09
135,추풍령,2022-06-08,15.8,12.6,21.5,,2.1,77.9,4.6,17.36
135,추풍령,2022-06-09,18,12.6,25,4.6,1.6,80.1,6,21.87
135,추풍령,2022-06-10,19.9,13.3,26.6,,1.2,77.3,5.7,22
135,추풍령,2022-06-11,21.4,15.8,27.7,0,2.5,67.4,8,24.03
135,추풍령,2022-06-12,20,13.1,25.7,,2.2,66.5,8.3,24.07
135,추풍령,2022-06-13,19,15.8,23.7,,3.8,65.8,4.4,18.56
135,추풍령,2022-06-14,15.1,14.1,17.2,15.9,3.5,84,0,7.17
135,추풍령,2022-06-15,17.3,13.8,21.5,7.8,1.5,87.1,1.2,12.89
135,추풍령,2022-06-16,19.7,15,25.5,,2.3,71.8,9.7,28
135,추풍령,2022-06-17,22.6,12.8,29.8,,1.7,68.9,12,27.51
135,추풍령,2022-06-18,24.5,19,30,,2.2,69.9,11.2,27.29
135,추풍령,2022-06-19,24.6,18.8,30.5,,1.7,71.3,10.8,27.98
135,추풍령,2022-06-20,25.4,20.2,31.7,,1.7,70.5,8.6,25.07
135,추풍령,2022-06-21,26.9,19.4,33.8,,1.5,64.4,11.3,28.22
135,추풍령,2022-06-22,27.1,21.2,34,,2.5,59.5,10.8,28.84
135,추풍령,2022-06-23,24,19.6,27.3,17.9,1.4,83.5,1.7,7.3
135,추풍령,2022-06-24,24.7,22,29.2,33.6,3.6,76.5,5.8,20.42
135,추풍령,2022-06-25,25.6,18.5,32.2,,1.6,72,9.6,23.87
135,추풍령,2022-06-26,24.8,19.7,29.7,0,.9,82.5,1.9,13.23
135,추풍령,2022-06-27,25.1,21.7,28.8,.4,1.3,83.8,.3,9.77
135,추풍령,2022-06-28,27.2,23.5,32.1,,2.2,68.5,3,16.86
135,추풍령,2022-06-29,26.8,23.6,31.3,,1.8,72.5,1.6,14.42
135,추풍령,2022-06-30,25.9,21.5,29.7,0,1.4,77.8,1.9,13.89
135,추풍령,2022-07-01,25.5,19.2,32.4,0,1.3,78.6,9.1,24.82
135,추풍령,2022-07-02,27.3,20.3,33.7,,1.4,66.6,12.8,29.19
135,추풍령,2022-07-03,26.3,20.5,33.6,0,1.4,71.5,7.2,23.36
135,추풍령,2022-07-04,26.3,21.1,32.2,,1.3,74.1,7.4,21.98
135,추풍령,2022-07-05,26.1,22.2,31.5,7.9,1.5,80.8,2.9,16.57
135,추풍령,2022-07-06,26.6,22.3,31.1,9,1.8,80.6,3.2,17.86
135,추풍령,2022-07-07,27.8,22.8,32.5,,2.3,72.9,5.3,19.86
135,추풍령,2022-07-08,25.8,23.5,29.7,0,2.2,79,4.6,17.71
135,추풍령,2022-07-09,25,22.3,28.9,,3.5,77.4,4.2,18.2
135,추풍령,2022-07-10,26.9,21.7,33.7,13.9,1.5,75.6,7.2,23.17
135,추풍령,2022-07-11,23.6,22.1,26.8,9.1,.9,91.1,.7,7.01
135,추풍령,2022-07-12,24.6,21.4,28,0,1.7,84.5,.2,12.64
135,추풍령,2022-07-13,22.5,21.7,24.2,14.7,2.2,87.8,0,3.5
135,추풍령,2022-07-14,25.4,21.8,29,.5,3.3,79,4.8,21.29
135,추풍령,2022-07-15,24.5,20.3,29.6,,2.4,72.5,9.4,26.14
135,추풍령,2022-07-16,23.5,18.8,29.7,0,1.7,77.4,7,19.57
135,추풍령,2022-07-17,24,19.2,28.5,,1.9,75.3,4.3,18.54
135,추풍령,2022-07-18,20.6,20,22.1,87.4,1.6,92.4,0,2.98
135,추풍령,2022-07-19,24.3,20.3,29.7,.1,3.3,80.3,5.4,21.69
135,추풍령,2022-07-20,25.6,21.7,30.8,0,2.1,73.6,8.7,25.82
135,추풍령,2022-07-21,22.1,20.7,25.1,16.8,2.7,86.8,0,5.88
135,추풍령,2022-07-22,23.8,21.2,28.2,0,3.3,75,5.8,20.31
135,추풍령,2022-07-23,23.3,20,27.2,1.6,1.9,83,.4,11.4
135,추풍령,2022-07-24,23.9,20.6,27.7,9.2,1.8,85.5,.5,13.42
135,추풍령,2022-07-25,25.9,21.7,31.3,,2.3,76.3,9.5,26.13
135,추풍령,2022-07-26,25.7,20.2,31.3,,1.4,76.5,7.7,23.32
135,추풍령,2022-07-27,24.6,21.3,28.7,,2.8,74.4,6.6,19.37
135,추풍령,2022-07-28,24.9,21.5,29.2,,2.6,81,2.3,13.68
135,추풍령,2022-07-29,27.3,24,32.2,0,2.7,74.6,5.8,21.03
135,추풍령,2022-07-30,25.6,22,28.2,.1,2.5,80.3,1.2,9.47
135,추풍령,2022-07-31,25.1,24.2,26.5,18.8,3.6,85.5,0,3.75
135,추풍령,2022-08-01,25.8,24.7,26.8,2.2,2.7,83.4,0,4.59
135,추풍령,2022-08-02,26.1,23.7,31.2,1.2,1.2,84.5,2.8,14.23
135,추풍령,2022-08-03,27.3,21.7,32.6,,1.9,76.9,9.2,24.05
135,추풍령,2022-08-04,27.1,23.6,32,0,2,78.8,6,20.45
135,추풍령,2022-08-05,27.2,23.2,31.6,.3,2.4,80,6.2,17.77
135,추풍령,2022-08-06,28.2,24.6,32.9,,2.1,75.3,10.3,24.88
135,추풍령,2022-08-07,27.3,23.1,33.7,8.9,1.4,79.9,8.1,22.67
135,추풍령,2022-08-08,26.2,22.7,29.6,,1.2,80.1,0,10.73
135,추풍령,2022-08-09,26.6,23,29.7,.5,1.5,76.3,.5,11.03
135,추풍령,2022-08-10,24.7,22.7,27.5,22.5,1,87.8,0,5.65
135,추풍령,2022-08-11,23.3,22.7,24.3,38.8,.8,93,0,2.61
135,추풍령,2022-08-12,26,22.3,31.2,2.9,1.8,81.5,8.2,23.64
135,추풍령,2022-08-13,24.9,21.7,29.6,4.4,1.1,89.1,1.9,11.06
135,추풍령,2022-08-14,26.3,23.5,31.2,.6,.8,85.4,.6,11.57
135,추풍령,2022-08-15,26.9,22.4,31.5,0,1.6,75.3,3.7,17.21
135,추풍령,2022-08-16,23.6,21.5,27.7,67,1.8,88.8,1.3,7.73
135,추풍령,2022-08-17,23.8,21,28.8,26.7,1.5,86,3.6,15.01
135,추풍령,2022-08-18,23.7,20,29,,1.7,77,8.1,24.47
135,추풍령,2022-08-19,25.1,19,29.5,0,1.9,78.5,3.9,14.04
135,추풍령,2022-08-20,25.5,22.7,28.8,49.2,2.2,84.1,3.5,11.27
135,추풍령,2022-08-21,24.5,19.8,29.2,0,2.3,77,10.6,23.77
135,추풍령,2022-08-22,24.5,17.7,30.4,,1.3,76.8,9.6,23.03
135,추풍령,2022-08-23,22.9,21.8,25.7,20.7,.9,90.3,0,2.71
135,추풍령,2022-08-24,20.2,18.7,22.2,3.2,2.7,86.9,0,6.05
135,추풍령,2022-08-25,21.9,18.2,27.5,0,1.6,79.3,2.6,15.38
135,추풍령,2022-08-26,21.4,16.2,26.7,,2.6,72.5,11.2,25
135,추풍령,2022-08-27,20.2,14.5,24.3,,3.2,66.3,7,19.95
135,추풍령,2022-08-28,19.4,12.5,26.1,,1.7,68,11.5,25.79
135,추풍령,2022-08-29,17.8,16.3,20.1,1.7,1.6,82.8,0,5.05
135,추풍령,2022-08-30,18,16.7,19.1,10.1,1.8,91.5,0,2.65
135,추풍령,2022-08-31,19.9,18.7,23.6,11.7,1,91.3,.4,6.19
135,추풍령,2022-09-01,20.2,16.7,24.1,,1,87,1,10.38
135,추풍령,2022-09-02,20.3,16,23.1,,2.3,80.8,.3,8.68
135,추풍령,2022-09-03,20.1,18.8,22.6,0,3.2,85,.1,5.9
135,추풍령,2022-09-04,21.6,18.6,25.7,.7,1.6,88.8,.2,6.23
135,추풍령,2022-09-05,22.9,21.3,24.5,39.5,2.9,92.1,0,2.76
135,추풍령,2022-09-06,20,17.4,23.9,76.5,5.9,78.3,4.3,12.36
135,추풍령,2022-09-07,19.7,13.3,26.8,,2.2,68.4,11.2,24.46
135,추풍령,2022-09-08,19.3,11.8,26.8,,1.3,70.8,11.1,24.2
135,추풍령,2022-09-09,19.9,13.6,25.8,,2.1,72,10.3,23.17
135,추풍령,2022-09-10,18.8,15.8,23.5,,2.2,76,1.9,12.25
135,추풍령,2022-09-11,21,15.8,25.7,,1.7,78.1,4.6,16.4
135,추풍령,2022-09-12,20.5,18.2,23.7,0,1.3,85.6,.3,8.97
135,추풍령,2022-09-13,22.2,18.7,26.6,,2.3,76.1,2,13.1
135,추풍령,2022-09-14,21.9,18,26.7,,3.5,60,6.7,17.37
135,추풍령,2022-09-15,22.1,18.1,27.7,,3.6,72.6,9.7,20.25
135,추풍령,2022-09-16,21.3,18.2,25.6,,2.5,84.1,4,13.97
135,추풍령,2022-09-17,24.5,21,30.4,.3,1.3,82.4,5.8,17.94
135,추풍령,2022-09-18,25.1,21.5,29.1,.1,2.7,78.6,2,13.25
135,추풍령,2022-09-19,23.5,14.9,29.7,,3.6,66.9,6.6,17.64
135,추풍령,2022-09-20,16,11.5,22.1,,1.7,70.9,6.8,17.87
135,추풍령,2022-09-21,14.6,9.1,21.7,,1.6,72.1,8.9,20.73
135,추풍령,2022-09-22,15.5,8.1,22.4,,1.3,73.3,7.2,19.09
135,추풍령,2022-09-23,17.1,11.3,23.7,,3.2,68.3,8.2,19.94
135,추풍령,2022-09-24,16.2,11.1,22.3,,3,61.6,9.9,21.68
135,추풍령,2022-09-25,16.4,12,22.2,,1.2,74.3,1.3,12.6
135,추풍령,2022-09-26,16.5,13.1,21.7,,.9,77.8,.6,9.52
135,추풍령,2022-09-27,17.1,11,24.3,,1.4,75.1,10.3,21.02
135,추풍령,2022-09-28,16.9,11.5,23.5,,.9,79.6,4.6,13.68
135,추풍령,2022-09-29,17.8,11.3,26,,1.6,75.8,10.8,20.79
135,추풍령,2022-09-30,18.3,11,28.3,,1.3,64.9,10.5,21.09
136,안동,2022-05-20,20.3,13.4,26.8,,1.3,43.5,11.2,26.35
136,안동,2022-05-21,21.1,12.6,28.4,,2.1,56.6,12.4,28.22
136,안동,2022-05-22,22,15.1,29.9,,2.5,53.5,12.4,27.3
136,안동,2022-05-23,22.7,12.9,30.6,,1.4,53.8,12.3,27.75
136,안동,2022-05-24,24,16.7,32,,1.6,49.3,12.2,28.06
136,안동,2022-05-25,23.1,14.8,30.6,0,2,53.4,10.9,25.58
136,안동,2022-05-26,20.1,14.3,25.7,.4,3,46.9,12.2,30.27
136,안동,2022-05-27,20.4,14.1,26.6,,3.1,44.8,10,24.28
136,안동,2022-05-28,21.9,11.6,29.3,,1.8,46.9,12.8,25.09
136,안동,2022-05-29,23,12,31.1,,1.1,39.3,12.9,27.72
136,안동,2022-05-30,21.9,18.1,27.2,0,1.7,54.8,3.1,15.32
136,안동,2022-05-31,22.2,15.3,28.9,,2.3,42.9,12.8,29.61
136,안동,2022-06-01,23.1,13.6,31.3,,1.6,37.1,11.4,29.1
136,안동,2022-06-02,22.7,12.8,31.3,,1.7,39.8,12.8,30.27
136,안동,2022-06-03,22.2,15,31.1,,2.4,55.4,12.5,29.14
136,안동,2022-06-04,21,16.1,28.5,,2.2,61.9,8.8,22.54
136,안동,2022-06-05,17,16,18,16,1.5,84.5,0,3.52
136,안동,2022-06-06,17.1,11.9,21.1,0,1.3,78.3,1.3,11.27
136,안동,2022-06-07,15.4,9.9,21.8,.8,1.7,75,3.9,15.21
136,안동,2022-06-08,16.9,13.5,22.4,,1.4,68.9,4.3,17.04
136,안동,2022-06-09,18.9,12.1,25.9,,1.2,68.8,7.5,22.85
136,안동,2022-06-10,21.7,13.8,28.8,,1.1,63.4,9.8,25.07
136,안동,2022-06-11,22.3,17.7,27.6,,2.4,61.3,10.2,24.08
136,안동,2022-06-12,20.6,14.5,27,,2.3,64.1,11.6,26.1
136,안동,2022-06-13,19.5,16.5,24,,3,64,6.5,20.23
136,안동,2022-06-14,16.6,14.8,19.6,6.5,1.7,79.3,0,7.87
136,안동,2022-06-15,18.1,14.1,24.1,2.7,.9,84.6,3.8,14.37
136,안동,2022-06-16,20.7,16.4,25.5,,1.9,70,9.5,25.59
136,안동,2022-06-17,23.4,13.7,31,,1.2,64.4,11.9,28.68
136,안동,2022-06-18,26.1,21.1,32,,1.9,64.3,11,27.01
136,안동,2022-06-19,26.1,20.8,31.7,,2.2,65,11,27.83
136,안동,2022-06-20,26.7,19.7,33.7,,1.5,63.1,12.5,28.12
136,안동,2022-06-21,27.6,20.7,35.5,,1.7,61.1,12.4,28.51
136,안동,2022-06-22,28.7,22,35.5,,1.8,58.3,12.1,27.49
136,안동,2022-06-23,26.2,22.7,29.5,5.2,1.8,73.4,3,10.37
136,안동,2022-06-24,26.1,22.7,30.2,14.2,3,70.6,7.9,22.76
136,안동,2022-06-25,26.7,19.8,33.6,,1.6,67.5,10.2,26.11
136,안동,2022-06-26,26.7,23.2,30.9,,1.3,74.4,2.5,12.88
136,안동,2022-06-27,26.5,23.8,30.7,.9,1.7,77.1,.9,11.66
136,안동,2022-06-28,28.7,26.1,33.5,,3,64.8,7.8,21.88
136,안동,2022-06-29,28,25.6,33.1,1.1,2.3,70.5,2.2,14.43
136,안동,2022-06-30,26.7,24.5,31.9,.9,1.2,80.1,3.2,15.29
136,안동,2022-07-01,28.1,22.6,34.7,,1.3,70.3,12.8,29.51
136,안동,2022-07-02,29.9,21.8,36.3,,1.4,60.9,11.8,28.86
136,안동,2022-07-03,30.1,25.1,35.7,,1.7,58.1,11.7,27.42
136,안동,2022-07-04,29,23.8,34.9,,1.4,66.1,8.3,22.84
136,안동,2022-07-05,28.2,23.2,33.2,27.3,1.7,66.9,5.4,17.52
136,안동,2022-07-06,27,23.1,32.6,6.7,1.6,76.9,4.6,17.37
136,안동,2022-07-07,29.3,24.2,34.7,,1.6,66.8,4.2,16.39
136,안동,2022-07-08,28.4,25.2,32.8,.1,1.9,69.8,6.9,19.94
136,안동,2022-07-09,28.2,24.5,33.2,,1.8,67.9,7.4,21.79
136,안동,2022-07-10,27.7,24.2,35.1,0,2.2,70.4,7.1,21.62
136,안동,2022-07-11,24.2,22.7,27.2,32.8,.6,88.5,1.2,7.06
136,안동,2022-07-12,25.4,22.6,29.7,,1.8,73.8,4.6,16.71
136,안동,2022-07-13,23.4,21.8,26.6,31.1,1.3,83,0,7.06
136,안동,2022-07-14,25.7,22.3,30.1,0,1.8,80.4,4.5,17.07
136,안동,2022-07-15,25.7,21.2,31.4,,1.6,70.8,10.6,25.73
136,안동,2022-07-16,24.6,19.8,31,0,1.5,73.4,8.3,23.58
136,안동,2022-07-17,24.8,20.5,30.3,,1.5,74.4,6.1,18.86
136,안동,2022-07-18,22.5,21.4,24.1,14.2,.8,86.5,0,6.45
136,안동,2022-07-19,25.6,21.2,31.6,,1.4,76.9,7.5,23.28
136,안동,2022-07-20,27.2,22.6,32.3,,1.5,68.8,10.7,24.71
136,안동,2022-07-21,23.2,21.5,26.1,23.2,1.7,86.8,.2,7.15
136,안동,2022-07-22,23.6,21.3,29.1,.1,2,80.3,5,17.29
136,안동,2022-07-23,24.3,21.1,27.5,.4,1.3,79.3,2.7,13.29
136,안동,2022-07-24,24.6,21.5,29,16.6,1.2,85.3,2.7,16.56
136,안동,2022-07-25,27.2,23.7,32.5,1.4,1.5,76.4,10.7,25.98
136,안동,2022-07-26,26.5,22.1,34.4,,1.5,72.6,10.4,23.1
136,안동,2022-07-27,25.3,20.2,30.6,,2,72.5,8.4,21.65
136,안동,2022-07-28,25.5,22.7,30.1,.9,1.5,79.9,1.3,11.55
136,안동,2022-07-29,28,22.7,33.9,0,1.5,74.3,10.4,21.27
136,안동,2022-07-30,27.6,23.2,31.1,,2,73.3,3.5,15.15
136,안동,2022-07-31,26.3,25,28.8,4,1.6,83.8,.1,6.69
136,안동,2022-08-01,27.1,24.5,30,2.2,.9,83,.1,7.04
136,안동,2022-08-02,27.8,25.6,31.1,4.4,1.1,82.3,2,11.96
136,안동,2022-08-03,27.4,24.2,31.3,.1,1.2,82.9,6.6,15.34
136,안동,2022-08-04,28.6,24.3,33.7,,1.7,74.3,10.2,24.9
136,안동,2022-08-05,28.7,24.3,33.4,,1.7,75.3,10.8,23.17
136,안동,2022-08-06,29.4,25.5,34.2,,1.7,73.6,10.1,23.13
136,안동,2022-08-07,29.4,24.6,35.5,,1.5,73.9,10.2,23.96
136,안동,2022-08-08,28.2,26.3,31.7,,1.8,74.9,.4,9.6
136,안동,2022-08-09,27,24.6,29.2,5.3,1.1,81.1,0,9.8
136,안동,2022-08-10,25.1,23.9,27.5,31.4,.7,90.1,.1,4.35
136,안동,2022-08-11,24.3,23.6,25.2,25,.9,91.6,0,3.16
136,안동,2022-08-12,27.2,23.6,32.7,3,1.3,79.4,9,24.32
136,안동,2022-08-13,24.8,22.1,29.2,7,.8,88.8,.4,9.28
136,안동,2022-08-14,26,23.6,28.7,12.8,.5,90.4,.3,8.09
136,안동,2022-08-15,28.4,25.1,32,0,1.7,75.8,3.7,15.25
136,안동,2022-08-16,25.2,23,29.5,10.7,1.5,83,5.3,14.12
136,안동,2022-08-17,25.1,20.7,30,8.8,1.2,79.5,5.5,14.43
136,안동,2022-08-18,24,20.1,29.6,,.9,80.3,6.4,21.49
136,안동,2022-08-19,25.2,19.9,29.8,,1.1,81.6,3.9,14.81
136,안동,2022-08-20,26.3,23.2,31.1,10.1,1.6,81.5,4.7,15.28
136,안동,2022-08-21,25.7,20.7,31.2,,1.5,63.9,11.2,25.93
136,안동,2022-08-22,24.8,17.7,31.5,,1,73.5,10.1,23.71
136,안동,2022-08-23,23.5,22.1,26.1,6.3,.8,88.5,0,3.59
136,안동,2022-08-24,22.1,20.6,24.2,.2,1.2,76.5,0,7.12
136,안동,2022-08-25,22.3,18.2,28.1,.2,.9,81.8,4,15.95
136,안동,2022-08-26,22.8,16.7,28.9,,1.2,70,11.4,24.86
136,안동,2022-08-27,21.7,15.5,26.8,,1.6,65.5,8,21.51
136,안동,2022-08-28,20.7,13.3,27.7,,1.7,66,10.9,26.02
136,안동,2022-08-29,18.8,17,21.6,4.6,.8,85.8,0,4.98
136,안동,2022-08-30,19,17.5,20.8,34.6,.7,92.1,0,2.87
136,안동,2022-08-31,20.3,19.2,23.2,36.1,.6,90.6,.7,6.29
136,안동,2022-09-01,20.5,18.1,24.8,,.5,89.1,.8,9.63
136,안동,2022-09-02,21.5,16.2,26.4,,1.5,76.6,2.3,12.91
136,안동,2022-09-03,21.7,19.2,25.2,0,1.6,76,1.2,10.33
136,안동,2022-09-04,23.5,20.2,26.7,0,1,84.3,.5,8.99
136,안동,2022-09-05,23.9,21.6,26.7,12.3,1.1,89.3,0,3.84
136,안동,2022-09-06,20.7,17.5,24.5,17.1,2.7,77.1,5.9,13.37
136,안동,2022-09-07,20.4,13.5,27.6,,1.2,70.1,11.5,24.18
136,안동,2022-09-08,21.1,14.3,29.1,,1.4,68.6,10.2,24.01
136,안동,2022-09-09,20.9,15.2,28.6,,1.6,69.8,10,22.81
136,안동,2022-09-10,20.2,15.3,25.5,,1.1,71,5,13.51
136,안동,2022-09-11,21.8,17.7,27.2,,1.5,76.3,6.5,14.54
136,안동,2022-09-12,21.4,18,25.4,0,.7,79.4,1.6,9.96
136,안동,2022-09-13,23.2,19.2,28.1,,1.5,70.1,.4,3.79
136,안동,2022-09-14,23.4,19.5,28.5,,2.4,59.8,,
136,안동,2022-09-15,22.5,18.7,27.6,,2.6,68.6,11.6,22.38
136,안동,2022-09-16,23.4,19,28.7,,.9,78.5,2,10.48
136,안동,2022-09-17,25.9,20.2,32.6,.5,.9,75.6,8.4,20.17
136,안동,2022-09-18,25.9,21.8,31.3,,1.3,76.6,4.3,13.94
136,안동,2022-09-19,23,15.3,28,0,2.1,65.3,7.1,14.34
136,안동,2022-09-20,16.8,12.1,21.2,,1.8,68.4,7.3,17.35
136,안동,2022-09-21,16.1,10.3,23,,1.7,67.4,10.8,22.55
136,안동,2022-09-22,17.3,9.9,24.3,,1.1,71.9,8.9,19.37
136,안동,2022-09-23,17.7,13,26.1,,2.1,69.6,7.5,18.12
136,안동,2022-09-24,16.8,10,23.9,,1.3,60.4,10.6,22.15
136,안동,2022-09-25,17.1,12.6,22.5,,.7,74.1,3.5,12.01
136,안동,2022-09-26,17.1,13.3,22.2,,.5,80.4,1.6,9.93
136,안동,2022-09-27,19.1,14.2,26.2,,1.5,73.1,8.3,18.65
136,안동,2022-09-28,17.2,12.2,23.7,,.7,79.1,6.5,13.69
136,안동,2022-09-29,18.1,12.8,27.2,,.6,76,7.7,18.09
136,안동,2022-09-30,18.2,12.7,28,,.7,72.1,8.7,19.34
137,상주,2022-05-20,21.6,15.1,27.9,,1.5,44,10.6,26.18
137,상주,2022-05-21,21.9,14.6,28.7,,1.7,58.1,12.1,28.02
137,상주,2022-05-22,22.9,16.6,29.8,,2.2,54.9,12.3,27.6
137,상주,2022-05-23,23.8,14.9,31.5,,1.4,58.3,11.3,25.65
137,상주,2022-05-24,24.7,17.7,32.4,,1.5,43.8,12.4,27.9
137,상주,2022-05-25,23.8,16.3,31.6,,1.7,50,10.9,25.92
137,상주,2022-05-26,19.8,14.1,26.6,1,2.1,52.1,12.3,30.44
137,상주,2022-05-27,21.6,14.2,27.8,,2.5,44,11.9,29.54
137,상주,2022-05-28,22.5,13,30.4,,1.5,43.6,11.2,23.55
137,상주,2022-05-29,23.5,13.1,31.1,,1,41.1,12.5,27.08
137,상주,2022-05-30,21.9,18.7,27.2,.1,1.4,60.5,3.7,16.15
137,상주,2022-05-31,22.5,15.1,29.5,,1.8,39.1,12.2,29.59
137,상주,2022-06-01,23.6,14.1,33,,1.2,36.4,12,29.02
137,상주,2022-06-02,23.7,13.8,31.6,,1.5,45.5,12.2,28.18
137,상주,2022-06-03,24.4,17.9,33.1,,1.1,53.8,11.8,28.52
137,상주,2022-06-04,22.6,15.8,29.6,,.9,60.4,9.3,21.94
137,상주,2022-06-05,16.8,15.6,19.7,19.5,.9,90.3,0,2.93
137,상주,2022-06-06,17.6,15.2,24.1,14.7,.8,87.1,3.4,13.63
137,상주,2022-06-07,16.3,11.6,20.4,.1,.9,80.8,2.8,11.63
137,상주,2022-06-08,17.9,14.5,23.8,,.7,72.3,6.2,19.23
137,상주,2022-06-09,19.6,13.6,26.9,0,.8,73.9,6.5,21.61
137,상주,2022-06-10,21.8,14.6,28.2,,.7,70.9,9.8,23.91
137,상주,2022-06-11,21.8,17.1,29.9,.5,1,77.5,8.3,22.92
137,상주,2022-06-12,21.6,14.3,27.7,,.9,67.4,10.1,24.69
137,상주,2022-06-13,20.6,17.3,27.1,,1.4,63.8,6.4,20.27
137,상주,2022-06-14,16.4,15.1,18.3,9.3,.9,87.6,0,5.05
137,상주,2022-06-15,18.4,14.6,24,7.3,.7,88.9,3.6,13.98
137,상주,2022-06-16,21.3,17,27.1,,1.3,70.8,9.6,27.96
137,상주,2022-06-17,24.1,14.8,30.8,,1,70,11.6,26.84
137,상주,2022-06-18,26,21.7,31.3,,1.5,67.5,10.4,25.5
137,상주,2022-06-19,26,21.6,31.6,,1.1,69.3,8.5,24.03
137,상주,2022-06-20,27.5,21.5,33.4,,.8,67.9,10.4,26.81
137,상주,2022-06-21,28.8,21.2,36.1,,.8,63.3,12.3,28.67
137,상주,2022-06-22,29.3,23.8,35.4,,1.6,55.8,12.5,28.25
137,상주,2022-06-23,25.2,21.3,28.3,16,.9,83.6,1.7,8.83
137,상주,2022-06-24,26.2,23.2,30.7,16.8,2.2,73.8,8,23.64
137,상주,2022-06-25,26.3,22.1,33.8,3.3,1.2,76.4,8.6,22.33
137,상주,2022-06-26,26,21.8,30.7,0,.6,87,2.8,12.93
137,상주,2022-06-27,26.5,23.6,31,.9,.9,84,.9,11.93
137,상주,2022-06-28,28,23.7,33.9,,1.2,74.9,2.1,15.97
137,상주,2022-06-29,28.2,25.4,33.7,.2,1.6,74.1,3.7,17.26
137,상주,2022-06-30,28,24.7,32.9,.3,.9,78,3.6,18.24
137,상주,2022-07-01,28.3,22.2,34.2,,.7,74.4,10.7,26.31
137,상주,2022-07-02,28.8,22.2,35.9,,.7,68.6,10.9,27.19
137,상주,2022-07-03,29.1,23,36,,.9,67.3,10.6,25.27
137,상주,2022-07-04,28.9,23.6,35.1,,.8,71.1,8.7,23
137,상주,2022-07-05,28.8,24.2,35,0,.7,74.6,4.7,18.78
137,상주,2022-07-06,28.3,24,33.2,18.9,.8,79.4,5.4,17.01
137,상주,2022-07-07,28.8,24.6,34.5,.4,.9,78.3,4.2,16.31
137,상주,2022-07-08,28.2,25.3,33.2,.5,1.3,75.6,4.9,18.19
137,상주,2022-07-09,27.5,24.2,32.6,,1.7,73.6,5.3,19.42
137,상주,2022-07-10,28.4,23.2,35.8,67.5,1,76.4,8.2,24.79
137,상주,2022-07-11,24.6,22.8,27.5,7.2,.4,93.1,.7,6.93
137,상주,2022-07-12,25.9,23.7,29.1,2.5,.6,85.4,.6,10.35
137,상주,2022-07-13,23.3,22.6,24.6,22.5,.7,90.4,0,3.71
137,상주,2022-07-14,26.4,22.7,31.2,.2,1.3,82.1,3.9,14.6
137,상주,2022-07-15,26.4,22.5,31.7,,1.4,72.5,10.3,26.36
137,상주,2022-07-16,24.8,20.6,31.2,1.8,1,80,7.3,19.62
137,상주,2022-07-17,25.8,21.5,30.9,,1.4,75,8.2,22.53
137,상주,2022-07-18,22,21.3,23.7,41.5,.5,96.1,0,3.86
137,상주,2022-07-19,25.8,21.1,31.6,,1.3,80.5,6.2,22.61
137,상주,2022-07-20,27.4,23.6,32.8,0,1.1,74,8.9,24.06
137,상주,2022-07-21,23.1,21.2,25,21.6,1.4,91.5,.2,6.8
137,상주,2022-07-22,24.9,22.2,30.2,.6,1.4,78.5,2.9,14.18
137,상주,2022-07-23,24.4,21.2,28.6,2.2,.6,83.3,.5,12.2
137,상주,2022-07-24,24.3,21.5,28.4,12,.6,92,1.3,9.78
137,상주,2022-07-25,27.6,23.7,33.3,0,1.1,77.1,11.1,25.6
137,상주,2022-07-26,27.3,22.2,33.3,,.6,77.4,7.2,22.23
137,상주,2022-07-27,26,21.2,31.1,,.9,74.9,8.3,21.81
137,상주,2022-07-28,26,22.5,30.7,,.7,82.6,2,12.87
137,상주,2022-07-29,29.1,25,34.3,,.8,74.9,9,24.8
137,상주,2022-07-30,27.8,24.2,30.3,0,.8,78.3,3,13.58
137,상주,2022-07-31,25.9,24.8,28.5,12.3,.8,91.8,0,4.17
137,상주,2022-08-01,26.4,24.6,29.7,4.1,1,91,0,6.9
137,상주,2022-08-02,27.6,25.2,31.7,8.7,.8,87.3,3.4,13.91
137,상주,2022-08-03,28.8,23.8,33.9,0,1.1,80.1,8,20.84
137,상주,2022-08-04,29.3,25.8,33.7,0,1.6,75.1,7.1,20.77
137,상주,2022-08-05,28.8,25.1,33.7,.6,1.3,79.4,5.3,16.87
137,상주,2022-08-06,29.7,26.1,34.6,,1.2,76.4,8.9,22.05
137,상주,2022-08-07,29.1,25.2,35,.6,1,79.6,7.4,18.7
137,상주,2022-08-08,28.2,24.7,31,,1.1,77.8,.3,10.26
137,상주,2022-08-09,27.8,24,30.2,3.8,1,78.9,0,9.93
137,상주,2022-08-10,25.6,23.7,28.3,38.1,.7,92.8,0,4.85
137,상주,2022-08-11,24.4,24,25.7,31.6,1,97.5,0,3.3
137,상주,2022-08-12,27.4,23.5,32.7,.8,1,82.3,9.3,24.63
137,상주,2022-08-13,25.1,22.2,29.6,13.9,.5,93.8,1.2,9.78
137,상주,2022-08-14,26.9,24.2,31,10.1,.3,92.3,.5,8.97
137,상주,2022-08-15,28.4,24.4,31.6,0,1.5,77.3,1.9,13.98
137,상주,2022-08-16,25.1,23.1,29.2,21.7,1.5,89.6,3.2,8.89
137,상주,2022-08-17,25.4,22.1,30.6,3.8,.6,86.9,3.8,15.25
137,상주,2022-08-18,25,20.6,30.4,,.7,78.3,8.6,21.42
137,상주,2022-08-19,26.3,20.5,30.5,,1,81.3,3.9,14.39
137,상주,2022-08-20,26.8,24,30.2,19.4,1.3,86.6,4.6,11.65
137,상주,2022-08-21,26.2,22.7,31.6,0,.7,75.5,10.6,25.45
137,상주,2022-08-22,26.1,18.8,32.2,,.8,76.6,9.3,22.01
137,상주,2022-08-23,23.9,22.5,26.7,11.9,.5,92.3,0,2.28
137,상주,2022-08-24,21.8,19.6,24.1,4.8,.7,89.3,0,6.31
137,상주,2022-08-25,23.2,20.2,29.5,0,.7,81.5,3.8,16.87
137,상주,2022-08-26,23.6,18.3,29.3,,1.3,70.8,9.8,23
137,상주,2022-08-27,22.4,17.5,27.5,,1.6,65.9,7.5,21.18
137,상주,2022-08-28,20.8,13.3,27.7,,.8,68.6,10.9,25.71
137,상주,2022-08-29,18.9,18,20.7,6.7,.4,87.6,0,4.34
137,상주,2022-08-30,18.9,17.3,19.8,22.4,.5,97.1,0,1.81
137,상주,2022-08-31,21,19.7,24.3,17.3,.3,95.6,.6,6.49
137,상주,2022-09-01,21.2,18.7,25,,.4,91.4,1.4,9.3
137,상주,2022-09-02,22.1,18.6,26.7,0,.9,81.3,1.9,12.92
137,상주,2022-09-03,21.5,19.6,24.7,.4,.8,83.1,0,4.82
137,상주,2022-09-04,22.5,19.2,26.3,.7,.6,90.3,1.3,7.42
137,상주,2022-09-05,23.4,21.6,25,38,.7,100,0,2.89
137,상주,2022-09-06,21.1,18.2,26,70.1,2.3,80.6,4.9,15.84
137,상주,2022-09-07,22.1,17.2,28.8,,1.4,65.6,10.4,24.08
137,상주,2022-09-08,20.5,13.1,28.6,,.5,73.4,10.2,23.92
137,상주,2022-09-09,21.1,15.3,27.7,,.8,74.3,9.7,22.88
137,상주,2022-09-10,20.3,16.7,25.6,,.6,76.9,4.4,13.03
137,상주,2022-09-11,22.3,18,28.1,,.6,79.1,6.3,17.7
137,상주,2022-09-12,22,19.2,25,,.5,85.5,.7,9.6
137,상주,2022-09-13,23.5,20,28.2,,.7,75.5,3.3,13.51
137,상주,2022-09-14,23.3,19.1,29.3,,1.1,63.6,7,16.81
137,상주,2022-09-15,23.5,19.2,29.4,,1.1,72.6,8.7,18.78
137,상주,2022-09-16,22.9,19.8,27.6,0,.5,83.3,3,9.52
137,상주,2022-09-17,25.9,22.2,32,,.5,82.4,7.6,19.83
137,상주,2022-09-18,26.2,22.6,31.2,,1.1,81.3,2.9,11.71
137,상주,2022-09-19,25.1,16.7,30.7,,2.3,64.3,7.4,17.31
137,상주,2022-09-20,18,13.5,24,,.7,71.1,6.3,15.05
137,상주,2022-09-21,16.6,10.3,23.8,,.8,69.6,8.9,20.53
137,상주,2022-09-22,16.6,9.5,23.6,,.5,75.5,8.2,17.77
137,상주,2022-09-23,18,13.1,24.7,0,1.5,69.8,7.4,15.63
137,상주,2022-09-24,17.9,12.5,24.6,,1.5,60.3,9.2,20.94
137,상주,2022-09-25,17.2,12.8,22.8,,.6,78.4,2.6,11.53
137,상주,2022-09-26,17.5,13.3,23.2,,.4,82.1,2.4,10.76
137,상주,2022-09-27,18.1,13.4,26.2,0,.6,82.6,7.2,18.2
137,상주,2022-09-28,17.3,11.6,24.3,,.5,83.3,5.6,12.95
137,상주,2022-09-29,18.3,12.1,27.5,0,.5,83.1,6.7,17.09
137,상주,2022-09-30,18.3,12.6,28.7,,.5,76.9,6.2,17.23
138,포항,2022-05-20,23.4,19.3,29.1,,2.7,41,9.9,24.68
138,포항,2022-05-21,23.4,18.9,28.1,,2.5,50.6,11.9,23.3
138,포항,2022-05-22,23.1,16.9,32.1,,3.1,53.1,12.9,26.54
138,포항,2022-05-23,22.3,16.3,27.3,,2.8,57.9,11.1,25.53
138,포항,2022-05-24,24.7,20.6,29.8,,2.5,53.8,11.7,26.11
138,포항,2022-05-25,26.4,20.6,31.8,,3.1,48.4,10.9,25.34
138,포항,2022-05-26,23.1,20.2,27.8,,3,45.9,11.9,29.27
138,포항,2022-05-27,23.6,17.2,29,,3.1,36.3,13.5,26.45
138,포항,2022-05-28,26,18.1,32.7,,2.5,33.4,13.1,26.57
138,포항,2022-05-29,26.3,20.4,31.2,,3.2,33,13.4,27.75
138,포항,2022-05-30,19.4,17,23.9,0,1.9,74.3,3.8,17.19
138,포항,2022-05-31,22.1,15.8,27.8,,2.8,52.8,12.9,29.41
138,포항,2022-06-01,25,20.1,30.7,,2.9,37.9,11.3,26.11
138,포항,2022-06-02,25.3,19.6,33.8,,2.4,44.4,13.5,28.94
138,포항,2022-06-03,20.3,17.8,22.9,,3,76.8,11.9,27.88
138,포항,2022-06-04,19.1,17.3,21.2,,2.4,85.3,9.1,22.91
138,포항,2022-06-05,18.1,17.2,19.1,21.5,2.3,91.6,0,3.82
138,포항,2022-06-06,17.4,15.2,21,5.5,3.5,86.6,2.1,10.46
138,포항,2022-06-07,16.1,13.6,18.8,.8,2.8,80.5,2.8,13.64
138,포항,2022-06-08,16.9,14.8,18.9,0,2.1,74.8,2.3,9.53
138,포항,2022-06-09,18.6,15.5,22.1,,2.3,76.6,10.8,27.33
138,포항,2022-06-10,21.2,15.9,26,,1.9,74.5,9.1,23.15
138,포항,2022-06-11,20,18.4,21.8,,2.9,84.6,3.5,15.19
138,포항,2022-06-12,19.8,18.2,22.2,,3.2,79.1,7.9,22.44
138,포항,2022-06-13,19.5,17.8,20.8,,4.2,81,2.4,15.43
138,포항,2022-06-14,17.4,15.8,19.3,17.8,5.4,87.8,0,5.38
138,포항,2022-06-15,18.9,15.5,25.9,16.2,1.8,85.5,2.3,12.27
138,포항,2022-06-16,22.9,17.4,29.2,,2.2,69.6,12.9,27.03
138,포항,2022-06-17,26.3,18.8,32.8,,2.5,60,13.1,27.94
138,포항,2022-06-18,27.6,23.8,34.6,,2.7,64,8.7,24.48
138,포항,2022-06-19,29,24.4,34.6,,2.5,61.1,12.7,26.27
138,포항,2022-06-20,26.8,23.5,29.8,,2.7,70.4,12.6,26.91
138,포항,2022-06-21,25,22.4,28.6,,2.2,85.5,12.4,27.57
138,포항,2022-06-22,30.1,23.6,36.5,,2.8,63.4,11.8,25.76
138,포항,2022-06-23,29,24.5,32.3,0,4.1,67.3,8.2,19.62
138,포항,2022-06-24,27.9,24.4,31.8,34.8,3.6,71.4,4.8,14.07
138,포항,2022-06-25,28.2,23.9,33.7,,3.3,65.3,11.6,23.27
138,포항,2022-06-26,29.4,25.3,33,,3.8,66,9.8,20.9
138,포항,2022-06-27,27.5,25.9,31.4,9.7,2.5,79.1,1.1,8.06
138,포항,2022-06-28,28.7,26.1,32,0,3.7,70.3,5.8,16.32
138,포항,2022-06-29,29.6,26.9,34.3,,4.3,69.8,11.1,26.84
138,포항,2022-06-30,30.2,26.5,34.5,,3.3,65.1,10.2,23.44
138,포항,2022-07-01,29.9,25.2,34.9,,2.7,65.1,13.3,26.93
138,포항,2022-07-02,27.9,24.8,33.3,,2.7,67.4,12.9,27.9
138,포항,2022-07-03,29,24.8,34,0,2.2,68.1,8.7,19.37
138,포항,2022-07-04,28.3,24.8,31.3,0,2.6,72.4,5.8,11.04
138,포항,2022-07-05,24.9,22.5,27.8,,2.2,91.1,11.8,25.19
138,포항,2022-07-06,25,23.4,26.7,,2.1,93.1,4.9,16.1
138,포항,2022-07-07,29.6,25.2,35.1,,2.4,74.3,7.4,18.58
138,포항,2022-07-08,29.3,26.7,32.7,18.3,2.6,76.8,6.1,15.88
138,포항,2022-07-09,26.3,23.8,29.9,0,2.3,82.9,8.7,22.65
138,포항,2022-07-10,24.7,23,27.4,,2.1,92.4,5,17.87
138,포항,2022-07-11,25.7,23.5,30.2,3.6,1.6,86.4,3.8,11.91
138,포항,2022-07-12,23.6,22.1,25.9,,2.8,83,4.7,19.45
138,포항,2022-07-13,23.8,22.2,26,19.7,2.1,85.4,.1,6.76
138,포항,2022-07-14,24.7,22.6,29.8,,2.4,87,7.5,20.36
138,포항,2022-07-15,26.7,22.5,31.5,,2.2,76.4,12.1,23.07
138,포항,2022-07-16,26.1,23.1,31.2,2.3,2.3,79.3,10,21.83
138,포항,2022-07-17,27.4,22.1,32.2,,2.1,68.8,10.3,21.7
138,포항,2022-07-18,23.8,22.4,27.2,19.5,1.6,89.9,0,2.88
138,포항,2022-07-19,26.2,23.2,29.8,0,2.1,82,9.1,25.17
138,포항,2022-07-20,28.1,25.2,32.7,0,2.3,71.9,9.9,22.22
138,포항,2022-07-21,24.7,22.2,26.2,7.2,2.1,83,3.2,15.93
138,포항,2022-07-22,23.5,21.9,25.8,3.8,2,87.1,1.4,6.32
138,포항,2022-07-23,24.2,21.9,27,0,1.9,83.4,.1,7.48
138,포항,2022-07-24,25.7,23.3,28.5,3.3,1.9,89.4,6.1,16.4
138,포항,2022-07-25,24.9,24.2,26.8,,2.5,89.3,4.2,16.99
138,포항,2022-07-26,24.7,23.3,26.9,,2.1,87.4,3.3,15.78
138,포항,2022-07-27,25,22.9,27.1,,2.5,87.8,2.3,14.46
138,포항,2022-07-28,25.3,24.7,26,0,2.3,90.3,0,4.88
138,포항,2022-07-29,26.6,24.8,28.9,,2.1,90.3,6.1,18.79
138,포항,2022-07-30,26.6,25.9,28,0,3,89.1,.6,9.18
138,포항,2022-07-31,28.3,26.1,30.5,0,3.1,80.8,.5,9.6
138,포항,2022-08-01,30,27.8,32.3,,3.3,72.9,4,12.56
138,포항,2022-08-02,29.9,27.7,32.2,0,2.9,74.1,4.6,13.17
138,포항,2022-08-03,30.1,27.3,35.7,,2.5,73.1,10.3,20.5
138,포항,2022-08-04,29.6,26.7,35.5,,2.3,75.6,11.3,21.07
138,포항,2022-08-05,31.5,26.8,34.9,,2.4,66,10.2,19.34
138,포항,2022-08-06,31.7,28.9,35.3,,2.2,68.1,11,20.8
138,포항,2022-08-07,32.6,29.1,37.9,,2.8,65.9,10.4,23.14
138,포항,2022-08-08,31.3,29.2,34.4,,3.5,63.1,.3,12.45
138,포항,2022-08-09,30.2,28.7,32.1,0,3,65.1,.6,9.58
138,포항,2022-08-10,28.1,24.5,30.8,0,2.4,75.1,0,6.14
138,포항,2022-08-11,27.6,26.7,29.3,1.6,2.1,79.1,0,3.67
138,포항,2022-08-12,28.1,25.2,34.3,0,1.9,80.8,10.8,21.96
138,포항,2022-08-13,28,24,34.6,1,1.8,80.8,4.9,12.89
138,포항,2022-08-14,27.8,26.1,34.2,2.2,2,84.4,5.5,14.82
138,포항,2022-08-15,31.3,26.5,35,0,3.8,61.6,5.4,16.95
138,포항,2022-08-16,26.1,23.7,30.4,19.2,2.4,86.6,0,2.84
138,포항,2022-08-17,24.1,23,25.6,3.6,1.7,93.9,2.3,12.37
138,포항,2022-08-18,25,21.8,28.7,,2,81.9,7.3,19.93
138,포항,2022-08-19,28.4,23.4,33.2,0,2.7,71,4.7,17.62
138,포항,2022-08-20,26.3,23.6,29.6,35.1,2.2,85.6,0,5.37
138,포항,2022-08-21,24.5,21.9,26.7,,2.3,82.5,12.2,25.89
138,포항,2022-08-22,26.4,19.7,32,,2.1,69,11.3,23.75
138,포항,2022-08-23,25.3,21.9,28.4,3.2,1.9,83.3,.2,4.85
138,포항,2022-08-24,22.1,21.3,22.8,13.6,2.2,87.1,0,5.13
138,포항,2022-08-25,25,20.1,29.9,.3,1.9,75,7.7,19.6
138,포항,2022-08-26,24.4,21.9,27.8,.1,2.3,66.4,9.8,23.29
138,포항,2022-08-27,23.3,19.6,28.7,,2.5,66.3,6.1,14.52
138,포항,2022-08-28,21.6,16.8,24.8,,2.4,69.5,12.1,25.31
138,포항,2022-08-29,22.2,19.4,24.8,0,1.4,75.8,1.1,8.14
138,포항,2022-08-30,21.4,20.7,22.7,40.2,1.1,89.3,0,2.67
138,포항,2022-08-31,21.3,20.6,21.9,21.1,1.8,92.4,0,2.86
138,포항,2022-09-01,22.4,20,24.6,0,1.7,82.9,4,10.38
138,포항,2022-09-02,22.1,21,24.2,47.9,3,90.6,.4,5.33
138,포항,2022-09-03,21.3,20.4,23.4,25.2,3.1,95.4,0,3.92
138,포항,2022-09-04,22.8,20.9,24.9,14.3,1.7,98.1,1.4,6.04
138,포항,2022-09-05,24.2,21,28.7,36.3,2.9,92.3,0,4.75
138,포항,2022-09-06,22.3,19,26.3,342.4,5.5,75.8,6.9,14.73
138,포항,2022-09-07,21.8,18.2,26.3,,2.1,66.5,11.4,23.8
138,포항,2022-09-08,21.2,16.8,25,,2,72.9,11,21.94
138,포항,2022-09-09,22.5,19,25.2,,2.8,76.8,9.8,20.61
138,포항,2022-09-10,22.4,21.1,23.5,,3.6,82.1,.8,8.64
138,포항,2022-09-11,22.9,21.2,24.9,,2.5,82.4,1,9.14
138,포항,2022-09-12,22.3,20,24.5,.5,1,82.6,.8,7.81
138,포항,2022-09-13,23.6,21.9,25.4,,3.5,78.9,5.3,16.19
138,포항,2022-09-14,23.5,22.6,25.2,,4.9,81,3.8,11.05
138,포항,2022-09-15,23.3,22.7,24.6,,4.5,78.4,5.4,16.19
138,포항,2022-09-16,23.1,21.9,24.4,0,1.6,90.5,.3,5.91
138,포항,2022-09-17,25,22.1,27.7,0,1.5,89.9,5,14.36
138,포항,2022-09-18,24.9,23.3,27.7,8.7,4.8,83.3,1.1,10.89
138,포항,2022-09-19,22,19.4,24.3,36.7,5.9,80.1,2.5,6.03
138,포항,2022-09-20,19.3,16.4,21.3,,4.3,62.8,7.2,13.21
138,포항,2022-09-21,18.6,14.3,21.3,,2.8,64.3,11.2,22.51
138,포항,2022-09-22,19.8,15.1,23.5,,1.8,72.6,7.5,15.81
138,포항,2022-09-23,21.7,17.1,28,,2.6,61.3,10,18.04
138,포항,2022-09-24,19.7,14.8,24.9,,2.4,51.9,8.8,17.78
138,포항,2022-09-25,19.4,16.4,22.1,,1.4,67.3,1.4,7.9
138,포항,2022-09-26,19.5,16.9,22.2,0,1.4,74.6,0,6.28
138,포항,2022-09-27,20.5,18.2,24.2,,2.1,76.3,6,13.96
138,포항,2022-09-28,20.5,17.1,24,,1.6,77.3,3.3,11.67
138,포항,2022-09-29,21.4,16.6,27.3,,2.3,71.4,11.2,20.24
138,포항,2022-09-30,22.2,17,28.1,,2.2,68.5,11.1,19.62
140,군산,2022-05-20,19.3,14.5,24.8,,1.9,63.8,8.8,
140,군산,2022-05-21,18.1,13.9,22.6,,2.7,80.4,11.6,
140,군산,2022-05-22,19,14.3,23.3,,2.7,77.8,11.6,
140,군산,2022-05-23,20,16.2,26.4,,2.5,75.8,8.3,
140,군산,2022-05-24,20.1,14,26.4,,2.1,70.1,12.5,
140,군산,2022-05-25,19.2,14.8,24.1,.8,2.8,76.4,8.4,
140,군산,2022-05-26,17.2,12.7,21.4,2.3,3,71.9,12.8,
140,군산,2022-05-27,19,14.2,23.2,,3.3,73.9,11.9,
140,군산,2022-05-28,21.4,15.6,27.1,,2.9,58.8,12.1,
140,군산,2022-05-29,21.1,15.8,25.5,,2.4,68.3,11.8,
140,군산,2022-05-30,19.3,15.4,23,1.8,2.7,82.6,1,
140,군산,2022-05-31,18.4,12.2,24.3,,1.8,62.3,12.3,
140,군산,2022-06-01,20.5,14.9,27.3,,2.7,54.2,12.7,
140,군산,2022-06-02,20.1,15,24.7,,2.8,78.5,12.6,
140,군산,2022-06-03,21.7,18.8,27.4,,2.2,77.4,10.6,
140,군산,2022-06-04,23.4,18.4,30.6,,1.8,71.6,7.5,
140,군산,2022-06-05,19,17.1,22.8,12.5,2.1,78.5,0,
140,군산,2022-06-06,19.4,16.7,23.3,0,1.4,84.8,3.9,
140,군산,2022-06-07,17.8,14.9,20.8,2.3,1.6,84.5,.9,
140,군산,2022-06-08,19.8,16.7,23.8,,2.4,78.6,8.2,
140,군산,2022-06-09,20.4,16.7,25.6,,2.2,80.4,9.6,
140,군산,2022-06-10,21.6,16.3,27.5,,2,75.3,6.5,
140,군산,2022-06-11,23.7,19.2,29.8,,2.1,66.6,10.6,
140,군산,2022-06-12,21.9,19.4,26.5,,2.6,78,8.8,
140,군산,2022-06-13,22.8,18.5,28.7,,1.7,68.8,6.8,
140,군산,2022-06-14,18.5,16.5,21.2,1.1,2.6,74.3,.2,
140,군산,2022-06-15,19.8,15.7,23.6,13.5,2.7,84.3,3.2,
140,군산,2022-06-16,20.2,17.1,23.6,,2.3,75.6,10.3,
140,군산,2022-06-17,21.8,16.8,27.2,0,1.8,82.6,1.5,
140,군산,2022-06-18,23.1,20.1,26.5,,2.2,81.4,5.8,
140,군산,2022-06-19,23.6,20.2,27.1,,2,83.5,4.9,
140,군산,2022-06-20,24.2,20.5,27.9,,2.1,82.6,11.7,
140,군산,2022-06-21,23.8,20.3,28.4,,2.4,83.6,12.2,
140,군산,2022-06-22,24.2,20.3,30.1,,2.3,79.1,11.9,
140,군산,2022-06-23,24.7,21.5,27.7,18.8,3.6,89.3,.6,
140,군산,2022-06-24,23.8,22,26.4,7.2,3.9,87.6,2.1,
140,군산,2022-06-25,26.5,22.5,30.4,,3.3,79.4,6,
140,군산,2022-06-26,27.3,24.2,31.6,,4.1,77.8,2,
140,군산,2022-06-27,27.7,25.2,30,.3,4.6,77.9,.9,
140,군산,2022-06-28,28.7,26.8,31.6,,6.2,71.4,3.7,
140,군산,2022-06-29,26.4,24.2,29.7,37.9,4.1,86.5,.2,
140,군산,2022-06-30,27.4,25.1,30.5,1.3,3.3,79.6,1.2,
140,군산,2022-07-01,27,23.4,32.6,,2.7,80.3,11.2,
140,군산,2022-07-02,27.1,22.7,31.3,,1.8,79.8,11.8,
140,군산,2022-07-03,27.9,23.9,33.1,0,1.9,75.6,10.5,
140,군산,2022-07-04,27,24.2,31.2,,1.6,82.1,4.1,
140,군산,2022-07-05,26.7,24.7,29.1,0,1.5,84.1,1.8,
140,군산,2022-07-06,29.3,24,34.7,,2.7,73.1,6.2,
140,군산,2022-07-07,28.8,26.6,34.1,6.1,3.7,77.9,5.1,
140,군산,2022-07-08,26.5,23.9,29.6,1,3.1,83.8,6.1,
140,군산,2022-07-09,26,23.2,29.6,,2.3,82.3,7.8,
140,군산,2022-07-10,27.1,23.1,32,1.1,1.7,81.8,6.1,
140,군산,2022-07-11,26,24.1,29.7,24.5,1,90.1,1.8,
140,군산,2022-07-12,27,24.2,29.3,0,1.1,86.4,.2,
140,군산,2022-07-13,26,24.5,28.1,3,3.5,83.4,0,
140,군산,2022-07-14,24.8,22.9,26.3,3.5,3.3,88.1,.4,
140,군산,2022-07-15,25.1,21.1,29.8,,1.8,80.8,10.5,
140,군산,2022-07-16,25.5,22.5,28.9,,2.7,81.4,8.6,
140,군산,2022-07-17,25.9,22.5,29.1,,1.7,80,5.4,
140,군산,2022-07-18,22.6,21.1,25,71.6,2.3,95.3,0,
140,군산,2022-07-19,24.8,20.7,28.3,,2.5,86.5,4.7,
140,군산,2022-07-20,26.5,22.8,31.3,5.7,2,82.8,7.8,
140,군산,2022-07-21,24.1,22.9,25.7,13.1,5.2,87.6,1.3,
140,군산,2022-07-22,25,22.2,28.1,,3.3,79.5,10.6,
140,군산,2022-07-23,24.2,21.5,27.5,5.7,2.2,85.8,1.5,
140,군산,2022-07-24,24.6,22.4,26.9,2.5,3.2,92.4,.7,
140,군산,2022-07-25,26.1,24,29.1,,2.3,83.4,9.7,
140,군산,2022-07-26,26.6,22.9,30.7,,2.3,84.6,10.4,
140,군산,2022-07-27,27.6,23.7,32.5,,1.7,77.4,8.3,
140,군산,2022-07-28,27.8,23.6,33.9,,1.9,74.5,11.4,
140,군산,2022-07-29,29.8,24.6,35.7,1.3,1.2,73.9,9.8,
140,군산,2022-07-30,28.9,26.5,32.7,0,2.1,74.5,4.6,
140,군산,2022-07-31,26.5,25.4,27.8,13.1,2.6,88.8,0,
140,군산,2022-08-01,28.2,25.4,32.7,25.3,3.1,83.6,3,
140,군산,2022-08-02,27.9,25.9,30.7,.8,3.8,84.4,2.3,
140,군산,2022-08-03,27.9,25.4,30.9,1.5,2.9,87.5,7.3,
140,군산,2022-08-04,28.3,26.4,31.3,3.6,2.8,87.3,9.2,
140,군산,2022-08-05,28.4,25.9,31.3,3.4,2.9,86.6,4.4,
140,군산,2022-08-06,29.2,26.1,32.1,,2.4,83.4,8.7,
140,군산,2022-08-07,29.3,26.7,33.2,,2.6,82.5,3.7,
140,군산,2022-08-08,28.4,26.6,31.5,,3.5,81.1,.7,
140,군산,2022-08-09,28.5,26.3,31.2,0,3.9,79.6,1,
140,군산,2022-08-10,26.6,24.1,28.7,96.8,3.1,91.9,0,
140,군산,2022-08-11,25.4,24.3,26.4,110.9,3,95.8,0,
140,군산,2022-08-12,26.2,23.8,29.6,0,1.6,83.6,9,
140,군산,2022-08-13,25.7,23.3,29,5.5,2,90.8,.9,
140,군산,2022-08-14,27.9,25.7,30.5,0,3.2,85.8,.6,
140,군산,2022-08-15,28.7,26,32.8,.9,4.5,79.8,3.3,
140,군산,2022-08-16,25.5,23.3,27.7,31.5,1.9,92.9,.7,
140,군산,2022-08-17,24.9,22.1,28.7,0,2,85.4,7.4,
140,군산,2022-08-18,25,21.2,29.3,,1.6,79.4,10.1,
140,군산,2022-08-19,26.6,21.7,30.7,,3.3,85.8,.9,
140,군산,2022-08-20,26,23.3,29.1,29.1,2.7,89.9,5.2,
140,군산,2022-08-21,25.9,22.2,30.2,,1.8,86.1,7.7,
140,군산,2022-08-22,26.9,23.7,31.7,,2.1,80.9,7.1,
140,군산,2022-08-23,25,23.7,27.7,11,2,90.3,0,
140,군산,2022-08-24,22.9,20.8,26.3,.4,1.3,86.5,2.9,
140,군산,2022-08-25,22.5,19.6,27.4,0,2,78.1,4.3,
140,군산,2022-08-26,22.8,17.4,26.9,,1.8,76.5,10.8,
140,군산,2022-08-27,21.6,17.5,25.9,.2,2.6,69.3,8.4,
140,군산,2022-08-28,21.6,14.4,28.1,,1.4,67.4,10.2,
140,군산,2022-08-29,19.9,19.4,21,.9,1.5,84.5,0,
140,군산,2022-08-30,19.7,18.1,20.7,18,2.2,93.6,0,
140,군산,2022-08-31,21.8,20.2,25.2,1.1,1.2,89.6,1.1,
140,군산,2022-09-01,23,19,28.2,,1.1,81,5.9,
140,군산,2022-09-02,23.5,19.9,27.9,,2.4,72.4,6,
140,군산,2022-09-03,24.7,21.7,29.8,0,2.4,72.4,7.4,
140,군산,2022-09-04,24.6,21.8,29.8,6,2.2,83.8,0,
140,군산,2022-09-05,22.4,18.9,25,55.6,2.3,95.3,0,
140,군산,2022-09-06,20.9,18.3,24.3,16.8,4.7,84.5,7.4,
140,군산,2022-09-07,21.4,18.2,26.6,,1.7,85.9,8.5,
140,군산,2022-09-08,21.8,16,26.7,,1.3,77.4,10.8,
140,군산,2022-09-09,23.6,17.3,28.9,,1.3,65.1,10.7,
140,군산,2022-09-10,22.4,19,27.1,,1.5,68.1,4,
140,군산,2022-09-11,23.3,19.6,27.9,0,1.6,70.3,7.9,
140,군산,2022-09-12,22.8,20.5,26.1,1.6,.9,90.6,0,
140,군산,2022-09-13,24.1,22,26.6,.2,1.8,79.3,.2,
140,군산,2022-09-14,24.6,22.4,27.9,.4,3.2,52.4,4.8,
140,군산,2022-09-15,26,22.1,31.6,,3,67.1,8,
140,군산,2022-09-16,26.8,22.8,32.4,,2.6,75.5,4.6,
140,군산,2022-09-17,26.7,23.2,31,,1.7,80.4,10.8,
140,군산,2022-09-18,27.9,24.3,32.8,0,2.1,74,3.8,
140,군산,2022-09-19,24.9,19,29.7,,4.4,67,9.5,
140,군산,2022-09-20,19.7,16.2,24.7,,1.5,64,7.2,
140,군산,2022-09-21,19,14.9,24.9,,1.4,70.6,11.3,
140,군산,2022-09-22,18.3,13.1,23.8,,1.1,71.4,7.6,
140,군산,2022-09-23,17.3,13.8,23.2,0,2.7,74.6,8.3,
140,군산,2022-09-24,17.9,11.7,22.8,,1.7,75.5,8.5,
140,군산,2022-09-25,18.7,12.9,23.8,,1.2,74.5,1.6,
140,군산,2022-09-26,18.8,15.6,25,,1.1,80.1,2.7,
140,군산,2022-09-27,19,12.7,25.9,,1.4,78.4,11.2,
140,군산,2022-09-28,19.4,15.9,24.8,,1.1,84.1,3.1,
140,군산,2022-09-29,17.7,14.2,23.5,,1.6,84.6,8.3,
140,군산,2022-09-30,18.8,13.3,26.4,,1.5,82.9,10.6,
143,대구,2022-05-20,22.8,17.1,28.6,,1.9,43.3,8.5,23.69
143,대구,2022-05-21,23.7,17.9,29.7,,3.1,51.5,12.8,28.2
143,대구,2022-05-22,24.8,18.6,32.7,,3.7,45.6,12.7,27.59
143,대구,2022-05-23,24.3,15.4,32.3,,2.1,53.9,10.3,24.95
143,대구,2022-05-24,26.4,19.3,33.2,,2,45.5,12.2,27.43
143,대구,2022-05-25,25.5,18.8,33.2,,1.8,54.9,10.3,25.46
143,대구,2022-05-26,22.9,18.7,27.5,,3.4,41.6,12.6,30.1
143,대구,2022-05-27,23.8,16.4,29.5,,4.1,37.3,13.3,28.06
143,대구,2022-05-28,24.9,15.2,33,,1.9,39,13.3,25.62
143,대구,2022-05-29,24.9,16.2,33,,1.7,40.5,13.5,29.18
143,대구,2022-05-30,24.3,20.5,29.6,0,2.1,53.8,1.4,15.53
143,대구,2022-05-31,24.7,18.6,31.1,,2.9,39.4,13.4,29.65
143,대구,2022-06-01,24.7,18.7,33.1,,1.7,39.6,10.6,26.43
143,대구,2022-06-02,26.1,17.5,33.5,,2.3,44.5,13.3,29.26
143,대구,2022-06-03,23.5,18.7,30.4,,3.9,61.5,12.4,28.06
143,대구,2022-06-04,22.1,17.9,28.8,,3.7,67,8.5,23.41
143,대구,2022-06-05,18,17,19.3,32.2,2.7,92.5,0,5.28
143,대구,2022-06-06,18.7,15.9,23.1,.8,1.9,84.6,2,11.13
143,대구,2022-06-07,16.5,13.9,21.1,1.1,2.9,85.1,3.7,13.63
143,대구,2022-06-08,17.5,14.5,22.3,0,2.5,77.8,3.2,16.15
143,대구,2022-06-09,20.4,13.3,28.2,,2,70.5,8.5,24.53
143,대구,2022-06-10,22.7,15.2,29.7,,1.5,67.1,7.8,22.57
143,대구,2022-06-11,21.4,18.4,26.1,,3.4,74,7.1,21.36
143,대구,2022-06-12,20.7,16.4,25.8,,3.2,73.1,7.7,23.88
143,대구,2022-06-13,19.9,17.2,24,,4.2,75.6,4,17.7
143,대구,2022-06-14,16.9,15.9,19.2,3.1,2.7,92.4,0,6.93
143,대구,2022-06-15,19.7,15.5,25.3,3.7,1,88.6,2.2,14.37
143,대구,2022-06-16,23.2,16.8,28.9,,1.8,69.6,11.7,28.2
143,대구,2022-06-17,25.9,17.4,34.2,,1.5,63.9,11.9,27.8
143,대구,2022-06-18,27.9,22.2,34.3,,2.1,65.3,9.8,25.89
143,대구,2022-06-19,28.9,23.8,34.5,,2.2,63.1,9.9,25.9
143,대구,2022-06-20,28.6,23.6,35.6,2.2,1.9,69.8,10.5,24.93
143,대구,2022-06-21,27.8,22.2,34.1,,2.3,72.6,10.9,27.25
143,대구,2022-06-22,29.9,23.6,37.1,,1.6,65,10.2,25.27
143,대구,2022-06-23,27.9,23.4,31.6,.2,2,72.8,1.6,10.84
143,대구,2022-06-24,28.1,23.1,32.9,32.4,3.1,70,7.9,22
143,대구,2022-06-25,28.2,22.8,34.4,,2.4,67,12,25.75
143,대구,2022-06-26,28.4,24.4,32.8,,1.7,72.1,4,14.82
143,대구,2022-06-27,27.3,25.4,30.1,5.4,1.8,86.3,0,6.72
143,대구,2022-06-28,28.9,24.8,32.3,.7,2.6,71.3,4.2,18.53
143,대구,2022-06-29,29.5,27.7,33.7,0,2.4,68.5,3,15.1
143,대구,2022-06-30,29.8,26.5,34.8,,1.9,68,7.3,19.7
143,대구,2022-07-01,29.8,24,36.2,,1.4,68.6,11,24.03
143,대구,2022-07-02,29.9,22.5,36.8,,2,63.9,11.8,27.55
143,대구,2022-07-03,29.3,25.3,35.1,1,1.6,69.6,7.1,20.25
143,대구,2022-07-04,28.8,25.8,32.8,0,1.4,72.5,5.9,15.11
143,대구,2022-07-05,28.8,24.6,33,0,1.8,72.1,4.5,15.57
143,대구,2022-07-06,28.5,25.3,33.8,2.9,2.3,81.4,3.7,18.73
143,대구,2022-07-07,29.7,25.1,35.3,,2.2,74.3,5.6,19.96
143,대구,2022-07-08,28.5,26,33.6,17.2,1.3,84.6,2,11.75
143,대구,2022-07-09,28.7,24.3,33.8,,2.3,71.3,9.3,23.33
143,대구,2022-07-10,28.1,24.1,33.4,,2.7,76.5,10.3,24.32
143,대구,2022-07-11,26.4,23.9,29.7,9.5,1.4,86.6,1,9.31
143,대구,2022-07-12,25.6,23.6,29.4,,3.8,75.3,2.2,16.7
143,대구,2022-07-13,24.4,22.5,27.7,15.2,2.2,85.6,0,8.46
143,대구,2022-07-14,28.2,23.1,33.6,,1.7,77.5,7,20.9
143,대구,2022-07-15,28.3,23.3,33.2,,1.9,64.5,13.4,26.72
143,대구,2022-07-16,26.8,21.4,34,,1.9,71,8.5,21.88
143,대구,2022-07-17,27.3,21.5,33,,1.9,68.6,7.5,21.34
143,대구,2022-07-18,22.9,21.6,27.2,34,1.5,95.6,0,4.8
143,대구,2022-07-19,27.6,22.6,34.1,.2,1.5,74.4,6.2,20.49
143,대구,2022-07-20,29.4,25.4,34.1,,2.2,62.5,11.4,25.93
143,대구,2022-07-21,26,21.8,32.3,5,2.8,80.9,3.1,15.48
143,대구,2022-07-22,25.8,22.6,29.7,,2.9,71.6,2.1,13.94
143,대구,2022-07-23,24.9,22.1,28.6,0,2.1,82,0,10.79
143,대구,2022-07-24,27.4,22.3,32,1.1,2.2,77.6,3.3,15.89
143,대구,2022-07-25,28.8,24.9,35.5,,2.1,72.6,9,25.09
143,대구,2022-07-26,26.9,23.1,34,,2.9,79.4,9.5,26.28
143,대구,2022-07-27,25.6,22,29.9,,3.3,79.5,10.5,23.79
143,대구,2022-07-28,26.2,24.2,29.6,0,2.9,85.5,2,13.28
143,대구,2022-07-29,28.7,24.5,33.9,,3.3,77.8,10.6,25.57
143,대구,2022-07-30,27.8,25.9,30.3,0,4,83.9,1.8,14.02
143,대구,2022-07-31,27.1,25.3,29.5,2.7,2.5,92,.2,8.34
143,대구,2022-08-01,29.4,26.8,31.2,0,2.2,76.6,.1,7.16
143,대구,2022-08-02,27.9,25.7,32.6,4.7,1,91.8,1.5,9.08
143,대구,2022-08-03,30.6,26.3,37.1,.5,2.1,78.8,8.7,22.24
143,대구,2022-08-04,30.7,27.4,35.3,0,2.4,75.9,7.1,19.73
143,대구,2022-08-05,30.8,26.5,35.2,,1.9,75,7.6,19.34
143,대구,2022-08-06,31.6,26.6,36.8,,1.7,72,9.4,20.96
143,대구,2022-08-07,31.5,27.7,37.8,,1.8,71.9,6.1,18.29
143,대구,2022-08-08,30.5,27.1,34.6,,2.1,69.8,1.5,14.92
143,대구,2022-08-09,29.8,27.1,32.9,0,1.7,69.8,0,9.74
143,대구,2022-08-10,28.2,26.5,31,.3,1.2,80.1,0,5.87
143,대구,2022-08-11,26.5,25.2,29.5,4.1,.9,90.9,0,5.91
143,대구,2022-08-12,29.7,25.3,35.6,3.2,1.6,77.1,9.3,22.96
143,대구,2022-08-13,26.4,24.6,34,6.6,1.5,92.4,3,13.96
143,대구,2022-08-14,29.8,25.1,34.8,0,1.6,80.1,4.1,15.15
143,대구,2022-08-15,30.9,27.1,35.4,0,1.9,69.6,4,14.95
143,대구,2022-08-16,25.7,22.9,30.1,39.8,1.1,94.9,0,4.28
143,대구,2022-08-17,25.7,22.7,29.7,22.8,2.2,89.4,4.6,16.21
143,대구,2022-08-18,26.8,22.3,32.3,,1.2,77.3,9.3,23.76
143,대구,2022-08-19,28.2,22.6,33.7,,1.5,80.5,5.3,18.33
143,대구,2022-08-20,26.4,23.9,28.6,10.3,1.6,95.1,0,5.84
143,대구,2022-08-21,26,22.5,31.1,,3.2,75.3,12.2,25.28
143,대구,2022-08-22,26.8,18.9,32.9,,1.4,75.6,10,23.05
143,대구,2022-08-23,25.4,21.5,28.8,6.8,1.5,89.9,0,5.49
143,대구,2022-08-24,21.5,19.8,22.6,4.6,2.7,94.4,0,6.21
143,대구,2022-08-25,24.5,18.8,30.8,.1,1.4,78.6,6.6,20.02
143,대구,2022-08-26,25.1,21.5,30.2,0,2.2,64.6,10.2,22.17
143,대구,2022-08-27,23.2,18.3,28.2,,1.7,68,6.6,17.27
143,대구,2022-08-28,21.4,16.2,27.5,,2.4,72.1,11.4,25.11
143,대구,2022-08-29,21.5,17.5,24.9,0,1.1,81.4,.5,8.28
143,대구,2022-08-30,20.9,19.4,24.1,26.2,1.5,92.3,0,4.01
143,대구,2022-08-31,21.3,20.5,22.7,13.3,1.2,95.6,0,4.21
143,대구,2022-09-01,21.6,18.5,25.2,,1.5,88.4,3.1,9.7
143,대구,2022-09-02,21.5,18.8,24.2,.3,1.9,91.1,0,5.42
143,대구,2022-09-03,22.2,20.4,24.3,.1,3.1,91.9,0,7.53
143,대구,2022-09-04,25.4,20.9,29.9,.4,2.7,89.5,4.4,15.94
143,대구,2022-09-05,24.9,22,27.9,31.7,2.6,96,0,4.51
143,대구,2022-09-06,22.6,19.1,26.4,81.1,4.2,81,6.1,14.61
143,대구,2022-09-07,22.4,15.8,29.1,,1.5,69.1,10.7,23.2
143,대구,2022-09-08,21.7,15.1,28.5,,2.2,73,10.5,22.34
143,대구,2022-09-09,21.5,17,27.7,,2.6,76.6,9.5,21.62
143,대구,2022-09-10,21,18.6,24.2,,1.9,81.4,.5,10.02
143,대구,2022-09-11,22.7,18.1,27.6,,2.4,80.4,6.2,17.24
143,대구,2022-09-12,21.7,18.9,24.7,.3,1.4,91.5,0,7.57
143,대구,2022-09-13,23.7,21.1,27.7,0,3.2,77.9,4.7,15.99
143,대구,2022-09-14,23.4,20.5,27.2,0,4.1,77,8.8,18.69
143,대구,2022-09-15,23.5,21.3,26.8,,4.6,78.8,8.9,18.59
143,대구,2022-09-16,24.7,21.8,29,,2.9,84.9,3,13.75
143,대구,2022-09-17,26.2,22.7,33.2,.3,1.5,84.9,4.8,17.01
143,대구,2022-09-18,26.6,23,30.5,0,2.2,83.1,1.3,10.34
143,대구,2022-09-19,25.1,18.8,29.8,0,3.1,72.9,5.4,12.64
143,대구,2022-09-20,19.2,15.6,22.9,,3.2,69.1,7.6,17.08
143,대구,2022-09-21,17.2,12,22.8,,2.3,75.3,10.7,22.62
143,대구,2022-09-22,18.6,11.6,25.1,,1.7,78.6,8.4,19.16
143,대구,2022-09-23,20.8,16.2,27.8,,2.6,70.4,8.9,18.79
143,대구,2022-09-24,19.2,15.4,24.7,,2.6,59.5,8,20.15
143,대구,2022-09-25,18.6,14.5,22.9,,1.2,77.8,2.4,11.15
143,대구,2022-09-26,18.5,15.5,21.9,,.9,88,0,6.53
143,대구,2022-09-27,20.3,16.6,26.4,,2.1,81.8,9,19.45
143,대구,2022-09-28,19.4,14.8,26.2,,.9,81.3,3.3,12.21
143,대구,2022-09-29,20.8,13.7,29.3,,.9,72.8,11.1,19.57
143,대구,2022-09-30,21.6,14.1,31.2,,.9,68.1,11.1,19.84
146,전주,2022-05-20,20.2,15.5,26.1,,1.6,55.8,6.8,20.91
146,전주,2022-05-21,19.8,15,25.5,,1.7,71.4,12.7,26.07
146,전주,2022-05-22,20.5,15.2,27.4,,1.7,69.9,12.6,26.51
146,전주,2022-05-23,21.5,15.9,29.4,,1.5,62.9,9.5,22.89
146,전주,2022-05-24,21.7,14.6,30.5,,1.8,57,13,27.35
146,전주,2022-05-25,20.9,15.5,27.7,,1.7,61.9,10,24.23
146,전주,2022-05-26,18.5,13.8,25,3.3,1.8,61.1,12.1,28.27
146,전주,2022-05-27,19.8,14,25.5,,2.3,58,12.2,25.99
146,전주,2022-05-28,22.7,15.3,29.6,,1.5,45.8,11.7,24.09
146,전주,2022-05-29,22.3,14.3,31.3,0,1.5,53.4,12.8,27.58
146,전주,2022-05-30,19.5,16.5,23.6,3.5,1.5,81.3,.2,8.58
146,전주,2022-05-31,20.6,14,27.9,,1.4,52.5,13.3,28.26
146,전주,2022-06-01,22.5,16.6,31.2,,1.6,44.6,12.3,28.14
146,전주,2022-06-02,21.2,14.2,27.8,,1.7,63.8,13.1,28.36
146,전주,2022-06-03,23.5,18.8,31.9,,1.5,67.8,11.1,27.25
146,전주,2022-06-04,25.6,19.3,32.3,,1.5,49.9,8.4,22.4
146,전주,2022-06-05,18.6,16.3,24.5,15.6,1.5,79,0,4.27
146,전주,2022-06-06,19.3,16.2,24.6,2.3,1.2,85.1,3.1,11.24
146,전주,2022-06-07,17.6,16.7,20.2,36.2,.9,92,.1,4.16
146,전주,2022-06-08,20.1,16.2,24.9,.1,1.3,76.4,4.1,16.37
146,전주,2022-06-09,21.8,17.5,27.3,,1.5,72.6,10.1,24.42
146,전주,2022-06-10,23.1,16.6,29.3,,1.4,63.9,6.7,20.1
146,전주,2022-06-11,23.3,18.6,31.2,0,1.4,69,7,20.43
146,전주,2022-06-12,22.6,18.7,28.3,0,1.5,72.4,7.6,19.79
146,전주,2022-06-13,22.7,18.6,28.2,,1.6,63.9,6.4,21.54
146,전주,2022-06-14,18,16.3,20.7,6.1,1.5,84.8,0,8.6
146,전주,2022-06-15,20.8,16.4,25.6,5.5,2.2,78.5,3.6,13.81
146,전주,2022-06-16,21.9,18.3,26.3,0,1.8,65.3,8.4,25.01
146,전주,2022-06-17,23.1,17.9,29.3,0,1.3,73.1,5.6,17.61
146,전주,2022-06-18,24,20.6,28.7,.1,1.5,78.1,6.5,19.86
146,전주,2022-06-19,24.8,21,29.7,,1.2,76.4,7.6,20.68
146,전주,2022-06-20,25.9,21.2,32.3,,1.4,74.1,10.9,22.44
146,전주,2022-06-21,25.7,21.7,33,,1.7,76.8,11.5,25.04
146,전주,2022-06-22,26.1,21.1,32.3,,1.4,71.3,11.7,27.09
146,전주,2022-06-23,25.2,22.1,29.6,36.9,1.8,85.3,1.9,6.13
146,전주,2022-06-24,24.4,21.8,28.5,59.2,2.3,85.9,5.1,13.73
146,전주,2022-06-25,27.6,22.8,32.2,,1.8,70.6,8.5,21.38
146,전주,2022-06-26,28.1,25.2,32.2,0,2,71.3,3.6,12.89
146,전주,2022-06-27,28.1,26.3,30.1,.2,2.1,73.4,1.2,12.04
146,전주,2022-06-28,28.7,27.3,31.2,,2.6,67.4,2.4,12.59
146,전주,2022-06-29,27.7,24.8,30.4,.7,2.2,76.1,1.1,11.39
146,전주,2022-06-30,27.8,24.7,30.7,1.3,1.6,75.3,1,11.53
146,전주,2022-07-01,28.3,24.2,33.2,.6,1.5,72.8,10.6,22.24
146,전주,2022-07-02,28.5,23.4,34.1,,1.3,70.3,12.9,26.1
146,전주,2022-07-03,28.1,24.5,33.5,13.1,1,73.6,8.3,20.23
146,전주,2022-07-04,27.4,24,32.1,26.7,1.2,78.8,3.7,14.48
146,전주,2022-07-05,27.2,24.5,30.7,.1,.9,83.3,1.2,12.39
146,전주,2022-07-06,29.8,25.4,34.7,,1.9,69.5,7.6,21.03
146,전주,2022-07-07,30,27.2,34.3,0,2.6,69,7.2,21.1
146,전주,2022-07-08,26.9,24.3,30.6,5,2.1,81.5,4.9,14.77
146,전주,2022-07-09,26.5,23.5,31,,1.2,78.1,2.4,15.06
146,전주,2022-07-10,28.1,24.3,34.2,9.4,1.2,76.4,7.5,19.99
146,전주,2022-07-11,26.3,24.1,30.9,9.2,1,86.6,1.5,11.24
146,전주,2022-07-12,27.6,25.2,30.7,0,1,82.5,.9,11.17
146,전주,2022-07-13,26.1,24.7,27.3,4,2.1,79,0,6.14
146,전주,2022-07-14,25.4,23.8,28.3,2.7,1.9,85.6,1.8,12.57
146,전주,2022-07-15,25.8,22.1,30.5,,1.2,74.4,9.7,21.86
146,전주,2022-07-16,26.1,22.9,30.6,,1.8,73.9,8.8,21.76
146,전주,2022-07-17,26.3,23.4,29.7,,1.5,75.3,4.7,18.08
146,전주,2022-07-18,23.4,21.4,26.5,80,1.1,93.8,0,2.99
146,전주,2022-07-19,24.9,21.7,29.5,1.7,1.6,84.9,4.4,16.04
146,전주,2022-07-20,26.9,22.8,32.1,1.1,1.1,77.1,8.4,23.05
146,전주,2022-07-21,24.6,22.9,27.2,6.9,2.9,83.5,.9,6.67
146,전주,2022-07-22,25.4,22.8,29,,1.9,75.6,9.2,21.1
146,전주,2022-07-23,25.1,21.2,28.7,1.3,1.9,76.1,2.7,12.64
146,전주,2022-07-24,24.8,22.8,26.6,2.5,2,88,.1,7.46
146,전주,2022-07-25,26.4,23.3,30.6,0,1.5,79.9,8.3,21.53
146,전주,2022-07-26,27.4,22.7,32.4,,1.4,79.4,10.4,21.67
146,전주,2022-07-27,28.2,24.1,33.2,,1.5,68.8,11.5,26.11
146,전주,2022-07-28,29.1,22.7,34.8,,1.6,66.5,11.8,23.31
146,전주,2022-07-29,30.5,25.9,35.6,,1.3,64.9,9,20.12
146,전주,2022-07-30,28.8,24.7,32.9,.1,1.8,70.4,4.3,12.26
146,전주,2022-07-31,26.3,24.7,29,19.6,1.4,89,0,4.98
146,전주,2022-08-01,28.9,25.8,33.1,1.5,2.2,76.6,3,14.61
146,전주,2022-08-02,28.1,25.4,32.2,1.6,2,81.1,5.4,18.07
146,전주,2022-08-03,28.6,25.6,32.2,3.6,1.7,79.4,7.2,19.68
146,전주,2022-08-04,28.6,26.1,32.6,.2,1.6,80.9,7.5,19.4
146,전주,2022-08-05,28.6,26,32.4,1.6,1.5,82.1,5.3,16.91
146,전주,2022-08-06,29.7,26.9,34.1,,1.4,76.5,9.4,21.72
146,전주,2022-08-07,29.4,26.3,34.7,1.2,1.2,79.5,6,16.51
146,전주,2022-08-08,29.1,27.1,31,,1.7,70.6,0,9.47
146,전주,2022-08-09,29,27,31.7,0,2.2,70.8,.9,13
146,전주,2022-08-10,27.8,25.2,30.2,18.2,1.7,79.9,.1,5.71
146,전주,2022-08-11,25.4,23.4,26.7,96.5,1.3,91.3,0,1.74
146,전주,2022-08-12,27.2,24.6,31.4,6.7,1.2,80.5,5.1,17.51
146,전주,2022-08-13,26.9,24.4,30.4,4.2,1.2,84.5,1.6,8.58
146,전주,2022-08-14,29.2,26.1,33.3,0,1.8,74,4.5,16.14
146,전주,2022-08-15,29.6,27,32.7,0,2.4,69.8,2.3,14.58
146,전주,2022-08-16,25.7,23.2,28.9,116.2,1.4,92.1,0,4.5
146,전주,2022-08-17,25.8,23.1,30.4,0,1.5,81.4,6.4,17.58
146,전주,2022-08-18,25.8,20.8,31,,1.3,73,8.5,19.6
146,전주,2022-08-19,27.4,22,31.8,,1.9,76.3,2.2,12.65
146,전주,2022-08-20,26.4,24.4,29.9,31.1,1.4,86,3.2,9.5
146,전주,2022-08-21,26.8,23.3,31.9,,1.1,79.6,6.9,16.91
146,전주,2022-08-22,27.7,24,32.2,,1.1,75.5,7.6,18.42
146,전주,2022-08-23,25.3,24.3,27.5,7.1,1.1,89.5,0,2.39
146,전주,2022-08-24,23.5,21.8,27.4,3.9,.8,90.6,2.1,7.19
146,전주,2022-08-25,23.8,20.7,29.3,0,1.5,70.5,4.6,16.09
146,전주,2022-08-26,23.3,17.7,28.3,,1.3,71.4,11.1,22.22
146,전주,2022-08-27,21.8,18.2,25.9,,1.8,68.9,7.6,20.24
146,전주,2022-08-28,22.3,16.2,28.7,,1.1,62.1,9.8,21.42
146,전주,2022-08-29,21.2,19.7,23.1,.3,1.1,78.3,0,6.05
146,전주,2022-08-30,21.7,20.3,24.2,9.7,1,91.6,0,5.67
146,전주,2022-08-31,21.6,20.2,24.4,7.7,.9,91.3,0,6.18
146,전주,2022-09-01,22.1,19,26.6,,1,85.5,2.3,10.77
146,전주,2022-09-02,23,18.2,27.7,,1.6,74.9,4,14.78
146,전주,2022-09-03,25.3,20.4,29.4,0,2.4,68.4,4,15.5
146,전주,2022-09-04,26.4,22.5,31.4,.3,1.4,74.1,.9,11.69
146,전주,2022-09-05,23,19.3,25.7,32.9,1.6,95.4,0,3.09
146,전주,2022-09-06,20.7,17.4,25.3,30.4,3.6,83.3,5.6,13.23
146,전주,2022-09-07,22.2,17,28,,1.2,72.4,9,20.46
146,전주,2022-09-08,22.2,15.8,28.8,,1.1,68.8,10.5,21.65
146,전주,2022-09-09,23.4,18.2,30,,1,65.3,9.3,22.7
146,전주,2022-09-10,22.7,18.8,27.6,,1.2,65.6,2.1,12.15
146,전주,2022-09-11,24.2,18.9,29.5,0,1.1,64.6,9.4,22.06
146,전주,2022-09-12,23.2,20.8,25.8,.6,.7,85.8,0,6.1
146,전주,2022-09-13,24.2,21.5,28.1,.1,.8,80.1,.3,8.16
146,전주,2022-09-14,25.6,21.8,28.7,,2.7,53.8,6.5,15.26
146,전주,2022-09-15,26.9,21,32.1,,1.9,63,9.4,19.35
146,전주,2022-09-16,27.4,24,32.8,0,1.9,69.8,6.3,16.78
146,전주,2022-09-17,27.4,23.9,32.4,.2,1.2,74.3,8.7,18.28
146,전주,2022-09-18,27.8,23.8,33.3,0,2.2,70.6,6.1,17.21
146,전주,2022-09-19,25,19.3,30.1,,3.9,66.8,6.6,14.19
146,전주,2022-09-20,19.7,15.8,25.3,,1.8,61.3,7.7,15.95
146,전주,2022-09-21,19.7,13.9,26,,1.3,59.9,11.4,22.07
146,전주,2022-09-22,19.5,14.1,25,,1.3,55.1,7.1,17.23
146,전주,2022-09-23,18.5,14.1,24.2,0,1.9,65.5,7.9,15.17
146,전주,2022-09-24,18,12.5,24.1,,1.5,64,8.8,19.6
146,전주,2022-09-25,19.4,14.9,24.4,,.9,65.5,2.4,12.31
146,전주,2022-09-26,19.5,16,24.7,,.9,70.5,1.6,10.55
146,전주,2022-09-27,20.6,14.3,28,,1.1,68.8,11.1,20.72
146,전주,2022-09-28,20.4,16.3,25.1,,.9,72.6,2.5,11.1
146,전주,2022-09-29,19.4,15,25.9,,1.1,73.9,10.6,19.76
146,전주,2022-09-30,20.9,14.3,28.8,,1,67.3,10.9,19.95
152,울산,2022-05-20,20.5,16.8,26.1,,1.5,51,8.5,
152,울산,2022-05-21,21.5,16.9,27,,1.8,55.3,12.8,
152,울산,2022-05-22,23.1,17,31.8,,2.4,48.1,12.6,
152,울산,2022-05-23,20.5,14.9,25.9,,1.3,66.4,11.2,
152,울산,2022-05-24,22.8,16.1,30.3,,1.2,62.5,12.6,
152,울산,2022-05-25,23,16.5,29,,1.8,59.4,11.2,
152,울산,2022-05-26,21.4,16.3,25.9,,1.9,58.3,11.8,
152,울산,2022-05-27,23.7,14.8,29.9,,2.6,31,13.2,
152,울산,2022-05-28,24.8,15.7,31.7,,2,32,12.9,
152,울산,2022-05-29,24.5,18,30.1,0,1.9,30.4,13.3,
152,울산,2022-05-30,21.7,19.1,26.6,0,1.5,57.9,6.4,
152,울산,2022-05-31,22.2,17.6,28,,2.1,42,13.2,
152,울산,2022-06-01,22.6,17.5,28.8,,1.5,43.9,10.7,
152,울산,2022-06-02,22.4,16.6,28.4,,1.4,59.1,13.2,
152,울산,2022-06-03,21.6,18.4,26.8,,2.4,65.8,12.8,
152,울산,2022-06-04,19.8,16.9,24.6,,2,72.5,8.6,
152,울산,2022-06-05,17.7,16.4,19.2,53.8,1.5,92.4,0,
152,울산,2022-06-06,17.3,14.7,22.2,9.9,2.9,88.3,2.8,
152,울산,2022-06-07,15.7,12.7,18.8,1.5,1.8,82.3,2.6,
152,울산,2022-06-08,16.3,13.9,19,1.1,1.8,81.4,2.8,
152,울산,2022-06-09,18.4,13.1,23.3,,1.4,76.9,11.9,
152,울산,2022-06-10,19.7,14.5,25.4,,1.1,78.1,9.4,
152,울산,2022-06-11,20.2,17.6,24.4,,1.8,76.8,5.7,
152,울산,2022-06-12,19.2,17.3,23.7,,2.4,78,7.9,
152,울산,2022-06-13,18.8,16.6,20.7,0,2.3,80.6,0,
152,울산,2022-06-14,16.9,15.9,18.3,24.5,2.9,95,0,
152,울산,2022-06-15,19.9,15,25,1.2,1.6,85.9,6.9,
152,울산,2022-06-16,23.4,18.6,29.4,,1.8,68.4,11.9,
152,울산,2022-06-17,23.8,18.2,28.7,,1.3,71.8,12.6,
152,울산,2022-06-18,25.8,21.7,30.2,,1.4,70.9,10.9,
152,울산,2022-06-19,25.5,22.3,30.8,,1.3,75.3,11.8,
152,울산,2022-06-20,25.2,21.7,31,,1.4,77.9,12.2,
152,울산,2022-06-21,24.7,22.6,28.9,,1.2,85.1,6.7,
152,울산,2022-06-22,25.6,20.9,31.5,,1,79.1,13,
152,울산,2022-06-23,26.2,21.9,29.2,,3.2,79.3,4.7,
152,울산,2022-06-24,25.7,23.4,29.1,6.9,3.6,81.8,4,
152,울산,2022-06-25,26,22,31,,2.9,75.3,11,
152,울산,2022-06-26,27.2,23.8,29.6,,3.6,74.8,6.3,
152,울산,2022-06-27,25.2,23.3,27.9,47.9,2.3,93,.6,
152,울산,2022-06-28,27.2,24.7,29.4,.2,4.7,79.1,7.8,
152,울산,2022-06-29,26.8,24.9,29.7,.1,4.4,82.8,5.1,
152,울산,2022-06-30,27.9,25,31.5,,3.5,73,11.8,
152,울산,2022-07-01,27.4,22.8,32.2,,1.3,74.4,13.1,
152,울산,2022-07-02,28,22.4,33.3,,1.1,65.4,13.1,
152,울산,2022-07-03,27.5,23.9,31.8,,1,75,10.7,
152,울산,2022-07-04,27.2,24.4,30.7,,1.3,79.1,12.8,
152,울산,2022-07-05,26.1,23.8,30,0,1.3,84.8,4.1,
152,울산,2022-07-06,26.7,24.7,29.8,0,1,87,2.5,
152,울산,2022-07-07,28.6,25.2,32.6,,2.1,79.4,9.1,
152,울산,2022-07-08,28.4,25.4,32.1,0,2.5,79.5,3.8,
152,울산,2022-07-09,27.1,23.9,32.1,,1.8,77.1,8.6,
152,울산,2022-07-10,25.7,23.6,29.2,,1.5,83.9,4.8,
152,울산,2022-07-11,24.9,23.3,27.3,9,1,92.1,.1,
152,울산,2022-07-12,23.7,21.9,25.6,.1,1.7,81.4,.8,
152,울산,2022-07-13,23.4,21,25.8,18.3,1.3,88.8,0,
152,울산,2022-07-14,26.4,22.8,33.2,,1.9,84.5,8.2,
152,울산,2022-07-15,26.5,21.2,31.3,,1.1,78,12.5,
152,울산,2022-07-16,25.5,21.9,31.3,4.8,1.3,81.3,9.2,
152,울산,2022-07-17,25.8,21.3,30.6,,1.1,78.8,7.3,
152,울산,2022-07-18,22.4,20,25.8,69.4,1,95,0,
152,울산,2022-07-19,25.2,22.2,30.6,1.2,1.4,86.3,6.7,
152,울산,2022-07-20,27.5,23.2,32.6,0,1.2,73.4,11.6,
152,울산,2022-07-21,26.4,21.5,31.5,3.9,1.5,79.9,7.5,
152,울산,2022-07-22,24.1,21.5,27.9,2.4,1.6,81.3,2.4,
152,울산,2022-07-23,23.9,21,26.9,0,1.2,86.1,.3,
152,울산,2022-07-24,26.1,23,32,9,1.4,86.6,7.5,
152,울산,2022-07-25,25,22.6,28.5,,1.5,89.6,7.4,
152,울산,2022-07-26,24.6,22.2,29.6,,1.4,86.6,7,
152,울산,2022-07-27,24.8,21.8,27.8,,1.5,84.3,2,
152,울산,2022-07-28,25.2,23.6,28.2,.9,1.4,93.6,.6,
152,울산,2022-07-29,26.8,23.1,30.4,,1.8,86,8.8,
152,울산,2022-07-30,27.4,25.2,31,,2,82.6,.9,
152,울산,2022-07-31,26.9,25,28.1,6,1.8,90.6,.5,
152,울산,2022-08-01,28.4,26.6,30.7,0,2.5,83.1,4.9,
152,울산,2022-08-02,28.4,26.8,30.4,.2,3.1,82.6,2.7,
152,울산,2022-08-03,29.4,26,34,0,2.6,76.8,9.1,
152,울산,2022-08-04,30,26.2,34.1,,1.8,71.6,8.9,
152,울산,2022-08-05,29.8,25.8,34,,1.5,74.8,9.5,
152,울산,2022-08-06,30.3,26.9,34.5,,1.4,74.5,10.7,
152,울산,2022-08-07,30.7,26.8,35.2,,2.3,73.8,11,
152,울산,2022-08-08,29.7,27.8,32.5,,3.4,68,2.6,
152,울산,2022-08-09,29.1,27.6,31.3,,3.4,69.1,0,
152,울산,2022-08-10,28.7,27.5,30.5,,3.1,71.4,0,
152,울산,2022-08-11,27.5,25.7,29.2,3.4,2.7,80.8,0,
152,울산,2022-08-12,28.6,25.6,33.9,,1.2,82.1,8.4,
152,울산,2022-08-13,26.7,24.3,32.2,4,1.1,90.6,2.3,
152,울산,2022-08-14,29.1,25.1,34.1,1.7,2.1,79,6.7,
152,울산,2022-08-15,30.2,27.2,34.4,,3.9,65,8.7,
152,울산,2022-08-16,26,23.5,29.5,17.8,1.9,89.4,0,
152,울산,2022-08-17,23.9,22.5,26.6,14.7,.8,93.3,.3,
152,울산,2022-08-18,24.4,21.5,28.9,0,1.3,84.8,8.1,
152,울산,2022-08-19,27.3,21.2,32.7,0,2.1,76.1,7.5,
152,울산,2022-08-20,26,23,29.8,15.5,1.6,89.4,.9,
152,울산,2022-08-21,24.6,21.2,28.9,,2.3,74.3,11,
152,울산,2022-08-22,24.7,18.3,30.7,,1,71.9,11.9,
152,울산,2022-08-23,25.5,21.7,30.5,2.8,1.2,83,.6,
152,울산,2022-08-24,21.7,20.9,22.9,38.2,2.1,88.6,0,
152,울산,2022-08-25,24.1,19.1,29.3,0,1.1,78.6,8.3,
152,울산,2022-08-26,23.8,20.7,28.7,.3,1.7,66.8,9,
152,울산,2022-08-27,22.5,18.8,28.3,,1.6,66.8,6.1,
152,울산,2022-08-28,21.3,17.1,25.7,,2.3,66.1,10,
152,울산,2022-08-29,22.5,19.1,26.7,0,1.7,79.1,2.8,
152,울산,2022-08-30,21.2,20,24.2,12.6,1,93,0,
152,울산,2022-08-31,21,20.3,21.9,27.3,1.4,94.8,0,
152,울산,2022-09-01,21.8,19.8,23.9,0,1.8,86.1,.3,
152,울산,2022-09-02,21.2,20.2,23.3,14.5,2,95.1,0,
152,울산,2022-09-03,21.9,20.8,23.3,23.3,2,96.9,0,
152,울산,2022-09-04,24.9,21.9,29,8.3,1.4,92.6,2.5,
152,울산,2022-09-05,25.8,23.9,28.1,51.1,2,92.9,0,
152,울산,2022-09-06,23.9,18.6,27.4,110.4,3.9,73,6.8,
152,울산,2022-09-07,21.5,16,28.3,,1.7,61.8,11.8,
152,울산,2022-09-08,21.3,16.3,26.3,,2,69.8,10.5,
152,울산,2022-09-09,21.9,18.1,26.1,,2.3,76.8,7.5,
152,울산,2022-09-10,22.1,20.7,24.9,,2.5,74.9,1.5,
152,울산,2022-09-11,22.8,20.4,26.4,,2,80,2,
152,울산,2022-09-12,22.5,19.5,25.6,,1.4,88.3,.5,
152,울산,2022-09-13,23.4,22.3,26.5,,2.7,79.4,2.4,
152,울산,2022-09-14,23.5,21.8,26,,3.7,75.6,5.7,
152,울산,2022-09-15,22.8,21.6,24.3,,2.7,77.6,.1,
152,울산,2022-09-16,23.3,21.1,27.3,0,1.1,91.8,1.5,
152,울산,2022-09-17,24.5,20.8,28.9,0,1.4,86.8,2.8,
152,울산,2022-09-18,25.3,23.3,28.8,20.7,3.6,84.5,2.8,
152,울산,2022-09-19,21.9,18.5,24.4,56.4,4.9,80.6,1.8,
152,울산,2022-09-20,18.5,15.9,22.1,,2.9,60.4,9.1,
152,울산,2022-09-21,17.2,12.5,20.6,,2,67.9,10.2,
152,울산,2022-09-22,19.4,13.9,24.1,,1.9,74.6,7.8,
152,울산,2022-09-23,21.3,17,27.6,,1.5,67,8.5,
152,울산,2022-09-24,18.3,13.2,24.5,,1.9,54.5,8.4,
152,울산,2022-09-25,18.5,15.2,22.1,,1.3,72.5,.1,
152,울산,2022-09-26,18.8,16.3,21.4,.1,1,80.9,.1,
152,울산,2022-09-27,20.1,17,25.1,0,1.8,83.1,3.8,
152,울산,2022-09-28,19.9,16.7,24.7,,1.4,86.8,4.2,
152,울산,2022-09-29,20.5,14.8,27.5,,1,78.4,11.1,
152,울산,2022-09-30,20.8,15.3,28,,.9,77.3,10.9,
155,창원,2022-05-20,19.3,14.8,24.9,,1,57.1,5,17.27
155,창원,2022-05-21,21.7,15,29.9,,1.4,55.4,11.3,25.19
155,창원,2022-05-22,24.2,17,31.2,,1.2,44.6,12.4,27.5
155,창원,2022-05-23,20.6,15.9,26.9,,1.5,67.4,10.5,23.97
155,창원,2022-05-24,22.9,17.1,30.7,,1.5,53.3,12.5,27.06
155,창원,2022-05-25,22.1,16.9,28.9,,1.8,57.8,12.2,27
155,창원,2022-05-26,21.8,16.9,29.2,,1.3,49.1,11.6,27.6
155,창원,2022-05-27,23.4,15.1,30.4,,1.5,31,12.8,29.17
155,창원,2022-05-28,22.2,16.5,30,,1.3,46,9.5,21.05
155,창원,2022-05-29,22.5,14.7,28.3,0,1.7,46.5,12.6,29.75
155,창원,2022-05-30,22.7,18.5,26.9,0,1.4,56.3,5.4,20.42
155,창원,2022-05-31,22.9,18.3,30.1,,1.9,35.5,12.8,30.29
155,창원,2022-06-01,22,16.7,29.8,,1.7,47.3,10.9,27.16
155,창원,2022-06-02,21.5,16,28.7,,1.9,66.8,12.7,29.39
155,창원,2022-06-03,20.8,17,28.4,,1.5,71.8,12.6,27.88
155,창원,2022-06-04,21.3,16.8,26.3,,1.6,57,9.8,22.74
155,창원,2022-06-05,17.4,16.2,18.9,54.8,1.2,84.8,0,3.2
155,창원,2022-06-06,20.2,16.4,26.3,.3,1.5,69.5,6.9,20.78
155,창원,2022-06-07,17.9,14.8,21.6,2.2,1.5,68.6,2.6,12.12
155,창원,2022-06-08,16.9,14.3,20.5,.5,1.2,76.6,2.2,13.73
155,창원,2022-06-09,18.2,13.6,23.7,,1.5,74.4,12.4,27.11
155,창원,2022-06-10,20,15.1,25.4,,1.2,69.3,7.1,20.79
155,창원,2022-06-11,21.7,17.5,26.8,,1.1,63.9,2.7,14.1
155,창원,2022-06-12,20.1,16.2,25.8,,1.4,68,9.5,23.77
155,창원,2022-06-13,19.9,17.3,22.7,0,1.9,65.1,.1,9.43
155,창원,2022-06-14,17.1,15.8,18.6,11.9,1.4,82.9,0,2.89
155,창원,2022-06-15,20.2,15.6,25.6,.6,1.8,79.1,6.6,21.57
155,창원,2022-06-16,22.5,18.8,28,,1.6,71.8,10.6,25.07
155,창원,2022-06-17,23,18.3,27.7,,1.7,75.3,8.9,23.98
155,창원,2022-06-18,24.4,20.1,29.9,,1.8,74.6,10.2,26.15
155,창원,2022-06-19,24.5,20.7,29.7,0,1.8,75.8,10.3,26.7
155,창원,2022-06-20,25.1,21.6,29.5,,1.4,74.4,9,23.42
155,창원,2022-06-21,24.8,22.1,28.1,,1.5,75.6,7.6,19.91
155,창원,2022-06-22,25.6,21.2,31.1,,1.8,74.3,12.5,27.37
155,창원,2022-06-23,23.8,22.3,25.4,0,2.4,87.1,0,4.41
155,창원,2022-06-24,24,22.7,27,35.3,2.3,85.1,2.1,9.12
155,창원,2022-06-25,24.2,22.3,28.3,.2,2.1,82.1,3.4,15.13
155,창원,2022-06-26,24.9,22.8,28,.3,1.8,85.8,.5,8.73
155,창원,2022-06-27,25.3,24.5,26.3,22.4,3.5,88.4,0,5.48
155,창원,2022-06-28,25.5,24.8,26.5,6.9,4.2,84.9,1,9.31
155,창원,2022-06-29,25,24.5,25.9,52.5,2.7,88.8,.2,4.79
155,창원,2022-06-30,26.4,23.8,30.4,6.1,1.8,81.4,8.6,23.7
155,창원,2022-07-01,26.9,23,31.5,,1.5,77.6,12.7,29.97
155,창원,2022-07-02,27.4,22.9,32.8,,1.1,68.9,11.5,26.01
155,창원,2022-07-03,27.9,23,32.1,0,1.2,67.6,10.1,26.07
155,창원,2022-07-04,27.6,24.8,31.5,,1.1,71.6,9.4,26.67
155,창원,2022-07-05,27.2,24.5,32,,1.6,75.6,4.9,19.57
155,창원,2022-07-06,27.4,24.7,30.8,0,1.9,80.6,7.1,23.68
155,창원,2022-07-07,28,25.5,31.9,,2.1,79.3,6.9,18.83
155,창원,2022-07-08,27.1,25,31.1,.5,1.5,84.4,1,10.31
155,창원,2022-07-09,27.6,23.4,33.4,,1.4,70.6,9.9,23.1
155,창원,2022-07-10,26.3,24.1,30.4,,1.9,77.6,6.1,20.71
155,창원,2022-07-11,24.8,23.6,26.8,19.8,.5,88.4,0,5.19
155,창원,2022-07-12,25.3,23.3,29.2,0,1.3,80.1,3.2,16.92
155,창원,2022-07-13,24.2,21.7,26.8,0,1.5,79.1,.4,10.24
155,창원,2022-07-14,28.1,24.1,34.1,.1,1.3,78.4,7.2,19.72
155,창원,2022-07-15,27.3,22.3,32.8,,1.2,74.5,11.9,26.71
155,창원,2022-07-16,27.7,22.7,33.1,,1.1,63.9,11.8,24.74
155,창원,2022-07-17,27.5,24,33,,1.2,67.3,6.6,20.78
155,창원,2022-07-18,22.9,21.1,25.8,81.4,.7,90.3,0,2.41
155,창원,2022-07-19,25.4,22.9,31.1,.3,1.4,82.5,8,22.66
155,창원,2022-07-20,27.2,21.7,32.8,0,1.2,69.6,12.1,25.3
155,창원,2022-07-21,27.2,22.7,32,15.7,1.4,71.4,8.3,22.68
155,창원,2022-07-22,25.9,22,32,0,1.3,66,8.2,20.16
155,창원,2022-07-23,24.2,21.8,27.8,1.8,1.3,78.9,.8,12.93
155,창원,2022-07-24,26,22.4,31.4,27.3,1.4,81.9,7,19.72
155,창원,2022-07-25,26.2,22.8,31,,1.4,79.5,11,27.34
155,창원,2022-07-26,25.5,23,30.6,,1.2,79.4,8,22.72
155,창원,2022-07-27,26.7,22.7,31.5,,1.2,71.3,10.7,25.9
155,창원,2022-07-28,26.7,24.6,30.4,0,1,77.8,1.4,10.92
155,창원,2022-07-29,29.4,24.1,34,,1.3,69.3,9.6,20.86
155,창원,2022-07-30,28.3,25.7,30.5,2.6,2,71.1,.7,7.87
155,창원,2022-07-31,26.5,24.8,27.6,18.4,1.8,86.4,0,3.9
155,창원,2022-08-01,27.5,25.9,29.4,5.8,2.8,79.1,.4,5.47
155,창원,2022-08-02,27.2,25.9,29.2,38.5,2.5,85.8,.9,9.5
155,창원,2022-08-03,28.3,25,32.4,1.5,1.5,81.1,8.2,21.41
155,창원,2022-08-04,28.6,25.8,34.2,,1,80.6,8,19.17
155,창원,2022-08-05,28.8,25.2,33.2,,.9,79.8,8.4,19.15
155,창원,2022-08-06,29.5,25.5,34.8,,1.4,78.8,11.8,23.95
155,창원,2022-08-07,29.6,26.4,34.2,,1.8,78.4,8.3,21.7
155,창원,2022-08-08,29.3,26.6,32.8,,1.3,71.6,5.5,17.46
155,창원,2022-08-09,28.8,26.5,32.7,,1.4,73.4,3.4,15.65
155,창원,2022-08-10,28.4,26.8,30.8,0,1.2,76.4,.1,9.55
155,창원,2022-08-11,27.3,25.9,29.2,1.4,1,82.5,0,5.33
155,창원,2022-08-12,29.2,25.9,34,,1,79.8,6.6,17.43
155,창원,2022-08-13,27.9,25.7,32.9,.4,1.2,83.5,4,15.86
155,창원,2022-08-14,29.4,26.4,33.9,,1.3,74.8,8.1,19.68
155,창원,2022-08-15,29.9,26.5,33.8,,1.4,70,8,21.2
155,창원,2022-08-16,26.3,23.6,29,47.3,.9,84.6,0,3.39
155,창원,2022-08-17,23.7,22.5,25,4.9,.7,90.6,.4,4.84
155,창원,2022-08-18,25.2,22.1,30.1,,1.2,78.3,9.9,23.53
155,창원,2022-08-19,26.5,20.8,31.1,,1.4,79.1,4.8,16.23
155,창원,2022-08-20,26.2,24.7,28,29.5,.9,89.6,0,3.77
155,창원,2022-08-21,26,21.7,31.5,,1.2,74.1,10.1,23.45
155,창원,2022-08-22,25.6,20,31.6,,1.3,70,11.5,23.6
155,창원,2022-08-23,25.6,22.4,30.5,2.3,.6,79.6,1.5,11.03
155,창원,2022-08-24,22.2,19.7,24.4,56.4,1,85,0,3.38
155,창원,2022-08-25,24.1,18.9,29.7,,.8,74.6,8.8,20.9
155,창원,2022-08-26,24.6,21,29.4,,1.6,62.3,10.4,23.79
155,창원,2022-08-27,23.6,19.7,29.3,,.9,59.5,5.4,16.81
155,창원,2022-08-28,22.5,18.4,28.1,,1.2,57.5,9.2,21.25
155,창원,2022-08-29,22.7,18.3,27.3,0,1.1,68.9,4,14.44
155,창원,2022-08-30,21.6,20.5,23.5,18.3,.5,87.3,0,2.38
155,창원,2022-08-31,22.6,21.1,25.2,18.3,.8,86.8,0,4.99
155,창원,2022-09-01,22.1,19.7,24.5,.3,.8,79.1,.1,5.14
155,창원,2022-09-02,20.8,19.7,22,14.5,1.1,84.8,0,1.27
155,창원,2022-09-03,22.7,20.2,25.6,1,1.1,82.6,.2,4.86
155,창원,2022-09-04,25.9,22.2,30.3,.1,1.2,80.9,5,16.6
155,창원,2022-09-05,25.7,23.9,28.6,25.7,1.4,83.6,0,3.37
155,창원,2022-09-06,24.2,19.7,28.5,97.9,2.9,65.9,7.4,18.53
155,창원,2022-09-07,22.2,16.3,29,,1.1,62.4,11.4,23.21
155,창원,2022-09-08,22.4,17.6,28.3,,1.2,63.1,10.1,21.11
155,창원,2022-09-09,22.7,17.6,28.5,,1.4,62.1,7.5,19.98
155,창원,2022-09-10,22.1,18.9,25.1,,1.4,66.9,.9,8.73
155,창원,2022-09-11,23.2,19.6,28.4,,1,72.8,4.3,15.73
155,창원,2022-09-12,23.3,21,25.8,,1.2,73.8,.4,9.83
155,창원,2022-09-13,24.9,21.1,29.5,,2.1,64.4,6.2,16.15
155,창원,2022-09-14,24.7,22.2,28.5,,2.5,60.4,4.3,12.01
155,창원,2022-09-15,24.4,21.9,28.7,,1.5,68.1,2.5,10.7
155,창원,2022-09-16,25.3,21.7,29.7,,1,75.6,5.1,14.78
155,창원,2022-09-17,25.4,22.7,31.4,.8,1.2,80.1,5.5,14.19
155,창원,2022-09-18,27,24,32.2,7.8,3,70.5,5,14.49
155,창원,2022-09-19,25.9,21.7,31,7.9,2.6,62.6,4.2,10.91
155,창원,2022-09-20,20.1,17.5,23.8,,2.5,51.4,8.4,17.32
155,창원,2022-09-21,18.3,14.1,22.9,,1.7,58.1,9.4,17.78
155,창원,2022-09-22,19.4,14.2,25,,1.1,66.6,7.3,16.92
155,창원,2022-09-23,21.7,16.9,27.5,,1.3,58.6,8,18.05
155,창원,2022-09-24,19.3,15.1,25.3,,1.6,47.1,9.4,20.73
155,창원,2022-09-25,19,15.9,21.3,,.8,62.5,.1,6.08
155,창원,2022-09-26,18.9,16.8,21.6,0,.8,71.4,0,5.08
155,창원,2022-09-27,21.1,17.1,26.6,0,1,70,5.7,14.92
155,창원,2022-09-28,20.9,17.5,27,,1,71.4,4.7,13.96
155,창원,2022-09-29,21.3,16.3,27.8,,1.1,68.3,10.5,19.58
155,창원,2022-09-30,21.1,15.7,28.7,,1.1,69.8,10.5,19.17
156,광주,2022-05-20,20.2,16.7,26.6,,.8,60.1,3.6,18
156,광주,2022-05-21,20.7,14.6,27.7,,.9,69.6,13,29.2
156,광주,2022-05-22,21.8,15.1,29.6,,1.5,70.5,12,28.17
156,광주,2022-05-23,22.6,16.8,30.3,,1,61,10.9,25.15
156,광주,2022-05-24,22.9,15.7,31.9,,1,52.8,12.9,28.78
156,광주,2022-05-25,22.3,16.6,30.9,,1,62.3,11.4,26.47
156,광주,2022-05-26,20.5,15.5,27.3,.4,1.4,58.3,12.3,30
156,광주,2022-05-27,20.8,15,27.9,,1.9,66,12.9,30.14
156,광주,2022-05-28,22.3,16.7,29.7,,1.8,61.1,8.5,23.31
156,광주,2022-05-29,22,16,29.3,0,1.9,67.4,11,28.96
156,광주,2022-05-30,19.8,17.6,21.8,0,1.1,92,0,6.58
156,광주,2022-05-31,22.1,14.8,30.3,,1.1,47.9,13,30.61
156,광주,2022-06-01,23.6,17.4,32.4,,1.3,45.3,11.4,29.83
156,광주,2022-06-02,22.7,16.7,30.5,,1.2,75,11.5,29.27
156,광주,2022-06-03,24.8,18.9,34.1,,1.3,64.4,11,28.19
156,광주,2022-06-04,24.7,18.2,30.4,0,1.6,49.6,8.7,24.63
156,광주,2022-06-05,18.3,16.8,22.8,22.2,1.9,94,0,4.77
156,광주,2022-06-06,20.2,16.6,25.1,,.9,86.8,4.7,17.01
156,광주,2022-06-07,19.1,16.1,23.7,7.1,2,87.9,2.5,16.61
156,광주,2022-06-08,19.5,15.8,24,3.2,1,85.3,2.2,13.13
156,광주,2022-06-09,21.6,16.1,28,,1.1,77,10.1,26.03
156,광주,2022-06-10,22.4,16.9,27.6,,1.1,72.3,5.9,20.67
156,광주,2022-06-11,23,18.6,31.1,,1.4,77.6,8.1,25.65
156,광주,2022-06-12,22.6,19.1,27.3,.1,.8,85.6,5.5,16.49
156,광주,2022-06-13,22,19.3,26.1,0,1.1,71,.7,12.59
156,광주,2022-06-14,18.8,17.1,21.3,1.1,2.2,91.6,0,10.6
156,광주,2022-06-15,21.3,17.1,27,2.1,2.4,88.5,5.2,17.25
156,광주,2022-06-16,23.3,19.1,28.1,0,1.7,72.6,7.2,23.57
156,광주,2022-06-17,23.8,19.6,29.2,3.3,1.6,86.6,3.2,17.86
156,광주,2022-06-18,24.9,21.9,29.7,1.3,2.1,82.6,9.2,25.93
156,광주,2022-06-19,25.7,21.4,31.6,,.9,85.1,6.4,21.35
156,광주,2022-06-20,26.3,22.4,33.6,24.3,1.3,85,11.2,27.24
156,광주,2022-06-21,26.7,23.2,33.7,,1.3,85.5,7.4,23.26
156,광주,2022-06-22,27,21.5,33.5,,1.5,80,12.1,28.66
156,광주,2022-06-23,25.5,23.3,29.2,28.7,2.9,96,1.4,9.89
156,광주,2022-06-24,24.6,22.5,28.3,27.2,3.4,95.1,3,13.61
156,광주,2022-06-25,26.5,23.5,30.4,,2.9,91.3,5.1,19.45
156,광주,2022-06-26,27.3,24.8,31.1,,3.3,91.4,4,15.73
156,광주,2022-06-27,27.3,25.1,29.4,.9,3.8,92.6,.5,10.5
156,광주,2022-06-28,27.7,25.8,30.6,,4.2,87,2.2,12.84
156,광주,2022-06-29,26.5,24.7,29.8,8.5,3.4,98.1,1.6,12.99
156,광주,2022-06-30,27.1,24.5,30.2,1.7,2.6,93.4,4,15.13
156,광주,2022-07-01,28.2,23.9,33.3,,2,76.5,11.7,26.18
156,광주,2022-07-02,28.5,22.8,34.8,,.8,76.6,11.1,25.54
156,광주,2022-07-03,28.9,24.9,33.7,0,1.2,74.5,6.6,19.43
156,광주,2022-07-04,27.2,24.1,31.5,2.1,.9,91,3.1,15.14
156,광주,2022-07-05,27.4,25.2,32,7.3,.8,93.1,3.2,16.95
156,광주,2022-07-06,29.1,25,34.5,,1.9,84,9.4,23.23
156,광주,2022-07-07,28.8,26,33,4.9,2.7,88.1,6.2,18.66
156,광주,2022-07-08,26.6,24.4,30,4.8,1.3,96.5,2,9.62
156,광주,2022-07-09,27,23.6,31.9,,1,88.1,5.9,18.49
156,광주,2022-07-10,28.2,24.3,33.9,0,1.5,85.5,7.2,21.65
156,광주,2022-07-11,27.1,23.9,30.9,14.3,.9,92.5,2.6,14.03
156,광주,2022-07-12,27.4,25,31.8,,2,91,3.6,19.42
156,광주,2022-07-13,26,24.3,28.1,,2.4,92.6,.7,10.49
156,광주,2022-07-14,27.3,24.4,31.1,13,1.5,88.9,9,23.22
156,광주,2022-07-15,27,23,31.4,,.9,79.6,11.2,24.61
156,광주,2022-07-16,26.5,22.3,32,,1.2,80.4,11.6,26.67
156,광주,2022-07-17,26.4,23.7,29.4,0,1.3,93.6,.1,12.26
156,광주,2022-07-18,23.7,20.2,26.5,54.1,1.7,99,0,3.79
156,광주,2022-07-19,26.2,22.8,30.7,.7,1.1,88,9.9,24.28
156,광주,2022-07-20,27.2,22.9,33,.8,1,81.6,10.2,24.49
156,광주,2022-07-21,24.6,21.9,26.4,3.8,2.6,96,1,9.01
156,광주,2022-07-22,25.1,21.9,30.1,,.8,88.1,4.5,14.77
156,광주,2022-07-23,25.1,22.4,28.7,22.6,1.6,90.6,2.9,13.31
156,광주,2022-07-24,23.9,23.2,25.1,14.2,2.1,99,0,5.4
156,광주,2022-07-25,26.7,23.4,31.1,,.7,88.6,5.5,18.99
156,광주,2022-07-26,27.3,23.7,32.1,,1.3,86.6,5.6,17.56
156,광주,2022-07-27,27.3,22.7,31.9,,1.6,80,10.3,25.54
156,광주,2022-07-28,28.5,23.8,33.2,,1.5,79.3,12.4,27.23
156,광주,2022-07-29,30.3,25.5,34.5,,1.4,76.1,11,23.25
156,광주,2022-07-30,28.5,26,30.5,0,1.8,84.1,2.8,11.24
156,광주,2022-07-31,26.4,25.3,28.5,26.4,2.1,97.8,0,7.62
156,광주,2022-08-01,27.6,25.5,30,1.5,2.8,98.4,.5,10
156,광주,2022-08-02,28,25.4,31.4,1.7,2.3,95.3,4.4,15.1
156,광주,2022-08-03,27.9,25.6,31.4,11.4,1.3,97.3,4.5,16.36
156,광주,2022-08-04,29,26.3,33.3,,1.5,90.6,8.3,21.88
156,광주,2022-08-05,29,26.6,32.5,0,2,93.3,4.8,15.4
156,광주,2022-08-06,29.9,27.1,34.1,,1.8,91.4,6.7,19.79
156,광주,2022-08-07,29.9,27.3,34.2,,2.4,89,8.2,22.59
156,광주,2022-08-08,28.8,27.4,31.6,,3.5,90.9,3.4,16.7
156,광주,2022-08-09,28.7,26.8,32.2,,3.6,91.1,3.5,16.85
156,광주,2022-08-10,28.3,26.6,31,0,3,93.5,.9,11.8
156,광주,2022-08-11,26.3,25.6,27.4,9.1,1.9,99,0,3.46
156,광주,2022-08-12,27.9,25.6,32,.5,1,91.1,5.2,17.12
156,광주,2022-08-13,27.9,24.4,31.8,.1,1.7,95.6,3.2,13.48
156,광주,2022-08-14,29.4,26.9,33.4,,3.1,89.1,7,21.5
156,광주,2022-08-15,29.4,27.6,32.9,,4.7,89.6,6.5,20.37
156,광주,2022-08-16,26.5,24.5,28.4,17,1.9,98.9,0,5.98
156,광주,2022-08-17,26,23.6,30.2,.1,.6,94,0,1.25
156,광주,2022-08-18,26.1,21.3,32,,.9,83,,
156,광주,2022-08-19,27.4,22.5,32.2,,2.1,92.9,4.6,16.29
156,광주,2022-08-20,26.6,24.7,28.9,32.2,1.3,98.4,1.4,6.61
156,광주,2022-08-21,27.4,24.1,32.1,,.7,90.4,6.7,18.1
156,광주,2022-08-22,28,23.9,32.7,,1.1,81,9.1,24.87
156,광주,2022-08-23,26.5,24.5,29,24.7,.9,97.5,0,6.33
156,광주,2022-08-24,25.7,22.8,30.9,2.4,.8,89.3,3.9,15.35
156,광주,2022-08-25,24.9,21.8,29.9,,1,77.8,8.2,21.67
156,광주,2022-08-26,24.5,21,29.9,,1.2,71.3,11.4,26.29
156,광주,2022-08-27,22.8,19,26.8,,1,75.5,6.1,18.73
156,광주,2022-08-28,22.9,17.2,28.7,,1.5,67,7.9,22.23
156,광주,2022-08-29,21.7,19.8,23.5,0,1.3,88.4,0,7.12
156,광주,2022-08-30,24.8,22,27.7,1.3,1.2,96.5,.1,7.92
156,광주,2022-08-31,23,21.1,27,4.4,1,92.9,2.8,13.16
156,광주,2022-09-01,22.6,20.2,26.4,,1.3,94.1,1.9,9.52
156,광주,2022-09-02,23.1,20.1,27.1,,2.5,88.3,2.6,12.6
156,광주,2022-09-03,24.9,21.9,28.9,0,2.6,86.8,1.6,13.49
156,광주,2022-09-04,26.5,23.6,31.4,3.5,1.6,89.4,2.9,15.8
156,광주,2022-09-05,24,22.1,26,50.7,2.6,99,0,2.82
156,광주,2022-09-06,21.5,18.6,25.5,32.8,2.4,89.8,5,13.83
156,광주,2022-09-07,22.2,16.7,29.2,,.9,77.6,11.2,24.72
156,광주,2022-09-08,23,16.9,29.3,,1,73.9,8.5,19.95
156,광주,2022-09-09,24.1,19.1,30,,1,74.8,4.2,10.58
156,광주,2022-09-10,22.6,19.6,26.9,,1.4,85,2.7,14.03
156,광주,2022-09-11,24.1,19,29.1,,1.1,81.8,6.6,18.74
156,광주,2022-09-12,23.1,21.5,24.3,2,1,98.9,0,6.65
156,광주,2022-09-13,24.3,21.8,27.3,.2,1.2,90,0,7.66
156,광주,2022-09-14,25.3,21.5,30.1,,3,68.4,9.2,18.01
156,광주,2022-09-15,26.5,22.3,31.3,,2.6,72.5,9.2,21.2
156,광주,2022-09-16,26.8,24.2,31.3,0,1.9,82.5,6.7,17.34
156,광주,2022-09-17,27.9,24.6,33.5,0,1,75.8,8.8,21.17
156,광주,2022-09-18,28.7,24.6,34.5,,2.9,71,5.7,18.39
156,광주,2022-09-19,25.4,20.6,30.1,,2.8,66.3,10.4,20.84
156,광주,2022-09-20,20.8,16.9,25.9,,1.2,62.5,6.3,15.92
156,광주,2022-09-21,20.1,15.9,25.4,,1.1,61.5,8.9,18.56
156,광주,2022-09-22,20.3,13.9,26,,1.3,60.6,8.6,21.06
156,광주,2022-09-23,19.5,15.5,25.3,,1.2,69.1,8.5,19.28
156,광주,2022-09-24,19.1,14.1,24.6,,1.9,59.3,8.2,22.1
156,광주,2022-09-25,20,16.7,25.3,,.8,64.3,2.9,13.74
156,광주,2022-09-26,19.8,17.1,23.5,0,.6,71.8,.7,9.6
156,광주,2022-09-27,21.7,15.9,28.6,,.7,68.5,10.8,21.59
156,광주,2022-09-28,21.1,17.3,25,,.4,76.8,2.3,11.42
156,광주,2022-09-29,20.9,16.1,28.1,,.5,67.5,10.8,21.74
156,광주,2022-09-30,21.7,15.2,29.7,,.4,66.9,10.7,20.81
159,부산,2022-05-20,20.2,18.1,24.9,,4.2,59.5,4.9,20.14
159,부산,2022-05-21,20,16.9,25.3,,2.8,71.5,12.4,28.37
159,부산,2022-05-22,21.9,17.7,26.4,,2.9,57.8,12.2,28.5
159,부산,2022-05-23,21,17.5,25.7,,2.2,67.6,10.6,26.74
159,부산,2022-05-24,22.6,16.5,27.1,,2.2,65.6,12.3,27.89
159,부산,2022-05-25,21.5,17.9,25.4,,3.6,69.4,11.8,28.15
159,부산,2022-05-26,20.4,17.1,25,,3.8,69,8.8,26.12
159,부산,2022-05-27,22.4,17.5,27.2,,5.3,47.6,12.5,30.2
159,부산,2022-05-28,22.6,19.3,27,,4.4,48.4,10.4,23.66
159,부산,2022-05-29,22.6,19.2,26.6,,3.5,50.5,12.5,30.64
159,부산,2022-05-30,20.7,17.2,23.9,1.7,1.8,67.9,4.5,19.77
159,부산,2022-05-31,21.6,18.4,27.4,,3,52.6,12.5,30.5
159,부산,2022-06-01,22.2,18.5,27.5,,2.8,47.8,10.6,26.67
159,부산,2022-06-02,20.7,18,24.5,,4.4,76,12.5,30.68
159,부산,2022-06-03,21.6,17.7,26.2,,2.7,73.4,12.4,28.96
159,부산,2022-06-04,20.7,17.7,25.1,,3.3,69.6,7.5,23.15
159,부산,2022-06-05,17.8,16.4,19.1,49.8,2.9,93.4,0,2.85
159,부산,2022-06-06,19,16.1,24.1,5.7,2.8,82,4.1,16.48
159,부산,2022-06-07,17.3,15,21.6,0,2.5,76.3,.8,12.76
159,부산,2022-06-08,17.5,15,21,0,2.6,78.4,3.4,17.67
159,부산,2022-06-09,18.9,14.7,23.3,,2.5,76.8,11.7,28.84
159,부산,2022-06-10,20.5,16.4,24.9,,1.9,78,6.6,22.08
159,부산,2022-06-11,21.1,18.3,26.4,0,2.3,73.1,4.3,16.41
159,부산,2022-06-12,20.1,17.4,24.3,,3,75.1,8.3,24.78
159,부산,2022-06-13,19.4,17.8,22.4,.1,3.3,77.6,0,9.65
159,부산,2022-06-14,17.3,16.8,18.4,9.4,3.8,94.5,0,4.02
159,부산,2022-06-15,19.8,16.1,23.4,.4,4.2,88.1,3.9,17.18
159,부산,2022-06-16,22.1,19.8,26,,4.9,79.3,10,27.13
159,부산,2022-06-17,22.8,20.2,25.8,,4.8,82.1,10.6,26.19
159,부산,2022-06-18,23.9,22.1,27.2,,3.9,82.3,10.7,27.3
159,부산,2022-06-19,23.5,21.1,26.7,,3.9,85.9,10.4,27.33
159,부산,2022-06-20,24.2,21.9,27.6,,3,86.4,11.1,25.76
159,부산,2022-06-21,25,22.7,28.6,,1.9,86.9,8.8,26.2
159,부산,2022-06-22,24.7,21.9,28.6,,4,84.4,12.5,28.76
159,부산,2022-06-23,23.2,22.7,23.9,.4,6.2,97.4,0,4.17
159,부산,2022-06-24,22.9,21.4,25.1,38.7,6.8,96.5,2.5,8.33
159,부산,2022-06-25,23.2,20.9,26.5,.9,5.2,93,2.1,16.54
159,부산,2022-06-26,24,22.5,25.7,0,5.5,96.9,.2,8.83
159,부산,2022-06-27,23.6,22.8,24.5,12.3,7.2,100,0,3.19
159,부산,2022-06-28,23.7,23.3,24.7,15.7,10.1,99.5,0,5.06
159,부산,2022-06-29,24.1,23,25,18.6,10.5,98.9,0,8.3
159,부산,2022-06-30,25.5,23.4,28.2,0,6,91.6,9.2,29.18
159,부산,2022-07-01,25.9,21.7,29.9,,2.9,85,11.7,30.08
159,부산,2022-07-02,27.4,23.8,32.2,,1.6,69.6,12.4,27.95
159,부산,2022-07-03,27.5,24.7,31.5,,2.4,78.9,9.6,26.8
159,부산,2022-07-04,27.4,25.1,31.1,,1.9,80.4,9.8,26.58
159,부산,2022-07-05,26.4,24.9,30.7,1.1,1.8,85.9,2.2,12.83
159,부산,2022-07-06,27,24.5,30.4,,2.1,89.8,4.6,22.28
159,부산,2022-07-07,27.5,25.7,30.6,,4.4,91.5,5.3,21.75
159,부산,2022-07-08,26.7,25.6,29.5,.7,4.5,90.9,1.4,10.75
159,부산,2022-07-09,27.6,24.6,31.2,,2.4,79.1,8.9,25.5
159,부산,2022-07-10,26.4,24.7,29.6,,2,85.6,3.3,20.67
159,부산,2022-07-11,24.8,23.5,26,42.6,1.3,92.3,.1,5.91
159,부산,2022-07-12,25.1,23.4,28.3,,2.6,80,5.4,22.43
159,부산,2022-07-13,24.5,22.3,26.7,0,2,84.6,0,10.35
159,부산,2022-07-14,26.8,24.2,32.1,0,3.5,85.3,5.8,18.94
159,부산,2022-07-15,25.7,22.9,30.2,,2.6,86.8,11.2,26.83
159,부산,2022-07-16,26,23,30.2,,2.3,81.4,12.4,28.65
159,부산,2022-07-17,26.3,23.5,29.4,,2.9,75.6,5.8,21.79
159,부산,2022-07-18,22.8,20.1,26.2,63.1,2.7,95.8,0,2.15
159,부산,2022-07-19,24.7,23.1,27.4,0,2.4,91.3,4.5,15.16
159,부산,2022-07-20,26,23.3,30.3,0,2.9,79.5,11.8,25.58
159,부산,2022-07-21,26.3,23,30.1,12.9,4.7,79,8.1,24.39
159,부산,2022-07-22,25.1,22,29.7,,2.5,76.6,8.6,21.73
159,부산,2022-07-23,24.6,22.1,28.3,.2,1.8,84.8,3.7,19.2
159,부산,2022-07-24,25.1,22.9,28.1,23.4,3.6,89.8,8.1,21.5
159,부산,2022-07-25,25.2,23.2,28.6,,2.3,89.9,6.5,22.11
159,부산,2022-07-26,25.7,22.6,29.7,,2.4,83.4,8.4,25.19
159,부산,2022-07-27,26.2,22.7,30.5,,2.5,77.3,7.5,23.29
159,부산,2022-07-28,26.6,24.3,30.8,0,2.3,87.3,4.7,14.45
159,부산,2022-07-29,28.5,25.2,32.9,,2.5,77.9,11.7,27.99
159,부산,2022-07-30,28.1,26.4,30.6,0,3,77.8,.3,12.23
159,부산,2022-07-31,27.1,25.8,28.3,1,2.7,89.5,0,7.05
159,부산,2022-08-01,27.5,26.2,30.5,.3,3.5,87.4,1.3,11.09
159,부산,2022-08-02,27.1,26,29.4,3.7,7.2,93.4,1.1,13.07
159,부산,2022-08-03,27.7,25.4,30.4,1.3,4.8,88.1,3.6,16.49
159,부산,2022-08-04,28.7,26.2,31.8,0,4,83.1,9.6,23.43
159,부산,2022-08-05,29,26.6,33.1,0,4.1,81.6,11,25.44
159,부산,2022-08-06,29.2,26.9,32.4,,3.6,82.8,9.8,24.26
159,부산,2022-08-07,29,26.8,32.3,,4.8,84.4,9.9,25.03
159,부산,2022-08-08,28.9,27.3,31.3,,5.8,80,4.5,18.8
159,부산,2022-08-09,28.6,27,32,,5.6,78.4,4.2,17.82
159,부산,2022-08-10,28.1,27.2,30.4,,4.8,81.1,.1,9.31
159,부산,2022-08-11,27.4,25.6,29,1.4,4.3,84.8,0,6.92
159,부산,2022-08-12,28.1,25.2,31.9,,3,85.3,8.4,22.41
159,부산,2022-08-13,27.2,23.5,31.4,.4,2.6,87.5,4.2,19.24
159,부산,2022-08-14,28.3,25.1,32.7,,4.5,80.4,7.9,22.77
159,부산,2022-08-15,29,26.8,31.5,,6.1,78.5,8.8,22.34
159,부산,2022-08-16,26.1,23.8,29.2,52.6,3.9,90.4,0,5.03
159,부산,2022-08-17,22.9,21.9,24.2,23.4,1.7,94.6,0,4.81
159,부산,2022-08-18,24.8,21.7,28.9,,2.3,85.3,10.2,26.04
159,부산,2022-08-19,26.6,22.5,30.1,,4.3,82.4,6.4,21.32
159,부산,2022-08-20,25.6,23.4,27.7,29.2,3.1,94.3,.3,5.82
159,부산,2022-08-21,26,23,30.3,,2.7,70.5,10.2,25.63
159,부산,2022-08-22,25.7,21.2,29,,2.7,59.6,10.6,24.86
159,부산,2022-08-23,26.8,24.1,31.4,.3,3,71.9,4.4,16.51
159,부산,2022-08-24,22.2,20.7,24.2,25.5,3.2,88.5,0,5.44
159,부산,2022-08-25,24.5,20.4,28.8,,3,75.6,9.2,24.19
159,부산,2022-08-26,25,22.4,28.7,,2.7,67.4,9.9,24.35
159,부산,2022-08-27,24.6,21.2,29.8,,2.4,63.8,6.5,19.79
159,부산,2022-08-28,23,19.5,27.2,,3.1,63.4,7.9,20.71
159,부산,2022-08-29,24.3,21.1,29.7,0,2.5,73,2.9,13.71
159,부산,2022-08-30,24,22.6,27.2,2.4,2.1,86.8,.7,5.44
159,부산,2022-08-31,22.6,21.2,24.3,36.2,1.9,93.4,0,2.32
159,부산,2022-09-01,21.9,21,23.1,1.8,2.7,86.5,0,4.71
159,부산,2022-09-02,20.9,20,22.3,29.9,3.2,96.9,0,2.72
159,부산,2022-09-03,22.7,20.8,25.1,7.4,3.2,97.1,0,5.69
159,부산,2022-09-04,25.8,22.5,29.4,2.8,2.3,91.9,2.9,14.33
159,부산,2022-09-05,26.2,25.3,27.9,17.8,3.2,92.6,0,4.46
159,부산,2022-09-06,24.5,21.3,28.3,69.2,5.4,75.1,6.2,17.81
159,부산,2022-09-07,23.3,18.8,28.7,,2.4,60.3,10.9,24.27
159,부산,2022-09-08,22.7,19.3,27.4,,2.6,65.8,8.6,19.94
159,부산,2022-09-09,23.1,20,28,,3.1,71.8,7.8,22.04
159,부산,2022-09-10,22.8,20.8,26.4,,3.2,72.9,.9,11.64
159,부산,2022-09-11,23.8,21,28.6,,2.6,76.1,2.7,15.4
159,부산,2022-09-12,24.5,21.9,28.1,,2.6,79,1.3,13.37
159,부산,2022-09-13,24.7,22.7,28.4,,3.8,75.9,3.6,15.21
159,부산,2022-09-14,24.3,22.1,28.7,,4.2,74.4,3.2,12.99
159,부산,2022-09-15,24.3,22.5,28.1,,3.9,75.5,6.9,17.64
159,부산,2022-09-16,25.1,22.5,29.2,,2.5,85,2.9,13.54
159,부산,2022-09-17,25.8,23.2,30.4,.3,2.4,80.8,3.4,11.89
159,부산,2022-09-18,26.4,23,31,19,4.7,78.6,3.6,14.4
159,부산,2022-09-19,24.1,19,28.8,14.2,5.6,75.8,4.4,14.96
159,부산,2022-09-20,19.3,17.4,23.4,,3.5,63.1,8.3,19.48
159,부산,2022-09-21,18.9,15.4,23.4,,3.1,63.3,10.2,22.69
159,부산,2022-09-22,20.3,17.1,24.8,,2.7,72.8,2.3,12.78
159,부산,2022-09-23,22.4,18.9,26.8,,3.1,67.3,7.6,20.1
159,부산,2022-09-24,20,15.7,25.6,,2.8,51.6,9.4,22.44
159,부산,2022-09-25,20.3,18.5,22.6,0,2.2,64.6,.1,7.05
159,부산,2022-09-26,20.5,18.8,24.2,0,1.7,74.8,.2,7.51
159,부산,2022-09-27,21.6,19.1,26.6,0,2.1,76.3,3.1,11.08
159,부산,2022-09-28,21.8,19.1,27.7,,2.1,77.3,3.2,12.95
159,부산,2022-09-29,22.6,18.6,27.2,,1.9,70.6,10.7,21.05
159,부산,2022-09-30,22.1,18.4,26.9,,1.8,75.8,10.7,20.89
162,통영,2022-05-20,18.9,15.6,23.1,,1.5,70.3,4.6,
162,통영,2022-05-21,20.5,15,26.2,0,1.5,68.5,10.4,
162,통영,2022-05-22,22,16.4,28.6,,1.8,60.5,12.1,
162,통영,2022-05-23,20.3,17,25.2,,1.9,76.1,9.6,
162,통영,2022-05-24,21.9,16.6,29.7,,1.6,68.9,12.1,
162,통영,2022-05-25,20.3,16.8,25.8,,2.3,74,11.3,
162,통영,2022-05-26,20.5,16.5,26.1,,2.3,66.5,9.4,
162,통영,2022-05-27,21.4,16.7,25.6,,3.8,52.6,12.4,
162,통영,2022-05-28,20.6,17.2,25.8,,1.9,62.1,10.5,
162,통영,2022-05-29,20.3,15.4,24.3,0,1.7,68.4,10.5,
162,통영,2022-05-30,21.7,18.4,27.2,0,2,68.3,6.8,
162,통영,2022-05-31,21.9,18.4,26.5,,2.5,46.3,12.4,
162,통영,2022-06-01,21,17.5,25.8,,2.1,62.5,10.6,
162,통영,2022-06-02,20.3,17,23.4,,2.5,80.3,12.2,
162,통영,2022-06-03,21,17.1,26.9,,1.9,75.6,11.4,
162,통영,2022-06-04,21.2,17.5,26.4,,1.7,63.8,8.5,
162,통영,2022-06-05,17.8,16.4,19.6,51.3,2.5,92.4,0,
162,통영,2022-06-06,19.6,15.8,25.5,5.8,1.9,83.4,6.8,
162,통영,2022-06-07,18.6,15.8,21.4,,1.7,71.1,2.1,
162,통영,2022-06-08,18.1,15.6,23.1,0,1.7,76.4,5.9,
162,통영,2022-06-09,19.8,15,24.7,,1.8,72.1,11.6,
162,통영,2022-06-10,20.4,16.1,25,,1.7,77.5,6.1,
162,통영,2022-06-11,21.5,18.4,26.1,0,1.7,73.3,3.5,
162,통영,2022-06-12,20.4,16.9,25,,2,69.9,8.5,
162,통영,2022-06-13,19.9,18.4,22.8,0,1.9,73,.3,
162,통영,2022-06-14,17.3,16.3,18.9,13.5,2.7,95.1,0,
162,통영,2022-06-15,19.9,15.8,24.4,.4,2.3,88.5,6.2,
162,통영,2022-06-16,21.7,19.7,25.8,,2.9,81.6,12.1,
162,통영,2022-06-17,22.2,20.3,24.4,,2.5,85.4,7.1,
162,통영,2022-06-18,23.6,21.1,27.6,,2.2,82,10.2,
162,통영,2022-06-19,23.1,21.1,26.1,,2.4,87.3,7.9,
162,통영,2022-06-20,23.6,21.3,27.8,,1.7,87.6,7.4,
162,통영,2022-06-21,25.1,22.3,29.1,,1.9,81.9,8,
162,통영,2022-06-22,23.7,21.5,28.1,,2.3,87.6,12.1,
162,통영,2022-06-23,23.7,22.6,24.6,1,4.1,95.1,0,
162,통영,2022-06-24,,22.7,25.2,12.7,6.1,,2.6,
162,통영,2022-06-25,23.5,21.3,25.9,3.5,4.2,92.5,1.9,
162,통영,2022-06-26,24,22.7,25.1,1.5,4.1,97.4,.2,
162,통영,2022-06-27,25.1,23.3,25.7,3.1,6.4,95.4,0,
162,통영,2022-06-28,25.2,24.7,25.9,5.2,7,92.8,0,
162,통영,2022-06-29,25.4,24.8,26.3,3.5,7.2,91.6,.2,
162,통영,2022-06-30,25,23.3,28.5,0,3.5,93.5,3.6,
162,통영,2022-07-01,25.6,23.1,30.2,,1.5,88.1,11.1,
162,통영,2022-07-02,27.3,22.2,34,,1.4,74.6,11.6,
162,통영,2022-07-03,26.9,23.7,31.4,0,1.8,75.8,8,
162,통영,2022-07-04,27.4,24.1,31.5,0,1.5,77.5,10.1,
162,통영,2022-07-05,26.7,25,29.7,,2.4,84.3,7,
162,통영,2022-07-06,26.6,24.6,29.7,0,2.1,90,7.5,
162,통영,2022-07-07,27.3,25.4,29.6,0,3.4,89.8,8.4,
162,통영,2022-07-08,26.3,25.1,29.3,1.4,2.5,92.4,1.7,
162,통영,2022-07-09,27.3,22.7,32.6,,1.8,78.1,11.9,
162,통영,2022-07-10,26.8,24,31.4,,1.5,81.1,8.5,
162,통영,2022-07-11,24.7,23.7,28.3,26.3,1,95.3,2.7,
162,통영,2022-07-12,25,23.5,28.7,0,1.5,82.5,3.5,
162,통영,2022-07-13,24.5,22.1,27.2,0,1.7,84.9,1.5,
162,통영,2022-07-14,26.8,24,31.4,1.7,2.3,87.6,6.2,
162,통영,2022-07-15,25,22.8,29,,1.7,87.5,12,
162,통영,2022-07-16,26.2,22.4,30.8,,1.7,77.9,12.3,
162,통영,2022-07-17,26,23,30.3,0,2,77.3,6.6,
162,통영,2022-07-18,22.9,20.9,25.7,70.7,2,97.9,0,
162,통영,2022-07-19,25.1,23.1,30.4,,2.1,89.4,8.6,
162,통영,2022-07-20,25.5,21.7,29.7,,1.4,82,11.5,
162,통영,2022-07-21,26,23.5,30.5,20.9,4,81.6,9.6,
162,통영,2022-07-22,25.6,22.6,29.7,,2.5,72.6,12.2,
162,통영,2022-07-23,24.2,21.5,28.2,.1,1.5,85,2.1,
162,통영,2022-07-24,25.7,23.1,28.7,22,3.7,86,9.8,
162,통영,2022-07-25,25.2,22.9,28.9,,2.1,86.4,10.3,
162,통영,2022-07-26,25.7,22.9,29.6,,1.6,84,8.9,
162,통영,2022-07-27,26.1,22.4,30.7,,2,78.1,11.2,
162,통영,2022-07-28,26.9,24.4,30.8,,1.9,83.5,6.1,
162,통영,2022-07-29,29,25,33.7,,2.3,73.1,12,
162,통영,2022-07-30,27.9,26.5,30,0,1.8,77.9,.9,
162,통영,2022-07-31,26.6,24.8,28.3,8.7,2.6,88.1,0,
162,통영,2022-08-01,27.5,25.7,29.9,9.2,7,84,2.6,
162,통영,2022-08-02,27.5,25.3,29,21,5.9,89.6,4.2,
162,통영,2022-08-03,26.9,25.5,29.9,29.3,2.2,94,2.7,
162,통영,2022-08-04,28,25.6,31.6,,2.4,86.1,11.7,
162,통영,2022-08-05,28.1,25.7,30.9,,2,85.9,9.7,
162,통영,2022-08-06,28.7,26.2,32.3,,2.2,84.3,11.1,
162,통영,2022-08-07,28.4,26.2,32.1,,2.9,87.8,9.7,
162,통영,2022-08-08,28.8,27.3,31.6,,3.5,80.9,7.5,
162,통영,2022-08-09,28.6,27,31,,4.1,81.9,7.1,
162,통영,2022-08-10,28,26.2,30.3,.9,3.5,85.5,1.2,
162,통영,2022-08-11,27.4,25.6,28.5,.3,2.3,88.6,0,
162,통영,2022-08-12,27.7,24.9,31.8,0,2,88,7.6,
162,통영,2022-08-13,27,24.1,31,,2.2,89.8,6.9,
162,통영,2022-08-14,28.8,25.8,32.6,,2.9,81.9,10.3,
162,통영,2022-08-15,28.5,26.9,31.6,0,4.3,85.6,7.8,
162,통영,2022-08-16,26.2,23.9,28.2,29.8,2.2,92.3,0,
162,통영,2022-08-17,23.9,23,24.9,10.6,1.4,99,0,
162,통영,2022-08-18,24.7,22.2,29,,1.7,89.9,10.1,
162,통영,2022-08-19,26,21,29.9,,2,89.1,6.5,
162,통영,2022-08-20,25.8,23.9,27.9,17.3,1.9,94.3,.6,
162,통영,2022-08-21,25.7,22.3,30.7,0,1.9,77.1,9.6,
162,통영,2022-08-22,24.6,21,29.4,,1.9,78.6,10.9,
162,통영,2022-08-23,25.5,22.3,28.8,,1.2,83.8,1.5,
162,통영,2022-08-24,23.1,21.2,26.1,35.1,2.5,92.1,2.2,
162,통영,2022-08-25,23.7,20,27.9,,1.7,84,11,
162,통영,2022-08-26,24.3,21.3,29,,1.8,73.6,9.9,
162,통영,2022-08-27,23.9,20.1,28.9,,1.6,71.6,8.8,
162,통영,2022-08-28,23.1,19.9,28.3,,2.2,63,8.7,
162,통영,2022-08-29,23.8,20.4,28.4,0,2.7,75.5,6.1,
162,통영,2022-08-30,23.9,22.3,26.5,12,2.3,91,.8,
162,통영,2022-08-31,23.6,21.6,26.9,21.4,1.2,95,.1,
162,통영,2022-09-01,22,21.1,23.5,2.1,2.1,90.9,0,
162,통영,2022-09-02,21.2,19.9,22.7,12.3,2.9,97.5,0,
162,통영,2022-09-03,22.9,21.4,24.9,2.6,2.8,95.4,.3,
162,통영,2022-09-04,26.2,22.7,30.9,,2.5,91.6,6.5,
162,통영,2022-09-05,25.8,24.8,28,26.4,2.8,95.4,0,
162,통영,2022-09-06,24.4,19.3,29.1,81.4,4.3,77.6,8.7,
162,통영,2022-09-07,22.5,16.7,29.2,,1.3,73,10.2,
162,통영,2022-09-08,22.7,18.2,28,,2.1,73.8,9,
162,통영,2022-09-09,22.6,18.4,28.8,,2,74.4,7.9,
162,통영,2022-09-10,22.7,20.6,26.1,,2.4,75.3,2.4,
162,통영,2022-09-11,23.6,20.2,28.2,0,2,80,5.7,
162,통영,2022-09-12,24.2,22.1,27.4,,2.5,82.6,.8,
162,통영,2022-09-13,25.4,22.6,29.5,,2.5,75.4,5.9,
162,통영,2022-09-14,24.7,23,28.5,,2.3,74,5.4,
162,통영,2022-09-15,24.9,23.1,28.8,,2.5,78.4,7.4,
162,통영,2022-09-16,25.6,22.5,29.5,.1,2.5,86.3,7.1,
162,통영,2022-09-17,25.6,22.8,30.9,.4,2.9,88.9,3.9,
162,통영,2022-09-18,26.8,23.4,31.4,17.8,4.2,81,5.7,
162,통영,2022-09-19,26.4,22.5,30.9,16.2,5.8,73.5,7.8,
162,통영,2022-09-20,20.6,18.2,24.5,,1.9,61.5,8.8,
162,통영,2022-09-21,19,15.6,23.6,,2,68.9,9.6,
162,통영,2022-09-22,20.2,16.8,25.5,,2.5,76.3,6.6,
162,통영,2022-09-23,21.9,17.9,26.1,,2.3,72,7,
162,통영,2022-09-24,19.9,14.8,26,,3.2,59,8.8,
162,통영,2022-09-25,19.8,18.1,22,0,2,73.5,0,
162,통영,2022-09-26,19.7,17.3,23.1,0,2.3,83.8,.7,
162,통영,2022-09-27,21,18,27,.1,2.1,84.1,5.7,
162,통영,2022-09-28,21.4,18.3,26.4,,1.7,82.3,4.5,
162,통영,2022-09-29,21.7,16.9,27.6,,1.5,83.5,9.7,
162,통영,2022-09-30,21.3,16.9,26.4,,1.6,87.9,9.7,
165,목포,2022-05-20,20.1,17,24.1,,2.2,60.9,2.9,16.92
165,목포,2022-05-21,19.2,15.3,23.8,,3.4,76.4,13.2,29.23
165,목포,2022-05-22,18.7,14,24.4,,2.3,75.6,12.4,28.61
165,목포,2022-05-23,20.1,16.2,25.8,,2.3,66.4,8.3,23.63
165,목포,2022-05-24,20.1,14.7,26.8,,3.7,68.3,12.3,28.84
165,목포,2022-05-25,20.1,15.8,26.1,,3.1,71,10.5,26.47
165,목포,2022-05-26,17.9,15.5,21.9,.8,3.7,72.6,11.3,27.76
165,목포,2022-05-27,19,15,22.5,,3.4,74.1,13,29.12
165,목포,2022-05-28,20.8,16,26.8,,3.2,69.5,7.7,23.46
165,목포,2022-05-29,20.2,17.1,26,1,3.5,76.3,7.6,21.91
165,목포,2022-05-30,18.8,16.8,21.9,.8,3.2,86.5,.5,10.12
165,목포,2022-05-31,20.1,14.9,24.7,,2.5,53.8,12.8,30.03
165,목포,2022-06-01,21.1,17.3,27.1,,2.8,56.8,10.7,28.18
165,목포,2022-06-02,20.8,17,25.4,,2.7,79,10.7,27.79
165,목포,2022-06-03,21.5,18.4,26.1,,2.3,80.3,7.9,26.14
165,목포,2022-06-04,22.8,18,28,,3.5,58.4,7.7,21.9
165,목포,2022-06-05,18.9,17.3,21.5,17.7,4.1,86.3,0,6.45
165,목포,2022-06-06,19.6,17.1,23,.5,4,83.8,5.8,19.99
165,목포,2022-06-07,19.1,17.9,22.3,2.1,3.1,79.6,1.9,12.2
165,목포,2022-06-08,19.6,16.8,23.2,.7,2.3,76.1,3.2,16.85
165,목포,2022-06-09,20.3,16,25.7,,2.7,74.3,9.4,25.8
165,목포,2022-06-10,21.3,16.8,25.1,,2.7,73.4,5.4,18.51
165,목포,2022-06-11,22.2,18.1,27,0,2.6,72.8,7.8,25.2
165,목포,2022-06-12,21.6,18.5,25.3,,1.8,77.5,5.3,16.11
165,목포,2022-06-13,20.9,18.4,23,0,2.7,69.3,0,9.06
165,목포,2022-06-14,19.2,17.2,21.2,6.3,2.4,83.6,.1,8.68
165,목포,2022-06-15,21.2,18.3,24.8,.1,4,80.3,4.7,21.81
165,목포,2022-06-16,21.5,17.9,25.7,,2,79.1,5.4,21.57
165,목포,2022-06-17,22.7,20.1,25.3,,3.3,83.5,1.5,13.8
165,목포,2022-06-18,23.4,21.5,26,,3.1,81.8,2.9,20.02
165,목포,2022-06-19,24.2,21.6,28.9,,2.6,82.9,3.4,16.75
165,목포,2022-06-20,23.9,20.9,28.4,,2.4,85.9,6.9,24.6
165,목포,2022-06-21,23.7,21.5,28,,2.7,86.8,6.5,24.18
165,목포,2022-06-22,24.5,21.1,28.3,,2.6,79.5,12.5,28.59
165,목포,2022-06-23,25,22.7,27.1,14.7,4.4,87.5,1.2,9.49
165,목포,2022-06-24,23.8,21.8,26.3,47.4,4.4,92.1,1.9,15.71
165,목포,2022-06-25,25.3,23.1,28.2,,4,85.8,4.1,19.43
165,목포,2022-06-26,26.1,23.8,29.1,,5.1,85.4,3.8,19.76
165,목포,2022-06-27,26,25,27.3,0,6.7,87.8,0,9.71
165,목포,2022-06-28,26.2,25.1,28.4,,7.7,84.8,2.1,17.41
165,목포,2022-06-29,26,25,27.3,.5,5.7,87.1,.2,11.89
165,목포,2022-06-30,27.3,24.9,30,.2,5,81.3,9,27.79
165,목포,2022-07-01,27.5,23.9,31.6,,3.1,74.6,11.4,26.44
165,목포,2022-07-02,26.9,22.7,31.9,,2.2,76.3,11.8,28.26
165,목포,2022-07-03,28.4,24.3,33.1,,2.2,69.3,9,23.99
165,목포,2022-07-04,27,24.8,31.7,1.1,2.7,83.1,3.5,16.39
165,목포,2022-07-05,27.5,24.3,31.4,,1.7,80.3,6.2,23.22
165,목포,2022-07-06,29,26,33.7,,4.4,75.5,7.6,24.24
165,목포,2022-07-07,27.8,25.9,30.3,15.7,4.8,84,1.6,11.86
165,목포,2022-07-08,26.3,23.8,29.1,.2,2.4,90.4,1.8,13.16
165,목포,2022-07-09,26.2,23.4,30,,3.8,81.4,9.9,26.57
165,목포,2022-07-10,27.9,24.1,33.5,.4,1.5,77.8,8.9,24.69
165,목포,2022-07-11,27,24.5,30.2,1.8,2.3,83.5,4.8,20.56
165,목포,2022-07-12,27.2,25.2,30.3,,2.6,81.3,3.9,17.59
165,목포,2022-07-13,26.7,24.2,29.1,,4.8,81.6,1.4,14.65
165,목포,2022-07-14,26.5,24.6,29.4,43.4,3.9,87.6,4.8,21.19
165,목포,2022-07-15,26,23.5,29.4,,3.3,81,9,25.22
165,목포,2022-07-16,25.9,23.4,29.1,,2.9,81.8,6.9,23.78
165,목포,2022-07-17,25.9,23.9,28.7,3.2,1.2,83,0,11.08
165,목포,2022-07-18,24.5,22.3,27.3,81,3.5,95.1,0,4.9
165,목포,2022-07-19,25.7,23.2,28.7,0,3.1,84,8.8,24.11
165,목포,2022-07-20,25.9,23.2,30.4,1.5,1.4,83,8.7,22.81
165,목포,2022-07-21,24.8,23.4,27,1.5,6.3,85,1,11.17
165,목포,2022-07-22,24.7,23.2,27.4,,2.1,84.9,5.4,20.5
165,목포,2022-07-23,25.1,22.6,27.9,16.7,3.3,85.5,.9,11.63
165,목포,2022-07-24,24.2,23.1,25.2,13.6,3.7,90,.1,6.37
165,목포,2022-07-25,25.2,23.7,28.1,,2.4,85.4,4.9,18.49
165,목포,2022-07-26,26.2,23.4,29.9,,2.4,79,7.4,22.37
165,목포,2022-07-27,26.8,23.1,30.9,,3.5,74.4,9.4,25.5
165,목포,2022-07-28,28,24.1,32,,3.9,74.9,12.6,27.74
165,목포,2022-07-29,29.8,25.7,33.9,,2.7,70.4,11.6,27.01
165,목포,2022-07-30,27.9,26.3,30.1,2.6,2.6,77.3,2.8,10.1
165,목포,2022-07-31,26.8,25.5,27.9,13.6,4.3,88.5,0,6.35
165,목포,2022-08-01,26.9,25.5,28.6,22.5,4.5,91.1,1.2,7.82
165,목포,2022-08-02,28.2,26.1,31.3,0,3.7,83.8,5.1,16.16
165,목포,2022-08-03,28,26.2,30.7,11.1,2.9,88.5,8,22.06
165,목포,2022-08-04,28.7,27.1,31.8,,2.6,83.5,10.3,25.95
165,목포,2022-08-05,28.8,27.2,31.3,.4,3.8,83.9,7.5,23.27
165,목포,2022-08-06,29,27.4,32.2,,3,83,8.4,22.46
165,목포,2022-08-07,29.2,27.6,32.5,.1,3.8,83.5,6.1,19.66
165,목포,2022-08-08,29,27.8,31.6,,5.2,77,5.3,20.04
165,목포,2022-08-09,29,27.6,31.4,,5.2,76.1,3.3,18.2
165,목포,2022-08-10,28.4,27.3,30.1,,5,80.8,.2,12.08
165,목포,2022-08-11,27.6,26.9,28.3,2.8,4,88.8,0,4.38
165,목포,2022-08-12,27.2,25.8,29.6,2.1,2,90.3,2.6,14.26
165,목포,2022-08-13,27.8,25.6,30.4,0,3.2,85.8,.5,12
165,목포,2022-08-14,29,27.4,31.6,,5.1,79.9,7,21.79
165,목포,2022-08-15,29.3,27.3,32.1,,6,76.4,6.8,21.26
165,목포,2022-08-16,26.4,24.9,28.1,22.4,2.9,92.9,0,4.92
165,목포,2022-08-17,25.9,24,28.9,.2,2.2,88.1,4.9,14.28
165,목포,2022-08-18,25.9,23,29.4,,1.8,75.6,11.8,25.91
165,목포,2022-08-19,27.4,23.2,30.5,,4.4,83.6,3.4,15.89
165,목포,2022-08-20,26,24.6,27.9,25.7,3.1,92.5,.9,6.66
165,목포,2022-08-21,26.2,23.9,29.4,,2.1,82.5,7.7,21.7
165,목포,2022-08-22,27,23.2,30.6,,2.3,76,9.9,24.07
165,목포,2022-08-23,26.2,24.2,29.1,.5,3.1,87.3,0,5.26
165,목포,2022-08-24,25.2,22.5,28.3,0,2.7,74,12,26.21
165,목포,2022-08-25,24.5,21.8,27.3,0,2,75.8,6.5,16.25
165,목포,2022-08-26,24.4,22,27.6,0,2.6,70.3,9.3,23.49
165,목포,2022-08-27,23.4,19.8,25.5,,4.2,66.1,7,20.51
165,목포,2022-08-28,22.2,18.4,25.9,,1.9,61.9,2.4,14.18
165,목포,2022-08-29,23.1,20,25.3,,1.9,74.5,.2,9.1
165,목포,2022-08-30,25.7,23.6,28.9,4.3,3.3,83.3,.2,10.76
165,목포,2022-08-31,22.9,21,25.6,.2,5.2,84.3,3.2,14.47
165,목포,2022-09-01,22.7,20.3,24.9,0,2.5,85,1.3,8.89
165,목포,2022-09-02,23.4,20.6,26.9,0,2.4,77.3,2.8,12.29
165,목포,2022-09-03,24.9,22.6,28.8,.3,2.8,77,3.5,16.89
165,목포,2022-09-04,25.6,23.4,29.9,5.8,3.4,84.4,2.1,12.52
165,목포,2022-09-05,24,20.7,25.7,80.9,4.8,93.9,0,2.71
165,목포,2022-09-06,21.7,19.1,24.6,5.8,10.1,83,5.5,17.45
165,목포,2022-09-07,21.8,18.3,25.8,,2.4,86,9.1,21.39
165,목포,2022-09-08,22.1,18.2,26.2,,3,76.1,9,20.61
165,목포,2022-09-09,23.3,19.7,27.6,,2,74.6,8.5,21.79
165,목포,2022-09-10,22.8,20.5,25.9,,1.9,71,1.9,12.21
165,목포,2022-09-11,23.4,20.2,27.3,,2.3,73.6,4.8,16.76
165,목포,2022-09-12,22.9,21.6,24,3.1,1.8,91.1,0,5.14
165,목포,2022-09-13,23.3,21.5,25.3,5.7,2.6,90.9,0,6.06
165,목포,2022-09-14,25.5,21.1,28.8,.3,2.2,67.1,7.5,16.04
165,목포,2022-09-15,26,23,29.1,,4.1,73,6.4,17.65
165,목포,2022-09-16,26.6,24.3,30.5,,3.6,79,9.3,20.92
165,목포,2022-09-17,26.1,23.6,30.8,0,2.3,82.6,6.7,18.86
165,목포,2022-09-18,25.9,23.9,29.9,,6.4,85.9,6.8,19.62
165,목포,2022-09-19,23,20.6,25.7,,10.7,74.3,9.5,20.16
165,목포,2022-09-20,20.5,17.1,24.4,,3,69.9,6.1,15.73
165,목포,2022-09-21,20.3,16.3,24.1,,.7,69,6.6,15.77
165,목포,2022-09-22,20.3,15.4,24.9,,.5,67.4,8.4,19.77
165,목포,2022-09-23,19.4,16.9,23.5,,4.1,72.6,7,18.23
165,목포,2022-09-24,18.7,15.5,22.4,,5.5,66.9,7,20.24
165,목포,2022-09-25,19.8,17.3,23.9,,2.1,71,1.4,11.57
165,목포,2022-09-26,19.7,17.7,22.6,0,2,74,.4,8.54
165,목포,2022-09-27,20.4,16.9,24.9,,2.6,75.3,10.8,20.45
165,목포,2022-09-28,20.8,17.4,24.5,,1.8,79.4,2.2,10.68
165,목포,2022-09-29,19.8,16.5,24.7,,3,77.8,11.2,20.2
165,목포,2022-09-30,20.5,15.2,27,,1.9,75.5,10.8,20.09
168,여수,2022-05-20,19.1,16.6,22.7,,2,67.9,3.5,14.33
168,여수,2022-05-21,21.3,16.3,26.1,,3.1,61.8,11.5,25.44
168,여수,2022-05-22,24.1,18.1,29.9,,4.6,46.8,12.8,28.24
168,여수,2022-05-23,21.2,18.8,26,,2.1,67.3,9.3,25.41
168,여수,2022-05-24,22.7,18.4,27.9,,1.9,49.5,12.4,27.34
168,여수,2022-05-25,21.2,17.8,25.9,,3,63.9,11.4,26.85
168,여수,2022-05-26,22.1,18.7,26.6,,4.1,43.5,9.8,26.81
168,여수,2022-05-27,22,17,27.5,,5.2,46.6,13.3,29.19
168,여수,2022-05-28,21.2,18,26.5,,3.5,59.9,8.9,21.8
168,여수,2022-05-29,20.6,16.5,24.7,0,1.4,62.3,10.9,27.55
168,여수,2022-05-30,21.3,18.3,24.3,.3,3.7,69.3,1.7,17.33
168,여수,2022-05-31,21.4,17.9,25.3,,3.6,47.3,13.4,30.27
168,여수,2022-06-01,21.4,18.5,26.2,,2.4,57.8,10.6,25.58
168,여수,2022-06-02,20.6,16.9,24.6,,3.2,76.3,12.7,29.57
168,여수,2022-06-03,21.1,18.3,25.4,,1.9,77.3,12.3,28.62
168,여수,2022-06-04,20.9,17.8,24.3,,2.1,65.4,10,25.32
168,여수,2022-06-05,17.9,16.1,20.2,44.2,5.9,84.8,0,2.85
168,여수,2022-06-06,20.7,17.3,25.2,0,3.1,74.9,8.9,20.54
168,여수,2022-06-07,18.5,17.7,20.7,0,3.2,73.5,1.1,15.36
168,여수,2022-06-08,18,16.6,20.9,0,2.8,78,3,15.86
168,여수,2022-06-09,19.2,16.3,23,,1.6,73,11.3,26.87
168,여수,2022-06-10,20.3,17,23.5,,1.5,72.4,6.5,20.21
168,여수,2022-06-11,21.4,19.2,25.4,,1.6,73.8,3.7,18.71
168,여수,2022-06-12,20.7,18.8,23.5,,2.3,69,9.2,22.92
168,여수,2022-06-13,19.7,17.9,21.3,1.4,5.2,72.3,0,8.09
168,여수,2022-06-14,17.6,16.8,18.4,.5,,81.5,0,6.92
168,여수,2022-06-15,19.9,16.6,23.5,.1,3.6,84.1,5.8,20.89
168,여수,2022-06-16,22.2,19.1,27,,4.6,75,9.7,25.8
168,여수,2022-06-17,22.2,20.2,25.1,0,2.6,81.4,5.5,22.75
168,여수,2022-06-18,23.6,21.5,26.6,,4.1,80.6,10.9,27.53
168,여수,2022-06-19,23.7,21,27.4,,3.2,82.1,11.8,28.91
168,여수,2022-06-20,23.9,22.2,26.9,,1.4,82.5,2.8,16.9
168,여수,2022-06-21,25,22.5,28.7,,2.2,76.6,10.1,27.8
168,여수,2022-06-22,24.6,22.8,27.6,,3,81.3,12.2,27.99
168,여수,2022-06-23,23.3,22.8,24.1,1.9,4.1,93.1,0,5.9
168,여수,2022-06-24,23.3,22.4,25,36.5,7.3,93.1,1.9,11.84
168,여수,2022-06-25,23.6,22.3,26,.1,3.4,90.5,1.9,11.81
168,여수,2022-06-26,23.9,22.3,27.4,.4,4.2,94,2.4,13.09
168,여수,2022-06-27,24.4,23.8,25.1,1.4,7.7,96,0,4.54
168,여수,2022-06-28,24.8,24.1,25.5,.7,9.5,92.5,0,7.55
168,여수,2022-06-29,24.5,24.1,25.2,3.3,8.1,93.1,0,5.79
168,여수,2022-06-30,25,23.6,27.1,1.2,4.3,92.1,2.5,15.66
168,여수,2022-07-01,25.6,23.6,28.6,,1.7,86.8,8,24.29
168,여수,2022-07-02,26.6,22.9,30.6,,1.9,74.5,10.5,25.04
168,여수,2022-07-03,27.2,24.3,30.6,,1.5,72.3,7.1,24.16
168,여수,2022-07-04,26.8,24.7,29.7,1.9,2.1,78.1,7.9,24.06
168,여수,2022-07-05,27.3,25.5,30.8,0,2,77.1,7.9,24.48
168,여수,2022-07-06,26.9,25.1,29.6,,2.2,88.3,5.5,20.03
168,여수,2022-07-07,27.4,26,30.5,,3.6,87.4,6.3,23.39
168,여수,2022-07-08,26.7,25.6,28.7,18.2,4,88.3,2.1,15.37
168,여수,2022-07-09,27.6,23.9,32.1,,3.6,72.5,9.9,25.68
168,여수,2022-07-10,26.8,24.9,29.9,,2.3,80.5,8.3,21.82
168,여수,2022-07-11,25.5,24.5,27.8,44.8,2.2,88.4,3.5,11.95
168,여수,2022-07-12,25.2,23.8,27.9,,2.5,83.3,2.9,15.67
168,여수,2022-07-13,24.4,23.4,25.4,,2.1,84.6,0,7.76
168,여수,2022-07-14,28.4,24.7,32.7,6,4.3,76.4,6.7,21
168,여수,2022-07-15,27.2,25.1,30.6,,3.3,73.5,11.6,24.61
168,여수,2022-07-16,27.3,23.5,31.4,,3.9,66.3,11.3,24.96
168,여수,2022-07-17,26,24.3,29.3,0,3.9,76.4,1.5,13.14
168,여수,2022-07-18,22.7,20.9,25.1,118.1,3.3,93.6,0,2.16
168,여수,2022-07-19,27.2,24.5,31.6,,4.6,74.3,9.7,26.46
168,여수,2022-07-20,26.5,23.5,29.7,0,2.8,71.5,10.7,25.24
168,여수,2022-07-21,25.7,24.1,28.5,3.7,6.5,77.6,5.8,19.66
168,여수,2022-07-22,26.3,23.3,30.3,0,4.1,68.4,9.1,22.01
168,여수,2022-07-23,24.4,22.9,27.2,1.1,2.6,84.5,3.9,18.57
168,여수,2022-07-24,26.1,23.6,28.8,28.3,4.8,81,4.5,18.96
168,여수,2022-07-25,26.5,23.8,30.5,,2.7,77.6,7.8,19.77
168,여수,2022-07-26,25.4,23.5,28.5,,2,82.1,6.7,21.51
168,여수,2022-07-27,25.8,23.4,29.1,,2.8,76,11.5,27.33
168,여수,2022-07-28,26.7,24.6,29.9,,3.4,79.9,5.6,20.87
168,여수,2022-07-29,28.4,25.4,31.7,,4.5,74,12.8,27.93
168,여수,2022-07-30,27.7,26.7,28.7,1,6.2,76.5,.5,10.27
168,여수,2022-07-31,26,24.8,27.5,37,4.5,90.4,0,2.33
168,여수,2022-08-01,26.6,25.8,27.3,8.9,6.3,89.6,.2,6.43
168,여수,2022-08-02,26.8,25.6,27.9,12.1,5.9,90.3,.5,9.89
168,여수,2022-08-03,26.7,25.1,28.6,11.3,2.9,92,3.7,13.8
168,여수,2022-08-04,27.8,25.6,30.7,,3.7,86,7.9,23.78
168,여수,2022-08-05,28.3,26.5,30.8,.8,4.2,83.6,10.5,26.11
168,여수,2022-08-06,29,27.1,32.3,,4.3,82,10.9,24.76
168,여수,2022-08-07,28.8,26.8,31.9,,3.7,83.9,9.3,24.68
168,여수,2022-08-08,28.4,27.1,30.7,,5.7,80.9,7,20.91
168,여수,2022-08-09,28.2,26.5,30.6,,5,81.1,6.5,21.11
168,여수,2022-08-10,27.9,26.9,30.1,,4.4,82.4,1.8,14
168,여수,2022-08-11,27,26.4,28.2,.2,3.9,88.1,0,5.8
168,여수,2022-08-12,27.8,26.1,31.3,4.4,3.5,86.9,2.9,15.25
168,여수,2022-08-13,27.6,25.7,30.2,,3.3,85.4,6.7,20.98
168,여수,2022-08-14,28,26.4,31.1,,4.1,83.3,9.2,22.68
168,여수,2022-08-15,28.2,26.4,30.5,,5.6,81.5,7.8,22.2
168,여수,2022-08-16,26.8,24.1,28.5,73,4.1,87,0,4.76
168,여수,2022-08-17,24.7,23.8,27,4,2.2,93,2.2,8.97
168,여수,2022-08-18,24.9,22.1,28.3,,2.5,80.5,12,25.8
168,여수,2022-08-19,26.3,22.4,29.4,,3.3,85.6,4.9,18.59
168,여수,2022-08-20,26.2,25,27.2,11.7,3.2,91.6,.1,5.55
168,여수,2022-08-21,26.1,24.1,30,.1,1.9,77.5,9.4,23.34
168,여수,2022-08-22,25.7,22.4,29.7,,2.3,66.3,11.1,24.99
168,여수,2022-08-23,26.7,24.5,28.6,.6,2.4,81,.9,11.96
168,여수,2022-08-24,23.7,22.2,26.4,57.2,4.1,86,1.5,11.01
168,여수,2022-08-25,24.2,21.1,27.3,,3.1,76.1,8.8,22.44
168,여수,2022-08-26,24.4,22.1,27.8,,3.5,60.1,8.3,21.72
168,여수,2022-08-27,24.1,20.7,29,,3.2,60.1,8.1,19.57
168,여수,2022-08-28,22.7,20.5,25.7,,4.2,60.4,7.8,20.18
168,여수,2022-08-29,23.1,20.8,25.7,,5.4,69.5,4.7,16.39
168,여수,2022-08-30,22.1,21.4,22.6,21.1,4.5,90.4,.1,4
168,여수,2022-08-31,24.1,22.1,26.7,5.4,2.3,84.9,.4,10.11
168,여수,2022-09-01,22.6,21.7,23.6,.4,3.9,79,.2,4.89
168,여수,2022-09-02,21.6,20.8,22.5,11.4,7.1,84.3,0,1.94
168,여수,2022-09-03,22.8,21.9,23.9,1.9,7.2,84.8,.2,8.3
168,여수,2022-09-04,25.5,22.2,28.7,0,4.6,82,5.1,18.88
168,여수,2022-09-05,25.4,24.5,26.4,59.6,7.1,85.9,0,2.29
168,여수,2022-09-06,23.4,20.7,26.3,102,9.8,68.9,8.4,20.64
168,여수,2022-09-07,23,18.5,28.5,,1.8,65.1,11.1,23.86
168,여수,2022-09-08,23,19.1,27.2,,2.7,63.5,9.6,20.73
168,여수,2022-09-09,23,20.5,26.8,,3.4,65.8,7.3,21.52
168,여수,2022-09-10,22.6,21.1,25,,5.9,66.9,3.3,15.82
168,여수,2022-09-11,24,21.5,27.5,,3.3,70.3,7.7,20.2
168,여수,2022-09-12,23.7,22.7,25,0,4,76.6,.6,9.68
168,여수,2022-09-13,25.1,23,27.5,,6.1,68.3,2.2,12.02
168,여수,2022-09-14,24.5,22.6,27.4,,8.5,64.6,4.2,13.13
168,여수,2022-09-15,24.6,22.8,27.7,,6.7,73.3,5.8,17.54
168,여수,2022-09-16,25.2,22.8,27.7,,3.7,80.3,3.7,15.11
168,여수,2022-09-17,26.5,24.2,29.3,.3,3.9,75.5,5.4,15.19
168,여수,2022-09-18,28.6,26.2,30.5,0,9.5,62.8,7.2,18.03
168,여수,2022-09-19,28.7,24,32.4,,8,58,7.6,17.53
168,여수,2022-09-20,21.3,19.7,24.1,,5.4,54.9,6.3,19.07
168,여수,2022-09-21,19.7,17.5,22.4,,4.7,57.6,9.1,21.01
168,여수,2022-09-22,20.6,17.4,24.6,,3.6,59.5,9.6,20.87
168,여수,2022-09-23,21.4,16.8,26.7,,4.3,60,6.8,18.64
168,여수,2022-09-24,20.1,15.3,24.5,,3.9,49.1,8.1,20.95
168,여수,2022-09-25,20.3,19.4,21.4,,3.4,58.3,0,6.09
168,여수,2022-09-26,20.4,18.9,22.1,0,3,65.5,.1,6.54
168,여수,2022-09-27,21.9,19.1,25.8,0,2.1,63.1,9,18.9
168,여수,2022-09-28,21.8,19.7,24.8,,2.4,70.8,3.8,13.61
168,여수,2022-09-29,22.2,19.1,26.8,,2,73.3,10.9,19.76
168,여수,2022-09-30,22.2,18.3,26.6,,2.3,71.5,10.9,20.08
169,흑산도,2022-05-20,17.9,15.1,22.3,0,2.7,69.5,5.7,19.2
169,흑산도,2022-05-21,17,12.6,22.3,,2.1,84.6,11.9,29.59
169,흑산도,2022-05-22,18.7,12.2,24.3,,1.8,74.4,12.3,29.42
169,흑산도,2022-05-23,20,17.9,23.6,,1.3,57.5,10.9,22.74
169,흑산도,2022-05-24,19.2,15.4,23.9,,2.9,80.5,13.3,29.46
169,흑산도,2022-05-25,19.2,16.2,23.1,,2.4,80,1.4,1.05
169,흑산도,2022-05-26,17.3,14.1,21.4,.2,3.1,79.9,12,29.41
169,흑산도,2022-05-27,21,15.4,23.7,,3.9,53.5,13.6,30.51
169,흑산도,2022-05-28,19.7,16.2,24.3,,6,72.1,6.9,20.78
169,흑산도,2022-05-29,17.6,15.4,23.1,4.8,5.6,91.6,6.1,19.88
169,흑산도,2022-05-30,17.8,15.3,21.4,3.4,3.3,93,,
169,흑산도,2022-05-31,18.2,15.1,23.3,,3.4,71.3,,
169,흑산도,2022-06-01,18.4,15.2,25.3,,4,83.6,,
169,흑산도,2022-06-02,17.6,15.6,20.3,,3.1,97.4,0,11.42
169,흑산도,2022-06-03,17.3,14.8,21.6,,2.5,94.6,3.9,17.29
169,흑산도,2022-06-04,17.4,14.9,20.7,0,8.4,88,7.6,23.47
169,흑산도,2022-06-05,16.4,15.4,17.7,26.2,5.7,99,0,3.68
169,흑산도,2022-06-06,18.6,16.1,22,,3.6,92.4,9.5,25.74
169,흑산도,2022-06-07,17.8,15.8,21.5,,3.1,93.3,3,15.49
169,흑산도,2022-06-08,17.9,15.2,22.1,,4.3,87.6,10.7,27.56
169,흑산도,2022-06-09,18,14.9,22.5,0,4.6,88,11.3,27.36
169,흑산도,2022-06-10,18.6,15.7,21.5,,4.3,89.1,5.2,16.48
169,흑산도,2022-06-11,20.9,18.5,24.4,,3.4,79.8,12.8,28.36
169,흑산도,2022-06-12,19,17,23,,4.5,86,7.7,20.11
169,흑산도,2022-06-13,18.4,16.3,21.1,,2.5,86.5,0,9.96
169,흑산도,2022-06-14,17.5,16.6,18.5,2.9,3.3,95.8,0,6.49
169,흑산도,2022-06-15,19.5,16.8,22.9,.2,4,91.6,6.6,22.2
169,흑산도,2022-06-16,18.9,16.7,22.6,,2.9,94.4,4,16.42
169,흑산도,2022-06-17,18.6,16.9,21.5,0,6.5,99,.1,8.33
169,흑산도,2022-06-18,19.5,17.8,22.4,.6,4.4,96.9,1.3,15.47
169,흑산도,2022-06-19,20.8,18.2,25.5,0,3.5,95.1,7.9,23.48
169,흑산도,2022-06-20,20.5,18.6,24.4,,1.4,95.6,6.4,25.3
169,흑산도,2022-06-21,21.2,19.1,24.7,,3.1,94.1,5.8,18.63
169,흑산도,2022-06-22,20.8,18.8,24.5,,3.7,94.1,3.4,18.77
169,흑산도,2022-06-23,22,19.5,24.5,30.8,8.9,97.9,1.3,12.65
169,흑산도,2022-06-24,23.5,21.3,27.2,14.4,3.8,94.1,6.5,20.76
169,흑산도,2022-06-25,22.7,20.1,26.5,,6.5,95.3,7.5,22.5
169,흑산도,2022-06-26,22,20.2,24.9,,9.5,98.1,.5,12.55
169,흑산도,2022-06-27,22.6,21.1,24.9,,12.1,99,0,6.97
169,흑산도,2022-06-28,22.6,20.9,24.9,,11.9,98.4,0,9.33
169,흑산도,2022-06-29,22.6,21.8,23.5,12.3,8.8,99,0,.23
169,흑산도,2022-06-30,23.6,22,25.9,,7.7,97.3,.7,13.09
169,흑산도,2022-07-01,23.4,21.5,26.4,,6.2,96.9,3.8,14.84
169,흑산도,2022-07-02,24.7,21,28.5,,3.1,87.9,11.3,27.78
169,흑산도,2022-07-03,25.4,22.5,29.9,.1,2.6,85.1,12.7,28.54
169,흑산도,2022-07-04,25.3,22.7,29.3,.4,2.6,91.4,11.4,26.79
169,흑산도,2022-07-05,25.4,23.2,29.7,,2.3,91.8,12,27.95
169,흑산도,2022-07-06,26.1,23.2,28.9,,10.3,93.3,6.2,21.03
169,흑산도,2022-07-07,25.7,23.9,27.9,0,8.6,96,1.1,11.16
169,흑산도,2022-07-08,25.3,22.9,28.5,1.6,2,95,5.5,15.64
169,흑산도,2022-07-09,25.3,23.2,28.3,,2.9,90.8,10.4,26.63
169,흑산도,2022-07-10,25.6,22.3,29.5,5.5,2.7,84.5,8.1,22.79
169,흑산도,2022-07-11,25.3,22.4,29.2,1.2,3,93.3,3.8,15.95
169,흑산도,2022-07-12,24.4,22.3,28.6,,5.6,94.3,4.2,15.57
169,흑산도,2022-07-13,24.3,22.1,28,,9.9,98,.8,4.02
169,흑산도,2022-07-14,25.7,23.6,29.2,5.3,2.9,95.8,4.3,17.32
169,흑산도,2022-07-15,24.6,22.7,27.9,,2.2,92.1,7.7,17.44
169,흑산도,2022-07-16,25.8,23.1,29.4,,2.7,85.8,8,18.24
169,흑산도,2022-07-17,24.6,22.3,28,.5,2.5,95,0,5.67
169,흑산도,2022-07-18,24,21.9,27.7,77.7,4.8,98.1,.1,1.5
169,흑산도,2022-07-19,25.3,22.7,28.4,.1,2.8,89.5,7.8,20.78
169,흑산도,2022-07-20,24,21.4,27.8,7.2,3,94.5,2.2,7.15
169,흑산도,2022-07-21,24.1,21.7,26.4,.1,6.5,88.4,4.2,11.6
169,흑산도,2022-07-22,24.5,21.9,27.7,0,1.9,90.5,6.5,15.36
169,흑산도,2022-07-23,23,21.8,26.2,18.8,5.6,98.3,0,.46
169,흑산도,2022-07-24,24.3,22.6,26.7,.2,4,92,7.4,20
169,흑산도,2022-07-25,24.3,22,28.2,,2.6,91.8,9.2,23.13
169,흑산도,2022-07-26,24.3,21.9,28,,3.4,93.1,6.5,18.02
169,흑산도,2022-07-27,23.5,21.6,26.4,,8.6,91.9,6.1,17.52
169,흑산도,2022-07-28,24.7,22.2,27.5,,9.1,92.4,8.7,17.49
169,흑산도,2022-07-29,26.1,23.2,31.1,,4.1,87.1,8.5,21.98
169,흑산도,2022-07-30,25.7,24.4,29.1,4.1,4.5,90,2.9,11.04
169,흑산도,2022-07-31,24.4,23,25.5,8.6,7.9,98.6,.3,4.06
169,흑산도,2022-08-01,24.9,23.3,27.6,4.7,7.2,98.6,1.3,10.28
169,흑산도,2022-08-02,26.3,23.2,29,0,5,95.5,6.7,17.52
169,흑산도,2022-08-03,26.6,25.2,29.8,2.7,3.5,97.9,3.6,10.11
169,흑산도,2022-08-04,26.6,24.5,30.8,,3.7,97.1,6.3,16.17
169,흑산도,2022-08-05,27.1,25.1,29.7,,3.3,93.5,1.7,8.75
169,흑산도,2022-08-06,27.4,25.2,31.7,,3.7,92.9,10.2,23.87
169,흑산도,2022-08-07,27.7,24.9,32.1,,5.4,93,7.3,21.84
169,흑산도,2022-08-08,27.6,25.7,30.3,,9.3,89.3,7.5,18.65
169,흑산도,2022-08-09,27.6,26.3,31.3,,8,92.1,6.3,19.35
169,흑산도,2022-08-10,27.4,26.7,29.7,,6.8,90.3,.4,10.01
169,흑산도,2022-08-11,27.2,26.1,28.3,.3,4.7,95.6,.2,7.51
169,흑산도,2022-08-12,26.5,24.7,29.1,28.3,1.7,96.4,2.3,12.4
169,흑산도,2022-08-13,25.7,23.9,27.3,.3,5.3,98.5,.5,9.81
169,흑산도,2022-08-14,27.2,24.3,30.3,,7.8,94.5,6.5,19.68
169,흑산도,2022-08-15,27.3,24.2,30,,10.4,90.1,9.5,23.13
169,흑산도,2022-08-16,25.3,24.2,27.9,25.4,3.2,96.9,,
169,흑산도,2022-08-17,25,23.4,28.3,.1,2.4,89.1,,
169,흑산도,2022-08-18,24.6,21.9,28.7,,2.3,88.1,11.5,25.79
169,흑산도,2022-08-19,25.9,22.1,29.4,,5.9,96.4,4.9,15.57
169,흑산도,2022-08-20,,24,27.4,,4,,,
169,흑산도,2022-08-21,25.2,22.5,28.3,,2.2,82.5,11.8,24.67
169,흑산도,2022-08-22,25.1,22.6,29.2,,4.3,90.5,5.5,18.79
169,흑산도,2022-08-23,25.1,23.3,27,.2,4.9,91.1,0,4.65
169,흑산도,2022-08-24,24.4,22.4,26.8,,4.4,76.5,12.6,27.07
169,흑산도,2022-08-25,24.2,22,26.9,0,3.9,78.5,11.7,25.44
169,흑산도,2022-08-26,23.8,21.5,26.7,0,2.9,79.8,9.5,23.26
169,흑산도,2022-08-27,22.7,20.7,25.3,,5.7,72.5,9.7,21.97
169,흑산도,2022-08-28,21.8,20.5,23.9,0,3.7,71.9,.9,10.33
169,흑산도,2022-08-29,22,20.5,24,0,5.2,84,.2,6.18
169,흑산도,2022-08-30,22.9,21.6,25.8,.5,4.8,97.6,.2,7.24
169,흑산도,2022-08-31,21.9,20.7,25.5,.4,6.3,90.8,3.4,13.62
169,흑산도,2022-09-01,22.2,20.9,24.1,,5.3,91,1.8,8.41
169,흑산도,2022-09-02,22.7,20.9,25.6,.2,3.8,86.3,3,5.72
169,흑산도,2022-09-03,23,21.4,25.8,,4.5,86.5,2.1,12.28
169,흑산도,2022-09-04,22.4,21.3,24.9,3.7,6.4,98,.5,9.63
169,흑산도,2022-09-05,21.5,18.2,23.1,52.6,10.1,99,0,1.78
169,흑산도,2022-09-06,20.9,18.5,23.9,0,9.9,90.6,7.9,20.01
169,흑산도,2022-09-07,20.3,17.1,25.8,,2,93.6,8.6,19.89
169,흑산도,2022-09-08,19.8,17.2,22.7,,4.2,95.9,4.6,15.84
169,흑산도,2022-09-09,21.6,19.1,25.7,,2.4,89.4,8.2,20.6
169,흑산도,2022-09-10,21.9,19.4,25.2,,2.2,81.3,4.1,14.46
169,흑산도,2022-09-11,22.1,20.1,25.4,0,2.5,85,4.6,15.31
169,흑산도,2022-09-12,21.1,20,22,3.8,2.9,98.9,0,4.19
169,흑산도,2022-09-13,21.2,20.3,22.3,25.5,5.5,96.5,0,3.97
169,흑산도,2022-09-14,22.6,20.2,25.5,2.4,4.5,86.6,6.8,16.58
169,흑산도,2022-09-15,21.5,20.1,22.8,4.7,9.1,92.9,.2,8.15
169,흑산도,2022-09-16,22.5,20.3,24.5,15.7,6,99,.4,5.47
169,흑산도,2022-09-17,23.3,21,28.8,0,3.1,94,5,16.46
169,흑산도,2022-09-18,22.2,20.6,24.5,0,10.7,91.1,5.7,15.09
169,흑산도,2022-09-19,20.9,19.1,23,,16.2,79.3,5,8.6
169,흑산도,2022-09-20,19.8,18,23.8,,7.5,74.4,5.6,11.82
169,흑산도,2022-09-21,19.8,17.6,24.1,,3.3,76,10.7,21.71
169,흑산도,2022-09-22,20.1,17.5,24.3,,1.8,73.8,9.9,20.12
169,흑산도,2022-09-23,19.5,17.6,24.7,,5.4,74.3,6.6,15.84
169,흑산도,2022-09-24,19.4,17.3,22.8,,6.9,72.6,7,18.91
169,흑산도,2022-09-25,19.9,18.2,23.5,,4.1,81.3,2.3,9.59
169,흑산도,2022-09-26,19.2,17.8,22.6,0,3.2,86.9,1.4,8.44
169,흑산도,2022-09-27,19.3,17.3,23.5,,3.9,85.8,7.3,14.27
169,흑산도,2022-09-28,19.3,17.7,22.5,0,1.6,91.6,.5,6.05
169,흑산도,2022-09-29,18.7,16.6,22.9,,3,87.9,9.5,20.64
169,흑산도,2022-09-30,19,16.1,23.6,,2.1,87.6,9.2,19.8
170,완도,2022-05-20,18.4,15.3,23.1,1.8,1.2,74.4,2.5,
170,완도,2022-05-21,21.1,15,27.3,,1.7,63.9,12.6,
170,완도,2022-05-22,21.3,13.9,27.8,,2.9,60.9,12.6,
170,완도,2022-05-23,22.7,18.1,30.4,,2.4,52.3,9.6,
170,완도,2022-05-24,23,17.4,29.9,,1.1,49,12.5,
170,완도,2022-05-25,22,16,28.9,,1.5,59.6,12,
170,완도,2022-05-26,20.9,17.5,26.6,,2.5,53.3,11.4,
170,완도,2022-05-27,21.2,16.8,26.3,,3.8,54.1,12.6,
170,완도,2022-05-28,22.2,17.4,28.5,,2.4,56.6,9.7,
170,완도,2022-05-29,18.9,15.6,24.3,5.4,3.1,87.5,5.1,
170,완도,2022-05-30,19.5,17.4,22.5,5.1,2.3,89.5,.5,
170,완도,2022-05-31,21.4,14.9,27.6,,1.5,46.5,12.6,
170,완도,2022-06-01,19.9,15.8,26.2,,1.5,63.4,10.3,
170,완도,2022-06-02,21.2,15.5,27.7,,1.8,78.6,11.4,
170,완도,2022-06-03,21.5,18.4,28.4,,2.2,80.5,11.7,
170,완도,2022-06-04,20.8,18,25.4,0,6.3,72.5,9.4,
170,완도,2022-06-05,18.1,17.1,19.9,28.4,5.1,94,0,
170,완도,2022-06-06,20.6,17,25.2,0,1.8,79.8,7.6,
170,완도,2022-06-07,18.3,17,20.1,20.1,4.5,84.6,.5,
170,완도,2022-06-08,18.7,16.2,22.4,,3.7,80.6,7.2,
170,완도,2022-06-09,19.2,16,23.9,,2.7,76.3,11.6,
170,완도,2022-06-10,20.1,15.7,22.8,,2.1,83.4,3.3,
170,완도,2022-06-11,21.9,18.6,28.3,0,1.5,76.4,7.1,
170,완도,2022-06-12,20.2,17.5,24.9,,3.2,78.5,5.6,
170,완도,2022-06-13,,18,20.8,1.2,4.7,,0,
170,완도,2022-06-14,19.1,18,20.8,.7,2,83.6,0,
170,완도,2022-06-15,21,17.8,25.8,0,1.4,83.5,5.6,
170,완도,2022-06-16,22.2,19.5,27,.2,1.6,78.9,5.8,
170,완도,2022-06-17,21.7,18.5,25.8,0,1,89.1,1.1,
170,완도,2022-06-18,23.1,20.6,27.3,0,1.2,83.8,3.5,
170,완도,2022-06-19,24.2,21.2,28.8,,1.9,83.4,9.2,
170,완도,2022-06-20,24,20.9,29.1,,1.4,84.8,9.1,
170,완도,2022-06-21,25.7,21.1,31.4,,1.2,76.1,8,
170,완도,2022-06-22,24.8,20.9,30.5,,1.2,83.1,12.8,
170,완도,2022-06-23,26.2,22.7,30.9,.8,2.6,81.8,2.7,
170,완도,2022-06-24,24.3,23.3,29.2,24.3,3.9,90.9,.2,
170,완도,2022-06-25,25.9,23.2,29.1,,2,81.9,8.1,
170,완도,2022-06-26,27.1,23.5,31.6,,3,81.6,12.5,
170,완도,2022-06-27,26.9,23.7,29.7,.7,4.2,83,2.1,
170,완도,2022-06-28,27,23.9,30.4,,4.7,80.5,6.3,
170,완도,2022-06-29,27.5,23.9,29.8,0,4,79.4,3.1,
170,완도,2022-06-30,27.3,24.1,31.9,,3.1,81.9,11.8,
170,완도,2022-07-01,25.2,22.3,28.6,,2.5,90.3,5.9,
170,완도,2022-07-02,26.5,21.6,32.7,,1.8,77.4,12,
170,완도,2022-07-03,26.9,23.4,32,0,2.4,77.4,9.4,
170,완도,2022-07-04,26.4,23.9,30.3,3.8,2.7,83.8,9.2,
170,완도,2022-07-05,28.3,24.6,33.1,,1.1,77.3,11.6,
170,완도,2022-07-06,27.6,25.1,31.3,,3.6,88.3,5.5,
170,완도,2022-07-07,28.3,25.2,32,,3.3,82.3,6.7,
170,완도,2022-07-08,27.6,24.9,31.3,4.3,2.4,84.9,4.8,
170,완도,2022-07-09,28.1,23.8,32.7,,1.8,71.8,11,
170,완도,2022-07-10,27.3,23.6,32.4,,2.4,80.5,11.3,
170,완도,2022-07-11,26.6,23.7,30.2,1.9,1.9,85.5,1.8,
170,완도,2022-07-12,25.2,24.2,27.6,,3.3,87.9,1.5,
170,완도,2022-07-13,24.9,23.7,26.2,,3.1,88.1,.2,
170,완도,2022-07-14,28.6,25,32.9,4.9,3.1,78.4,7.5,
170,완도,2022-07-15,26.9,24.4,32.1,0,1,78.4,8.3,
170,완도,2022-07-16,27.2,22.3,31.7,,2.3,70.1,10.3,
170,완도,2022-07-17,25.6,23.1,29.7,0,1.6,82,0,
170,완도,2022-07-18,25.9,23.4,28.4,31.4,3.3,92,0,
170,완도,2022-07-19,26.8,23.9,31.3,.8,3,76.4,11.2,
170,완도,2022-07-20,26.4,22.8,31.8,1.9,1,80,8.5,
170,완도,2022-07-21,25.4,23.2,27.7,3.9,3.7,81.9,2.1,
170,완도,2022-07-22,25.6,22.8,29.6,,3,77.8,8.8,
170,완도,2022-07-23,24.3,21.5,28.2,0,2.6,87.5,1,
170,완도,2022-07-24,25.7,24,29.1,15.4,3,83.6,2.4,
170,완도,2022-07-25,26.4,23.5,31.3,,1.4,78.5,7.8,
170,완도,2022-07-26,25.3,22.6,29.5,,2.8,82.3,10.7,
170,완도,2022-07-27,25.6,22.6,28.6,,4.3,81.9,9.7,
170,완도,2022-07-28,26.4,24,30.4,,3.9,85.4,8.7,
170,완도,2022-07-29,28.1,24.8,31.1,,3.7,76.1,12.5,
170,완도,2022-07-30,26.8,25.4,28.6,4.6,4,82.5,.4,
170,완도,2022-07-31,26,25.2,27.4,38.6,6.7,95.3,0,
170,완도,2022-08-01,27.1,25.7,29.8,7.6,5.6,90.8,1.3,
170,완도,2022-08-02,28.2,25.6,32.4,4.1,1.4,84,4.1,
170,완도,2022-08-03,28,24.5,32.3,8.1,1.4,86.8,8,
170,완도,2022-08-04,28.8,25.6,32.9,2.3,1.5,84.8,11.3,
170,완도,2022-08-05,29.3,26.3,32.4,0,2.2,81.5,10,
170,완도,2022-08-06,29.9,27.6,33.1,0,2.2,77.8,9,
170,완도,2022-08-07,29.7,27.9,33.1,,2.3,79.1,8,
170,완도,2022-08-08,,28.2,31.9,,3.2,,7,
170,완도,2022-08-09,29.4,28,32.6,,2.4,75.4,6.9,
170,완도,2022-08-10,29,27.5,31.5,,2.6,77.6,1.8,
170,완도,2022-08-11,28.5,27.2,29.7,1.3,3.1,83.5,0,
170,완도,2022-08-12,27.6,25.4,31.5,9.8,2,88.1,4.2,
170,완도,2022-08-13,28.4,24.7,31.7,,1.6,83.5,6.2,
170,완도,2022-08-14,29.5,27.1,31.8,,2.8,78.9,9.9,
170,완도,2022-08-15,29.9,26.4,32.4,,3.3,75.6,9.1,
170,완도,2022-08-16,27.6,24.8,29.4,12.6,3.5,86.8,0,
170,완도,2022-08-17,25.6,23.1,28.7,.9,1.2,91.8,2.8,
170,완도,2022-08-18,25.2,21.2,30.1,,1.1,80.8,11.9,
170,완도,2022-08-19,27.3,21.9,31.5,,2.1,84.8,4.6,
170,완도,2022-08-20,27.6,25.1,29.7,6.7,2.7,87.8,,
170,완도,2022-08-21,26,22.4,30.7,,1.9,82.3,,
170,완도,2022-08-22,25.7,20.6,30.4,,1.6,73.3,,
170,완도,2022-08-23,27,23.7,30.3,0,.7,87.5,,
170,완도,2022-08-24,25.9,22.2,30.9,1.4,1.6,77.8,,
170,완도,2022-08-25,25.2,20.8,30.3,,1.9,74.9,,
170,완도,2022-08-26,24.8,21.7,29.7,0,1.4,69.4,,
170,완도,2022-08-27,24.2,19.9,29.3,0,1.2,67.3,,
170,완도,2022-08-28,21.8,18.4,25.7,,1.7,68.5,0,
170,완도,2022-08-29,23.9,19,28.1,,2,74.1,0,
170,완도,2022-08-30,24.8,23.1,28.4,,1.8,86.4,0,
170,완도,2022-08-31,24.1,21.4,27.5,3.3,1.5,80.5,,
170,완도,2022-09-01,22.7,21.1,25.1,0,.8,81.9,,
170,완도,2022-09-02,22.4,21.3,23.4,3.8,2.2,86.1,,
170,완도,2022-09-03,24.1,21.3,26.4,1.6,3.8,84.5,,
170,완도,2022-09-04,25.2,23.2,29.1,7.2,3.8,89.5,,
170,완도,2022-09-05,24.6,24,25.4,126.5,5.2,95.9,0,
170,완도,2022-09-06,22.8,19.8,26.4,14.8,4.3,76,0,
170,완도,2022-09-07,23.1,17.7,29,,1.3,71.3,10.1,
170,완도,2022-09-08,22.8,17.8,28.7,,.9,68.1,10.1,
170,완도,2022-09-09,22.9,19.3,28.3,,1.1,75.1,8,
170,완도,2022-09-10,23.1,20.4,27.7,,1.5,76,3.8,
170,완도,2022-09-11,23.6,19.8,28.2,,2.2,77.5,8.7,
170,완도,2022-09-12,23.6,22.1,25.7,0,.9,87.3,.1,
170,완도,2022-09-13,23.8,21.6,26.8,5,1.3,87.4,.8,
170,완도,2022-09-14,24.4,20.5,28,.1,3.7,74.3,3.9,
170,완도,2022-09-15,24.8,23.5,26.7,,5.9,79.8,3.6,
170,완도,2022-09-16,24.9,23.6,26.6,,4.8,88.4,.6,
170,완도,2022-09-17,26.4,22.8,31.4,1,1.2,79.1,7.5,
170,완도,2022-09-18,28.2,24.1,33.8,.1,1.6,72.1,4.1,
170,완도,2022-09-19,25.3,20.7,28.9,,3,67.3,10.2,
170,완도,2022-09-20,21.3,18.8,25.4,.2,1.3,65.9,3.5,
170,완도,2022-09-21,20.1,16.1,24.6,,1.8,70.6,8.3,
170,완도,2022-09-22,20.3,15.1,25.7,,1.5,71.6,9.3,
170,완도,2022-09-23,20.3,16.7,26.9,,1.9,71.4,8.7,
170,완도,2022-09-24,19.8,15.6,25.4,,1.7,58.1,7.2,
170,완도,2022-09-25,19.8,16.6,22.6,0,.7,71.9,.1,
170,완도,2022-09-26,19.8,17.1,23,.1,.8,78.6,.4,
170,완도,2022-09-27,21.2,17.1,26.8,0,1.1,71.8,10.7,
170,완도,2022-09-28,21.5,17.5,25.2,0,.9,77.8,3.3,
170,완도,2022-09-29,21.7,17.1,28,,1.1,70.4,10.8,
170,완도,2022-09-30,20.6,14.8,27.3,,1.2,69.9,10.7,
172,고창,2022-05-20,19.2,14.6,25.9,0,1.8,63.8,3.9,17.12
172,고창,2022-05-21,19,12.6,24.8,,1.8,72.5,12.9,29.43
172,고창,2022-05-22,20,13.3,27.4,,2.8,70,12.2,28.38
172,고창,2022-05-23,20.7,14.5,28.4,,1.9,59.4,11.3,25.61
172,고창,2022-05-24,20,11.8,29.5,,2.5,62.4,13.3,29.28
172,고창,2022-05-25,20,13.4,27.2,,2.5,66.6,11.7,26.84
172,고창,2022-05-26,18.1,13.6,24,1,3,66.8,13,30.82
172,고창,2022-05-27,19.8,15,25.3,,3.8,63.8,13,29.54
172,고창,2022-05-28,21.7,15,29.1,,2.8,54.5,10.1,24.79
172,고창,2022-05-29,21.4,14.7,28.9,.1,2.5,66.5,10.6,28.34
172,고창,2022-05-30,18.7,15.3,22.5,.4,2.8,85.1,0,9.83
172,고창,2022-05-31,19.1,11,26.3,,1.8,57.6,13.4,20.31
172,고창,2022-06-01,21.5,14.9,29.4,,2.5,47.8,12.6,30.86
172,고창,2022-06-02,21,13.9,27.6,,2,72.9,10.5,27.71
172,고창,2022-06-03,23,19.4,29.1,,1.1,71.8,11,28.99
172,고창,2022-06-04,24.4,16.9,30.5,,2.5,46.5,9.1,24.08
172,고창,2022-06-05,18.3,16.8,23.1,41.6,3.8,84.6,0,3.79
172,고창,2022-06-06,19.7,16.9,24.3,0,2.9,80,7.3,21.77
172,고창,2022-06-07,18.9,16.1,23.7,25.3,2.6,82.5,2.5,13.78
172,고창,2022-06-08,19.9,16.1,24.2,2.5,2.3,76.8,6.9,23.29
172,고창,2022-06-09,20.4,16.3,26.5,,2.2,75,10,26.19
172,고창,2022-06-10,21.3,15.6,27.4,,1.7,70.3,5.7,20.39
172,고창,2022-06-11,23,17.3,29.6,,2.3,69.4,10.6,26.98
172,고창,2022-06-12,22,18.3,27.7,,2.1,75.5,7.1,21.14
172,고창,2022-06-13,21.9,18.3,26.5,0,2,67.3,.8,14.56
172,고창,2022-06-14,18.4,17,20.6,6.4,3.2,85.3,0,9.96
172,고창,2022-06-15,21,17.3,25,3.1,4,77.5,3.9,17.37
172,고창,2022-06-16,21.7,18.1,26.3,,2.1,69.3,6.7,23.58
172,고창,2022-06-17,23.1,18.7,27.8,0,1.8,79.6,1.7,14.58
172,고창,2022-06-18,24.2,21.1,28.2,1.4,3.1,74.8,8.5,24.92
172,고창,2022-06-19,24.4,21.1,29.6,,2,80.9,4.2,17.02
172,고창,2022-06-20,24.5,20.3,30.7,,2.2,79.8,11.5,27.27
172,고창,2022-06-21,23.8,20.8,28.7,,2.2,82,9.5,27.16
172,고창,2022-06-22,24.6,19.6,31.2,,2.1,79.1,12.6,28.88
172,고창,2022-06-23,25,21.2,27.9,26.6,4.2,83.4,1.4,8.43
172,고창,2022-06-24,24.3,22.5,27.3,23.3,4.1,85.3,2.3,10.87
172,고창,2022-06-25,26.4,23.1,30.4,,3.8,78,5.3,19.75
172,고창,2022-06-26,26.8,24.6,30.7,,4.4,78.1,2.3,12.81
172,고창,2022-06-27,27.7,25.5,29.5,0,5.7,75.6,.5,13.23
172,고창,2022-06-28,28.4,26.8,30.4,,7.2,70.3,3.3,19.83
172,고창,2022-06-29,27.5,25.3,29.3,.2,5.6,76.1,.8,13.61
172,고창,2022-06-30,27.7,25.4,31.1,0,4.1,74.6,2.3,16.45
172,고창,2022-07-01,28,22.9,33.3,,3.2,71.3,11.5,27.07
172,고창,2022-07-02,26.9,20.8,33.2,,2,73.6,11.8,28.16
172,고창,2022-07-03,27.4,22.5,33.6,8,1.6,75,8.3,22.7
172,고창,2022-07-04,26.5,23.5,31.9,0,1.8,82.9,2.7,16.84
172,고창,2022-07-05,27,24.2,31.2,,1.7,81.1,2.5,17.67
172,고창,2022-07-06,29.5,24.8,34.8,,4,70.3,9.5,25.23
172,고창,2022-07-07,28.8,26.7,32.8,1.1,4.6,77.8,4.5,17.45
172,고창,2022-07-08,26.4,23.6,30,2.5,2.5,86.3,4,11.81
172,고창,2022-07-09,26.5,22.9,30.7,0,2.2,77.8,10.2,27.77
172,고창,2022-07-10,27.8,22.7,34.1,7.3,1.9,76.3,6.9,22.36
172,고창,2022-07-11,27,24.3,31.1,9.6,2.5,82.8,2.5,15.13
172,고창,2022-07-12,27.3,23.9,31.4,.9,2,81.4,1.2,12.5
172,고창,2022-07-13,26.2,24.3,28.6,0,5.2,78.1,.9,11.22
172,고창,2022-07-14,26.1,23,29.2,8.7,3.2,84.9,5.2,21.55
172,고창,2022-07-15,25.6,21.8,30.1,,2,79.9,11.2,24.91
172,고창,2022-07-16,25.2,21.2,30.1,,2.3,80.4,5.8,21.75
172,고창,2022-07-17,25.9,22.1,29.4,0,1.7,82,.1,11.08
172,고창,2022-07-18,24.2,20.1,27.2,54.8,3,91.9,0,3.56
172,고창,2022-07-19,25.3,22.4,29.4,2,2.5,83.9,6.6,22.44
172,고창,2022-07-20,26.6,22.2,32.2,2.7,1.6,80.1,8.1,23.9
172,고창,2022-07-21,24.2,22.6,26.9,3.1,5.4,84.6,.2,7.14
172,고창,2022-07-22,24.9,21.8,28.9,,2.5,79.8,9.1,24.69
172,고창,2022-07-23,24.4,20.6,28.1,14.9,3.9,83,2.4,12.04
172,고창,2022-07-24,24,23.1,24.8,2.5,3.4,92.3,0,4.3
172,고창,2022-07-25,25.6,22.7,29.4,,2,84,7.8,23.12
172,고창,2022-07-26,26.2,21.3,31.7,,1.8,82.4,8,23.38
172,고창,2022-07-27,27.1,21.9,32.1,,3,71.5,9.8,25.42
172,고창,2022-07-28,28.7,24,33.4,,3.2,69.1,12.9,28.1
172,고창,2022-07-29,30.4,25.7,35.1,,2.6,68.4,11,26.17
172,고창,2022-07-30,28,24.7,32.1,0,2.8,75.8,3.8,11.16
172,고창,2022-07-31,27.6,26.1,28.9,2.4,4.9,80.6,.1,8.77
172,고창,2022-08-01,27.7,25.8,30.5,38.5,5,84,2.1,15.29
172,고창,2022-08-02,28.1,25.9,30.4,2.5,3.9,80.4,5.1,16.46
172,고창,2022-08-03,28.2,25.8,31.4,10.1,2.5,85,5.1,18.24
172,고창,2022-08-04,28.8,26.1,32.5,0,2.5,81.3,8.1,21.49
172,고창,2022-08-05,28.7,26,32.4,.2,3,83.3,5.9,20.37
172,고창,2022-08-06,29.5,26.6,33.3,,2.3,79.8,5,18.51
172,고창,2022-08-07,29.7,26.4,33.4,,3.1,78.3,7.2,20.88
172,고창,2022-08-08,28.9,27.6,31.2,,5.1,76,2.5,17.18
172,고창,2022-08-09,28.8,27.3,31.7,,5.1,76.5,3.5,18.29
172,고창,2022-08-10,28.1,26.4,29.4,.9,4.3,81,0,7.82
172,고창,2022-08-11,26.5,25.9,27,25.8,2.9,92,0,2.44
172,고창,2022-08-12,26.6,22.8,30.5,1.2,2,84.1,5.9,18.31
172,고창,2022-08-13,27.1,22.8,30.7,.9,2.3,84.8,2.3,10.83
172,고창,2022-08-14,29,27.1,32.4,,4.3,77.8,6.8,21.95
172,고창,2022-08-15,29,27.9,31.7,,6.5,76,5,20.55
172,고창,2022-08-16,26.3,23.8,28.9,19,2.6,90,0,6.47
172,고창,2022-08-17,25.4,21.7,29.6,0,2.1,86.3,5.7,17.06
172,고창,2022-08-18,25.1,20.3,31.6,,1.6,78.6,12.2,26.38
172,고창,2022-08-19,27,20.6,31.5,,3.9,81.3,3.5,17.46
172,고창,2022-08-20,26.5,22.9,29.1,15.2,2.3,87.4,2.2,8.95
172,고창,2022-08-21,25.9,21.7,30.5,,1.8,84.5,6.5,19.81
172,고창,2022-08-22,26.9,21.7,32.1,,2,75.1,10.7,25.01
172,고창,2022-08-23,25.3,23.8,28.2,9.3,1.9,89.8,0,4.41
172,고창,2022-08-24,25,21.2,29.4,,1.6,81.4,7.2,20.56
172,고창,2022-08-25,23.4,19.8,28.5,0,2.6,75.1,6.9,14.27
172,고창,2022-08-26,23.1,19.7,28.3,,2.3,72.3,11.3,25.1
172,고창,2022-08-27,20.9,16.2,26.5,,2.4,74.3,6.9,20.49
172,고창,2022-08-28,21.5,15.3,28.4,,1.8,68.8,8.3,23.36
172,고창,2022-08-29,21.7,18.4,24,.1,1.8,75.4,0,6.23
172,고창,2022-08-30,24.7,22.5,27.9,2.4,2.3,80.4,.4,9.59
172,고창,2022-08-31,22.2,19.3,25.9,.8,2.5,83.4,2.6,13.47
172,고창,2022-09-01,21.9,18.5,25.4,,2.1,85.6,1.8,10.49
172,고창,2022-09-02,22.8,18,27.9,,2.6,77.9,3.4,15.86
172,고창,2022-09-03,24.3,19.9,28.8,.8,2.8,75,.5,10.66
172,고창,2022-09-04,25.8,23.1,30.4,1.3,3.3,76.5,1.1,11.63
172,고창,2022-09-05,23.2,19.6,26,54.8,5.4,90,0,2.78
172,고창,2022-09-06,20.9,18.5,24.8,21,6.4,81.5,5.8,17.57
172,고창,2022-09-07,20.9,15.9,27.5,0,1.7,83.8,9.1,22.56
172,고창,2022-09-08,21.4,15.7,28.3,,1.9,78.9,9.1,21.48
172,고창,2022-09-09,22.2,16.3,30,,1.6,78.6,9.1,22.05
172,고창,2022-09-10,22.4,19,27.2,0,1.4,75.5,1.5,12.2
172,고창,2022-09-11,23.1,17.7,29.6,0,1.6,74.4,7.4,21.31
172,고창,2022-09-12,22.3,20.5,24.1,2.1,1.4,90.9,0,4.92
172,고창,2022-09-13,23.2,21.5,25.3,1.7,2.6,90.3,0,6.19
172,고창,2022-09-14,24.4,19.4,29.2,,3.1,70.9,8.2,17.37
172,고창,2022-09-15,26.8,22.7,31.2,,3.3,66,7.9,19.6
172,고창,2022-09-16,26.8,24,31.4,0,4.2,73.9,5.4,16.45
172,고창,2022-09-17,26.5,23.6,32,.2,2.1,77.6,7.1,20.16
172,고창,2022-09-18,27.2,23.5,32.1,0,4.9,74.5,5.8,17.42
172,고창,2022-09-19,23.4,17.6,27,,5.5,67.8,8.2,20.19
172,고창,2022-09-20,19.3,15,25.3,,2.6,70,7.5,18.56
172,고창,2022-09-21,18.2,12.3,25.6,,1.4,73.5,8.9,17.93
172,고창,2022-09-22,18.8,12.4,25.4,,1.7,67,7.5,19.21
172,고창,2022-09-23,17,13.4,23.9,0,2.8,72.1,5.7,16.36
172,고창,2022-09-24,17.1,11.7,23.3,,3,70.3,8.2,20.12
172,고창,2022-09-25,18.4,14.9,24.7,,1.4,75,1.7,13.25
172,고창,2022-09-26,18.2,14.8,22.8,,1.6,78.1,.7,8.87
172,고창,2022-09-27,18.7,12,26.6,,1.8,76.6,11,20.86
172,고창,2022-09-28,18.8,14.2,24.2,,.9,82.3,.6,8.7
172,고창,2022-09-29,17.3,13.1,25.1,,1.5,81.8,6.9,17.28
172,고창,2022-09-30,18.1,10.5,28.8,,1.4,77.6,9.7,20.31
174,순천,2022-05-20,17.6,11.6,25.1,,1.5,70.8,2.8,
174,순천,2022-05-21,20.2,12,28,,2.6,62.6,12.9,
174,순천,2022-05-22,22,14.4,29.5,,3.4,55.1,12.7,
174,순천,2022-05-23,21.8,13,30.2,,2.2,60.9,9.8,
174,순천,2022-05-24,22.5,14.1,31.9,,2.3,48.1,12.7,
174,순천,2022-05-25,21.3,12,29.8,,1.8,61.6,9.9,
174,순천,2022-05-26,19,12.6,26.6,0,2.9,54.4,9.8,
174,순천,2022-05-27,18.6,7.7,27.5,,2.3,59.3,12.8,
174,순천,2022-05-28,19.3,10.3,30.1,,1.5,57.5,7.2,
174,순천,2022-05-29,18.7,7.3,26.8,,1.9,58.9,10.6,
174,순천,2022-05-30,19.3,16.5,22.4,.2,1.8,80.8,0,
174,순천,2022-05-31,20.8,12.4,29.6,,2.4,48.8,12.7,
174,순천,2022-06-01,20.3,12.3,29.2,,1.4,55.4,10.3,
174,순천,2022-06-02,21.4,9.3,30.8,,1.5,61.3,12.7,
174,순천,2022-06-03,22.2,16.3,30.4,,2.3,68.8,11.1,
174,순천,2022-06-04,21.2,12.9,28,,1.9,56.9,8.4,
174,순천,2022-06-05,17.2,16.1,20.7,31.3,1.9,89.1,0,
174,순천,2022-06-06,19.3,14.7,24.4,0,2,78.4,5.7,
174,순천,2022-06-07,17.7,15.5,20.7,4.5,1.8,79.6,0,
174,순천,2022-06-08,17.4,14.8,22.3,.6,1.1,82.5,2.8,
174,순천,2022-06-09,19.3,14.2,24.9,,1.5,74.4,8.5,
174,순천,2022-06-10,18.8,11.5,26.2,,1.3,74.3,4.6,
174,순천,2022-06-11,21.4,14.8,29,0,1.2,73,4.8,
174,순천,2022-06-12,20.8,16.8,26.1,,1.6,74.6,5.8,
174,순천,2022-06-13,19.4,16.2,22.8,.1,1.5,71.5,0,
174,순천,2022-06-14,18.3,16.2,20.8,1.4,1.4,77.8,0,
174,순천,2022-06-15,19.7,15.9,26.2,0,1.6,82.5,3.6,
174,순천,2022-06-16,21.4,16.4,28,,1.5,69.9,6.4,
174,순천,2022-06-17,22,15.1,29,0,1.2,76.5,4,
174,순천,2022-06-18,25,19.4,31.5,,1.7,68.6,10.2,
174,순천,2022-06-19,24.5,19.6,31.2,.5,1.3,76.3,7.6,
174,순천,2022-06-20,24.8,20.1,31.5,,1.5,75.3,6.3,
174,순천,2022-06-21,25.8,20.5,33.1,,1.5,72.1,7.2,
174,순천,2022-06-22,26.3,21.2,33,,2.1,70.9,8,
174,순천,2022-06-23,24.2,21.8,28.2,.6,1.8,87.1,.3,
174,순천,2022-06-24,24.3,21.4,29.2,36.6,1.8,83,1.9,
174,순천,2022-06-25,24.3,20.8,28.9,,1.7,83.5,2,
174,순천,2022-06-26,25.7,22.9,30.1,0,2,82.9,3.2,
174,순천,2022-06-27,25.5,24.2,27.3,3,1.9,89.3,.2,
174,순천,2022-06-28,25.5,24.2,28.1,6.3,2,86.3,.3,
174,순천,2022-06-29,25.4,23.8,27.8,8.7,2,90.3,.6,
174,순천,2022-06-30,26.4,24.2,30.4,1.2,1.9,83.6,7.6,
174,순천,2022-07-01,26.1,21.3,31.4,,1.5,82.1,10.3,
174,순천,2022-07-02,26.6,19.5,33.2,0,1.3,75.5,11.2,
174,순천,2022-07-03,27.3,21.5,32.6,0,1.4,72.9,7.8,
174,순천,2022-07-04,25.9,23,30.8,.6,1.4,85.5,3.4,
174,순천,2022-07-05,26.6,22.1,33.2,1.2,1,84.3,2.6,
174,순천,2022-07-06,27.4,23.6,33,.5,1.8,82.5,6.2,
174,순천,2022-07-07,27.5,25.7,31.4,.2,2.2,83.3,3.9,
174,순천,2022-07-08,26,22.6,30,12.7,1,92,1.8,
174,순천,2022-07-09,25.8,22.2,30.4,,2.8,79,9.8,
174,순천,2022-07-10,26.6,21.5,32.1,,1.6,80,7.3,
174,순천,2022-07-11,25.7,23.6,30.6,14.4,1.1,89.3,1.7,
174,순천,2022-07-12,25.1,22.8,28.6,3.1,1.5,85.5,1,
174,순천,2022-07-13,23.8,22.8,25.3,0,1.6,86.5,0,
174,순천,2022-07-14,26.8,23.5,31.4,14,2.3,79.9,6.9,
174,순천,2022-07-15,26,21.9,31.3,,2.5,73.8,11.3,
174,순천,2022-07-16,25.9,20,31.6,,2.5,69.1,9.5,
174,순천,2022-07-17,24.6,20.3,28.5,.5,1.4,83.6,1,
174,순천,2022-07-18,22.1,20.2,23.6,95.6,.9,99.6,0,
174,순천,2022-07-19,25.6,21.7,30.8,.3,2.7,77.6,10,
174,순천,2022-07-20,25.8,20.3,32,0,1.5,79.6,9.8,
174,순천,2022-07-21,23.8,21.1,29.4,8,2.6,83.3,1,
174,순천,2022-07-22,23.7,20.7,29,1.9,1.8,82.9,4.8,
174,순천,2022-07-23,23.2,19.6,28.8,10.2,1.3,87.3,1.8,
174,순천,2022-07-24,24.4,22.2,28,14.1,1.9,86.9,1.5,
174,순천,2022-07-25,26.1,22.4,31.5,,2.1,79.3,6.1,
174,순천,2022-07-26,25.3,22.4,30.5,,1.5,83.7,6.2,
174,순천,2022-07-27,25.5,21.6,30.9,,1.6,78.9,7.5,
174,순천,2022-07-28,26.1,20.8,31.6,0,1.6,82.5,6.5,
174,순천,2022-07-29,27.7,22.6,32.4,,1.7,76.5,9.5,
174,순천,2022-07-30,26.6,22.3,28.9,0,2.3,79.8,.7,
174,순천,2022-07-31,25.6,24.3,27.3,104.5,4.1,93.5,0,
174,순천,2022-08-01,25.9,24.6,27.2,62.8,3.9,94.9,0,
174,순천,2022-08-02,27,25.1,30.6,41.1,1.6,88.3,2.4,
174,순천,2022-08-03,26.4,24.2,29.1,11.2,.6,91.8,2,
174,순천,2022-08-04,27.7,23.9,32.6,,1.2,85.3,6.3,
174,순천,2022-08-05,27.4,23.4,33.1,0,1.3,85.5,6.2,
174,순천,2022-08-06,28.4,24.2,33.6,0,1.1,82.6,8.7,
174,순천,2022-08-07,28,24.6,33.5,.2,1.3,83.8,7.1,
174,순천,2022-08-08,27.2,23.8,32,,1.2,82,2.8,
174,순천,2022-08-09,26.8,23.2,30.3,,1.3,84,1.2,
174,순천,2022-08-10,26.6,23.9,30,,1.1,83.5,0,
174,순천,2022-08-11,25.4,24.2,26.9,1.4,.4,94.3,0,
174,순천,2022-08-12,26.8,23.3,31.1,4.4,1.2,85.8,2.7,
174,순천,2022-08-13,27,22.7,32.7,0,1.1,82.5,4.1,
174,순천,2022-08-14,28,24,33,,1.4,76.8,7.1,
174,순천,2022-08-15,27.9,24,32,,1.7,77.4,4.8,
174,순천,2022-08-16,25.7,24.1,28.2,19.6,1.3,91.8,0,
174,순천,2022-08-17,24.8,21.6,28.4,1.2,1.4,87.5,1.4,
174,순천,2022-08-18,24.5,19.6,29.9,0,1.6,79.5,9.2,
174,순천,2022-08-19,25.5,19.5,31.5,0,1.3,83.5,2.1,
174,순천,2022-08-20,25.7,23.6,29,9.2,1.1,91,.6,
174,순천,2022-08-21,26,22.8,31.2,,1.2,80.8,7.3,
174,순천,2022-08-22,25.4,21.3,31.1,,.9,78.8,7.9,
174,순천,2022-08-23,25.1,21.3,29.4,13.2,.7,86.5,0,
174,순천,2022-08-24,23.8,20.3,27.6,10.7,1.4,87.1,1.4,
174,순천,2022-08-25,23.1,18.1,29.3,,1.7,74.1,7.1,
174,순천,2022-08-26,23.1,19.3,28.6,,2.4,62.1,9.9,
174,순천,2022-08-27,20.2,14.1,26.6,,1.7,75.8,5.4,
174,순천,2022-08-28,19.5,13.2,26.7,,.9,74.1,7.3,
174,순천,2022-08-29,20.7,15.2,25.1,,.6,80.1,.4,
174,순천,2022-08-30,22.2,20.2,23.7,1.4,.5,91.4,0,
174,순천,2022-08-31,22.5,19.2,25.7,.4,2,84.3,1.5,
174,순천,2022-09-01,21.1,17.8,25.1,.8,.6,87.4,.2,
174,순천,2022-09-02,21.1,18.5,24.2,.2,1.1,85.1,.2,
174,순천,2022-09-03,23.6,19.8,27.2,0,1.9,78.3,1.2,
174,순천,2022-09-04,25.3,22.8,29.5,0,2.1,80.5,3.6,
174,순천,2022-09-05,23.7,22.7,24.9,98.9,2.5,97.8,0,
174,순천,2022-09-06,21.6,18.4,25.5,59,4.2,76.5,4.3,
174,순천,2022-09-07,21.4,14.6,28.6,,2,67.3,11.1,
174,순천,2022-09-08,20.3,13.2,28.5,,.8,76.1,10.6,
174,순천,2022-09-09,20.8,15.3,28.5,0,.7,79.6,8,
174,순천,2022-09-10,20,16.5,24.8,,.6,85.9,.7,
174,순천,2022-09-11,21.8,15.8,29,,.9,81.4,6.1,
174,순천,2022-09-12,21.5,19.1,24.3,2,.6,94.1,0,
174,순천,2022-09-13,23.4,19.5,27.9,0,.7,84.3,.9,
174,순천,2022-09-14,23.6,19.2,28.2,,1.9,71.5,7.7,
174,순천,2022-09-15,24,18.7,29,,2.5,76.4,6.2,
174,순천,2022-09-16,24.8,22.4,28.6,,1.3,83.1,.7,
174,순천,2022-09-17,25.2,19.6,32.8,.5,.9,81.6,6.5,
174,순천,2022-09-18,27,22.2,33.2,0,1.9,73.8,4.1,
174,순천,2022-09-19,25.5,19.5,29.8,,4.6,67.8,8.6,
174,순천,2022-09-20,18.8,15.1,24.8,0,1.2,72.9,4.5,
174,순천,2022-09-21,16.9,11.1,23.7,,1.1,76,10.3,
174,순천,2022-09-22,17,8.9,25.3,,.9,78,8.2,
174,순천,2022-09-23,18,12.7,25.1,,2.4,71.6,7.3,
174,순천,2022-09-24,17.4,13,24.2,,2.1,63.1,7,
174,순천,2022-09-25,16.6,13.1,22.3,,.6,81.8,.4,
174,순천,2022-09-26,17.2,13.8,21.9,0,.9,86.9,0,
174,순천,2022-09-27,19,13.5,27,,1.1,75.6,10.9,
174,순천,2022-09-28,18.5,12.8,25.6,,.8,83.8,3.4,
174,순천,2022-09-29,18,11.7,27.5,,1.3,73.1,10.1,
174,순천,2022-09-30,18.4,9.8,28.9,,.7,71.5,10.8,
177,홍성,2022-05-20,19,12.8,25.5,,1.9,59.9,10.3,25.84
177,홍성,2022-05-21,19,14.6,24.4,,2.2,76.1,12.5,27.31
177,홍성,2022-05-22,18.6,14.2,23.2,,3,78.9,12.6,27.39
177,홍성,2022-05-23,21,15,29.3,,2.6,71.5,12.9,26.61
177,홍성,2022-05-24,20.7,13.3,28.2,,1.7,64.1,13.4,28.68
177,홍성,2022-05-25,19.6,13.6,26.3,1.5,1.8,73.8,9,22.36
177,홍성,2022-05-26,18.4,12.9,23.7,.7,2.5,60.3,13.7,30.1
177,홍성,2022-05-27,19.8,15.9,25.7,,2.8,63,13.4,29.66
177,홍성,2022-05-28,21.6,15,28.1,,2.6,59,13.4,26.79
177,홍성,2022-05-29,22,16.9,28,,1.7,69.4,10.1,25
177,홍성,2022-05-30,20.2,17.6,23.9,0,1.5,71.8,.7,9.84
177,홍성,2022-05-31,19,11.4,26.9,,2.2,53.5,13.5,29.37
177,홍성,2022-06-01,21.3,15.5,29.2,,2.2,43.8,13.6,30.69
177,홍성,2022-06-02,20.6,14.2,26.6,,1.9,72.1,12.7,28.63
177,홍성,2022-06-03,22.7,19.1,30.2,,1.5,70.5,10.4,25.82
177,홍성,2022-06-04,24.1,18.5,29.9,,1.3,69.4,8.2,20.87
177,홍성,2022-06-05,19.3,17.2,22.6,1.4,1.4,84,.3,6.16
177,홍성,2022-06-06,19.4,17.3,23.7,1,1.7,79.4,4.1,14.48
177,홍성,2022-06-07,17.6,14.6,21.7,0,1.3,76.1,2.2,11.72
177,홍성,2022-06-08,19.8,15.7,24.8,,1.3,79.5,7.7,18.45
177,홍성,2022-06-09,20.7,16.5,27.2,,1.1,77.8,7,19.34
177,홍성,2022-06-10,21.8,15.8,27.8,,1.3,71.4,7.7,20.84
177,홍성,2022-06-11,23.2,16.6,29.6,,2,67.6,12.2,27.18
177,홍성,2022-06-12,22.6,18,28.8,,1.7,75.6,9.7,22.87
177,홍성,2022-06-13,23.4,19,28.7,,2.3,62.5,10.2,23.57
177,홍성,2022-06-14,18.8,15.5,23.2,3.4,2.9,72.8,2,11.74
177,홍성,2022-06-15,18.8,15.1,24.4,16.9,1.9,90.3,3.9,13.19
177,홍성,2022-06-16,20.9,17.6,25.6,,1.4,72.8,8,21.96
177,홍성,2022-06-17,21.6,16.1,26.1,0,1.4,85.5,.3,8.12
177,홍성,2022-06-18,23.2,20.6,26.7,,2,81.6,6.3,17.73
177,홍성,2022-06-19,23.8,21,28.1,.3,1.6,85.4,4.4,14.81
177,홍성,2022-06-20,25.2,21.9,29.4,,1.1,80.3,6.3,18.21
177,홍성,2022-06-21,24.8,19.8,32.1,,1.4,80.6,11.3,26.3
177,홍성,2022-06-22,25,21.2,31.2,,1.8,75.8,11.5,25.82
177,홍성,2022-06-23,24.1,21.2,29.4,32.5,2.6,94.4,1.1,7.04
177,홍성,2022-06-24,23.4,20.8,25.7,11.1,2.9,89.5,2.7,13.23
177,홍성,2022-06-25,25.9,22,29.9,,2.8,83.5,5.2,16.66
177,홍성,2022-06-26,26.8,24.4,29,.3,3,81.8,1.4,8.33
177,홍성,2022-06-27,28.2,26,30.2,0,3.1,75.1,.4,9.68
177,홍성,2022-06-28,28.4,26.7,29.9,0,4.6,71,3.1,14.87
177,홍성,2022-06-29,25.8,23.7,28.3,122.5,3.3,92.5,0,4.8
177,홍성,2022-06-30,27.2,25.6,29.4,2.2,3,83.1,1,11.29
177,홍성,2022-07-01,27.7,23.8,31.9,,1.9,77.9,12.7,28.02
177,홍성,2022-07-02,27.1,22.7,32.1,,.9,85.9,10,20.94
177,홍성,2022-07-03,27.7,22.5,33.7,,1.1,77.4,11,24.35
177,홍성,2022-07-04,27.4,24.1,32.7,0,1,81.3,7,19.74
177,홍성,2022-07-05,27.3,24.2,32.5,0,.9,84.8,4.4,15.6
177,홍성,2022-07-06,29.5,23.8,34.8,,1.6,74,8.1,22.56
177,홍성,2022-07-07,28.4,25.9,33.1,1,3,81,3.1,12.44
177,홍성,2022-07-08,26.8,23.6,30.6,0,2.7,78.8,8.1,21.43
177,홍성,2022-07-09,26.4,22,32.1,,1.2,82.8,7.7,20.58
177,홍성,2022-07-10,27.7,22.7,33.6,0,1.6,77.9,9.1,23.53
177,홍성,2022-07-11,25.2,22.7,29.5,16.5,.9,92.1,2.8,11.84
177,홍성,2022-07-12,26.1,22,29.4,0,.8,90.1,.3,9.29
177,홍성,2022-07-13,25.6,23.7,27.1,40.9,1.9,95.1,0,1.98
177,홍성,2022-07-14,25.3,22.3,29.7,0,2.2,88.4,3.8,16.87
177,홍성,2022-07-15,25,20.2,31,,1.4,82.8,9,22.38
177,홍성,2022-07-16,26,22.7,29.9,0,2.1,78,11.6,27.11
177,홍성,2022-07-17,25.7,21.8,30.2,,1.8,79.5,8.8,23.49
177,홍성,2022-07-18,23.4,21.7,25.2,8.4,1.2,95,.2,6.17
177,홍성,2022-07-19,25.4,20.7,30.1,,1.9,83.4,6.9,22.39
177,홍성,2022-07-20,26.7,23.3,31.8,1.2,1.2,81,6,17.57
177,홍성,2022-07-21,23.8,21.6,26.1,38.8,2,86.8,.4,6.33
177,홍성,2022-07-22,25.5,21.8,29.5,,1.9,75.5,9.3,22.84
177,홍성,2022-07-23,23.9,20.2,27.4,18,1,90.3,1.7,10.48
177,홍성,2022-07-24,25.5,22.8,28.4,.4,.9,92.5,1,11.02
177,홍성,2022-07-25,26.2,23,31,,1,85.3,9.5,21.71
177,홍성,2022-07-26,26.7,21.1,32.5,,1.1,84.9,10.4,23.07
177,홍성,2022-07-27,27.1,23.3,30.9,,1.1,81.4,8.6,19.92
177,홍성,2022-07-28,27.6,22.4,33.6,,1.1,80.5,11.8,25.08
177,홍성,2022-07-29,28.8,23.8,33.9,,1.2,78.9,12.2,25.98
177,홍성,2022-07-30,28.9,24,33.6,0,1.6,77,7.1,19.41
177,홍성,2022-07-31,26.4,25.4,27.8,16.3,1.1,95.3,0,5.03
177,홍성,2022-08-01,27.8,25.1,31.8,100.8,1.5,89.1,1.9,11.27
177,홍성,2022-08-02,27.7,25.9,29.4,.8,2.3,88.8,1.3,10.4
177,홍성,2022-08-03,28.4,26.3,31.8,.3,2.4,87,7.8,20.39
177,홍성,2022-08-04,28.8,26,32.8,,1.6,84,8.8,21.55
177,홍성,2022-08-05,28.8,26.3,32.2,3.2,1.9,87,9.2,21.75
177,홍성,2022-08-06,29.3,26.3,33.5,,1.9,83.5,9.5,21.71
177,홍성,2022-08-07,29.1,26,32.7,,2.5,83.1,6,16.36
177,홍성,2022-08-08,28.4,27.1,29.5,7,2.9,87,0,2.66
177,홍성,2022-08-09,28,26.9,29.2,18.3,3.5,89,.1,5.11
177,홍성,2022-08-10,23.8,22.2,28.1,109.2,1.2,98.9,0,3.21
177,홍성,2022-08-11,25.6,24.7,27.1,70.1,2.2,97.9,0,2.34
177,홍성,2022-08-12,25.9,21.4,31.3,,.9,84.6,12,25.56
177,홍성,2022-08-13,25.4,23,27.7,36.1,.8,95.8,.9,4.98
177,홍성,2022-08-14,26.9,24.8,28.6,34.4,1.4,95.8,0,3.46
177,홍성,2022-08-15,28.2,24.8,30.8,30.6,4,84.8,3,12.52
177,홍성,2022-08-16,26.4,21.9,30.9,0,1.7,82.9,9.2,22.66
177,홍성,2022-08-17,24.8,20.8,31.1,,1.2,83,9,21.15
177,홍성,2022-08-18,24.5,19.4,30.1,,1.1,83.3,9.8,21.27
177,홍성,2022-08-19,26.3,20.6,29.5,.6,2,89.1,1.3,8.7
177,홍성,2022-08-20,27.6,22.6,31.6,4.1,1.6,82.5,7.4,19.09
177,홍성,2022-08-21,26,21.5,31.9,,.9,87.3,7.3,18.84
177,홍성,2022-08-22,26.6,22.9,31.9,.2,1.7,80.4,8.2,20.17
177,홍성,2022-08-23,23.8,19.9,27.5,13.5,.9,92.6,2.3,6.1
177,홍성,2022-08-24,23.1,19.8,26.6,,1.2,84,4.3,12.94
177,홍성,2022-08-25,21.7,18.4,27.6,.1,.8,84.6,.6,8.77
177,홍성,2022-08-26,22.4,16.3,28.8,,1.2,79.5,10.4,20.9
177,홍성,2022-08-27,21.5,15.8,25.4,,1.9,65.9,10.3,24.69
177,홍성,2022-08-28,21.3,13.9,28.2,,1.2,72.8,12.3,24.89
177,홍성,2022-08-29,19.6,18.2,21.2,1.7,.7,87.3,0,4.66
177,홍성,2022-08-30,19.4,17.7,20.3,92.9,1.1,98.9,0,1.62
177,홍성,2022-08-31,21.5,19.7,24.1,.8,1.1,93.1,.7,7.94
177,홍성,2022-09-01,22.5,17.6,28.7,,1.2,83.4,9.5,21.39
177,홍성,2022-09-02,23.4,17.4,28.3,,1.6,74.4,8,18.24
177,홍성,2022-09-03,23.5,18.6,28.6,,2.2,73.8,8.3,20.62
177,홍성,2022-09-04,23.7,20.8,27.6,12.2,1.4,90.4,0,4.87
177,홍성,2022-09-05,20.2,17.8,23.2,77.5,2.6,98.4,0,1.63
177,홍성,2022-09-06,21.2,17.7,26.4,38.7,3.4,80.1,8.9,20.42
177,홍성,2022-09-07,21.5,16.1,28.1,,1.2,79.1,11.5,23.06
177,홍성,2022-09-08,20.9,13.7,28.4,,1,76.6,11.8,23.54
177,홍성,2022-09-09,21.2,15.2,28.7,,1,80.4,9.5,22.04
177,홍성,2022-09-10,21.7,17.2,26.7,,1.3,69.6,7.8,17.87
177,홍성,2022-09-11,21.6,18.1,25.8,,.8,82.3,1.7,11.05
177,홍성,2022-09-12,22.9,18.7,27.7,.2,.7,88.5,2.4,12.04
177,홍성,2022-09-13,23.9,20.8,26.5,.1,1.4,86.9,.1,7.23
177,홍성,2022-09-14,23.3,19.9,27.6,1.2,2.2,69.6,3,13.18
177,홍성,2022-09-15,24.6,18.9,29.2,0,1.6,72.3,6.5,15.91
177,홍성,2022-09-16,25.7,21.8,31.2,3.9,1.8,81,3.8,12.4
177,홍성,2022-09-17,25.5,22.2,30.1,0,1.2,87.5,5.5,13.26
177,홍성,2022-09-18,26,21.8,30,.6,1.7,83.8,2,10.33
177,홍성,2022-09-19,23.9,17.2,28.2,,3.6,66.1,8.6,18.7
177,홍성,2022-09-20,18.3,13.5,23,,1.4,71.8,6,13.88
177,홍성,2022-09-21,17.4,10.6,24.5,,1,74.3,11.4,21.53
177,홍성,2022-09-22,17.8,11.5,24.3,,.7,76.5,8,17.23
177,홍성,2022-09-23,17.3,12.6,22.7,.6,2.3,73.5,8.4,15.15
177,홍성,2022-09-24,17.3,10.4,24.5,,1.3,74.5,10.5,19.83
177,홍성,2022-09-25,18.3,13.4,24.6,,.9,81,4,13.57
177,홍성,2022-09-26,18.1,12.6,25.5,,1,75.5,5.4,15.46
177,홍성,2022-09-27,17.8,9.9,26.4,,.9,75.8,11.1,20.23
177,홍성,2022-09-28,17.8,12,25.8,,.9,85.8,5.7,12.46
177,홍성,2022-09-29,17.3,13.2,25.2,,.6,84.9,6.3,14.87
177,홍성,2022-09-30,17.5,10.2,27.1,,.8,80.6,7.7,17.68
184,제주,2022-05-20,20.9,18.3,23.3,,2.4,71.9,.6,11.8
184,제주,2022-05-21,20.4,16.3,24.9,,2.6,70,13.1,27.89
184,제주,2022-05-22,21.4,15.1,26.2,,3,60,13,28.5
184,제주,2022-05-23,22.4,19.8,26.6,,2.7,50,7.5,21.35
184,제주,2022-05-24,21.5,18,25.1,,2.2,61.6,11.8,26.5
184,제주,2022-05-25,21.2,18.2,24.7,,2.4,71.4,12.3,25.71
184,제주,2022-05-26,19.5,17.3,22.7,,3,67.8,5.3,17.79
184,제주,2022-05-27,23.2,16.5,29,,4.3,37.6,13.4,28.75
184,제주,2022-05-28,21.9,19.3,24.8,,3,60.8,5.2,19.06
184,제주,2022-05-29,21.1,18,24,0,2.6,76,2.6,12.27
184,제주,2022-05-30,20.3,18.8,23.3,0,3.2,88.5,2.5,12.47
184,제주,2022-05-31,20.9,17.6,24.7,,2.1,59.9,11.7,26.78
184,제주,2022-06-01,21,18.2,24.9,,1.9,69,7.2,23.5
184,제주,2022-06-02,21.7,17.8,25.5,,2.3,77.8,9.3,25.92
184,제주,2022-06-03,21.2,18.6,23.5,,2.4,83.4,11.7,27.24
184,제주,2022-06-04,23.5,19.8,26.6,0,4.5,70.3,7.1,20.8
184,제주,2022-06-05,19.1,17.3,23,45,4.5,94.5,0,3.61
184,제주,2022-06-06,20.3,17.9,24.1,.8,2.7,86.5,7.2,21.81
184,제주,2022-06-07,20.7,17.9,25.6,.7,2.1,84.5,2.3,13.03
184,제주,2022-06-08,21.4,18.9,25.3,,3.5,76.3,10.5,27.2
184,제주,2022-06-09,21.4,18.6,25.5,,3.8,77.3,11.9,27.04
184,제주,2022-06-10,23,18.2,27.4,,1.8,72.8,2.5,13.25
184,제주,2022-06-11,21.6,20,24.1,.4,2.9,83.5,4.8,19.92
184,제주,2022-06-12,22,19.5,25.9,,3.5,77.4,8.2,20.56
184,제주,2022-06-13,20.6,19.4,22.2,11.6,3.7,88.9,0,4.66
184,제주,2022-06-14,19,18.7,19.6,13.6,3.9,98.3,0,2.65
184,제주,2022-06-15,23,17.9,29,,2.4,81.1,10.5,24.44
184,제주,2022-06-16,22.3,19.4,25.7,,2.3,85.8,7.4,21.94
184,제주,2022-06-17,22.5,20.2,26,,2.6,89.1,7.4,23.19
184,제주,2022-06-18,23.9,21.7,26.9,0,2.6,85.4,11.8,27.19
184,제주,2022-06-19,25.1,21.5,30.5,,2.1,83.3,8.6,24.47
184,제주,2022-06-20,23.7,21.3,27.4,,2.7,88.3,1.5,14.29
184,제주,2022-06-21,24,21.5,27.3,.1,3.5,89.5,7.5,22.57
184,제주,2022-06-22,23.7,20.7,26.8,,2.5,89.1,10.9,27.39
184,제주,2022-06-23,28.7,23,33.4,,5.1,72.6,10.1,26.11
184,제주,2022-06-24,26.1,23.8,29.5,71.4,6,87.8,4.1,11.46
184,제주,2022-06-25,27.4,23.8,32.3,,2.6,77.6,10.5,23.71
184,제주,2022-06-26,30,25.3,34.4,,4.4,68,10.9,24.37
184,제주,2022-06-27,30.5,27.8,33.1,0,4.2,66.1,2,16.37
184,제주,2022-06-28,30.5,28.9,33.3,0,5,64.6,4.5,18.45
184,제주,2022-06-29,30.2,27.8,33.9,0,5,70.9,9.4,25.4
184,제주,2022-06-30,28.7,26.4,32.1,0,2.9,76.9,13.1,28.86
184,제주,2022-07-01,28.3,25.5,32.4,,2.3,81.6,13.5,29.15
184,제주,2022-07-02,27.6,24.5,30.7,,3.5,77.1,12.2,25.55
184,제주,2022-07-03,28.6,25.6,33.1,0,3.3,76,6.9,21.53
184,제주,2022-07-04,28,26.1,31.2,0,3.4,81.3,10.3,23.42
184,제주,2022-07-05,28.2,25.6,30.9,.7,2.1,81.6,8,22.16
184,제주,2022-07-06,30.3,26.9,33.9,,2.4,75.4,11.4,25.45
184,제주,2022-07-07,31.8,28.6,35.9,,3.6,68.9,13.3,27.81
184,제주,2022-07-08,29.5,27.5,32.8,,3.7,81.5,6.3,18.69
184,제주,2022-07-09,28.7,26.2,32.1,,3.1,74.9,12.9,28.23
184,제주,2022-07-10,28.6,25.6,32.5,,2.3,79.6,8.5,18.59
184,제주,2022-07-11,27.9,24.9,31.6,13.8,2.1,86.4,2.1,11.45
184,제주,2022-07-12,29.3,26.6,32.6,,2.6,80.8,8,22.68
184,제주,2022-07-13,29.4,27,33.1,,2.2,79.5,4.7,16.39
184,제주,2022-07-14,28.8,26.6,33.2,6.2,3.1,82.5,2.4,13.65
184,제주,2022-07-15,26.8,25.2,29.5,14.4,2.2,89.5,.6,6.99
184,제주,2022-07-16,27.2,23.2,31.1,,3.2,83,7.1,21.72
184,제주,2022-07-17,28,26.3,31.3,.2,2.4,75,1.5,11.08
184,제주,2022-07-18,29.1,26.8,32.6,4.1,4.3,81.9,1.2,10.38
184,제주,2022-07-19,27.8,25.2,30.8,3.3,3.4,79.4,10.2,26.26
184,제주,2022-07-20,27.4,24.6,30.1,,2.5,75.6,7.1,21.56
184,제주,2022-07-21,27.7,25,31.7,0,5.3,77.6,3.4,16.98
184,제주,2022-07-22,27.2,24.6,30.5,,3.2,75.4,9.9,25.63
184,제주,2022-07-23,28.3,25.5,31.1,0,2.6,75.6,7,20.87
184,제주,2022-07-24,27.4,25,29.8,10.7,3.8,82.4,6,19.62
184,제주,2022-07-25,26.9,24.1,30,,2.6,75.9,11.5,27.7
184,제주,2022-07-26,27.6,23.3,32.7,,3,75.5,12.5,27.43
184,제주,2022-07-27,28.9,25.3,33.4,,3.5,75.6,12.6,26.03
184,제주,2022-07-28,30.3,26.5,36,,3.4,72.6,9.7,24.18
184,제주,2022-07-29,28.9,26.8,32.1,,4.4,84.8,9.5,23.56
184,제주,2022-07-30,27.2,26.3,28.1,48.3,4,94.5,0,2.42
184,제주,2022-07-31,28,26.3,30.4,47.3,3.7,89.9,.3,5.39
184,제주,2022-08-01,29.3,27,30.8,7,3.7,83,2.6,14.51
184,제주,2022-08-02,29.7,27.4,33.5,3.7,2.3,85.8,5.9,20.91
184,제주,2022-08-03,29.8,27.5,32.9,0,2.2,83.8,9.1,24.56
184,제주,2022-08-04,30.6,27.1,33.7,,3.1,75.9,12.3,26.47
184,제주,2022-08-05,31.3,27.8,35.7,,4,71.9,12.1,25.67
184,제주,2022-08-06,30.9,28,33.8,,2.7,79.5,8.4,17.93
184,제주,2022-08-07,31.4,28.8,34.6,,2.9,74.5,11,23.75
184,제주,2022-08-08,31.7,28.5,36.5,,2.5,65.6,12,25.21
184,제주,2022-08-09,31.1,27.2,36,,3,65.1,7.4,22.17
184,제주,2022-08-10,31.5,28.3,37.5,,3.3,66.8,7.2,20.51
184,제주,2022-08-11,31.6,28.3,35.8,,3.6,67.3,3.8,16.69
184,제주,2022-08-12,30.2,27,33.8,4.2,3,78.5,5.4,13.65
184,제주,2022-08-13,31.1,27.7,34.5,,2.4,75.1,10.1,22.39
184,제주,2022-08-14,31.1,28.1,35.9,,2.4,72.5,9.3,22.38
184,제주,2022-08-15,32.2,28.2,36.7,,5,63.8,11.7,23.58
184,제주,2022-08-16,31,27.5,34.1,13.9,6.2,74.8,4.6,16.49
184,제주,2022-08-17,26.8,25.2,28.4,94.3,3.5,94.1,.1,2.09
184,제주,2022-08-18,27.5,24.1,30.6,,2.3,75,11,24.46
184,제주,2022-08-19,30.9,26.7,35.4,,3.7,71,11.6,24.37
184,제주,2022-08-20,29.3,27.4,32.6,0,2.8,80.5,.5,5.21
184,제주,2022-08-21,27.9,26,30.8,,3.1,80.5,8.7,21.88
184,제주,2022-08-22,28.3,24.9,31.4,,2.6,77,10.7,22.31
184,제주,2022-08-23,29.8,25.8,33.4,,2.4,73.1,6.7,19.39
184,제주,2022-08-24,27.1,23.6,31,,3.1,72.4,6.7,18.87
184,제주,2022-08-25,26.8,22.8,30.7,,3.3,67.9,10.1,23.44
184,제주,2022-08-26,26.3,24.9,29.2,,2.9,70.3,3.1,11.2
184,제주,2022-08-27,26.1,22.7,30.4,0,3,66.4,6.3,19.31
184,제주,2022-08-28,24.4,21.2,28.4,,3.5,70.8,6.3,16.82
184,제주,2022-08-29,25.9,22.7,28,,3.5,76.4,7.1,19.01
184,제주,2022-08-30,28.2,24.3,32.7,0,2.5,69,7.6,18.14
184,제주,2022-08-31,25.9,24.4,29.1,1.2,3.1,80.8,3,14.68
184,제주,2022-09-01,24.8,24,25.9,0,3.7,82.8,0,4.73
184,제주,2022-09-02,23.2,21.9,25,49.3,3.9,95.4,0,1.44
184,제주,2022-09-03,25.9,23.6,29.3,6.4,3.9,93.4,1.4,10.46
184,제주,2022-09-04,26.4,24,30.2,10.4,3.1,91.8,2.2,6.73
184,제주,2022-09-05,26.5,25.7,27.4,174,5.9,96.3,0,1.87
184,제주,2022-09-06,23.4,21,26.6,2.9,7,81.1,3.4,12.22
184,제주,2022-09-07,24.2,18.7,28.9,,2.1,61.5,10.9,23.56
184,제주,2022-09-08,24.3,20.5,27.6,,2.6,70.1,11.3,22.81
184,제주,2022-09-09,24.4,22.1,27.6,,3,75.1,8.1,20.11
184,제주,2022-09-10,23.9,22.2,27.4,.5,3.9,86.1,1.2,9.31
184,제주,2022-09-11,24.7,23,27.6,0,3.5,90.3,1.4,10.28
184,제주,2022-09-12,24.5,23.9,24.9,2.4,3,91.3,0,2.24
184,제주,2022-09-13,24.4,23.8,25,16.3,4.7,93.9,0,.41
184,제주,2022-09-14,24.8,24.4,25.2,.5,4.8,92.9,0,1.03
184,제주,2022-09-15,25.3,24.7,26.9,2.1,4.3,95.3,0,1.16
184,제주,2022-09-16,28.7,25.4,32.8,.3,3.1,76.3,7,15.71
184,제주,2022-09-17,26.4,24.9,28.6,0,2.8,83.1,3.2,13.8
184,제주,2022-09-18,27.1,25.2,30.5,0,2.3,84.1,5.1,17.18
184,제주,2022-09-19,25.1,22,27.9,,5.1,77,5.7,15.72
184,제주,2022-09-20,22.9,21.4,25.3,0,3.4,65.3,4.1,14.91
184,제주,2022-09-21,22,20.1,24.8,0,3.2,64.4,4.7,16.26
184,제주,2022-09-22,22.2,20.1,25.2,,3,77,3.2,13.12
184,제주,2022-09-23,22.4,19.4,26.8,,2.9,72.3,6.3,16.94
184,제주,2022-09-24,21.4,19,24.4,,2.7,56.6,6.4,18.93
184,제주,2022-09-25,22.4,20.2,25.4,0,2.7,72,1.4,12.48
184,제주,2022-09-26,22.7,20.6,26.4,,2.3,69,3.3,14.15
184,제주,2022-09-27,22.7,19.5,25.8,.7,2.4,71.3,10,19.21
184,제주,2022-09-28,23.2,21.1,26.1,0,2.3,79.1,.5,8.29
184,제주,2022-09-29,22.4,18.3,26.7,0,2.3,69.5,7.6,16.71
184,제주,2022-09-30,21.7,17.2,26.2,,2.5,66.6,10.9,20.57
185,고산,2022-05-20,20.2,17.6,25.2,0,3.8,77,1.2,11.95
185,고산,2022-05-21,17.7,14.9,20.3,,5.3,90.5,13.1,27.43
185,고산,2022-05-22,18.2,14.4,23.1,,4.2,90.3,12.6,27.21
185,고산,2022-05-23,20.2,17.2,24.8,,3.5,75.4,8,21.13
185,고산,2022-05-24,19.8,17.8,22.8,,4.4,74.3,10.5,24.49
185,고산,2022-05-25,19.9,17.6,23.7,,2.7,81.5,12.9,25.91
185,고산,2022-05-26,17.6,15.9,19.8,,5.6,87.5,5.2,16.82
185,고산,2022-05-27,19.6,15.3,23.5,,3.8,89.4,13.1,27.93
185,고산,2022-05-28,19.5,17.2,22.1,,4.5,95.4,5.6,17.54
185,고산,2022-05-29,19.9,17.8,22.1,.1,6.4,93.4,1.1,9.74
185,고산,2022-05-30,19.6,17.9,23.5,,6.2,96.6,3.7,14.77
185,고산,2022-05-31,19.5,17,24.3,,4.3,72.9,10.5,24.32
185,고산,2022-06-01,19.7,16.8,23,,4.1,85.5,7.5,22.69
185,고산,2022-06-02,19.9,17.6,23.5,,3.1,95.1,10.2,26.06
185,고산,2022-06-03,21,17.6,24.2,,2.9,91.8,11.1,25.59
185,고산,2022-06-04,22.3,18.3,27.5,2.2,6.2,81.6,7.5,18.11
185,고산,2022-06-05,19.5,17.2,23,60.7,6.9,97.9,0,5.61
185,고산,2022-06-06,19.4,17.6,22.1,,6.6,95.6,10.5,23.71
185,고산,2022-06-07,20.3,17.8,23.9,,3.1,93.9,5.6,19.2
185,고산,2022-06-08,20,17.2,25.2,,3.2,89.6,9.5,20.33
185,고산,2022-06-09,20.5,16.3,25.7,,3.1,87.5,12.3,25.63
185,고산,2022-06-10,21.5,17.9,24.7,1.2,4.6,88.9,1.2,10.31
185,고산,2022-06-11,20.4,17.5,24.1,7.5,4.8,91.8,9.3,22.59
185,고산,2022-06-12,20.9,17.3,25.5,,3,88.8,7.2,16.95
185,고산,2022-06-13,20,18.9,22.3,11.2,4,94.1,0,6.75
185,고산,2022-06-14,20.8,19.1,24,,2.7,95.1,3.4,15.21
185,고산,2022-06-15,21.1,19.1,23.5,,4.3,98,4.3,16.48
185,고산,2022-06-16,21,18.9,25.1,0,4.1,96.5,3.1,16.2
185,고산,2022-06-17,22.4,19.9,25.1,.1,5.2,95.1,1.8,13.93
185,고산,2022-06-18,22.8,20.9,25.4,,4.9,95.4,12.3,26.28
185,고산,2022-06-19,23.4,21.3,28.3,,3.5,96.5,6.2,18.23
185,고산,2022-06-20,22.5,20.9,24.9,,2.4,96.9,1.6,10.18
185,고산,2022-06-21,21.8,19.9,24.6,,4.6,97.5,10.3,24.33
185,고산,2022-06-22,23.7,19.8,28,,4.8,93.9,5.5,19.94
185,고산,2022-06-23,23.8,23,25.5,0,7.5,98,3.8,14.94
185,고산,2022-06-24,23.3,22.4,24.4,83.7,7.5,98,1.6,7.75
185,고산,2022-06-25,24.1,22.2,26.1,3.9,6.6,98,8.7,20.41
185,고산,2022-06-26,24.6,23.3,26.2,.8,8.2,98,2.4,11.18
185,고산,2022-06-27,24.8,24,26.2,.7,9.4,98,.4,9.45
185,고산,2022-06-28,25.3,24.2,26.5,.6,9.9,98,.3,10.04
185,고산,2022-06-29,25.7,24.7,27.4,.2,8.6,98,4.3,15.31
185,고산,2022-06-30,26.3,25,28.4,,7.7,97.9,11.4,22.26
185,고산,2022-07-01,26.7,24.5,29.1,,5.3,93.1,12.5,23.92
185,고산,2022-07-02,26.4,22.7,30.8,,3.4,87.6,12,23.99
185,고산,2022-07-03,27.6,25.1,32,,4.4,86.8,11.7,25
185,고산,2022-07-04,26.8,24.9,31.3,,4.4,94.5,8.9,17.91
185,고산,2022-07-05,27.1,24.9,29.3,0,4,95.3,11.4,25.22
185,고산,2022-07-06,28.1,26.1,30.4,,7.3,95.3,11.6,23.81
185,고산,2022-07-07,27.8,26.6,29.9,0,7.4,98,3.5,11.64
185,고산,2022-07-08,27.6,26,32.4,,4.8,97.5,4.6,16.19
185,고산,2022-07-09,26.6,25.2,28.7,,5.7,88.8,13.1,27.17
185,고산,2022-07-10,27.2,24.6,30.1,,4.4,89.5,11.9,25.03
185,고산,2022-07-11,25.9,23.1,28.6,69.9,3.6,97.9,3.3,9.85
185,고산,2022-07-12,27.6,24.7,30.9,,4.1,95.8,8.9,19.77
185,고산,2022-07-13,27.6,26,29.6,,5.8,97.8,3.2,13.44
185,고산,2022-07-14,27.5,25.6,31.7,0,4.9,97.5,1.4,8.78
185,고산,2022-07-15,25.2,23.6,26.8,48.4,3.7,97.6,1.1,3.79
185,고산,2022-07-16,25.8,23.5,28.9,0,4.8,95.9,10.1,21.55
185,고산,2022-07-17,27,25.4,29.4,.1,3.7,94.3,2.2,12.81
185,고산,2022-07-18,27.2,25.3,28.4,11.1,8.5,98,.4,7.24
185,고산,2022-07-19,26.1,24.1,28.9,.4,5.8,92.5,11.7,25.49
185,고산,2022-07-20,26.6,24.2,29,0,3.9,91.9,7.9,19.99
185,고산,2022-07-21,26.4,24.5,29.3,.4,9.4,92.4,8.6,18.95
185,고산,2022-07-22,26.1,23.7,30.1,,4.6,90.9,10.9,24.06
185,고산,2022-07-23,27,23.6,29.6,3.5,5.2,93.5,6.5,18.83
185,고산,2022-07-24,26.4,23.7,30.5,6,7,92,10.2,21.92
185,고산,2022-07-25,25.4,23.3,28,,4.2,89.8,12.6,26.45
185,고산,2022-07-26,26.2,22.3,30.5,,3.6,88.6,12.8,25.79
185,고산,2022-07-27,27.6,24.8,31,,5.2,85.1,12.8,24.77
185,고산,2022-07-28,28.7,25.3,32.4,0,5.1,85.5,12.8,24.91
185,고산,2022-07-29,29.5,26.6,34.3,,3.4,83.1,12.7,24.99
185,고산,2022-07-30,27.2,25.3,29.9,93.2,5.8,96.5,1.4,6.73
185,고산,2022-07-31,27.2,25.6,29.4,25.4,8.9,97.9,4.1,13.75
185,고산,2022-08-01,27.6,25.9,31,19.9,7.3,98,1.9,8.64
185,고산,2022-08-02,27.5,25.7,29.5,51.7,6,98,5.9,12.93
185,고산,2022-08-03,28.3,26.1,30.5,5,5.2,97.5,11.3,25.3
185,고산,2022-08-04,29,27,31.2,,3.8,96,12.3,24.28
185,고산,2022-08-05,29,28.1,30.7,,6,96.9,11.3,21.25
185,고산,2022-08-06,29.2,28.1,31.2,,4.5,96.4,12.4,23.79
185,고산,2022-08-07,29.4,28.3,31.5,,6.2,96.1,11.5,20.51
185,고산,2022-08-08,29.4,28.4,31.1,,7,90.9,12,22.45
185,고산,2022-08-09,29.2,28.1,31.1,,7.1,90.9,9.9,23.11
185,고산,2022-08-10,29.3,28.3,31.8,,6.2,92.9,9,21.02
185,고산,2022-08-11,29,28.2,30.7,,6.1,95.6,2.2,12.96
185,고산,2022-08-12,28.6,27,31.3,0,4.9,96.9,5.3,13.28
185,고산,2022-08-13,29.2,27.3,31,,5.2,95.5,10.7,20.12
185,고산,2022-08-14,29.2,28.1,31.4,,6.5,96.1,10,19.2
185,고산,2022-08-15,29.2,28.3,31.1,,8,96.6,8.6,17.7
185,고산,2022-08-16,28.6,27.2,29.7,4.6,7.8,91.1,.5,5.81
185,고산,2022-08-17,26.1,24.7,28.2,61.1,7.8,88.9,.3,2.99
185,고산,2022-08-18,26.7,24.3,29.6,,4.1,82.6,8.2,19.4
185,고산,2022-08-19,28.9,27.3,30.8,,5.5,93.1,10.3,20.37
185,고산,2022-08-20,27.9,26.3,29.9,.9,4.8,96.6,.2,5.95
185,고산,2022-08-21,26.7,25.6,28.9,,4.7,87.9,11.5,21.8
185,고산,2022-08-22,27.7,24.8,30.6,,2.8,87.8,11.9,23.38
185,고산,2022-08-23,28.9,25.7,31.4,,3.4,93,7.8,17.79
185,고산,2022-08-24,25.6,23.4,28,,5.8,81.5,7.4,18.31
185,고산,2022-08-25,26,22.9,29.7,,5.8,75.9,11.7,22.75
185,고산,2022-08-26,25.1,24.1,28.2,0,5.6,76.4,4,11.24
185,고산,2022-08-27,24.7,22.6,28,,6.3,75.6,7.5,18.79
185,고산,2022-08-28,24.3,20.8,28.3,,4.8,73.3,9.1,15.22
185,고산,2022-08-29,25.3,20.1,30.1,,3,79.8,7.9,15.92
185,고산,2022-08-30,28.2,24.9,32.1,0,3.8,85.9,7.5,16.86
185,고산,2022-08-31,24.7,23.7,27.5,0,7.5,85.9,6,17.12
185,고산,2022-09-01,24.4,23.2,26.2,0,5.9,85.4,.6,7.74
185,고산,2022-09-02,23.2,21.7,24.9,41.8,2.8,97.1,0,3.05
185,고산,2022-09-03,26.5,23.6,29.5,.5,4.4,90.8,4.2,11.65
185,고산,2022-09-04,25.6,22.3,29.4,183.1,5.5,97.6,1.9,4.32
185,고산,2022-09-05,26.1,23.5,27.5,83,10.8,98.4,.3,5.38
185,고산,2022-09-06,22.5,20.9,25.3,.2,18.3,88.8,7.7,14.68
185,고산,2022-09-07,23.3,20.7,25.7,,4.5,78.4,11.3,21.64
185,고산,2022-09-08,23.6,20.9,26.5,,5.5,76.1,11.5,21.01
185,고산,2022-09-09,23.6,20.8,27.4,,4.3,77,9.3,16.62
185,고산,2022-09-10,24.7,20.6,30.4,0,3.2,80.6,6.8,16.52
185,고산,2022-09-11,25.6,23.1,29.3,0,1.9,87.3,4.7,12.57
185,고산,2022-09-12,24.5,22.4,26.6,9.3,2.9,96.1,0,5.52
185,고산,2022-09-13,24.3,23.4,25.3,35.9,4.9,97.8,0,2.67
185,고산,2022-09-14,26.9,23.8,31.1,5.5,5.6,87,10.8,21.29
185,고산,2022-09-15,27,25.8,29.4,.4,7.9,87.9,1.4,5.46
185,고산,2022-09-16,27.5,26,30.2,.6,5.6,79.6,10.8,18.85
185,고산,2022-09-17,26.5,24.4,30.4,,5,76.1,8.1,18.03
185,고산,2022-09-18,24.9,23.8,26.9,,9.4,87.5,6.3,16.37
185,고산,2022-09-19,23.1,21.1,24.7,,16.4,79.1,9.6,19.89
185,고산,2022-09-20,22.4,20.6,26.8,,5,65.5,6.5,15.8
185,고산,2022-09-21,21.3,17.6,25.6,,3.7,58.1,7.1,15.64
185,고산,2022-09-22,21.7,17.6,25.5,,3,66.4,7.5,14.46
185,고산,2022-09-23,21.4,19.1,24.7,,6.8,71.3,7.2,16.69
185,고산,2022-09-24,20.3,18.9,21.7,,7.4,60.3,7.5,18.91
185,고산,2022-09-25,22.4,18.3,27.1,0,3.7,65,3.6,11.15
185,고산,2022-09-26,22.2,19.8,25.1,0,4.7,65.1,5.7,14.62
185,고산,2022-09-27,21.8,19.3,24,1,4.4,69,10.1,17.45
185,고산,2022-09-28,23,20,25.8,.3,2.1,74.5,.1,7.09
185,고산,2022-09-29,22,19.9,25.3,.3,4,72.8,7.6,15.08
185,고산,2022-09-30,22.2,18.8,25.5,,2.9,72.8,11.3,20.01
188,성산,2022-05-20,19.7,15.4,24.1,,2.1,78.6,1.8,
188,성산,2022-05-21,20.6,14.2,26,,2.6,58.3,12.8,
188,성산,2022-05-22,21,14.6,25.7,,2.3,55.8,13,
188,성산,2022-05-23,20.4,15.3,25.8,,1.8,61.9,7.3,
188,성산,2022-05-24,21.9,16.5,27.8,,2.1,52.1,10.6,
188,성산,2022-05-25,21.1,16.6,27.8,,2.4,64.3,12.4,
188,성산,2022-05-26,19.6,14.8,25.6,,2.5,58.5,3.1,
188,성산,2022-05-27,20.7,11.1,29.9,,2.9,49.5,13.2,
188,성산,2022-05-28,20.7,14.1,28.6,,3,64.1,7.6,
188,성산,2022-05-29,19.7,16.3,23.2,6.5,3.4,83.8,1.2,
188,성산,2022-05-30,20.2,18.4,22.6,,2.1,88,1.8,
188,성산,2022-05-31,20.9,15.6,27.2,,2.3,46.9,10.4,
188,성산,2022-06-01,19.3,13.5,24.1,,2.2,71.5,7.3,
188,성산,2022-06-02,19.8,14.6,25.2,,2.1,81.5,8.8,
188,성산,2022-06-03,20.2,15.2,23.8,,1.8,85.3,11.6,
188,성산,2022-06-04,21.4,19,24,1,2.9,86.1,.6,
188,성산,2022-06-05,18.8,16.7,20.9,101.6,5.3,94.9,0,
188,성산,2022-06-06,20.2,16.5,24.1,0,3.9,77.5,10.9,
188,성산,2022-06-07,19.9,16.6,22.4,6.1,4.1,86,1.5,
188,성산,2022-06-08,20,18.1,22.6,3.9,3.4,79.3,1.7,
188,성산,2022-06-09,20.4,18.3,23.1,,2.5,79.9,7,
188,성산,2022-06-10,20.5,17.3,22.9,.1,1.7,91.4,.4,
188,성산,2022-06-11,20.1,17.6,23,7.4,3.2,86.4,5.1,
188,성산,2022-06-12,21,18.8,23,,3.1,81.6,2.6,
188,성산,2022-06-13,20.1,19.6,21.2,9.4,4.4,88.1,0,
188,성산,2022-06-14,19.1,18.8,19.7,10.2,3.7,96,0,
188,성산,2022-06-15,22,18.6,26.1,,2.8,87.1,6.6,
188,성산,2022-06-16,21.7,19.1,24.8,,2.8,85.6,7.5,
188,성산,2022-06-17,22,20.5,25.2,,3.1,89.8,1.5,
188,성산,2022-06-18,23.1,20.1,27.4,,2.5,85.8,9.9,
188,성산,2022-06-19,23.7,21.4,26.3,.7,1.5,91.1,5.9,
188,성산,2022-06-20,23.1,21.4,24.9,,1.3,89,0,
188,성산,2022-06-21,23.9,21.5,27.3,2.6,2.7,86.9,7,
188,성산,2022-06-22,23.7,20.7,26.7,,3.1,88.9,4.5,
188,성산,2022-06-23,24.2,22.8,25.8,.2,5.3,93.9,0,
188,성산,2022-06-24,24.2,22.2,27.8,51.7,4.5,92.8,4.1,
188,성산,2022-06-25,24.6,21.9,28.8,6.1,4.4,89.9,4,
188,성산,2022-06-26,24.5,23.4,26.6,.5,4.1,95.8,0,
188,성산,2022-06-27,24.4,22.9,27.5,,4.3,95.8,0,
188,성산,2022-06-28,24.6,23.6,26.2,,5.8,93.6,.6,
188,성산,2022-06-29,25.2,23.6,26.9,2.3,5.2,93.6,1.9,
188,성산,2022-06-30,25.8,23.9,28.5,0,3.4,92.6,1.8,
188,성산,2022-07-01,25.9,24.1,29,,2.2,91.5,7.9,
188,성산,2022-07-02,26.2,22.7,29,,1.7,83,11.9,
188,성산,2022-07-03,26.1,24.1,30.1,3.6,1.9,90,4.7,
188,성산,2022-07-04,26.5,25.3,28.8,,2.9,88.1,1.6,
188,성산,2022-07-05,27.1,24.8,30.1,0,2.3,86.1,5.5,
188,성산,2022-07-06,27.7,26.2,29.9,0,3.3,90.3,3.7,
188,성산,2022-07-07,27.7,25.8,30.1,,4.2,90.4,3.7,
188,성산,2022-07-08,27.4,25.2,31.3,26.3,3.2,89.1,3,
188,성산,2022-07-09,27.1,23.5,30.9,,2.3,75.9,12.7,
188,성산,2022-07-10,27.2,22.6,30.7,,2,81.3,11.2,
188,성산,2022-07-11,25.9,23.8,28.7,12,2,89.5,.6,
188,성산,2022-07-12,27,24.2,30.3,,2.8,88.5,1.7,
188,성산,2022-07-13,27.6,26.2,30.3,,4,87,1.8,
188,성산,2022-07-14,28,24.7,31.9,.1,3,85.8,2,
188,성산,2022-07-15,25.9,24.4,27.9,9.4,1.8,88.9,1.1,
188,성산,2022-07-16,26.6,23,30.3,,3.2,74.1,7.9,
188,성산,2022-07-17,26.4,23.7,30.2,4.8,2.2,77.5,.6,
188,성산,2022-07-18,27.5,24.8,28.9,9.7,4.7,92.8,0,
188,성산,2022-07-19,26.8,23.3,30.6,8.8,2.6,79.4,10.9,
188,성산,2022-07-20,26.2,22.3,29.4,,2.4,83.1,6.5,
188,성산,2022-07-21,27.3,23.4,33.1,,4.5,76.6,10.3,
188,성산,2022-07-22,26,22.6,30.2,,2.5,74.8,10.2,
188,성산,2022-07-23,26.5,22.2,30.2,,2.7,84.1,7.1,
188,성산,2022-07-24,26.8,23.7,30.4,54.1,2.6,83,5.6,
188,성산,2022-07-25,25.8,22.6,29.5,,2.3,79.3,6.1,
188,성산,2022-07-26,25.8,21.1,29.3,,1.7,81.3,11.7,
188,성산,2022-07-27,26.6,23.6,29,,2.6,83.5,2,
188,성산,2022-07-28,28.4,26.1,31.3,,2.6,83.3,6.3,
188,성산,2022-07-29,28,26.4,30.9,,3.2,87.9,4.4,
188,성산,2022-07-30,27.2,25.8,28.3,64.7,5,91.3,0,
188,성산,2022-07-31,26.9,26.1,27.5,32.4,6.6,92.9,0,
188,성산,2022-08-01,27.3,25.8,30,19.9,5.5,91.3,1,
188,성산,2022-08-02,28,26.1,30.6,5,4,90.4,6.1,
188,성산,2022-08-03,28.6,26.8,31.3,,3.2,87.9,8.6,
188,성산,2022-08-04,28.2,25.9,32.7,1.6,1.9,86.6,6.1,
188,성산,2022-08-05,28.9,26.6,32.6,2.1,3.1,84.8,5.6,
188,성산,2022-08-06,29.2,25,33.5,.2,2.5,81.1,7.5,
188,성산,2022-08-07,29.9,27.1,33.3,,4,81.5,9.7,
188,성산,2022-08-08,29.7,27.6,32.7,,5.2,78.1,12,
188,성산,2022-08-09,29.5,26.6,33,.1,4.2,78.5,9.5,
188,성산,2022-08-10,29.3,27.2,32.8,0,4.1,81.1,7.4,
188,성산,2022-08-11,29.4,27.8,31.3,,4.8,81.3,.6,
188,성산,2022-08-12,29,27,32.2,.3,2.9,83,4.5,
188,성산,2022-08-13,29.5,25.4,33.4,,3.7,79.8,8.3,
188,성산,2022-08-14,29.9,28.1,33.4,,5.2,80.6,8.3,
188,성산,2022-08-15,30.3,28.4,33.5,0,6.1,77.6,9.5,
188,성산,2022-08-16,29.6,27.9,32.1,.8,6.1,82.1,3.5,
188,성산,2022-08-17,25.4,24.3,28.4,181,2.5,95,0,
188,성산,2022-08-18,26.2,23.1,29.8,,2.2,81.4,10.9,
188,성산,2022-08-19,29,24.2,32.8,0,4.2,83.5,10.9,
188,성산,2022-08-20,28.4,26.3,30.4,0,3.1,86.3,1.3,
188,성산,2022-08-21,26.6,23.8,29.7,,2.3,83.6,6.2,
188,성산,2022-08-22,27.4,24,30.1,,1.9,81.4,10.5,
188,성산,2022-08-23,28.7,23.6,32.7,,2.2,83.3,7.5,
188,성산,2022-08-24,26.2,22.1,29.8,,2.5,75.9,4.8,
188,성산,2022-08-25,25.3,21.4,30.1,,3,71.9,8.8,
188,성산,2022-08-26,24.5,21.8,27.9,0,2.3,73.9,2.8,
188,성산,2022-08-27,24,20,29.1,,2.1,69.9,6.2,
188,성산,2022-08-28,24.5,19.5,28.5,,3.4,66.1,7.5,
188,성산,2022-08-29,25.8,21.6,28.5,,2.5,78.1,7.2,
188,성산,2022-08-30,28,24.2,32.7,22.8,2.3,81.9,8.2,
188,성산,2022-08-31,24.8,23,27.8,0,2.5,79.4,1.5,
188,성산,2022-09-01,24.2,22.5,26.2,0,3.6,82.4,.4,
188,성산,2022-09-02,23.5,21.3,25.5,134.2,4.7,93.5,0,
188,성산,2022-09-03,26.3,25,27.5,4.1,5.4,87.5,.4,
188,성산,2022-09-04,26,23,29.5,26.3,3.6,90.5,1.4,
188,성산,2022-09-05,26.3,24.8,27.5,92.1,9.7,93.3,0,
188,성산,2022-09-06,22.8,20.1,26.5,4.6,6.6,77.6,8.1,
188,성산,2022-09-07,23.8,18.3,28.6,,2.5,58.4,11.4,
188,성산,2022-09-08,23.2,20.5,26.7,,2.6,74.1,11.2,
188,성산,2022-09-09,23.7,20.3,25.8,,3.3,73.4,4.5,
188,성산,2022-09-10,24.5,23.5,26.5,0,4.5,81.9,1.5,
188,성산,2022-09-11,24.6,23.2,26.9,5.7,3.1,88.9,.8,
188,성산,2022-09-12,24.5,23.4,25.3,.1,3,89.6,0,
188,성산,2022-09-13,24.7,24.3,25.2,4.2,4.5,91,0,
188,성산,2022-09-14,25.4,25,26.4,,5.5,88.3,.1,
188,성산,2022-09-15,26.1,25.4,27.4,0,5.8,89.9,.4,
188,성산,2022-09-16,26.6,24.7,29.1,,2.4,90.3,5.5,
188,성산,2022-09-17,25.5,24.4,27.7,0,3.8,85.6,2,
188,성산,2022-09-18,27.5,25.2,30.7,0,5.5,74.5,6.5,
188,성산,2022-09-19,24.8,21,27.7,,6.2,72.5,10.7,
188,성산,2022-09-20,22.1,20.6,24.7,,3.9,64.3,1.3,
188,성산,2022-09-21,21.9,20.8,24,,4.1,61.5,5.2,
188,성산,2022-09-22,21.8,20.1,24.9,,3.2,75.8,3.5,
188,성산,2022-09-23,21.5,18,25.7,,2.6,70.4,5.4,
188,성산,2022-09-24,19.8,17.3,22.8,,3.5,60,7.6,
188,성산,2022-09-25,21.5,18.6,25.6,,2.4,72.1,2.5,
188,성산,2022-09-26,22.1,18.6,25.9,,2.1,71,5.9,
188,성산,2022-09-27,21.9,18.9,26.2,0,2.2,72.9,9.1,
188,성산,2022-09-28,22.6,19.8,25,0,2.2,81.5,.5,
188,성산,2022-09-29,21.8,17.3,26.6,0,1.8,74.5,2.9,
188,성산,2022-09-30,21.3,16.1,26.6,,2,68.4,10.4,
189,서귀포,2022-05-20,20.8,18.4,24.6,0,1.1,75.4,2.9,
189,서귀포,2022-05-21,20.7,16.9,24.4,,1.1,63.6,11.8,
189,서귀포,2022-05-22,21.4,17.1,25.1,,1.2,62.1,12.5,
189,서귀포,2022-05-23,21.1,18.5,24.9,,1.1,63,7.6,
189,서귀포,2022-05-24,21.8,18.3,25.3,,1.1,58.4,9.9,
189,서귀포,2022-05-25,21.5,18.8,25.1,,1.2,66.4,12.5,
189,서귀포,2022-05-26,19.9,17.9,22.4,,1.1,72.6,3.8,
189,서귀포,2022-05-27,23.1,15.3,29.6,,2.1,44.1,12.6,
189,서귀포,2022-05-28,21.1,19,25.8,,1.9,64.9,7.4,
189,서귀포,2022-05-29,19.5,18.2,21.5,21.8,1.5,91.5,.6,
189,서귀포,2022-05-30,20.1,19,23.5,,1.1,97,.7,
189,서귀포,2022-05-31,21.6,18.4,25.7,,1.1,59.6,10.5,
189,서귀포,2022-06-01,20,18,23.4,,1.4,74.6,6.9,
189,서귀포,2022-06-02,20.6,17.9,23.8,,1.3,88.4,6.4,
189,서귀포,2022-06-03,21.1,18,24.3,,1.2,84.6,12.3,
189,서귀포,2022-06-04,22.1,19.7,25.2,.5,2.4,84.6,4.3,
189,서귀포,2022-06-05,19.7,17.3,21.7,110.8,3,94.1,0,
189,서귀포,2022-06-06,21.9,18.5,26.9,,1,77.4,12.1,
189,서귀포,2022-06-07,20.2,18.2,21.7,8.8,.9,91.3,.3,
189,서귀포,2022-06-08,20.1,18.2,22.7,.2,2.1,83.8,9.5,
189,서귀포,2022-06-09,20.5,18.1,23.5,,1.6,81.5,10.8,
189,서귀포,2022-06-10,21.3,18.3,23.5,.9,1.3,89.9,.7,
189,서귀포,2022-06-11,22.5,18.3,26.3,5.6,2.3,74.4,8.9,
189,서귀포,2022-06-12,21.5,20.2,24.4,,2.9,80.8,6.4,
189,서귀포,2022-06-13,20.1,19,21.8,12.9,2.8,92.6,0,
189,서귀포,2022-06-14,20.5,18.9,22.4,.6,2.8,91.4,.9,
189,서귀포,2022-06-15,21.1,19.3,23.9,0,1.3,96.3,3.2,
189,서귀포,2022-06-16,21.4,19.3,24.2,,1.7,92.3,8.6,
189,서귀포,2022-06-17,22.7,20.8,25.4,,1.1,92.1,1.2,
189,서귀포,2022-06-18,23.4,21.5,26.3,0,1.7,90,11.4,
189,서귀포,2022-06-19,23.9,21.6,26.9,1,.9,93,6.7,
189,서귀포,2022-06-20,22.9,21.7,24.7,,1.2,93.5,.4,
189,서귀포,2022-06-21,24.8,22,28.7,2.7,2.4,87.4,8.8,
189,서귀포,2022-06-22,23.9,20.7,28,.3,1.1,93,5,
189,서귀포,2022-06-23,24.1,23.6,24.8,1.6,1.9,98.6,0,
189,서귀포,2022-06-24,23.6,22.1,27.1,105.9,2.5,98.3,1.3,
189,서귀포,2022-06-25,24.4,22.4,27.9,16.5,1.7,95,4.8,
189,서귀포,2022-06-26,24.9,24.2,26.7,1,1.6,99,.3,
189,서귀포,2022-06-27,25,24.1,26.3,.2,1.6,98.8,0,
189,서귀포,2022-06-28,25,24.6,26,.1,1.6,98.9,0,
189,서귀포,2022-06-29,25.4,24.7,26.7,.1,1.6,98.4,0,
189,서귀포,2022-06-30,26.5,25.1,28.7,,1.3,95,5.3,
189,서귀포,2022-07-01,26.3,24.5,29,0,1,90.8,9.5,
189,서귀포,2022-07-02,27,24.2,30,,1.2,78.3,12.5,
189,서귀포,2022-07-03,27.3,25,30.7,1.4,1.5,83.9,3.4,
189,서귀포,2022-07-04,26.5,24.9,29.5,3.7,1.8,90.3,6.5,
189,서귀포,2022-07-05,27.2,25.4,29.3,0,1.4,89.9,9.4,
189,서귀포,2022-07-06,27.7,26.3,29.7,0,1.1,94.5,4.8,
189,서귀포,2022-07-07,27.6,26.8,28.8,.4,1.7,95.8,1.1,
189,서귀포,2022-07-08,27.6,26,29.9,.5,2.1,92.9,8.7,
189,서귀포,2022-07-09,27.4,24.8,30.2,,1.4,78.4,12.6,
189,서귀포,2022-07-10,27.7,25.1,30.7,,1.2,79.3,12.2,
189,서귀포,2022-07-11,25.9,23,28.3,85.2,1.1,94.1,1.5,
189,서귀포,2022-07-12,27,25.1,29.4,0,1.1,91.8,4,
189,서귀포,2022-07-13,27.7,25.2,30.1,.1,1.5,91.9,1.4,
189,서귀포,2022-07-14,27.6,25.8,30,0,2,92.9,.3,
189,서귀포,2022-07-15,25.7,24.2,27.9,31.4,.7,93.4,.3,
189,서귀포,2022-07-16,27,23.3,32.3,0,1.2,77.6,9.6,
189,서귀포,2022-07-17,26.7,24.4,29.2,6.2,1,81.8,1.5,
189,서귀포,2022-07-18,27,25.4,28.7,10.6,2.6,98.1,.1,
189,서귀포,2022-07-19,26.5,24.7,28.6,2.6,1.4,85.6,11,
189,서귀포,2022-07-20,26.3,24.5,28,,1.1,86.3,6.3,
189,서귀포,2022-07-21,27.4,24.2,31.7,,2.2,78.4,10.8,
189,서귀포,2022-07-22,26.2,23,30.5,,1,76.3,12.6,
189,서귀포,2022-07-23,26.6,23.5,29.3,,1.2,86.1,6.9,
189,서귀포,2022-07-24,27.4,24.7,31.7,13,2.2,82.6,9.2,
189,서귀포,2022-07-25,25.9,24,29.2,,1,83,9.5,
189,서귀포,2022-07-26,26,22.9,28.6,,1.2,82,11.3,
189,서귀포,2022-07-27,26.8,25.1,29,,1.6,85,5.4,
189,서귀포,2022-07-28,28.1,25.8,31.1,.1,1.5,85,8.4,
189,서귀포,2022-07-29,29.2,27.1,32.4,,2.6,80.9,11.9,
189,서귀포,2022-07-30,26.9,25.2,28.5,46.5,3.4,94.5,0,
189,서귀포,2022-07-31,26.9,25.4,27.4,70.3,3.2,97.6,0,
189,서귀포,2022-08-01,27.2,25.9,28.8,10.8,2.5,96.5,.4,
189,서귀포,2022-08-02,28.1,24.9,30.8,17.2,2.8,95,5,
189,서귀포,2022-08-03,28.4,27,30.9,,1.9,91.9,9.6,
189,서귀포,2022-08-04,28.8,27.2,31,.7,2,88.4,12.2,
189,서귀포,2022-08-05,28.8,27.3,31.2,0,2,89.5,10.4,
189,서귀포,2022-08-06,29.2,27.4,31.4,,1.8,86.1,12,
189,서귀포,2022-08-07,29.2,27.8,31.4,0,1.9,87.6,9.3,
189,서귀포,2022-08-08,29.1,27.8,31.5,,2,82.9,10.4,
189,서귀포,2022-08-09,28.9,27.4,31.6,.2,1.9,84.1,8.7,
189,서귀포,2022-08-10,29,27.5,31.8,.1,2,86.5,7,
189,서귀포,2022-08-11,28.6,27.1,30.8,1.1,1.9,90,3.6,
189,서귀포,2022-08-12,28.6,27.7,30.4,0,2,89,6,
189,서귀포,2022-08-13,29,27.4,31,,2.2,86.5,6.2,
189,서귀포,2022-08-14,29.1,27.7,31.4,,2.1,87.6,9.5,
189,서귀포,2022-08-15,28.9,27.4,31.3,2,2.5,88.4,7.7,
189,서귀포,2022-08-16,28,26.3,30.1,10.9,2.8,94.9,2.3,
189,서귀포,2022-08-17,25.2,23.3,27.7,212.5,2.1,97.6,0,
189,서귀포,2022-08-18,26.4,23,28.5,,1.2,82.6,8.9,
189,서귀포,2022-08-19,28.5,26,30.5,0,2.1,91.1,7.2,
189,서귀포,2022-08-20,27.8,26.5,30.5,,1.9,92.3,.5,
189,서귀포,2022-08-21,27.3,25,29.9,,1.4,82.5,10.1,
189,서귀포,2022-08-22,27.4,25.3,30.2,,1.3,79.3,10.6,
189,서귀포,2022-08-23,28.4,25.5,31.1,,1.5,87,7.9,
189,서귀포,2022-08-24,27.4,23.9,30.2,7.2,1.2,79.8,4.6,
189,서귀포,2022-08-25,25.8,21.4,29.6,,1.3,70.8,11.1,
189,서귀포,2022-08-26,24.9,22.2,27.4,0,1.1,76,2,
189,서귀포,2022-08-27,25.4,22.3,29.1,,1.3,70.9,6.1,
189,서귀포,2022-08-28,25,21.4,28.1,,2.2,67.3,10.4,
189,서귀포,2022-08-29,26.1,23.2,29.1,,1.7,75.6,8.2,
189,서귀포,2022-08-30,27.9,26.3,31.1,.4,1.5,79.9,8.1,
189,서귀포,2022-08-31,26.9,25.5,29.2,0,1.2,82.8,3,
189,서귀포,2022-09-01,25.3,23.8,27.2,0,2.4,76.1,1.2,
189,서귀포,2022-09-02,22.7,20.7,24.8,121,3.5,96.5,0,
189,서귀포,2022-09-03,25.1,23.9,26.8,18.2,2.9,96.9,1,
189,서귀포,2022-09-04,25.8,22.4,28.2,48.6,2.7,94.3,1.2,
189,서귀포,2022-09-05,26.2,24.6,28.1,108.1,3.7,95.5,0,
189,서귀포,2022-09-06,25,22.2,29.1,1.2,3,67.1,11,
189,서귀포,2022-09-07,24.6,20.6,28.6,,1.7,63.3,11.3,
189,서귀포,2022-09-08,24.5,20.6,28.8,,2.3,59.6,10.8,
189,서귀포,2022-09-09,23.9,19.8,27.6,,2.4,70.5,8.4,
189,서귀포,2022-09-10,24.2,22.3,27.1,,3.2,83.9,6,
189,서귀포,2022-09-11,24.9,22.5,28.1,.3,2.5,87.8,4.7,
189,서귀포,2022-09-12,25.1,24.2,27,0,3.2,87.1,0,
189,서귀포,2022-09-13,24.5,23.4,25.7,27.7,4,93.6,0,
189,서귀포,2022-09-14,25.3,24.2,26.6,1,5.1,92.1,.7,
189,서귀포,2022-09-15,25.7,25,28,0,3.5,94.8,1.1,
189,서귀포,2022-09-16,26.9,25.1,29.8,0,1.4,87.6,7.8,
189,서귀포,2022-09-17,26.8,23.7,31,0,2.3,74.9,5.2,
189,서귀포,2022-09-18,29.5,26.6,32.7,0,3.7,64.3,7.4,
189,서귀포,2022-09-19,28.7,24,34.8,,2.1,53.8,11.3,
189,서귀포,2022-09-20,22.3,20.9,24.6,,2.4,65.3,4.9,
189,서귀포,2022-09-21,21.1,19.8,24.1,,2.4,66,6.7,
189,서귀포,2022-09-22,22.3,19.9,25.9,,2.3,72.3,7.2,
189,서귀포,2022-09-23,22.7,19.4,25.8,,1.4,68.1,6.1,
189,서귀포,2022-09-24,21.3,18.2,24.3,,1.3,64.6,7.7,
189,서귀포,2022-09-25,22.1,19,25.7,,1.9,66.1,4.6,
189,서귀포,2022-09-26,22.7,19.4,25.7,,1.1,67.6,6.3,
189,서귀포,2022-09-27,23,20,27,0,1.3,64.5,9.6,
189,서귀포,2022-09-28,22.9,21.7,25.2,0,1.3,80.1,.8,
189,서귀포,2022-09-29,22.7,20.2,26.6,0,1.3,69.5,6.5,
189,서귀포,2022-09-30,22.1,18.4,25.9,,1.4,67.8,11.3,
192,진주,2022-05-20,18.7,13.2,26.2,,.8,68.1,6.3,19.19
192,진주,2022-05-21,20.3,12.6,30.3,0,.8,69.4,10.7,25.13
192,진주,2022-05-22,22.5,11.8,32.6,,.8,58.8,12.5,27.75
192,진주,2022-05-23,21.1,13.5,29.3,,.9,67.9,12.1,24.34
192,진주,2022-05-24,22.2,13.5,32.7,,.9,62.5,12.4,27.63
192,진주,2022-05-25,21.9,13.8,29.5,,1.1,65.9,12.4,27.21
192,진주,2022-05-26,21.7,14.7,28.7,,1.2,47,12.1,28.47
192,진주,2022-05-27,21.2,11.1,30.5,,1.8,48.3,13.3,30.35
192,진주,2022-05-28,21.3,11.1,31.1,,1,51.9,11.3,22.27
192,진주,2022-05-29,21.3,10.7,28.8,0,1.2,56.5,12.9,30.17
192,진주,2022-05-30,22.9,19.1,28,,1.3,63.3,4.6,19.1
192,진주,2022-05-31,22.1,15.2,30.5,,1.3,48.1,13.3,30.48
192,진주,2022-06-01,22,14.4,29.9,,1.1,53.1,11.2,27.78
192,진주,2022-06-02,21.3,12.5,30.3,,1,68.9,13.1,29.64
192,진주,2022-06-03,22.4,14.9,31.3,,1,69,12.4,28.18
192,진주,2022-06-04,21.8,14.5,29.2,,1.3,57.9,10.7,23.37
192,진주,2022-06-05,17.1,15.6,19.9,59.6,.8,89.5,0,2.65
192,진주,2022-06-06,20.7,15.8,27.6,.4,1.1,75.6,7.7,22.11
192,진주,2022-06-07,18.3,15.8,21.9,6.9,.8,75.3,1.1,9.22
192,진주,2022-06-08,18,14.9,22.5,.8,.9,81,4.5,16.24
192,진주,2022-06-09,19.9,14,26.2,,.9,72.9,9.9,25.18
192,진주,2022-06-10,20.2,13.2,26.5,,.8,74.5,9.3,21.45
192,진주,2022-06-11,22.1,16.3,28.2,,.9,73,6.7,19.79
192,진주,2022-06-12,20.8,15.2,27.5,,1,70.5,9.8,22.87
192,진주,2022-06-13,20.1,16.8,24.6,1.8,1.2,75,.5,10.97
192,진주,2022-06-14,16.9,16,18,5.3,1.4,88.9,0,4.29
192,진주,2022-06-15,20.4,15.6,26.1,.7,1.1,83.9,6.7,20.27
192,진주,2022-06-16,23.8,18.2,30,,1.5,66.1,12.3,28.63
192,진주,2022-06-17,22.8,17,28.5,,1.2,79.1,7.8,21.58
192,진주,2022-06-18,25,20.5,30.1,,1.1,76.4,10.5,25.49
192,진주,2022-06-19,25.1,21.5,30.3,,1.2,77.6,10.6,26.08
192,진주,2022-06-20,25.1,20.6,31.1,,.9,79.3,8.1,20.82
192,진주,2022-06-21,26.1,20.2,32.5,,1.1,75,11.1,26.54
192,진주,2022-06-22,26.1,21.1,32.2,,1.2,78.1,12.4,27.48
192,진주,2022-06-23,24.9,22.5,27.7,.2,1.2,86.1,.5,9.12
192,진주,2022-06-24,25.2,23.2,29.1,22.9,1.5,86.5,6,15.97
192,진주,2022-06-25,25.1,22,29.6,,1.3,83.5,6.6,18.79
192,진주,2022-06-26,25.7,22.8,30,3.6,1.3,86.9,5.4,16.76
192,진주,2022-06-27,25.6,24.5,26.7,12.1,1.4,91.8,.1,6.58
192,진주,2022-06-28,25.6,24.7,27.5,3.1,1.5,89.6,0,8.12
192,진주,2022-06-29,25.7,24.7,28.4,2.2,1.4,89.8,.8,10.44
192,진주,2022-06-30,26.6,23.8,30.7,1.7,1.5,85,10.6,27.76
192,진주,2022-07-01,26.8,22.5,31.9,,.9,81.4,11.3,28.15
192,진주,2022-07-02,27.3,21.7,33.9,,1,77.1,10.1,25.27
192,진주,2022-07-03,27.8,22.2,33.9,,.8,72.3,9.1,24.53
192,진주,2022-07-04,27,23.7,31.7,.7,.7,80.9,7,16.68
192,진주,2022-07-05,27.4,23,33.7,,.8,78.6,6.9,20.18
192,진주,2022-07-06,27.9,24.2,32.8,,1,81.6,7.8,22.66
192,진주,2022-07-07,28.5,25.2,32,,1.3,81.8,9.6,25.35
192,진주,2022-07-08,27,24.6,30,6.9,1,90.3,3.1,11.83
192,진주,2022-07-09,27.4,21.7,33.5,,.9,76.8,10.4,23.74
192,진주,2022-07-10,27.3,22.6,32.7,,1,78.3,10.6,24.16
192,진주,2022-07-11,25.1,23.4,28.3,40.1,.5,93.6,3.3,8.2
192,진주,2022-07-12,26,23.3,30.2,,.8,84.9,2.5,13.16
192,진주,2022-07-13,24.5,21.9,26.8,0,.8,85,.8,7.97
192,진주,2022-07-14,28.5,24.1,33.5,.7,.9,77.6,6.7,18.73
192,진주,2022-07-15,27,21,33.1,,.8,76.5,13.2,26.37
192,진주,2022-07-16,26.9,19.6,32.7,,1.1,67.8,12.9,26.05
192,진주,2022-07-17,26.6,21.5,31.6,0,.9,73.5,7.5,21.67
192,진주,2022-07-18,22.4,21.2,25.7,100.3,.6,96.4,0,2.24
192,진주,2022-07-19,26.5,22.5,32.5,.1,.9,81.6,10.2,27.56
192,진주,2022-07-20,26.6,20.4,32,0,.8,75.6,12.1,25.43
192,진주,2022-07-21,26,22,30.7,5.8,1.5,80.5,7.9,22.81
192,진주,2022-07-22,25.5,20.3,31.5,,.9,74.5,9.2,23.14
192,진주,2022-07-23,24.4,21.8,28.7,5.2,.8,85.4,2.4,12.76
192,진주,2022-07-24,26.1,22.2,31.6,16.8,1.3,84.6,8.1,22.58
192,진주,2022-07-25,26.6,21.8,32.8,,.9,82.3,10.4,25.96
192,진주,2022-07-26,25.9,23.1,31.5,,.9,84.1,6.2,18.56
192,진주,2022-07-27,25.8,21.3,31.7,,.8,80,10.1,24.74
192,진주,2022-07-28,26.2,22.1,31.2,0,.6,85.8,3.6,12.59
192,진주,2022-07-29,28.3,23.5,33.8,,1,80.1,10.3,21.56
192,진주,2022-07-30,27.6,24.2,30.1,.1,.9,80.6,.8,7.93
192,진주,2022-07-31,25.9,24.6,27.7,41.3,1.3,93.3,0,3.38
192,진주,2022-08-01,27.5,25.7,29.5,18.9,2.5,84.6,0,4.83
192,진주,2022-08-02,27.1,25.7,30.2,11.9,1.2,90.6,4.1,12.15
192,진주,2022-08-03,28,24.7,31.7,1.7,1,86.5,8.8,20.63
192,진주,2022-08-04,28.7,24.7,34.2,3.1,.8,84.4,9.8,22.19
192,진주,2022-08-05,28.4,24.8,32.8,,.9,84.5,8.2,18.64
192,진주,2022-08-06,29.3,25,34.8,,.8,82.1,10.3,23.5
192,진주,2022-08-07,29.2,26.1,33.8,,1,83.9,7.9,22.84
192,진주,2022-08-08,28.9,27,32.7,,1.4,77.6,4.2,17.34
192,진주,2022-08-09,28.5,26.5,31.4,,1.3,78.9,2.2,13.82
192,진주,2022-08-10,28.1,25.4,31.1,,1.4,80.6,.4,10.93
192,진주,2022-08-11,26.8,25.6,28.1,3.6,1,89.8,0,4.56
192,진주,2022-08-12,29.1,25.7,33.7,,.8,82.6,8.7,19.71
192,진주,2022-08-13,28.1,25.2,32.5,0,.8,84.8,6.5,17.38
192,진주,2022-08-14,29.3,26.7,33.5,,1.4,78.6,10.8,22.59
192,진주,2022-08-15,29.6,26.4,33.3,,1.9,74,9.1,22.26
192,진주,2022-08-16,26.6,24.7,28.7,27.7,1.3,89.9,0,4.12
192,진주,2022-08-17,25.2,23.8,27.7,4.6,.8,91.9,2.3,8.25
192,진주,2022-08-18,25.2,20.7,30.8,,.9,80.3,11.5,23.95
192,진주,2022-08-19,27,20.8,31.3,,1.1,83.4,7.8,19.19
192,진주,2022-08-20,27.1,25.8,28.6,24.2,.8,92,.8,5.56
192,진주,2022-08-21,26.8,22.8,31.8,,.9,80.3,8,19.11
192,진주,2022-08-22,25.7,20.7,31.6,,.8,76.4,10.8,22.98
192,진주,2022-08-23,25.8,22.1,29.9,.5,.4,86.8,2.1,10.03
192,진주,2022-08-24,22.3,20.1,25.6,40.2,1,92.4,.7,5.73
192,진주,2022-08-25,24,18.2,29.7,,.7,78.6,9.4,22.86
192,진주,2022-08-26,24,19.1,30.2,,.9,70.6,11,25.28
192,진주,2022-08-27,21.6,15,28.5,,.6,75.9,5.9,16.55
192,진주,2022-08-28,20.7,13.6,27.7,,.7,71.5,8.8,22.65
192,진주,2022-08-29,21.5,16.2,25.5,0,.7,78.6,2.7,11.23
192,진주,2022-08-30,21.3,20.7,22.6,20.6,.5,91.9,.1,2.36
192,진주,2022-08-31,22.7,21,26.8,.3,.6,90.6,.8,8.06
192,진주,2022-09-01,21.9,18.2,25.3,0,.7,85.9,2.2,8.68
192,진주,2022-09-02,20.6,19.2,22.2,4.7,.5,93.8,0,2.04
192,진주,2022-09-03,22,19.7,23.8,3.2,.7,91.9,.2,6.55
192,진주,2022-09-04,24.8,20.7,30.7,.1,.5,89.8,4.4,13.92
192,진주,2022-09-05,24.5,23.2,25.9,53.8,.8,95.5,0,2.82
192,진주,2022-09-06,23.1,16,27.7,103.7,2.3,73.9,8.4,21.12
192,진주,2022-09-07,20.6,13.5,29.6,,.5,74.3,11.2,24.05
192,진주,2022-09-08,21.1,13.5,29.1,,.7,73,11.1,22.74
192,진주,2022-09-09,21.5,15.8,28.6,,.7,75.4,8.6,20.69
192,진주,2022-09-10,21.3,16.7,25.1,,1,77.1,1.3,10.09
192,진주,2022-09-11,22.4,17.1,28.4,,.5,82.1,7.2,16.13
192,진주,2022-09-12,22.4,19.9,25.7,0,.6,82.9,1.3,7.97
192,진주,2022-09-13,24.4,20.2,29.3,,1.1,71.8,4.8,13.39
192,진주,2022-09-14,24.2,21.2,28.9,,1.7,66.1,5.5,14.77
192,진주,2022-09-15,24,19.8,28.6,,1,76.8,2.3,10.51
192,진주,2022-09-16,24.7,21.5,29.3,,.8,82.6,3.7,12.8
192,진주,2022-09-17,25.4,20.6,31.4,1.1,.6,87,6.3,14.98
192,진주,2022-09-18,27.6,22.6,31.5,,2,73.8,7.7,17.42
192,진주,2022-09-19,27.5,21.2,32.4,,2.9,62.9,6.9,15.06
192,진주,2022-09-20,20.5,17.7,25,,1.3,57.1,7.6,18.24
192,진주,2022-09-21,17.8,12.6,23.6,,1.1,67.9,10,20.08
192,진주,2022-09-22,18,10.3,25.9,,.6,73.6,10.2,19.65
192,진주,2022-09-23,20.3,13.8,28.2,,.9,64.9,9.2,20.07
192,진주,2022-09-24,19,14.2,25.8,,1.1,57.1,8.8,20.26
192,진주,2022-09-25,17.6,13.6,22.3,,.4,77.4,.8,7.62
192,진주,2022-09-26,18.2,14.8,22.6,0,.5,83.4,.3,6.53
192,진주,2022-09-27,19.7,15.1,27.5,0,.7,74,9.1,19.23
192,진주,2022-09-28,19.4,13.6,26.4,,.5,77.6,5.8,14.22
192,진주,2022-09-29,19.6,13,28.4,,.6,75.5,10.5,20.79
192,진주,2022-09-30,19.4,11.8,28.9,,.6,75.5,10.5,20.63
201,강화,2022-05-20,17.4,11.9,21.9,,1.8,76.5,10.7,
201,강화,2022-05-21,16.6,14.3,19.6,,2.4,91.9,3.2,
201,강화,2022-05-22,16.5,13.5,20.6,,1.9,90.9,4.4,
201,강화,2022-05-23,18.7,13.1,24.7,,2.5,86,10.1,
201,강화,2022-05-24,18.8,11.9,25.5,,2.2,79.5,11.5,
201,강화,2022-05-25,16.9,11.8,21.6,8.7,2.4,90.4,6.9,
201,강화,2022-05-26,16.6,11.1,20.5,,3.8,74.8,11.4,
201,강화,2022-05-27,17.1,13.5,21.3,,3,80.6,12.1,
201,강화,2022-05-28,19.2,11.7,24.7,,2.7,82,9.4,
201,강화,2022-05-29,18.9,15.3,24.1,,1.7,88.6,4.6,
201,강화,2022-05-30,18.4,13,21.6,0,1.6,81.4,.2,
201,강화,2022-05-31,17.8,9.6,24,,2.3,57.1,11,
201,강화,2022-06-01,19.6,13.6,25,0,2.4,61.6,12,
201,강화,2022-06-02,18.4,13.2,22.3,,2.2,87.8,8.4,
201,강화,2022-06-03,20.7,16.5,26.1,,1.9,82.5,10.1,
201,강화,2022-06-04,21.3,16.5,27,,1,82.1,2.6,
201,강화,2022-06-05,21.9,19.6,25.9,,1.6,67.8,.6,
201,강화,2022-06-06,18,15,22.8,3.6,3.4,72.9,6.7,
201,강화,2022-06-07,18.6,13.5,25.1,0,2.7,62.4,9.1,
201,강화,2022-06-08,18.9,13.8,23.6,,2.2,76.5,9.4,
201,강화,2022-06-09,18.8,15.1,23.7,1,1.3,86,4.2,
201,강화,2022-06-10,18,14.9,24,2,1,92.5,3.1,
201,강화,2022-06-11,22.6,15.3,28.9,,1.7,70.3,10,
201,강화,2022-06-12,21.5,17,27.8,,2.3,75.5,9.5,
201,강화,2022-06-13,21,18.3,27.5,13.7,2.1,84.8,6.2,
201,강화,2022-06-14,20.5,16.5,25.9,0,2.9,63.5,5.1,
201,강화,2022-06-15,16.1,14.2,17.9,20.4,1.7,100,0,
201,강화,2022-06-16,18.6,14.7,23.3,,2.1,86.8,8.2,
201,강화,2022-06-17,20.1,14.2,25.2,,1.5,90.6,1.3,
201,강화,2022-06-18,21.6,19.1,24.6,0,1.5,94.1,.2,
201,강화,2022-06-19,21.8,20.5,24.2,.3,1.1,95.1,0,
201,강화,2022-06-20,22.7,19.1,27.3,.2,1.2,92.3,3.1,
201,강화,2022-06-21,23,17.8,27.8,,1.9,86.9,10.8,
201,강화,2022-06-22,22.2,20.1,26.2,,1.9,92.3,4.6,
201,강화,2022-06-23,21.7,19.8,24.3,129.4,2.9,99.9,0,
201,강화,2022-06-24,21.4,20,25,.3,3.3,98.4,1.4,
201,강화,2022-06-25,23.6,19.4,26.8,,2.9,93.1,1.2,
201,강화,2022-06-26,24.9,23.2,26.3,0,3.6,94.5,0,
201,강화,2022-06-27,25.7,23,26.8,62.8,4.3,92.6,0,
201,강화,2022-06-28,25.4,24.3,26.6,6.1,7.5,91.8,0,
201,강화,2022-06-29,23.5,22.8,25.7,47.6,4.9,100,0,
201,강화,2022-06-30,22.2,20.9,23.9,196.8,1,100,0,
201,강화,2022-07-01,25.7,22.7,29.7,.2,2.7,90.4,6.4,
201,강화,2022-07-02,25.6,21.6,30.6,,1.3,88.4,8,
201,강화,2022-07-03,25.8,20.3,31.3,,1.4,83,11.4,
201,강화,2022-07-04,26.8,22.4,31.2,,1.3,83.5,5.6,
201,강화,2022-07-05,27,24,31.1,,1.5,87.8,8.4,
201,강화,2022-07-06,27.7,23.3,33.3,.4,1.3,85.3,5.5,
201,강화,2022-07-07,26.7,24.3,28.8,1.6,3,89.5,0,
201,강화,2022-07-08,23.9,23.2,26.3,2.2,3.1,97.5,.2,
201,강화,2022-07-09,25,22.5,28.8,,2.2,93.6,8.1,
201,강화,2022-07-10,25.9,21.5,31.7,,1.6,78.9,7.7,
201,강화,2022-07-11,25.7,21.9,29.6,,1.8,77.5,8.2,
201,강화,2022-07-12,25.1,22.1,28.3,,1.5,83.5,.1,
201,강화,2022-07-13,24.4,23.7,26,100.5,1.8,99.4,0,
201,강화,2022-07-14,24.2,21.5,28.4,1,2,91.4,3.9,
201,강화,2022-07-15,23.6,19.9,27.3,,2,93.3,9.8,
201,강화,2022-07-16,24.4,22,28.2,0,2.2,91.8,6.7,
201,강화,2022-07-17,24.6,21.6,27.3,,1.9,91.5,6.4,
201,강화,2022-07-18,25.5,21.7,29.8,,1.8,85,5.9,
201,강화,2022-07-19,25.6,22,29,,2,87.6,9,
201,강화,2022-07-20,25,23.2,27.8,.3,1.9,92.4,1.4,
201,강화,2022-07-21,23.1,19.3,26.9,16.5,2.6,87.6,2.5,
201,강화,2022-07-22,23.9,21.6,26.8,7.2,2.1,93.5,3.8,
201,강화,2022-07-23,23.1,20.7,27.4,22.8,1,94.6,.3,
201,강화,2022-07-24,23.7,21.4,26.4,10.4,1.1,96.4,.5,
201,강화,2022-07-25,25.3,20.9,29.7,,1.6,85.8,11.8,
201,강화,2022-07-26,26.4,21.4,31.4,,1.1,85.4,9.8,
201,강화,2022-07-27,26.6,23.7,31.5,,1.2,88.5,2.8,
201,강화,2022-07-28,27.5,23.6,32.6,,1.8,73.1,11,
201,강화,2022-07-29,28.1,23.9,32.4,,1.4,81.9,8.6,
201,강화,2022-07-30,28,25.2,34.6,10.1,1.2,87.6,8.3,
201,강화,2022-07-31,25.9,25.1,27.5,47.2,1.6,97.9,0,
201,강화,2022-08-01,27.5,24.9,31.9,23.3,1.6,92.4,2.3,
201,강화,2022-08-02,26,25.1,27.4,28.9,3.2,98.5,0,
201,강화,2022-08-03,26.5,25,28.4,31.1,2.9,99.6,.3,
201,강화,2022-08-04,27.3,25.4,30.2,.1,2.1,94,7.7,
201,강화,2022-08-05,27.5,25.2,30.2,.9,2,94.4,7,
201,강화,2022-08-06,27,25.3,29.8,.3,1.3,98,.3,
201,강화,2022-08-07,27.7,25.1,30.2,1.2,2.4,95.4,.7,
201,강화,2022-08-08,26.6,25.1,28,41.2,3.9,99.5,0,
201,강화,2022-08-09,24.1,21.1,26.2,92.4,1.6,100,0,
201,강화,2022-08-10,23.6,20,28.5,1,1.3,88.3,9.6,
201,강화,2022-08-11,23.5,21,27,3.4,1,94.5,2.2,
201,강화,2022-08-12,23.9,19.5,29.4,,1.1,87.8,11.2,
201,강화,2022-08-13,22.9,20.5,25.3,6.3,.8,98.8,.1,
201,강화,2022-08-14,25.9,21.8,30.4,.4,1.8,94.1,1.9,
201,강화,2022-08-15,27.1,25.1,28.4,8.2,5.4,95.3,0,
201,강화,2022-08-16,24.5,21,28,,2,89.5,9,
201,강화,2022-08-17,24,20,28.5,,1.5,86.9,10.8,
201,강화,2022-08-18,23.6,19.7,28.5,,1.2,89.3,7.9,
201,강화,2022-08-19,25.1,21.1,26.8,15.9,2.2,97.1,0,
201,강화,2022-08-20,26.3,23,30.1,,1.7,87.5,9.2,
201,강화,2022-08-21,25.7,22.2,30.2,,1.2,90.4,8.8,
201,강화,2022-08-22,24.5,21.6,29.2,4.4,1.5,89.1,1.9,
201,강화,2022-08-23,23.8,20.7,27.7,2.1,1.8,76.9,8.4,
201,강화,2022-08-24,23.1,19.2,27.8,,1.3,76,2.9,
201,강화,2022-08-25,21.5,19.4,24,.7,1.7,86.8,0,
201,강화,2022-08-26,22.7,18.3,26.6,,2,85.5,8.8,
201,강화,2022-08-27,21.1,16.3,24.4,.2,2.1,59.5,11.9,
201,강화,2022-08-28,20.2,13,27,,1.1,69.4,11.2,
201,강화,2022-08-29,19.8,18.3,22.4,2.2,1.6,86.5,0,
201,강화,2022-08-30,18.5,17.5,20,22.9,1.9,99,0,
201,강화,2022-08-31,21.7,19.4,26.4,,1.5,85.3,4.9,
201,강화,2022-09-01,22.5,17.1,29.1,,1.2,78,11.9,
201,강화,2022-09-02,23.1,16.8,28.8,,1.6,70.9,11.7,
201,강화,2022-09-03,23.6,19.2,29.2,,2.5,66,8.4,
201,강화,2022-09-04,21.9,18.7,24.8,39.3,2.5,91.4,0,
201,강화,2022-09-05,18.3,17.2,21.1,80.9,2.2,100,0,
201,강화,2022-09-06,21.2,16.8,26.2,10.5,2.6,81.4,9.5,
201,강화,2022-09-07,21.3,14.9,26.2,,2,71.4,11.6,
201,강화,2022-09-08,20.8,14.7,26.7,,1,83.8,11.7,
201,강화,2022-09-09,22,16.4,28.7,,.9,77.4,10.4,
201,강화,2022-09-10,20.8,15.6,28.2,,1.2,70.5,7.9,
201,강화,2022-09-11,20.5,18.3,22.9,.2,.8,86,.3,
201,강화,2022-09-12,21.4,17.1,25.9,,.9,89,4.6,
201,강화,2022-09-13,23.4,19.1,26.7,0,1.8,83.9,0,
201,강화,2022-09-14,23.3,21.5,26.9,0,3.9,64,1.6,
201,강화,2022-09-15,23.7,20,27.5,,2.1,74.3,1.6,
201,강화,2022-09-16,23.8,21.7,28.3,6.4,2.1,90.8,.4,
201,강화,2022-09-17,23.7,20.4,27.9,0,1,91.3,7,
201,강화,2022-09-18,25.2,19.7,30.3,,1.7,78.3,10.2,
201,강화,2022-09-19,22.9,18.3,26.5,,2.9,58,9.4,
201,강화,2022-09-20,18.2,12.8,23.4,,2.2,50.8,9.7,
201,강화,2022-09-21,16.2,8.1,23.3,,1.3,71.4,11.3,
201,강화,2022-09-22,18.4,13.2,23.4,,1.6,72.9,9.5,
201,강화,2022-09-23,16.8,11.4,21.2,1.9,2.7,75.4,6.9,
201,강화,2022-09-24,17,10.6,22.9,,1.5,81.6,10.3,
201,강화,2022-09-25,17,12.8,23.8,,1,83.5,7.3,
201,강화,2022-09-26,17.7,12.2,24.9,,1.1,77.6,9.7,
201,강화,2022-09-27,17.7,11.6,25.7,,.9,83.9,10.6,
201,강화,2022-09-28,17.5,13.3,23.7,,1,92,5.3,
201,강화,2022-09-29,17.7,12.5,23.8,,1.1,88.9,7.5,
201,강화,2022-09-30,17,11.6,24.8,,1,85,7.2,
202,양평,2022-05-20,19.2,12.6,26.1,,1.2,57.3,8.8,
202,양평,2022-05-21,19.6,13.9,27,,1.4,64.5,8.6,
202,양평,2022-05-22,19.9,14.8,27,,1.3,72.6,7.1,
202,양평,2022-05-23,21.7,15.7,28.5,,1.5,68.6,9,
202,양평,2022-05-24,22.3,14.7,30.2,,1.4,56.8,11.8,
202,양평,2022-05-25,20.8,14.4,27.9,3.6,1.7,61,10,
202,양평,2022-05-26,18.9,13.5,24,.2,2.2,56.5,10.4,
202,양평,2022-05-27,20.1,15.9,25.6,,2.4,58.1,9.3,
202,양평,2022-05-28,20.5,12.3,29.8,,1.6,64,11.5,
202,양평,2022-05-29,21.5,13.7,28.6,,1.2,58.9,9.5,
202,양평,2022-05-30,20,17.7,24,.1,1.3,74.9,0,
202,양평,2022-05-31,19.4,12.3,27.5,,1.5,52.6,12,
202,양평,2022-06-01,20.2,12,29.7,,1.5,,12.6,
202,양평,2022-06-02,20.3,11.4,28.5,,1.3,58.4,12.6,
202,양평,2022-06-03,23.4,15.9,31.5,,1.3,60.1,9.8,
202,양평,2022-06-04,23.4,18.4,27.8,,1.4,57.4,7.3,
202,양평,2022-06-05,19.3,16.9,23.3,.8,1.2,73.8,.5,
202,양평,2022-06-06,18.1,15.4,22.2,9.7,1.9,72.1,4.4,
202,양평,2022-06-07,18.7,12.9,23.7,,1.6,58.1,5,
202,양평,2022-06-08,20,15.6,24.9,,1.3,59.6,6.9,
202,양평,2022-06-09,20,17.1,23.9,0,1,74.8,1.4,
202,양평,2022-06-10,21,16.7,28.3,.3,1.4,72.4,6.5,
202,양평,2022-06-11,22.7,16,30.7,,1.5,60.3,9.3,
202,양평,2022-06-12,22.9,16.5,27.9,,1.4,60,9.4,
202,양평,2022-06-13,23,20,28,.1,1.9,62.4,7.7,
202,양평,2022-06-14,20.9,17.9,26.2,0,2.5,50.3,6.5,
202,양평,2022-06-15,16.8,14.5,18.9,32.5,1.1,93.5,0,
202,양평,2022-06-16,19.7,17.2,23.9,4.9,1,80.5,2.1,
202,양평,2022-06-17,21.7,15.1,27.3,,1.1,76.6,6.6,
202,양평,2022-06-18,23,20,26.3,,1,78.6,1.4,
202,양평,2022-06-19,22.9,20.8,24.8,0,.9,81,0,
202,양평,2022-06-20,24.5,20.5,29.4,,.9,74.9,4.4,
202,양평,2022-06-21,26.5,19.9,33.4,,1.2,66.5,12.2,
202,양평,2022-06-22,25.5,21,31.1,,1.3,69,4.7,
202,양평,2022-06-23,23.7,20.3,26.5,95.7,1.5,84.8,.3,
202,양평,2022-06-24,24.2,21,27.7,21.1,1.9,77,2.8,
202,양평,2022-06-25,25.4,19.1,32.1,0,1,77.8,5.5,
202,양평,2022-06-26,25.3,22.6,28.1,0,.8,86,0,
202,양평,2022-06-27,25.8,23.7,29,19.8,1.1,88,0,
202,양평,2022-06-28,27.9,26.2,29.5,.5,2.6,68.8,.1,
202,양평,2022-06-29,25.3,24,27.4,41.7,1.8,89.3,.1,
202,양평,2022-06-30,22.2,20.9,24.2,181.6,1.2,95.6,0,
202,양평,2022-07-01,25.5,20.4,31.2,3.1,.9,81.4,8.4,
202,양평,2022-07-02,27.1,21.9,32.6,,.8,75.6,11.2,
202,양평,2022-07-03,27.8,22.3,33.4,,1,72.6,10.4,
202,양평,2022-07-04,27.9,23.5,33.2,,1.4,74.4,9.1,
202,양평,2022-07-05,27.3,24.2,32.8,.2,1.1,77.8,3.2,
202,양평,2022-07-06,27.8,24.3,32.2,1.4,1.2,79.3,1.8,
202,양평,2022-07-07,28.3,25.1,32.1,2.1,1.4,80.5,2.3,
202,양평,2022-07-08,26.3,25.1,28.8,2.2,1.2,79.8,1,
202,양평,2022-07-09,27.1,24.4,31.1,0,1.4,76.5,4.7,
202,양평,2022-07-10,28.2,23.3,33,,1.1,75.1,8.4,
202,양평,2022-07-11,24.8,22.2,28.8,17.2,1.7,81.9,6,
202,양평,2022-07-12,25.5,21.4,29,,1.1,78.8,2.9,
202,양평,2022-07-13,23.5,22.7,25.4,133.3,1.3,92.1,0,
202,양평,2022-07-14,25.2,22.8,29.7,.6,1.2,83.9,3.5,
202,양평,2022-07-15,25.6,21.7,30.6,0,1.4,73.6,9.4,
202,양평,2022-07-16,23.1,20.6,26.6,6.8,1.2,86.9,1.9,
202,양평,2022-07-17,24.3,21.3,28.4,0,1,81.5,1.7,
202,양평,2022-07-18,24,21.2,27.6,,1.2,84.1,2.9,
202,양평,2022-07-19,25.2,21.9,31.1,1.1,1.2,79.4,5.6,
202,양평,2022-07-20,26.1,22.8,30.8,.5,1.2,76.8,4.7,
202,양평,2022-07-21,22.9,20.6,24.8,12.5,1.4,88.6,0,
202,양평,2022-07-22,23.8,21.2,29.6,22.5,1,87.3,3.4,
202,양평,2022-07-23,23.6,21.5,27.3,28.6,1.1,88.8,0,
202,양평,2022-07-24,24.6,21.5,27.5,3.3,1,86.5,1,
202,양평,2022-07-25,26.9,23,31.9,,1.1,74.8,9.3,
202,양평,2022-07-26,27,21.7,32.6,,1,74.9,11.6,
202,양평,2022-07-27,26.3,23.1,30.4,,1.4,77.6,7.2,
202,양평,2022-07-28,26.9,21.4,32.1,,1.4,75,10.7,
202,양평,2022-07-29,28.8,24.3,33.7,,1.2,71.5,11.1,
202,양평,2022-07-30,28.6,24.4,34.4,1.9,1.3,75.5,8,
202,양평,2022-07-31,26,24.9,29.9,18.6,1,89.3,0,
202,양평,2022-08-01,27.4,24.4,31.8,19.2,1.2,84,1.3,
202,양평,2022-08-02,26.7,25.1,29.2,4.5,1.3,88,.3,
202,양평,2022-08-03,26.9,24.3,31.9,136.6,1.2,85.3,4.8,
202,양평,2022-08-04,28.3,24.6,32.6,1.2,1.1,77,9.2,
202,양평,2022-08-05,28.1,24.5,32.6,.5,1,79.9,4.4,
202,양평,2022-08-06,28.1,25.1,31.6,0,.9,83.5,2.8,
202,양평,2022-08-07,28.5,25.4,31.3,0,1.3,79.9,.8,
202,양평,2022-08-08,25.6,23.8,28,261.9,1.3,93,0,
202,양평,2022-08-09,25.5,24.4,27.3,249.8,1.3,93.9,0,
202,양평,2022-08-10,23.4,22,27.7,24.8,1.4,89.9,1.7,
202,양평,2022-08-11,23.8,22.4,26.2,85.7,.5,94.3,.3,
202,양평,2022-08-12,26.6,22.8,31.8,,.9,76.4,11.9,
202,양평,2022-08-13,24.3,22.5,26.2,1.6,.9,91.1,.3,
202,양평,2022-08-14,25.5,23.8,29.6,43.5,1,90.8,1.3,
202,양평,2022-08-15,27.6,24.3,30.5,2.5,2.5,80.4,.2,
202,양평,2022-08-16,26.5,22.6,31.2,0,1.3,74.3,9.4,
202,양평,2022-08-17,24,21.2,29.9,10.4,1.2,85.6,4.9,
202,양평,2022-08-18,24.3,20.7,28.6,,1,80.3,5.9,
202,양평,2022-08-19,24.2,20.8,26.2,39.1,1.1,90.4,.8,
202,양평,2022-08-20,27.9,24.7,32.5,0,1.2,80.3,9.6,
202,양평,2022-08-21,26.4,22.6,31.4,,1,77.1,7.6,
202,양평,2022-08-22,25.5,22.1,29.1,.7,1.1,79.6,2,
202,양평,2022-08-23,23.6,20.5,27.5,1.9,1.1,87.6,3.9,
202,양평,2022-08-24,23.3,20.2,26.9,,1.3,75.8,.4,
202,양평,2022-08-25,20.5,18.9,23.3,2,.8,90.3,.2,
202,양평,2022-08-26,22.5,18.6,27.7,,1.2,78.4,7.5,
202,양평,2022-08-27,21.1,16.5,25.5,12,1.8,64.9,11.6,
202,양평,2022-08-28,20.3,14,26.5,,1,71.1,10.8,
202,양평,2022-08-29,19.5,18.3,20.9,1.1,1,83.3,0,
202,양평,2022-08-30,18.5,17.2,19.6,46.3,.9,96,0,
202,양평,2022-08-31,20.4,19,23.9,2.1,.8,89.8,0,
202,양평,2022-09-01,21.7,17.5,28.8,,.8,82.4,9,
202,양평,2022-09-02,23.1,17.8,29.2,,1.4,66.6,10,
202,양평,2022-09-03,22.5,17.4,27.8,,1.4,68.9,4.2,
202,양평,2022-09-04,22.2,19.8,24.1,20.6,1.5,86.8,0,
202,양평,2022-09-05,20.2,17.8,23.2,143.5,1,96.1,0,
202,양평,2022-09-06,20.5,16.4,26.2,52.4,2.2,74,7.1,
202,양평,2022-09-07,20.4,15.8,27.6,,1,74.1,7.9,
202,양평,2022-09-08,20.2,14.3,27.8,,.9,77.5,9.7,
202,양평,2022-09-09,21.4,15.9,29.1,,.9,73.4,10.6,
202,양평,2022-09-10,21,15.5,26.7,,1,69.4,5,
202,양평,2022-09-11,22,18.9,25.7,,.8,77.5,.8,
202,양평,2022-09-12,22.5,19,27.1,,.7,82.4,4.2,
202,양평,2022-09-13,22.8,20,26.6,,.7,83.4,0,
202,양평,2022-09-14,24.1,20.9,28.2,,2,56.4,1.9,
202,양평,2022-09-15,24.4,19.8,29.6,,1.5,68.5,6.3,
202,양평,2022-09-16,,21,30.3,0,1.9,74.4,3.1,
202,양평,2022-09-17,,,,,1,83.3,5.3,
202,양평,2022-09-18,25.9,22.8,30.1,,1.1,77.4,1.8,
202,양평,2022-09-19,23.9,18.2,27.8,,2.7,59.5,6.5,
202,양평,2022-09-20,18.1,13.8,22.9,,1,67.5,8.7,
202,양평,2022-09-21,16.9,11.9,23.2,,1.1,72.6,11.3,
202,양평,2022-09-22,17.1,10.8,23.5,,1,72.5,9.8,
202,양평,2022-09-23,16.5,12,22.5,.5,1.4,72.8,7.6,
202,양평,2022-09-24,16,9.4,23.9,,1,70.9,10.8,
202,양평,2022-09-25,17,12.2,24.5,,.8,73.3,6.3,
202,양평,2022-09-26,17.3,12.6,25.3,,.7,73.4,6.7,
202,양평,2022-09-27,17.7,11,26.8,,.6,76,9.5,
202,양평,2022-09-28,17.6,13.2,24.6,,.5,83.3,4.6,
202,양평,2022-09-29,17.8,13.7,25.7,,.6,82.6,7,
202,양평,2022-09-30,17.6,13.2,25.9,,.8,83.9,7.2,
203,이천,2022-05-20,19.4,11.8,27,,1.2,57.8,8.1,
203,이천,2022-05-21,20.4,14.6,27.1,,1.6,66.9,9.6,
203,이천,2022-05-22,20.8,15.3,27.9,,1.5,69.9,8.5,
203,이천,2022-05-23,21.9,15.5,29.9,,1.3,68.5,7.9,
203,이천,2022-05-24,22.5,14.3,31.4,,1.2,56.6,10.3,
203,이천,2022-05-25,20.9,13.4,28.2,3,1.5,64.3,8.4,
203,이천,2022-05-26,18.6,13.5,24.8,1.1,2.3,59.4,10.6,
203,이천,2022-05-27,19.9,15.7,26.5,,2.1,59.1,7.9,
203,이천,2022-05-28,21,11.1,30.3,,1.5,58,10.6,
203,이천,2022-05-29,22,12.7,30,,1,58.6,10.6,
203,이천,2022-05-30,20.2,17.3,24.9,.3,1.3,75.5,.1,
203,이천,2022-05-31,19.9,12.3,28.1,,1.3,50.9,9.8,
203,이천,2022-06-01,21,11,31,,1.4,45.1,11.2,
203,이천,2022-06-02,20.6,11.5,28.9,,1.5,64.6,11.2,
203,이천,2022-06-03,23.3,15,32.1,,1.1,65.3,8.7,
203,이천,2022-06-04,23.5,17.3,28.5,,1,60.3,5.8,
203,이천,2022-06-05,18.9,17.4,23.3,.8,1,80.1,0,
203,이천,2022-06-06,17.8,14.3,22.4,18.5,1.4,79.4,4.3,
203,이천,2022-06-07,18.6,11.7,24.3,,1.2,67,6.1,
203,이천,2022-06-08,20.5,15.7,26.3,,1.1,63.6,6.5,
203,이천,2022-06-09,20.4,17,25,.2,.7,78.1,1.4,
203,이천,2022-06-10,21.6,16.6,29,0,.8,74.3,6,
203,이천,2022-06-11,22.4,15.2,31.4,0,1.1,70.6,9.9,
203,이천,2022-06-12,22.9,15,28.7,,1,65.3,7.4,
203,이천,2022-06-13,23.8,19.3,29.8,0,1.9,58,10.6,
203,이천,2022-06-14,19.4,15.1,26.1,.9,1.9,66.5,3.7,
203,이천,2022-06-15,16.5,13.8,20,21.9,.7,98.4,.1,
203,이천,2022-06-16,20.2,17,25,3,1.5,79.4,3.6,
203,이천,2022-06-17,21.7,15.5,27.7,,1,82.1,6,
203,이천,2022-06-18,24,20.8,27.3,,.9,79,.7,
203,이천,2022-06-19,23.5,21.2,26.1,,.6,82.1,0,
203,이천,2022-06-20,24.8,20.3,30.1,,.6,77.9,5.1,
203,이천,2022-06-21,26.6,19.9,34,,1.1,72.1,11.5,
203,이천,2022-06-22,25.9,20.8,32,,1.4,70,9.1,
203,이천,2022-06-23,24.2,20.2,28.9,44.1,1.8,90.6,.2,
203,이천,2022-06-24,24.1,20.5,28.3,17.1,2.2,84.3,4.8,
203,이천,2022-06-25,26.1,19.6,32.3,,1.3,79.6,6.4,
203,이천,2022-06-26,26.7,23,29.1,,1.5,81.1,0,
203,이천,2022-06-27,27.7,24.5,29.9,.8,2.3,77.5,0,
203,이천,2022-06-28,28.7,27.7,29.8,0,3.8,68.8,0,
203,이천,2022-06-29,26,24.1,29.1,36.5,2.6,89.4,.6,
203,이천,2022-06-30,22,20.4,24.8,95,1.1,99.6,0,
203,이천,2022-07-01,25.9,20.2,32.2,0,.7,84.5,7.1,
203,이천,2022-07-02,27.8,22.1,33.6,,.6,78,9.7,
203,이천,2022-07-03,28.2,22.5,33.6,,.9,75.9,9.2,
203,이천,2022-07-04,28.2,23.4,34.1,,.9,76.1,7.1,
203,이천,2022-07-05,27.5,23.7,32.9,8.8,.7,84.3,4.2,
203,이천,2022-07-06,28,23.5,33.2,,.8,85.1,1.7,
203,이천,2022-07-07,28.8,25.2,32.5,.6,1.7,80.9,2.9,
203,이천,2022-07-08,26.7,24.9,29.7,1.6,1.3,82.1,1.8,
203,이천,2022-07-09,26.9,23.6,31.2,.4,1.2,81.1,3.2,
203,이천,2022-07-10,28.4,22.8,33.8,0,.8,78.3,7,
203,이천,2022-07-11,24.8,21.1,29.6,19.9,1,87.9,2.2,
203,이천,2022-07-12,25.8,21.1,29.5,,.8,82.9,2.4,
203,이천,2022-07-13,23.8,22.8,25.9,141,1,95.1,0,
203,이천,2022-07-14,25.1,22.5,29.1,1.1,1.4,89.8,2.7,
203,이천,2022-07-15,25.8,21.8,30.6,,1.3,76.9,8.8,
203,이천,2022-07-16,23.4,20.6,26.9,19,.8,92.8,1.1,
203,이천,2022-07-17,24.7,20.4,29.6,0,.7,82.8,2.3,
203,이천,2022-07-18,24.1,20.7,28,.2,.7,87.6,.3,
203,이천,2022-07-19,25.8,21.2,31,,1.3,80,5.3,
203,이천,2022-07-20,26.6,23.4,31.6,.7,.9,78.5,5.1,
203,이천,2022-07-21,22.6,20.4,24.2,15,1.2,94.9,0,
203,이천,2022-07-22,23.6,21.3,27.7,23,.6,93.9,1.9,
203,이천,2022-07-23,23.8,21.1,28,28.5,.7,93.1,.2,
203,이천,2022-07-24,24.2,21.8,27.3,2.2,.5,94.9,.4,
203,이천,2022-07-25,26.8,22.7,31.9,,.9,82,6.6,
203,이천,2022-07-26,27.2,21.9,33.5,,.5,83.8,7.4,
203,이천,2022-07-27,26.2,22.7,31.1,,.9,80.9,5.3,
203,이천,2022-07-28,27,20.6,32.6,,1.3,79.8,8.7,
203,이천,2022-07-29,29,23.5,34.7,,.8,77.3,7.4,
203,이천,2022-07-30,29,23.9,34.6,,1.4,77.5,6.9,
203,이천,2022-07-31,26.1,24.9,29.8,16.6,.9,94.5,0,
203,이천,2022-08-01,27.7,24.5,32,21.8,1.3,86.3,1.6,
203,이천,2022-08-02,27.2,25.4,31.2,6.3,1.7,90,1.8,
203,이천,2022-08-03,27.4,25,31.8,40.5,1.2,89,4,
203,이천,2022-08-04,28.9,25.7,33.3,.7,1.1,78.8,8.3,
203,이천,2022-08-05,28.7,25.2,32.8,.1,1.1,83.9,5.9,
203,이천,2022-08-06,28.8,26.4,32.5,0,.9,84.4,2.8,
203,이천,2022-08-07,28.7,25.2,32.6,0,1.2,83.4,1.7,
203,이천,2022-08-08,26.7,24.1,29,56.6,1.7,91.8,0,
203,이천,2022-08-09,26.5,24.8,27.9,110.8,2.4,93.5,0,
203,이천,2022-08-10,23.6,22.5,25.8,56.6,.9,96.5,0,
203,이천,2022-08-11,24.2,22.8,26.1,87,.7,98.6,0,
203,이천,2022-08-12,26.6,22.8,31.7,,.8,81.9,9.5,
203,이천,2022-08-13,24.6,22.5,26.1,6.5,.6,97.1,0,
203,이천,2022-08-14,25.7,24.2,30.8,41.7,.6,96.6,.4,
203,이천,2022-08-15,27.7,24.2,31.3,2.9,2.1,85.6,.4,
203,이천,2022-08-16,26.8,22.8,30.9,0,1.5,76.5,8.9,
203,이천,2022-08-17,24.6,21.3,31,.1,.7,88.5,2.3,
203,이천,2022-08-18,25,20.6,29.4,,.7,79.8,4.5,
203,이천,2022-08-19,25,20.3,28.1,15.7,1.3,91,.7,
203,이천,2022-08-20,27.8,25,32.6,.9,1.4,83.5,8.9,
203,이천,2022-08-21,27.2,23.7,32.5,,.7,81.9,7,
203,이천,2022-08-22,26.3,22.1,31.5,0,.9,79.8,2.9,
203,이천,2022-08-23,23.6,21,27.4,1.2,.6,94,1.2,
203,이천,2022-08-24,23.3,19.7,27.6,,1,79,.4,
203,이천,2022-08-25,20.9,18.7,24.3,.9,.5,89.1,0,
203,이천,2022-08-26,22.6,17.2,28.3,,1,79.3,5.7,
203,이천,2022-08-27,21.6,15.6,26.4,,1.3,63,10.6,
203,이천,2022-08-28,20.5,12.9,28.2,,.7,73.4,10.6,
203,이천,2022-08-29,18.9,18,20.4,2.8,.6,94.9,0,
203,이천,2022-08-30,18.5,17,19.8,58.2,.7,100,0,
203,이천,2022-08-31,20.5,18.9,24.1,2.2,.5,95.1,.1,
203,이천,2022-09-01,22.6,16.9,29.2,,.6,81.6,10,
203,이천,2022-09-02,22.8,17.5,29.5,,1.1,75.3,9.4,
203,이천,2022-09-03,22.3,17.5,28.7,0,1.2,75.5,5,
203,이천,2022-09-04,21.8,18.9,24.1,9,.8,94.4,0,
203,이천,2022-09-05,20.7,17.5,23.4,118,.9,100,0,
203,이천,2022-09-06,20.8,17,27.1,64.5,1.8,83.5,6.7,
203,이천,2022-09-07,20.7,15.7,28.1,,.7,76.6,7.4,
203,이천,2022-09-08,20.4,12.9,28.5,,.5,78.1,10,
203,이천,2022-09-09,21.4,14.7,29.3,,.5,77.8,9.1,
203,이천,2022-09-10,20.1,14.2,27.3,,.6,76,5.3,
203,이천,2022-09-11,22.3,18.3,26.7,,.5,79.5,1.2,
203,이천,2022-09-12,22.6,18.8,27.8,,.5,87.9,3.3,
203,이천,2022-09-13,23.1,20.1,27.8,.1,.7,84.8,.3,
203,이천,2022-09-14,22.8,18.5,27.8,,1.4,66.1,1.8,
203,이천,2022-09-15,23.4,16.6,29.2,,1,76.8,5.1,
203,이천,2022-09-16,25.7,20.5,31.7,,1.4,75.1,5.9,
203,이천,2022-09-17,26,23,31.8,0,.6,85.1,3.7,
203,이천,2022-09-18,26.1,22.9,30.5,,1,81.4,1.9,
203,이천,2022-09-19,23.4,16.3,28.6,,1.9,67.3,5.9,
203,이천,2022-09-20,17.9,13.1,23.9,,.8,69.3,6,
203,이천,2022-09-21,16.7,10.2,24.5,,.8,74.6,8.5,
203,이천,2022-09-22,16.9,9.8,24.6,,.5,75.9,7.4,
203,이천,2022-09-23,16.3,11.4,23.8,.6,1.4,75,5.9,
203,이천,2022-09-24,16.4,8.5,24.8,,.8,71.8,8.8,
203,이천,2022-09-25,16.6,11,23.9,,.5,77.1,4.3,
203,이천,2022-09-26,17.2,11.9,26.3,,.4,76.5,6.3,
203,이천,2022-09-27,17.7,9.9,27.3,,.4,76.9,9,
203,이천,2022-09-28,17.5,11.7,25.3,,.4,84.9,5.1,
203,이천,2022-09-29,17.6,12.8,25.5,,.5,86.6,5.5,
203,이천,2022-09-30,17,12.4,26.1,,.4,88.8,5.1,
211,인제,2022-05-20,18,9.8,25.8,,1.3,56.1,10.3,
211,인제,2022-05-21,19.5,10.2,26,,1.9,61.1,8.3,
211,인제,2022-05-22,17.9,12.3,23.9,,1.4,73.3,4.7,
211,인제,2022-05-23,20.6,12.7,28.8,,1.3,68.5,9.9,
211,인제,2022-05-24,21.9,14.3,30.4,,1.3,59,10.7,
211,인제,2022-05-25,19.5,11.7,27.7,2.8,1.4,63.3,8.2,
211,인제,2022-05-26,17.7,12.5,21.9,3.4,2.9,54,6.6,
211,인제,2022-05-27,17.5,13.5,23.4,.5,1.8,62.8,2.6,
211,인제,2022-05-28,19.9,10.3,28.7,,1.7,60.6,10.5,
211,인제,2022-05-29,20.1,10.9,28.9,,1.1,58.4,10.3,
211,인제,2022-05-30,18.2,13.4,23.7,,1.1,71,0,
211,인제,2022-05-31,18.8,11.2,25.8,,1.9,51.8,10.2,
211,인제,2022-06-01,19,9.1,28.1,,1.6,43.3,11.2,
211,인제,2022-06-02,19.9,9.6,28.7,,1.5,52.5,11.4,
211,인제,2022-06-03,19.5,13.5,28.2,,2.1,69,11.4,
211,인제,2022-06-04,20.2,14.7,28.7,,1.7,68.9,7.4,
211,인제,2022-06-05,18.9,16.4,23.7,4.8,1.8,78.3,0,
211,인제,2022-06-06,15.4,13.2,18.6,31.7,2.9,79.1,2.4,
211,인제,2022-06-07,15,12.7,18.6,,2.3,70.5,1.7,
211,인제,2022-06-08,16.5,9.8,24.3,,1.5,67.4,8.1,
211,인제,2022-06-09,16.2,12.4,22.9,3.8,.9,87.6,.3,
211,인제,2022-06-10,19.4,15.3,25.3,,.9,77.4,4.7,
211,인제,2022-06-11,19.5,15,26.3,,2.1,73.3,8.1,
211,인제,2022-06-12,19.8,12.7,28.2,,1.5,71.1,10.3,
211,인제,2022-06-13,19.6,17,24.3,,2.3,66,1.7,
211,인제,2022-06-14,17.6,15.8,20.1,,3,67.5,1.1,
211,인제,2022-06-15,15.4,13.2,17.7,16.6,1,90.4,0,
211,인제,2022-06-16,18.5,15.1,23,19.9,1.4,84.3,1.5,
211,인제,2022-06-17,21,15,28,,1.4,77.6,9,
211,인제,2022-06-18,23,18.9,26.8,,1.1,77.1,2,
211,인제,2022-06-19,23.3,19.5,27.2,,1.3,77.8,1.1,
211,인제,2022-06-20,24.5,20.4,30.9,,1.2,71.9,7,
211,인제,2022-06-21,25.2,18.6,34,,1.1,67.4,9.9,
211,인제,2022-06-22,25.5,19.6,32,,1.1,72.1,6.2,
211,인제,2022-06-23,23.3,19,27.6,90,1.2,88,1.1,
211,인제,2022-06-24,24.5,23.1,27.9,21.4,3.5,75.3,4.2,
211,인제,2022-06-25,25.4,21,30.4,,2.5,70.1,7.8,
211,인제,2022-06-26,25.3,20.5,28.7,9.6,2,82,2.1,
211,인제,2022-06-27,25.1,23.3,28.9,26.6,1.3,87.9,0,
211,인제,2022-06-28,26.1,24.5,27.9,8.2,4.4,78,0,
211,인제,2022-06-29,25.1,23.7,27.4,26.6,3.3,87,0,
211,인제,2022-06-30,21.9,19.9,24.9,97.1,.9,96.5,0,
211,인제,2022-07-01,24.9,20.1,31.1,,.9,83.5,7.4,
211,인제,2022-07-02,26.1,21.1,33.3,,.8,78,9.8,
211,인제,2022-07-03,26.2,21,33.9,,.9,75.1,10,
211,인제,2022-07-04,26,21,33.6,0,1.2,80.1,7.2,
211,인제,2022-07-05,27.1,23.1,34.1,,1.3,75.6,5.4,
211,인제,2022-07-06,26.2,22.1,32.9,,1.4,78.3,3.4,
211,인제,2022-07-07,26.6,23,30.6,6.1,1.1,85.3,1.1,
211,인제,2022-07-08,25.5,23.2,27.5,.2,1.6,82.5,.2,
211,인제,2022-07-09,25.8,22.8,30.6,.6,.7,86.5,3,
211,인제,2022-07-10,27.2,22.7,33.4,1.4,1.3,75.1,7.8,
211,인제,2022-07-11,23.6,20.6,28.2,36.7,1.2,86.1,.8,
211,인제,2022-07-12,23.7,19.6,29,,1.3,77.9,5.8,
211,인제,2022-07-13,21.5,21.1,22.6,37.4,1,92.9,0,
211,인제,2022-07-14,24.1,21.3,28.8,2.5,.9,85.6,1.9,
211,인제,2022-07-15,24.1,19.9,29.8,,1.6,79.3,5.6,
211,인제,2022-07-16,22.9,19.2,28.9,1.9,1,84.5,5,
211,인제,2022-07-17,23.1,20.7,27.4,3.1,.9,87.6,.7,
211,인제,2022-07-18,25,21.1,29.9,,.9,80.1,5.2,
211,인제,2022-07-19,25.8,21.1,31.2,,1.5,75.8,7.8,
211,인제,2022-07-20,25,22.4,29.7,1.5,1.1,82.8,1.5,
211,인제,2022-07-21,21.8,20.1,24.2,32.9,1.3,92,0,
211,인제,2022-07-22,22.3,19.8,28.1,5.8,.8,87,4.5,
211,인제,2022-07-23,22.9,19.8,28.2,5.4,1.1,83.6,1.8,
211,인제,2022-07-24,23.3,20.7,27.3,4.4,.8,87.8,.6,
211,인제,2022-07-25,25.5,21.2,31.6,,1,78.8,9.7,
211,인제,2022-07-26,26.2,21.3,32.9,,1.2,75.4,10.1,
211,인제,2022-07-27,25.2,20.9,31.9,,1.5,73.8,5.6,
211,인제,2022-07-28,25.4,19.5,31.3,,1.6,77.1,7.6,
211,인제,2022-07-29,26.5,22,34.5,1.2,1.2,80,7.6,
211,인제,2022-07-30,27.9,23.5,34.2,,1.6,74.4,8.6,
211,인제,2022-07-31,25.4,24,28.8,10.1,1.1,89.5,.1,
211,인제,2022-08-01,26.5,23.7,30.9,14.1,.6,88.8,1.2,
211,인제,2022-08-02,25.9,24.5,29.1,24.1,1,91,.3,
211,인제,2022-08-03,26,24.3,28,39.5,1.9,89.3,1,
211,인제,2022-08-04,27,24.1,31.3,29.4,1.1,84.1,4,
211,인제,2022-08-05,27.3,23.8,32,10.6,1.4,83,5.4,
211,인제,2022-08-06,26.8,24.2,31.8,0,1,87,1.3,
211,인제,2022-08-07,26.8,24.1,31,4,1.1,87,.8,
211,인제,2022-08-08,25.9,24.7,27.3,68.7,2.9,89.5,0,
211,인제,2022-08-09,24.1,20.6,27.5,125.7,1.3,92.6,0,
211,인제,2022-08-10,24.5,19.6,30.1,20.7,1.3,80.9,0,
211,인제,2022-08-11,24.7,21.9,29.3,20.3,1.1,86.5,0,
211,인제,2022-08-12,25.6,21.5,31.4,,1,79.4,0,
211,인제,2022-08-13,23.6,20.7,26.5,12.2,.7,91.8,0,
211,인제,2022-08-14,25.6,22.6,30.6,15.1,.9,87.4,0,
211,인제,2022-08-15,27.1,24.1,28.7,27.4,4.3,80,,
211,인제,2022-08-16,26.2,23.2,30.5,,1.9,73.6,,
211,인제,2022-08-17,23.8,19.9,29.5,.2,1.4,81.1,4.5,
211,인제,2022-08-18,23.7,19.5,28.7,,.9,80.9,5.5,
211,인제,2022-08-19,23.9,21.3,25.9,5,1.6,87.6,0,
211,인제,2022-08-20,25.2,20.2,30,,1.6,82.1,5.3,
211,인제,2022-08-21,24,19.3,31.8,,1.2,79.1,9,
211,인제,2022-08-22,24.8,21.2,29.3,,1.2,82,2.2,
211,인제,2022-08-23,24.1,19.7,30.3,,1.7,74.3,5.3,
211,인제,2022-08-24,21.8,18,26.5,,1.5,75.6,1.8,
211,인제,2022-08-25,20.5,18.4,23.4,1.2,.8,88.6,0,
211,인제,2022-08-26,22.5,18.6,27.7,,1.3,75.5,4.4,
211,인제,2022-08-27,19.4,15,24.9,12.8,1.5,70.1,10.3,
211,인제,2022-08-28,19.2,13.3,27.3,,1.3,73,9,
211,인제,2022-08-29,18.3,16.5,21.5,.9,.7,83.4,0,
211,인제,2022-08-30,17.9,16.7,19.1,25.7,.7,95,0,
211,인제,2022-08-31,19.5,16.2,23.3,2.5,1.3,85,.2,
211,인제,2022-09-01,20.2,16.3,29,,1,80.6,7.3,
211,인제,2022-09-02,19.8,13.8,27.6,,1.7,76.3,9.6,
211,인제,2022-09-03,20.2,15.1,26.5,,1.8,73.6,5.4,
211,인제,2022-09-04,20.2,17.5,23.5,25.5,1.2,90.8,0,
211,인제,2022-09-05,19.4,17.2,23.5,149,1.7,95.5,0,
211,인제,2022-09-06,19.1,13.8,25.1,51.6,1.8,79.6,3.9,
211,인제,2022-09-07,18.1,12.4,26.7,,.9,78.5,10.2,
211,인제,2022-09-08,19.3,14,28.4,,1.1,80.9,8.4,
211,인제,2022-09-09,18.9,14.1,29.3,,1.2,74.3,9.5,
211,인제,2022-09-10,19.2,12.4,26.7,,1.4,76.5,5.9,
211,인제,2022-09-11,21.5,17.7,25.9,,1.1,78.3,1.9,
211,인제,2022-09-12,21.8,18.1,28,,.9,81.3,6.2,
211,인제,2022-09-13,21.8,18.5,25.6,,1.2,80.4,0,
211,인제,2022-09-14,22.5,19.9,26.2,,3.1,67.1,3.4,
211,인제,2022-09-15,22.1,18.7,27.2,,2,74.6,7.5,
211,인제,2022-09-16,23,18.9,30.9,,1.3,79.5,4.5,
211,인제,2022-09-17,24.1,21.2,29.6,.5,.7,86.6,3.6,
211,인제,2022-09-18,23.8,21.5,27.5,0,1.9,80.9,.3,
211,인제,2022-09-19,19.9,16.4,22.9,,3.1,73.8,.2,
211,인제,2022-09-20,15,11,21,,1,79.5,6.4,
211,인제,2022-09-21,15.7,11.2,23.6,,1.4,72.9,8.5,
211,인제,2022-09-22,16.2,11.7,23.4,,1,75,7.4,
211,인제,2022-09-23,16.1,10.9,22.8,.5,2.1,69.4,4.8,
211,인제,2022-09-24,14.5,8,22.8,,1.1,72.3,9.4,
211,인제,2022-09-25,14.8,9.8,23.7,,.8,76.9,6.1,
211,인제,2022-09-26,15.6,10.6,24.4,,.7,77.3,7,
211,인제,2022-09-27,16.8,10.9,27.5,,1.2,76.1,7.8,
211,인제,2022-09-28,15.4,9.5,24.4,,1,82.1,6.1,
211,인제,2022-09-29,17,12.6,26.2,,.8,81,6.7,
211,인제,2022-09-30,16.8,12.5,26.3,,.8,80.4,6.5,
212,홍천,2022-05-20,18.8,11.1,26,,1,53.5,9.5,
212,홍천,2022-05-21,19.1,11.9,26.5,,1.3,62.3,9.5,
212,홍천,2022-05-22,18.7,12.8,24.9,,.9,72.5,3,
212,홍천,2022-05-23,21.1,13.6,29.4,,.8,68.9,8,
212,홍천,2022-05-24,22,14.1,30.7,,1,56.3,12,
212,홍천,2022-05-25,20,12.5,28.1,3.3,1.4,63,9.9,
212,홍천,2022-05-26,18.1,12,23.2,2.6,1.7,54.6,9.7,
212,홍천,2022-05-27,19,15.2,24.5,,1.9,57.3,4,
212,홍천,2022-05-28,20.1,10.9,30.2,,1.3,61,11.3,
212,홍천,2022-05-29,20.3,11.4,29.1,,1,57.1,11.6,
212,홍천,2022-05-30,18.9,14.5,23.8,0,1.2,71.1,0,
212,홍천,2022-05-31,18.8,11.4,27.4,,1.5,50.5,9.8,
212,홍천,2022-06-01,19.4,9.1,29.3,,1.3,40.9,12.9,
212,홍천,2022-06-02,20.2,9.8,28.5,,1.2,53.1,12.4,
212,홍천,2022-06-03,22.6,14.1,32.2,,1.3,57.3,12.7,
212,홍천,2022-06-04,22.6,15.9,29,,1.4,60.4,8.1,
212,홍천,2022-06-05,19.3,16.9,22.8,.7,.9,74.5,0,
212,홍천,2022-06-06,16.5,12,20.7,18.7,1.3,76.9,2.5,
212,홍천,2022-06-07,16.9,10.2,22.5,,1.3,66.9,3.1,
212,홍천,2022-06-08,18.7,12.7,25.3,,1.2,60.1,6.6,
212,홍천,2022-06-09,18.3,14.4,23.5,.1,1.1,76.4,.8,
212,홍천,2022-06-10,20,16.1,25.9,0,1.1,73,3.2,
212,홍천,2022-06-11,21.2,15,30.1,0,1.4,65.8,8.3,
212,홍천,2022-06-12,21.6,13.4,29.2,,1.2,63.6,8.7,
212,홍천,2022-06-13,21.4,18.2,27.7,5.4,1.5,64.8,4.7,
212,홍천,2022-06-14,18.9,13.4,24.4,0,2.4,60.9,4.7,
212,홍천,2022-06-15,16.2,13.4,18.4,26.9,.7,92.5,0,
212,홍천,2022-06-16,19.2,16.2,23.9,6.6,1.1,81.4,2.8,
212,홍천,2022-06-17,21.3,14.9,28.2,,1.1,76.8,8.1,
212,홍천,2022-06-18,23.3,18.9,27.3,,1,76.4,4.5,
212,홍천,2022-06-19,22.9,20.4,27,,.8,80.3,.3,
212,홍천,2022-06-20,25,20,30.9,,.9,71.8,9.2,
212,홍천,2022-06-21,26,19.3,33.7,,1.1,65.8,11.7,
212,홍천,2022-06-22,25.6,20.4,31.9,,1.1,68.8,8.2,
212,홍천,2022-06-23,24.1,19.5,28.7,59.7,1.3,83.5,.8,
212,홍천,2022-06-24,24.2,21.2,27.2,9.7,1.7,78.3,4.5,
212,홍천,2022-06-25,25.3,18.7,31.9,,1.2,73.5,6.5,
212,홍천,2022-06-26,26,24,28.8,0,.9,80,.6,
212,홍천,2022-06-27,26.1,23.4,30,34.7,1.1,82.3,.1,
212,홍천,2022-06-28,26.9,24.6,29.2,5,2.4,74.1,0,
212,홍천,2022-06-29,25.7,23.1,27.7,26.2,2,83.4,.3,
212,홍천,2022-06-30,21.8,20.4,24.3,107.3,.7,96.6,0,
212,홍천,2022-07-01,26,20.4,32.1,,1,77.5,9.6,
212,홍천,2022-07-02,26.5,21.5,33.6,,1,76,9.7,
212,홍천,2022-07-03,27.2,20.8,34.5,,1.1,71.6,10.1,
212,홍천,2022-07-04,26.2,22.7,33.9,10.9,1.1,80.8,6.4,
212,홍천,2022-07-05,26,22.6,32.8,0,1,82.8,3.4,
212,홍천,2022-07-06,27.4,22.6,32.4,,1,76.9,3.5,
212,홍천,2022-07-07,27.8,23.9,32.2,1.5,1.4,78,2.5,
212,홍천,2022-07-08,25.5,24.2,28.9,1.8,1.1,83,1.8,
212,홍천,2022-07-09,26.5,23.6,31.4,.3,.9,81.5,4.5,
212,홍천,2022-07-10,27.9,22.6,33.9,14.1,1,75.1,7.3,
212,홍천,2022-07-11,24.6,21.9,30.1,22.6,1.1,81,2.6,
212,홍천,2022-07-12,25,19.3,30.3,,1,73.4,6.1,
212,홍천,2022-07-13,22.8,22.2,23.6,55.9,1,91.1,0,
212,홍천,2022-07-14,24.5,21.3,29.7,5.7,.9,85.3,3.6,
212,홍천,2022-07-15,24,19.7,30.6,19.3,1,79.4,6.6,
212,홍천,2022-07-16,22.5,19.4,26.9,1.3,.9,88.5,2.2,
212,홍천,2022-07-17,23.9,21,28.3,.4,.9,84.9,1.5,
212,홍천,2022-07-18,25,21.7,29.9,,1,79.1,2.8,
212,홍천,2022-07-19,25,21.6,31.7,6.6,.8,83,4.7,
212,홍천,2022-07-20,25.5,22,30.2,.7,.9,78.6,3.8,
212,홍천,2022-07-21,21.9,20.3,24,38.9,1.1,92.6,0,
212,홍천,2022-07-22,23.1,20.4,27.6,2.9,.7,86.3,3.2,
212,홍천,2022-07-23,23.4,21,27.6,25.3,.9,86.4,.6,
212,홍천,2022-07-24,23.9,21.3,27.7,10.4,.9,88.4,1.3,
212,홍천,2022-07-25,26.5,22.6,32.3,,.9,76.1,10.1,
212,홍천,2022-07-26,26.8,21.5,33.2,,1,75.1,8.8,
212,홍천,2022-07-27,26.5,22.4,32.6,,.9,71.9,5.8,
212,홍천,2022-07-28,26.8,20.5,33.6,0,1.1,73.5,9.2,
212,홍천,2022-07-29,28.5,23,34.2,0,1.2,72,9.9,
212,홍천,2022-07-30,28.5,23.9,35.6,0,1.3,72.8,8.1,
212,홍천,2022-07-31,25.9,24.4,28.5,8.2,1,88,.1,
212,홍천,2022-08-01,26.9,23.9,31.7,18.7,1.1,86,.9,
212,홍천,2022-08-02,26,24.7,30.2,15.5,.9,92.5,.6,
212,홍천,2022-08-03,25.7,24,28.8,44.7,.6,92.8,.2,
212,홍천,2022-08-04,27.9,24.6,32.3,.1,1,78.5,6.6,
212,홍천,2022-08-05,27.8,24.2,32.5,,1,80.1,5.3,
212,홍천,2022-08-06,28.1,25.2,32.9,,.9,81.8,3.6,
212,홍천,2022-08-07,27.8,25.6,31.9,0,.9,83.5,1,
212,홍천,2022-08-08,25.8,23.5,28,82,1,91,0,
212,홍천,2022-08-09,24.3,22.8,26,152,.8,97,0,
212,홍천,2022-08-10,23.9,21,29.5,54.5,.7,86.9,1.4,
212,홍천,2022-08-11,23.7,21.8,26.3,85.3,.5,92.3,0,
212,홍천,2022-08-12,26.5,22.6,32.2,.2,.8,75.4,10.7,
212,홍천,2022-08-13,24.1,21.5,25.9,1.3,.6,90.9,0,
212,홍천,2022-08-14,26,23.5,30.4,11.5,.8,88.1,1.4,
212,홍천,2022-08-15,26.9,24.2,30,24.6,2.1,82.9,0,
212,홍천,2022-08-16,26.7,22.5,30.7,,1.4,74.9,9.6,
212,홍천,2022-08-17,23.4,19.6,30.2,33.8,1.1,84.1,4.7,
212,홍천,2022-08-18,24,19.7,29.7,,.9,79.8,6.2,
212,홍천,2022-08-19,24.2,20.8,27,20,.7,88,.6,
212,홍천,2022-08-20,26.9,22.9,33.3,,1,79.6,5.9,
212,홍천,2022-08-21,25.5,20.5,32.2,,1.1,75.5,9.7,
212,홍천,2022-08-22,25.2,21.5,29.8,0,.9,79.1,2.1,
212,홍천,2022-08-23,24.3,21,29.8,0,.9,78.1,4,
212,홍천,2022-08-24,22.7,19.5,26.9,,.9,73.3,.6,
212,홍천,2022-08-25,20.4,17.9,23.8,.9,.8,87.3,0,
212,홍천,2022-08-26,22.1,17.5,28.3,,.8,76.8,8.2,
212,홍천,2022-08-27,20.5,15.1,25.1,0,1.3,64.3,11.9,
212,홍천,2022-08-28,20,13.4,27.8,,1,71.1,9.5,
212,홍천,2022-08-29,18.8,17.3,20.9,2.2,.8,87.3,0,
212,홍천,2022-08-30,17.9,16.3,19.1,47.1,.8,96.1,0,
212,홍천,2022-08-31,19.9,17.9,23.2,1,.5,89.3,0,
212,홍천,2022-09-01,20.9,16.4,28.5,,.9,80.8,7.8,
212,홍천,2022-09-02,21.9,15.9,29.2,,1.5,68.4,11,
212,홍천,2022-09-03,21.3,15.3,28,,1.2,70.9,5.4,
212,홍천,2022-09-04,21.2,18.9,24.1,14.2,.9,88.8,0,
212,홍천,2022-09-05,19.7,17.1,23.2,158.6,.7,97.8,0,
212,홍천,2022-09-06,19.1,14.5,25.7,68.5,1.3,82,5.8,
212,홍천,2022-09-07,18.8,12.8,27.2,,.9,76,9.4,
212,홍천,2022-09-08,19.4,13.3,28.9,,.9,75.5,9.3,
212,홍천,2022-09-09,20.4,15.5,29.9,,.9,71.1,9.7,
212,홍천,2022-09-10,19.9,13.3,27.7,,1,70.4,4.2,
212,홍천,2022-09-11,21.2,17.3,26.2,,.6,79.5,.2,
212,홍천,2022-09-12,22,18,27.3,,.7,82,4.4,
212,홍천,2022-09-13,22.2,19.1,27.5,,.8,80.8,.3,
212,홍천,2022-09-14,22.1,18.1,27.9,,1.5,66.9,3,
212,홍천,2022-09-15,22.6,16.3,29.6,,1.1,73.4,6.9,
212,홍천,2022-09-16,24.6,19.6,31.3,0,1.2,74.6,4.2,
212,홍천,2022-09-17,25.2,22.5,30.1,.1,.9,83.8,4,
212,홍천,2022-09-18,24.7,22,28.6,0,.9,80,1.6,
212,홍천,2022-09-19,21,14.8,25.7,0,1.9,70.4,4.6,
212,홍천,2022-09-20,16.7,12.5,22.8,,.9,72.1,7.9,
212,홍천,2022-09-21,16.3,11.4,24.4,,1.1,72.9,9,
212,홍천,2022-09-22,16.1,10.1,23.6,,.9,76.5,7.4,
212,홍천,2022-09-23,15.4,10.7,23.4,1.5,1.4,75.8,4.8,
212,홍천,2022-09-24,14.4,7.9,23.1,,1,73.9,8.6,
212,홍천,2022-09-25,15.6,10,23.4,,.8,74.4,5.6,
212,홍천,2022-09-26,16,11,24.5,,.8,76.3,5.9,
212,홍천,2022-09-27,16.8,11.1,26.6,,.8,78.3,7.2,
212,홍천,2022-09-28,16.2,11.5,23.5,,.6,83.3,3.2,
212,홍천,2022-09-29,16.9,12.6,25.6,,.8,82.6,6.4,
212,홍천,2022-09-30,16.7,12,26.5,,.8,80.8,6.3,
216,태백,2022-05-20,18.5,14.2,24.6,,1.5,37.6,11,
216,태백,2022-05-21,18.8,12.8,24.9,,1.7,47.9,12.1,
216,태백,2022-05-22,18,11.5,25.1,,1.7,63.3,10,
216,태백,2022-05-23,18.6,8.6,28.1,,1,62.4,11.8,
216,태백,2022-05-24,18.9,12.5,28.9,.9,.9,62.9,9.6,
216,태백,2022-05-25,19,9.7,27.5,.2,1.2,61.6,9.9,
216,태백,2022-05-26,15.8,11.2,20.8,.8,2.2,48.9,11.9,
216,태백,2022-05-27,15.2,11.4,19.5,,2,58.3,3,
216,태백,2022-05-28,19.4,8,27.1,,1.5,49.1,12.3,
216,태백,2022-05-29,20.4,12.5,28,,1.5,33.3,12.3,
216,태백,2022-05-30,17.9,11.8,24.1,,1,62.1,2.1,
216,태백,2022-05-31,18.3,10.8,24.6,,1.6,42.4,12.5,
216,태백,2022-06-01,19.5,12.7,27.3,,1.8,30.4,11.8,
216,태백,2022-06-02,19.2,9.6,27.5,,1,39.1,12.2,
216,태백,2022-06-03,15.6,12.2,22,,1.8,79.3,7.7,
216,태백,2022-06-04,16.6,9.6,27.1,,1.4,76.5,8.7,
216,태백,2022-06-05,14.7,12.5,18.7,.7,1.2,80.8,.5,
216,태백,2022-06-06,11.9,9.4,13.9,15.6,2.3,94.1,.1,
216,태백,2022-06-07,9.8,8,12.2,0,1.8,93.9,.1,
216,태백,2022-06-08,11.7,8.1,16.3,,1.2,86.9,2,
216,태백,2022-06-09,14.2,9.6,20.2,3.1,1.1,87.3,2.1,
216,태백,2022-06-10,17.7,10.1,25.4,,.9,78.4,7.1,
216,태백,2022-06-11,14.9,12.5,18.6,,1.5,86.5,1.9,
216,태백,2022-06-12,15.6,9.9,21.8,,1.5,83.4,6.1,
216,태백,2022-06-13,15.3,13,20.3,,1.5,74.9,7,
216,태백,2022-06-14,11.9,9.6,13.7,8.2,2.2,89.4,0,
216,태백,2022-06-15,14.2,10,18.8,11.2,1,88.9,1,
216,태백,2022-06-16,17.1,12.7,21.6,,1.6,71.3,7.3,
216,태백,2022-06-17,20.3,12.4,28,,1.3,67.3,12.7,
216,태백,2022-06-18,22.6,16.2,29.2,,1,67.4,7.5,
216,태백,2022-06-19,23.2,18.6,29.7,,1.1,69.3,8,
216,태백,2022-06-20,21.7,15.7,29.8,,1.1,77.3,9.1,
216,태백,2022-06-21,22.7,16,29,.5,1,76.6,8.7,
216,태백,2022-06-22,23.9,16.6,33.4,,1.1,71.4,10.9,
216,태백,2022-06-23,22.4,16.9,28.8,27.1,2.5,82.6,3.7,
216,태백,2022-06-24,22.3,20.1,25.9,18.5,3.1,73,5.4,
216,태백,2022-06-25,23.8,16.2,29.9,0,2.2,60,12.1,
216,태백,2022-06-26,24.5,21.8,28.3,.3,2.3,72.9,2.7,
216,태백,2022-06-27,23.4,20.9,26.7,83.5,2.1,81.6,2.1,
216,태백,2022-06-28,24.5,21.7,26.7,.7,5.5,70.1,0,
216,태백,2022-06-29,24.5,22.2,26.9,4.6,3.9,73.4,.4,
216,태백,2022-06-30,22.4,19.7,26.8,13.9,1.4,85.8,2.3,
216,태백,2022-07-01,25.1,19.8,31.7,,1.1,70.5,11.8,
216,태백,2022-07-02,24.8,17.7,33,,.7,74,10.1,
216,태백,2022-07-03,25.5,19.3,32.9,,.9,67.6,11.5,
216,태백,2022-07-04,23.3,19.5,28.9,0,.6,81.8,4.9,
216,태백,2022-07-05,22.9,18.7,29.4,,1.2,81.6,7.5,
216,태백,2022-07-06,23,20.6,27.6,3.4,1,88.5,2,
216,태백,2022-07-07,26,21.8,30.2,0,2.2,73.3,5.5,
216,태백,2022-07-08,24.7,20.1,28.8,4.9,1.6,75.5,6.2,
216,태백,2022-07-09,23.6,20.2,28.2,0,1.1,83.1,2.4,
216,태백,2022-07-10,22.5,20.5,27.3,0,1.3,88.6,5.4,
216,태백,2022-07-11,21.1,18.5,26.4,37.2,1.2,90.4,1.7,
216,태백,2022-07-12,19.4,17.6,24.3,.2,1.4,89.5,.6,
216,태백,2022-07-13,20.9,18.6,23.8,34.7,1.5,90.1,.7,
216,태백,2022-07-14,22.9,18.6,27.9,3.1,1.1,83,4.6,
216,태백,2022-07-15,22.1,16.7,28.8,.8,1,75.9,10.3,
216,태백,2022-07-16,20.9,16.3,28.1,0,1,81.9,5.7,
216,태백,2022-07-17,21.5,16.8,26,,1,77.8,5.9,
216,태백,2022-07-18,21,18.3,24.7,1.1,1.1,84.6,1.2,
216,태백,2022-07-19,23.4,18,30,,1,72.8,8.2,
216,태백,2022-07-20,23.6,19.4,28.8,.2,1.1,71,7.8,
216,태백,2022-07-21,19.2,18.5,20.9,33.8,.9,96.4,0,
216,태백,2022-07-22,18.8,17.3,22.9,12.5,1.3,95.3,.9,
216,태백,2022-07-23,20.3,16.3,26.3,4.1,1.1,85.6,3.5,
216,태백,2022-07-24,21.2,18.3,26.5,12.3,1.1,88.8,2,
216,태백,2022-07-25,23.3,19.1,29.8,,1,83.6,8.3,
216,태백,2022-07-26,22.6,18,29.7,,1.1,83.3,8.8,
216,태백,2022-07-27,21.3,14.6,27.7,,1.1,81.4,7.7,
216,태백,2022-07-28,21.3,18.4,25.9,3.3,.6,90.9,2.1,
216,태백,2022-07-29,24.2,20.6,31.7,0,1.2,86,7.6,
216,태백,2022-07-30,22.3,18.7,26.6,0,.7,89.4,2.2,
216,태백,2022-07-31,22.9,21.4,25.6,5,1,90.9,0,
216,태백,2022-08-01,24.7,22.2,27.5,.7,3,79.5,.3,
216,태백,2022-08-02,24.8,22.6,30,.7,2.2,82.4,2.2,
216,태백,2022-08-03,24.1,21.8,26.3,1.8,1.6,80.5,.4,
216,태백,2022-08-04,24,20.1,29.6,0,.8,80.1,8.3,
216,태백,2022-08-05,25.6,20.6,30.4,,.8,75,8.5,
216,태백,2022-08-06,26.2,22.2,31.3,,1,73.6,8.2,
216,태백,2022-08-07,26.7,21.7,31.5,,1.6,74.4,9.8,
216,태백,2022-08-08,24.6,22.9,28,2.1,2.3,79.1,.3,
216,태백,2022-08-09,23.7,22.2,25.5,19.6,2,82,0,
216,태백,2022-08-10,21.9,18.8,24.1,69,1.4,92.8,.1,
216,태백,2022-08-11,22.1,21.1,23.2,32.1,1.5,92.1,0,
216,태백,2022-08-12,24.4,17.9,31.3,,.8,71,10.9,
216,태백,2022-08-13,21.8,15.6,26.1,2.3,.9,85,1.4,
216,태백,2022-08-14,23.2,21,26.7,13.2,.8,91.5,1.3,
216,태백,2022-08-15,24.8,22.1,26.3,.6,3.6,75.4,0,
216,태백,2022-08-16,23.8,20.5,28.9,3.7,1.7,73.9,6,
216,태백,2022-08-17,20.2,18.2,25.3,13,1.1,90.9,2.2,
216,태백,2022-08-18,21.5,17.4,27.9,,.8,81.4,7.2,
216,태백,2022-08-19,22.1,16.8,25.4,10.5,2,78.5,.8,0
216,태백,2022-08-20,21.3,18.4,27,7.8,1.3,94.3,1.3,
216,태백,2022-08-21,21.5,16.8,27.4,,.7,78.3,9.1,
216,태백,2022-08-22,22.5,15.6,28.4,0,1,75,6.8,
216,태백,2022-08-23,20.4,17.6,23.7,3.5,1.3,87.9,.1,
216,태백,2022-08-24,17.5,16,19.1,1.5,.7,85.4,0,
216,태백,2022-08-25,18.6,14.5,22.7,0,.6,78,1.7,
216,태백,2022-08-26,19.5,13.3,24.8,,1,70.3,7,
216,태백,2022-08-27,17.9,11.3,24.6,,1.4,65.3,7.9,
216,태백,2022-08-28,15.5,8.8,22.6,,1.3,78,9.6,
216,태백,2022-08-29,14.7,11.5,18.8,2.1,.6,86.6,0,
216,태백,2022-08-30,15.7,14.1,17.2,60,.3,97.8,0,
216,태백,2022-08-31,16.2,15.1,17.5,26,.9,96.5,0,
216,태백,2022-09-01,17,11.8,23.8,,.7,87.4,4.7,
216,태백,2022-09-02,16.2,10.2,21.7,,1.6,85,2.6,
216,태백,2022-09-03,17,14.9,20.2,.7,1.3,86.3,1.1,
216,태백,2022-09-04,19.4,15.2,23.8,3.6,1,90.8,0,
216,태백,2022-09-05,19.5,15.2,24.7,45,1.6,91.3,0,
216,태백,2022-09-06,17.4,14.6,21.3,83.4,2.9,74,3.2,
216,태백,2022-09-07,17.6,11,25,,1.1,60.8,9.8,
216,태백,2022-09-08,15.9,8.7,24.1,,1.1,78,9.7,
216,태백,2022-09-09,14.8,7.7,23.3,,1,74.4,8.9,
216,태백,2022-09-10,16.1,9.8,22.2,,1.5,80,5.7,
216,태백,2022-09-11,17.5,16.2,20.8,,1.2,86.6,.8,
216,태백,2022-09-12,18.7,15.1,23.9,,.6,85,.5,
216,태백,2022-09-13,18.1,15.5,21.6,,1.1,85.3,1,
216,태백,2022-09-14,17.8,16.1,21,,2.5,83.1,4.6,
216,태백,2022-09-15,18.4,16.1,23.8,,1.7,82.4,8,
216,태백,2022-09-16,19.7,15.4,25,,1,87.4,1.4,
216,태백,2022-09-17,22.6,16.4,29.4,0,.7,82,7.7,
216,태백,2022-09-18,19.9,18.2,22.5,4.1,1.5,92.9,0,
216,태백,2022-09-19,15.9,13,20.3,54,4.6,88,.3,
216,태백,2022-09-20,11.8,9.4,14.4,,1.9,80.9,.9,
216,태백,2022-09-21,11.6,5.7,19.7,,.9,76.5,9.4,
216,태백,2022-09-22,12.7,4.4,21.2,,.8,80.8,8.2,
216,태백,2022-09-23,14.5,10.4,21.9,,1.5,68.4,7.9,
216,태백,2022-09-24,13.5,7.8,21.2,,1.2,59.8,9.6,
216,태백,2022-09-25,12.7,7.5,19.9,,.6,78.4,2.1,
216,태백,2022-09-26,13.8,7.3,23.8,,.6,77,5.2,
216,태백,2022-09-27,13.7,8.2,22,,1.1,83.3,9.4,
216,태백,2022-09-28,13.1,4.7,22.9,,.4,78.5,6.6,
216,태백,2022-09-29,14.2,5.1,26.5,,.6,71.1,8.7,
216,태백,2022-09-30,13.9,4.6,27,,.7,65.4,9.3,
217,정선군,2022-05-20,19.3,12,27.9,,1.5,43.3,9.8,
217,정선군,2022-05-21,19.1,9.6,27.4,,1.9,57.1,9.8,
217,정선군,2022-05-22,18.8,11.9,26.1,,1.5,63.4,6,
217,정선군,2022-05-23,21.6,13.4,30.4,,1.6,55.9,9,
217,정선군,2022-05-24,22.3,13.8,32.6,,.8,50.8,10.6,
217,정선군,2022-05-25,21.8,12.2,30.3,,2,46.1,10.9,
217,정선군,2022-05-26,18.4,13.6,23.5,3.8,3.3,43.8,8.9,
217,정선군,2022-05-27,17.6,14.6,22.3,,2.7,47.5,.6,
217,정선군,2022-05-28,20.2,9.9,29.8,,1.5,48.6,11.2,
217,정선군,2022-05-29,20.2,10.3,29.8,,1.1,38,10.5,
217,정선군,2022-05-30,20,12.8,27.4,0,1.4,44.5,.5,
217,정선군,2022-05-31,20.1,12.3,27.1,,2.3,35.4,11,
217,정선군,2022-06-01,20.1,9.9,30.3,,1.5,29,11.2,
217,정선군,2022-06-02,20.2,9.2,30.6,,1.7,,11.1,
217,정선군,2022-06-03,20.2,12.7,30,,1.6,59.5,11.2,
217,정선군,2022-06-04,20.9,12.9,30.9,,1.2,59.4,8,
217,정선군,2022-06-05,18.9,15.9,23,0,.7,64,.1,
217,정선군,2022-06-06,16.3,13.6,19.2,10.6,2.3,66.4,2.9,
217,정선군,2022-06-07,15.2,10.6,20.7,,1.6,62.9,2.1,
217,정선군,2022-06-08,16.6,12.5,23.7,,1,58.6,3,
217,정선군,2022-06-09,17.4,11.6,24.8,.1,.7,67.3,.7,
217,정선군,2022-06-10,21.1,15,29.1,0,1,58.9,6.4,
217,정선군,2022-06-11,19.4,14.3,25.4,,1.7,61.8,6.6,
217,정선군,2022-06-12,20.1,12.7,29.1,,1.3,57.9,7.2,
217,정선군,2022-06-13,20.5,16.3,26.7,,1.8,51.3,7.3,
217,정선군,2022-06-14,16.2,13.6,19.7,3.5,2.3,65.4,0,
217,정선군,2022-06-15,15.9,12.8,19.1,24.1,.9,83.5,.1,
217,정선군,2022-06-16,17.8,14.8,20.7,.2,.8,77.3,.1,
217,정선군,2022-06-17,20.9,14,30,,1,68.6,7.2,
217,정선군,2022-06-18,23.5,16.9,30,,.9,64.1,6.9,
217,정선군,2022-06-19,24.9,19.6,32,,1.3,63.1,7.7,
217,정선군,2022-06-20,25.3,18.1,33.5,,.9,61.6,10.3,
217,정선군,2022-06-21,27,19.3,35.9,,.8,60.4,9,
217,정선군,2022-06-22,27,20.4,34.9,,1.1,62.6,9.2,
217,정선군,2022-06-23,23.5,19,29.3,57.7,1.6,82.3,2,
217,정선군,2022-06-24,24.5,22.3,27.2,43,2.4,72.4,3.7,
217,정선군,2022-06-25,25.4,20.2,31.8,,2,64.5,8.4,
217,정선군,2022-06-26,26.1,23.9,28.6,,2,72.9,.3,
217,정선군,2022-06-27,25.3,23.4,27.3,13.7,1.3,81.9,.4,
217,정선군,2022-06-28,27.4,24.4,29.3,0,3.6,62.1,.2,
217,정선군,2022-06-29,25.3,22.6,27.4,31.5,3.9,79.3,.1,
217,정선군,2022-06-30,22.6,21.2,25.4,94.5,.5,90.9,.7,
217,정선군,2022-07-01,25.8,20.5,32.6,,1,73.1,9.8,
217,정선군,2022-07-02,26,20.9,34.6,,.7,69.9,8.5,
217,정선군,2022-07-03,26.9,20.3,35,,.6,69.5,10.1,
217,정선군,2022-07-04,26.5,21.9,32.7,0,.5,75.8,5.2,
217,정선군,2022-07-05,27.1,22.7,34.1,,1,68.6,5,
217,정선군,2022-07-06,27.1,23.2,33.4,0,.8,73.3,5.3,
217,정선군,2022-07-07,27.6,23.5,33.1,0,.7,75,3.2,
217,정선군,2022-07-08,26.3,24,30.8,3.3,1.2,76.9,2.5,
217,정선군,2022-07-09,26.7,23.2,31.4,,.6,75.9,3.6,
217,정선군,2022-07-10,27.1,23.3,33.9,8.3,.9,73.4,7.6,
217,정선군,2022-07-11,24.1,20.8,29.4,60.2,.7,83,3.5,
217,정선군,2022-07-12,24.1,20.1,29.8,,1,73,4.9,
217,정선군,2022-07-13,23,21.6,25.6,54.2,.7,85.3,.2,
217,정선군,2022-07-14,24.5,21.7,29.5,2.1,1.2,83.8,2.5,
217,정선군,2022-07-15,24.3,19.3,31.2,1.2,1,74,7.7,
217,정선군,2022-07-16,22.9,19.3,29.2,0,.6,80.4,4.4,
217,정선군,2022-07-17,23.3,20.1,28.1,.6,.6,79.3,2,
217,정선군,2022-07-18,22.9,19.8,29.4,,.4,81.8,2,
217,정선군,2022-07-19,24.8,20.7,31.3,0,.8,75.4,5.6,
217,정선군,2022-07-20,25.6,21.4,31.1,.5,.9,71.4,5.8,
217,정선군,2022-07-21,21.5,20.1,23.2,28.2,.5,89.1,0,
217,정선군,2022-07-22,21.8,20.3,25.2,14.3,.3,86.6,.3,
217,정선군,2022-07-23,23.2,19.8,28.1,15.9,.5,80.1,2.5,
217,정선군,2022-07-24,24.2,20.4,30.1,16.1,.4,81.1,2.3,
217,정선군,2022-07-25,26.3,22,33.4,,.6,74.3,8.3,
217,정선군,2022-07-26,26.2,21.1,34.1,,.8,70.4,7.9,
217,정선군,2022-07-27,24.6,19.1,32.1,,1,71.3,6.8,
217,정선군,2022-07-28,26.1,20.5,31.8,0,.7,73.8,5.9,
217,정선군,2022-07-29,27,22.5,35.3,13.9,.7,76,8.4,
217,정선군,2022-07-30,27.2,22.8,33.2,0,.9,73.9,6,
217,정선군,2022-07-31,24.8,23.6,27.8,14.4,.3,88.3,0,
217,정선군,2022-08-01,25.2,23.4,28.8,5,.9,89.5,.2,
217,정선군,2022-08-02,26.3,23.7,29.7,2.5,1.8,83.1,1.5,
217,정선군,2022-08-03,25.3,23.7,28.8,19.8,1.4,86.3,.5,
217,정선군,2022-08-04,26.5,23.4,32.3,1.5,.7,79.4,5.8,
217,정선군,2022-08-05,27.3,23.3,32.8,0,.9,77.8,5.9,
217,정선군,2022-08-06,27.4,23.8,33.5,0,.8,79.5,4.6,
217,정선군,2022-08-07,28,24.2,33.2,0,1.1,77.3,2.9,
217,정선군,2022-08-08,25.8,24.2,28.3,20.9,3.5,81.6,0,
217,정선군,2022-08-09,24.3,22.9,26.2,78.2,3,87.6,0,
217,정선군,2022-08-10,22.5,20.6,23.9,99,.7,92.3,0,
217,정선군,2022-08-11,22.9,21.9,24.1,55,1.5,91.4,0,
217,정선군,2022-08-12,25.1,20.3,32.6,,.9,79.5,8.8,
217,정선군,2022-08-13,22.7,20.1,25.8,3.3,.5,89.5,0,
217,정선군,2022-08-14,25.2,21.7,31.3,6,.8,84.5,2.2,
217,정선군,2022-08-15,26.3,23.4,28.1,6.1,5,75.9,0,
217,정선군,2022-08-16,25.7,21.1,31.7,.3,1.7,74.4,6.2,
217,정선군,2022-08-17,23.9,20.3,31,33.7,.9,78.1,4.9,
217,정선군,2022-08-18,23.7,20.1,29.5,,.6,77.5,6.4,
217,정선군,2022-08-19,23.4,20,26,26.9,1.6,82.4,.1,
217,정선군,2022-08-20,25.1,21.1,31,6.7,1.2,80.5,2.9,
217,정선군,2022-08-21,24.9,20.6,33.2,,.7,72.6,7.7,
217,정선군,2022-08-22,24.3,20.3,30.3,0,.9,78.3,4.2,
217,정선군,2022-08-23,22.9,21.2,25.1,0,.7,81.1,0,
217,정선군,2022-08-24,21.8,18.5,24.1,,.9,69,0,
217,정선군,2022-08-25,20.4,17.8,24.3,0,.7,80,.5,
217,정선군,2022-08-26,21.2,15.5,28.8,,.9,75.9,7.9,
217,정선군,2022-08-27,19.9,14.2,26.6,1.4,1.2,67.9,8.5,
217,정선군,2022-08-28,19.5,13.2,27.7,,1.1,68.9,8.7,
217,정선군,2022-08-29,17.4,15.7,19.8,1.6,.5,86.8,0,
217,정선군,2022-08-30,17.3,15.8,18.4,80.8,.2,93,0,
217,정선군,2022-08-31,19,16.4,22.4,14.6,.7,87.6,.1,
217,정선군,2022-09-01,19.4,15.8,26.8,,.5,81.5,4,
217,정선군,2022-09-02,19.6,14.6,26.1,,1.6,72.8,3.5,
217,정선군,2022-09-03,20.1,16.7,25,0,1.1,72.1,1.3,
217,정선군,2022-09-04,21.3,18.2,25,2.8,.9,85.3,0,
217,정선군,2022-09-05,21,17.7,24.1,41.9,1.1,89.1,0,
217,정선군,2022-09-06,18.6,15.3,23.5,52.3,2.1,81.8,1.4,
217,정선군,2022-09-07,18.3,12.6,27.7,,.7,74.6,9.2,
217,정선군,2022-09-08,18.9,13.3,29,,1.2,74.4,7.1,
217,정선군,2022-09-09,18.8,13.1,28.3,,1.4,66.8,8.1,
217,정선군,2022-09-10,18.2,11.8,26.1,,1.4,71.1,3.5,
217,정선군,2022-09-11,20.3,17,25.4,,1,76.6,1.4,
217,정선군,2022-09-12,20.9,17.7,26.1,0,.4,82.9,.6,
217,정선군,2022-09-13,22,19,26.1,0,1.4,73.1,.4,
217,정선군,2022-09-14,22.2,20,26.8,,2.5,60.8,4.5,
217,정선군,2022-09-15,22.5,18.9,27.7,,1.8,65.8,6.9,
217,정선군,2022-09-16,22,17.6,29.4,0,.6,79.6,3.5,
217,정선군,2022-09-17,24.8,19.8,32.2,0,.7,75.8,7.9,
217,정선군,2022-09-18,24,21.8,27.9,.2,2,75.5,0,
217,정선군,2022-09-19,20.7,17.3,24.7,.1,3.9,64.4,1,
217,정선군,2022-09-20,15.5,10.8,20.4,0,1.4,67.9,2.8,
217,정선군,2022-09-21,15.1,10.7,23.3,,.9,72.8,6.2,
217,정선군,2022-09-22,14.8,8.8,22.2,,.8,72.3,5.3,
217,정선군,2022-09-23,15.9,12.2,23.3,0,1.8,69.6,4.2,
217,정선군,2022-09-24,15.2,8.5,23.5,,1.1,65.4,8.8,
217,정선군,2022-09-25,14.7,10,22.5,,.6,75.6,2.2,
217,정선군,2022-09-26,16.1,11.7,25.6,,.5,75.6,5.3,
217,정선군,2022-09-27,17.7,12.6,27.8,,1,71.6,6.7,
217,정선군,2022-09-28,16.2,11.5,22.5,,.8,77.5,3.6,
217,정선군,2022-09-29,16.9,12.8,26.5,,.8,78.1,4.7,
217,정선군,2022-09-30,16.4,11.7,27.3,,.8,77.5,5.6,
221,제천,2022-05-20,17.5,10,25.3,0,1.1,56.1,8.4,
221,제천,2022-05-21,18.4,10.2,25.7,,1.6,66.1,11.3,
221,제천,2022-05-22,18.7,10.9,26.5,,1.4,73,8.9,
221,제천,2022-05-23,21,12.5,29.1,,1.2,66.6,11.5,
221,제천,2022-05-24,21.2,12.7,30.4,,1.1,57.1,12.8,
221,제천,2022-05-25,20.5,11.9,28.1,0,1.7,59.4,11,
221,제천,2022-05-26,17.3,11.2,22.7,5,2.1,58.5,11.6,
221,제천,2022-05-27,17.7,11.7,24.3,,2.2,60.3,4.9,
221,제천,2022-05-28,19,9.3,27.9,,1.4,61.8,12.8,
221,제천,2022-05-29,19.8,9.3,28.9,,.9,55.9,13,
221,제천,2022-05-30,19.7,15.9,25.3,0,1.3,68.8,.4,
221,제천,2022-05-31,19.3,10.5,26.4,,1.9,50.6,13.2,
221,제천,2022-06-01,19.6,9.8,29.1,,1.5,45.3,13.4,
221,제천,2022-06-02,19.6,8.7,28.5,,1.4,56.3,13.3,
221,제천,2022-06-03,22.2,13.2,31.1,,1.4,60.6,11.1,
221,제천,2022-06-04,21.4,14.1,28,,1,64.6,7.9,
221,제천,2022-06-05,18,15.7,21,7,1,76.1,0,
221,제천,2022-06-06,16.4,10.8,20.3,4.1,1.5,80,1.8,
221,제천,2022-06-07,15.4,8.9,22.7,,1.4,71.3,4.6,
221,제천,2022-06-08,17.1,13.5,22.4,,1,69.9,3.4,
221,제천,2022-06-09,17.9,12.7,24.5,3.1,.7,82,3.5,
221,제천,2022-06-10,20.3,14,27.9,0,1.1,75.1,7.6,
221,제천,2022-06-11,19.5,13.8,29.1,26.3,1.1,75.8,5.1,
221,제천,2022-06-12,20.5,13.3,27.4,,1,68.1,8,
221,제천,2022-06-13,21.2,16.9,26.3,,1.9,58.5,9.8,
221,제천,2022-06-14,16.6,14.6,20.6,2.8,2.9,74.9,.8,
221,제천,2022-06-15,16.3,13,20.5,21,.8,93.5,.9,
221,제천,2022-06-16,17.9,13.9,21.8,0,1.4,83.8,2.4,
221,제천,2022-06-17,20.3,12.4,28.2,,1,80.1,10.1,
221,제천,2022-06-18,23.5,18.3,28.6,,1.2,77,6.2,
221,제천,2022-06-19,23.3,19.9,27.1,,1.1,78.4,.1,
221,제천,2022-06-20,24.3,18,31,,.9,77.3,9.7,
221,제천,2022-06-21,26.5,18.8,34.3,,.9,66.1,13,
221,제천,2022-06-22,25.8,20.3,32.7,,1.3,70.5,10.8,
221,제천,2022-06-23,23.3,18.9,28.7,47,1.2,90.6,.8,
221,제천,2022-06-24,23,21.2,26.6,24.1,2.3,85.4,1.1,
221,제천,2022-06-25,24.9,19.1,31.3,0,1.4,77.8,6.4,
221,제천,2022-06-26,25,22.6,28.5,2.5,.8,86.5,.5,
221,제천,2022-06-27,25.1,22.6,28.8,2.2,.6,90.6,.7,
221,제천,2022-06-28,27.3,23.7,30.2,,2.1,69.5,.5,
221,제천,2022-06-29,24.9,22.6,28.1,46.3,1.5,90.8,.4,
221,제천,2022-06-30,22.1,20.3,24.8,87.5,.9,98.8,.1,
221,제천,2022-07-01,25.9,21.2,32,,.9,82.5,10.1,
221,제천,2022-07-02,26.2,20.2,33.6,,.8,77.8,10.9,
221,제천,2022-07-03,27,21.1,33.2,,.8,75.3,11.7,
221,제천,2022-07-04,26.7,22.6,33.6,1,.9,83,7.1,
221,제천,2022-07-05,26.8,22.9,32.5,,.9,80.6,5.1,
221,제천,2022-07-06,27,23,31.2,0,.9,83.4,5,
221,제천,2022-07-07,27.1,23.9,31.6,3.1,1.1,84.3,3.9,
221,제천,2022-07-08,26,24.2,30.1,13.6,1.2,84.1,2.9,
221,제천,2022-07-09,25.9,23.2,30,0,1.5,87.1,3.4,
221,제천,2022-07-10,26.3,21.7,32.9,39.2,1,82.8,8.8,
221,제천,2022-07-11,23.3,20.8,26.9,51.4,1,91.9,.8,
221,제천,2022-07-12,24.3,19.1,28.1,,1,84.1,4.7,
221,제천,2022-07-13,22.4,21.6,24.3,112.3,.8,94.4,0,
221,제천,2022-07-14,24.2,21,28.6,4.1,1.5,90.4,2.7,
221,제천,2022-07-15,24.1,19.6,29.1,,1.5,82.1,9.2,
221,제천,2022-07-16,22.6,18.9,27.2,,.9,87,3.2,
221,제천,2022-07-17,23.2,19.8,28.3,0,1.1,87.5,3.3,
221,제천,2022-07-18,22.4,19.8,26.5,.8,.7,91.9,1.3,
221,제천,2022-07-19,24.3,20,29.9,,1,83.1,4.1,
221,제천,2022-07-20,25.2,21.1,30.2,1.2,1.1,81.4,6.6,
221,제천,2022-07-21,21.5,19.9,23,25.5,1.7,97.3,0,
221,제천,2022-07-22,22.2,20.1,27.1,16.2,1.2,92.9,1.8,
221,제천,2022-07-23,22.5,19.5,26,21.1,.9,90.9,.6,
221,제천,2022-07-24,24.1,20.6,27.6,8.1,1,89.1,1.5,
221,제천,2022-07-25,25.5,21.5,31,,1.1,83.1,10.4,
221,제천,2022-07-26,25.8,20,32.5,,.9,81.1,10.7,
221,제천,2022-07-27,24.4,21,29.3,,1.1,81.8,7.5,
221,제천,2022-07-28,25.3,19.4,30.4,,1,83.9,9.1,
221,제천,2022-07-29,26.9,21.4,33.6,0,.8,80.3,9.4,
221,제천,2022-07-30,26.4,22.2,31.4,0,1.2,83.4,5.8,
221,제천,2022-07-31,24.9,24,27.1,13.3,1.4,94.3,0,
221,제천,2022-08-01,25.8,23.6,28.9,13.1,1.2,92.5,.2,
221,제천,2022-08-02,26,24,29.5,8.4,1,93.3,1.4,
221,제천,2022-08-03,,23.8,28.1,2.2,.7,,.2,
221,제천,2022-08-04,26.9,23.6,31.8,2.4,1,84.4,8.4,
221,제천,2022-08-05,26.9,22.6,31.4,0,1.1,87.1,5.9,
221,제천,2022-08-06,27.1,24,31.4,,1,87.4,5,
221,제천,2022-08-07,27.5,24.1,32.1,.1,1.1,89,3,
221,제천,2022-08-08,25.2,22.9,27.1,30.4,1,92.3,0,
221,제천,2022-08-09,24.7,23.3,26.8,57.7,1.1,96,0,
221,제천,2022-08-10,23.1,22,25,96.3,.9,99.1,0,
221,제천,2022-08-11,23.2,22.8,24.1,62.1,1.2,99.6,0,
221,제천,2022-08-12,25,21,30,0,.9,86.5,9.2,
221,제천,2022-08-13,23.2,20.3,25.5,7.3,.4,97.3,0,
221,제천,2022-08-14,24.4,23,26.5,37.6,.5,98.8,.2,
221,제천,2022-08-15,25.8,23.4,28.9,8.2,1.7,89,.3,
221,제천,2022-08-16,24.9,20.5,29.5,0,1.8,82.9,7.3,
221,제천,2022-08-17,23.3,19.3,29,.4,1.1,86.6,5.5,
221,제천,2022-08-18,22.9,19.2,28.6,,.7,86.4,5,
221,제천,2022-08-19,23.3,19,25.9,16,.9,93.8,.2,
221,제천,2022-08-20,26,23.4,31.2,54.8,1.4,86.6,5.7,
221,제천,2022-08-21,24.9,20.8,30.8,,.8,82.3,8.5,
221,제천,2022-08-22,23.8,18.5,28.9,0,.7,88.4,5.2,
221,제천,2022-08-23,22.7,20.4,24.1,2.9,.5,94.6,0,
221,제천,2022-08-24,21.4,17.9,24.5,,1.5,80.5,.3,
221,제천,2022-08-25,19.6,16.6,23.1,.2,.6,90.8,.1,
221,제천,2022-08-26,20.5,16,26.9,,.8,85,6.3,
221,제천,2022-08-27,19.6,13.2,25.3,0,1.3,71.1,10.7,
221,제천,2022-08-28,18.6,10.8,26.8,,.8,76.8,12.1,
221,제천,2022-08-29,17.8,15.8,19.3,2.9,.6,95.8,0,
221,제천,2022-08-30,17.5,15.9,18.5,69.8,.8,100,0,
221,제천,2022-08-31,19.6,15.6,24.2,12.5,.8,91.4,2.3,
221,제천,2022-09-01,20.1,15.2,26.9,,.5,87.6,7.5,
221,제천,2022-09-02,20.6,14.9,26.2,,1.9,76.1,5.5,
221,제천,2022-09-03,21.2,17.1,26.1,,2.4,70.5,3.7,
221,제천,2022-09-04,21.9,18.2,26.2,1.2,1.2,90.3,.2,
221,제천,2022-09-05,21.3,17.8,24,58,1.5,99.1,0,
221,제천,2022-09-06,18.7,13.8,24,31.9,2.1,87,4.2,
221,제천,2022-09-07,18,11.6,26.4,,.8,80.8,10.4,
221,제천,2022-09-08,18.7,11.1,28.4,,.5,80.3,10.6,
221,제천,2022-09-09,18.7,12.7,27.2,,1.2,74.8,9.7,
221,제천,2022-09-10,19.1,12.4,25,,1.2,71.4,4.3,
221,제천,2022-09-11,21.2,17.4,26.2,0,1.2,79.1,2,
221,제천,2022-09-12,20.7,17.9,25.5,.9,.5,91.1,.7,
221,제천,2022-09-13,22.2,19,26.4,.5,1.6,78.5,.5,
221,제천,2022-09-14,21.9,18.7,26.4,,3.1,62.9,3.6,
221,제천,2022-09-15,22.2,16.7,28.5,,1.6,77.1,9.5,
221,제천,2022-09-16,22.2,17.9,27.9,,1.1,87,3.4,
221,제천,2022-09-17,24.8,19,31.2,0,.5,83.4,8,
221,제천,2022-09-18,24.7,21.9,28.9,1.2,1.7,82,1.8,
221,제천,2022-09-19,21.1,14.2,26.9,,2.3,71.1,4.8,
221,제천,2022-09-20,15.4,10.3,21.7,,.6,76.9,5.7,
221,제천,2022-09-21,14.4,8.9,22.7,,.9,78.1,8.6,
221,제천,2022-09-22,14.6,7.3,22,,.4,80.4,7.5,
221,제천,2022-09-23,14.7,8.7,23.7,0,1.4,78.5,8.7,
221,제천,2022-09-24,14.2,6.2,22,,.7,77.1,10.3,
221,제천,2022-09-25,14.5,9.4,22.8,,.5,82.5,3.2,
221,제천,2022-09-26,15.7,10,25.2,,.5,83.4,7.3,
221,제천,2022-09-27,16.1,8.4,26.7,,.5,79,10.5,
221,제천,2022-09-28,15.5,9.9,23.8,,.6,86.6,6.3,
221,제천,2022-09-29,16.2,10,25,,.6,87.6,6.6,
221,제천,2022-09-30,16.4,10.4,26,,.6,87.9,6.5,
226,보은,2022-05-20,18.2,10.7,25.7,,.8,59.3,11.4,
226,보은,2022-05-21,19.5,12.1,26.2,,1.3,67.4,10.9,
226,보은,2022-05-22,20,12.5,27.4,,1.1,70.4,12.4,
226,보은,2022-05-23,21.2,13.4,29.1,,.9,67.3,10.7,
226,보은,2022-05-24,21.5,12.6,30,,1,58.1,12.5,
226,보은,2022-05-25,20.8,12.9,27.5,,1.2,60.9,10.1,
226,보은,2022-05-26,17.8,12.8,24.2,4.2,1.4,61.4,12,
226,보은,2022-05-27,19,11.7,25.5,,2.1,59.8,11.4,
226,보은,2022-05-28,19.3,10.7,28.5,,1,59.3,12.7,
226,보은,2022-05-29,20.7,11,29.4,,.7,57.6,12.1,
226,보은,2022-05-30,20.4,18.4,24.2,0,1.5,70.1,.7,
226,보은,2022-05-31,19.3,10.9,27.2,,1.2,53.9,12.2,
226,보은,2022-06-01,20.2,10.9,30.3,,1.1,48.3,12.8,
226,보은,2022-06-02,20.5,10.1,28.6,,1.1,61.9,12,
226,보은,2022-06-03,23.8,17.4,31.5,,1.1,56.3,11.5,
226,보은,2022-06-04,22.1,15.3,27.4,,2,58.8,8.8,
226,보은,2022-06-05,17.2,16,21.9,10.7,1.6,84.8,0,
226,보은,2022-06-06,17.7,14.3,22.2,6.2,1.1,85.3,3,
226,보은,2022-06-07,15.7,11.5,18.8,.1,1.4,82.3,2.1,
226,보은,2022-06-08,17.8,13.2,23.4,,1.5,73.4,7.4,
226,보은,2022-06-09,19.6,14.6,26,,.9,73,5.2,
226,보은,2022-06-10,21.6,14.5,27.9,,.9,70.6,8.1,
226,보은,2022-06-11,20.7,16.4,28.4,2.7,.8,76.9,4.3,
226,보은,2022-06-12,20.9,13.8,25.7,,1.6,70,8,
226,보은,2022-06-13,20.3,17.5,25.1,,2.4,62,9.8,
226,보은,2022-06-14,16.7,15.3,18.3,8.9,1.8,80.9,0,
226,보은,2022-06-15,18.3,14.2,23.2,20.8,1.3,86.3,2.8,
226,보은,2022-06-16,20.2,15.9,24.9,,1.4,71.5,6.7,
226,보은,2022-06-17,21.5,14.1,27.5,,.8,77.8,9.7,
226,보은,2022-06-18,23.9,20.4,27.4,,1.1,75.5,5.8,
226,보은,2022-06-19,23.4,19.3,27.4,,.8,79.3,3.1,
226,보은,2022-06-20,24.9,19.6,30.6,,.9,76.9,11,
226,보은,2022-06-21,26.5,19.8,33.3,,.8,68.5,9.9,
226,보은,2022-06-22,25.7,19.7,32.6,,.9,68.9,11.8,
226,보은,2022-06-23,24,19.6,27.3,28.4,1.6,88.6,.9,
226,보은,2022-06-24,24.6,22.7,28.1,9.5,1.9,80.1,3.8,
226,보은,2022-06-25,25.8,19.8,31.8,0,1.3,76.4,7.6,
226,보은,2022-06-26,25.6,22.4,29.6,0,.9,85.1,2.3,
226,보은,2022-06-27,26.2,22.9,29.8,2.2,1.6,80.5,.8,
226,보은,2022-06-28,28.2,26.7,30.7,,3.9,65.1,2.3,
226,보은,2022-06-29,27,24.1,29.7,1.5,1.9,76.3,.7,
226,보은,2022-06-30,25.1,23.4,28.5,7.3,.8,93,1,
226,보은,2022-07-01,26.7,22.1,32.6,,.7,80,9.8,
226,보은,2022-07-02,27.4,21.3,33.8,,.7,73.6,10.6,
226,보은,2022-07-03,27.1,22.1,33.4,0,1,73.3,9.2,
226,보은,2022-07-04,26.9,21.7,33.2,0,1.1,79.9,9.4,
226,보은,2022-07-05,26.3,23.2,31.8,0,.8,86.1,2,
226,보은,2022-07-06,27.7,23.2,31.8,0,1.6,79.3,5.7,
226,보은,2022-07-07,27.8,23.8,32.7,0,1.9,78.5,6.2,
226,보은,2022-07-08,26.8,23.5,30.8,1.2,.9,79,3.8,
226,보은,2022-07-09,25,22.9,28.9,,.8,84.1,2.1,
226,보은,2022-07-10,27.2,21.9,33.6,16.1,1,77.8,7.2,
226,보은,2022-07-11,23.6,21.9,26.5,9.7,.7,93.9,1.5,
226,보은,2022-07-12,25,20.7,28.6,,1,86.4,.3,
226,보은,2022-07-13,23,22.4,24.3,17.5,1.8,90.5,0,
226,보은,2022-07-14,25,22.6,29,.5,1.1,87,2,
226,보은,2022-07-15,24.5,20.7,29.6,,1,80.5,8.5,
226,보은,2022-07-16,22,19.6,26.8,11.7,.6,93.3,2.3,
226,보은,2022-07-17,24,20.5,29,,.8,83.3,3.5,
226,보은,2022-07-18,21.3,20.4,22,43.4,.9,98.1,0,
226,보은,2022-07-19,24.1,19.9,29.6,,.7,86.6,2.5,
226,보은,2022-07-20,25.5,21.1,30.7,,.8,81.6,7.5,
226,보은,2022-07-21,22.6,21.6,24.3,19.4,1.5,93.3,0,
226,보은,2022-07-22,23.9,21.3,28.4,3.2,1.1,82.8,4,
226,보은,2022-07-23,23.4,20.3,27.5,14.1,1.5,87.8,2.4,
226,보은,2022-07-24,23.3,21.2,26.1,8.5,.7,95.4,.3,
226,보은,2022-07-25,25.5,21.9,30.8,,.8,83,8,
226,보은,2022-07-26,26,20.6,32.3,,1,79.4,11.4,
226,보은,2022-07-27,25.1,20.7,29.3,,1.5,75.4,10.8,
226,보은,2022-07-28,25.5,19.9,29.7,,1.6,82.1,9.6,
226,보은,2022-07-29,27.6,22.5,32.6,,1.3,76.3,11.7,
226,보은,2022-07-30,26.7,22.2,30.2,0,1.3,79.5,2.8,
226,보은,2022-07-31,25.8,24.3,27.8,15.2,2.1,86.8,.1,
226,보은,2022-08-01,26.7,25.1,29.5,2.6,3.4,83.5,2.3,
226,보은,2022-08-02,26.6,24.4,30.8,3.9,1.3,87.5,2.7,
226,보은,2022-08-03,27.3,24.1,31.9,.4,1,85.1,4.8,
226,보은,2022-08-04,26.8,23.7,31.8,6.8,.9,86.5,6.1,
226,보은,2022-08-05,27,23.8,31.3,11,.9,89.3,4.1,
226,보은,2022-08-06,27.9,24.1,32.6,,.8,83.4,8.5,
226,보은,2022-08-07,28,24.5,32.6,,.9,83.5,3.9,
226,보은,2022-08-08,27,24.8,29.3,0,1.4,79.8,0,
226,보은,2022-08-09,26.7,23.8,28.7,5.5,1.7,81.1,0,
226,보은,2022-08-10,24.7,23.2,27.2,140.7,1.4,95.8,0,
226,보은,2022-08-11,23.6,23.2,24.2,65,1.2,98.1,0,
226,보은,2022-08-12,25.8,21.9,30.9,.4,.8,83.3,9,
226,보은,2022-08-13,24.2,21.4,27.6,14.2,.7,95.1,.1,
226,보은,2022-08-14,25.4,23.2,28.9,5.3,.6,95.1,0,
226,보은,2022-08-15,26.8,23,30.5,1.4,1.5,83.5,1.7,
226,보은,2022-08-16,24.5,22.2,28.2,22.4,1.1,90.4,3.6,
226,보은,2022-08-17,24.9,21.8,29.5,7,1.1,86.9,4.5,
226,보은,2022-08-18,24.4,20.5,29.9,,.7,77.6,7.2,
226,보은,2022-08-19,25.1,20.4,28.5,,1,86.6,.9,
226,보은,2022-08-20,25.9,23.6,29.4,30.8,1.1,91,2.6,
226,보은,2022-08-21,25,21.4,29.8,,1.2,81,11.7,
226,보은,2022-08-22,24.8,19.3,30.5,0,.7,82.8,7.5,
226,보은,2022-08-23,23.1,22.2,24.2,24.5,.5,96,0,
226,보은,2022-08-24,21.9,19.9,23.3,.2,1.7,79.6,.4,
226,보은,2022-08-25,21.7,17.9,26.9,0,.9,86,1.7,
226,보은,2022-08-26,21.5,15.9,27,,.8,80.4,8.2,
226,보은,2022-08-27,20.1,14.4,25.1,,1.3,72.9,9.3,
226,보은,2022-08-28,19.1,12,25.7,,1.2,75,12,
226,보은,2022-08-29,18.1,16.7,20.6,5.9,.6,90.8,0,
226,보은,2022-08-30,18.6,17,20.1,31.2,.5,98.4,0,
226,보은,2022-08-31,20.2,18.6,22.6,12.7,.5,96.3,0,
226,보은,2022-09-01,20.4,17,25.7,,.8,90.1,3.9,
226,보은,2022-09-02,21.1,14.9,26.1,,1.4,78.4,4.3,
226,보은,2022-09-03,21.9,19.5,24.5,,2,75.3,1.4,
226,보은,2022-09-04,22.9,20.6,25.8,.7,2.3,85.9,.2,
226,보은,2022-09-05,22.9,21.6,24.7,37.5,1,97.3,0,
226,보은,2022-09-06,19.1,14.5,24.7,32.8,2.9,85.9,5,
226,보은,2022-09-07,18.8,13.3,26.7,,.8,79.5,9.4,
226,보은,2022-09-08,19.2,12.2,27.6,,.8,80.9,9.7,
226,보은,2022-09-09,20.5,14.5,27.1,,1.2,72.6,9.9,
226,보은,2022-09-10,20.3,16.1,24.4,,1.5,74.6,5,
226,보은,2022-09-11,21.8,17,26.6,,1.2,79.5,7.6,
226,보은,2022-09-12,21.4,19.2,24.7,.5,.7,90.1,.2,
226,보은,2022-09-13,22.7,18.9,27.4,0,.8,78.1,1.2,
226,보은,2022-09-14,23,19.2,27.3,,2,56.8,5.6,
226,보은,2022-09-15,23.3,19.7,27.3,,2.3,70.6,9.2,
226,보은,2022-09-16,23,19,26.5,,2.3,81.8,8.1,
226,보은,2022-09-17,25.4,20.6,30.8,.1,.7,82,8.4,
226,보은,2022-09-18,25.5,22.2,30.9,.1,.8,80.8,1.8,
226,보은,2022-09-19,23.2,14.6,28.6,,2.9,71.1,7.9,
226,보은,2022-09-20,16,11.8,22.2,,.9,76.8,4.6,
226,보은,2022-09-21,15.5,9.2,22.1,,1.3,74.5,11.1,
226,보은,2022-09-22,15.6,8.7,22.9,,.8,78.4,7.4,
226,보은,2022-09-23,15.3,9.9,23.2,0,1.3,78.6,7.6,
226,보은,2022-09-24,15.5,8.8,22.4,,1.1,73.1,9.9,
226,보은,2022-09-25,16.5,12.3,23.1,,.7,78.6,2.7,
226,보은,2022-09-26,16.2,11.9,24.2,,.5,81.5,2.9,
226,보은,2022-09-27,17,9.6,25.4,,1.1,77.6,10.9,
226,보은,2022-09-28,16.4,10.2,23.9,,.5,84.1,4.9,
226,보은,2022-09-29,17.1,12.1,25.6,,.6,86.5,7.3,
226,보은,2022-09-30,17.3,11.6,27.5,,.6,81.3,7.2,
232,천안,2022-05-20,18.7,10.8,26.4,,1,61.3,9.7,
232,천안,2022-05-21,19.6,14.1,26.2,,1.3,74,9.6,
232,천안,2022-05-22,19.8,12.3,27.4,,1.3,74.3,11.9,
232,천안,2022-05-23,22,13.3,29.9,,1.3,64.5,11.7,
232,천안,2022-05-24,20.8,11.9,29.3,,1,58.9,13,
232,천안,2022-05-25,19.7,12.2,26.9,.9,1.3,70.5,10.2,
232,천안,2022-05-26,18,12.4,24.2,5.6,1.7,60.3,11.2,
232,천안,2022-05-27,18.5,11.7,24.6,,1.9,64.4,12.5,
232,천안,2022-05-28,19.6,11.1,28.9,,1.3,62.9,12.4,
232,천안,2022-05-29,20.5,10.6,29,,1,62.5,12.4,
232,천안,2022-05-30,19.8,16.2,24.5,.1,1.1,78.5,.6,
232,천안,2022-05-31,18.8,10.6,27.5,,1.3,55.4,13.2,
232,천안,2022-06-01,20,10.6,30.4,,1.3,48.3,13.1,
232,천안,2022-06-02,19.6,9.7,28.6,,1.2,72.5,13.1,
232,천안,2022-06-03,22.9,15.9,30.8,,.9,70.4,10.7,
232,천안,2022-06-04,22.6,15.6,28.4,,1.5,65.3,7.8,
232,천안,2022-06-05,18.1,15.9,22.1,2.4,2.3,82.9,0,
232,천안,2022-06-06,17.9,15.6,21.6,2.5,1.4,82.5,2.8,
232,천안,2022-06-07,16.7,13,20.9,0,1.6,78.1,2.6,
232,천안,2022-06-08,18.9,12.7,25.6,0,1.2,75.8,5.8,
232,천안,2022-06-09,20.5,16.4,25.4,0,.9,77.8,3.2,
232,천안,2022-06-10,21.5,14.7,27.8,,1.1,73.1,8,
232,천안,2022-06-11,23.1,14.6,30.1,,1.5,65,10,
232,천안,2022-06-12,22.5,16.2,27.8,,1.6,69.9,8.3,
232,천안,2022-06-13,22.5,18.8,26.6,,3,60.6,11.1,
232,천안,2022-06-14,18,15.7,20.9,1.2,3.1,71.6,.5,
232,천안,2022-06-15,18.8,14.3,24.9,17.1,1.7,87.8,2.3,
232,천안,2022-06-16,20.4,16.2,25.4,,1.4,74.5,6.6,
232,천안,2022-06-17,21.3,14.6,26,,.7,82.3,4.3,
232,천안,2022-06-18,23.3,20.1,26.6,,.8,83,2.1,
232,천안,2022-06-19,23.6,20,27.2,,.6,84.5,.7,
232,천안,2022-06-20,25.2,21.2,30.5,,.8,78.3,6.2,
232,천안,2022-06-21,25.5,19.5,33.1,,1.1,74.6,12.5,
232,천안,2022-06-22,25,19.6,32.3,,1,77.5,10.2,
232,천안,2022-06-23,24.1,19.4,29.5,45.3,1.5,92.4,.4,
232,천안,2022-06-24,24.1,20.9,28.1,12,2,86.4,4.2,
232,천안,2022-06-25,26.1,19.3,32.1,,1.3,79.3,6.2,
232,천안,2022-06-26,26.9,24.7,29.6,,1.4,81,1.7,
232,천안,2022-06-27,27.2,24,29.3,1,1.7,82.4,.1,
232,천안,2022-06-28,28.5,26.8,31.2,.1,3.4,70.3,4.1,
232,천안,2022-06-29,25.5,24,29,55.5,1.9,95.6,.7,
232,천안,2022-06-30,25.1,21,30.2,30.9,1.7,90.5,2.7,
232,천안,2022-07-01,26.8,21.9,31.7,,1,80.5,9.5,
232,천안,2022-07-02,27.3,21.5,33.5,,.7,79.4,12.2,
232,천안,2022-07-03,26.8,22.8,33.2,1.9,.8,83,10.2,
232,천안,2022-07-04,26.9,22.5,32.9,2.5,.9,80.8,9.2,
232,천안,2022-07-05,26.9,23.2,32.5,0,.7,88.1,4.1,
232,천안,2022-07-06,28.6,23.5,33.9,,1.3,79.8,5.5,
232,천안,2022-07-07,28.2,24.6,33.4,4,1.6,84.3,3.7,
232,천안,2022-07-08,26.8,24.1,30.9,1,1.5,82.4,5.4,
232,천안,2022-07-09,25.4,23.2,29.6,,.9,90,1.2,
232,천안,2022-07-10,27.2,21.4,33.2,2,.8,81.5,8.3,
232,천안,2022-07-11,23.8,21.8,27.6,13.3,.8,95.6,2,
232,천안,2022-07-12,25.8,21.7,29,,.9,90.5,1.6,
232,천안,2022-07-13,24.3,23.3,26,36.1,1.6,95.5,0,
232,천안,2022-07-14,25.1,23,28.7,2.8,1.3,91.5,2.1,
232,천안,2022-07-15,25,20.9,30,,1.1,81.1,9.2,
232,천안,2022-07-16,23.9,19.5,28.9,.5,.9,85.6,3.4,
232,천안,2022-07-17,24.4,19.7,29.5,,1,85.3,5.1,
232,천안,2022-07-18,22.6,20.4,24.8,8.4,1.5,96.5,.1,
232,천안,2022-07-19,24.1,19.3,29.8,,.9,89.3,2.4,
232,천안,2022-07-20,25.8,21.4,31.4,0,.7,82.3,7.1,
232,천안,2022-07-21,23,22,24.1,22.1,1.4,96.6,0,
232,천안,2022-07-22,24.2,21.1,28.7,.7,1.5,87.5,5.2,
232,천안,2022-07-23,23.5,19.4,27.4,10.3,1.1,90.5,.3,
232,천안,2022-07-24,24.3,22.2,27,2.5,1.2,95,.5,
232,천안,2022-07-25,26,22.5,31,,1,84.6,7.3,
232,천안,2022-07-26,26.9,20.9,33.4,,.8,80.4,11.8,
232,천안,2022-07-27,26,22.8,30.3,,1.6,77.6,6.9,
232,천안,2022-07-28,27.1,21,32,,2,79.9,11.5,
232,천안,2022-07-29,28.8,23.3,34.1,,1.5,76.1,10.9,
232,천안,2022-07-30,28.7,24,32.5,0,2.7,73.4,7.1,
232,천안,2022-07-31,26.5,25,28.6,8.9,2.3,92.6,0,
232,천안,2022-08-01,27.7,24.7,32,16.5,2.5,86.1,2.5,
232,천안,2022-08-02,27.1,25.4,29.6,.3,1.4,92.3,.3,
232,천안,2022-08-03,27.6,25,32,3,1.1,90.8,5.6,
232,천안,2022-08-04,27.7,24.4,31.9,0,.9,87.3,6.4,
232,천안,2022-08-05,27.6,24.2,32.4,0,1,88.9,6.1,
232,천안,2022-08-06,28.3,24.4,33.2,0,.7,87.8,6.6,
232,천안,2022-08-07,28.5,25.4,32.2,,1.1,86.6,2.1,
232,천안,2022-08-08,27.2,26,28.9,9.1,1.7,91.9,0,
232,천안,2022-08-09,26.9,25.2,29.2,18.4,1.5,92.4,.2,
232,천안,2022-08-10,23.7,22.2,27.1,101.5,.9,99,0,
232,천안,2022-08-11,24.7,23.8,25.7,75.6,.9,99,0,
232,천안,2022-08-12,25.6,21.4,31.1,.1,.8,84.1,10.4,
232,천안,2022-08-13,24.5,21.7,26.6,27.7,.7,96.9,0,
232,천안,2022-08-14,25.5,24.3,27.3,14.8,.7,98.1,0,
232,천안,2022-08-15,27.6,25.1,30.8,10.6,2.4,86.5,2.1,
232,천안,2022-08-16,25.6,21.8,30.3,.5,1,86.8,5.9,
232,천안,2022-08-17,24,20.2,29.8,.1,.9,89.6,3.4,
232,천안,2022-08-18,23.3,18.7,29.9,,.7,85.6,6.5,
232,천안,2022-08-19,25.1,19.4,28.5,,1.2,91.5,.3,
232,천안,2022-08-20,26.9,22.3,31.1,3.1,1.3,86.6,7.4,
232,천안,2022-08-21,26,20.9,31.7,,.8,82,10.7,
232,천안,2022-08-22,25.9,22,30.8,,.9,84.6,4.1,
232,천안,2022-08-23,23.5,20.9,25.9,8,.7,98.3,.2,
232,천안,2022-08-24,22.8,19.2,25.8,0,1.8,84.6,1.9,
232,천안,2022-08-25,20.9,17.9,26.3,.5,.6,91.4,0,
232,천안,2022-08-26,21.4,15.5,27.7,,.8,83.4,8,
232,천안,2022-08-27,20.6,15.1,25.1,,1.3,72.1,10.2,
232,천안,2022-08-28,20.1,12.6,27.4,,1,75,12.2,
232,천안,2022-08-29,19.1,17.2,21.1,.9,1.4,89.5,0,
232,천안,2022-08-30,18.9,17.2,20,70,1.3,99,0,
232,천안,2022-08-31,20.5,18.8,22.8,5.9,.6,98,.1,
232,천안,2022-09-01,21.5,17.5,27.9,,.6,85.8,7.4,
232,천안,2022-09-02,22.5,16,28.2,,2.2,73.3,7.9,
232,천안,2022-09-03,23,19.6,27.3,,3.1,72.1,3.3,
232,천안,2022-09-04,23.3,20.7,25.9,4.4,1.7,90.4,0,
232,천안,2022-09-05,21.8,18.5,24.9,76.5,.9,99,0,
232,천안,2022-09-06,19.6,14.7,24.9,50.2,2.1,86.3,5.2,
232,천안,2022-09-07,19.5,14,27.6,,.9,81.1,8.5,
232,천안,2022-09-08,20.1,12.6,28.3,,.6,78.1,11.9,
232,천안,2022-09-09,21.2,15.5,28.3,,1,75.3,9.2,
232,천안,2022-09-10,20.9,16.6,27,,1.7,70.9,6.9,
232,천안,2022-09-11,22.3,17.6,27.4,,1.1,80.6,3.7,
232,천안,2022-09-12,22.7,19.8,26.7,0,.8,90.8,1.3,
232,천안,2022-09-13,23.9,20.5,27.2,0,1.3,82.1,.3,
232,천안,2022-09-14,23.9,20.7,28.3,0,2.8,59.3,2.8,
232,천안,2022-09-15,24.7,21.1,28.6,,3.1,66.6,7.8,
232,천안,2022-09-16,25.2,21.5,30.3,.2,2,78.5,6.6,
232,천안,2022-09-17,25.8,22.3,31.3,0,.9,86,9.2,
232,천안,2022-09-18,26.7,22.4,31.9,0,1.7,79.6,4.8,
232,천안,2022-09-19,24.6,19,28.8,,2.8,63.5,8.6,
232,천안,2022-09-20,17.3,12.8,22.6,,1.1,76,5.3,
232,천안,2022-09-21,16.6,10.1,23.9,,1.1,74.1,11.3,
232,천안,2022-09-22,16.7,10.2,23.5,,.9,77.5,9.4,
232,천안,2022-09-23,15.9,10.9,24,2,1.3,78.3,7.1,
232,천안,2022-09-24,16.1,8.7,23.2,,.9,77.3,10.4,
232,천안,2022-09-25,16.9,12.9,24.1,,.6,81.4,3.1,
232,천안,2022-09-26,17.2,12.6,25.5,,.6,78.4,5.8,
232,천안,2022-09-27,17.5,9.5,26.6,,.6,78.5,10.9,
232,천안,2022-09-28,17.4,11.6,25.2,,.5,84.9,6.3,
232,천안,2022-09-29,17.2,13,24.8,,.5,90.3,5.9,
232,천안,2022-09-30,17.2,11.5,26.9,,.5,85.5,7.2,
235,보령,2022-05-20,18.8,14.2,23.8,,1.4,61.1,8.1,
235,보령,2022-05-21,18.2,13.7,23.5,,1.1,76.5,11.5,
235,보령,2022-05-22,17.8,14.7,20.6,,3.3,80.9,11.2,
235,보령,2022-05-23,18.6,14.9,22.9,,1.7,80,9.6,
235,보령,2022-05-24,20,12.8,28.1,,.8,64.5,11.8,
235,보령,2022-05-25,18.9,13.9,25.8,3.9,1,71.4,8.6,
235,보령,2022-05-26,16.9,12.4,21.6,1.1,1.8,74.4,11.6,
235,보령,2022-05-27,18.5,15.6,22.4,,2.6,73.9,10.8,
235,보령,2022-05-28,21.1,16,26.2,,3.8,61.4,11.1,
235,보령,2022-05-29,20.7,17,25.2,0,1.6,72.1,8.9,
235,보령,2022-05-30,18.8,14.2,23.2,.1,1,78.4,.5,
235,보령,2022-05-31,17.8,10.6,23.3,,1.4,56.8,12,
235,보령,2022-06-01,21,14.3,26.8,,1.9,43,11.9,
235,보령,2022-06-02,19.8,13.9,24.5,,1.5,74.5,10.6,
235,보령,2022-06-03,21.3,18.4,26.1,,1.3,75.5,9.1,
235,보령,2022-06-04,22.6,18.4,27.4,,.9,74.1,7.7,
235,보령,2022-06-05,19.8,17.5,24.5,2.7,1.6,72.8,0,
235,보령,2022-06-06,19.5,16.7,24.7,11.3,1.1,82.3,4.6,
235,보령,2022-06-07,17.2,15.4,18.9,57,1.3,85.8,.4,
235,보령,2022-06-08,18.9,15.9,23.6,,1,82.9,9.4,
235,보령,2022-06-09,20,16.2,25.4,0,.8,77.9,8.3,
235,보령,2022-06-10,21.6,16.3,27.1,,.6,73,8,
235,보령,2022-06-11,23.9,18.1,30.3,,1.1,59.5,9.9,
235,보령,2022-06-12,21.5,18.7,25,,1.8,77.5,9.4,
235,보령,2022-06-13,23.1,18.7,28.3,,1.2,66.9,7,
235,보령,2022-06-14,19.2,16.3,22,1.7,2.4,67.6,0,
235,보령,2022-06-15,19.1,15.8,22.3,17.8,3.1,90.4,2.2,
235,보령,2022-06-16,19.3,16.6,23.3,,1.1,76.5,8.7,
235,보령,2022-06-17,21.9,16.1,25.8,0,2.1,79.8,2,
235,보령,2022-06-18,22.9,20.6,25.3,,2.6,81.3,8.6,
235,보령,2022-06-19,23,20.5,26.7,.1,1.8,86.5,5.3,
235,보령,2022-06-20,23.7,20.2,28.6,,.8,82.4,9,
235,보령,2022-06-21,24.1,20.2,29.3,,.8,80.4,11.5,
235,보령,2022-06-22,23.7,20.6,27.9,,1.2,79.9,8.8,
235,보령,2022-06-23,24,20.5,28.6,14.8,4.9,90.3,.8,
235,보령,2022-06-24,22.6,20.7,24.1,1.6,3.6,91.6,0,
235,보령,2022-06-25,25,21.8,29.1,.2,4,85.6,3.3,
235,보령,2022-06-26,26.1,23.6,28.5,,5.2,81.4,1.2,
235,보령,2022-06-27,27.4,26.1,29.3,.2,6.1,76.3,.9,
235,보령,2022-06-28,27.2,25.8,28.6,,8.3,75.3,.6,
235,보령,2022-06-29,25.1,23.6,28,117.5,6.7,93.1,.2,
235,보령,2022-06-30,26.6,25.1,29.1,.1,5.8,82.3,.4,
235,보령,2022-07-01,27.1,24,31.2,,2,77.8,11.9,
235,보령,2022-07-02,26.4,22.8,31.2,,.7,80.4,10.9,
235,보령,2022-07-03,27.4,24.1,31.7,,.9,75.6,9.6,
235,보령,2022-07-04,27,24.7,31.1,0,.7,78.4,6.2,
235,보령,2022-07-05,26.5,24.1,30.8,0,.5,82.4,4.3,
235,보령,2022-07-06,28.9,23.9,34.8,,1.4,72.3,7.3,
235,보령,2022-07-07,28.1,25.5,32.4,.5,4.2,78.6,2.7,
235,보령,2022-07-08,26,22.6,29.5,0,2.3,84.3,7.9,
235,보령,2022-07-09,25.7,23,30.2,,.6,80.3,10.5,
235,보령,2022-07-10,26.4,22.6,31.6,.3,.8,80,9.8,
235,보령,2022-07-11,25.4,23.5,28.5,6.4,.6,89.5,.5,
235,보령,2022-07-12,26.4,23.8,28.7,0,.5,86.5,1.2,
235,보령,2022-07-13,26.3,24.6,27.6,18.7,3.5,83,0,
235,보령,2022-07-14,24.3,21.4,26.8,.4,.6,89.8,.8,
235,보령,2022-07-15,24.3,20,29.5,,.6,82.4,7.8,
235,보령,2022-07-16,25,21.7,28.8,,1.2,83.1,9.4,
235,보령,2022-07-17,25.3,22.2,29.2,,1.3,82,6.7,
235,보령,2022-07-18,22.9,21.3,25,41.1,1.4,91.5,0,
235,보령,2022-07-19,24.3,20.5,28.4,,.9,88.8,5.4,
235,보령,2022-07-20,26.1,23.1,30.5,12.1,1,84.6,8.1,
235,보령,2022-07-21,23.9,22.4,26.3,23,2.2,88.5,1,
235,보령,2022-07-22,24.7,21.4,28.1,0,.9,80.3,9.3,
235,보령,2022-07-23,24.3,20.3,27.4,10.5,1.7,80.4,1.4,
235,보령,2022-07-24,25,23.7,28.4,2.4,1.4,90,.8,
235,보령,2022-07-25,25.9,23.1,29.5,.2,.5,82.4,10.4,
235,보령,2022-07-26,26.1,21.9,30.7,,1,81.6,8.6,
235,보령,2022-07-27,26.6,23.7,31.3,,.7,83.6,6.9,
235,보령,2022-07-28,28.1,23.3,33.4,,1.1,70.4,10.7,
235,보령,2022-07-29,30.1,24.9,34.7,,1.3,68.5,10.8,
235,보령,2022-07-30,29.9,26.1,33.7,0,1.7,64.8,6.5,
235,보령,2022-07-31,27.8,26.3,29.6,4.1,2.1,76.9,0,
235,보령,2022-08-01,28.4,25.3,33.3,103.5,2.4,80.1,5.3,
235,보령,2022-08-02,27.2,26,28.5,1.5,4.9,87.6,.2,
235,보령,2022-08-03,27.1,25.5,29.8,.4,2.3,92,3.3,
235,보령,2022-08-04,28,25.6,30.9,.9,1.8,88.9,8.2,
235,보령,2022-08-05,28.1,26.8,30.3,0,2.9,90,4.5,
235,보령,2022-08-06,28.3,26.6,31.3,,2.3,88.8,8.9,
235,보령,2022-08-07,28.8,26.8,32.1,,3.3,83.5,5.2,
235,보령,2022-08-08,28.1,27.7,28.8,.1,5.9,85,0,
235,보령,2022-08-09,27.9,27.1,29.5,.5,6.3,86,.4,
235,보령,2022-08-10,25.4,23,27.7,94.4,3,96.6,0,
235,보령,2022-08-11,25.5,24.2,27,154.2,3,96.5,0,
235,보령,2022-08-12,25.4,21.9,29.7,.2,.3,84.6,10.8,
235,보령,2022-08-13,25.9,23.3,28.6,109,1.5,89.4,0,
235,보령,2022-08-14,27.6,26.1,29.4,5.7,4.4,90.5,.2,
235,보령,2022-08-15,27.9,24.3,30.3,35.8,6.8,84.6,1.4,
235,보령,2022-08-16,25.1,22.5,29.6,1.3,.7,88.9,0,
235,보령,2022-08-17,24.6,21.7,29.6,,.6,81.8,.2,
235,보령,2022-08-18,24.9,21.5,29.7,0,.9,77.9,1.2,
235,보령,2022-08-19,26.5,21.4,29,,3.9,85,.6,
235,보령,2022-08-20,26.2,22.7,29.3,2.9,1.2,88.4,0,
235,보령,2022-08-21,25.8,22,30.5,,.7,84,1.7,
235,보령,2022-08-22,26.4,23.1,30.4,,1.6,81.9,1.1,
235,보령,2022-08-23,23.9,20.4,26.2,57.3,.9,94.1,0,
235,보령,2022-08-24,23.7,19.8,27.7,,1.2,80.6,1.1,
235,보령,2022-08-25,22.3,18.6,27.7,0,.9,79.6,2.1,
235,보령,2022-08-26,22.7,17.4,27.2,,1.2,73.4,10.8,
235,보령,2022-08-27,21.4,17.3,25.9,,1.5,64.6,3.1,
235,보령,2022-08-28,22,16.4,27.6,,1.5,61.6,9.9,
235,보령,2022-08-29,20,18.2,22.1,1.7,1.5,74.9,0,
235,보령,2022-08-30,19.9,18.6,20.5,65.3,2.5,93.1,0,
235,보령,2022-08-31,21.6,19.3,25,2.4,1.1,88.1,1.9,
235,보령,2022-09-01,22.7,18.6,28.1,,1.2,79.3,5,
235,보령,2022-09-02,24.4,18.7,29.1,,2.2,63.3,5.5,
235,보령,2022-09-03,25.3,22.1,30.2,0,2.4,64.8,3.6,
235,보령,2022-09-04,25.1,23,28.6,8.6,2.2,78.9,0,
235,보령,2022-09-05,21.1,17.9,23.9,62.2,3.8,94,0,
235,보령,2022-09-06,20.6,17.7,25.6,27.2,2.5,84,4.8,
235,보령,2022-09-07,21,17,25.6,,.9,88.1,9.3,
235,보령,2022-09-08,21.5,16,28.1,,.8,75.8,5.8,
235,보령,2022-09-09,23.4,18.5,28.6,,1,69.6,5,
235,보령,2022-09-10,22.4,17.6,27.1,,.9,67.1,5.5,
235,보령,2022-09-11,22.8,19.6,26.8,,.8,68.6,4.4,
235,보령,2022-09-12,23.2,20.6,27.3,,.9,81.9,.6,
235,보령,2022-09-13,24.8,22.3,26.7,.9,2.2,71.1,.1,
235,보령,2022-09-14,25.5,20.6,28.7,1.6,2.9,46.9,3.4,
235,보령,2022-09-15,27.4,23.3,30.9,,2.4,57.8,3.9,
235,보령,2022-09-16,26.2,23.3,31.5,1.5,1.8,76.5,3.9,
235,보령,2022-09-17,26.1,23.3,30.3,,1.2,80.9,4.2,
235,보령,2022-09-18,26.9,23.1,31.2,0,2.8,74.6,1.6,
235,보령,2022-09-19,23.7,18.5,28.3,,3,65.1,7.3,
235,보령,2022-09-20,19.2,15,24,,1.4,64.3,6.5,
235,보령,2022-09-21,18.1,13.6,25,,.9,69.3,8.1,
235,보령,2022-09-22,18.2,13.5,23.8,,.9,69.5,8.5,
235,보령,2022-09-23,17.4,13.1,22.4,0,1.4,72.8,7.1,
235,보령,2022-09-24,18,12.1,23.6,,.6,73.6,9,
235,보령,2022-09-25,18.5,15,24.8,,.7,76.3,3.3,
235,보령,2022-09-26,18.9,14.8,25.1,,.9,71.5,5.7,
235,보령,2022-09-27,18.7,12.4,25.6,,.8,76.8,9.9,
235,보령,2022-09-28,18.6,14.7,24,,.4,82.9,4.8,
235,보령,2022-09-29,17.2,11.8,23.6,,.8,83.4,7,
235,보령,2022-09-30,18.6,13.7,25.7,,.9,80.3,10,
236,부여,2022-05-20,18.9,12,26.6,,1.1,60,9,
236,부여,2022-05-21,19,12.1,27.2,,1.2,74.1,12.1,
236,부여,2022-05-22,19.4,13.7,25.6,,2.1,76.3,11.2,
236,부여,2022-05-23,21.4,16.5,28.6,,1.4,70.8,8.2,
236,부여,2022-05-24,21.6,13.2,31.1,,1,63.3,10.8,
236,부여,2022-05-25,20.4,13.2,28,.3,1.5,69.9,9.5,
236,부여,2022-05-26,18,12,24.9,2.3,1.5,64.6,12.9,
236,부여,2022-05-27,20.2,13.2,27.3,,2.1,64.4,13.1,
236,부여,2022-05-28,21.3,14.9,28.9,,1.5,58.5,12.4,
236,부여,2022-05-29,22.6,15.4,29.1,0,1,62.8,12.2,
236,부여,2022-05-30,20.3,15.1,24.6,.2,1.4,76.5,.2,
236,부여,2022-05-31,18.9,10.4,27.7,,1.1,56.9,13.2,
236,부여,2022-06-01,20.7,12.1,30.5,,1.3,49.6,13.5,
236,부여,2022-06-02,20.2,11.6,28,,1.3,71.4,13,
236,부여,2022-06-03,22.9,16.9,31.8,,1.1,70.9,8.9,
236,부여,2022-06-04,24.2,18.4,30.1,,.8,63.6,6.4,
236,부여,2022-06-05,18.7,17,22.1,4,1.2,83.5,0,
236,부여,2022-06-06,19.7,16.6,24.7,3.6,1.2,79.4,5.5,
236,부여,2022-06-07,16.8,15.1,18.8,8.7,1.5,86.5,.2,
236,부여,2022-06-08,20.1,15.8,25.9,,1.3,77.3,,
236,부여,2022-06-09,21.4,16,27.3,0,1,73.5,7.7,
236,부여,2022-06-10,22.8,16.1,28.6,,1.2,68.9,7,
236,부여,2022-06-11,23.9,17.5,31.5,5.2,1.3,65.8,9.6,
236,부여,2022-06-12,22.3,17.2,28.1,,1.2,75.9,8,
236,부여,2022-06-13,23,18.6,28,,2,63.3,9.7,
236,부여,2022-06-14,18.4,16,20.7,1.7,2,76.8,0,
236,부여,2022-06-15,19.3,15.5,25,26.3,1.6,86.4,2.8,
236,부여,2022-06-16,20.8,16.4,26,0,1.2,73.3,9.3,
236,부여,2022-06-17,21.8,16.2,27.4,0,.9,82.5,1.3,
236,부여,2022-06-18,23.5,19.5,27.4,,1.4,81.6,6.1,
236,부여,2022-06-19,23.8,20,28.6,,1.1,82.9,3.8,
236,부여,2022-06-20,25.8,19.9,32.6,,1.2,77.3,9.8,
236,부여,2022-06-21,26.8,20.6,34.5,,1.4,73.6,12.7,
236,부여,2022-06-22,25.4,21.3,32.3,,1.4,75,12.1,
236,부여,2022-06-23,24.5,20.8,28.5,16.1,2.1,91.1,1,
236,부여,2022-06-24,23.9,22.7,26.8,3.1,2.4,86,3.3,
236,부여,2022-06-25,26.6,22,31.2,,1.8,79.6,5.6,
236,부여,2022-06-26,27.3,24.9,31.1,.3,2.6,78,.8,
236,부여,2022-06-27,28,25.4,30.2,.1,3.2,76.1,.4,
236,부여,2022-06-28,28.7,27.1,31.7,0,4.8,70.1,2.5,
236,부여,2022-06-29,26.1,23.9,29.3,52,2.9,89.1,0,
236,부여,2022-06-30,27,24,30.9,2.3,2.3,83,2.5,
236,부여,2022-07-01,27.3,22.2,33.4,,1,79,10.4,
236,부여,2022-07-02,28,22.2,34.2,,.9,78.9,12,
236,부여,2022-07-03,28.2,24.2,33.7,,1,76.8,8.7,
236,부여,2022-07-04,27.8,23.3,33.4,0,.8,78.3,6.7,
236,부여,2022-07-05,27.8,24.3,32.4,0,.9,82,3.1,
236,부여,2022-07-06,29.5,24.2,34.4,,1.4,72.8,5.3,
236,부여,2022-07-07,28.8,26.4,33.4,5.7,1.9,78.8,4.3,
236,부여,2022-07-08,27.1,22.8,31.5,0,1.7,79,6.9,
236,부여,2022-07-09,26.1,21.9,30.1,,.8,83.6,2.1,
236,부여,2022-07-10,27.5,22.9,33.4,0,.8,80.8,4.9,
236,부여,2022-07-11,25.5,23.5,28.8,12.1,1,91,.8,
236,부여,2022-07-12,26.6,23.3,29.5,,.8,86.5,.1,
236,부여,2022-07-13,25.7,24.4,27.2,25.5,1.2,88,0,
236,부여,2022-07-14,25.6,22.1,29.6,1.7,1.7,86.8,6.8,
236,부여,2022-07-15,24.9,20.7,31.2,,.7,81.9,7.1,
236,부여,2022-07-16,24.8,20.3,30.1,,1.4,80.8,8.3,
236,부여,2022-07-17,25.3,20.5,31,,1.1,81.5,5.6,
236,부여,2022-07-18,22.3,21.1,24.1,51.9,1.3,97.3,0,
236,부여,2022-07-19,24.7,19.8,30.5,,1,85.8,5.9,
236,부여,2022-07-20,27,22.7,32.6,2.1,.7,81.5,7.7,
236,부여,2022-07-21,24,21.5,26.3,25.9,1.7,89.1,.8,
236,부여,2022-07-22,24.2,20.7,29.7,,1,81,7.3,
236,부여,2022-07-23,23.8,20.1,27.7,18.4,1,88.1,.8,
236,부여,2022-07-24,24.4,22.1,27.3,3.7,1.1,95.4,.2,
236,부여,2022-07-25,26.6,23,32.4,,.7,82.9,6.9,
236,부여,2022-07-26,27.1,22.1,33.1,,1.2,83,10.7,
236,부여,2022-07-27,27.5,24.3,31.6,,.9,77.1,9,
236,부여,2022-07-28,27.9,22.8,34,,1.2,76.6,10.9,
236,부여,2022-07-29,28.9,24.2,35,4.1,1.1,80,11.3,
236,부여,2022-07-30,28.5,24.7,32.4,0,1.7,76.3,5.6,
236,부여,2022-07-31,26.1,24.7,27.7,17.4,1.4,93,0,
236,부여,2022-08-01,28.2,24.8,32.8,17.9,1.9,83.4,2.7,
236,부여,2022-08-02,27.6,25.9,30.2,1.4,2.4,86.4,.8,
236,부여,2022-08-03,28.7,25.4,32.9,0,1.5,82.8,8.7,
236,부여,2022-08-04,28.6,25,33.2,,1.2,83,10.4,
236,부여,2022-08-05,28.4,25.8,32.6,3.7,1.3,87.4,6.6,
236,부여,2022-08-06,29,25.4,33.8,,1.1,82,8.9,
236,부여,2022-08-07,29,26,33.2,,1.5,83.6,3.1,
236,부여,2022-08-08,28.4,27.4,29.7,0,2.8,80.9,0,
236,부여,2022-08-09,27.9,26.1,29.8,2.2,2.9,83.4,.2,
236,부여,2022-08-10,26.1,24.6,27.7,175.3,1.6,96.6,0,
236,부여,2022-08-11,25.2,24,26.5,83.1,1.4,97.1,0,
236,부여,2022-08-12,26.8,22.1,31.7,,.8,81.4,11.4,
236,부여,2022-08-13,25.2,23.1,27.9,22.4,.7,94,.2,
236,부여,2022-08-14,27.1,24.1,30.5,154.3,1.6,90.1,.4,
236,부여,2022-08-15,28.1,24,31.4,47.6,3.2,81.1,2,
236,부여,2022-08-16,25.8,24,29.6,19.4,1,91,3,
236,부여,2022-08-17,25.2,21.1,30.6,0,1.1,85.1,6.2,
236,부여,2022-08-18,24.5,20.1,30.1,,.7,81.8,8.5,
236,부여,2022-08-19,26,20.5,30.2,,1.6,87.9,.4,
236,부여,2022-08-20,26.7,23.4,31.1,29.1,1.4,90,4.9,
236,부여,2022-08-21,26.5,22.4,32.3,,.7,84.4,7.3,
236,부여,2022-08-22,26.3,22.6,31.7,,.8,83.3,5.8,
236,부여,2022-08-23,24.1,21.6,25.7,21.1,.7,94.8,.1,
236,부여,2022-08-24,22.8,20.2,26.3,.1,1.1,86.1,1.8,
236,부여,2022-08-25,21.8,17.9,28.8,0,.8,84,1.7,
236,부여,2022-08-26,21.7,16.1,28.4,,.8,82.4,9.3,
236,부여,2022-08-27,21.1,15.3,26.6,,1.3,72.5,8.9,
236,부여,2022-08-28,21.1,14.7,28,,1.1,73.4,12.1,
236,부여,2022-08-29,19.2,18.4,21,3.1,1.2,87.3,0,
236,부여,2022-08-30,19.2,17.9,20.1,30.3,1.9,97.3,0,
236,부여,2022-08-31,21.6,18.7,25,4.6,.8,90,1,
236,부여,2022-09-01,22.3,18.4,28.1,,.8,84.6,6.9,
236,부여,2022-09-02,22.7,17.8,28,,1.8,77.3,4.4,
236,부여,2022-09-03,24.2,20.5,28.9,,2.3,72.4,8.1,
236,부여,2022-09-04,24.3,21,28.4,1.5,1,86.8,.2,
236,부여,2022-09-05,21.9,18.4,25.6,52.1,2.1,97.3,0,
236,부여,2022-09-06,20.5,16.4,26.5,30.8,2.6,83.3,6,
236,부여,2022-09-07,20.4,15.7,28.5,,.5,84.5,7,
236,부여,2022-09-08,20.9,13.8,29.2,,.7,76.8,11.2,
236,부여,2022-09-09,22.1,16.6,29.2,,1.1,74.5,8.5,
236,부여,2022-09-10,21.6,16.8,26.6,,1.5,73.4,5,
236,부여,2022-09-11,23,18.5,28.8,0,.9,76.6,6.9,
236,부여,2022-09-12,23.1,20.3,27,2.2,.8,89.6,.2,
236,부여,2022-09-13,24.3,21.9,27,0,1.7,79.6,.1,
236,부여,2022-09-14,24.9,20.6,28.5,.3,2.2,55,3.2,
236,부여,2022-09-15,25.6,20.8,30.4,,1.9,68.5,8.2,
236,부여,2022-09-16,26.2,21.5,31.9,.1,1.5,77.6,4.8,
236,부여,2022-09-17,27.1,23,32.7,,1,78,10.2,
236,부여,2022-09-18,27.6,23.8,32.6,0,1.6,75.5,3.1,
236,부여,2022-09-19,24.9,17.6,30.6,,2.7,68.1,8.2,
236,부여,2022-09-20,18.9,14.5,24.3,,1.4,69.9,6.7,
236,부여,2022-09-21,18,11.7,25.1,,.9,72.3,11.4,
236,부여,2022-09-22,17.3,11.5,23.7,,.6,73.9,7.3,
236,부여,2022-09-23,16.2,10.7,24.3,0,1.2,79.6,8,
236,부여,2022-09-24,16.5,9.4,24.5,,.7,73.5,9.5,
236,부여,2022-09-25,18.3,13.9,24.6,,.7,74.3,2.5,
236,부여,2022-09-26,18.5,14.4,26.4,,.7,74.6,5.2,
236,부여,2022-09-27,18.4,11,27.2,,.8,73.8,10.9,
236,부여,2022-09-28,18.1,13.2,25,,.4,83.6,4.7,
236,부여,2022-09-29,17.6,13.8,26,,.5,85,6.7,
236,부여,2022-09-30,18.5,11.7,29,,.6,81.4,8.1,
238,금산,2022-05-20,18.3,11.3,26.7,,1,60.3,8.6,
238,금산,2022-05-21,18.5,10.8,26.2,,1.3,69.5,12.4,
238,금산,2022-05-22,20.1,11.3,27.3,,1.5,65.6,13,
238,금산,2022-05-23,21.3,12.9,29.1,,1.1,61.1,9.9,
238,금산,2022-05-24,21,11.1,30.3,,1,54.9,13.2,
238,금산,2022-05-25,20.7,13.1,28.5,,1.3,60.6,10.3,
238,금산,2022-05-26,18.3,12.5,24.6,2.3,1.6,56.3,13.1,
238,금산,2022-05-27,20.3,14.2,26.1,,2.2,48.9,13.6,
238,금산,2022-05-28,20.1,10.9,28.8,,1.3,52,13.1,
238,금산,2022-05-29,21,9.4,29.9,0,1,54.8,12.6,
238,금산,2022-05-30,19.2,16.3,22.4,.6,1.2,80,0,
238,금산,2022-05-31,19.1,9.8,27.6,,1.2,52.6,13.4,
238,금산,2022-06-01,20.8,12,31.1,,1.3,47,12.2,
238,금산,2022-06-02,20.5,10.1,29.1,,1.3,60.8,13.3,
238,금산,2022-06-03,23,14.4,32.2,,1,63.4,10.5,
238,금산,2022-06-04,23.2,17.2,30.5,,1.5,54.3,7.1,
238,금산,2022-06-05,17.8,16.3,20.7,7.5,1.3,81.9,0,
238,금산,2022-06-06,18.9,16.1,23.1,1.4,1.3,79.1,4.5,
238,금산,2022-06-07,15.9,14.4,17.4,34,.8,89.8,.6,
238,금산,2022-06-08,18.9,14.2,23.9,0,1.2,72.4,4.7,
238,금산,2022-06-09,20,16,26.4,.6,1.1,77,6.4,
238,금산,2022-06-10,21.5,16,27.6,,1,74.5,4.3,
238,금산,2022-06-11,21.9,16.4,29.4,0,.8,74.4,4.8,
238,금산,2022-06-12,21.8,15.4,27.6,0,1,68.8,7.9,
238,금산,2022-06-13,21.2,18,26,,2,63.4,7.3,
238,금산,2022-06-14,16.9,15.5,18.8,6.1,2.2,79,0,
238,금산,2022-06-15,18.4,14.9,22.8,26.5,1.2,87.1,2.4,
238,금산,2022-06-16,20.4,16.3,25.4,0,1.5,68.9,9.4,
238,금산,2022-06-17,22,14.4,28.8,0,1.1,77.1,10.2,
238,금산,2022-06-18,23.9,19.4,28.9,,1.3,74.9,9.4,
238,금산,2022-06-19,23.9,19.2,29.3,,1,78.1,9.2,
238,금산,2022-06-20,25.5,19.4,31.5,,.9,74.9,8.4,
238,금산,2022-06-21,27,21.3,33.9,,1.2,70.1,10.7,
238,금산,2022-06-22,25.9,19.6,32.6,,1.2,67.9,13.3,
238,금산,2022-06-23,24.8,20.1,29.3,21.9,2,83.3,2.1,
238,금산,2022-06-24,24.5,22.6,28.1,43.1,1.9,80.3,5,
238,금산,2022-06-25,26.1,20.5,31.7,,1.4,74,7.7,
238,금산,2022-06-26,27.1,22.6,30.8,.4,1.7,73.4,3.8,
238,금산,2022-06-27,27,23.9,29.6,.1,2.5,74.1,.6,
238,금산,2022-06-28,28.1,26.7,30.8,,3.7,65.8,2.6,
238,금산,2022-06-29,27.6,24.8,30,0,2.7,70.4,.9,
238,금산,2022-06-30,26.2,22.7,30.2,3.8,1.5,82.4,2.4,
238,금산,2022-07-01,26.9,20.8,32.9,,1.1,75.6,12.2,
238,금산,2022-07-02,27.8,21.8,33.9,,.8,72.4,8.9,
238,금산,2022-07-03,26,22.2,33.2,31.5,1,81.4,8.4,
238,금산,2022-07-04,26.1,21.7,31.6,10.3,.9,82.1,5.5,
238,금산,2022-07-05,26.4,22.5,30.7,,.7,85.5,1.9,
238,금산,2022-07-06,28.6,24.3,33.7,,1.2,74.1,5.2,
238,금산,2022-07-07,28.6,23.9,33.3,0,2.8,70.5,9.6,
238,금산,2022-07-08,26.3,22.8,29.8,.9,1.1,80.8,4.2,
238,금산,2022-07-09,24.6,21.3,28.6,,.7,83.3,1,
238,금산,2022-07-10,27.3,21.7,33.3,6.8,.9,77.6,8.1,
238,금산,2022-07-11,25,23,28.3,5.3,.6,90.9,.2,
238,금산,2022-07-12,26,23.4,29.1,4,.7,86.8,.1,
238,금산,2022-07-13,24.3,22.9,26.3,7.8,1.4,89.6,0,
238,금산,2022-07-14,25.3,22.3,29,.4,1.4,82.6,4.6,
238,금산,2022-07-15,24.2,19.4,29.5,,.9,79.1,10.5,
238,금산,2022-07-16,24.3,18.8,29.4,,1.3,77.1,9.3,
238,금산,2022-07-17,24.3,19.4,28.9,,.9,79.9,3.6,
238,금산,2022-07-18,21.1,20.3,23.4,75.2,.9,97.8,0,
238,금산,2022-07-19,24.5,20.7,29.5,.4,.9,84,5.5,
238,금산,2022-07-20,25.9,21.1,31.7,0,.7,77,9,
238,금산,2022-07-21,23.6,22.2,26.7,10.6,1.6,86.5,.1,
238,금산,2022-07-22,24.1,20.6,28.8,,1.1,77.3,7.6,
238,금산,2022-07-23,23.5,19.6,27.7,3.4,1.1,84.8,1,
238,금산,2022-07-24,23.9,21,27.2,3,.9,90.4,.2,
238,금산,2022-07-25,26.1,22.5,31,,1,78,8.9,
238,금산,2022-07-26,26.6,21.4,33,,.7,78.4,8.3,
238,금산,2022-07-27,26,22.1,31.3,,1.3,74.8,10.4,
238,금산,2022-07-28,26.5,19.8,33.8,,1,76.8,10.4,
238,금산,2022-07-29,28.2,22.6,34.2,,1.1,75.3,9.6,
238,금산,2022-07-30,26.9,23,30.2,.3,1.5,77.9,4.3,
238,금산,2022-07-31,24.9,23.8,27,23.8,.7,95.1,.1,
238,금산,2022-08-01,26.2,23.8,30.3,6.5,1.2,88.6,1.3,
238,금산,2022-08-02,26.7,24.5,30.8,4.9,1.1,87.5,2.5,
238,금산,2022-08-03,27.5,23.7,32.5,,1,81.6,7.2,
238,금산,2022-08-04,27.3,23.8,32.1,0,.9,83.9,6.8,
238,금산,2022-08-05,27.2,23.9,31.4,7.7,.8,85.6,5.1,
238,금산,2022-08-06,28.3,24,33.5,,.8,80.1,9.6,
238,금산,2022-08-07,27.5,24,33.6,.3,.9,83.8,7.2,
238,금산,2022-08-08,28.3,24.1,31.5,,1.6,71,1.2,
238,금산,2022-08-09,28.1,24.6,30.7,.4,1.7,70.6,1.4,
238,금산,2022-08-10,26,23.8,28,30.4,1.6,87.6,0,
238,금산,2022-08-11,24.6,23.5,26.8,45.1,1.1,92,0,
238,금산,2022-08-12,26.7,23.7,31.7,3.3,.8,83.5,7.5,
238,금산,2022-08-13,25.4,23.4,29.1,3.5,.5,90.8,1,
238,금산,2022-08-14,26.3,22.7,31.1,24.4,.6,87.9,1.1,
238,금산,2022-08-15,28.4,24.2,31.1,0,2.4,70.6,1.9,
238,금산,2022-08-16,24.4,22.2,28.3,60.7,.8,92.8,.5,
238,금산,2022-08-17,25,22.2,29.9,0,.9,84.1,4.7,
238,금산,2022-08-18,23.9,19.2,29.7,,.7,81.3,7.1,
238,금산,2022-08-19,26,19.3,30.3,,1.2,79.3,2.8,
238,금산,2022-08-20,25.8,22.9,29.5,32.2,.9,87.4,3.3,
238,금산,2022-08-21,25.8,22.1,31.2,,.8,80.4,6.4,
238,금산,2022-08-22,26,21.7,31.5,,.8,80.1,7.2,
238,금산,2022-08-23,23.7,22.8,24.8,18.7,.4,96.3,0,
238,금산,2022-08-24,22,19.1,24.3,.6,1.1,86.3,1,
238,금산,2022-08-25,21.8,18.3,27.8,,.9,82.5,1.9,
238,금산,2022-08-26,21.5,15.6,27.8,,.9,77.3,10.7,
238,금산,2022-08-27,20,14.2,25.6,,1.1,69.8,7.9,
238,금산,2022-08-28,20.1,12.9,28,,.8,71.3,11.9,
238,금산,2022-08-29,18.8,16.9,20.4,1.3,.8,85.9,0,
238,금산,2022-08-30,19.3,18,20.8,14.3,.8,93.9,0,
238,금산,2022-08-31,20.5,19.2,22.4,11.4,.4,95.6,0,
238,금산,2022-09-01,20.9,17,25.4,,.6,88.4,1.6,
238,금산,2022-09-02,20.8,14.9,25.7,,1.6,80,1,
238,금산,2022-09-03,22.6,20.3,26.9,.3,2.1,77.3,5.6,
238,금산,2022-09-04,24.1,20,29.4,.1,1.3,82.8,.6,
238,금산,2022-09-05,22.6,20.6,24.5,35.4,.4,98.1,0,
238,금산,2022-09-06,20,16,25.3,32,2,83.8,5.5,
238,금산,2022-09-07,18.9,14,27.2,,.8,77.8,9.8,
238,금산,2022-09-08,19.3,11.6,28.6,,.6,77.1,9.7,
238,금산,2022-09-09,20.6,14.2,28.1,,.9,74.8,8.9,
238,금산,2022-09-10,19.6,16.1,24.9,,1.1,76.3,1.9,
238,금산,2022-09-11,22.1,15.7,28.8,,.7,76.9,7.6,
238,금산,2022-09-12,21.7,19.6,24.3,.4,.5,89.3,0,
238,금산,2022-09-13,23.6,19.3,27.8,0,1.1,73.9,1,
238,금산,2022-09-14,23.4,19.6,27.4,,2.4,53.8,5,
238,금산,2022-09-15,24.5,19.1,30.4,,2.2,68.1,9.3,
238,금산,2022-09-16,24.8,19.6,31.1,,1.4,76.1,7.7,
238,금산,2022-09-17,25.9,21.4,31.6,0,.7,78.5,7.5,
238,금산,2022-09-18,26.7,22.5,31.9,0,1.5,74.4,4.4,
238,금산,2022-09-19,24.1,17.6,28.9,,2.1,66.8,6.6,
238,금산,2022-09-20,17.5,12.3,23.9,,1.2,68.4,8.1,
238,금산,2022-09-21,16.2,9.7,23.9,,1,72.9,11.3,
238,금산,2022-09-22,15.9,8.5,23.3,,.7,73.6,6.7,
238,금산,2022-09-23,16.1,11.4,23.6,,1.3,77.1,8.1,
238,금산,2022-09-24,15.6,8.9,23,,.9,70.4,9.2,
238,금산,2022-09-25,16.8,12.2,23.4,,.7,77.5,2.4,
238,금산,2022-09-26,16.9,13.2,23.6,,.5,81.3,2,
238,금산,2022-09-27,17.6,11.9,27.3,,.8,75.1,8.7,
238,금산,2022-09-28,16.9,11.6,24.7,,.5,82.8,3.7,
238,금산,2022-09-29,17.6,12.8,26.2,,.6,81.3,7.4,
238,금산,2022-09-30,17.6,11.4,29,,.6,76.1,8,
239,세종,2022-05-20,19.6,13,27.1,,1.2,50.9,10.4,
239,세종,2022-05-21,19.6,13.5,26.8,,1.3,65.6,12.1,
239,세종,2022-05-22,20.2,14,28,,1.4,69.3,12.5,
239,세종,2022-05-23,21.8,15.4,29.8,,1.1,65.3,11.8,
239,세종,2022-05-24,21.9,13.7,30,,1.6,53.5,12.9,
239,세종,2022-05-25,21,14.3,28.4,,1.3,57.3,10.1,
239,세종,2022-05-26,18.5,12.2,25.1,5,1.5,57.1,12.8,
239,세종,2022-05-27,20.4,15.4,26.6,,2.2,52.4,12.2,
239,세종,2022-05-28,22.1,14.5,29.1,,1.4,47,12.8,
239,세종,2022-05-29,22.5,15.3,29.2,,1.2,54.8,12.6,
239,세종,2022-05-30,20.7,17.4,26,,1.5,64,.7,
239,세종,2022-05-31,19.8,11.2,27.7,,1.3,43.6,12.6,
239,세종,2022-06-01,22,13.8,30.3,,1.6,36,13.1,
239,세종,2022-06-02,21,12.6,29.1,,1.3,60.8,13,
239,세종,2022-06-03,23.8,17.3,31.6,,1.2,61.8,9.9,
239,세종,2022-06-04,24.4,19,30.3,,1.9,50.9,8.3,
239,세종,2022-06-05,18.6,16.6,23.7,4,2,75.5,0,
239,세종,2022-06-06,18.9,16.1,23,1.1,1.5,76.5,4.2,
239,세종,2022-06-07,17,14.1,20.9,.4,1.6,75.6,1.9,
239,세종,2022-06-08,19.9,14.5,26,,1.5,66,5.8,
239,세종,2022-06-09,21.1,17.2,27.2,0,1.3,68.4,5.4,
239,세종,2022-06-10,22.9,16.4,29.1,,1.3,63.3,8.2,
239,세종,2022-06-11,23.8,17.5,30.8,,1.7,55.4,9.4,
239,세종,2022-06-12,23.7,18.3,29.5,,1.6,57.8,9,
239,세종,2022-06-13,22.9,19.3,27.4,,3,54.1,10.5,
239,세종,2022-06-14,18.1,15.7,21.7,2.3,3.1,71.8,.4,
239,세종,2022-06-15,19,14.9,25.4,20.3,1.3,82.3,3.6,
239,세종,2022-06-16,20.8,17.5,26.4,,1.2,65.8,6.5,
239,세종,2022-06-17,22.3,16.1,27.5,,.8,73.6,5,
239,세종,2022-06-18,23.9,20.8,28.2,,1,74,3.9,
239,세종,2022-06-19,24.3,20.3,28.4,,.9,74,.9,
239,세종,2022-06-20,26.1,21.2,32.3,,1.3,68.9,7.1,
239,세종,2022-06-21,27,20.6,35.1,,1.4,65.1,12.4,
239,세종,2022-06-22,26.3,21.4,33.2,,1.1,65.8,11.3,
239,세종,2022-06-23,24.2,20.7,30.2,18.2,1.6,87.6,1.5,
239,세종,2022-06-24,24,22.3,28.2,9.4,2,80.4,6.5,
239,세종,2022-06-25,26.9,22,32.7,,1.3,72.9,8.3,
239,세종,2022-06-26,27.2,24.1,30.5,,1.7,72.5,4.5,
239,세종,2022-06-27,27.9,25.1,30.3,.1,2,70,.6,
239,세종,2022-06-28,29.1,27.3,31.3,,2.9,61.8,4.5,
239,세종,2022-06-29,26.2,24.1,29.2,49.9,2.3,82.5,.2,
239,세종,2022-06-30,26.4,24.4,30.4,12.8,1.7,83.4,6.6,
239,세종,2022-07-01,28,23,33.1,,1.1,71.8,12.4,
239,세종,2022-07-02,28.7,23,34,,1.2,70,13.2,
239,세종,2022-07-03,27.6,22.3,34.3,51.7,1.2,75.1,11.4,
239,세종,2022-07-04,27.1,22.7,33.4,,.8,81,6.7,
239,세종,2022-07-05,27.6,23.8,33.7,,.8,81.3,4,
239,세종,2022-07-06,29.2,24.8,34.6,2,1.1,74.4,7.6,
239,세종,2022-07-07,28.3,25.7,33,9.5,1.7,75.6,6.4,
239,세종,2022-07-08,26.9,23.3,31.2,.2,1.1,77,5.1,
239,세종,2022-07-09,25.7,21.9,29.8,,.7,81,1.5,
239,세종,2022-07-10,27.5,22.9,33.9,2.4,.8,78.3,7,
239,세종,2022-07-11,24.5,22.9,27.6,3.8,.8,89.3,1.7,
239,세종,2022-07-12,26.6,23.4,29.9,,.9,83.5,0,
239,세종,2022-07-13,24.9,23.9,26.5,17.7,1.7,87.1,0,
239,세종,2022-07-14,26,23.1,30,.2,1.4,82,3.3,
239,세종,2022-07-15,25.4,21.3,30.4,,1.1,75.6,9.4,
239,세종,2022-07-16,25.5,21.1,30.5,,1.3,72.3,10.3,
239,세종,2022-07-17,25.4,20.6,30.1,,1.1,76.1,7.2,
239,세종,2022-07-18,22.3,21.1,24.7,76.8,1.5,94.4,0,
239,세종,2022-07-19,24.5,20.3,30.7,,.9,84,5.3,
239,세종,2022-07-20,26.9,22.4,32.2,,1,73.6,7.3,
239,세종,2022-07-21,23.6,22.5,25.6,22.7,1.4,88.1,1.2,
239,세종,2022-07-22,24.9,21.6,29.8,,1.3,75.9,6.6,
239,세종,2022-07-23,24.2,21.1,28.1,22.9,1,82.5,2.3,
239,세종,2022-07-24,24.1,22.3,26.1,7.5,.7,94,.1,
239,세종,2022-07-25,26.7,23.4,31.6,,1.1,78.3,8.7,
239,세종,2022-07-26,27.7,22.2,33.4,,.8,75.4,8.8,
239,세종,2022-07-27,27.5,24.7,30.9,,2,69.5,10.2,
239,세종,2022-07-28,27,23.4,33,4.4,1.7,79,9.3,
239,세종,2022-07-29,29.7,24.3,34.5,,1.5,70.3,11.3,
239,세종,2022-07-30,28.9,25.4,32.5,,2.3,69.6,5.9,
239,세종,2022-07-31,26,24.9,28,17.7,1.5,89.5,.1,
239,세종,2022-08-01,27.4,24.8,32.4,4.7,1.7,85.5,3,
239,세종,2022-08-02,27.4,25.5,31,0,1.5,82.8,3.9,
239,세종,2022-08-03,28.6,25.6,32.8,.4,1.5,78.4,7.6,
239,세종,2022-08-04,28.3,24.7,33.2,,1,80.5,6.9,
239,세종,2022-08-05,28.4,25.5,32.6,1.4,.8,82.5,6.9,
239,세종,2022-08-06,28.8,25.5,33.4,,.9,79.1,9.2,
239,세종,2022-08-07,29,26,32.8,,1.1,79.1,5.5,
239,세종,2022-08-08,27.9,26.1,29.5,7.3,2,79.4,0,
239,세종,2022-08-09,27.4,25.4,29.8,6.6,2.2,81.3,.5,
239,세종,2022-08-10,24.7,23,27.5,139.3,1.3,95.4,0,
239,세종,2022-08-11,24.9,24.3,26.2,65.8,1.8,94.8,0,
239,세종,2022-08-12,26.8,23.4,32,0,1,77.5,11.3,
239,세종,2022-08-13,25.3,23.4,27.8,18.3,.7,88.8,.1,
239,세종,2022-08-14,26.7,24.4,31,8.6,1,88.5,.9,
239,세종,2022-08-15,28.2,24.6,31.1,29.8,2.5,77.4,2.6,
239,세종,2022-08-16,25.8,23.7,29.7,.7,1.1,86.5,6.2,
239,세종,2022-08-17,24.8,21.6,30.7,7.9,.9,86.1,3.3,
239,세종,2022-08-18,24.4,19.1,30.4,,.8,78.5,7.1,
239,세종,2022-08-19,26,20.7,29.7,,1.3,82.8,2.3,
239,세종,2022-08-20,27.2,24.5,31.5,41,1.2,84.1,5.3,
239,세종,2022-08-21,27,23.4,32.1,,1.2,76.4,10.4,
239,세종,2022-08-22,26.8,23,32,,.8,77.3,6.5,
239,세종,2022-08-23,24.1,22.8,25.4,33.2,.7,92.4,.1,
239,세종,2022-08-24,23,21,25.9,.4,2,77.6,2.5,
239,세종,2022-08-25,21.8,17.9,28.3,0,1.1,79.3,2,
239,세종,2022-08-26,22.1,15.9,27.9,,1,75.8,9.8,
239,세종,2022-08-27,20.9,16.4,25.3,,1.8,63.5,9,
239,세종,2022-08-28,21.2,14.7,27.8,,1.2,66.8,11.3,
239,세종,2022-08-29,19.5,16.8,21.5,5.1,1.4,78.5,0,
239,세종,2022-08-30,19,16.8,20.3,43.4,1,94.4,0,
239,세종,2022-08-31,20.9,19.3,23.6,7.1,.8,90.1,0,
239,세종,2022-09-01,22.3,19.1,28.2,,.9,80.1,6.1,
239,세종,2022-09-02,22.8,17.8,27.7,,1.9,71.1,5.3,
239,세종,2022-09-03,23.3,20.7,26.8,,3,70,3.4,
239,세종,2022-09-04,24.1,20.8,27.4,2.6,1.7,80.9,0,
239,세종,2022-09-05,22.3,18.3,25.2,61.5,1.1,95.5,0,
239,세종,2022-09-06,20.1,17.1,25.5,72.2,2.6,79.6,5.7,
239,세종,2022-09-07,20.6,16.2,27.7,,1,71.3,6.9,
239,세종,2022-09-08,21.1,14.3,29.2,,.7,69.6,10.6,
239,세종,2022-09-09,22.9,17.3,28.7,,1.2,63.6,10.2,
239,세종,2022-09-10,22.1,18.8,26.7,,2.1,63.6,5.1,
239,세종,2022-09-11,23.3,19.4,28.3,,1.2,68.1,7,
239,세종,2022-09-12,23,20.7,26.6,1.9,.9,85.4,.6,
239,세종,2022-09-13,24.1,21.3,27.1,,1.4,75.5,.4,
239,세종,2022-09-14,24.7,21.6,28.4,,3,49.4,4.7,
239,세종,2022-09-15,25.2,21.8,29.3,,2.9,63.4,8.3,
239,세종,2022-09-16,25.2,21.5,29.2,.1,2.2,73.1,4.3,
239,세종,2022-09-17,26.8,23,32.7,,1.2,75.6,8.1,
239,세종,2022-09-18,27.5,23.4,32.6,,1.8,70.8,5.7,
239,세종,2022-09-19,24.4,18.8,30.3,,3.2,61.8,7.2,
239,세종,2022-09-20,19.1,15.1,24.6,,1.5,62.3,6.3,
239,세종,2022-09-21,18.5,13.2,24.1,,1.5,62.9,10.2,
239,세종,2022-09-22,18,12.7,23.8,,1.1,61.5,9,
239,세종,2022-09-23,17,12.9,23.7,.5,1.4,69.5,8.2,
239,세종,2022-09-24,17.1,10.6,23.9,,1.4,62.4,9.4,
239,세종,2022-09-25,17.9,14,24.8,,.8,66.9,4.3,
239,세종,2022-09-26,18.7,14.5,25.6,,.8,65.8,5.8,
239,세종,2022-09-27,19,12.1,27.5,,.8,65.6,10,
239,세종,2022-09-28,18.9,14.1,25.3,,.6,76.8,4.2,
239,세종,2022-09-29,,15.1,,,.5,,,
239,세종,2022-09-30,,12.9,27.8,,.5,,3.9,
243,부안,2022-05-20,19.7,15.1,25.4,,1.2,64.6,5.4,
243,부안,2022-05-21,18.8,13.6,23.6,,1.3,77.1,12.4,
243,부안,2022-05-22,19.9,13.8,27.2,,1.7,72.1,12.6,
243,부안,2022-05-23,20.6,15.9,28.4,,1.2,64.3,10.6,
243,부안,2022-05-24,20.1,13.6,28,,1.6,66.1,12.8,
243,부안,2022-05-25,20,15,25.7,,1.6,69.6,9.9,
243,부안,2022-05-26,17.7,13.5,22.9,4.3,1.7,68.3,11.8,
243,부안,2022-05-27,20,14.9,24.5,,2.7,64,12.8,
243,부안,2022-05-28,22.7,16.6,29.8,,1.8,48,11.4,
243,부안,2022-05-29,21.2,15,27.6,.7,1.5,68.3,11.5,
243,부안,2022-05-30,19.4,16.3,22.6,2.2,1.8,81.6,1.2,
243,부안,2022-05-31,19.4,12.4,25.3,,1.4,57.8,12.4,
243,부안,2022-06-01,20.9,15.8,27.9,,1.5,54.1,12.4,
243,부안,2022-06-02,20.5,14.1,25.7,,1.5,76,12.8,
243,부안,2022-06-03,21.7,17.7,28.2,,1.2,77.4,10.8,
243,부안,2022-06-04,24.5,18.3,31.4,,1.6,60.9,8.9,
243,부안,2022-06-05,18.9,17.2,23.6,19,2.3,83.6,0,
243,부안,2022-06-06,19.3,16.9,23.4,,1.5,85.8,5.5,
243,부안,2022-06-07,18.3,16.6,21.2,52,1.3,90.6,.3,
243,부안,2022-06-08,19.3,16.2,23.5,4.1,1.5,81.3,6.6,
243,부안,2022-06-09,20.4,16.4,25.5,,1.3,79.6,10.3,
243,부안,2022-06-10,21.4,16.7,27.7,,1.1,73.8,6.3,
243,부안,2022-06-11,23.1,17.9,28.7,0,1.7,70,10.7,
243,부안,2022-06-12,21.9,19.2,26.7,,1.4,76.6,8,
243,부안,2022-06-13,23,18.8,28.1,,1.4,68.9,4.7,
243,부안,2022-06-14,18.4,16.8,21.6,6.1,2.3,83.4,0,
243,부안,2022-06-15,21.1,16.6,25.7,2.9,2.2,80.3,7.2,
243,부안,2022-06-16,21,17.5,25.1,,1.4,74.3,8.8,
243,부안,2022-06-17,22.4,18.1,27.4,.7,1.1,83.1,1.3,
243,부안,2022-06-18,23.7,20.3,27.8,8.4,1.5,79.9,8.3,
243,부안,2022-06-19,23.4,20.6,27.3,0,1,87,5.6,
243,부안,2022-06-20,24,20.6,29,,1.4,82.6,11,
243,부안,2022-06-21,23.3,20.7,27.7,,2.1,85.5,10.8,
243,부안,2022-06-22,24,19.9,30.5,,1.4,81.1,12.8,
243,부안,2022-06-23,24.7,21.1,28.1,32.9,3,89,1.3,
243,부안,2022-06-24,24.5,22,28,41.4,2.7,85.4,5.4,
243,부안,2022-06-25,26.9,22.9,31.5,,2.8,76.6,7.7,
243,부안,2022-06-26,27.4,24.6,30.8,,4,77.3,3.4,
243,부안,2022-06-27,27.8,25.8,29.5,.1,4.2,76.5,0,
243,부안,2022-06-28,28.4,26.7,31,,6.1,71.6,2.6,
243,부안,2022-06-29,27.3,25,29.1,5.1,4.2,79.6,0,
243,부안,2022-06-30,27.6,25.2,30.6,.1,2.7,76.8,.9,
243,부안,2022-07-01,27.2,23.2,33,,1.7,78.9,10.2,
243,부안,2022-07-02,26.9,22.5,32.1,,1.2,77.3,12.5,
243,부안,2022-07-03,27.6,23.4,33.5,0,1,74.8,8.9,
243,부안,2022-07-04,26.7,24.1,31.5,.5,1.1,84.1,5.5,
243,부안,2022-07-05,26.8,24.5,29.8,,.9,81,1.9,
243,부안,2022-07-06,29.5,24.6,34.9,0,2.2,71.6,7.4,
243,부안,2022-07-07,29,26.3,33.4,7.2,3.4,75,6.2,
243,부안,2022-07-08,26.6,23.7,29.9,0,1.8,83.3,5.7,
243,부안,2022-07-09,26.1,23,30,.1,1.3,81.3,8.8,
243,부안,2022-07-10,27.3,22.9,33.2,1.2,1.1,78.9,7,
243,부안,2022-07-11,26.1,23.8,29.6,13.9,.9,87.4,.9,
243,부안,2022-07-12,27.3,24.8,29.9,0,.9,84,1.7,
243,부안,2022-07-13,26.2,24.1,28.8,.3,3.2,81,0,
243,부안,2022-07-14,25.5,23.1,27.2,.9,1.7,86,.6,
243,부안,2022-07-15,25.1,21.6,29.6,,1.1,81,9,
243,부안,2022-07-16,25.6,21.9,30.3,,1.5,79,10.8,
243,부안,2022-07-17,25.9,23,29.2,,.8,80.1,2.4,
243,부안,2022-07-18,23.1,21.2,25.3,70.8,1.8,96.3,0,
243,부안,2022-07-19,24.9,21.2,28.9,.1,1.5,85.4,7.2,
243,부안,2022-07-20,26.4,22.4,31.4,4.5,.9,80.5,8.1,
243,부안,2022-07-21,24.3,23,26.9,4.7,3.5,86.8,.4,
243,부안,2022-07-22,24.9,22.2,28.5,1.5,1.6,79.9,7.9,
243,부안,2022-07-23,24.5,20.9,28.2,2.6,2,83.5,2.3,
243,부안,2022-07-24,24.6,23.4,26.8,2.2,2.3,91.6,0,
243,부안,2022-07-25,25.8,23.6,28.9,,1.4,82.4,8.6,
243,부안,2022-07-26,26.2,22.7,30.5,,1.1,84.5,10.1,
243,부안,2022-07-27,27.5,23.1,32.3,,1.1,74.4,10.1,
243,부안,2022-07-28,27.9,23.3,33.6,,1.3,74.5,11.3,
243,부안,2022-07-29,29.8,24.8,35.8,0,1.2,70.6,10.8,
243,부안,2022-07-30,28.3,25.3,32.6,0,1.7,77,3.9,
243,부안,2022-07-31,26.7,25.3,28.6,15.6,2.1,87.9,.1,
243,부안,2022-08-01,27.9,25.4,31.9,19.6,2.8,84.8,2.4,
243,부안,2022-08-02,27.9,25.6,31.5,.4,2.3,82,5,
243,부안,2022-08-03,28.3,25.5,31.8,9,1.7,83.5,10.9,
243,부안,2022-08-04,28.4,25.8,32.4,2.2,1.4,82.8,10,
243,부안,2022-08-05,28.7,25.9,32.2,.4,1.5,83.3,7.5,
243,부안,2022-08-06,29.3,26.3,33.2,0,1.3,80.9,9.1,
243,부안,2022-08-07,29.5,26.6,33.8,,1.9,79.3,6.3,
243,부안,2022-08-08,28.6,27.3,31.4,,3,77.8,1.7,
243,부안,2022-08-09,28.7,27.1,31.4,,2.9,77.1,1.2,
243,부안,2022-08-10,27.6,24.3,29.5,6.3,2.8,83.6,.2,
243,부안,2022-08-11,25.9,24.2,26.7,89.7,1.7,94.8,0,
243,부안,2022-08-12,26.2,23.3,29.6,2.1,1,82.6,5.8,
243,부안,2022-08-13,26.2,23.1,29.2,15.5,1.3,88.9,2.2,
243,부안,2022-08-14,28.7,26.5,32.5,0,2.6,80,5.3,
243,부안,2022-08-15,28.9,27,31.5,0,4.7,76.8,4.8,
243,부안,2022-08-16,25.5,23.1,28,95.8,1.4,93.3,0,
243,부안,2022-08-17,25.1,22.8,28.7,.2,1.2,83.9,6.1,
243,부안,2022-08-18,25.1,21.3,30.3,,.9,79.9,10.4,
243,부안,2022-08-19,26.7,21.2,31.9,,2,83.5,3.9,
243,부안,2022-08-20,26,22.9,29.8,28.4,1.6,89.9,3.2,
243,부안,2022-08-21,25.9,22.2,30.3,,.9,84.1,8.7,
243,부안,2022-08-22,27,23.3,31.8,,1.2,79.6,8.2,
243,부안,2022-08-23,25.5,23.8,28.1,1,1.3,88.6,0,
243,부안,2022-08-24,24,21.2,27.7,,1,84.4,4,
243,부안,2022-08-25,23.4,20.5,28.5,.8,1.3,74.1,5.6,
243,부안,2022-08-26,23.4,19.8,27.9,,1,70.4,10.9,
243,부안,2022-08-27,21.8,17.2,26.1,,1.2,70.8,7.1,
243,부안,2022-08-28,21.9,16.2,28.2,,1,71.5,8.6,
243,부안,2022-08-29,21.2,19.3,23.4,.1,1.3,82.5,.1,
243,부안,2022-08-30,20.8,19.2,22.7,4,1.3,92.6,0,
243,부안,2022-08-31,22,20.7,25.3,1.2,1,88.6,.6,
243,부안,2022-09-01,22.2,18.9,27.5,,.9,83.8,3.1,
243,부안,2022-09-02,22.8,17.2,28.4,,2,78,3.9,
243,부안,2022-09-03,24.5,20.8,29.8,.1,2.5,75.4,1.8,
243,부안,2022-09-04,25.2,22.2,30.5,1.4,2,81.6,0,
243,부안,2022-09-05,22.8,19.2,25.6,55.4,2,95.6,0,
243,부안,2022-09-06,21.2,18,25.1,27.6,2.7,83.6,7.1,
243,부안,2022-09-07,21.1,17.1,27.4,,.8,85.4,8.4,
243,부안,2022-09-08,21.1,15.6,27.5,,1,83,8.6,
243,부안,2022-09-09,22.6,17.7,29,,1.1,78.8,9.7,
243,부안,2022-09-10,22.2,18.6,27.1,,1.1,74.4,2.6,
243,부안,2022-09-11,23.2,18.5,29,.1,.9,74.9,8.9,
243,부안,2022-09-12,22.7,21,24.9,1.2,.5,92,0,
243,부안,2022-09-13,23.6,21.5,26.4,0,1.4,84.9,0,
243,부안,2022-09-14,24.6,20.5,29.7,,2.7,60.8,5.6,
243,부안,2022-09-15,25.9,20.1,31.5,,3.2,68.4,7.1,
243,부안,2022-09-16,27.1,23.2,31.4,,2.2,74.8,4.6,
243,부안,2022-09-17,26,23.4,31.8,0,1.4,81.9,8.5,
243,부안,2022-09-18,27.6,23.5,32.6,.1,2.1,74.9,5.8,
243,부안,2022-09-19,24.1,19.1,28.2,,2.5,68.6,8.7,
243,부안,2022-09-20,19.7,15.6,25.7,,1.4,66.9,7.1,
243,부안,2022-09-21,19,13.3,25.9,,1,70.1,8.3,
243,부안,2022-09-22,18.8,13.9,23.7,,.9,67.9,6.6,
243,부안,2022-09-23,17.9,13.9,23.7,0,,71.3,5.3,
243,부안,2022-09-24,18.3,12.7,23.1,,,72.6,7.5,
243,부안,2022-09-25,18.8,15.4,23.3,,,76.1,1.2,
243,부안,2022-09-26,18.9,15.3,24.1,,,80.3,1,
243,부안,2022-09-27,18.5,12.6,26.2,,,80.4,9.6,
243,부안,2022-09-28,19.1,15,24.8,,,83.1,1.6,
243,부안,2022-09-29,17.4,14.4,23.8,,,87.4,6.2,
243,부안,2022-09-30,18.9,12.6,27.8,,1.3,82.1,9.2,
244,임실,2022-05-20,17.5,11.6,24.7,,.9,65.6,6,
244,임실,2022-05-21,17.9,10.6,25.3,,1.2,69.9,12,
244,임실,2022-05-22,19,10.8,26.9,,1.4,67.5,12.7,
244,임실,2022-05-23,19.7,11.8,27.9,,1,64.3,11.5,
244,임실,2022-05-24,19.7,10.2,29.7,,1.3,62.3,12.8,
244,임실,2022-05-25,19.4,11.6,28.4,,1.2,66.1,11,
244,임실,2022-05-26,17.5,11.1,24.6,1.7,1.3,62.6,12.5,
244,임실,2022-05-27,17.3,8.1,25.3,,1.6,63.1,13,
244,임실,2022-05-28,19.1,10.2,29,,1.1,57,11.2,
244,임실,2022-05-29,20.2,8.8,29.1,0,1.6,53.3,12.4,
244,임실,2022-05-30,18.3,15.3,20.8,2.3,1.1,84.1,0,
244,임실,2022-05-31,19.3,10.8,27.1,,1.2,56.5,12.9,
244,임실,2022-06-01,20.4,12.4,30.3,,1.2,52.9,12,
244,임실,2022-06-02,20,9.6,28.8,,1.1,65.4,13.1,
244,임실,2022-06-03,22.9,14.1,31.9,,1.1,61.6,12.4,
244,임실,2022-06-04,22.5,15.1,29.9,,1.3,54.1,8.7,
244,임실,2022-06-05,17,15.7,21.5,36.4,1.1,83.3,0,
244,임실,2022-06-06,18.1,15.2,23.2,1,1,87.6,4,
244,임실,2022-06-07,16.8,15,20.9,33.3,1.1,88.6,.5,
244,임실,2022-06-08,18.4,14.7,23.6,.6,1.2,78.8,3.7,
244,임실,2022-06-09,20.2,15.4,25.7,,1.1,75.4,9,
244,임실,2022-06-10,20.4,15.3,26.3,,1.1,73.8,4.6,
244,임실,2022-06-11,19.4,15.4,28.3,3.7,.7,84.6,4.8,
244,임실,2022-06-12,20,15.6,26.4,5.7,.7,84.6,4.4,
244,임실,2022-06-13,20.4,17,24.8,,1.4,71,2.8,
244,임실,2022-06-14,17.1,15.3,19.4,11.1,1.1,79.9,0,
244,임실,2022-06-15,18.7,15.1,25.3,4.1,1.9,84.1,3,
244,임실,2022-06-16,20.2,15.5,25.7,,1.1,71.4,9.4,
244,임실,2022-06-17,21.1,15,26.7,.2,.8,81.5,6.1,
244,임실,2022-06-18,23.1,18.1,28.5,0,1,78.6,8.7,
244,임실,2022-06-19,23.7,18.7,29.6,.1,1,78.4,9.3,
244,임실,2022-06-20,25,19.1,31.6,37,1,76.6,11.3,
244,임실,2022-06-21,25.3,21.4,32.1,.9,1.2,79.3,9.3,
244,임실,2022-06-22,25.1,19.1,31.7,,.9,75.8,10.3,
244,임실,2022-06-23,23.8,20.7,26.4,57.7,2.1,87.4,.7,
244,임실,2022-06-24,23.7,20.2,28,56.8,1.8,84.3,4.2,
244,임실,2022-06-25,24.9,19.8,30.5,,1.8,79.6,5,
244,임실,2022-06-26,25.6,22.6,29.8,,2.2,79.4,1.7,
244,임실,2022-06-27,25.3,23.6,27.5,1.8,2.2,84.4,0,
244,임실,2022-06-28,25.7,23.7,28.3,0,3,78.4,.5,
244,임실,2022-06-29,25.2,23.2,28.4,10,2.5,85,.9,
244,임실,2022-06-30,25.1,23.1,28.2,3.4,1.9,86.5,2.5,
244,임실,2022-07-01,25.8,20.5,31.9,,1.2,78.8,9.6,
244,임실,2022-07-02,26.7,21,33,,.8,76,9.6,
244,임실,2022-07-03,26.7,21.4,32.1,,1,75,9.8,
244,임실,2022-07-04,25.6,22.3,29.7,,.9,82.3,4.4,
244,임실,2022-07-05,25.6,22.8,29.8,0,.8,87.4,2.1,
244,임실,2022-07-06,27.6,23.3,32.9,,1.8,75.8,8.1,
244,임실,2022-07-07,27.1,24.6,31.7,7.6,2.1,79.1,5,
244,임실,2022-07-08,25.1,21.5,28.3,1.2,.9,88.9,1,
244,임실,2022-07-09,24.6,21.4,29.1,,.9,82.1,3,
244,임실,2022-07-10,26.6,22,32,,1.2,78.8,7.6,
244,임실,2022-07-11,24.9,22.7,29.6,17.8,1,88.6,2,
244,임실,2022-07-12,25.8,23.5,28.9,.4,1.1,85.3,.8,
244,임실,2022-07-13,23.8,22.4,25.1,.4,1.8,84.9,0,
244,임실,2022-07-14,25,22.6,28.9,11.6,1.4,83.3,4.7,
244,임실,2022-07-15,23.9,19.2,30,,.9,79,9.3,
244,임실,2022-07-16,23.7,19.7,29.6,,1.2,78,8.6,
244,임실,2022-07-17,24.2,20.8,28.2,,1.1,80.6,3.3,
244,임실,2022-07-18,22,20.3,23.3,37.5,1,96.5,0,
244,임실,2022-07-19,24,21.3,29,1.8,1.1,85.9,3.8,
244,임실,2022-07-20,25.2,20.2,31.5,1.4,.8,80.4,8.2,
244,임실,2022-07-21,22.5,21.1,25.1,8.8,2.1,89.6,.1,
244,임실,2022-07-22,22.7,19.4,27.2,.6,1.3,83.9,4.9,
244,임실,2022-07-23,22.8,18.4,26.6,.9,1.3,82.6,.8,
244,임실,2022-07-24,23.2,21.4,25.3,5.6,1.2,94,0,
244,임실,2022-07-25,24.8,22,30.2,.1,1,84.4,6.3,
244,임실,2022-07-26,26.2,21.3,31.9,,.9,81.3,9.5,
244,임실,2022-07-27,25.1,21,30.6,,1.1,77.8,11.1,
244,임실,2022-07-28,25.7,19.8,31.8,,1.2,78,11.4,
244,임실,2022-07-29,27.8,21.9,33.2,,1.2,72.8,10.2,
244,임실,2022-07-30,26.8,22.8,29.6,.1,1.6,74.4,1,
244,임실,2022-07-31,24.5,23.7,27.7,38,1.4,95,.1,
244,임실,2022-08-01,25.6,24.2,28,20.9,2.1,90.4,.8,
244,임실,2022-08-02,25.8,23.1,29.5,10.5,1.6,89.1,2.7,
244,임실,2022-08-03,26.1,23.1,30.5,11.7,.9,89.9,3.8,
244,임실,2022-08-04,27.1,23.7,31.6,2,1.1,81.8,7.6,
244,임실,2022-08-05,27,23.6,32,.1,1,87.1,4.2,
244,임실,2022-08-06,27.9,23.9,33,,.8,82.4,8.8,
244,임실,2022-08-07,27.3,25,33.2,.1,1.6,81.5,5.2,
244,임실,2022-08-08,26.8,24.8,30.3,,2.2,80.8,1.1,
244,임실,2022-08-09,26.7,24.3,29.5,0,2.3,78.9,.4,
244,임실,2022-08-10,26.2,24.2,27.9,4.2,2,83.9,0,
244,임실,2022-08-11,23.9,23,24.6,31.8,1.2,96.5,0,
244,임실,2022-08-12,26.3,23.8,30.8,.3,.9,85.8,5.5,
244,임실,2022-08-13,24.8,22,28.6,36,1.1,90.8,2.9,
244,임실,2022-08-14,26.8,23.9,31,,1.7,82.4,2.9,
244,임실,2022-08-15,27.3,24.6,30.5,,2.9,77,2.3,
244,임실,2022-08-16,24.7,23.1,26.9,23.2,1.3,92.1,0,
244,임실,2022-08-17,23.8,19.9,28.3,0,1,86.1,2.6,
244,임실,2022-08-18,23.5,18.3,29.8,,.8,79.6,9,
244,임실,2022-08-19,25.2,19.4,30.2,,1.5,84.6,1.8,
244,임실,2022-08-20,25.2,22.3,27.8,13.7,1.1,90.8,1.8,
244,임실,2022-08-21,25.7,22.3,30.8,,.8,81.3,8.6,
244,임실,2022-08-22,25.4,21.9,30.8,,.9,82.4,6.4,
244,임실,2022-08-23,24,23,25.4,2.2,.9,92.5,0,
244,임실,2022-08-24,22.8,20.4,25.5,2.9,.8,89.5,1.4,
244,임실,2022-08-25,22.1,18.5,27.8,,.9,76.3,4.2,
244,임실,2022-08-26,21.4,16.9,27.3,,1,74.8,11.2,
244,임실,2022-08-27,19.6,14.4,25.5,0,.9,76.1,6.6,
244,임실,2022-08-28,19.3,12.4,26.3,,.8,74.3,8.8,
244,임실,2022-08-29,19.1,15.5,22,.4,.5,86,0,
244,임실,2022-08-30,22.2,18.9,25,1.9,1.2,89.3,0,
244,임실,2022-08-31,21,18.8,23.4,7,.8,91,.7,
244,임실,2022-09-01,20.8,18.1,24.4,,.5,87.9,1.8,
244,임실,2022-09-02,21.1,16.6,26.8,,1,81.5,2.4,
244,임실,2022-09-03,23.4,19,26.7,0,2.2,73.5,1.9,
244,임실,2022-09-04,24.9,21.7,29.5,.3,1.9,79.9,4.1,
244,임실,2022-09-05,22.9,21.7,24.4,49.3,.8,95.6,0,
244,임실,2022-09-06,19.2,15.3,24.3,21.7,1.8,86.4,2.8,
244,임실,2022-09-07,19.2,14.1,27.4,,.7,77.4,9.3,
244,임실,2022-09-08,19.5,11.6,27.6,,.6,77,9.7,
244,임실,2022-09-09,20.9,14.9,28.3,,.7,74.8,9.3,
244,임실,2022-09-10,19.6,16.4,25,,.9,78.9,1,
244,임실,2022-09-11,21.3,15.9,27.6,,.6,79.9,8,
244,임실,2022-09-12,21.2,18.9,23.9,1.3,.5,91.3,0,
244,임실,2022-09-13,23,19.5,27.5,0,.6,81.8,.6,
244,임실,2022-09-14,23.8,19,27.6,,2.3,58.1,7.3,
244,임실,2022-09-15,24.7,21.5,28.4,,2.7,69.9,8.1,
244,임실,2022-09-16,25,22,30.2,0,1.6,79.6,5.2,
244,임실,2022-09-17,25.7,21,32.4,.6,.7,79.3,6.9,
244,임실,2022-09-18,26.6,22.6,31.5,.1,2.2,73.1,5.6,
244,임실,2022-09-19,24.6,19,29.1,,2.1,69.4,6.1,
244,임실,2022-09-20,18.6,12.8,24.2,,.9,66.9,7.4,
244,임실,2022-09-21,16.3,10.3,24,,.9,75.3,10.8,
244,임실,2022-09-22,16.4,8.7,24.3,,.7,71.6,8.2,
244,임실,2022-09-23,16,10.5,23.7,0,1.2,79,5.9,
244,임실,2022-09-24,16.1,8.8,23.8,,1,68.3,8.2,
244,임실,2022-09-25,17.1,13.1,23.8,,.7,75.1,2.2,
244,임실,2022-09-26,17,13.5,22,,.5,84.5,.7,
244,임실,2022-09-27,18.3,11.7,27.1,,.6,75.9,9.7,
244,임실,2022-09-28,17.6,12.7,24,,.5,83.5,2.1,
244,임실,2022-09-29,17.8,13.1,26.6,,.7,81.1,8.3,
244,임실,2022-09-30,18.4,11.5,28.7,,.6,76,9.5,
245,정읍,2022-05-20,19.3,14.3,25.8,0,1.1,59.1,5,
245,정읍,2022-05-21,19.1,13.1,25.2,,1.4,71.3,12.7,
245,정읍,2022-05-22,20.2,13.9,27.2,,1.8,67.8,12.4,
245,정읍,2022-05-23,20.5,14.5,28.3,,1.1,61.6,10.7,
245,정읍,2022-05-24,20.3,12.6,30,,1.8,56.6,12.6,
245,정읍,2022-05-25,20.1,13.8,27.4,,1.8,60.8,11,
245,정읍,2022-05-26,18.3,13.3,25,2.4,1.7,62.4,12.4,
245,정읍,2022-05-27,19.8,13.5,25.7,,2.5,59.8,12.9,
245,정읍,2022-05-28,22.3,14.3,29.1,,2.2,46.5,11.2,
245,정읍,2022-05-29,22.1,14,29.6,.1,1.6,59.9,11,
245,정읍,2022-05-30,18.7,16,22.2,4.5,1.5,83.1,.5,
245,정읍,2022-05-31,19.2,11,27.5,,1,57.4,12.9,
245,정읍,2022-06-01,21.9,15.2,29.6,,1.5,45.1,12.7,
245,정읍,2022-06-02,20.4,12.2,27.2,,1.4,68.9,12.7,
245,정읍,2022-06-03,22.5,17.6,31.4,,1.2,71.8,10.6,
245,정읍,2022-06-04,24.7,17.9,31.3,,1.9,47.5,9.6,
245,정읍,2022-06-05,18.3,16.7,23.8,51.8,1.8,80,0,
245,정읍,2022-06-06,19.4,16.4,24.3,0,1.2,81.9,5,
245,정읍,2022-06-07,17.8,15.8,21.2,56.7,1,87.5,.9,
245,정읍,2022-06-08,19.1,15.6,24,7.7,1,79.5,3.8,
245,정읍,2022-06-09,20.4,15.3,26.4,,1,76.5,9.3,
245,정읍,2022-06-10,21.2,16.1,28,,1,71.9,5.5,
245,정읍,2022-06-11,22.5,16.5,28.9,,1.7,66.8,9.9,
245,정읍,2022-06-12,22,17.7,27.7,,1.1,72.6,7.6,
245,정읍,2022-06-13,22,18.2,26.6,,1.1,66.8,3,
245,정읍,2022-06-14,17.7,16,20.8,14.1,1.4,85.5,0,
245,정읍,2022-06-15,20.8,16.5,25.1,1.7,3.2,76.3,5.8,
245,정읍,2022-06-16,21.6,18.1,26.5,,1.4,67.8,9.5,
245,정읍,2022-06-17,22.2,17.4,26.5,,1.1,77,2.5,
245,정읍,2022-06-18,23.6,19.9,28.2,0,1.5,76.9,9.8,
245,정읍,2022-06-19,24,20.3,28.8,,1.2,79.4,4.1,
245,정읍,2022-06-20,24.9,19.9,31.1,,1.3,76,11.8,
245,정읍,2022-06-21,25,21.2,31.1,,1.4,77.6,12.1,
245,정읍,2022-06-22,25,20.1,31.6,,1.2,75.8,11.1,
245,정읍,2022-06-23,25,21.1,28.2,50.8,3.2,81.3,1.6,
245,정읍,2022-06-24,24.3,22.1,27.9,47.9,3.2,82.6,4.3,
245,정읍,2022-06-25,26.7,22.8,30.6,,3.2,72.1,8.2,
245,정읍,2022-06-26,27.6,24.6,30.4,,4.8,70.9,7.2,
245,정읍,2022-06-27,27.6,25,29.2,.9,4.5,73,.9,
245,정읍,2022-06-28,28.2,26.8,30.2,.1,6.3,67.4,5.4,
245,정읍,2022-06-29,26.8,24.9,29,.5,5.1,77.3,1.2,
245,정읍,2022-06-30,27.4,24.6,30.7,1.5,3.5,73,3.2,
245,정읍,2022-07-01,27.6,22.5,33.3,,1.4,73.8,11.8,
245,정읍,2022-07-02,27,21.2,33.2,,1.2,73.4,12.2,
245,정읍,2022-07-03,26.9,23.1,34.2,7.4,.9,77.3,9.1,
245,정읍,2022-07-04,26.6,23,31.3,0,1.1,79.6,4.4,
245,정읍,2022-07-05,26.8,23.5,31.1,0,.9,79,2.8,
245,정읍,2022-07-06,29.2,24.5,34.3,,1.9,69.9,8.8,
245,정읍,2022-07-07,29.3,26.8,33.3,0,3.8,68.6,7.5,
245,정읍,2022-07-08,26.3,23.2,30.2,.9,1.5,81.5,4.6,
245,정읍,2022-07-09,26,22.5,31,.1,1.2,78.9,7.6,
245,정읍,2022-07-10,27.6,22.3,33.7,1.3,1.1,74.5,8.8,
245,정읍,2022-07-11,26.4,23.1,30.4,6.2,1,82,2.2,
245,정읍,2022-07-12,27.2,24.1,31.4,.1,1.1,79.8,2.7,0
245,정읍,2022-07-13,26.4,23.9,29.3,.3,3,73.8,.3,
245,정읍,2022-07-14,25.8,23,29,8.3,1.7,82,4.7,
245,정읍,2022-07-15,25.3,21.6,30.8,,1.2,77,10.5,
245,정읍,2022-07-16,25.4,20.9,30.9,,1.4,75.8,11.5,
245,정읍,2022-07-17,25.6,22.4,29.3,,1.2,77.9,2.7,
245,정읍,2022-07-18,23.3,20.4,25.8,48.2,1.2,91.1,0,
245,정읍,2022-07-19,24.8,21.7,29.4,1.5,1.4,81.6,7.5,
245,정읍,2022-07-20,26.5,21.5,32.1,3.1,.9,77.4,8.5,
245,정읍,2022-07-21,24.1,22.4,26.9,4.6,3.1,81.5,.7,
245,정읍,2022-07-22,24.3,20.9,28.8,0,.9,78.8,7.8,
245,정읍,2022-07-23,24.4,20.1,28,2.9,1.6,77,2.8,
245,정읍,2022-07-24,24,22.7,25.3,6.6,2.4,88.6,.1,
245,정읍,2022-07-25,25.4,22.5,30.2,.4,1,80,7,
245,정읍,2022-07-26,26.2,22,31.4,,.9,82,6.5,
245,정읍,2022-07-27,27.3,22.3,32,,1.2,68.5,9.8,
245,정읍,2022-07-28,28.1,22.7,33.8,,1.5,67.6,10.8,
245,정읍,2022-07-29,29.7,24.5,35.6,0,1.1,67.4,10.1,
245,정읍,2022-07-30,27.4,23.7,32.3,.7,.9,76.9,3.5,
245,정읍,2022-07-31,26.2,25,28.4,16.6,1.2,84.1,0,
245,정읍,2022-08-01,28.5,25.2,30.5,1.6,2.6,74,1.4,
245,정읍,2022-08-02,27.8,25.4,31,1.1,2.8,77.3,5,
245,정읍,2022-08-03,27.6,25.5,31.2,12.1,1.7,83,4.9,
245,정읍,2022-08-04,28.2,25.4,32.5,2.2,1.5,80.8,9.7,
245,정읍,2022-08-05,28.5,25.1,32,0,1.8,80.3,6.7,
245,정읍,2022-08-06,29.1,25.8,33.4,,1.3,78.5,9.6,
245,정읍,2022-08-07,29.4,26.1,33.8,.9,2.1,74.1,7.8,
245,정읍,2022-08-08,28.7,27.4,31.2,,4,71.8,.8,
245,정읍,2022-08-09,28.7,26.9,30.9,,4,71.8,.9,
245,정읍,2022-08-10,27.8,25.2,29.5,2.7,3.4,77,0,
245,정읍,2022-08-11,25.8,24.4,26.8,54.1,2.1,88.1,0,
245,정읍,2022-08-12,26.2,22.6,31.1,2,1.2,83.6,4.6,
245,정읍,2022-08-13,26.4,22.5,29.7,5.3,1.3,83.8,3,
245,정읍,2022-08-14,28.9,26.5,32.5,,3,73.1,7.2,
245,정읍,2022-08-15,29.1,27.2,32.2,0,4.6,70.9,3.9,
245,정읍,2022-08-16,25.9,23.8,28.3,36.5,1.9,87.9,0,
245,정읍,2022-08-17,25.2,22,29.3,0,.9,82.4,4,
245,정읍,2022-08-18,24.7,20.2,30.7,,.7,76.6,9.3,
245,정읍,2022-08-19,26.8,20.6,31.3,,2.8,77.6,6.2,
245,정읍,2022-08-20,26.2,24,28.2,6.8,1.6,85.9,1.4,
245,정읍,2022-08-21,26.1,22.7,30.4,,.8,81.8,7.4,
245,정읍,2022-08-22,26.8,22.5,32,,1.1,76,9.1,
245,정읍,2022-08-23,25.2,22.6,27.6,2.1,1.2,84.9,0,
245,정읍,2022-08-24,24,21.9,28.1,,1.1,84.4,2.6,
245,정읍,2022-08-25,23.4,19.9,28.4,0,1.7,71.4,6.6,
245,정읍,2022-08-26,22.9,18.9,27.9,,1.1,69.6,11.5,
245,정읍,2022-08-27,21.2,16.5,25.6,,1.7,70.3,7.5,
245,정읍,2022-08-28,21.5,14.9,28.5,,1,67.8,8.3,
245,정읍,2022-08-29,21.1,18.4,23.7,.1,.9,76.1,0,
245,정읍,2022-08-30,21.7,20,25.4,2.5,1.2,89.9,.5,
245,정읍,2022-08-31,21.5,20,25.2,4.4,1.3,87.1,.7,
245,정읍,2022-09-01,21.9,19.4,26,,1,85.5,1.8,
245,정읍,2022-09-02,22.3,17.5,27.4,,1.6,76.6,3.8,
245,정읍,2022-09-03,23.6,19.9,28.6,.4,1.3,77.5,.7,
245,정읍,2022-09-04,25.4,21.2,30,.8,1.8,76.8,.5,
245,정읍,2022-09-05,22.3,18.7,25.1,70,2.1,93.3,0,
245,정읍,2022-09-06,20.2,17.4,24.9,50.1,3.8,81.8,6.5,
245,정읍,2022-09-07,21.1,15.8,27.3,,1.2,78.9,11.5,
245,정읍,2022-09-08,20.8,14.2,27.7,,1.3,77,9.7,
245,정읍,2022-09-09,22.2,16.6,28.6,,1.1,73.8,10.1,
245,정읍,2022-09-10,21.9,17.7,27.1,,.8,72.9,3.8,
245,정읍,2022-09-11,23.2,18.2,29.3,,1,71.1,8.3,
245,정읍,2022-09-12,22,20.1,23.8,2,.6,90.5,0,
245,정읍,2022-09-13,23.1,20.8,25.7,1.2,1,88.9,.2,
245,정읍,2022-09-14,24.6,19.7,28.7,,1.8,62.3,7.9,
245,정읍,2022-09-15,25.9,20.3,31,,1.7,67.3,8.5,
245,정읍,2022-09-16,27,24.3,31.5,0,2.2,70.4,5.9,
245,정읍,2022-09-17,26.1,23.3,31.7,0,1.6,78,8.5,
245,정읍,2022-09-18,26.7,23,32.1,,2.8,76.5,7.2,
245,정읍,2022-09-19,23.4,18.3,28.2,,4.1,69.8,6.3,
245,정읍,2022-09-20,19.1,14.2,25.9,,1.3,69,8.3,
245,정읍,2022-09-21,18.1,12.1,25.6,,.9,69.9,8.7,
245,정읍,2022-09-22,18.1,12.2,24.2,,.9,68,7.6,
245,정읍,2022-09-23,17,12.8,23.6,,1.5,71.3,6.4,
245,정읍,2022-09-24,17.5,11.3,23.2,,1.7,67.6,9.1,
245,정읍,2022-09-25,18.3,14.5,24.1,,.7,74.6,1.9,
245,정읍,2022-09-26,18.2,14.5,23.3,,.8,76.6,1.1,
245,정읍,2022-09-27,18.9,13,26.5,,1.1,75,10.9,
245,정읍,2022-09-28,19.4,15,24.5,,.5,77,1.4,
245,정읍,2022-09-29,17.8,13.2,25.2,,1,79.8,8.7,
245,정읍,2022-09-30,19.2,12.2,28.7,,.8,71.5,10.8,
247,남원,2022-05-20,19,13.3,25.1,,1.2,60.4,3.7,
247,남원,2022-05-21,19.4,12.4,26.6,,1.6,66.8,13.2,
247,남원,2022-05-22,20.6,11.4,29.7,,1.7,63.4,12.4,
247,남원,2022-05-23,21.7,13.5,29.6,,1.4,60.3,11.6,
247,남원,2022-05-24,21.9,12.4,31.3,,1.6,55.5,13.1,
247,남원,2022-05-25,21.2,14,29.9,,1.5,62.5,11.8,
247,남원,2022-05-26,19.4,13.4,25.7,0,1.7,53.8,12.7,
247,남원,2022-05-27,18.8,9.8,27.2,,2,56.8,13.1,
247,남원,2022-05-28,20.7,11.6,29.6,,2,51.9,11.9,
247,남원,2022-05-29,21.4,10.7,29.3,0,3,46.9,12.8,
247,남원,2022-05-30,19.8,18,22.6,0,1.2,78.3,0,
247,남원,2022-05-31,21.1,12,29.2,,1.4,51.8,13.4,
247,남원,2022-06-01,22.1,14.8,31.1,,1.9,47.4,11.6,
247,남원,2022-06-02,21.6,12,30.5,,1.6,61.8,13.3,
247,남원,2022-06-03,23.8,15.8,33,,1.9,60.5,12,
247,남원,2022-06-04,24,16.5,30.6,,1.6,50.9,8.7,
247,남원,2022-06-05,17.2,15.3,22,40.2,2.3,86.4,0,
247,남원,2022-06-06,18.8,15.9,23.8,.2,1,85.5,4,
247,남원,2022-06-07,17.8,15.4,21,13.3,1.5,81.5,.1,
247,남원,2022-06-08,18.7,14.6,23.4,2.1,1.4,78.6,5.5,
247,남원,2022-06-09,20.8,14.6,27,,1.3,70.6,11.6,
247,남원,2022-06-10,21.1,14.7,27.3,,1.2,71.6,6.5,
247,남원,2022-06-11,22.1,16.3,29.9,0,1.6,73,7.7,
247,남원,2022-06-12,22.4,17.1,27.6,,1.5,67.8,8.1,
247,남원,2022-06-13,21.3,18.5,25.1,,2.9,65.5,2.4,
247,남원,2022-06-14,17.7,16.3,19.6,1.1,5.7,74.6,0,
247,남원,2022-06-15,19.9,15.3,25,5.8,1.6,80.4,2,
247,남원,2022-06-16,21.9,18.3,27.5,,1.9,65.8,7.9,
247,남원,2022-06-17,22.2,15.9,28.1,1.7,1.5,74.1,7.2,
247,남원,2022-06-18,24.6,19.2,30.3,,2,69.6,11.9,
247,남원,2022-06-19,25.6,20.3,31.8,0,1.3,70.6,11.4,
247,남원,2022-06-20,26.1,20.5,33.3,19.3,1.4,75.6,11.3,
247,남원,2022-06-21,26.7,22.3,33.3,,1.2,77,7.8,
247,남원,2022-06-22,27,21,33.3,,1.2,70.6,11,
247,남원,2022-06-23,25.4,21.7,29.7,31.5,2.6,79.3,1.1,
247,남원,2022-06-24,24.8,22.3,28.7,39,2.8,81.6,4.6,
247,남원,2022-06-25,25.7,21.4,30.6,7,2,76.8,4.9,
247,남원,2022-06-26,27.1,24.1,30.8,,2.9,73.4,3.5,
247,남원,2022-06-27,27,25.1,29.1,.3,3.2,75.8,.4,
247,남원,2022-06-28,27.1,25.5,30,0,3.8,73.4,.8,
247,남원,2022-06-29,27.4,25.9,30.6,0,3.6,73.5,3,
247,남원,2022-06-30,26.9,23.4,30.7,.8,2.6,76.6,1.4,
247,남원,2022-07-01,27.2,21.3,33.1,,2.2,72.5,12.6,
247,남원,2022-07-02,27.4,20.7,34.2,,1.2,68.3,10.7,
247,남원,2022-07-03,28.2,22,34.2,,1.8,65.3,9.1,
247,남원,2022-07-04,26.3,24,29.7,.7,1,81.8,1.1,
247,남원,2022-07-05,26.9,23.2,32.2,6.7,1.1,82.8,3.8,
247,남원,2022-07-06,28.6,24.1,33.8,,2.2,73.8,10,
247,남원,2022-07-07,28.5,24.8,33.2,.1,2.8,72.1,5.3,
247,남원,2022-07-08,25.9,22.8,28.3,1.5,1.2,88.4,1.6,
247,남원,2022-07-09,25.6,22.3,30.4,,1.1,79.8,4.7,
247,남원,2022-07-10,27.5,21.7,33.3,,1.9,73.6,7.7,
247,남원,2022-07-11,25.9,23.2,31.2,19.8,1,85.4,3.2,
247,남원,2022-07-12,26.9,24.5,30.2,0,1.6,79.3,1.2,
247,남원,2022-07-13,25.5,23.4,27.3,0,1.7,77.6,.3,
247,남원,2022-07-14,26.1,22.9,31,25.1,1.3,83.5,4.8,
247,남원,2022-07-15,25,20.4,30.8,,1.2,76.3,11.8,
247,남원,2022-07-16,24.8,19.4,31,,1.6,74.6,9.3,
247,남원,2022-07-17,24.8,21,28.6,,1.3,78.9,2,
247,남원,2022-07-18,21.7,20.6,24,44.3,2.3,96.9,0,
247,남원,2022-07-19,24.8,21.8,30.1,.5,1.1,83,4.7,
247,남원,2022-07-20,25.8,20.3,32,1,1.4,78.9,9.3,
247,남원,2022-07-21,23.6,21.5,27.8,3,2.2,84.8,.4,
247,남원,2022-07-22,23.8,20.1,27.9,3.7,1,81,5.6,
247,남원,2022-07-23,23.7,19.4,28.6,3.4,1.5,80.5,2.9,
247,남원,2022-07-24,23.8,21.5,26,8.9,1.9,90.9,.1,
247,남원,2022-07-25,25.7,22.2,31.3,.2,.9,84.1,6.1,
247,남원,2022-07-26,26.4,22.4,32,,1.5,81.1,7.2,
247,남원,2022-07-27,25.9,21.3,30.8,,1.3,76.5,8.9,
247,남원,2022-07-28,27,20.8,32.8,,1.8,74,11.9,
247,남원,2022-07-29,28.6,23,34.2,0,1.6,71.4,9.5,
247,남원,2022-07-30,27.7,25.3,30.1,0,3.5,73.4,1,
247,남원,2022-07-31,25.5,24.4,28.2,39.3,2.1,90.8,0,
247,남원,2022-08-01,27.5,24.7,29.5,22.8,2.6,81.6,1,
247,남원,2022-08-02,27.3,25.3,30.9,.6,2,83.8,2.4,
247,남원,2022-08-03,27.6,24.3,31.9,.7,1.3,83.8,4.1,
247,남원,2022-08-04,27.6,24.9,31.9,3.5,1,84.9,4.8,
247,남원,2022-08-05,28,24.7,32.5,4,1.6,84,6,
247,남원,2022-08-06,28.7,24.7,33.5,,1.1,79.8,8,
247,남원,2022-08-07,27.3,23.3,34,16,1.7,85,5.4,
247,남원,2022-08-08,27.9,23.9,32.3,,2.4,76.3,4.2,
247,남원,2022-08-09,28.2,25.4,31.2,,2.3,73.4,.8,
247,남원,2022-08-10,27.6,24.4,29.7,.7,2.4,76.6,0,
247,남원,2022-08-11,24.7,23.8,25.5,24.7,.7,97.8,0,
247,남원,2022-08-12,26.9,24.4,32,6.5,.9,86,4.7,
247,남원,2022-08-13,26.1,23.3,30.6,.9,1.3,87.8,2.8,
247,남원,2022-08-14,27.9,23.8,33.3,,1.8,80.4,3.9,
247,남원,2022-08-15,29.2,25.9,32.7,,3.3,69.6,4.8,
247,남원,2022-08-16,25.7,22.4,28.2,30.8,1.8,89.1,0,
247,남원,2022-08-17,24.5,21,30,.2,1.1,87,2.1,
247,남원,2022-08-18,24.3,18.5,30.8,,1.5,77.5,11.7,
247,남원,2022-08-19,26.1,20.1,31.4,,1.7,82.3,2.2,
247,남원,2022-08-20,25.8,23.3,27.9,20.1,.9,91.9,1.7,
247,남원,2022-08-21,27,22.9,32.1,,1.1,76.9,9.4,
247,남원,2022-08-22,26.5,22.4,32,,1.4,77.1,8,
247,남원,2022-08-23,25,23,28.3,11.9,.8,89.4,.1,
247,남원,2022-08-24,22.9,21.5,24.8,9.1,2.6,86,1.5,
247,남원,2022-08-25,22.9,19.1,28.6,0,1,76.4,5.5,
247,남원,2022-08-26,22.7,18.5,28.5,,1.3,71.8,11.6,
247,남원,2022-08-27,20.5,15,26,,1.4,72.9,6.2,
247,남원,2022-08-28,20.4,13.4,27.3,,1.9,66.6,8.2,
247,남원,2022-08-29,20.6,17.2,22.9,0,1.7,74.9,0,
247,남원,2022-08-30,22.8,20.5,25.8,2.7,1.9,84.8,0,
247,남원,2022-08-31,22,19.8,25.4,7.5,1.1,88.9,2.1,
247,남원,2022-09-01,21.5,17.6,24.9,,1.6,80.9,2,
247,남원,2022-09-02,22.5,18.6,25.3,,4.4,73.9,1.8,
247,남원,2022-09-03,23.1,20.6,26.6,.4,5,77.9,1,
247,남원,2022-09-04,25.7,22.3,30.7,0,2.8,77.6,2.9,
247,남원,2022-09-05,23.9,23.2,25.3,37.3,1.7,90.5,0,
247,남원,2022-09-06,20.5,16.2,25.1,31.7,2.2,83,4.5,
247,남원,2022-09-07,20.2,14,28.1,,1.6,72.8,11.3,
247,남원,2022-09-08,20.4,12.5,29,,1.3,72.9,10.8,
247,남원,2022-09-09,21.9,15.8,29.2,,2.3,66.1,8.4,
247,남원,2022-09-10,21.5,18,25.4,,3.3,69.3,2.6,
247,남원,2022-09-11,22.7,17.3,27.7,,1.6,71.1,4.8,
247,남원,2022-09-12,22,19.8,24.1,1,.9,89.1,0,
247,남원,2022-09-13,24.5,20.6,28,0,3.2,68.5,.9,
247,남원,2022-09-14,23.9,22,27.2,,6.6,57.8,8.2,
247,남원,2022-09-15,24.4,21.9,27.6,,6.5,69.5,6.4,
247,남원,2022-09-16,25.4,22,30.6,,,76.9,5.6,
247,남원,2022-09-17,26.2,20.9,32.9,0,,75.1,8.6,
247,남원,2022-09-18,27.5,23.1,32.5,0,,68.8,4.9,
247,남원,2022-09-19,25.3,19.1,30.2,,1.8,67.9,7.5,
247,남원,2022-09-20,19.9,15.6,24.3,,2.8,58.1,8.8,
247,남원,2022-09-21,18,13.1,23.9,,2.8,62.5,11,
247,남원,2022-09-22,18,10.8,25.2,,1.5,66.4,8.1,
247,남원,2022-09-23,17.1,11.3,24.9,,1.6,73.5,7.8,
247,남원,2022-09-24,16.5,8.9,24,,1.5,63.5,8.7,
247,남원,2022-09-25,17.5,13.1,23.7,,1.1,70.6,2.4,
247,남원,2022-09-26,17.3,13.8,21.5,0,.9,79.3,.2,
247,남원,2022-09-27,19.5,12.7,27.6,,1.4,65.5,10.3,
247,남원,2022-09-28,18.3,13.1,24.1,,1,80.5,2.2,
247,남원,2022-09-29,18.7,11.9,27.6,,1.3,77,9.8,
247,남원,2022-09-30,19.3,11.4,29.1,,1.4,71.3,10.9,
248,장수,2022-05-20,16.5,10.6,24.7,,1.1,66.3,6.4,
248,장수,2022-05-21,17.4,9.4,24.9,,1.4,70.9,12.2,
248,장수,2022-05-22,18.4,9.2,26.7,,1.7,66,12.3,
248,장수,2022-05-23,19.1,11.3,27.6,,1.3,66.8,10.8,
248,장수,2022-05-24,19.4,9.1,29.1,,1.5,60.9,12.6,
248,장수,2022-05-25,19.7,11.7,27.7,,1.5,64.4,11.5,
248,장수,2022-05-26,16.7,10,23.6,.3,1.9,59.4,12.4,
248,장수,2022-05-27,17.4,9.4,24.2,,2.5,54.1,12.6,
248,장수,2022-05-28,18.6,9.5,27.6,,1.5,53.6,11.1,
248,장수,2022-05-29,19.5,7.7,28.7,0,1.6,54.5,12.5,
248,장수,2022-05-30,17.5,14.9,20,3.2,1.4,87.4,0,
248,장수,2022-05-31,18.3,9.4,26.5,,1.6,56.9,12.6,
248,장수,2022-06-01,19.7,11.7,29.1,,1.5,54.6,11.5,
248,장수,2022-06-02,19.1,9.3,28.8,,1.2,63.8,12.7,
248,장수,2022-06-03,22.5,13.5,31.1,,1.4,62.3,9.4,
248,장수,2022-06-04,22,14.6,28.4,,1.3,52.9,7.6,
248,장수,2022-06-05,16.7,15.5,20.6,28.1,2,82,0,
248,장수,2022-06-06,17.8,15.3,22.5,.9,1.5,85.3,4.2,
248,장수,2022-06-07,15.8,14.4,18,25.9,.9,88.8,0,
248,장수,2022-06-08,17.2,14,22.8,.1,1,81.4,2.4,
248,장수,2022-06-09,19.7,14,25,.3,1.2,76.5,9.8,
248,장수,2022-06-10,20.3,15.9,26.5,,1,77,4.4,
248,장수,2022-06-11,19.7,15.4,26.9,.5,1,84.5,5.9,
248,장수,2022-06-12,19.9,14.1,25.2,0,1,78.9,4.9,
248,장수,2022-06-13,19.3,15.8,23.4,,1.6,71.8,2.9,
248,장수,2022-06-14,16.2,14.8,18,3,2.4,81.3,0,
248,장수,2022-06-15,19,14.9,23.9,3.2,2.2,80,2.4,
248,장수,2022-06-16,19.9,15.2,25.1,,2.2,68,9.6,
248,장수,2022-06-17,21.6,13.5,28.2,,1.3,73,8.3,
248,장수,2022-06-18,23.3,16.9,28.4,0,1.5,74.5,11.7,
248,장수,2022-06-19,24,18.1,30,.1,1.4,76.1,12.3,
248,장수,2022-06-20,24.4,19.1,31.2,8.7,1.1,80.8,7.6,
248,장수,2022-06-21,25.4,20.9,31.6,0,1.5,80.5,6.7,
248,장수,2022-06-22,24.9,18.7,31.2,,1.1,75.6,12.4,
248,장수,2022-06-23,23.6,20,27.5,71.7,2.3,87,1.1,
248,장수,2022-06-24,23.6,21.6,27.2,61.8,2.9,80.9,4.2,
248,장수,2022-06-25,24.9,21.3,29.4,,2.4,76,7.2,
248,장수,2022-06-26,25.5,23,29.5,,2.3,76.4,2,
248,장수,2022-06-27,25.4,24.6,27.1,.4,2.9,78.5,0,
248,장수,2022-06-28,25.6,23.7,27.9,.1,3.5,75.5,.5,
248,장수,2022-06-29,25.3,23.6,28.3,3.4,2.8,80.4,.2,
248,장수,2022-06-30,24,20.5,27.6,18,1.7,89.5,.8,
248,장수,2022-07-01,24.8,19,31.2,0,1.4,80.5,11.4,
248,장수,2022-07-02,25.6,19.3,33,,.8,74,11.6,
248,장수,2022-07-03,24.8,19.8,31,1.7,1,80.9,7.9,
248,장수,2022-07-04,24.6,21.3,29.3,,.7,87,3.3,
248,장수,2022-07-05,25.6,21.8,29.5,1.4,1,86.3,2.4,
248,장수,2022-07-06,26.8,22.6,32.7,,1.3,79.5,6.8,
248,장수,2022-07-07,26.4,21.3,31.8,.6,1.9,79.5,5.3,
248,장수,2022-07-08,24.5,19.8,27.4,2.7,1.2,88.4,.8,
248,장수,2022-07-09,23.6,19.8,28.8,,1.3,85.5,6.5,
248,장수,2022-07-10,25.8,19.4,31.4,,1.3,78.8,9.3,
248,장수,2022-07-11,24.2,22,28.3,17.3,1,90.6,1.3,
248,장수,2022-07-12,25.4,22.4,28.5,,1.1,84.8,.7,
248,장수,2022-07-13,23.9,22.2,25.7,3.4,1.9,84.5,0,
248,장수,2022-07-14,24.7,20.5,29.1,6.3,1.4,84.1,6.6,
248,장수,2022-07-15,23.1,18.3,28.9,,1,80.8,10.6,
248,장수,2022-07-16,22,16.7,27.9,,1.1,82.1,4.8,
248,장수,2022-07-17,23.2,19.4,27.5,.3,1.1,81.1,2.4,
248,장수,2022-07-18,21.1,19.9,22.4,58.9,.6,98.8,0,
248,장수,2022-07-19,23.2,20.1,28.3,3.1,1.3,86.3,4.6,
248,장수,2022-07-20,24.3,18.8,30.6,.6,.9,81,9.1,
248,장수,2022-07-21,22.7,21.1,26.2,11.1,2.7,86.5,.1,
248,장수,2022-07-22,22.4,18.8,27.1,.1,1.4,80.8,3.6,
248,장수,2022-07-23,22.5,17.9,26.5,.6,1.3,83.3,2.6,
248,장수,2022-07-24,22.7,20.7,25.4,8.1,1.4,94.5,.3,
248,장수,2022-07-25,24.5,20.9,30,.2,1,85,7.9,
248,장수,2022-07-26,24.9,20.2,31.8,,.7,81.3,8.6,
248,장수,2022-07-27,23.9,19.5,29.8,,.8,79.8,9.9,
248,장수,2022-07-28,24.7,18,30.7,,1,81.6,8.6,
248,장수,2022-07-29,26.4,20.1,32.3,,.9,77.3,8,
248,장수,2022-07-30,25.5,21.7,27.8,.5,1.9,82,.1,
248,장수,2022-07-31,24.4,23.2,27.3,40.2,1.2,93.1,.1,
248,장수,2022-08-01,25.5,23.1,28.8,10.4,1.8,88.3,1.4,
248,장수,2022-08-02,25.7,23.2,29.2,3,1.8,86.4,.8,
248,장수,2022-08-03,25.6,23.2,30.5,10.2,1,91.4,2.1,
248,장수,2022-08-04,26,23.3,30.8,6.9,1.1,86.8,4.9,
248,장수,2022-08-05,26.2,23.1,31.1,3,1.2,88.1,3.5,
248,장수,2022-08-06,26.7,22.5,31.7,,.8,83.4,8.7,
248,장수,2022-08-07,26.3,22.9,32,6.6,1.4,85.3,8.4,
248,장수,2022-08-08,26.7,25.4,29.3,,2.8,75.3,.9,
248,장수,2022-08-09,26.5,25,29.1,0,3,76,.4,
248,장수,2022-08-10,25.7,23.6,27.2,3.6,2.6,81.3,0,
248,장수,2022-08-11,24.3,22.9,25.5,32.5,1.9,89.4,0,
248,장수,2022-08-12,25.9,22.1,30.9,.7,1.2,85.5,5.5,
248,장수,2022-08-13,25,21.2,29.8,15.5,1.2,88.3,3.1,
248,장수,2022-08-14,26.6,24.5,30.3,0,2.2,79.6,2,
248,장수,2022-08-15,26.9,24.9,29.3,0,3.5,75.4,1,
248,장수,2022-08-16,24.1,22.7,26.2,30,1.9,92.1,0,
248,장수,2022-08-17,22.9,18.6,28.6,1.7,1,90,3.3,
248,장수,2022-08-18,22.2,17.3,28.7,,.9,86.3,8.4,
248,장수,2022-08-19,24.5,18.1,28.6,,1.9,84.5,1.9,
248,장수,2022-08-20,24.6,20.8,27.3,21.3,1.5,90.4,.6,
248,장수,2022-08-21,24.4,21,30.2,,.8,85.8,6.2,
248,장수,2022-08-22,24.1,19.6,30.3,,.9,83.4,6.7,
248,장수,2022-08-23,23.6,21.3,26.2,5.9,.7,91.9,0,
248,장수,2022-08-24,22,19.8,23.7,4.1,1,90.9,0,
248,장수,2022-08-25,21.6,17.9,27.2,0,1.1,80.4,4.6,
248,장수,2022-08-26,20.4,15.2,26.7,,1.4,80.4,10.1,
248,장수,2022-08-27,18.3,12,24.7,,1.1,80.9,6.1,
248,장수,2022-08-28,17.5,10.6,25.8,,.7,79.8,8.9,
248,장수,2022-08-29,18.2,13.9,21.1,.4,.5,88.6,0,
248,장수,2022-08-30,21.5,17.9,25.3,2.6,.8,91.5,.2,
248,장수,2022-08-31,21.4,18.5,25.9,9.1,1.2,90.3,3.1,
248,장수,2022-09-01,19.9,15.5,24,0,1,88.8,.5,
248,장수,2022-09-02,20,15.2,24,,2.3,81.8,.3,
248,장수,2022-09-03,21.5,17.8,24.3,0,2.4,82.8,.1,
248,장수,2022-09-04,23.7,20.2,29,0,1.3,84.3,3.2,
248,장수,2022-09-05,22.9,21,24.9,33.7,2.2,90.9,0,
248,장수,2022-09-06,17.9,11.8,22.6,40.3,3.1,87.9,.9,
248,장수,2022-09-07,17,9.8,25.9,0,1.1,78.8,10.4,
248,장수,2022-09-08,17.8,9.9,27.2,,.7,81.3,8.2,
248,장수,2022-09-09,19.3,12.5,27.7,,.8,76.8,9.2,
248,장수,2022-09-10,18.2,14.4,23.4,.2,1,84.8,1.2,
248,장수,2022-09-11,20,13.2,26.8,,.7,83,5.8,
248,장수,2022-09-12,20.4,16.8,23.7,.4,.7,93,.1,
248,장수,2022-09-13,22.4,19,28,0,1.2,79.1,1,
248,장수,2022-09-14,22.9,19.5,26.2,,3.6,56.9,5.5,
248,장수,2022-09-15,22.7,16,27,,1.5,76.9,5.8,
248,장수,2022-09-16,24.2,20.6,29.1,,1.4,79.8,6.6,
248,장수,2022-09-17,23.9,17.8,31,.3,.8,82.1,7.8,
248,장수,2022-09-18,25,21,30.8,0,2.6,78.5,4.4,
248,장수,2022-09-19,22.8,16.1,27.9,,3.8,72.8,2.9,
248,장수,2022-09-20,16.3,10.8,22.6,,1.1,73,7.7,
248,장수,2022-09-21,14.2,8.1,22.7,,.8,78.4,9.9,
248,장수,2022-09-22,15.1,6.3,23.3,,.8,78,7.6,
248,장수,2022-09-23,14.8,8.8,23.2,0,1.6,80.8,6.5,
248,장수,2022-09-24,13.9,6.9,21.6,,1.7,75,8.2,
248,장수,2022-09-25,15.8,10.8,22.6,,.9,77.6,2.8,
248,장수,2022-09-26,15.2,11.8,20,0,.6,87.5,.4,
248,장수,2022-09-27,16.5,9.5,26.4,,.7,74.6,9.8,
248,장수,2022-09-28,15.9,10.4,23.4,,.7,86.8,2.2,
248,장수,2022-09-29,16.4,11.1,26,,.9,78.5,7.8,
248,장수,2022-09-30,16.3,9.9,28.3,,.6,76.6,8.7,
251,고창군,2022-05-20,19.1,14.6,25.6,,.9,60.1,5.1,16.53
251,고창군,2022-05-21,18.9,12.3,26,,1.4,71.3,12.3,28.32
251,고창군,2022-05-22,19.9,12.8,28,,1.6,69.5,12.3,27.46
251,고창군,2022-05-23,20.6,14.3,29.1,,1.1,61.9,11.1,25.85
251,고창군,2022-05-24,19.6,11.5,29.9,,1.4,62.1,12.4,28.72
251,고창군,2022-05-25,19.8,12.6,28.4,,1.5,65.3,11,26.1
251,고창군,2022-05-26,17.9,12.3,25.3,.2,1.7,68.4,10.6,28.4
251,고창군,2022-05-27,19.5,12.6,26.2,,2,61.8,11.9,28.46
251,고창군,2022-05-28,21.2,13.4,29.7,,1.5,49.4,8.3,24.63
251,고창군,2022-05-29,21.5,13.8,29.4,0,2.1,61.4,10.4,28.04
251,고창군,2022-05-30,19,16.6,22.6,0,1.8,81.4,.2,9.17
251,고창군,2022-05-31,19,10.1,27.9,,1.3,55.9,12.6,29.98
251,고창군,2022-06-01,21.3,14,30.6,,1.5,47.5,12.3,30.35
251,고창군,2022-06-02,20.8,12.6,28.3,,1.5,71.5,10.1,27.45
251,고창군,2022-06-03,22.7,17.6,30.9,,1.3,70.9,12.1,28.69
251,고창군,2022-06-04,24.2,15.7,31.1,,1.7,50.5,9.7,23.62
251,고창군,2022-06-05,18.1,17,23.4,13.1,2.4,81,0,4.5
251,고창군,2022-06-06,19.2,16.1,23.8,,1.6,82,4.9,16.79
251,고창군,2022-06-07,18.1,15.6,23.4,85.8,1.4,83.8,.1,6.96
251,고창군,2022-06-08,19.2,15.6,24.3,7.4,1.2,77.6,5.8,19.87
251,고창군,2022-06-09,20.2,15.8,27.4,,1.3,75.1,9.4,24.67
251,고창군,2022-06-10,21.3,15.2,27.5,,1.2,69.8,4.3,19.79
251,고창군,2022-06-11,22.7,16.2,29.3,,1.8,66.9,10.4,26.85
251,고창군,2022-06-12,21.7,17.2,27.9,,1.2,73,7.4,20.72
251,고창군,2022-06-13,22.1,17.8,26.2,,1.4,66.5,1.2,14.86
251,고창군,2022-06-14,18.1,16.7,21.2,4.1,1.3,83.8,0,9.38
251,고창군,2022-06-15,20.4,16.8,25.3,3.1,2.1,79.6,4.5,15.5
251,고창군,2022-06-16,21.6,17.5,26.4,,1.2,69.8,7.7,24.4
251,고창군,2022-06-17,22.7,17.2,27.2,0,1.1,79.4,1.1,12.32
251,고창군,2022-06-18,24.1,19.8,29.3,3.4,1.6,75.5,8.4,22.74
251,고창군,2022-06-19,24,19.8,29.3,0,1.1,82.4,4.7,16.51
251,고창군,2022-06-20,24.5,19.3,31.2,0,1.3,79.4,10.7,25.66
251,고창군,2022-06-21,24.2,20.7,31.2,,1.6,81.5,9.9,25.83
251,고창군,2022-06-22,25,19,32.2,,1.3,77.6,12.5,28.22
251,고창군,2022-06-23,24.8,20.8,28.1,22.7,2.6,84,.6,7.26
251,고창군,2022-06-24,24.1,22.5,27.8,14.8,2.4,85.6,5,14.11
251,고창군,2022-06-25,26.3,21.7,30.7,,2.6,77.8,6,19.99
251,고창군,2022-06-26,26.8,23.8,30.9,,3.5,78.1,5,16.09
251,고창군,2022-06-27,27,25.1,29.7,.1,4.2,79.9,.9,13.42
251,고창군,2022-06-28,27.9,26.1,30.7,0,5.5,72.8,5,22.63
251,고창군,2022-06-29,26.9,25.2,29.6,0,4.2,80.5,.8,12.76
251,고창군,2022-06-30,27.1,24.8,30.1,.6,2.9,77.1,2.7,14.98
251,고창군,2022-07-01,27.5,22.6,33.5,,1.6,74.6,9.3,23.5
251,고창군,2022-07-02,26.7,20.7,33.4,,1.1,74.5,11.1,25.84
251,고창군,2022-07-03,26.7,22.2,33.2,20.5,1,78.6,6.7,20.37
251,고창군,2022-07-04,26.5,22.8,31.1,0,.9,83.6,1.7,14.59
251,고창군,2022-07-05,26.9,23.5,31.3,0,.9,82,2.6,14.6
251,고창군,2022-07-06,29.3,24.3,34.5,,2.5,71.4,9.6,26.92
251,고창군,2022-07-07,28.7,26.7,33,0,3.3,76.6,3.1,18.23
251,고창군,2022-07-08,26.3,23.1,30.2,0,1.4,84.9,4.3,10.27
251,고창군,2022-07-09,26.1,22.5,31.4,0,1.3,79.6,8.1,22.64
251,고창군,2022-07-10,27.4,21.8,33.4,6,1,76.8,7,21.87
251,고창군,2022-07-11,26.1,23.5,29.5,2.1,1.1,84,1,11.59
251,고창군,2022-07-12,26.9,23.8,32,0,.9,83.1,1.7,12.81
251,고창군,2022-07-13,26.4,24.4,29.3,0,2.7,76.5,1.7,9.68
251,고창군,2022-07-14,26.1,22.7,30.2,20.3,1.7,83.1,6.1,20.17
251,고창군,2022-07-15,25.5,21.2,31.2,,1.2,76.8,9.9,24.01
251,고창군,2022-07-16,25.3,20.7,31.5,,1.4,78.9,8,24.86
251,고창군,2022-07-17,25.8,21.9,29.7,,.9,81,1.2,11.57
251,고창군,2022-07-18,23.9,20.3,26.5,35.9,1.6,90.9,0,3.17
251,고창군,2022-07-19,25.1,22.1,30.4,,1.6,81.5,6.9,22.87
251,고창군,2022-07-20,26.5,21.8,32.8,2,1,80,8.1,24.19
251,고창군,2022-07-21,24.2,22.2,26.3,1.2,3.1,84.3,0,3.79
251,고창군,2022-07-22,24.6,21.3,30,0,1.3,80.6,6.8,20.49
251,고창군,2022-07-23,24.2,20.2,28,6.6,2.2,81.3,1,12.63
251,고창군,2022-07-24,23.8,22.7,25.1,1.5,2,92.3,0,5.43
251,고창군,2022-07-25,25.4,22.2,29.7,0,1,83.8,3.7,15.45
251,고창군,2022-07-26,26.3,21.5,31.6,,1.1,82.6,6.9,20.12
251,고창군,2022-07-27,27.1,21.7,32.2,,1.4,72.8,10.5,24.81
251,고창군,2022-07-28,28.4,24.1,33.5,,1.9,70,12,25.94
251,고창군,2022-07-29,29.8,24.1,35.2,,1.2,69.1,10.9,26.62
251,고창군,2022-07-30,27.9,23.7,31.8,0,1.3,75.4,2.9,10.81
251,고창군,2022-07-31,27.2,25.8,28.5,5.6,2.8,80.3,.1,7.04
251,고창군,2022-08-01,27.1,25.8,30.6,5.6,3.3,85.1,1.1,11.89
251,고창군,2022-08-02,27.2,25.1,30.9,2,2.2,83.5,3.8,14.37
251,고창군,2022-08-03,27.6,25.2,31.6,3.5,1.3,85.8,5.2,16.95
251,고창군,2022-08-04,28.4,25.2,33.3,,1.4,80.9,8.7,23.51
251,고창군,2022-08-05,28.3,25.6,32.5,.4,1.5,83.5,4.7,16.14
251,고창군,2022-08-06,29.2,26.2,33.6,,1.2,81.3,5.5,17.76
251,고창군,2022-08-07,29.5,25.8,33.7,0,1.9,78,6.1,19.58
251,고창군,2022-08-08,28.4,26.8,31.5,,2.8,77.1,1.5,13.89
251,고창군,2022-08-09,28.4,26.6,31.7,,2.9,77,1.4,15.17
251,고창군,2022-08-10,27.9,25.7,29.5,0,2.7,80.3,0,7.9
251,고창군,2022-08-11,25.8,25.2,26.8,11,1.4,91.3,0,2.02
251,고창군,2022-08-12,26.3,22.2,31,1.6,1,84.6,6.4,18.02
251,고창군,2022-08-13,26.8,22.3,30.5,.3,1.3,84.5,1.3,10.21
251,고창군,2022-08-14,28.6,26.6,32.6,,2.5,78.1,6.2,19.7
251,고창군,2022-08-15,29.1,27.2,32.1,,3.7,74.6,4.2,18.2
251,고창군,2022-08-16,26,23.7,28.8,10.4,1.5,89,0,5.98
251,고창군,2022-08-17,25.2,21.8,30.3,.4,1.2,85.3,4.3,16.06
251,고창군,2022-08-18,24.8,20.1,31.8,,.8,80,8.6,23.25
251,고창군,2022-08-19,26.8,20.2,32,,1.9,82.6,4.2,16.81
251,고창군,2022-08-20,26.4,22.6,29.4,4.9,1.2,88.4,2,8.07
251,고창군,2022-08-21,26.3,23.1,30.9,,.9,83.9,5.2,15.88
251,고창군,2022-08-22,26.7,21.7,32,,1.2,78.1,9.4,23.65
251,고창군,2022-08-23,25.3,23.2,28.1,3.9,.8,89.5,0,2.92
251,고창군,2022-08-24,24.4,21,29.8,.2,.8,84.6,3.6,14.53
251,고창군,2022-08-25,23.7,19.3,29.5,.3,1.3,74.8,4.1,17.75
251,고창군,2022-08-26,23,18.7,28.4,,1.2,73.4,11.1,23.61
251,고창군,2022-08-27,21,15.6,26.1,,1.5,73.4,6.9,20.07
251,고창군,2022-08-28,21.3,15.1,28.2,,1.1,72,8.4,22.59
251,고창군,2022-08-29,21.6,18,23.9,.2,1.1,73.9,0,6.15
251,고창군,2022-08-30,24,20.9,27.7,4.9,1.1,85,.1,8.25
251,고창군,2022-08-31,22,20,26.3,2.1,1.3,87.5,2.7,11.36
251,고창군,2022-09-01,21.9,19.2,25.7,,1.3,87.1,1.7,10.47
251,고창군,2022-09-02,22.6,18.1,28,,1.5,79,3.9,15.53
251,고창군,2022-09-03,24.2,20.1,29,.1,1.8,76.9,2.8,12.51
251,고창군,2022-09-04,25.7,23.1,30.4,1.1,2,79.8,.9,11.28
251,고창군,2022-09-05,23.1,19.7,26.4,59.1,3,90.9,0,2.74
251,고창군,2022-09-06,20.7,17.7,25.8,30.7,3.7,82.6,4.6,14.42
251,고창군,2022-09-07,21.3,14.6,28.1,.1,1,78.9,10.3,23.27
251,고창군,2022-09-08,21.6,16.6,28.5,,1.3,77.9,9.3,20.99
251,고창군,2022-09-09,22.4,16.4,29.3,,1.2,76.3,9.7,22.86
251,고창군,2022-09-10,22.6,19.3,27.4,0,1.1,74.8,4.2,14.07
251,고창군,2022-09-11,23.2,17.3,30,0,.9,75.3,9.6,21.07
251,고창군,2022-09-12,22.1,20.3,23.8,2.9,.8,92.3,0,4.73
251,고창군,2022-09-13,23.2,21.2,25.3,1,1.5,90.3,0,5.57
251,고창군,2022-09-14,24.9,19.7,29.5,,1.8,67.8,9.2,17.78
251,고창군,2022-09-15,27,24,30.8,,2.7,67.4,8,18.57
251,고창군,2022-09-16,27,24.3,31.9,0,2.5,75.3,6.9,17.65
251,고창군,2022-09-17,26.8,23.4,32.4,.1,1.5,77.8,8.6,20.27
251,고창군,2022-09-18,27.4,23.6,32.2,,3,76.3,7.2,15.88
251,고창군,2022-09-19,23.9,18.7,28.3,,3.2,70.4,5.8,15.85
251,고창군,2022-09-20,19.5,14.3,26,,1.6,71,8.9,19.7
251,고창군,2022-09-21,18.2,12.1,25.7,,.9,74.3,10.3,22.7
251,고창군,2022-09-22,19.2,13.8,24.8,,1.2,65.4,8.7,18.58
251,고창군,2022-09-23,17,12,24.5,,1.6,75.4,5.2,14.72
251,고창군,2022-09-24,17,11,23.6,,1.6,74.1,9.6,19.14
251,고창군,2022-09-25,18.6,14.7,24.8,,.8,74.1,2.8,13.02
251,고창군,2022-09-26,18,14.6,23.2,,.9,81,1.8,8.97
251,고창군,2022-09-27,18.9,12.6,27,,1.1,77,10.1,20.75
251,고창군,2022-09-28,19.1,14.6,24.8,,.5,82.6,1.1,9.18
251,고창군,2022-09-29,17.9,13.1,26.2,,.9,81.9,7.2,18.52
251,고창군,2022-09-30,18.9,11.6,29.2,,.7,75.3,10.1,20.14
252,영광군,2022-05-20,19,14.3,24.9,,1,63.6,5.1,17.67
252,영광군,2022-05-21,18.6,12.6,24.4,,1.5,73.5,12.8,29.15
252,영광군,2022-05-22,19.3,13.5,26.1,,1.7,72,12.1,28.12
252,영광군,2022-05-23,20.5,15,28.2,,1.4,65.5,10.8,25.75
252,영광군,2022-05-24,19.6,12.1,28,,1.5,66.4,12.8,29.04
252,영광군,2022-05-25,19.6,13.8,26.3,,1.4,69.1,11.6,25.93
252,영광군,2022-05-26,17.9,13.6,24.1,1.2,1.6,70.8,12.8,30.46
252,영광군,2022-05-27,19.1,13.1,24.4,,2.3,71.3,12.2,28.42
252,영광군,2022-05-28,21.7,16.3,28.7,,2.6,58.1,10.8,23.01
252,영광군,2022-05-29,20.9,15.7,28.2,.9,1.8,70.8,8.7,24.87
252,영광군,2022-05-30,18.7,15.6,22.1,2.3,1.4,83.9,0,9.97
252,영광군,2022-05-31,19.2,11.5,25.5,,1.4,59.3,12.9,30.55
252,영광군,2022-06-01,20.7,14.8,29.1,,1.3,54,12.1,30.02
252,영광군,2022-06-02,21,14.3,26.8,,1.4,75.5,10.4,26.76
252,영광군,2022-06-03,21.7,18.8,26.8,,1.5,79.6,8.3,25.84
252,영광군,2022-06-04,23.8,16.2,30.1,0,2.6,52.4,8.8,24.32
252,영광군,2022-06-05,18.1,16.5,22.3,31,1.7,85.8,0,3.93
252,영광군,2022-06-06,19.5,16.3,23.4,,1.5,81.1,7.7,21.89
252,영광군,2022-06-07,19.4,16.3,23.7,15.1,1.7,78.6,3,14.75
252,영광군,2022-06-08,19.2,16.1,24.2,4,1.4,79.1,3.9,17.45
252,영광군,2022-06-09,20.2,16.1,25.7,,1.4,74.9,10.1,25.95
252,영광군,2022-06-10,21.1,14.8,27.3,,1.3,71.1,6,20.25
252,영광군,2022-06-11,22.6,17.2,27.8,,1.8,71,10.6,27.1
252,영광군,2022-06-12,21.8,18.2,27,,1.6,75.6,7.2,21.77
252,영광군,2022-06-13,21.3,18.1,25.9,0,1.2,71.6,.9,12.72
252,영광군,2022-06-14,18.1,17.2,20.3,6.7,.8,87.5,0,8.17
252,영광군,2022-06-15,21.1,17.2,25.1,1.6,2.8,79.6,3.8,17.43
252,영광군,2022-06-16,21.5,18,26,,1.3,73.8,7.6,23.12
252,영광군,2022-06-17,23,19.1,27.8,0,1.9,79.1,2.3,14.86
252,영광군,2022-06-18,24,21.2,28.3,0,2.2,76.4,7.2,23.13
252,영광군,2022-06-19,24.4,21.6,29.5,,1.2,80.5,2.7,14.3
252,영광군,2022-06-20,23.9,20.5,29.3,,1.3,83.6,10.5,26.42
252,영광군,2022-06-21,23.3,20.3,27.9,,1.6,84.3,10.4,27.65
252,영광군,2022-06-22,24.2,20,30.4,,1.5,81.6,12.6,29.14
252,영광군,2022-06-23,24.8,21.2,27.3,35.6,3.3,86,1.4,7.57
252,영광군,2022-06-24,24.1,22.3,28,19.8,3,87.8,2.4,13.75
252,영광군,2022-06-25,26.4,23.5,30.9,,3.1,79.8,6.4,22.78
252,영광군,2022-06-26,26.9,24.5,31.1,,3.9,80,3.2,15.78
252,영광군,2022-06-27,27.5,26.3,29.5,,5,78.8,.8,13.48
252,영광군,2022-06-28,28.1,26.6,31.3,,5.7,73.8,3.8,20.17
252,영광군,2022-06-29,26.9,25,29.2,1.9,4.5,81.8,.2,9.53
252,영광군,2022-06-30,27.5,25.2,30.8,.3,3.3,77.8,1.7,15.32
252,영광군,2022-07-01,27.7,23.6,33.1,,2.3,75.4,12,28.04
252,영광군,2022-07-02,26.6,20.8,32.8,,1.3,75.5,11.9,27.52
252,영광군,2022-07-03,27.1,22.7,33,.8,1,77.9,6.7,20.09
252,영광군,2022-07-04,26.7,24,31.2,4.8,1.3,82.3,2.4,13.88
252,영광군,2022-07-05,27,24,30.9,,1,81.1,4.9,19.7
252,영광군,2022-07-06,29.4,25,34.7,,2.7,71.9,8.6,23.79
252,영광군,2022-07-07,28.5,26.2,32.6,1,3.5,79.1,3.1,15.14
252,영광군,2022-07-08,26.3,23.2,29.7,1.9,1.4,87.4,2.9,12.06
252,영광군,2022-07-09,26.2,22.5,30.2,,1.4,78.3,10.3,27.47
252,영광군,2022-07-10,27.5,22.1,33.2,4.9,1.2,77.9,8.7,23.72
252,영광군,2022-07-11,27,24.2,31.2,13.6,1.5,83.8,3.8,17.7
252,영광군,2022-07-12,27.3,24.2,31.8,0,1.6,81.1,3.3,14.32
252,영광군,2022-07-13,26.6,24.1,29.2,.1,3.3,78.5,.1,11.02
252,영광군,2022-07-14,26.3,23.8,29.5,12.3,1.9,82.6,7,23.47
252,영광군,2022-07-15,25.5,22.2,29.6,,1.2,79.8,11.1,23.93
252,영광군,2022-07-16,25.5,21.5,30.2,,1.3,81.3,9,24.79
252,영광군,2022-07-17,25.8,22.7,28.7,.3,1,83.4,0,11.22
252,영광군,2022-07-18,23.9,20,27.2,59.3,1.8,92.6,0,3.79
252,영광군,2022-07-19,25.5,22.1,29.8,1.3,1.4,83.4,8.2,23.84
252,영광군,2022-07-20,26,22,31.3,3.3,.9,82.8,7.7,22.87
252,영광군,2022-07-21,24.6,23.2,26.7,2.2,3.4,83.8,.4,6.8
252,영광군,2022-07-22,25.3,22.1,29.3,,1.4,78.5,10.8,27.64
252,영광군,2022-07-23,24.2,21.3,27.5,17.6,2.2,85.3,2.8,10.67
252,영광군,2022-07-24,24,23.2,24.7,3.7,1.9,92.1,0,4.28
252,영광군,2022-07-25,25.3,22.7,29,,1.2,83.6,8.9,24.5
252,영광군,2022-07-26,26,21.7,32,,1.3,83.3,8.5,22.85
252,영광군,2022-07-27,27.2,22.4,32,,2,70.9,9.8,24.48
252,영광군,2022-07-28,28.7,23.7,33.6,,2.2,69.8,12,26.8
252,영광군,2022-07-29,29.6,24.8,35,,1.3,73.3,9.1,21.98
252,영광군,2022-07-30,27.9,25.1,31.1,.8,1.3,77.8,3.4,8.93
252,영광군,2022-07-31,27.3,26.1,28.7,4.7,2.5,82.9,.3,9.35
252,영광군,2022-08-01,27.7,25.6,30.9,32.7,3,86.5,3,14.52
252,영광군,2022-08-02,28.1,26.2,30.8,2.2,2.8,82.9,5.3,16.52
252,영광군,2022-08-03,28.1,26.1,31.7,4.7,1.7,86.6,6.1,19.31
252,영광군,2022-08-04,28.9,26.2,33,,1.5,82.4,10.7,27.22
252,영광군,2022-08-05,28.8,26.3,32.7,.2,2,83.4,5.1,20.19
252,영광군,2022-08-06,29.3,26.7,33.1,,1.5,81.6,5.9,19.87
252,영광군,2022-08-07,29.7,26.7,33.7,,2.6,78.8,7.9,20.37
252,영광군,2022-08-08,29,27.7,31.3,,4,77.8,3,16.71
252,영광군,2022-08-09,28.8,27.2,32,,3.9,78.8,3.6,18.37
252,영광군,2022-08-10,28.1,27,29.7,.2,3.2,82,0,6.86
252,영광군,2022-08-11,26.7,26.2,27.1,27.2,2,91.4,0,2.03
252,영광군,2022-08-12,26.7,23.5,30.6,1.1,.9,84.4,5.5,18.46
252,영광군,2022-08-13,27.2,23.6,30.4,3.9,2,86,1.2,9.8
252,영광군,2022-08-14,28.9,27.1,32.3,,3.3,79.5,6.4,21.05
252,영광군,2022-08-15,28.8,27.3,31.8,,4.2,79.9,4.3,17.26
252,영광군,2022-08-16,26.2,24,28.7,18.4,1.4,91.3,.1,5.71
252,영광군,2022-08-17,25.3,22.3,29.1,.1,1,86.4,5,15.38
252,영광군,2022-08-18,25,20.2,31.3,,.8,77.8,11.6,26.51
252,영광군,2022-08-19,26.8,20.8,31.9,,2.6,84.1,3.3,15.89
252,영광군,2022-08-20,26.1,22.7,29,9.8,1.4,90.3,2.2,8.68
252,영광군,2022-08-21,25.8,21.7,30.3,,.9,85.8,9.1,21.92
252,영광군,2022-08-22,26.6,21.7,31.8,,1.5,78.3,10.9,24.79
252,영광군,2022-08-23,25.1,22.5,28.2,9.7,1.5,90.5,0,3.42
252,영광군,2022-08-24,24.7,21.2,29.6,.1,1,81.4,8.4,20.63
252,영광군,2022-08-25,23.9,20.2,28.3,,1.6,73.6,8.5,21.44
252,영광군,2022-08-26,23.4,19.7,27.7,,1.2,71.4,11.4,25.62
252,영광군,2022-08-27,21.5,17.2,25.7,,2,69.3,7.8,21.03
252,영광군,2022-08-28,21.8,15.3,27.9,,1.1,70.8,8.1,21.85
252,영광군,2022-08-29,21.9,18.7,24.6,.2,.6,78.4,0,6.11
252,영광군,2022-08-30,24.8,22.7,28.5,2.8,1.7,82.8,.7,9.6
252,영광군,2022-08-31,22.3,19.7,25.7,1.3,1.8,85.9,3.9,14.46
252,영광군,2022-09-01,22.1,18.8,26,,1,86.1,1.8,10.35
252,영광군,2022-09-02,22.9,17.8,27.8,.2,1.3,79.6,4.1,15.72
252,영광군,2022-09-03,24.3,20,29.2,0,1.4,76.3,2.5,11.97
252,영광군,2022-09-04,25.5,23.1,30.2,3.5,2.3,81.9,1.3,11.38
252,영광군,2022-09-05,23.3,20,26,79.1,2.2,92.4,0,2.93
252,영광군,2022-09-06,21.2,18.8,25.2,23.3,4,83.1,7.5,20.18
252,영광군,2022-09-07,20.9,15.6,26.8,,1,85,10.3,22.09
252,영광군,2022-09-08,21.3,16.2,27.7,,1.1,81.1,9.3,21.88
252,영광군,2022-09-09,22.3,16.6,28.6,,.9,80,9,22.12
252,영광군,2022-09-10,22.1,19.4,27.1,,.9,80.6,1.9,12.76
252,영광군,2022-09-11,22.8,18.2,29,0,1,78.3,8.3,19.54
252,영광군,2022-09-12,22,20.5,23.6,3.9,.7,92.9,0,4.44
252,영광군,2022-09-13,23.1,21.5,25.7,2.3,.8,92.4,0,5.94
252,영광군,2022-09-14,24.6,19.7,30.3,,1.2,73.8,9,16.67
252,영광군,2022-09-15,26.9,22.7,31.5,,2.7,67.9,8.2,19.12
252,영광군,2022-09-16,27,24.1,31.6,,3.1,75.1,6.1,16.95
252,영광군,2022-09-17,25.8,23.3,31.1,.3,1.4,81.1,7.8,19.17
252,영광군,2022-09-18,26.1,23.2,31.2,0,3.1,82.9,7.2,17.39
252,영광군,2022-09-19,23,19.2,25.6,,4.8,70.8,10,20.39
252,영광군,2022-09-20,19.3,14.8,24.2,,1.5,72.3,7.9,16.1
252,영광군,2022-09-21,18.5,13.2,25.2,,1,76.3,10.9,21.17
252,영광군,2022-09-22,18.7,13.1,24.9,,.9,71.3,9.6,19.04
252,영광군,2022-09-23,17.8,13.8,24,,2.1,73.1,6,15.56
252,영광군,2022-09-24,17.9,12.1,23.3,,1.8,70.8,9.5,20.43
252,영광군,2022-09-25,18.9,15.3,24.6,,.9,77.5,3.7,13.35
252,영광군,2022-09-26,18.5,15.3,23.3,,.8,81,1.6,8.93
252,영광군,2022-09-27,18.6,12.3,26.1,,.9,79.4,11,21.19
252,영광군,2022-09-28,19.1,14.6,24.2,,.5,82.5,1.1,8.43
252,영광군,2022-09-29,17.7,14,24.8,,1.1,81.4,7.2,18
252,영광군,2022-09-30,18.5,10.1,27.7,,.8,78.9,11,20.48
253,김해시,2022-05-20,20,15.5,25.9,,1.3,57.5,4.6,18.37
253,김해시,2022-05-21,21.1,15.9,28.9,,2,62,12.2,27.29
253,김해시,2022-05-22,24.6,17.4,31.3,,2.1,45.5,12.7,27.65
253,김해시,2022-05-23,21.1,16.6,26.8,,1.7,66.4,9.4,24.18
253,김해시,2022-05-24,23,17,30.4,,1.7,59.6,12.4,26.96
253,김해시,2022-05-25,22.4,17.5,29.3,,1.7,63.5,11.6,26.64
253,김해시,2022-05-26,21.7,17.2,28.6,,1.8,56.5,11.3,27.27
253,김해시,2022-05-27,23.4,14.8,30.3,,2.8,39.4,12.6,28.6
253,김해시,2022-05-28,23.3,17.2,30.4,,1.6,40,10.4,22.19
253,김해시,2022-05-29,22.7,15.9,28.7,0,1.5,48.3,12.9,29.96
253,김해시,2022-05-30,22.1,19.1,26.6,.2,1.6,60,5.1,20.36
253,김해시,2022-05-31,22.6,18.2,29.1,,2.4,44.4,12.9,29.06
253,김해시,2022-06-01,22.2,17.5,29.5,,1.8,52.5,11.2,26.86
253,김해시,2022-06-02,21.8,16.6,27.7,,1.5,66.1,13,29.41
253,김해시,2022-06-03,23,17.7,28.8,,1.6,63,12.4,27.36
253,김해시,2022-06-04,21.4,16.6,26.4,,1.9,59.9,7.3,21.05
253,김해시,2022-06-05,18,16.1,19.9,46.2,.8,87.3,0,2.2
253,김해시,2022-06-06,19.3,15.9,25.4,1.3,1.3,77.5,5,18.87
253,김해시,2022-06-07,17.2,14.6,21.1,1,1,72.5,1.3,9.14
253,김해시,2022-06-08,17.5,14,21.4,1.4,1.3,77.8,.7,12.72
253,김해시,2022-06-09,19,13.7,25.3,,1.4,74.4,12.2,28.34
253,김해시,2022-06-10,20.2,15,25.8,,1.2,73.4,7.3,21.63
253,김해시,2022-06-11,21.6,17.5,26.9,,1.1,66.8,4.6,16.7
253,김해시,2022-06-12,20.7,16.6,26.8,,1.9,67.9,9.3,25.03
253,김해시,2022-06-13,19.9,17.5,24.3,.2,1,70.8,.3,10.12
253,김해시,2022-06-14,17.6,16,19.3,15.3,1.2,86.4,0,3.67
253,김해시,2022-06-15,20.1,15.6,25.4,1.1,1.9,84.1,5.7,19.1
253,김해시,2022-06-16,23.3,19.1,28.2,,2,70.3,9.3,23.97
253,김해시,2022-06-17,23.3,19.1,26.8,,1.9,77.5,11.1,26.13
253,김해시,2022-06-18,24.8,21.8,30.2,,1.5,77,9.7,25.64
253,김해시,2022-06-19,24.5,21,29.1,,1.8,79.9,11,27.4
253,김해시,2022-06-20,24.9,21.4,29.5,,1.8,79.6,10.8,24.23
253,김해시,2022-06-21,25.5,23.3,30,,1.4,78.1,5.1,15.05
253,김해시,2022-06-22,25.9,22,31.5,,1.8,77.9,12.7,26.75
253,김해시,2022-06-23,24.3,22.7,25.8,.2,1.8,91,0,3.65
253,김해시,2022-06-24,24.5,22.8,26.9,20.1,2.7,87.4,2.2,13.45
253,김해시,2022-06-25,24.2,21.8,28.1,0,2,88.5,1,12.53
253,김해시,2022-06-26,24.9,22.9,27.2,.2,2,91.3,.2,8.97
253,김해시,2022-06-27,24.8,23.7,26.5,16.4,2.4,98,0,6.08
253,김해시,2022-06-28,25.7,24.3,27.6,6.7,2.6,90.3,.7,11.63
253,김해시,2022-06-29,25.5,24,28.5,6.9,2.4,92.6,.5,8.64
253,김해시,2022-06-30,26.8,23.8,30.5,.4,2.5,83,7.8,24.06
253,김해시,2022-07-01,27.4,22.8,32.7,,1.3,79.6,13.3,29.75
253,김해시,2022-07-02,28.2,22.4,33.9,,1.2,70.3,12.6,27.32
253,김해시,2022-07-03,28.5,24,32.7,0,1.4,73.6,10,25.43
253,김해시,2022-07-04,28.2,25.3,32.1,,1.6,73.6,7.1,22.4
253,김해시,2022-07-05,27.2,24.8,31.7,0,1.3,79.6,2.7,14.39
253,김해시,2022-07-06,27.3,24.6,31.5,0,1.9,86.6,5,20.59
253,김해시,2022-07-07,28,25.4,31.1,,2.1,87.6,5.8,20.79
253,김해시,2022-07-08,27,25.3,31,2.6,1.6,90.1,.8,9.87
253,김해시,2022-07-09,27.8,24.3,31.6,,1.7,79.6,8,22.19
253,김해시,2022-07-10,27,24.6,30.9,,1.4,79.5,3.8,18.08
253,김해시,2022-07-11,24.7,23.5,26.7,21,.5,93.6,.4,5.69
253,김해시,2022-07-12,25.5,23.7,29.4,,1.2,80.6,2.9,16.96
253,김해시,2022-07-13,24.3,21.7,27.2,0,1.3,82.5,0,9.08
253,김해시,2022-07-14,28.3,24.8,34.6,,1.7,78.5,4.7,17.83
253,김해시,2022-07-15,27.4,22.9,33.8,0,1.5,76.3,11,26.09
253,김해시,2022-07-16,27.6,23.3,32.5,,1.5,69.9,11.3,27.54
253,김해시,2022-07-17,27.4,23.8,32.8,,1.7,70.5,4.9,19.78
253,김해시,2022-07-18,22.9,20.8,26.5,78,.9,94.4,0,2.68
253,김해시,2022-07-19,25.1,23.1,30.3,.1,1.5,92.1,6.1,18.16
253,김해시,2022-07-20,27,22.3,31.9,0,1.5,80.4,10.6,24.12
253,김해시,2022-07-21,26.9,22.5,31.5,9.9,2.7,77.4,8,23.3
253,김해시,2022-07-22,25.6,23,30.4,,1.8,73.8,8.4,22.16
253,김해시,2022-07-23,24.6,22.7,27.9,.6,1.4,84.4,0,11.89
253,김해시,2022-07-24,26.2,23.1,30.8,28,1.9,86.9,5,18
253,김해시,2022-07-25,26.1,23.1,30.7,,1.5,86.5,8.6,24.98
253,김해시,2022-07-26,26.3,23.2,31.4,,1.7,81.6,7.4,22.38
253,김해시,2022-07-27,26.6,22.2,30.9,,1.2,74,7,20.82
253,김해시,2022-07-28,27,24.8,31.1,0,1.1,82.9,2,10.09
253,김해시,2022-07-29,29.1,24.8,33.6,,1.2,74,8.6,21.85
253,김해시,2022-07-30,28.6,26,30.9,0,1.7,73.9,.8,12.29
253,김해시,2022-07-31,27.3,25.9,28.4,3.4,2.8,85.4,0,5.96
253,김해시,2022-08-01,27.9,26.2,31.4,.6,3.9,82.4,.9,10.07
253,김해시,2022-08-02,27.7,25.6,31.1,13.1,2.4,90.5,1.4,12.17
253,김해시,2022-08-03,28.4,25.5,32.1,10.6,1.6,86.3,5.9,21.48
253,김해시,2022-08-04,29.7,26.4,34.3,.3,1.3,79.4,9.6,22.8
253,김해시,2022-08-05,29.4,26.2,34.2,0,1.4,80.1,8.8,21.93
253,김해시,2022-08-06,30,26,34.5,,1.2,80.1,7.8,19.31
253,김해시,2022-08-07,29.7,26.5,34.1,,1.8,81.5,9.1,23.74
253,김해시,2022-08-08,29.3,27.3,31.6,,2.2,76,2.7,16.2
253,김해시,2022-08-09,28.8,27,32.6,,2.2,76.6,2.5,14.87
253,김해시,2022-08-10,28.2,26.9,29.9,0,2,80.8,0,7.57
253,김해시,2022-08-11,27.4,25.8,29.2,1.7,1.3,87.1,0,4.92
253,김해시,2022-08-12,29.3,25.9,34.6,,1.2,83.8,4.6,16.57
253,김해시,2022-08-13,27.5,25.3,33.8,6.4,1.2,90.1,3.5,16.84
253,김해시,2022-08-14,28.8,26,33.7,,1.8,81.5,7.7,21.91
253,김해시,2022-08-15,29.4,27.2,33.2,0,3.1,76.6,5.2,17.98
253,김해시,2022-08-16,26.2,23.1,28.5,28.7,1.2,92.3,0,3.72
253,김해시,2022-08-17,24.1,22.7,26,8.9,.8,95.9,.1,5.33
253,김해시,2022-08-18,25.1,21.3,30.2,,1.5,83.6,9.4,23.62
253,김해시,2022-08-19,26.8,21.5,31.7,,1.6,85,3.5,15.94
253,김해시,2022-08-20,26.4,24.5,28.8,34.2,.7,94.6,0,4.08
253,김해시,2022-08-21,26.5,22.7,31.8,,1,72.9,9.7,24.06
253,김해시,2022-08-22,25.3,18.8,31.6,,1.3,69.8,10.7,24.19
253,김해시,2022-08-23,26.4,23.4,32.2,2.5,.9,79.6,2.5,13.98
253,김해시,2022-08-24,22.4,20.4,24.2,20,.7,87.4,0,4.79
253,김해시,2022-08-25,24.2,19.1,30.1,,1,79,8.8,22.93
253,김해시,2022-08-26,24.8,21.5,29.6,,1.8,68.5,9.5,23.47
253,김해시,2022-08-27,23.6,19.3,29,,1.3,67.9,5.8,17.83
253,김해시,2022-08-28,22.6,18.1,28.2,,1.5,64.1,7.9,20.84
253,김해시,2022-08-29,23.3,19.2,28.6,0,1.2,75.1,3.1,13.29
253,김해시,2022-08-30,23.1,21.6,27.5,12.8,.8,90.9,.2,4.21
253,김해시,2022-08-31,22.4,21,23.5,33.9,.6,95.4,0,1.7
253,김해시,2022-09-01,21.5,19.6,23.7,1.5,1.1,86.9,0,4.42
253,김해시,2022-09-02,21,19.6,22.2,12.8,1,93.4,0,1.98
253,김해시,2022-09-03,23.2,20.9,25.6,4,.9,88.5,0,5.23
253,김해시,2022-09-04,26.3,22.2,31,.3,1.4,86.3,5.2,18.46
253,김해시,2022-09-05,26.2,24.2,28.4,24.2,2.7,89.5,0,4.32
253,김해시,2022-09-06,24.3,19.9,28.5,68.2,4.6,74.8,6.5,18
253,김해시,2022-09-07,22.7,16.9,29.7,,1.4,65.1,11,23.81
253,김해시,2022-09-08,22.7,16.6,29.7,,.9,63.6,9.3,21.2
253,김해시,2022-09-09,22.6,18.5,29.3,,1.3,68.1,6.6,19.29
253,김해시,2022-09-10,22.5,20.3,26.7,,1.1,70.5,1.1,10.71
253,김해시,2022-09-11,23.3,19.6,29.7,,1.2,76.4,2.6,13.2
253,김해시,2022-09-12,23.5,20.2,27.6,,1.1,80.4,.3,10.8
253,김해시,2022-09-13,24.9,22.1,29.8,0,1.2,71.1,5.6,16.74
253,김해시,2022-09-14,25,21.8,30.4,,1.4,68.1,7.1,18.89
253,김해시,2022-09-15,24.8,21.9,29.9,,1,72,7,17.45
253,김해시,2022-09-16,25.8,21.7,30.6,,1.6,78.4,4.8,15.65
253,김해시,2022-09-17,25.3,22,31.1,.6,.9,84.9,3.5,11.28
253,김해시,2022-09-18,26.8,23.6,32.2,12.9,1.9,75.4,3.1,12.8
253,김해시,2022-09-19,24.4,18.5,29.2,12.5,2,72.9,5,15.37
253,김해시,2022-09-20,19.3,16.8,25.1,,1.1,60,6.7,15.73
253,김해시,2022-09-21,18.4,14.1,24.2,,1.2,62.3,9,19.71
253,김해시,2022-09-22,19.7,14.3,26.4,,1.3,70.1,4.7,15.31
253,김해시,2022-09-23,22,17.1,28.5,,1.7,63,7.1,18.75
253,김해시,2022-09-24,19.5,14.7,25.9,,2,53,8.8,21.62
253,김해시,2022-09-25,18.7,15.8,22,,.5,73,0,6.89
253,김해시,2022-09-26,19.1,16.8,21.8,.1,.7,80.5,0,5.81
253,김해시,2022-09-27,20.8,17.1,27.4,0,.9,75.1,3.3,10.94
253,김해시,2022-09-28,21,16.7,26.6,,1.2,77,3.5,12.39
253,김해시,2022-09-29,21.5,16,29.2,,.9,69.9,10.4,20.09
253,김해시,2022-09-30,21.5,15.5,29,,.9,73.8,10.1,19.62
254,순창군,2022-05-20,19,13.3,25.4,,1.3,62.3,2.6,18.04
254,순창군,2022-05-21,19.4,12.2,26.1,,2,69.3,12.9,28.91
254,순창군,2022-05-22,20.7,12.5,28.5,,2.5,66.3,10.5,26.88
254,순창군,2022-05-23,21.6,14.1,29.5,,1.6,63.3,10.3,24.57
254,순창군,2022-05-24,21.5,12,31.1,,1.6,57.8,13,28.37
254,순창군,2022-05-25,21.2,13.2,29.4,,1.7,62.1,12.1,27.29
254,순창군,2022-05-26,19.6,14.6,25.7,.1,2.5,53,12.3,30.88
254,순창군,2022-05-27,19.3,10.7,26.9,,2.4,59.8,13.1,30.24
254,순창군,2022-05-28,21.1,13.6,29.5,,1.8,58.9,10.3,24.42
254,순창군,2022-05-29,21.3,12.4,28.9,0,2,55.8,11.9,30.08
254,순창군,2022-05-30,19.5,17.1,22.4,.1,1.7,82,.1,7.74
254,순창군,2022-05-31,20.7,11.2,29.2,,1.9,55.8,13,30.36
254,순창군,2022-06-01,22.2,14.1,31.5,,1.7,51.3,11.8,29.45
254,순창군,2022-06-02,21.3,11.9,30,,1.7,67.9,12.3,29.28
254,순창군,2022-06-03,24,16.3,33.4,,1.3,62,10.7,27.51
254,순창군,2022-06-04,23.7,15.7,31,,1.7,50.3,9.3,24.13
254,순창군,2022-06-05,17.5,16.1,22.9,36.5,1.4,89.3,0,3.59
254,순창군,2022-06-06,19.2,15.6,24.7,.1,1.3,85.9,3.7,13.46
254,순창군,2022-06-07,18.5,15.6,21.9,23.7,1.6,83.6,.1,8.75
254,순창군,2022-06-08,18.8,15.2,23,11.9,1,81.8,2.8,15.63
254,순창군,2022-06-09,21,14.7,27,,1.2,73.9,9.6,25.73
254,순창군,2022-06-10,21.7,15.7,27.9,,1,71.6,5.1,19.45
254,순창군,2022-06-11,21.9,16.7,30.6,0,1.3,76.5,6.5,21.18
254,순창군,2022-06-12,22,16.8,28.9,,1.1,77.1,6.8,21.02
254,순창군,2022-06-13,21.5,17.5,25.5,0,1.5,69.9,1.3,15.33
254,순창군,2022-06-14,18.4,17,20.7,1.3,1.7,76,0,10.28
254,순창군,2022-06-15,20.5,15.9,25.5,6.1,1.7,80.6,3.2,15.77
254,순창군,2022-06-16,22.1,18.4,27.5,,2.3,67.5,9,27.04
254,순창군,2022-06-17,22.3,16,28,,1.2,78.8,2.7,17.24
254,순창군,2022-06-18,24.3,19.7,29.7,0,2.4,75,10.8,26.73
254,순창군,2022-06-19,25.4,20.6,32.1,0,1.3,76.5,7.9,25.24
254,순창군,2022-06-20,26.4,20.3,33.6,19.4,1.2,76.4,12.2,28.43
254,순창군,2022-06-21,27.1,23,34.5,,1.4,76,7.4,24.72
254,순창군,2022-06-22,27,20.9,33.5,,1.7,71.8,11.7,27.64
254,순창군,2022-06-23,25.2,22.7,29.6,35.7,1.8,83.9,1.1,7.67
254,순창군,2022-06-24,24.8,22.9,28,33.4,2.8,83.8,2,12.39
254,순창군,2022-06-25,26.2,22.1,31.2,,2.1,78.5,5.3,20.03
254,순창군,2022-06-26,27.2,24.6,31.3,0,2.5,76,3.1,17.58
254,순창군,2022-06-27,27.2,25.7,29.1,.1,2.8,78,.1,9.88
254,순창군,2022-06-28,27.5,26.1,29.5,,3.9,74.4,.9,12.56
254,순창군,2022-06-29,26.7,24.6,29.8,7.4,2.8,82.4,1.3,13.67
254,순창군,2022-06-30,26.8,24,30.2,5.6,1.6,81.9,3.5,15.41
254,순창군,2022-07-01,27,21.5,33.1,,1.5,75.8,9.4,24.67
254,순창군,2022-07-02,27.3,20,35.1,,1,73.5,11.1,28.37
254,순창군,2022-07-03,28,22.8,34.4,,1,72.9,8.3,24.41
254,순창군,2022-07-04,27.4,24.4,31.2,,.9,79.4,2.2,14.53
254,순창군,2022-07-05,27.5,24.3,32.7,.5,1,83.4,2.6,18.15
254,순창군,2022-07-06,28.5,24.1,33.8,,2.2,76.6,7.6,23.75
254,순창군,2022-07-07,28.7,26,33.3,2.9,2.3,77.6,5.3,17.92
254,순창군,2022-07-08,26.2,22.7,29.8,2.3,1.5,90.1,1.4,9.71
254,순창군,2022-07-09,25.5,22.1,30.4,0,1.3,83.8,3.2,14.29
254,순창군,2022-07-10,27.5,22.5,34.3,,1.3,79.3,6,20.72
254,순창군,2022-07-11,26.3,23.6,31.4,14.6,.8,88,2,14.54
254,순창군,2022-07-12,26.8,24.5,30.4,.3,1.5,83.8,1.1,12.89
254,순창군,2022-07-13,25.3,23.4,27.1,0,2.2,81.4,.2,8.52
254,순창군,2022-07-14,26.5,23.1,31,34.2,1.9,77.5,7.3,21.48
254,순창군,2022-07-15,25.6,20.8,31.6,,1.2,76.3,10.2,26.18
254,순창군,2022-07-16,25,19.9,31,,2,75.6,9.5,24
254,순창군,2022-07-17,25.2,21,29.1,,1.2,82.5,2.1,14.94
254,순창군,2022-07-18,22.9,20.6,24.8,63.5,1.1,97.5,0,2.67
254,순창군,2022-07-19,25.5,21.9,30.2,.1,1.8,81.4,6.9,22.59
254,순창군,2022-07-20,26,20.4,32.6,.1,.9,78.8,7.9,24.1
254,순창군,2022-07-21,23.4,21.4,27.3,3.7,2.7,86.9,0,4.08
254,순창군,2022-07-22,23.9,20.4,28.9,.4,1.3,82,4.9,16.49
254,순창군,2022-07-23,24.1,20,29.2,3.5,1.8,84.1,1.8,13.88
254,순창군,2022-07-24,23.9,22.7,26.1,9.6,2.4,93.5,.3,9.38
254,순창군,2022-07-25,25.8,22.2,31.7,,1.3,83.9,5.6,19.37
254,순창군,2022-07-26,26.7,22,32.8,,1.1,82.8,5.3,20.65
254,순창군,2022-07-27,26.4,21.6,32.2,,1.3,77,11.2,25.67
254,순창군,2022-07-28,27.4,21.2,33.6,,1.7,75.8,11.9,26.85
254,순창군,2022-07-29,29.2,23.1,35.2,,1.4,72.9,10.2,26.62
254,순창군,2022-07-30,27.5,23.5,31,0,1.4,79.6,1.6,10.48
254,순창군,2022-07-31,25.6,24.6,27.4,57.7,2.1,93.8,0,4.14
254,순창군,2022-08-01,27.1,25.2,29,10.3,2.6,87.1,.5,7.29
254,순창군,2022-08-02,27.3,24.9,31.1,12,1.6,85.9,3.6,16.19
254,순창군,2022-08-03,27.4,24.9,31.6,9.2,1.4,88.5,4.2,16.96
254,순창군,2022-08-04,28.4,25.6,33.6,1.4,1.7,83.8,7.6,23.32
254,순창군,2022-08-05,28.5,25.5,32.7,7.7,1.7,86,5.5,18.37
254,순창군,2022-08-06,28.6,25.9,34.1,3.3,1.5,84.3,8.3,23.02
254,순창군,2022-08-07,29.2,25.7,34.4,0,1.6,81.3,5.7,20.56
254,순창군,2022-08-08,28.8,26.9,32.1,,2.3,74,3.7,17.78
254,순창군,2022-08-09,28.6,26.4,31.6,0,2.1,75.4,.3,11.52
254,순창군,2022-08-10,27.9,25,30.2,.1,1.9,79.6,.1,8.6
254,순창군,2022-08-11,25.9,24.8,26.9,16.9,1.4,94.1,0,2.08
254,순창군,2022-08-12,26.9,23.6,32.1,1.1,1.3,87.6,4.8,16.23
254,순창군,2022-08-13,26.5,22.9,31,0,1.3,87.8,3.2,13.17
254,순창군,2022-08-14,28.8,25.4,33.2,0,2,77,3.8,16.14
254,순창군,2022-08-15,29.3,26.7,32.3,,2.7,72.6,3.1,16.65
254,순창군,2022-08-16,26.2,24.2,28.6,20,1.9,92.3,0,6.06
254,순창군,2022-08-17,25.3,21.3,30.4,.1,1,88.8,2.4,12.84
254,순창군,2022-08-18,24.7,19.7,31.2,,1.2,81.4,9.1,24.26
254,순창군,2022-08-19,26.4,20.3,31.5,,1.5,83.4,1.8,13.42
254,순창군,2022-08-20,26.6,22.8,29,7.9,1.6,90.5,1,6.26
254,순창군,2022-08-21,27,22,33.3,,1.2,80.5,9.3,22.86
254,순창군,2022-08-22,27.1,23.8,32,,1.4,78.8,7.8,21.72
254,순창군,2022-08-23,25.8,23.6,28.9,7.2,1,91,0,6.82
254,순창군,2022-08-24,24.1,22.1,27.8,1.5,1.2,89.9,1.7,10.26
254,순창군,2022-08-25,23.4,19.8,29.1,0,1.3,78.5,3.8,18.17
254,순창군,2022-08-26,22.8,18.4,29.2,,1.4,74,10.5,24.44
254,순창군,2022-08-27,20.6,16,25.9,,1.5,77.5,6.2,18.12
254,순창군,2022-08-28,20.9,14,28.8,,1.1,74.3,7.8,22.59
254,순창군,2022-08-29,20.3,16.9,23.3,.1,.8,86.4,0,6.36
254,순창군,2022-08-30,23.6,19.7,26.7,2.3,1.3,89.4,0,7.21
254,순창군,2022-08-31,22.3,19.8,25.7,3.7,1.6,89.5,1.9,10.84
254,순창군,2022-09-01,21.6,18.4,25.3,,.8,89.1,.9,8.27
254,순창군,2022-09-02,22.1,17.6,26,0,1.5,80.9,1.4,11.59
254,순창군,2022-09-03,24,20.8,28.1,.2,2,77.4,.4,12.15
254,순창군,2022-09-04,25.5,21.9,30.7,.5,1.6,83.5,1.4,12.51
254,순창군,2022-09-05,23.9,23.2,25.1,47.7,.7,96.8,0,2.22
254,순창군,2022-09-06,20.5,16.1,24.3,21.6,4.5,83.9,3,11.57
254,순창군,2022-09-07,20.6,15.1,29,,1,80.3,7.8,21.89
254,순창군,2022-09-08,21.1,14.3,29.6,,1.1,76.9,9.2,22.12
254,순창군,2022-09-09,21.5,16.1,29.6,,1.2,77.6,8.1,22.91
254,순창군,2022-09-10,21.2,17,26.9,0,1.1,79.4,1.6,13.24
254,순창군,2022-09-11,22.6,16.7,29,,.9,78.9,5.9,19.03
254,순창군,2022-09-12,22.1,20,24.4,2.2,.8,93.6,0,6.55
254,순창군,2022-09-13,24.5,20.5,27.8,.1,1.2,75.1,.3,7.72
254,순창군,2022-09-14,25,22.3,28.8,,2.4,58.5,9.2,18.75
254,순창군,2022-09-15,25.3,21.9,30.1,,2.4,71.6,8.5,19.41
254,순창군,2022-09-16,25.5,21.3,30.5,0,1.8,82.6,3.7,13.17
254,순창군,2022-09-17,26.7,21.6,34,0,1.3,79.9,7.9,20.52
254,순창군,2022-09-18,27.9,23.2,33.5,0,2.2,72,6,18.46
254,순창군,2022-09-19,24.8,18.9,29,,5.8,69.8,9.4,20.33
254,순창군,2022-09-20,19.8,14.9,25.5,,1.4,65.5,6.4,18.58
254,순창군,2022-09-21,17.7,12.1,24.7,,1.3,73.4,10.8,21.59
254,순창군,2022-09-22,17.7,10.4,24.9,,1.2,72.9,7.9,19.71
254,순창군,2022-09-23,17.4,13.2,24.6,0,2,75.9,6.1,16.37
254,순창군,2022-09-24,17.1,9.7,24.6,,2.2,70.4,8,20.01
254,순창군,2022-09-25,18,14.2,24.4,,1,75.9,2.1,12.82
254,순창군,2022-09-26,17.9,14.5,22.7,0,.9,84,.1,8.26
254,순창군,2022-09-27,19.5,13.7,28.4,,1.1,76.6,9.4,20.63
254,순창군,2022-09-28,18.6,13.8,24.7,,.7,82.3,1.7,10.14
254,순창군,2022-09-29,18.8,13.2,28.2,,1,80.3,7.8,18.51
254,순창군,2022-09-30,19.1,11.3,30.2,,1,74.3,7.9,18.7
255,북창원,2022-05-20,20.4,16.2,25.5,,1,57.6,4.1,17.71
255,북창원,2022-05-21,22.1,15.8,30.7,,1.2,61,12.2,28.14
255,북창원,2022-05-22,25,17,32.4,,1.5,47.8,,
255,북창원,2022-05-23,22.9,17.1,29.2,,1,63.1,9.4,24.55
255,북창원,2022-05-24,24.3,17.5,32.1,,1,55.6,12.4,27.73
255,북창원,2022-05-25,23.3,18.3,30,,1.1,59,11.9,27.55
255,북창원,2022-05-26,22.7,18.1,28.8,,1.5,49.6,12.1,28.8
255,북창원,2022-05-27,23.6,14.9,30.6,,2,36.3,13.1,30.06
255,북창원,2022-05-28,23.3,17.3,30.5,,1.1,43.8,9.3,22.29
255,북창원,2022-05-29,23.3,15.8,30.5,0,1.2,47.3,13.1,30.64
255,북창원,2022-05-30,23.8,19,28.7,0,1.1,59,3.7,20.04
255,북창원,2022-05-31,23.7,18.8,31.1,,2.2,38.4,13.2,31.05
255,북창원,2022-06-01,23.5,18.1,31.3,,1.3,45.1,10.9,27.44
255,북창원,2022-06-02,22.9,16.7,30.4,,1.2,65.5,13.2,30.15
255,북창원,2022-06-03,23.3,17.7,29.9,,1.2,67.8,12.7,28.2
255,북창원,2022-06-04,22.8,17.8,29.1,,1.4,55.6,8.1,22.9
255,북창원,2022-06-05,18.2,17.3,19.9,46.7,1.2,88.6,0,3.56
255,북창원,2022-06-06,20,16.9,25.5,1.6,1.9,77.4,3.6,16.68
255,북창원,2022-06-07,18.2,15.2,22.2,2.3,1.3,74.4,2.5,10.48
255,북창원,2022-06-08,17.9,14.9,22.1,.9,1.1,81,.5,12.05
255,북창원,2022-06-09,19.7,13.8,26.5,,1,76.6,11.4,25.95
255,북창원,2022-06-10,21.2,15.1,26.8,,.8,70.9,7.3,21.2
255,북창원,2022-06-11,22.3,18.2,27.5,,1.5,68,3.7,15.63
255,북창원,2022-06-12,21.1,16.7,26.7,,1.3,69.9,6.4,19.71
255,북창원,2022-06-13,20.5,17.9,23.6,0,1.8,67.9,.3,10.14
255,북창원,2022-06-14,17.4,16.2,19.5,21.2,1.9,91.4,0,4.48
255,북창원,2022-06-15,20.7,16.1,27,.8,1.4,85.4,4.9,17.79
255,북창원,2022-06-16,23.2,19.7,29.3,,1.3,74,9.1,23.85
255,북창원,2022-06-17,24.2,19.4,29.5,,1.1,75,10.1,27.21
255,북창원,2022-06-18,25.4,21.4,31.3,,1.1,75.6,8.7,25.63
255,북창원,2022-06-19,25.4,21.8,30.8,.1,1,76.8,9.7,26.67
255,북창원,2022-06-20,26.2,22.4,32.2,,.9,75,8.2,22.72
255,북창원,2022-06-21,26.3,23.3,31.3,,1.2,76.4,6.7,20.26
255,북창원,2022-06-22,26.7,22.5,32.6,,1.1,76.5,12.2,27.05
255,북창원,2022-06-23,24.9,23,26.1,.2,2,89,0,5.99
255,북창원,2022-06-24,24.8,23.1,28.8,24,2.1,89.1,3.5,14.42
255,북창원,2022-06-25,25.4,22.8,30.4,0,1.6,83.5,2.6,16.42
255,북창원,2022-06-26,25.8,23.2,30,1.6,1.9,89,1.6,13.69
255,북창원,2022-06-27,25.8,25,27.3,24,2.9,94.8,0,6.56
255,북창원,2022-06-28,25.8,24.9,28.5,9.7,3.5,92.3,2.5,16.86
255,북창원,2022-06-29,25.5,24.7,27.4,23.4,3,93.8,.1,8.98
255,북창원,2022-06-30,27.2,24.7,30.9,1.4,2,84.6,7.3,23.26
255,북창원,2022-07-01,28.2,23.6,33.4,,1.1,76.1,12.5,28.54
255,북창원,2022-07-02,28.6,22.7,34.8,,1,69.1,12.3,26.24
255,북창원,2022-07-03,28.8,24.3,33.7,,1.2,68.6,9.4,24.94
255,북창원,2022-07-04,28.7,26,33.3,,1,72.3,5.9,19.73
255,북창원,2022-07-05,28.2,25.3,33.8,,1,76.9,3.5,16.88
255,북창원,2022-07-06,28.6,25.4,33.3,,1,79.8,5.1,18.73
255,북창원,2022-07-07,29.4,26.8,33.5,0,1.5,77,6.1,21.79
255,북창원,2022-07-08,27.6,25.6,31.5,13.8,1.3,89,.7,10.02
255,북창원,2022-07-09,28.1,23.6,33.3,,1.1,77.9,10.3,23.46
255,북창원,2022-07-10,27.9,25,32.6,,.8,79.4,4.4,17
255,북창원,2022-07-11,25.2,24.1,27.2,26.3,.6,94.6,.3,4.89
255,북창원,2022-07-12,26.1,23.6,30.2,.1,.9,84,.7,11.55
255,북창원,2022-07-13,25,22.5,28.3,,.8,81.9,0,9.11
255,북창원,2022-07-14,29.1,25.2,34.3,,1.3,77.8,5.5,16.68
255,북창원,2022-07-15,28.4,23.5,34.1,,1.1,73,12.6,26.05
255,북창원,2022-07-16,28.5,23.8,34.2,,1.3,65.8,12.7,27.83
255,북창원,2022-07-17,28,24.4,33.6,,1.4,68.8,4.8,19.78
255,북창원,2022-07-18,23.5,21.7,26.7,72.5,.8,95,0,3.01
255,북창원,2022-07-19,26.9,23.3,33.2,,1.2,83.1,7.2,22.96
255,북창원,2022-07-20,28,22.9,34.2,,1,72.4,11.2,24.18
255,북창원,2022-07-21,27.4,23.1,32.8,15.8,2,76.5,7.5,21.77
255,북창원,2022-07-22,26.2,23.4,31.4,,1.4,69.8,6.7,18.48
255,북창원,2022-07-23,25,22.8,29.1,.8,.9,82.3,.2,8.85
255,북창원,2022-07-24,26.8,23.6,31.7,29.2,1.4,84.9,6.7,19.76
255,북창원,2022-07-25,27.3,24,32.8,,.9,81.8,6.6,21.09
255,북창원,2022-07-26,26.7,23.4,32,,.9,81.1,5.1,16.82
255,북창원,2022-07-27,26.9,22.6,31.4,,1.5,74.3,4.8,15.78
255,북창원,2022-07-28,27.4,24.9,31.5,0,1.1,81.5,2.1,9.22
255,북창원,2022-07-29,29.4,24.5,34.3,,1.7,74,9.1,20.74
255,북창원,2022-07-30,28.7,25.9,31,0,2,74.3,.4,7.89
255,북창원,2022-07-31,27.6,25.7,29.4,12,1.6,85.5,0,7.59
255,북창원,2022-08-01,28.9,26.6,33.4,.5,2.6,78,1.1,11.57
255,북창원,2022-08-02,27.5,25.8,30.5,19,2.2,91.3,.2,8.8
255,북창원,2022-08-03,28.9,25.8,33,2.8,1.1,85.3,6.4,20.04
255,북창원,2022-08-04,29.9,26.7,34.6,,1,80,8.3,20.87
255,북창원,2022-08-05,29.5,26.3,34,,1.1,81.8,8.1,19.7
255,북창원,2022-08-06,30,26.4,34.9,,.9,79.3,8.8,19.92
255,북창원,2022-08-07,30,26.9,34.8,,1.3,81.9,6.8,20.1
255,북창원,2022-08-08,29.4,27.3,33.1,,1.7,76.3,3,16.89
255,북창원,2022-08-09,29.1,27.1,33.4,,1.8,77.6,2.6,16.25
255,북창원,2022-08-10,28.7,27.6,30.9,,1.5,80.4,.3,8.5
255,북창원,2022-08-11,27.7,26.3,29.8,2.1,1.2,86.5,0,5.74
255,북창원,2022-08-12,29.7,26.6,34.7,,.9,82.4,5.2,16.61
255,북창원,2022-08-13,28.3,25.5,33.6,23.3,.9,87.8,3.8,15.63
255,북창원,2022-08-14,29.7,26.2,34.1,,1.4,80.6,8.3,22.77
255,북창원,2022-08-15,29.7,27.3,33.4,,2.2,77.9,7,20.4
255,북창원,2022-08-16,26.7,23.7,28.9,22.2,1.2,89.6,0,4.09
255,북창원,2022-08-17,24.7,23.6,26.5,7.7,.7,95.4,.2,5.2
255,북창원,2022-08-18,26,22.4,31.3,,1.2,80.1,9.2,22.95
255,북창원,2022-08-19,27.4,21.9,32.1,,1.1,82.3,3.5,16.28
255,북창원,2022-08-20,27,25.1,29,34.7,.8,94.4,0,4.39
255,북창원,2022-08-21,26.4,22.6,32,,1.3,76.6,6.8,18.76
255,북창원,2022-08-22,26.5,20,32.6,,.9,71.3,10.3,23.09
255,북창원,2022-08-23,26.7,24,32.5,2,.7,79.4,.8,11.19
255,북창원,2022-08-24,22.6,20.3,24.9,28.5,1.5,91.5,0,3.74
255,북창원,2022-08-25,24.5,19.3,30.6,,.9,79.1,8.1,21.61
255,북창원,2022-08-26,25.3,21.8,30,,1.6,67.6,10,23.26
255,북창원,2022-08-27,24.1,19.8,29.6,,1.4,66,5,16.82
255,북창원,2022-08-28,23,18,28.3,,1.7,60.8,9.1,21.69
255,북창원,2022-08-29,23.2,18.6,27.6,,1.8,73.3,3.3,13.83
255,북창원,2022-08-30,22.5,21.6,24.8,16.6,1.1,93.4,.1,3.65
255,북창원,2022-08-31,23,21.9,25.3,20.9,1.1,93.3,0,4.05
255,북창원,2022-09-01,22.3,19.6,24.8,.4,1.5,84.9,.2,5.41
255,북창원,2022-09-02,21.1,20,23.1,12,1.7,93.6,0,1.96
255,북창원,2022-09-03,22.9,20.4,26.2,.7,2.1,91.1,0,3.96
255,북창원,2022-09-04,26.4,21.8,32.2,.4,1.4,85,2.9,13.8
255,북창원,2022-09-05,26.3,24.2,28.9,37.8,2.2,90,0,4.01
255,북창원,2022-09-06,24.3,19.6,28.5,126.5,4.6,75.4,5.7,16.53
255,북창원,2022-09-07,22.6,16.8,29.6,,1.3,66.5,11,23.44
255,북창원,2022-09-08,22.6,16.9,29.3,,1.5,65.9,9.2,21.76
255,북창원,2022-09-09,22.7,17.7,29.3,,2,66.6,7.2,19.83
255,북창원,2022-09-10,22.2,19.5,26.4,,2,71.9,.4,9.22
255,북창원,2022-09-11,23.6,19.2,28.1,,1.1,76.8,2.9,13.36
255,북창원,2022-09-12,23.4,20.9,26.6,,1.7,81.5,.5,9.58
255,북창원,2022-09-13,25,21.8,29.6,,2.5,69.1,5.1,16
255,북창원,2022-09-14,24.9,21.7,29.6,,2.6,66.5,6.4,16.22
255,북창원,2022-09-15,25.1,22.5,28.9,,2,70.3,5,13.2
255,북창원,2022-09-16,25.5,21.9,30,0,1.3,79,2.3,10.38
255,북창원,2022-09-17,25.9,21.6,30.7,0,1.2,84.4,5.2,13.96
255,북창원,2022-09-18,27.1,24.1,32,11.9,4,74.3,4.6,15.87
255,북창원,2022-09-19,25.6,21.7,30,15,5.2,68.5,3.3,11.03
255,북창원,2022-09-20,20.3,17.4,24.8,,2.5,55.3,8.5,19.24
255,북창원,2022-09-21,18.3,13.8,23.3,,2.2,63.6,7.9,17.97
255,북창원,2022-09-22,19.5,13.5,25.6,,1.4,70,6.1,16.66
255,북창원,2022-09-23,21.6,16.9,27.9,,1.5,66.8,7.2,17.86
255,북창원,2022-09-24,19.5,14.4,24.8,,2,52.3,9.2,21.65
255,북창원,2022-09-25,18.7,16.2,21.4,,1.1,71.9,0,6.35
255,북창원,2022-09-26,19.1,16.8,21.3,0,.9,81.1,0,5.37
255,북창원,2022-09-27,21.4,17.1,27.3,0,1.3,76,5,14.99
255,북창원,2022-09-28,21.2,16.6,26.3,,1.2,73.1,4,14.24
255,북창원,2022-09-29,21.3,15.8,28.5,,.8,70.5,10.1,19.82
255,북창원,2022-09-30,21.7,15.6,29.7,,.9,68.6,9.8,19.5
257,양산시,2022-05-20,20,15,26.3,,2,57.8,4.3,19.43
257,양산시,2022-05-21,21.6,14.7,30.6,,1.9,60.5,10,25.87
257,양산시,2022-05-22,23.8,16.6,33,,2.7,51.8,11,27.68
257,양산시,2022-05-23,22.1,15.3,28.8,,1.8,59.8,8.1,23.97
257,양산시,2022-05-24,24,16.6,32.6,,1.6,57.5,11.1,26.96
257,양산시,2022-05-25,23.2,16.6,30,,2.5,58.9,10,27.09
257,양산시,2022-05-26,23,17.4,30,,2,53,10.6,28.05
257,양산시,2022-05-27,23.4,14.3,31.8,,3,41.6,11.1,29.33
257,양산시,2022-05-28,23.2,15.6,32.2,,2.4,43.5,9.4,23.24
257,양산시,2022-05-29,23.1,14.3,30.5,0,2.2,45.6,11.6,29.96
257,양산시,2022-05-30,23.5,19.3,29.9,0,1.7,52.6,5.2,21.33
257,양산시,2022-05-31,23.3,17.8,31.8,,2,42.4,11.4,29.64
257,양산시,2022-06-01,23.5,17.6,31.2,,2,45.1,10.2,27
257,양산시,2022-06-02,22.4,16.6,29.4,,2.7,62.9,11.4,29.25
257,양산시,2022-06-03,23.7,17.1,32.1,,2.4,59.1,10.2,26.35
257,양산시,2022-06-04,22.2,18.6,28.5,,3,59.8,6.5,21.75
257,양산시,2022-06-05,18.6,17.1,20,42.5,3.3,87.3,0,3.11
257,양산시,2022-06-06,19.4,16.4,25.4,4,2.8,77.5,2.9,15.31
257,양산시,2022-06-07,17.8,15.1,22,1.6,2.5,71.8,1.2,12.28
257,양산시,2022-06-08,18.4,15.1,23.1,0,2.5,71.8,2.5,18.57
257,양산시,2022-06-09,20.7,13.9,27.8,,1.9,65.6,9.2,28.11
257,양산시,2022-06-10,21,14.5,28.1,,1.4,68.5,7,21.99
257,양산시,2022-06-11,21.8,17.6,27.9,,2.5,68,2.7,15.85
257,양산시,2022-06-12,21.6,18.3,27.4,,2.8,66.1,6.9,23.91
257,양산시,2022-06-13,20.4,18.5,24.3,.1,3.2,69.5,.5,10.51
257,양산시,2022-06-14,17.4,16.5,19.2,8.3,3.6,89.6,0,2.73
257,양산시,2022-06-15,20.7,16.2,26.4,1,2.5,81.9,1.8,13.43
257,양산시,2022-06-16,23.7,20,30,,2.8,70.6,8.3,24.86
257,양산시,2022-06-17,23.8,18.4,28.8,,2.6,75.8,9.6,26.4
257,양산시,2022-06-18,25.7,22,30.5,,2.5,73.6,10,28.13
257,양산시,2022-06-19,25.2,21.3,30.2,,2.6,77.9,8.7,25.91
257,양산시,2022-06-20,26,21.7,31.4,,1.9,75.8,7.5,23.17
257,양산시,2022-06-21,26.6,23.3,31.4,,1.7,72.4,3.9,16.58
257,양산시,2022-06-22,26.6,21.9,32.2,,2.8,76.1,9.9,27.23
257,양산시,2022-06-23,25.2,23.4,27.3,0,3.4,86.6,0,7.05
257,양산시,2022-06-24,25,23.3,28.6,24.8,4.4,88.5,1.9,12.42
257,양산시,2022-06-25,25.2,22.1,30,,3.4,84.4,2.3,16.45
257,양산시,2022-06-26,25.5,23.7,28.2,.1,3.2,89.8,1,9.55
257,양산시,2022-06-27,25,24.3,26.3,14.4,4,97.9,0,4.4
257,양산시,2022-06-28,25.5,24.6,27.5,6,5.2,94.4,.7,12.91
257,양산시,2022-06-29,25.3,24.4,27.5,10.1,4.8,96.1,.1,8.02
257,양산시,2022-06-30,26.9,24.4,31.4,.3,3.3,85.4,6,20.39
257,양산시,2022-07-01,27.7,22.6,33.4,,1.9,76.5,11.7,29.44
257,양산시,2022-07-02,28.7,21.8,35.8,,1.3,65.3,10.7,28.01
257,양산시,2022-07-03,29.3,23.4,34.7,,1.8,68.5,9.2,26.02
257,양산시,2022-07-04,29,25.8,33.4,0,1.5,70.3,6.4,18.81
257,양산시,2022-07-05,28.1,25,33.8,0,1.5,76.1,3.5,14.67
257,양산시,2022-07-06,28.8,24.6,33.4,,1.5,77.3,3.3,21.2
257,양산시,2022-07-07,29.2,26.2,32.5,,2.4,81,4.5,18.95
257,양산시,2022-07-08,27.6,25.2,31.6,1.8,2.7,88.6,.7,10.68
257,양산시,2022-07-09,28.4,24.2,34.4,,1.5,76.1,5.6,18.35
257,양산시,2022-07-10,27.5,24.5,32.9,,1.4,77.5,1.4,14.72
257,양산시,2022-07-11,25.3,23.7,27.9,14.6,.5,92.8,0,5.58
257,양산시,2022-07-12,26,24.1,30.5,,2.5,74.1,1.9,16.14
257,양산시,2022-07-13,25.3,22.3,28.5,0,1.1,78.8,0,9.02
257,양산시,2022-07-14,28.7,24.8,35.7,,2,78.4,4.2,16.24
257,양산시,2022-07-15,28.3,23.1,34.9,,1.6,71,8.2,24.66
257,양산시,2022-07-16,28.1,23.1,34.1,0,1.9,68.6,10.7,26.87
257,양산시,2022-07-17,27.9,22.9,34.1,,1.6,69.5,4,17.95
257,양산시,2022-07-18,23.2,21.5,27.3,64.1,1.8,95.3,0,2.57
257,양산시,2022-07-19,26.1,23.3,32.1,.4,1.6,87.6,4.8,16.24
257,양산시,2022-07-20,28,23.2,33.6,,1.8,74.8,10.1,24.79
257,양산시,2022-07-21,27.3,21.8,33.1,10.4,2.6,76.8,5.3,20.79
257,양산시,2022-07-22,26,22.7,30.8,,1.4,71.9,5,15.59
257,양산시,2022-07-23,25.2,22.6,28.9,.7,.8,82,0,9.77
257,양산시,2022-07-24,26.5,23.4,31.1,32.7,2,86.5,3.5,13.26
257,양산시,2022-07-25,27,23.4,32.5,,1.5,83,4.6,19.83
257,양산시,2022-07-26,26.7,23.8,33,,1.8,78.4,4.7,17.82
257,양산시,2022-07-27,26.6,22.9,31.5,,2.3,74.4,4.3,19.29
257,양산시,2022-07-28,27.4,24.7,31.6,0,2.6,80.3,2.4,12.54
257,양산시,2022-07-29,29.8,25.7,34.4,,2.8,71.3,9.4,25.19
257,양산시,2022-07-30,28.7,26.7,31.1,0,2.6,74.1,.1,8.78
257,양산시,2022-07-31,28.4,25.9,30.1,3.3,2.1,82.5,.1,8.41
257,양산시,2022-08-01,29.5,27.1,33.9,0,3.1,74.1,4,15.94
257,양산시,2022-08-02,28.1,26.4,30.8,5.4,4.1,90.8,1.8,12.57
257,양산시,2022-08-03,29,26.1,32.9,8.4,3.1,83.6,3.9,18.08
257,양산시,2022-08-04,30,26.7,35.2,2.9,1.7,79.4,7.7,20.86
257,양산시,2022-08-05,30,26.5,35.3,,2,78.8,6.5,20.18
257,양산시,2022-08-06,30.5,26.8,35.5,,2,78.1,8.6,22.33
257,양산시,2022-08-07,30.2,27.2,34.8,,2.8,81,8.3,22.88
257,양산시,2022-08-08,30,28.1,33.2,,3.5,73,2.2,16.06
257,양산시,2022-08-09,29.6,27.7,32.9,,3.4,74.3,1.1,13.17
257,양산시,2022-08-10,28.9,27.5,32.3,0,3,78.6,.8,9.02
257,양산시,2022-08-11,28,26.4,30.1,1.3,2.6,85.9,0,5.49
257,양산시,2022-08-12,30.2,26.4,35.4,,1.8,80.4,5.9,19.6
257,양산시,2022-08-13,28.3,25.8,34,4.8,1.8,87.6,3.3,15.08
257,양산시,2022-08-14,29.6,25.9,34.8,0,2.3,79.6,6.3,19.11
257,양산시,2022-08-15,30.5,27.7,34.8,,3.9,72.8,6,19.68
257,양산시,2022-08-16,27,24.2,29.3,21.6,2.5,89.4,0,4.04
257,양산시,2022-08-17,24.9,22.9,27,14.8,1.2,92.3,0,5.43
257,양산시,2022-08-18,25.9,21.4,32,,1.4,79.3,9.8,25.16
257,양산시,2022-08-19,27.6,22.2,32.4,,2.6,80.8,4,15.66
257,양산시,2022-08-20,26.9,25.4,29.5,19.9,2,92.3,0,4.07
257,양산시,2022-08-21,27.4,23.2,33,,2.8,65.3,10.4,25
257,양산시,2022-08-22,25.9,18.6,33.2,,1.7,67.4,10.5,24.1
257,양산시,2022-08-23,27.2,23.9,33.3,.6,1.7,77,2.5,13.73
257,양산시,2022-08-24,23,20.7,24.7,7.9,3.4,83.4,0,5.75
257,양산시,2022-08-25,25.1,19.6,31.5,,1.6,75.8,8.9,22.83
257,양산시,2022-08-26,25.7,22,31.4,,1.5,64.4,8.1,22.93
257,양산시,2022-08-27,24.2,20.3,30.4,,1.6,67,5.7,16.95
257,양산시,2022-08-28,23.3,19.6,28.9,,2.6,59.4,7.4,20.56
257,양산시,2022-08-29,24.6,20.2,30,,2.3,70.1,2.3,13.83
257,양산시,2022-08-30,23.5,21.6,27.7,17.4,2.6,85.3,.4,5.44
257,양산시,2022-08-31,22.6,21.3,23.8,30.9,1.8,90.5,0,3.13
257,양산시,2022-09-01,22.8,21.3,24.8,1,2.1,81.1,0,4.39
257,양산시,2022-09-02,21.8,20.3,23.7,15.6,2.9,93.3,0,3.67
257,양산시,2022-09-03,22.9,21.5,25.1,8.5,3.3,93,.1,8.18
257,양산시,2022-09-04,26,22,32.2,1.4,1.9,87.4,2,11.85
257,양산시,2022-09-05,26.9,23.9,29.6,50.4,2,88.6,0,4.46
257,양산시,2022-09-06,24.8,17.9,30,153.9,3.3,75,5.9,16.32
257,양산시,2022-09-07,22.9,16,31.7,,1.4,69.1,10.5,23.17
257,양산시,2022-09-08,23,16,29.9,,2,64.9,8.8,21.4
257,양산시,2022-09-09,24,20,29.5,,2.6,69.4,6.8,20.58
257,양산시,2022-09-10,23.4,21.6,27,,2.8,71.5,1.3,10.51
257,양산시,2022-09-11,24.6,21.6,29.8,,2.3,75.1,3,14.28
257,양산시,2022-09-12,24.9,22,28.4,,2.5,77.3,.5,10.64
257,양산시,2022-09-13,25.4,23.3,29.7,,3.8,67.8,3.9,13.54
257,양산시,2022-09-14,25.4,22.9,30.1,,3.9,66.9,5.6,17.22
257,양산시,2022-09-15,25.3,23.2,28.7,,3.5,68,7,18.54
257,양산시,2022-09-16,25.6,22.7,30.3,,3.2,79.5,2.5,10.82
257,양산시,2022-09-17,26.6,22.6,32,0,2.1,77.6,3.4,11.36
257,양산시,2022-09-18,26.8,23.9,30.6,14.5,4.1,76,1.7,11.4
257,양산시,2022-09-19,24.5,19,30.5,16.7,4.3,74.9,3.2,12.47
257,양산시,2022-09-20,20.3,17.3,24.3,,2.7,57.8,7.9,18.94
257,양산시,2022-09-21,18.9,13.8,24.2,,2.6,61.5,8.7,19.98
257,양산시,2022-09-22,20.7,14,27,,1.9,70,5.3,15.16
257,양산시,2022-09-23,22.7,17.2,29.3,,1.6,62.9,7.9,19.44
257,양산시,2022-09-24,20.2,14.6,27.3,,1.5,52.6,8.3,20.91
257,양산시,2022-09-25,19.9,16.3,23.7,,1.2,71.1,.1,6.98
257,양산시,2022-09-26,20,17.3,23.3,0,.9,77.4,0,5.68
257,양산시,2022-09-27,21.8,17.5,27.9,0,1.7,74.4,3.7,11.87
257,양산시,2022-09-28,21.5,16.4,28.4,,1.1,79.9,4.1,13.32
257,양산시,2022-09-29,21.3,15.3,29.7,0,1,76.5,9.5,19.57
257,양산시,2022-09-30,21.6,15.7,29.9,,1,77.8,9.5,19.17
258,보성군,2022-05-20,19,13.9,24.3,,1.8,67.8,1,13.36
258,보성군,2022-05-21,21.9,12.8,28.9,,3.9,63.3,13.1,29.55
258,보성군,2022-05-22,23,15.6,29.8,,4.5,58.9,12.8,28.72
258,보성군,2022-05-23,23,17.5,30.4,,3.8,59.3,10.6,25.72
258,보성군,2022-05-24,23,17.3,30.7,,3.6,51.4,12.8,28.63
258,보성군,2022-05-25,21.8,14.9,29.2,,3.1,65.1,11.8,26.7
258,보성군,2022-05-26,21.1,16.6,27,,4.3,56,10.4,28.03
258,보성군,2022-05-27,21.2,13.8,28.1,,4.7,57.3,13.4,29.59
258,보성군,2022-05-28,20.9,13.9,29.2,,2.8,62.8,8.8,22.9
258,보성군,2022-05-29,20.2,13.3,26.7,.8,2.6,70.3,10.4,27.47
258,보성군,2022-05-30,20.5,17.7,23.6,1.2,3,81.9,.1,10.1
258,보성군,2022-05-31,21.9,14.1,28.9,,3.5,53.3,13.2,30.62
258,보성군,2022-06-01,21.1,15.8,27.7,,2.3,62.1,11.2,28.15
258,보성군,2022-06-02,21.8,14.3,28.6,,3.6,75.1,12.9,30.04
258,보성군,2022-06-03,22.8,18.2,29.9,,3.7,72,12.3,29.46
258,보성군,2022-06-04,22.1,15.8,27.5,,3.5,65.3,8.5,23.43
258,보성군,2022-06-05,18.5,17.3,21.3,37.2,5,88.9,0,4.07
258,보성군,2022-06-06,21.5,16.8,26.3,,4.1,76.1,9.2,24
258,보성군,2022-06-07,19.2,16.9,22.4,1.2,3.7,79.1,.9,13.45
258,보성군,2022-06-08,18.6,16.5,22.9,.7,2.6,81.9,3.4,13.05
258,보성군,2022-06-09,20.1,15.6,25.1,,2.3,77.6,9.2,26.04
258,보성군,2022-06-10,20.7,14.8,24.9,,2.1,78.1,5.9,19.74
258,보성군,2022-06-11,22.8,18.3,29.3,,2.5,75.5,4.9,21.18
258,보성군,2022-06-12,21.7,18.6,25.6,,2.7,77,7.6,22.53
258,보성군,2022-06-13,20.3,18.3,22.9,.7,3.7,77.9,0,7.38
258,보성군,2022-06-14,19.3,17.8,21.3,.7,4.5,78.9,0,6.82
258,보성군,2022-06-15,21,17.5,26,0,2.4,84.9,4.3,16.99
258,보성군,2022-06-16,23.2,16.9,29.8,,2.6,74.4,8.6,24.74
258,보성군,2022-06-17,23.6,19.8,27.8,,2.2,79.6,4.8,21.71
258,보성군,2022-06-18,24.6,21.5,29.8,.4,3.1,81,8.3,25.38
258,보성군,2022-06-19,24.8,21.1,29.3,,2.2,81,7.7,23.94
258,보성군,2022-06-20,25.4,22.1,29.6,,2,81.5,7.8,22.59
258,보성군,2022-06-21,26.8,22.7,31.6,,2.4,74.8,9.4,27.66
258,보성군,2022-06-22,26.5,22.6,31.6,,3.5,77.8,12.9,28.5
258,보성군,2022-06-23,25.2,23.1,28.8,1.2,2.9,88,.2,9.34
258,보성군,2022-06-24,25.2,23.3,28.4,51.2,3,89.3,2.6,14.94
258,보성군,2022-06-25,25.3,22.6,28.8,,2.6,88,2.2,15.1
258,보성군,2022-06-26,26.3,23.5,30.4,.2,2.9,87.5,2.6,15.06
258,보성군,2022-06-27,25.9,25,28.7,1.2,4.7,92.8,.2,9.21
258,보성군,2022-06-28,26.4,25.2,29,.9,5.8,88.6,.8,12.83
258,보성군,2022-06-29,25.6,24.8,27.4,6.1,4.3,93.3,.1,8.77
258,보성군,2022-06-30,26.9,24.7,30.4,1.9,3.5,88.3,7.7,24.85
258,보성군,2022-07-01,27.3,23.5,31.2,,2.6,82.1,9.5,27.04
258,보성군,2022-07-02,27.8,21.9,34,,2.2,77,12.9,29.11
258,보성군,2022-07-03,28.3,23.6,32.8,.2,2,76,7.7,24.09
258,보성군,2022-07-04,27.2,24.4,31.6,3.6,2.7,83.4,4.7,18.49
258,보성군,2022-07-05,28.1,24.3,33.5,0,2.4,80.5,8.7,26.06
258,보성군,2022-07-06,28.3,25.1,32.7,,2.8,84.5,6.1,22.26
258,보성군,2022-07-07,28.6,26.5,31.4,,4,85.3,4.7,20.55
258,보성군,2022-07-08,27.7,24.5,30.9,6.5,2.1,87.1,2.3,13.52
258,보성군,2022-07-09,27.9,23.4,32.4,,3.3,76.1,12.5,28.67
258,보성군,2022-07-10,27.5,23.9,32.2,,2.6,82.6,6.9,21.78
258,보성군,2022-07-11,27.4,25,30.9,9.2,2.1,86.9,2.9,14.27
258,보성군,2022-07-12,26.2,24.7,29.4,.1,2.4,84.8,1.6,12.66
258,보성군,2022-07-13,25,23.6,26.2,,2.7,88,0,4.86
258,보성군,2022-07-14,28.5,24.7,33,6.9,3.1,79.9,8.7,25.67
258,보성군,2022-07-15,27.9,24.2,33.1,,3.3,77,10.5,24.84
258,보성군,2022-07-16,26.8,22.7,32.2,0,3.9,72.8,9.5,23.41
258,보성군,2022-07-17,26,22.6,29.5,.8,2,86.1,.5,10.97
258,보성군,2022-07-18,23.6,21.9,25.4,142.3,1.9,98,0,3.47
258,보성군,2022-07-19,27,24.2,32.1,,3.3,79,8,23.79
258,보성군,2022-07-20,26.6,22.1,31.6,0,2.2,80.4,10.2,24.58
258,보성군,2022-07-21,25.4,22.7,29.6,3.8,4.4,82.3,4.2,17.14
258,보성군,2022-07-22,25.9,22.3,31.3,,4,76.3,9.8,25.44
258,보성군,2022-07-23,24.7,21.2,28.6,6.2,2.2,86.8,2.5,15.94
258,보성군,2022-07-24,25.8,24,28.9,18.8,2.7,87,2.6,14.49
258,보성군,2022-07-25,26.9,23.5,32.1,,2.2,81.3,7.9,23.01
258,보성군,2022-07-26,25.7,22.3,30.1,,2,86.3,5.2,19.27
258,보성군,2022-07-27,26.3,22.9,30.6,,2.5,81.4,9.2,24.93
258,보성군,2022-07-28,27,22.5,31.5,,2.6,85.3,6.5,22.91
258,보성군,2022-07-29,29,24.7,33.3,,3,77.5,12.1,26.25
258,보성군,2022-07-30,28.1,26.2,29.9,0,4.3,79.6,.8,9.71
258,보성군,2022-07-31,26.7,25.6,28.3,65.9,5.5,92.4,0,2.82
258,보성군,2022-08-01,27,25.8,28.3,18.7,5,93.6,0,3.47
258,보성군,2022-08-02,28.1,26.1,31,1.9,3.2,87.6,2.5,15.62
258,보성군,2022-08-03,27.1,24.7,30.5,19.7,1,94.4,.7,10.53
258,보성군,2022-08-04,28.3,24.8,32.6,1.8,1.9,88.3,9.2,23.46
258,보성군,2022-08-05,28.8,24.9,33.2,.3,2.2,86.5,9,24.49
258,보성군,2022-08-06,29,26.3,33.5,,1.7,86.3,6.9,21.75
258,보성군,2022-08-07,29.1,25.5,33.3,,2,86.5,7.8,22.97
258,보성군,2022-08-08,28.6,25.6,32.1,,2,84.5,4.8,19.77
258,보성군,2022-08-09,28.1,24.6,31.7,,2.1,87.1,3.5,18.11
258,보성군,2022-08-10,28,25,31.3,,1.7,86.4,.4,12.81
258,보성군,2022-08-11,27.5,25.8,29.8,1.5,.7,93,0,4.95
258,보성군,2022-08-12,28.2,25.6,32.7,27.3,1.8,87.8,2,14.67
258,보성군,2022-08-13,28.2,24.3,31.8,,2.2,87.6,5,17.76
258,보성군,2022-08-14,29,25.6,32.7,,2.2,85,7.8,21.56
258,보성군,2022-08-15,28.9,25.4,32.2,,2.4,83.4,8.5,23.09
258,보성군,2022-08-16,27,24.9,29.3,53.2,1.8,92.6,0,4.19
258,보성군,2022-08-17,25.9,23.2,29.5,3.5,1.8,91.5,2.7,10.14
258,보성군,2022-08-18,25,20.8,30.5,,2.2,84.3,11.5,25.92
258,보성군,2022-08-19,26.5,20.9,31.6,,1.7,87.9,4.2,17.5
258,보성군,2022-08-20,27.2,25,29.8,8.8,1.5,93.1,.1,5.92
258,보성군,2022-08-21,27,24.2,31.5,,2.1,84.1,8.2,23.77
258,보성군,2022-08-22,25.8,21.5,31.5,,1.7,78.4,11.1,25.58
258,보성군,2022-08-23,26.3,22.1,29.4,.7,1.4,90.1,0,8.66
258,보성군,2022-08-24,25,22,27.5,17.4,2.2,90.1,.6,8.26
258,보성군,2022-08-25,24.6,20.5,30.1,,2.5,82,8.5,23.04
258,보성군,2022-08-26,24.5,20.2,30.4,,2.8,69.1,8.4,22.63
258,보성군,2022-08-27,23.1,18.8,28.7,,3.1,71.1,8.5,22.25
258,보성군,2022-08-28,21.1,16.7,26.8,,2.2,76.1,4.5,16.75
258,보성군,2022-08-29,23,17.3,27.4,,2.1,78.8,2.3,14.6
258,보성군,2022-08-30,23.8,21.8,25.7,.5,1.5,90.8,0,3.4
258,보성군,2022-08-31,24.2,21.7,28.2,.9,2.4,85,1.9,12.55
258,보성군,2022-09-01,22.6,19.8,26.3,.2,1.7,88.5,.2,8.55
258,보성군,2022-09-02,22.3,20.5,23.9,1.2,3,86.5,0,3.43
258,보성군,2022-09-03,23.9,22.1,26.8,0,4.2,84.3,.9,10.33
258,보성군,2022-09-04,25.7,23.1,31.1,0,3.3,87,3.5,16.31
258,보성군,2022-09-05,25.2,23.9,26.2,111.6,4.7,94,0,1.87
258,보성군,2022-09-06,22.6,17.3,26.8,29.6,7.8,78.3,5.5,15.92
258,보성군,2022-09-07,23,15.7,29.8,,2.6,70.5,11.1,24.2
258,보성군,2022-09-08,21.8,14.8,29,,1.8,77,9.8,21.23
258,보성군,2022-09-09,21.9,17.4,27.8,,1.8,81,7.2,21.4
258,보성군,2022-09-10,21.9,18.3,26.6,,2,80.5,1.3,9.96
258,보성군,2022-09-11,23.1,17.5,28.7,,2,80.9,7.4,20.56
258,보성군,2022-09-12,23.1,20.6,26.3,.7,1.4,91.6,.1,6.97
258,보성군,2022-09-13,24.8,20.8,28,0,2.3,78.6,1.5,8.85
258,보성군,2022-09-14,24.5,21.1,29,,4.8,70.6,5.5,16.03
258,보성군,2022-09-15,25.2,22,29.4,,4.2,76.6,7.5,19.26
258,보성군,2022-09-16,25.6,23.1,29.5,0,2.6,84.9,2.1,11.57
258,보성군,2022-09-17,26.4,21.7,32.3,.2,1.7,83.6,7.5,18.75
258,보성군,2022-09-18,28,24,34.2,0,2.8,75.4,4.1,16.71
258,보성군,2022-09-19,25.8,19.9,31.1,,7.8,70.4,10.5,21.43
258,보성군,2022-09-20,21.2,18.7,25.1,,2.8,67.4,5.8,18.14
258,보성군,2022-09-21,19,14.4,24.2,,2.5,71.4,9.7,21.87
258,보성군,2022-09-22,19,12.5,25.8,,2.3,76.6,8.8,20.09
258,보성군,2022-09-23,19.4,14.1,26.5,,3.5,74.4,8.1,20.08
258,보성군,2022-09-24,18.9,12.5,25.5,,2.8,61.5,6.1,18.87
258,보성군,2022-09-25,18.6,15.3,22.7,0,1.6,79.5,0,7.39
258,보성군,2022-09-26,18.7,16.2,23.6,0,1.4,87.9,0,6.56
258,보성군,2022-09-27,20.6,15.9,26.9,0,2.2,76.5,10.8,21.31
258,보성군,2022-09-28,20.8,15.7,26.6,,1.6,81.4,3.7,14.54
258,보성군,2022-09-29,20.9,15.5,28.7,,2.3,75.9,11.2,21.75
258,보성군,2022-09-30,19.7,13,27.6,,2,78.3,11.2,21.33
259,강진군,2022-05-20,19.1,14.2,24.3,,1,65.9,1.5,13.02
259,강진군,2022-05-21,20.9,12.9,28.1,,1.9,66.3,11.8,28.17
259,강진군,2022-05-22,21.4,13.1,29.2,,2.3,65.9,12.1,28.64
259,강진군,2022-05-23,22.4,14.2,31,,1.4,57.4,10.2,25.54
259,강진군,2022-05-24,22.4,13.5,31.3,,1.4,55.5,12.2,27.9
259,강진군,2022-05-25,22,14.5,29.9,,1.6,63.6,11.3,25.63
259,강진군,2022-05-26,20.1,14.5,27.3,0,2.4,59.3,10.3,27.96
259,강진군,2022-05-27,19.9,11.4,26.8,,2.6,66.5,12.2,29.29
259,강진군,2022-05-28,20.7,13.1,29.2,,1.5,67.5,7.7,22.3
259,강진군,2022-05-29,19.6,14.2,26.4,.8,2.2,78.5,6.6,21.36
259,강진군,2022-05-30,19.9,17.5,22.2,.3,1.9,85.3,.1,7.05
259,강진군,2022-05-31,21.1,12.7,29.5,,1.9,51.6,12.2,30.3
259,강진군,2022-06-01,20.6,14.5,28.4,,1.3,62.1,10.6,27.47
259,강진군,2022-06-02,21.4,13.3,29.9,,1.8,75,12.2,29.3
259,강진군,2022-06-03,22.7,16.7,31.4,,1.5,74.8,9.9,27.67
259,강진군,2022-06-04,22.5,16.6,28.7,0,2.7,62.8,8.2,23.16
259,강진군,2022-06-05,18.4,17.2,21,22.1,3,91,0,3.47
259,강진군,2022-06-06,20.9,15.7,25.9,,1.8,78.5,6.7,22.22
259,강진군,2022-06-07,19.2,17.4,22.3,.2,2.1,76.5,.3,7.97
259,강진군,2022-06-08,19,15.5,23.5,,1.9,78.8,2.7,14.03
259,강진군,2022-06-09,19.9,14.7,26.4,,1.4,75.4,9.6,25.77
259,강진군,2022-06-10,20.8,14.4,25.4,,1.3,78.1,4.9,18.31
259,강진군,2022-06-11,22.4,17.5,30.6,0,1.3,75.9,4.9,20.24
259,강진군,2022-06-12,21.3,17.6,26.2,,1.4,79.5,5.5,19.5
259,강진군,2022-06-13,20.4,18.3,22.6,.4,2.4,74.5,0,7.66
259,강진군,2022-06-14,19.2,17.2,21.3,2.6,2.1,82.1,0,7.46
259,강진군,2022-06-15,20.9,18,26.8,.4,1.5,83.6,3.3,14.71
259,강진군,2022-06-16,22.7,17.5,29.3,0,1.6,74.9,7.5,22.19
259,강진군,2022-06-17,22.6,18.3,26.4,.1,1.3,86,.9,13.54
259,강진군,2022-06-18,24,21.7,28.3,,1.8,81.4,3.8,19.77
259,강진군,2022-06-19,24.9,21.8,30.7,,1.3,80.6,6.9,23.68
259,강진군,2022-06-20,25.2,21.2,30.9,,1.3,81,7.5,23.19
259,강진군,2022-06-21,26.4,21.9,32.9,,1.7,74.4,6.8,23.35
259,강진군,2022-06-22,26.3,22.2,32.6,,1.7,76.3,11.9,28.53
259,강진군,2022-06-23,25.7,23.4,29.8,.1,2,86,1.4,10.92
259,강진군,2022-06-24,24.7,22.8,28.3,61,2.3,91.3,.7,10.02
259,강진군,2022-06-25,25.6,23.3,29.2,,1.5,84.8,3.1,11.81
259,강진군,2022-06-26,26.9,24.3,30.6,,2,83.9,6.3,18.61
259,강진군,2022-06-27,26.7,24.6,28.6,2,1.7,87.3,0,9.95
259,강진군,2022-06-28,26.9,24.8,29.9,0,2.1,82.9,1.1,12.44
259,강진군,2022-06-29,26.4,24.6,28.8,5.3,1.8,89,.1,8.5
259,강진군,2022-06-30,27.4,24.3,31.4,3.2,1.6,83,10.6,25.82
259,강진군,2022-07-01,27.5,23,31.8,,1.9,78.5,9.2,26.64
259,강진군,2022-07-02,27.5,21.1,34.8,,1.3,75.3,11.4,27.74
259,강진군,2022-07-03,28,23.2,33.2,.2,1.5,74,6.2,21.79
259,강진군,2022-07-04,27.3,24.4,31.9,10.1,1.4,83.8,5.7,19.76
259,강진군,2022-07-05,27.6,24.1,33.4,,1.1,82.6,3.9,16.46
259,강진군,2022-07-06,28.7,24.8,34,,2.1,80.4,6,21.93
259,강진군,2022-07-07,28.8,26.3,33.1,0,2.1,82.5,5,17.44
259,강진군,2022-07-08,27.6,23.9,31.1,4.7,1.8,86.1,2.2,11.5
259,강진군,2022-07-09,27.8,23.8,33,,2,73.4,8.2,21.13
259,강진군,2022-07-10,28,23.2,33.5,,1.4,79.8,11.2,27.01
259,강진군,2022-07-11,27.3,25.1,31.1,1.3,1.3,82.8,2.2,14.35
259,강진군,2022-07-12,26.4,24.1,30.4,,1.4,83.9,.7,11.1
259,강진군,2022-07-13,25.7,24.2,28.5,,1.9,84.6,0,6.8
259,강진군,2022-07-14,28.3,25.4,33.1,31.2,2.2,81,6.6,22.84
259,강진군,2022-07-15,27.8,23.8,33.1,,1.4,75.8,8.2,22.91
259,강진군,2022-07-16,26.9,21.1,32.4,,2,73,9,25.57
259,강진군,2022-07-17,26.3,23.5,30.5,.9,1.3,83.4,.4,11.21
259,강진군,2022-07-18,25.2,22.8,28.4,116.8,1.7,96.6,0,3.83
259,강진군,2022-07-19,26.8,23.2,31.8,,2.5,78,9.3,24.5
259,강진군,2022-07-20,26.5,22,32.7,1.1,1.1,79,8.9,23.21
259,강진군,2022-07-21,25.6,22.6,28.7,2.7,3,81.6,2.1,13.1
259,강진군,2022-07-22,26.1,22.7,31,,2.5,75.3,8,24.94
259,강진군,2022-07-23,25.4,21.6,29.5,.6,1.4,85.1,1.9,15.25
259,강진군,2022-07-24,25.1,23.2,27.8,26.2,2.3,87.6,.7,13.26
259,강진군,2022-07-25,26.8,23.3,31.9,,1.3,79.9,5,18.98
259,강진군,2022-07-26,25.8,22.3,30.7,,1.4,82.6,6,21.98
259,강진군,2022-07-27,26.7,23.2,31.3,,2,76.9,10.3,26.19
259,강진군,2022-07-28,27.8,23.9,32.5,,2,79.6,5.9,22.1
259,강진군,2022-07-29,29.6,25.2,33.8,,2.3,72,11,25.79
259,강진군,2022-07-30,27.9,26.6,29.9,.8,2.4,78.4,.4,7.05
259,강진군,2022-07-31,26.9,25.3,28.3,34.2,3.8,91,0,4.69
259,강진군,2022-08-01,27.4,26.6,28.6,12.1,3.4,89.4,.1,5.64
259,강진군,2022-08-02,27.9,25.7,32.2,18.4,1.2,90.3,4.8,17.62
259,강진군,2022-08-03,27.4,24.8,32.5,24,1.1,92.6,2.6,14.13
259,강진군,2022-08-04,28.4,25.2,34.1,2,1.3,88.9,5.2,19.57
259,강진군,2022-08-05,28.7,25.3,33.1,4.1,1.4,86.5,5.3,17.29
259,강진군,2022-08-06,29.3,25.8,33.6,,1.1,84.8,5.5,18.28
259,강진군,2022-08-07,29.1,25.5,33.6,,1.4,85.9,7.1,21.1
259,강진군,2022-08-08,29.1,26.3,33.3,,1.8,80.9,5.5,19.92
259,강진군,2022-08-09,28.9,26.3,33.2,,1.8,81.1,3.5,16.73
259,강진군,2022-08-10,28.7,26,31.6,,1.9,81.4,.7,13.33
259,강진군,2022-08-11,28,26.7,29.7,.8,1.4,88.3,0,5.05
259,강진군,2022-08-12,28.1,25.5,32,13.9,1.6,90.1,1.4,12.87
259,강진군,2022-08-13,28.2,25,32.2,,1.5,86.4,1.9,15.14
259,강진군,2022-08-14,29.2,27.3,33,,2.3,81.6,7.7,21.68
259,강진군,2022-08-15,29.5,26.3,33.7,,2.1,79.6,3.8,17.2
259,강진군,2022-08-16,26.9,24.1,29.1,71.4,2,92.6,0,3.48
259,강진군,2022-08-17,25.7,21.7,29.2,2.1,1,93.4,2.8,9.91
259,강진군,2022-08-18,25,20.5,31.3,,1,84.1,9.6,25.23
259,강진군,2022-08-19,26.7,20.9,31.5,,1.4,87.9,1.6,13.11
259,강진군,2022-08-20,27.5,24.1,30,6.4,1.7,90.6,.6,6.17
259,강진군,2022-08-21,26.8,23.7,31.7,,1.3,83.4,7.3,22.19
259,강진군,2022-08-22,25.6,20.1,31.5,,1,77.9,10,24.55
259,강진군,2022-08-23,26.3,22.7,29.7,0,.8,88.3,0,7.5
259,강진군,2022-08-24,26.1,22.9,31.5,1.5,1.3,80.5,6.8,20.73
259,강진군,2022-08-25,24.9,21.3,30.7,,1.5,76.5,6.4,18.54
259,강진군,2022-08-26,24.8,20.6,30.6,,1.4,68.5,8.3,22.06
259,강진군,2022-08-27,23.1,18.9,29.2,,1.5,70.9,8.4,21.42
259,강진군,2022-08-28,20.9,15.8,27.3,,1.1,76.1,1.1,12.29
259,강진군,2022-08-29,23,17.2,27.7,0,1.2,78.5,1.2,12.5
259,강진군,2022-08-30,24.7,22.4,27.5,0,1.4,87.1,0,6.28
259,강진군,2022-08-31,24,21.2,27.9,2.2,1.7,81.6,1.9,12.44
259,강진군,2022-09-01,22.5,19.7,26.6,0,.8,86,.3,8.57
259,강진군,2022-09-02,22.8,20.3,24.9,2.5,1.6,84.4,0,5.11
259,강진군,2022-09-03,24.1,21.1,27.5,.5,3.3,83.8,.2,9.27
259,강진군,2022-09-04,25.8,23.1,32.5,2.5,2.6,85.9,4.2,17.37
259,강진군,2022-09-05,24.8,23.7,25.6,148.2,3,95.8,0,2.68
259,강진군,2022-09-06,22.3,18.9,26.7,30,4.4,79.3,5.1,17.11
259,강진군,2022-09-07,22.6,16,29.8,,1.2,77.9,10.3,23.17
259,강진군,2022-09-08,22.1,15.7,29.2,,.8,76.1,9.5,21.41
259,강진군,2022-09-09,22.3,18,28.9,,1,78.1,7,20.76
259,강진군,2022-09-10,22.5,18.7,27.9,,1.2,77.6,1.7,12.93
259,강진군,2022-09-11,23.6,18.8,29.6,,1.2,76.6,5.6,17.25
259,강진군,2022-09-12,23.2,21.1,25.7,1.1,.8,92.3,0,6.46
259,강진군,2022-09-13,24,20.7,27.5,4.1,1.1,87.1,.4,6.77
259,강진군,2022-09-14,25.2,20.6,29.4,,3.6,66.8,7.6,18.48
259,강진군,2022-09-15,25.6,22.9,30,,4.1,74.4,7.4,19.45
259,강진군,2022-09-16,26,23.4,31,,2.2,82.6,4.2,14.9
259,강진군,2022-09-17,27,22.3,33.5,.2,.9,79.9,7.1,18.87
259,강진군,2022-09-18,28.4,23.8,35,.1,2.1,73.9,4.3,17.25
259,강진군,2022-09-19,25.2,18.9,30.1,,4,67.6,10.2,21.42
259,강진군,2022-09-20,21.2,16.9,25.4,,1.5,68.5,5.5,17.16
259,강진군,2022-09-21,19.6,14.5,25,,1.4,70.6,8.7,22.18
259,강진군,2022-09-22,19.4,12.7,26.5,,1.1,74.9,8.8,19.92
259,강진군,2022-09-23,19.7,15.3,27,,2.1,71.8,7.4,18.87
259,강진군,2022-09-24,19.4,14.1,25.2,,1.9,59.9,6.7,20.04
259,강진군,2022-09-25,18.8,15.3,22.8,0,.8,79.4,0,8.01
259,강진군,2022-09-26,19,16.1,24.3,.1,.8,84,.4,6.91
259,강진군,2022-09-27,20.7,14.9,28.3,,.9,76.5,10.5,21.06
259,강진군,2022-09-28,20.8,15.9,26.2,0,.7,80.6,3,12.07
259,강진군,2022-09-29,20.6,13.8,28.3,,1.1,71.5,10.7,21.09
259,강진군,2022-09-30,19.5,11.6,28.5,,.8,74.6,10.4,20.86
260,장흥,2022-05-20,18.2,13.4,23.5,0,1,71.3,1.6,
260,장흥,2022-05-21,20.2,12.6,27.3,,1.8,65.5,13.1,
260,장흥,2022-05-22,21,12.7,28.9,,1.5,65.1,12.8,
260,장흥,2022-05-23,21.8,13.9,30.6,,1.1,62.3,10.6,
260,장흥,2022-05-24,21.9,13,31.2,,1.4,56.3,12.9,
260,장흥,2022-05-25,21.3,14.3,29.4,,1.4,66.6,12.3,
260,장흥,2022-05-26,19.7,13.7,26.8,0,2,58.9,10.7,
260,장흥,2022-05-27,19.2,10.4,26.9,,1.6,69.3,12.9,
260,장흥,2022-05-28,20.4,12.6,29.4,,.8,63.8,8.6,
260,장흥,2022-05-29,19,13.1,24.6,0,1.9,77.9,8.7,
260,장흥,2022-05-30,19.6,17.3,21.8,.3,1,85.3,0,
260,장흥,2022-05-31,20.9,11.7,29.6,,1.2,53.9,12.6,
260,장흥,2022-06-01,20,14.1,27.5,,1.6,62.3,11.2,
260,장흥,2022-06-02,21.5,12.5,30,,.9,72.9,12.7,
260,장흥,2022-06-03,22.1,17,28.9,0,1.9,76.1,10.4,
260,장흥,2022-06-04,21.8,15.8,26.9,0,2.5,62.5,8.7,
260,장흥,2022-06-05,18.7,17.1,21.3,22.8,2.9,88.4,0,
260,장흥,2022-06-06,20.3,15.2,25.9,0,1.6,78,9.4,
260,장흥,2022-06-07,18.8,16.8,21.1,0,2.4,77.1,1.4,
260,장흥,2022-06-08,18.6,16.1,22.3,0,1.8,77.8,4,
260,장흥,2022-06-09,19.4,14.4,24.8,,1.5,78,11.1,
260,장흥,2022-06-10,20.1,13.8,23.9,,1.3,79,5.8,
260,장흥,2022-06-11,22,17.4,29,0,1.1,77.3,5.8,
260,장흥,2022-06-12,20.8,17.6,25.1,,1.7,80.4,6.3,
260,장흥,2022-06-13,20,18.1,22.1,.1,1.9,72.4,0,
260,장흥,2022-06-14,19.1,17.5,20.5,.3,2,76.5,0,
260,장흥,2022-06-15,20.9,17.9,26.8,0,1.6,80.1,3.7,
260,장흥,2022-06-16,22.3,17.4,28.5,,1.2,72.3,8.5,
260,장흥,2022-06-17,22.4,17.9,26.8,0,1.7,84.1,2.7,
260,장흥,2022-06-18,24,21,28.5,.1,1.4,78,7.5,
260,장흥,2022-06-19,24.4,21.3,29.1,,1.9,81.9,7.7,
260,장흥,2022-06-20,24.8,21.1,29.8,,1.8,81.9,10,
260,장흥,2022-06-21,25.9,20.9,32.6,,1.5,76.1,7.5,
260,장흥,2022-06-22,25.5,21.2,30.6,,2.4,81.3,12.6,
260,장흥,2022-06-23,25.6,23,27.9,0,2,85.1,.7,
260,장흥,2022-06-24,24.8,22.8,28.1,58.9,1.5,89.4,1.8,
260,장흥,2022-06-25,24.7,23,28.2,,1.8,90.9,2.5,
260,장흥,2022-06-26,26,23.1,31.5,,2.5,86.8,4.7,
260,장흥,2022-06-27,25.4,24,29.2,0,3.2,94.3,.1,
260,장흥,2022-06-28,25.5,24.6,27.1,0,3.3,91.8,.2,
260,장흥,2022-06-29,25.7,24.4,27.5,.8,2.5,92.4,.2,
260,장흥,2022-06-30,26,24.2,28.6,1.4,2.4,92.6,7.4,
260,장흥,2022-07-01,26.2,22.2,30,,2.1,85.8,11.3,
260,장흥,2022-07-02,26.7,20.5,33.4,,1.2,77,11.1,
260,장흥,2022-07-03,27,22.3,31.7,.3,1.6,79.3,10.1,
260,장흥,2022-07-04,26.9,24,30.8,1.6,1.8,85.8,8,
260,장흥,2022-07-05,27.2,23.5,32.8,.5,.7,85.5,4.1,
260,장흥,2022-07-06,27.9,24.7,30.9,,2.7,86.5,9.2,
260,장흥,2022-07-07,27.5,26,30.2,0,3.4,92,6.2,
260,장흥,2022-07-08,27.5,23.2,31,1.2,1.1,87.3,3.3,
260,장흥,2022-07-09,27.2,22.5,32.3,,1.8,75.9,11.4,
260,장흥,2022-07-10,27,22.6,31.5,,1.9,84.4,10.8,
260,장흥,2022-07-11,26.7,24.4,30.4,1.1,1.5,87.4,2.4,
260,장흥,2022-07-12,25.7,23.5,29.4,,1.7,85.9,2.5,
260,장흥,2022-07-13,25.1,23.6,25.9,,2.6,86.4,0,
260,장흥,2022-07-14,27.8,24.6,32,11.7,1.6,83.4,7.1,
260,장흥,2022-07-15,27.1,23.1,31.8,,1.1,80.4,10.1,
260,장흥,2022-07-16,26,20.3,31.4,,1.5,74.5,10.1,
260,장흥,2022-07-17,25.3,21.7,29.3,.3,.7,89.4,.4,
260,장흥,2022-07-18,24.7,22.5,26.7,101,1,99,0,
260,장흥,2022-07-19,26.3,22.6,31.2,0,1.7,79.5,10.3,
260,장흥,2022-07-20,25.9,21.6,31.8,.6,1.1,80.4,8.7,
260,장흥,2022-07-21,24.7,22.1,27.2,2.7,2,83.5,1.3,
260,장흥,2022-07-22,24.9,20.9,29.7,0,1.1,79.6,7.3,
260,장흥,2022-07-23,24.5,20.8,27.3,.1,1.8,85.9,3.1,
260,장흥,2022-07-24,24.5,22.8,26.9,22.5,1.3,92.8,1.2,
260,장흥,2022-07-25,26.3,23,31.1,,1,82.9,6.5,
260,장흥,2022-07-26,25,21.6,29.5,,1.4,88.3,5.8,
260,장흥,2022-07-27,25.8,22.4,29.8,,1.9,81.5,11.5,
260,장흥,2022-07-28,27,22.4,31,,1.8,83.6,10.8,
260,장흥,2022-07-29,28.7,23.3,32.3,,1.9,74,11.4,
260,장흥,2022-07-30,27.9,27.1,29.7,.2,3.3,74.3,1,
260,장흥,2022-07-31,26.4,25.1,28.2,61.7,5,95.3,0,
260,장흥,2022-08-01,26.6,25.6,28.4,18.9,4.8,97.3,0,
260,장흥,2022-08-02,27.5,25.6,32,8.5,1.9,91.4,4,
260,장흥,2022-08-03,26.7,24.3,31.6,30.6,.9,96,2.5,
260,장흥,2022-08-04,28.3,24.9,33,.2,.9,86.9,7.8,
260,장흥,2022-08-05,28.1,24.7,32.1,.3,.9,86.3,6.6,
260,장흥,2022-08-06,28.5,25.2,33.2,1,.7,87.5,5.4,
260,장흥,2022-08-07,29,25,33.9,,1.3,83.5,8.7,
260,장흥,2022-08-08,28.5,26,31.9,,1.5,82.4,6.8,
260,장흥,2022-08-09,28,24.5,32.2,,1.3,83.4,3.2,
260,장흥,2022-08-10,28.3,25.2,31.5,,1.3,81.1,1.2,
260,장흥,2022-08-11,27.3,25.3,29.3,.2,.8,93.6,0,
260,장흥,2022-08-12,27.6,24.7,31.3,4.1,.8,92.6,1.9,
260,장흥,2022-08-13,27.7,24.3,31.8,0,.9,86.5,3.6,
260,장흥,2022-08-14,29.1,25.8,32.7,,1.4,80.4,9.3,
260,장흥,2022-08-15,29.2,25.6,32.2,,1.8,77.1,5.8,
260,장흥,2022-08-16,26.6,24.3,28.9,81.7,1,94.3,0,
260,장흥,2022-08-17,25.5,21.3,29.2,4.2,.8,93,2.8,
260,장흥,2022-08-18,24.1,20.1,29.6,,1.2,86.9,9,
260,장흥,2022-08-19,26.4,20,31.1,,1,88.3,3.5,
260,장흥,2022-08-20,27.2,24.4,30.5,3.8,.9,94.5,.7,
260,장흥,2022-08-21,26.2,22.8,30.8,,1.2,86.5,7.2,
260,장흥,2022-08-22,24.6,20,30.2,,1.2,82,9.4,
260,장흥,2022-08-23,25.9,21.3,29.5,0,.6,94.5,0,
260,장흥,2022-08-24,25,22.2,29.4,2.9,1.4,88,3.8,
260,장흥,2022-08-25,24.1,20.1,30.8,,1,77.9,9.3,
260,장흥,2022-08-26,23.5,19.4,29.3,,1.3,72.8,8.1,
260,장흥,2022-08-27,22,17.1,27.9,0,1.7,75.6,9.2,
260,장흥,2022-08-28,20.2,15.4,26.2,,1,79.4,3.3,
260,장흥,2022-08-29,22.5,16.4,27,,.7,80.3,1.6,
260,장흥,2022-08-30,23.9,21,27,0,.9,94.6,0,
260,장흥,2022-08-31,23.5,20.5,26.9,.8,1.5,84,2.7,
260,장흥,2022-09-01,22.2,19,26.6,0,.8,88.3,.2,
260,장흥,2022-09-02,22.8,20.3,24.6,1.2,2.2,80.1,0,
260,장흥,2022-09-03,24.3,21.1,26.6,.2,3,79.3,.9,
260,장흥,2022-09-04,25.9,23.3,30.8,7.2,2.3,84.4,6.1,
260,장흥,2022-09-05,25.1,23.3,26.7,97.9,4.3,92.1,0,
260,장흥,2022-09-06,21.8,17.2,26,45.2,4,80.6,5.6,
260,장흥,2022-09-07,21.9,15.3,29,,1.1,79.4,9.9,
260,장흥,2022-09-08,21.2,14.4,28.6,,.6,77.9,10.2,
260,장흥,2022-09-09,21.3,16.6,28.5,,.6,81.9,7.6,
260,장흥,2022-09-10,21.7,17.6,26,,.9,80.1,1.8,
260,장흥,2022-09-11,22.4,17.4,28.4,,.9,83.6,7.6,
260,장흥,2022-09-12,22.6,20.4,25.4,1.4,.5,95.8,0,
260,장흥,2022-09-13,24.3,20.6,27.4,1,1,79.1,.9,
260,장흥,2022-09-14,25.1,22.8,28.6,,3.7,64.8,7.5,
260,장흥,2022-09-15,25.4,22.8,29.2,,3.9,73.9,8.6,
260,장흥,2022-09-16,25.3,23.1,29,.1,2.1,86.3,4.3,
260,장흥,2022-09-17,26.3,21.1,32.4,.2,.9,81.5,8.2,
260,장흥,2022-09-18,28.1,23.4,33.4,.5,2.3,72,5.2,
260,장흥,2022-09-19,24.8,16.7,29.5,,3.5,68.3,10,
260,장흥,2022-09-20,20.3,15.8,25.3,,1.3,72.1,6.9,
260,장흥,2022-09-21,18.2,12.8,23.7,,1.1,77,9.1,
260,장흥,2022-09-22,18.9,11.8,25.8,,1,78.3,8.9,
260,장흥,2022-09-23,18.6,13.8,26,,1.7,74.1,7.6,
260,장흥,2022-09-24,17.9,10.8,24.8,,1.7,66.3,6.9,
260,장흥,2022-09-25,18.1,14.7,22.3,0,.7,84.1,.1,
260,장흥,2022-09-26,18.5,15.4,23.3,0,.5,89.4,.5,
260,장흥,2022-09-27,20,13.9,26.7,,1,77.9,10.6,
260,장흥,2022-09-28,20.1,14,25.8,0,.6,83,4,
260,장흥,2022-09-29,19.6,12.5,28,,.8,73.6,10.7,
260,장흥,2022-09-30,18.4,9.7,27.5,,.8,78.5,10.8,
261,해남,2022-05-20,18.4,13,24.5,,.8,69.5,1.4,
261,해남,2022-05-21,18.9,11.6,25.6,,2.2,74.1,13.2,
261,해남,2022-05-22,18.5,11.6,26.6,,2,76.6,12.9,
261,해남,2022-05-23,,12.1,28.8,,1.4,64.6,11.4,
261,해남,2022-05-24,,,,,1.4,65.4,13,
261,해남,2022-05-25,,,,,1.6,70.4,12.2,
261,해남,2022-05-26,,,,.1,2.1,68.4,10.8,
261,해남,2022-05-27,,14.7,24.9,,1.9,77.3,13.3,
261,해남,2022-05-28,20.3,13.2,28,,1.8,72.3,7.9,
261,해남,2022-05-29,19.3,14.4,25.1,.5,2.9,82.5,8.2,
261,해남,2022-05-30,19.4,17.5,21.4,.4,2.3,89.4,1.1,
261,해남,2022-05-31,19.8,11.8,27.2,,1.3,58.5,12.9,
261,해남,2022-06-01,20.3,14.4,28.6,,1.5,61.5,11.1,
261,해남,2022-06-02,21.1,15.5,26.8,,1.5,81.6,11.1,
261,해남,2022-06-03,22.4,17.9,28.6,,2.1,79,9.9,
261,해남,2022-06-04,22,18.1,27.5,0,4.4,65.8,9.3,
261,해남,2022-06-05,18.7,17.5,21,15.6,5.3,89,0,
261,해남,2022-06-06,20.3,17.3,24.4,.2,2.4,81,8.9,
261,해남,2022-06-07,19,17.7,21.5,0,3.6,80.6,2.8,
261,해남,2022-06-08,19.5,17,24.2,,3.2,76.3,9.3,
261,해남,2022-06-09,20.3,16.1,25.8,,2.3,71.1,12,
261,해남,2022-06-10,20.7,15.5,24,,2.1,80.5,6.7,
261,해남,2022-06-11,21.6,17.7,29.4,0,.9,81.3,4.9,
261,해남,2022-06-12,20.8,16.7,25.6,,1.9,80.3,8.6,
261,해남,2022-06-13,20,18.1,21.9,.7,3,73.3,0,
261,해남,2022-06-14,19.3,17.6,21.8,1.6,3.5,81.9,.2,
261,해남,2022-06-15,21.2,18,25.9,.1,2.3,85.9,6.7,
261,해남,2022-06-16,22,18.6,27.2,0,1.3,81,7,
261,해남,2022-06-17,22.8,19.4,27.2,,1.4,85.8,.6,
261,해남,2022-06-18,23,21.3,26.4,.3,1.9,86.3,2.2,
261,해남,2022-06-19,25.1,21.5,30.8,,1.5,81.8,7.5,
261,해남,2022-06-20,24.6,19.7,30.1,,1.2,82.3,6.5,
261,해남,2022-06-21,25,21.3,31.4,,2,80.4,8.3,
261,해남,2022-06-22,25.8,21.6,31.8,,2.1,79.8,12.9,
261,해남,2022-06-23,25,23.1,29.2,.4,3.9,89.5,.8,
261,해남,2022-06-24,24.1,22.4,26.6,50.6,3.4,94.1,.4,
261,해남,2022-06-25,25.4,23.1,29.3,,2.6,86.1,5.5,
261,해남,2022-06-26,26.4,24.7,29.4,,3.9,87,3.6,
261,해남,2022-06-27,27.2,24.8,28.5,.1,4.7,84.1,.5,
261,해남,2022-06-28,27.4,25.8,29.5,,5.3,81.1,4,
261,해남,2022-06-29,27,26,28.2,1,5.2,85.1,0,
261,해남,2022-06-30,27.8,24.8,31,.1,3.5,80.4,11.2,
261,해남,2022-07-01,26.7,23.5,30.6,,2.6,82.4,13.2,
261,해남,2022-07-02,27.3,20.9,34,,1.4,75.1,12.9,
261,해남,2022-07-03,27.7,23.6,32.7,0,2,75.3,10.5,
261,해남,2022-07-04,27.2,24.1,31.4,2,1.7,82.6,9.4,
261,해남,2022-07-05,27.4,23.9,32.2,,1,83.9,7.2,
261,해남,2022-07-06,28.4,25.3,32.7,,2.9,83.6,11.1,
261,해남,2022-07-07,28.1,25.9,31.8,.2,3,85.3,3.7,
261,해남,2022-07-08,26.8,23.6,30.2,9.2,2.3,91.8,2.3,
261,해남,2022-07-09,27,23.2,32.2,,1.9,78.1,12.1,
261,해남,2022-07-10,27.6,22.8,33.3,,1.9,81.1,10.4,
261,해남,2022-07-11,26.7,24.8,30.3,4.1,1.6,88,2.5,
261,해남,2022-07-12,26.1,23.9,29.1,,3,86.5,5.4,
261,해남,2022-07-13,25.9,24,28.2,,3.9,86.8,1.9,
261,해남,2022-07-14,27.6,24.9,31.4,8.3,2.8,83.9,7.3,
261,해남,2022-07-15,26.9,23.2,31.4,,1.4,81.1,9.2,
261,해남,2022-07-16,26.2,22.4,30.6,,2,80.6,8.6,
261,해남,2022-07-17,25.5,22.8,29.1,1.5,.8,90.1,0,
261,해남,2022-07-18,25.3,23.9,28.4,108.5,3.1,96.8,.3,
261,해남,2022-07-19,25.9,22.4,30.4,,2.5,83,10.2,
261,해남,2022-07-20,26,21.9,31.5,2.9,.8,84.6,8.8,
261,해남,2022-07-21,25.2,22.6,27.2,1.1,4.2,86.1,3.2,
261,해남,2022-07-22,24.4,21.4,28.5,0,1.5,87.8,6.4,
261,해남,2022-07-23,24.9,21.6,28.5,1.5,2.3,88.6,2,
261,해남,2022-07-24,24.6,22.5,26.3,15.1,2,92,.2,
261,해남,2022-07-25,25.4,22.4,29.6,,1.3,87.5,6.4,
261,해남,2022-07-26,25.3,20.5,30.2,,2.1,83.1,10.1,
261,해남,2022-07-27,26.1,23.1,29.7,,3.3,79.8,12.6,
261,해남,2022-07-28,27.3,24,31.1,,3,83.6,12.3,
261,해남,2022-07-29,29,24.8,32.8,,2.9,75.3,13.2,
261,해남,2022-07-30,27.6,25.9,29,3.1,3.9,81,1.2,
261,해남,2022-07-31,26.5,25.6,28.5,36.1,5.1,92.8,0,
261,해남,2022-08-01,27.2,26,28.5,9,4.3,92.3,.1,
261,해남,2022-08-02,28.2,26.1,32,3.9,1.9,89.1,6.1,
261,해남,2022-08-03,27.9,25.9,31.4,10.9,1.9,91.9,6.8,
261,해남,2022-08-04,28.1,24.8,32.2,1,1.4,89.6,9,
261,해남,2022-08-05,28.8,25.6,32.1,0,2.1,89.1,7.9,
261,해남,2022-08-06,28.7,25.7,32.8,,1.1,88.4,7.1,
261,해남,2022-08-07,29.4,26.5,33.7,,2,86,8.3,
261,해남,2022-08-08,28.9,27.4,31.3,,3.6,84.3,7.6,
261,해남,2022-08-09,28.6,27,31,0,3.1,85.1,4.4,
261,해남,2022-08-10,28.4,27,31.1,,3.3,86.5,1.7,
261,해남,2022-08-11,27.7,26.6,28.9,.4,3.2,92.4,0,
261,해남,2022-08-12,27,24.9,30.9,37.7,1.3,94.6,1.5,
261,해남,2022-08-13,27.8,24.5,31.2,0,2.1,90.9,1.7,
261,해남,2022-08-14,29.1,27.4,31.7,,3.9,86.8,8.7,
261,해남,2022-08-15,29.1,27.8,31.9,,4.4,84.6,5.6,
261,해남,2022-08-16,26.9,24.8,28.7,36.5,2.5,94.5,.1,
261,해남,2022-08-17,25.3,21.5,29.3,1.2,.9,93.8,3.7,
261,해남,2022-08-18,24.3,20.6,30.8,,.9,88.3,10.8,
261,해남,2022-08-19,27,20.6,30.9,0,2.7,91.4,4.4,
261,해남,2022-08-20,26.9,24.4,28.7,12.1,2.2,95.6,.7,
261,해남,2022-08-21,26,22.1,30,,1.2,88.9,4.8,
261,해남,2022-08-22,25.5,19.5,32,,1,81.9,11.6,
261,해남,2022-08-23,26.4,22.7,30.5,0,1,92.6,.1,
261,해남,2022-08-24,25,20.7,30.2,2.2,1.3,82.4,11.1,
261,해남,2022-08-25,23.7,19,29.6,,1.2,81.3,8.1,
261,해남,2022-08-26,23.5,19.6,29.1,0,1.3,80,8.8,
261,해남,2022-08-27,,18.8,27.9,0,.6,,2.4,
261,해남,2022-08-28,20.4,14.9,26,0,1.1,79.4,.8,
261,해남,2022-08-29,23.3,17.6,27.7,0,1.7,79.8,1.5,
261,해남,2022-08-30,25.5,22.3,29.1,.1,1.8,88.4,1.1,
261,해남,2022-08-31,23.6,21.5,27.7,.6,1.7,83.5,3,
261,해남,2022-09-01,21.9,18.5,26.2,0,.6,90,.7,
261,해남,2022-09-02,22.7,20.3,24.7,2,3,85.4,.6,
261,해남,2022-09-03,24.7,22.3,28,0,5.6,82.3,2.4,
261,해남,2022-09-04,25.5,23.3,30.3,3.8,3.4,89.1,3,
261,해남,2022-09-05,24.9,22.9,26.1,140.4,4.9,93.1,0,
261,해남,2022-09-06,22.5,20,25.4,18.7,4.5,81.6,6.4,
261,해남,2022-09-07,21.2,15.3,27.5,,1.2,84.9,7.7,
261,해남,2022-09-08,21.3,15.2,29,,.6,83.4,9.2,
261,해남,2022-09-09,21.9,17.7,28.4,,.8,82.4,7.3,
261,해남,2022-09-10,22.3,18.2,27.3,,1.8,82,2.6,
261,해남,2022-09-11,23.4,20.2,28.6,,1.3,78.3,8,
261,해남,2022-09-12,23.1,21,25.8,1.5,.9,93.4,.3,
261,해남,2022-09-13,23.6,20.6,27.7,13.2,.9,90.5,1,
261,해남,2022-09-14,25.1,21.4,28.3,0,6.7,71,8.5,
261,해남,2022-09-15,25.1,22.3,29,,5.6,81.1,6.9,
261,해남,2022-09-16,25.8,23.9,29.5,,3.8,86.5,8.2,
261,해남,2022-09-17,26.7,22.5,32.6,0,1.2,81.3,5.8,
261,해남,2022-09-18,27.5,23.2,33,.2,2.6,80.5,5.1,
261,해남,2022-09-19,23.8,19.4,27.1,,3.9,73.5,10.7,
261,해남,2022-09-20,20,15.1,25.4,0,1.2,77.4,5.4,
261,해남,2022-09-21,18.6,13.5,24.6,,1.1,79.6,9.5,
261,해남,2022-09-22,19.2,12.2,26.3,,1,80.1,10.2,
261,해남,2022-09-23,19,14.4,25.4,,1.6,75.9,7.8,
261,해남,2022-09-24,19,14.7,24.4,,2.7,63.8,8.4,
261,해남,2022-09-25,18.3,14.5,22.7,0,.5,85.9,0,
261,해남,2022-09-26,18.3,15.4,22.6,.2,.4,91.3,.3,
261,해남,2022-09-27,19.5,13.3,27.5,0,.8,80.5,10.7,
261,해남,2022-09-28,20.3,15,25.7,0,.4,87,3.3,
261,해남,2022-09-29,19.2,12.6,27.3,,1,83.5,9.2,
261,해남,2022-09-30,18,9.9,27.5,,.7,81.9,11,
262,고흥,2022-05-20,18.3,13,23.3,,.9,69.3,3.2,
262,고흥,2022-05-21,20.2,11.4,27.1,,2,64.4,12.1,
262,고흥,2022-05-22,22.2,13.4,29.1,,1.7,54.4,11.6,
262,고흥,2022-05-23,21.7,13.9,29.7,,1.2,60.9,9.5,
262,고흥,2022-05-24,21.1,12.5,29.7,,1.1,53.1,11.5,
262,고흥,2022-05-25,20.7,13.2,28.3,,1.2,63.5,10.8,
262,고흥,2022-05-26,20.5,16.4,26.5,,2.4,52.5,8.9,
262,고흥,2022-05-27,20.7,11.1,26.7,,1.9,51.5,12.4,
262,고흥,2022-05-28,20.4,13,28.2,,1.2,57.5,7.6,
262,고흥,2022-05-29,19.5,12,25.2,.2,1.2,69.5,9,
262,고흥,2022-05-30,19.8,16.9,22.9,.1,1.6,81.5,.3,
262,고흥,2022-05-31,20.2,11.7,27.8,,1.9,49.3,11.9,
262,고흥,2022-06-01,19.8,13.9,27.2,,1,58.4,10,
262,고흥,2022-06-02,20.3,12.3,27.7,,1.3,75.8,11.6,
262,고흥,2022-06-03,20.9,15,28.2,,1.5,78.1,11.2,
262,고흥,2022-06-04,20.2,14.1,25.8,,2,68.6,8.2,
262,고흥,2022-06-05,18,16.5,19.5,41.4,2.3,87.8,0,
262,고흥,2022-06-06,20.2,15.2,25.6,,2,77.6,9.4,
262,고흥,2022-06-07,17.9,15.9,20.7,2.1,2.1,79,1.1,
262,고흥,2022-06-08,17.5,14.5,21.3,.5,1.1,83.4,2.7,
262,고흥,2022-06-09,18.4,13.4,24.3,,1,76.1,9.2,
262,고흥,2022-06-10,19.1,13.3,23.2,,1,78.9,5.6,
262,고흥,2022-06-11,21.3,16.9,27.6,,1.1,75.8,7.8,
262,고흥,2022-06-12,19.8,15.6,24,,1.2,78.5,8.3,
262,고흥,2022-06-13,19.4,16.8,21.9,4,1.5,73.5,0,
262,고흥,2022-06-14,18.1,17,19.8,1.6,1.9,81.8,0,
262,고흥,2022-06-15,20.2,16.5,25.5,0,1.2,83.9,5.3,
262,고흥,2022-06-16,22.2,17.2,27.4,,1.4,73.5,9,
262,고흥,2022-06-17,22.2,17.3,26.7,,.9,82.3,4.3,
262,고흥,2022-06-18,23.2,20.4,28,0,1.5,80.6,7.9,
262,고흥,2022-06-19,22.9,19,28.5,,1,85.1,5.9,
262,고흥,2022-06-20,23.6,19.8,28.5,,.9,83.1,4.6,
262,고흥,2022-06-21,25.4,19.5,30.6,,1.2,75.9,7.6,
262,고흥,2022-06-22,24.9,20.9,29.9,,1.6,78.8,11.1,
262,고흥,2022-06-23,24.8,22.3,29.1,0,1.8,85,2,
262,고흥,2022-06-24,23.9,22.6,26.9,33.4,2.2,89.5,2,
262,고흥,2022-06-25,24.6,21.8,28.3,,1.4,85,3.9,
262,고흥,2022-06-26,25.4,22.5,29.4,0,2.1,86.8,4.3,
262,고흥,2022-06-27,25,24.2,26.3,0,3.7,91.3,.2,
262,고흥,2022-06-28,25,24.1,25.8,0,4.2,90,.3,
262,고흥,2022-06-29,24.8,24.1,25.8,3.2,3.1,91.8,.5,
262,고흥,2022-06-30,25.6,23.6,28.7,.1,2.4,87.5,9.7,
262,고흥,2022-07-01,25.7,21.7,29.9,,1.1,86,8.8,
262,고흥,2022-07-02,26.7,20.9,32.9,,.9,76,9.5,
262,고흥,2022-07-03,26.8,22.3,31.9,0,1.1,74.5,6,
262,고흥,2022-07-04,26.1,23,30.1,.6,1.3,81,8.6,
262,고흥,2022-07-05,26.9,22.8,31.6,,1,78.9,8.3,
262,고흥,2022-07-06,27.5,23.7,32,0,1.4,82.9,7.1,
262,고흥,2022-07-07,27.5,25.1,31.1,,1.9,82.3,6.7,
262,고흥,2022-07-08,27,24.1,29.9,22.5,1.5,85.5,2.4,
262,고흥,2022-07-09,26.5,22.1,31.5,,1.7,76,11,
262,고흥,2022-07-10,26.6,22.1,30.7,,1.1,83.1,9.8,
262,고흥,2022-07-11,26.1,24.3,28.6,6,.8,87.1,2.6,
262,고흥,2022-07-12,24.8,23.4,27.5,,1.9,85,2.4,
262,고흥,2022-07-13,23.9,22.9,24.7,,1.3,88.1,0,
262,고흥,2022-07-14,28.2,23.4,32.3,1.7,2.7,76.1,8.2,
262,고흥,2022-07-15,26.6,22.7,31.3,,1.6,78.4,8.9,
262,고흥,2022-07-16,26.1,19.8,30.6,,1.8,69.4,10.1,
262,고흥,2022-07-17,25.1,22.3,29,.2,1.4,82.1,1.3,
262,고흥,2022-07-18,23.7,21,26.1,115.9,1.3,94.3,0,
262,고흥,2022-07-19,26.5,22.8,30.9,,2.4,76,9.9,
262,고흥,2022-07-20,25.5,20.8,31.2,0,1.1,78.4,9.3,
262,고흥,2022-07-21,25,22.8,27.9,2.3,3.1,80.6,4.9,
262,고흥,2022-07-22,25.2,21.9,29.3,,2,72.6,9.5,
262,고흥,2022-07-23,23.7,20.3,27.1,12.5,1.2,88,3,
262,고흥,2022-07-24,25.2,23.8,27.6,25.8,2.1,84.5,5.6,
262,고흥,2022-07-25,26.1,22.9,30.9,,1.5,77.9,7.9,
262,고흥,2022-07-26,24.7,21.4,28.8,,1.1,83.6,5.9,
262,고흥,2022-07-27,25.3,22.3,28.7,,1.4,79.1,10.1,
262,고흥,2022-07-28,25.6,21.6,29.9,,1.2,86,7.3,
262,고흥,2022-07-29,28.5,23.2,31.9,,1.5,72,11.3,
262,고흥,2022-07-30,27.7,26,29.3,.7,2,74.1,.9,
262,고흥,2022-07-31,26.4,24.9,28.3,80.5,4,87.4,0,
262,고흥,2022-08-01,26.6,25.1,28.2,17,3.7,88.9,.2,
262,고흥,2022-08-02,27,24.8,29.9,11.4,1.9,87.5,1.9,
262,고흥,2022-08-03,27.1,24.2,31.2,1.8,1.2,88.4,6.5,
262,고흥,2022-08-04,27.6,24.4,32,,1.1,83.8,8.2,
262,고흥,2022-08-05,28.2,25,31.6,,1.2,83.1,9,
262,고흥,2022-08-06,28.5,25.5,32.3,,1.4,81.5,7.8,
262,고흥,2022-08-07,28.3,24.9,32.5,,1.4,82.6,8,
262,고흥,2022-08-08,28.3,26.4,30.9,,2.1,79.8,6.5,
262,고흥,2022-08-09,27.7,24.1,31.2,,1.8,79.6,4.7,
262,고흥,2022-08-10,27.6,23.9,30.7,,1.6,81,2.8,
262,고흥,2022-08-11,27.1,25.5,28.5,0,1.4,86.4,0,
262,고흥,2022-08-12,26.9,24.6,30.4,3.8,1.3,90.8,1.7,
262,고흥,2022-08-13,27.4,23.9,31.1,,1,85.8,5.6,
262,고흥,2022-08-14,28.4,25.2,32,,1.7,79.6,9.2,
262,고흥,2022-08-15,27.6,24.4,31.1,,2,82.5,8.3,
262,고흥,2022-08-16,26.4,24,28.6,52.9,1.4,90.3,0,
262,고흥,2022-08-17,24.8,21.2,27.9,3.6,.8,93.5,2.2,
262,고흥,2022-08-18,23.7,19.4,29.5,,.7,83,10.5,
262,고흥,2022-08-19,25.7,19.1,30.6,,1.3,86.8,5.4,
262,고흥,2022-08-20,26.3,23.7,28.4,1.4,1.2,92.1,.8,
262,고흥,2022-08-21,25,21.6,29.9,,.8,85.9,6,
262,고흥,2022-08-22,24,18.9,30.5,,.8,75.1,10.5,
262,고흥,2022-08-23,25.4,20.2,29.5,.2,.6,88.5,.8,
262,고흥,2022-08-24,23.9,21.3,26.6,16.1,.7,93,.4,
262,고흥,2022-08-25,23.7,20.1,28.6,,1,79.5,8.8,
262,고흥,2022-08-26,23.1,19.4,28.4,,1.1,70,6.8,
262,고흥,2022-08-27,22.1,16.2,28,,1.5,70.6,8.6,
262,고흥,2022-08-28,20.2,14.4,25.2,,.7,74.6,2.7,
262,고흥,2022-08-29,22.6,17.2,26.5,0,1,74.3,3.5,
262,고흥,2022-08-30,22.8,20.7,23.9,.3,.5,91.4,0,
262,고흥,2022-08-31,23.2,20.5,26.4,1.4,1.3,86.5,2.1,
262,고흥,2022-09-01,21.7,19,24.1,0,.8,84.8,0,
262,고흥,2022-09-02,21.4,20.6,22.2,6.4,2,85.6,.2,
262,고흥,2022-09-03,23.3,21.9,25.3,.2,2.3,82,.7,
262,고흥,2022-09-04,25.3,22.5,28.9,0,1.8,84.4,3.4,
262,고흥,2022-09-05,24.5,23.5,26,110.6,2.1,90.3,0,
262,고흥,2022-09-06,22,17.3,25.8,69.5,4.1,76.6,7.3,
262,고흥,2022-09-07,21.2,14.9,28.4,,.8,75.9,10.7,
262,고흥,2022-09-08,20.5,14.1,28.2,,.6,75.6,9.8,
262,고흥,2022-09-09,21.2,16.6,27.7,,.7,77.3,7.1,
262,고흥,2022-09-10,22,18.7,26.3,,1.3,71.8,3.4,
262,고흥,2022-09-11,22.7,18.5,27.3,,1,76.3,7.4,
262,고흥,2022-09-12,22.8,19.9,25.4,.9,.7,86.4,.6,
262,고흥,2022-09-13,24.6,21.4,27,0,1.2,71.9,1.8,
262,고흥,2022-09-14,24.3,21.9,28.1,,1.9,65.1,4.3,
262,고흥,2022-09-15,24.3,22.3,28.1,,2.5,75,3.7,
262,고흥,2022-09-16,24.7,22.8,27.8,0,1.6,84.1,5.9,
262,고흥,2022-09-17,25.4,21.8,30.3,0,.9,82,6.5,
262,고흥,2022-09-18,27.7,23.7,32.9,,1.7,69.4,4.4,
262,고흥,2022-09-19,25.7,19.7,31.2,,3.6,65.3,10.1,
262,고흥,2022-09-20,20.6,18.2,23.9,0,1.1,62.3,5.1,
262,고흥,2022-09-21,18.1,13.1,22.9,,.9,70.5,8.7,
262,고흥,2022-09-22,18.2,12.7,24.1,,1.1,73.4,7.7,
262,고흥,2022-09-23,18.9,13.6,26,,2,71.5,7.6,
262,고흥,2022-09-24,17.9,12.2,24.8,,1.3,62.1,7.6,
262,고흥,2022-09-25,17.4,14.3,21,0,.5,78,0,
262,고흥,2022-09-26,17.9,14.8,22.7,0,.5,84,.3,
262,고흥,2022-09-27,19.9,14.8,26.1,0,.8,75.3,9.6,
262,고흥,2022-09-28,20.1,15.1,27.2,,.5,80.1,4.8,
262,고흥,2022-09-29,20.1,15,27.3,,.7,77.6,10.2,
262,고흥,2022-09-30,18.9,12.4,26.9,,.7,80.6,10,
263,의령군,2022-05-20,19.9,13.7,27.6,,1.6,57.9,4.2,19.18
263,의령군,2022-05-21,21,12.1,30.6,,1.6,59.4,9.1,23.92
263,의령군,2022-05-22,23.3,12.4,32.7,,2.4,50.4,11.6,27.88
263,의령군,2022-05-23,22.6,13.6,31.4,,1.6,58.3,10.2,24.73
263,의령군,2022-05-24,23.6,13.6,33.5,,1.6,54.6,11.3,27.41
263,의령군,2022-05-25,23,14.1,31.8,,2,57.3,11,27
263,의령군,2022-05-26,22.6,17,30,,2.3,39.3,10.5,29
263,의령군,2022-05-27,22,12.9,30.5,,3.2,39,11.8,29.58
263,의령군,2022-05-28,22.6,12.3,32,,2,44.1,10.8,23.17
263,의령군,2022-05-29,22.8,11.6,31,,2,43.9,11.8,29.47
263,의령군,2022-05-30,23.6,19.9,29.2,,2,56.4,1.7,17.25
263,의령군,2022-05-31,23.3,14.4,32.8,,2.2,42.3,11.8,30.24
263,의령군,2022-06-01,22.8,15.1,31.9,,2,46.4,9.5,27.01
263,의령군,2022-06-02,23.3,13.2,33.1,,1.9,58.6,11.8,29.42
263,의령군,2022-06-03,22.9,15,33.1,,1.7,62.4,11.6,28.01
263,의령군,2022-06-04,22.1,14.8,30,,1.6,58.5,9.2,23.21
263,의령군,2022-06-05,17.6,17.1,18.6,40.6,1.3,87.3,0,3.4
263,의령군,2022-06-06,20.6,17.2,26.4,0,2.1,74.9,4.8,19.25
263,의령군,2022-06-07,18.3,15.3,22.2,4,1.5,72.9,.9,9.78
263,의령군,2022-06-08,18.4,15.1,23.2,2,1.1,76.8,2.5,16.4
263,의령군,2022-06-09,20.3,14.2,27,,1.5,68.4,9.6,26.55
263,의령군,2022-06-10,21,13.4,27.8,,1.2,69.4,7.6,21.5
263,의령군,2022-06-11,21.8,16.6,28.4,,1.6,71.8,1.8,16.03
263,의령군,2022-06-12,21.2,13.8,27.8,,1.4,69,8.5,23.34
263,의령군,2022-06-13,20.4,16.6,24.9,1.6,2.2,70.3,.6,12.93
263,의령군,2022-06-14,17.6,16.9,18.8,1.6,2.7,81.3,0,5.51
263,의령군,2022-06-15,20.9,16.1,26.8,.3,1.9,77.3,3.4,18.04
263,의령군,2022-06-16,24.2,18.9,30.6,,2,62.4,8,25.11
263,의령군,2022-06-17,24.3,17.8,30.8,,1.8,70,8.6,25.32
263,의령군,2022-06-18,26.1,20.3,31.7,,2,68.9,8.8,26.11
263,의령군,2022-06-19,26.6,22.4,32.9,,2.1,67.4,9.5,26.01
263,의령군,2022-06-20,26.7,22.6,33,,1.7,70.1,10.2,25.24
263,의령군,2022-06-21,27,21.8,33.7,,1.9,68.1,8.9,26.78
263,의령군,2022-06-22,27.6,21.4,34.8,,2,69.6,11,26.18
263,의령군,2022-06-23,25.9,23.2,29.7,,2.6,77.4,.6,9.55
263,의령군,2022-06-24,26.2,23.8,30,19,3.9,77.6,3.5,14.58
263,의령군,2022-06-25,26.1,22,31.6,,2.5,75.6,5.2,20.13
263,의령군,2022-06-26,27,23.8,31,,3,76.6,2.4,14.86
263,의령군,2022-06-27,26.5,25.7,28.2,10.7,3,83.4,.2,7.59
263,의령군,2022-06-28,26.9,25.7,28.4,.6,3.9,79,.1,9.05
263,의령군,2022-06-29,27.1,25.3,30.5,1.9,4.2,79.5,3.3,17.78
263,의령군,2022-06-30,27.5,24.2,31.9,7.9,2.7,76.9,5.7,21.34
263,의령군,2022-07-01,27.6,22.2,33.9,,1.5,74.1,10,25.54
263,의령군,2022-07-02,27.5,20.4,35,,1.2,70,11,26.93
263,의령군,2022-07-03,28.6,22.4,35.3,,1.5,65.4,7.5,23.63
263,의령군,2022-07-04,27.5,24.1,32.1,4.4,1.2,78,5.2,16.36
263,의령군,2022-07-05,28.2,22.8,34.8,,1.4,72.9,4.4,18.54
263,의령군,2022-07-06,28.7,23.7,33.9,0,1.6,74.6,4,20.68
263,의령군,2022-07-07,29,24.6,33.6,,2.3,73.8,5.5,20.84
263,의령군,2022-07-08,28,24.2,33.2,13.3,1.8,82,1.7,12.78
263,의령군,2022-07-09,28,21.8,34.9,,1.3,72.4,7.3,24.46
263,의령군,2022-07-10,27.9,22.9,34.2,,1.3,75.1,5.9,20.2
263,의령군,2022-07-11,25.6,24.3,28.4,17.3,.8,88,.6,7.74
263,의령군,2022-07-12,26.5,23.9,31.2,,1.3,81.9,1.1,12.76
263,의령군,2022-07-13,25.2,22.7,27.8,0,1.4,80.4,.1,8.09
263,의령군,2022-07-14,28.5,24.4,33.1,,2.1,74.1,3.7,16.13
263,의령군,2022-07-15,27.7,20.5,34.6,,1.2,69.9,11.7,27.42
263,의령군,2022-07-16,26.9,19.8,34.1,,1.5,67,10.2,26.37
263,의령군,2022-07-17,27.3,21,32.9,,1.9,68.9,7,23.22
263,의령군,2022-07-18,23,21.2,26.6,71.1,1,91.5,0,2.73
263,의령군,2022-07-19,26.9,22.6,32.9,.1,1.1,78.8,5.8,21.5
263,의령군,2022-07-20,27.5,20.7,33.5,.2,1.2,70.9,10.5,25.66
263,의령군,2022-07-21,26,22.2,31.6,5,2.7,76.3,5.6,21.4
263,의령군,2022-07-22,26.7,22.7,32.1,,2.1,68.6,8.8,23.37
263,의령군,2022-07-23,24.6,21.6,28.9,5,1,82.6,.2,10.56
263,의령군,2022-07-24,26.5,22.6,31.6,5.2,1.6,80.6,3.8,18.11
263,의령군,2022-07-25,28,22,34.7,,1.1,75,9.5,26.8
263,의령군,2022-07-26,26.5,22.3,33.3,,.8,79.4,4.7,18.78
263,의령군,2022-07-27,26.6,21.8,32.5,,1,75.4,6.8,23.49
263,의령군,2022-07-28,26.7,22.7,31.8,,.9,82,1.4,13.21
263,의령군,2022-07-29,28.8,23.3,34.6,,1.6,75.9,7.2,22.26
263,의령군,2022-07-30,27.9,24,30.3,0,1.7,76.6,.3,8
263,의령군,2022-07-31,26,25.2,27.7,22.2,1,92.9,0,3.49
263,의령군,2022-08-01,28,25.6,30,8.6,2,79.4,0,5.7
263,의령군,2022-08-02,27.4,25.7,30.4,22.5,2.4,88,1.6,11.34
263,의령군,2022-08-03,28.8,25.6,33.7,2.4,1.9,87.1,7.6,22.45
263,의령군,2022-08-04,29.8,25.5,34.6,1.2,1.3,84.6,8.8,23.9
263,의령군,2022-08-05,29.2,25.2,34.1,,1.5,85.6,6.2,19.68
263,의령군,2022-08-06,30.8,25.2,36.6,,1.3,80.4,10.1,24.79
263,의령군,2022-08-07,29.9,26,35.1,,1.8,83.3,4.9,19.29
263,의령군,2022-08-08,29.6,27.6,32.8,,3.2,77.5,3.6,17.32
263,의령군,2022-08-09,29.5,27.3,32.8,,2.8,76,1.1,14.54
263,의령군,2022-08-10,28.7,26.1,31.1,,2.8,79.8,0,8.62
263,의령군,2022-08-11,27.5,25.8,29.1,3.6,2.2,88.5,0,4.19
263,의령군,2022-08-12,29.8,26,35.1,,1.3,83.1,6.7,20.76
263,의령군,2022-08-13,26.9,24.6,33.6,27.4,1.1,94,2.8,15.04
263,의령군,2022-08-14,29.5,25.1,34,,1.8,82.4,6.2,20.33
263,의령군,2022-08-15,30,27.5,33,,4.7,74.6,6.9,21.3
263,의령군,2022-08-16,26.6,24.3,29.1,22.1,2.6,92.1,0,3.5
263,의령군,2022-08-17,25.2,23.9,27.6,4.7,.9,94.6,.2,7.73
263,의령군,2022-08-18,26.1,22,31.5,,1.2,83,8.4,25.07
263,의령군,2022-08-19,27.3,20.4,32.4,,1.8,84.3,5.7,19.36
263,의령군,2022-08-20,27.3,25.9,29.3,21.6,1,95.5,0,5.29
263,의령군,2022-08-21,26.7,22.1,32.2,,1.1,83.1,8.2,21.55
263,의령군,2022-08-22,25.6,19.8,33.2,,1,83,7,21.9
263,의령군,2022-08-23,25.8,22,30.2,4.1,.7,89.5,.3,9.03
263,의령군,2022-08-24,21.8,19.5,25,40,1.7,96,0,5.04
263,의령군,2022-08-25,24.4,18.8,30.5,0,1,83.3,6.7,21.67
263,의령군,2022-08-26,24.2,19.5,30.1,,1.4,80.1,10.1,24.98
263,의령군,2022-08-27,21.3,14.7,28.8,,1.3,84.9,4.3,15.86
263,의령군,2022-08-28,20.6,13.5,28.3,,1.3,78.3,9.2,22.56
263,의령군,2022-08-29,21.5,15.6,26.7,0,1.1,84.9,1.2,12.22
263,의령군,2022-08-30,21,20,22.6,31.8,.8,97.9,0,3.01
263,의령군,2022-08-31,22.3,19.8,25.3,1.2,1,94.5,.1,7.15
263,의령군,2022-09-01,22.1,18,25.6,0,.9,89.6,2.1,9.2
263,의령군,2022-09-02,21,19.7,22.1,1.8,1,97.1,0,2
263,의령군,2022-09-03,22.7,20.4,25.2,1.4,1.4,91.1,0,6.06
263,의령군,2022-09-04,25.5,21.4,31.8,.1,1,89.9,4,15.99
263,의령군,2022-09-05,24.8,23.1,27.7,42.5,1.3,97.4,0,3.36
263,의령군,2022-09-06,22.9,16.5,27.8,86.9,4.6,80.8,7.5,21.56
263,의령군,2022-09-07,20.2,12.5,29,,1.4,82.9,10.7,23.97
263,의령군,2022-09-08,20.8,13.6,29.2,,1.1,77.9,10,22.1
263,의령군,2022-09-09,21.1,14.9,28.8,,1.1,77.9,8.8,22.98
263,의령군,2022-09-10,21.2,17.3,24.7,,1.4,81.6,1.2,11.19
263,의령군,2022-09-11,22.6,16.9,29.1,,.8,82.9,3,17.02
263,의령군,2022-09-12,22.1,19.9,25.3,.4,.9,88.4,.1,7.98
263,의령군,2022-09-13,23.8,19.3,29.3,,1.9,73.6,3.4,14.22
263,의령군,2022-09-14,24,21.1,29.6,,2.6,70.3,7.4,18.89
263,의령군,2022-09-15,24.3,20.3,29.7,,1.9,75.9,1,11.26
263,의령군,2022-09-16,24.9,21.3,30,,1.1,83,2.9,13.55
263,의령군,2022-09-17,25.5,21,33.2,.4,1,86.9,3.2,14.13
263,의령군,2022-09-18,27,22.8,30.9,.3,3.2,78.3,6.5,17.61
263,의령군,2022-09-19,26.2,20,30.8,2.3,4.6,66.5,5.4,15.27
263,의령군,2022-09-20,19.9,14,25.1,,1.9,63,7.2,17.11
263,의령군,2022-09-21,17.1,11.3,24.5,,1.1,73.4,8.2,17.93
263,의령군,2022-09-22,17.7,9.5,26.3,,.8,75.4,8.9,19.9
263,의령군,2022-09-23,19.9,13.6,28.4,,2.1,68.3,8.9,20.81
263,의령군,2022-09-24,17.3,9.9,26.2,,1.6,67.9,9,22.09
263,의령군,2022-09-25,17.4,13.1,21.9,,.4,80.1,.4,7.73
263,의령군,2022-09-26,17.5,14.3,22.2,0,.9,85.1,.1,6.42
263,의령군,2022-09-27,19.5,14.9,27.9,,1,76.3,7.1,17.92
263,의령군,2022-09-28,19,13.3,27.1,,.8,81.6,3.6,13.5
263,의령군,2022-09-29,18.8,12.6,29,,.7,79.6,7.7,18.19
263,의령군,2022-09-30,19.4,11.4,30.5,,.3,75,10.9,20.61
264,함양군,2022-05-20,19,12.2,27.1,,1.7,56,5.9,20.95
264,함양군,2022-05-21,20.4,11,28.6,,2.3,57.8,11.8,27.35
264,함양군,2022-05-22,22.5,13.1,29.6,,2.8,47.8,11.7,28.65
264,함양군,2022-05-23,23,14.8,30.9,,2.1,54.4,11.2,26.07
264,함양군,2022-05-24,22.5,12,32.7,,1.1,49.8,11.3,27.9
264,함양군,2022-05-25,22.4,13,30.9,,1.9,58.5,9.5,26.39
264,함양군,2022-05-26,21,13.9,27.3,,2.7,42.5,12.2,31.15
264,함양군,2022-05-27,20.7,12.4,27.7,,3.5,45.5,13,30.73
264,함양군,2022-05-28,21.5,11,30.1,,2.4,45.3,10.6,24.19
264,함양군,2022-05-29,20.9,8.2,30.7,,2,45.9,12.5,30.66
264,함양군,2022-05-30,21,18.2,25.5,0,2.4,67.4,.3,13.79
264,함양군,2022-05-31,21.9,11.3,30.5,,2.3,41.3,12.3,30.88
264,함양군,2022-06-01,22,13.2,31.6,,1.3,48.3,11,28.96
264,함양군,2022-06-02,22.1,10.1,32.1,,1.9,54.8,12.3,30.49
264,함양군,2022-06-03,23.6,14.4,33.5,,1.7,57.6,10.9,28.44
264,함양군,2022-06-04,22.7,14.2,29.3,,1.9,54,7.8,23.93
264,함양군,2022-06-05,17.6,16.3,21.4,31.9,2.2,84.9,0,4.05
264,함양군,2022-06-06,19.8,15.3,25.4,.4,1.8,82,5.5,21.31
264,함양군,2022-06-07,17.3,15.4,20,18.8,1.2,83.6,0,6.15
264,함양군,2022-06-08,18,14.8,23.8,1.5,1.2,81.1,2.8,17.97
264,함양군,2022-06-09,19.7,14.1,26.5,,1.2,75.9,4.6,21.7
264,함양군,2022-06-10,20.3,13.6,27.4,,1,74.9,4.8,19.74
264,함양군,2022-06-11,22,16.1,28.7,,1.1,69.5,5.4,22.84
264,함양군,2022-06-12,21.4,13.9,27.8,,1.2,67.6,8.9,24.88
264,함양군,2022-06-13,20.6,16.6,24.4,,1.8,67.6,.6,15.32
264,함양군,2022-06-14,16.1,15.4,19.4,5.9,1.3,90.5,0,5.1
264,함양군,2022-06-15,19.7,15.4,26.2,2.8,1,80,2.6,15.52
264,함양군,2022-06-16,21.6,16.2,28.4,,2.2,64.5,9.6,29.53
264,함양군,2022-06-17,22.6,14.2,30.9,0,.9,73,7.7,23.2
264,함양군,2022-06-18,25.7,18.5,31.6,,2,64.8,10.5,29.1
264,함양군,2022-06-19,26.7,20.6,33.2,,1.6,66.3,10.9,28.35
264,함양군,2022-06-20,25.9,19.8,33.8,,1.2,73.4,8.1,25.22
264,함양군,2022-06-21,27.1,22.6,34.3,,1.4,70.5,6.5,24.12
264,함양군,2022-06-22,27.8,21.1,34.4,,1.7,65.9,10.5,28.1
264,함양군,2022-06-23,25.5,22,28.7,16.5,1.2,81.4,0,7.66
264,함양군,2022-06-24,25.7,22.9,29.7,29.8,2.5,84.8,4.7,19.26
264,함양군,2022-06-25,26,20.8,32.7,0,1.3,83.9,7.6,23.15
264,함양군,2022-06-26,26.4,20.8,32.6,,1.3,82.8,4.3,19.14
264,함양군,2022-06-27,25.9,23,29.1,1.2,1.1,87.6,.3,11.93
264,함양군,2022-06-28,27.2,23.3,32,0,1.8,77.5,2.6,17.5
264,함양군,2022-06-29,27.5,23.7,31.8,.2,1.4,78.8,2.1,16.14
264,함양군,2022-06-30,26.8,22.2,32.2,.1,1.2,80.8,3.4,16.92
264,함양군,2022-07-01,26.6,21.4,33.9,,1,81.5,6,21.49
264,함양군,2022-07-02,26.7,19.8,34.3,,1.1,72,8.7,26.35
264,함양군,2022-07-03,27.5,21.4,34.7,,1.1,68.8,8.4,24.68
264,함양군,2022-07-04,27,23.5,32,0,1.2,75.1,1.9,16.63
264,함양군,2022-07-05,27.6,22.9,34.6,2.6,.6,76.3,3.8,18.6
264,함양군,2022-07-06,28.1,24.4,34,,1.1,76.3,5,19.76
264,함양군,2022-07-07,28,23.1,33.7,0,1.3,74.6,5.8,20.89
264,함양군,2022-07-08,26.5,21.8,30.9,.1,1.5,82.4,.9,11.98
264,함양군,2022-07-09,26.9,20.2,32.9,,1.8,72.8,9.8,27.92
264,함양군,2022-07-10,27.5,21.3,33.8,,1.3,72.4,6.5,21.38
264,함양군,2022-07-11,26,23.7,31.1,9.5,.7,83.9,2,12.98
264,함양군,2022-07-12,26.8,24.2,31.7,0,1.4,77.9,1.1,13.92
264,함양군,2022-07-13,24.2,22.5,26.3,0,1,81.5,0,6.09
264,함양군,2022-07-14,26.6,22.2,31.7,10.2,2.6,85.6,7,24.18
264,함양군,2022-07-15,25.7,19.3,32.5,,1.6,81.4,12.8,28.55
264,함양군,2022-07-16,25.1,17.6,31.7,,2,79.6,11.2,26.89
264,함양군,2022-07-17,25.3,20.3,30.1,,1.9,85.4,4.6,19.91
264,함양군,2022-07-18,21.7,20.7,23.1,71.1,.6,100,0,2.66
264,함양군,2022-07-19,26.3,21.6,31.7,.1,2.1,85.3,9.9,27.68
264,함양군,2022-07-20,26.4,20.5,33.8,.4,.9,82.6,10.1,26.21
264,함양군,2022-07-21,24.2,20.9,28.8,5.5,2.7,91,1.7,11.6
264,함양군,2022-07-22,24.8,20.7,29.2,,2.8,83.6,7.3,22.04
264,함양군,2022-07-23,23.4,18.8,27.9,2.2,1,92.5,.2,11.21
264,함양군,2022-07-24,25.2,21.7,29,6.6,1.5,93.5,2.9,17
264,함양군,2022-07-25,27.6,21.5,33,,1.2,84.9,10.1,28.1
264,함양군,2022-07-26,27.1,22.6,32.4,,.8,85.6,8.8,25.89
264,함양군,2022-07-27,26.1,21.6,30.9,,1.2,82.8,9.2,23.33
264,함양군,2022-07-28,26.4,21.8,31.8,,1.6,89.8,6,20.6
264,함양군,2022-07-29,28,23,33.8,0,1.4,86.3,6.4,21.98
264,함양군,2022-07-30,26.2,22.9,28.9,1.6,.7,96.3,.4,6.34
264,함양군,2022-07-31,25.4,24.4,27.4,51.8,2.5,99.4,0,4.32
264,함양군,2022-08-01,25.8,24.9,26.6,19.9,2.3,99.5,0,4.48
264,함양군,2022-08-02,26.9,24.5,32.1,16.5,.5,96.8,1.8,13.11
264,함양군,2022-08-03,28,24,33,0,1.3,90.1,5.7,20.66
264,함양군,2022-08-04,28.5,24.2,33.5,4.2,1.8,88.9,9.1,25.77
264,함양군,2022-08-05,28.4,23.8,33.1,.2,1.5,89.8,6.3,20.35
264,함양군,2022-08-06,29.1,24.4,34.8,,1.6,85.6,11.6,26.07
264,함양군,2022-08-07,27.3,23.2,34.4,0,1,90.9,5.4,17.07
264,함양군,2022-08-08,27.2,22.1,33.2,,1.5,85.8,3.3,17.98
264,함양군,2022-08-09,27.2,23.7,32.2,,1.4,87.9,1.6,15.43
264,함양군,2022-08-10,27.1,24.3,29.8,1.1,1.1,90.6,0,6.78
264,함양군,2022-08-11,24.3,23.4,25.2,17.4,.4,100,0,2.64
264,함양군,2022-08-12,27.6,23.8,33.1,.1,1.6,89.8,8,23
264,함양군,2022-08-13,26.3,22.9,32.9,5.2,.9,93.5,4,15.07
264,함양군,2022-08-14,27.7,23.7,33.4,,1.4,90.3,6.6,21.26
264,함양군,2022-08-15,27.9,23,33.1,,1.5,84.8,5.4,19.25
264,함양군,2022-08-16,25.9,24.2,29.3,19.7,1.2,96.1,.1,6.97
264,함양군,2022-08-17,25.4,21.5,30.8,.7,.9,92.5,3,14.01
264,함양군,2022-08-18,24.3,17.5,31.9,,.8,83.9,11,25.74
264,함양군,2022-08-19,25.9,19.2,32,,1.3,91.5,5,18.11
264,함양군,2022-08-20,25.7,22.9,29.6,21.1,1.1,97.3,1.3,5.71
264,함양군,2022-08-21,26.5,22.5,32.3,,.7,86.3,9.1,23.2
264,함양군,2022-08-22,26.2,21.5,32.6,,1.1,85.6,9.7,24.69
264,함양군,2022-08-23,24.7,22.8,28.2,1.1,.8,95.1,0,6.46
264,함양군,2022-08-24,22.1,19.3,24.2,15.1,.8,97,0,6.3
264,함양군,2022-08-25,23.8,18.3,30.3,0,1.5,82.8,5.5,20.29
264,함양군,2022-08-26,23.5,17.2,30.1,,1.3,77.4,10.1,25.72
264,함양군,2022-08-27,20.3,13.1,27.1,,1.3,85.4,5.7,17.13
264,함양군,2022-08-28,19.1,11.6,27.1,,.7,83.3,9.4,22.79
264,함양군,2022-08-29,19.7,15,23.3,0,.3,92.5,0,7.32
264,함양군,2022-08-30,21.6,19.4,23.6,3.6,.4,98,0,5
264,함양군,2022-08-31,22.8,20.5,27.4,5,.8,94.3,1.3,9.6
264,함양군,2022-09-01,21,17.8,24.6,.1,.4,94.6,1.1,7.59
264,함양군,2022-09-02,20.6,17.5,23.2,,.7,97,0,3.05
264,함양군,2022-09-03,21.1,19.7,22.8,9.3,.6,99.8,0,4.04
264,함양군,2022-09-04,23.8,20.5,29.7,3.7,.8,96.5,1.1,9.06
264,함양군,2022-09-05,23.4,22.4,25.1,117.5,1.1,100,0,2.12
264,함양군,2022-09-06,21.2,14.9,25.9,63.2,3.2,87.8,3.7,12.34
264,함양군,2022-09-07,19.9,12,29.2,,.8,76.5,10.6,24.34
264,함양군,2022-09-08,19.6,11.2,29.4,,.3,76,10.1,22.8
264,함양군,2022-09-09,20.1,14.1,29.1,,.5,75.6,8.3,22.69
264,함양군,2022-09-10,19.8,15.3,24.1,0,.6,80.5,.2,7.97
264,함양군,2022-09-11,21.8,16.6,28.1,,.4,77.3,3.5,16.63
264,함양군,2022-09-12,21.5,18.9,25,.8,.2,86.3,.1,7.48
264,함양군,2022-09-13,23,19.5,28.2,0,.9,74.5,1.2,10.46
264,함양군,2022-09-14,22.2,17.9,27.7,,1.7,65.9,4.2,12.92
264,함양군,2022-09-15,22.2,18.1,25.1,,.8,80.6,0,4.48
264,함양군,2022-09-16,23.8,20.7,28.1,0,1.2,82.9,.9,10.17
264,함양군,2022-09-17,25.3,20.4,32.2,1.7,.3,79.4,5.6,17.56
264,함양군,2022-09-18,26.2,22.2,31.3,0,1.2,70.9,3,14.18
264,함양군,2022-09-19,25.7,16.9,30.2,0,2.7,56.9,4.4,13.45
264,함양군,2022-09-20,18.3,12.6,24.3,,.7,62.8,8.4,21.35
264,함양군,2022-09-21,15.7,9.6,23.4,,.5,70.4,9.9,21.92
264,함양군,2022-09-22,16.2,7.4,25.3,,.3,70.1,8.8,21.37
264,함양군,2022-09-23,17.9,11.9,26.1,,2.2,62.3,8.6,20.45
264,함양군,2022-09-24,17.6,10.7,25.7,,1.1,54.5,9.1,21.03
264,함양군,2022-09-25,16.8,12,24,,.1,69.5,2.4,12.07
264,함양군,2022-09-26,16.6,13,21.5,,.1,74.9,.3,6.56
264,함양군,2022-09-27,18.4,12.6,27.6,,.2,65.9,10.1,21.32
264,함양군,2022-09-28,17.2,11.7,25.6,,,73.3,2.6,11.21
264,함양군,2022-09-29,17.9,12.3,29.2,,,67.8,8.2,19.92
264,함양군,2022-09-30,17.5,10.4,29.8,,,68.3,8.5,19.78
266,광양시,2022-05-20,19.9,16.5,25.3,,1.3,61.4,2.4,15.9
266,광양시,2022-05-21,22.2,14.6,30.7,,1.7,56.3,12.3,28.64
266,광양시,2022-05-22,24,16.3,32.2,,2.1,48.6,11.2,27.5
266,광양시,2022-05-23,22.5,17.8,28.7,,1.5,62.3,10.2,23.6
266,광양시,2022-05-24,23.6,16.7,31.1,,1.2,53.4,12.1,26.61
266,광양시,2022-05-25,22.9,16.8,29.5,,1.6,57,11.6,26.3
266,광양시,2022-05-26,22.1,17.9,28.9,,2.3,44.4,9.4,27.08
266,광양시,2022-05-27,21.9,13.7,30.2,,2.3,44,12.6,28.95
266,광양시,2022-05-28,22.4,15.6,30.7,,1.5,49.5,9.3,21.5
266,광양시,2022-05-29,21.7,15.2,27.6,0,1.5,55.3,11.4,27.77
266,광양시,2022-05-30,21.6,18,26.3,,2.2,69.5,1.1,13.81
266,광양시,2022-05-31,22.5,15.7,29,,1.9,47.6,12.8,29.61
266,광양시,2022-06-01,22.7,17.5,29.5,,1.5,51.6,10.7,26.08
266,광양시,2022-06-02,22.4,14.8,29.7,,1.5,67.5,12.5,29.03
266,광양시,2022-06-03,23.2,18,30.3,,1.6,66.3,12.1,27.68
266,광양시,2022-06-04,22.5,17.8,27.4,,2.7,57.4,9.5,23.76
266,광양시,2022-06-05,17.6,16.3,21.2,33.9,3.6,86.3,0,3.38
266,광양시,2022-06-06,20.8,16.1,26.2,0,1.8,77.8,6.8,21.16
266,광양시,2022-06-07,18.5,15.7,22.3,.5,2.1,75.1,.4,8.71
266,광양시,2022-06-08,18.2,15.3,22.2,.1,1.8,78.8,1.9,13.82
266,광양시,2022-06-09,20.2,16,25.9,,1.7,70.5,9.3,25.56
266,광양시,2022-06-10,20.9,15.2,25.7,,1.3,69.8,6.2,20.29
266,광양시,2022-06-11,22.6,17.9,28.6,,1.8,70.6,4.6,21.27
266,광양시,2022-06-12,21.7,17.4,26.3,,1.9,67,8.8,22.91
266,광양시,2022-06-13,19.6,17.3,23.1,1.2,3.3,75.1,.2,9.54
266,광양시,2022-06-14,17.9,16.4,20.9,1.4,4.9,80.1,.1,12.46
266,광양시,2022-06-15,21.1,16.5,26.7,,1.8,79.9,4.4,17.45
266,광양시,2022-06-16,23.5,19.3,30.4,,2.1,69.6,8.1,23.21
266,광양시,2022-06-17,22.8,18.6,28.7,1.6,1.3,79.8,6.2,21.45
266,광양시,2022-06-18,25.4,21.1,30.7,,1.9,73.5,10.7,26.74
266,광양시,2022-06-19,25.4,21.6,31.1,0,1.7,75,9.2,26.05
266,광양시,2022-06-20,25.5,22.4,30.9,,1.4,77.1,8.9,22.45
266,광양시,2022-06-21,26.5,21.7,32.7,,2,71.9,9.4,26.63
266,광양시,2022-06-22,26.5,22.4,32.4,,1.8,75.3,12,27.23
266,광양시,2022-06-23,24.9,22.9,27.4,.4,1.6,86.5,0,5.93
266,광양시,2022-06-24,24.5,22.6,28.8,46.2,2.6,91.3,2.7,11.12
266,광양시,2022-06-25,24.9,22.6,29.6,,1.6,85.9,2.5,14.96
266,광양시,2022-06-26,25.8,23.1,30.5,,1.6,86.6,2.1,13.42
266,광양시,2022-06-27,25,24.5,26.3,4.7,2.2,95.1,0,3.96
266,광양시,2022-06-28,25.4,24.4,27.3,8.4,2.6,91.5,.1,7.25
266,광양시,2022-06-29,25.3,24.3,28.5,6.9,2.6,93,.4,9.01
266,광양시,2022-06-30,26.6,24.1,30.6,5,2,85.5,9.1,27.4
266,광양시,2022-07-01,27.1,23.6,32.2,,1.2,79.5,8.4,24.71
266,광양시,2022-07-02,27.8,22,33.1,,1.7,70.5,11.6,26.99
266,광양시,2022-07-03,28.8,23.9,33.9,,1.4,65.4,8.3,25.51
266,광양시,2022-07-04,26.9,24.1,31.1,.9,1.4,79.6,3.2,11.46
266,광양시,2022-07-05,28.1,24.4,33.7,.5,1.1,76.8,6.5,22.17
266,광양시,2022-07-06,28.2,25.1,33,,1.6,81.6,7.5,23.45
266,광양시,2022-07-07,28.4,26.3,31.9,0,1.8,82.9,5.2,19.6
266,광양시,2022-07-08,27.2,24.8,29.7,13.9,1.5,88.3,1.9,8.89
266,광양시,2022-07-09,27.9,22.4,33.5,,1.2,73.9,9.4,22.67
266,광양시,2022-07-10,27.8,24.1,32.7,,1.4,77.1,9.8,23.37
266,광양시,2022-07-11,26,23.6,30.1,32.7,1.1,87.9,2.1,11.49
266,광양시,2022-07-12,25.7,23.8,29,.4,1.2,84.9,.1,8.14
266,광양시,2022-07-13,24.8,23,26.4,,1.3,84.4,0,6.86
266,광양시,2022-07-14,28.1,24.6,33.4,3.2,1.8,78.6,5.4,17.61
266,광양시,2022-07-15,28.1,23.1,33.6,,1.3,66.5,11.7,25.39
266,광양시,2022-07-16,27.2,21.7,33.5,,1.7,64.1,10.8,25.09
266,광양시,2022-07-17,26.3,23.1,31.2,.2,1.7,75.6,2.4,14.7
266,광양시,2022-07-18,22.4,21.2,25.1,102.1,1.1,95.8,0,1.77
266,광양시,2022-07-19,27.3,22.9,32.4,.2,1.6,76.1,10.8,27.16
266,광양시,2022-07-20,27.2,21.6,32.7,0,1.2,71.3,11.3,24.24
266,광양시,2022-07-21,25.5,22.5,29.8,4.7,2.2,80.9,4.2,19.54
266,광양시,2022-07-22,25.8,21.3,31.1,,1.9,71.6,8.9,23.95
266,광양시,2022-07-23,24.9,22.6,29.4,5.9,1.6,84.6,2.8,14.43
266,광양시,2022-07-24,25.6,22.6,30.1,37.5,1.9,87.6,4.4,17.24
266,광양시,2022-07-25,27,22.4,32.8,,1.4,79,7.7,23.01
266,광양시,2022-07-26,26.2,23.4,31.1,,1.6,82.4,6.2,20.62
266,광양시,2022-07-27,26.4,22.7,30.6,,2.1,76,9.1,25.59
266,광양시,2022-07-28,27.5,23.9,30.5,,2.3,78.4,5.3,18.46
266,광양시,2022-07-29,29.3,25.2,33.1,,2.9,72.3,11.4,26.1
266,광양시,2022-07-30,27.9,26.7,29.9,.1,3.4,77,.8,9.1
266,광양시,2022-07-31,26,24.7,27.7,38.4,3.7,93.5,0,2.33
266,광양시,2022-08-01,26.6,25,28.9,26.4,3.8,91.4,.1,4.92
266,광양시,2022-08-02,27,25.7,30.9,42.1,2,92.1,2.1,11.46
266,광양시,2022-08-03,27.3,24.9,30.5,7.2,1.2,91,3.5,12.62
266,광양시,2022-08-04,28.4,25.1,32.3,0,1.5,84.4,5.8,16.77
266,광양시,2022-08-05,28.3,25.1,31.7,1.7,1.5,86,5.3,16.25
266,광양시,2022-08-06,29.4,25.7,33.7,1,1.8,83.6,10.2,23.44
266,광양시,2022-08-07,29.3,26.2,33.8,,1.7,83.1,9.1,23.72
266,광양시,2022-08-08,28.8,26.7,32.3,.2,2.3,80.8,3.6,18.04
266,광양시,2022-08-09,28.1,25.8,31.2,,2.1,81.3,2.2,14.51
266,광양시,2022-08-10,27.7,26.1,30.8,,1.9,83.6,.4,9.93
266,광양시,2022-08-11,26.9,25.9,28.1,1,1.3,91.8,0,2.93
266,광양시,2022-08-12,28.7,26.2,32.6,0,1.6,84,3.2,15.96
266,광양시,2022-08-13,28.4,24.9,32.5,,1.6,81.8,5.4,18.12
266,광양시,2022-08-14,29.1,26.7,33.3,,2,79.8,7.2,20.55
266,광양시,2022-08-15,29,26.3,32.5,,2.7,78.9,4.8,18.08
266,광양시,2022-08-16,26.3,24.2,28,38.4,1.8,92.3,0,4.09
266,광양시,2022-08-17,25.6,23.2,29.3,17,1.4,90.4,2.6,10.95
266,광양시,2022-08-18,25.4,20.4,30.8,,1.3,78.5,11.1,24.59
266,광양시,2022-08-19,26.7,21.6,31.5,,1.6,84.5,3.7,15.91
266,광양시,2022-08-20,27.2,25.5,29.5,6.6,1.5,91.3,.9,7.13
266,광양시,2022-08-21,27.2,24.6,31.7,,1.6,78.1,8,22.31
266,광양시,2022-08-22,26.7,21.9,32.2,,1.3,73,11.4,24.42
266,광양시,2022-08-23,26.7,23.9,30.5,2.3,1.2,81.4,.7,10.38
266,광양시,2022-08-24,23.4,21.4,25.6,34.9,2,88.1,.4,7.97
266,광양시,2022-08-25,24.6,19.5,30.2,,1.4,73,7.2,20.17
266,광양시,2022-08-26,24.8,20.5,30,,1.4,61.8,8.5,22.37
266,광양시,2022-08-27,23.1,18.5,28.7,,1.5,64.6,7.3,20.21
266,광양시,2022-08-28,22.5,17.6,27.3,,2.1,61.4,7.7,21.5
266,광양시,2022-08-29,23.4,20.3,26.6,0,2.4,69.6,1.6,12.9
266,광양시,2022-08-30,23,22.2,24.1,6.9,1.3,88.6,0,3.52
266,광양시,2022-08-31,24.3,22.5,27.2,.4,1.2,86.1,.6,9.29
266,광양시,2022-09-01,22.5,20.3,25.2,0,2,80,.4,7.97
266,광양시,2022-09-02,21.5,20.5,22.7,4.5,3.8,84.8,0,2.57
266,광양시,2022-09-03,23.1,21.7,25.8,1.3,4.1,83.5,.9,10.69
266,광양시,2022-09-04,26.3,22.4,29.9,0,2.6,78.4,4.6,16.92
266,광양시,2022-09-05,24.9,24,27,84.6,3.6,91.6,0,2.42
266,광양시,2022-09-06,22.8,18.6,26.8,65.1,4.5,73.8,7.6,20.17
266,광양시,2022-09-07,22.7,15.9,30,,1.1,66.3,10.9,23.57
266,광양시,2022-09-08,22.6,16.6,28.5,,1.3,63.1,9.7,20.74
266,광양시,2022-09-09,22.9,18.2,28.5,,2.1,66.5,7.4,21.8
266,광양시,2022-09-10,22.2,20.1,26.5,,2.9,69.9,2.5,13.9
266,광양시,2022-09-11,24.1,20.4,28.5,,2.2,70.1,6.5,19.82
266,광양시,2022-09-12,23.7,22.1,26.7,.6,1.7,80.1,.2,7.86
266,광양시,2022-09-13,25.4,22.9,27.9,,3.6,64.5,2.1,11.67
266,광양시,2022-09-14,24.1,22.4,28.4,,4.5,65.1,3.3,11.38
266,광양시,2022-09-15,24.7,22.3,28.8,,3.6,73,6.8,19.26
266,광양시,2022-09-16,25.6,22.9,29.7,,2.6,79.4,3.4,13.61
266,광양시,2022-09-17,27.1,24.1,32.2,.4,2.3,74.3,6.8,17.35
266,광양시,2022-09-18,28.9,25.9,32.4,0,3.8,63.4,6.1,17.23
266,광양시,2022-09-19,28.3,22.4,33.2,,2.8,61.5,8,18.95
266,광양시,2022-09-20,21.1,18.4,24.7,,3,55.8,6,18.78
266,광양시,2022-09-21,19.2,15.7,23.7,,2.5,60.3,9.1,20.33
266,광양시,2022-09-22,20.3,15.3,25.6,,1.9,62.8,8.9,20.73
266,광양시,2022-09-23,20.5,15.6,27.7,,2.1,62.9,7.6,19.33
266,광양시,2022-09-24,19.4,13.3,27.3,,1.1,52.1,7.2,20.28
266,광양시,2022-09-25,19.3,17.4,21.8,,1.4,60.9,0,6.55
266,광양시,2022-09-26,19.2,16.6,23.2,0,.9,72.5,0,6.27
266,광양시,2022-09-27,21.7,17.4,27.6,0,1.2,61,10,20.77
266,광양시,2022-09-28,21.4,17.4,26.2,,.9,71.5,3.7,12.51
266,광양시,2022-09-29,22.1,16.7,29.1,,1.1,69.3,10.5,20.69
266,광양시,2022-09-30,22.3,16,30.1,,1,66.3,10.4,20.34
268,진도군,2022-05-20,18.8,14.1,24.2,,1.2,68.6,2.5,
268,진도군,2022-05-21,17.9,12.3,24.1,,2,80.6,12.9,
268,진도군,2022-05-22,17.7,11.9,24,,1.8,77.9,12.8,
268,진도군,2022-05-23,18.9,12.8,26.8,,1.3,69.1,11.3,
268,진도군,2022-05-24,18.6,11,26,,2.3,73.1,13,
268,진도군,2022-05-25,19.2,13.3,27.3,,1.8,73.8,12.1,
268,진도군,2022-05-26,17.6,12.1,22.8,0,2.3,75.5,10.6,
268,진도군,2022-05-27,17.7,10.3,23.4,,1.8,77.6,13.1,
268,진도군,2022-05-28,19.5,12.7,27.5,,2.2,75.8,8.8,
268,진도군,2022-05-29,19.6,15.9,23.8,0,2.3,80.8,8,
268,진도군,2022-05-30,18.8,17.3,21.9,.2,2,90.8,.1,
268,진도군,2022-05-31,19.3,11.8,25.9,,1.8,58.5,13.1,
268,진도군,2022-06-01,19.4,13.9,26.2,,1.7,62,10.5,
268,진도군,2022-06-02,20.6,15.3,26.1,,1.8,83,7.1,
268,진도군,2022-06-03,20.7,17.2,27.2,,2,82.5,11.1,
268,진도군,2022-06-04,21.8,17,26.7,0,2.8,67.6,8.7,
268,진도군,2022-06-05,18.5,16.6,21.2,16.8,3.3,90.6,0,
268,진도군,2022-06-06,19.5,16.7,23,,2.6,85.5,8,
268,진도군,2022-06-07,18.5,16.6,20.5,3.3,2.1,86.4,.5,
268,진도군,2022-06-08,19.3,15.1,23.4,0,2.2,76.9,11.1,
268,진도군,2022-06-09,18.7,14,23.8,,1.6,78.1,12.5,
268,진도군,2022-06-10,19.8,13.7,23.7,,1.2,82.8,4.5,
268,진도군,2022-06-11,21.7,17.5,27.1,.6,1.5,79.6,7.1,
268,진도군,2022-06-12,19.9,15.6,24.1,,1.5,79.9,7.7,
268,진도군,2022-06-13,19.9,17.2,21.8,1.2,2.4,72.9,0,
268,진도군,2022-06-14,19,17.2,22,3.1,2,83.8,0,
268,진도군,2022-06-15,20.9,17.8,25.3,0,2.6,84.3,5.4,
268,진도군,2022-06-16,21.3,17.5,26.1,0,1.4,81.3,3.9,
268,진도군,2022-06-17,21.6,20.3,24.5,,2.1,88.9,.7,
268,진도군,2022-06-18,22.7,20.8,25.1,,2.1,85.3,.2,
268,진도군,2022-06-19,23.7,20.2,29.4,,2,84,8.1,
268,진도군,2022-06-20,23.7,19.6,28.9,,1.3,85.8,5.4,
268,진도군,2022-06-21,23.2,19.5,28.3,,1.8,86,7.5,
268,진도군,2022-06-22,24.6,20.1,30.4,,1.9,81.6,12.3,
268,진도군,2022-06-23,24.2,22.6,25.6,0,3.8,90.8,0,
268,진도군,2022-06-24,23.9,22.8,25.9,58.1,3.3,92.6,0,
268,진도군,2022-06-25,24.9,22.4,28,,2.9,86.6,6,
268,진도군,2022-06-26,25,23.7,26.9,,4,90.9,0,
268,진도군,2022-06-27,25.1,24.5,25.9,.6,5.1,92.9,0,
268,진도군,2022-06-28,25.5,24.5,26.6,,5.7,89.3,.3,
268,진도군,2022-06-29,25.8,24.9,27,0,4.8,88.6,0,
268,진도군,2022-06-30,26.7,24.8,29.8,,4.1,83.9,8.4,
268,진도군,2022-07-01,25.6,21.7,29.9,,1.9,84.9,13.2,
268,진도군,2022-07-02,26,19.3,32.9,,1.4,76.1,13.3,
268,진도군,2022-07-03,27.3,22.3,32.2,0,1.6,73.8,11.3,
268,진도군,2022-07-04,26.8,24.2,31.2,,1.8,82,8.1,
268,진도군,2022-07-05,27,23.4,31.8,0,1.1,82.4,7,
268,진도군,2022-07-06,28.2,24.9,32.4,,2.4,80.6,9.3,
268,진도군,2022-07-07,27.2,26.3,29.1,0,2.8,86,.2,
268,진도군,2022-07-08,26.3,22.3,29.9,7,1.8,91.1,3.1,
268,진도군,2022-07-09,25.7,21.2,30.3,,2.1,81.8,11.8,
268,진도군,2022-07-10,27.1,22,32.7,,1.6,79.8,10.7,
268,진도군,2022-07-11,26.4,23.2,29.9,4.9,1.7,85.9,2,
268,진도군,2022-07-12,26.3,23.5,29.7,,2.2,85.6,5.1,
268,진도군,2022-07-13,26.3,24.5,28.4,,3.2,84.9,1.9,
268,진도군,2022-07-14,26.8,24.4,30.4,9.2,2.8,86.4,6.6,
268,진도군,2022-07-15,25.8,22,29.7,,1.8,82.9,7.7,
268,진도군,2022-07-16,25.5,22.1,29.7,,1.2,83.6,6.6,
268,진도군,2022-07-17,25.7,22.7,28.7,.6,1.2,86.1,0,
268,진도군,2022-07-18,,24,27.1,99.3,2.8,,0,
268,진도군,2022-07-19,,21.8,26.8,,.5,,.7,
268,진도군,2022-07-20,25.6,21.1,30.8,7.5,1.3,84.8,6.4,
268,진도군,2022-07-21,24.6,20.9,27.3,.5,3.9,84,2,
268,진도군,2022-07-22,23.9,20,27.8,,1.5,88.1,8.4,
268,진도군,2022-07-23,24.6,20.5,27.9,.1,2,89.1,1.5,
268,진도군,2022-07-24,24.5,22.6,27.5,7.6,2.5,87.9,1.3,
268,진도군,2022-07-25,24.6,21.8,28.1,,1.5,86.6,6.2,
268,진도군,2022-07-26,24.9,20.9,30.1,,1.9,82.8,9.9,
268,진도군,2022-07-27,25.9,21.8,29.4,,2.1,78,12.2,
268,진도군,2022-07-28,27.1,23.1,31.2,,2.1,81.1,12.1,
268,진도군,2022-07-29,28.5,24.8,32.3,,2.2,74,12.3,
268,진도군,2022-07-30,27.2,24.4,30.7,6.2,2.2,81.3,2.4,
268,진도군,2022-07-31,26.5,25.3,28.2,34.4,3.3,90.5,.1,
268,진도군,2022-08-01,26.9,25.5,29,19.7,2.7,91,.3,
268,진도군,2022-08-02,28,26.4,31.3,1.3,2.5,86.8,3.4,
268,진도군,2022-08-03,28.3,26.1,31.1,1.2,2.1,87.4,5.2,
268,진도군,2022-08-04,28.1,24.9,31.6,0,1.5,86.5,9.1,
268,진도군,2022-08-05,28.5,26.6,31.1,,2.4,85.8,3.6,
268,진도군,2022-08-06,29.1,26.7,32.4,,1.7,84.5,8.4,
268,진도군,2022-08-07,28.9,26.8,31.9,0,2.6,85.3,6,
268,진도군,2022-08-08,28.7,27.6,31,,4,82,4.1,
268,진도군,2022-08-09,28.5,27.3,31,,3.8,83,2.7,
268,진도군,2022-08-10,28.3,27.1,30.9,,3.6,83.1,2.1,
268,진도군,2022-08-11,27.7,26.9,29.2,0,2.9,88.8,0,
268,진도군,2022-08-12,27,24.7,31.3,23.7,1.6,92.6,1.2,
268,진도군,2022-08-13,27.7,24.6,30.6,,2.3,88.8,1.4,
268,진도군,2022-08-14,28.9,27.4,31.2,,3.7,83.3,4.7,
268,진도군,2022-08-15,28.8,27.7,30.8,,4.9,82.6,4.2,
268,진도군,2022-08-16,26.7,25.2,29.1,21.4,2.7,93,.1,
268,진도군,2022-08-17,24.8,21,29.4,.1,1.1,92.3,3.8,
268,진도군,2022-08-18,24,19.4,29.6,,1.2,81.9,10.3,
268,진도군,2022-08-19,26.7,20.5,30.3,,2.6,88,2.2,
268,진도군,2022-08-20,26.3,23.1,28.8,14.1,2,93.3,1,
268,진도군,2022-08-21,24.9,21.4,29.4,,1,88.4,3.9,
268,진도군,2022-08-22,25.1,18.2,29.9,,1.4,81.5,10.8,
268,진도군,2022-08-23,26.3,24.3,29.8,,1.3,88.8,0,
268,진도군,2022-08-24,23.6,19.9,28,2.2,1.6,82,9.1,
268,진도군,2022-08-25,23.6,18.2,28,,1.5,80,8.3,
268,진도군,2022-08-26,23.5,20,27.9,0,1.7,77.8,7.9,
268,진도군,2022-08-27,22.7,18.9,26.5,.1,2.9,71,9.1,
268,진도군,2022-08-28,21.1,17.6,25.6,,2,72.4,1.1,
268,진도군,2022-08-29,23.5,16.9,27.6,0,1.4,75.5,.9,
268,진도군,2022-08-30,25.3,22,29.5,.9,2,88,1.7,
268,진도군,2022-08-31,23,21.6,26.1,0,3.1,84.4,3.7,
268,진도군,2022-09-01,22.7,20.6,25.3,0,2,86.3,.1,
268,진도군,2022-09-02,22.8,20.7,25.9,.4,2.3,83,.3,
268,진도군,2022-09-03,24.8,21.1,28.8,.1,2.3,80.9,3.6,
268,진도군,2022-09-04,25.3,22.8,29.7,27.1,2.4,86.1,1.9,
268,진도군,2022-09-05,24.3,21,25.9,183.1,3.7,92.6,0,
268,진도군,2022-09-06,21.7,19.5,24.7,5.5,5.8,83.8,6.9,
268,진도군,2022-09-07,21,16.6,26.4,0,1.3,88.9,9.1,
268,진도군,2022-09-08,21.3,16.2,27.3,,1.4,81.3,9.5,
268,진도군,2022-09-09,21.8,17.8,28,,1.1,79.9,6.8,
268,진도군,2022-09-10,21.8,18.2,26.4,,1.3,81,.6,
268,진도군,2022-09-11,22.5,18.6,28.8,,1.1,82.4,3.1,
268,진도군,2022-09-12,22.6,20.8,24.5,4,1.1,93.9,0,
268,진도군,2022-09-13,23.4,21.5,25.3,8,1.3,92.4,.2,
268,진도군,2022-09-14,24.5,19,28.5,.3,2.2,76.6,8.9,
268,진도군,2022-09-15,25.5,23.9,27.7,,3.7,77.5,4.8,
268,진도군,2022-09-16,25.6,22.9,29.2,.3,2.9,86.1,7,
268,진도군,2022-09-17,25.6,21.9,31.4,.1,1.8,82.8,7.7,
268,진도군,2022-09-18,25.3,22.9,28.7,0,4.7,86.8,5,
268,진도군,2022-09-19,23.4,20,26,,6,72.4,8.6,
268,진도군,2022-09-20,19.8,16.3,24.2,,2,74.5,4.2,
268,진도군,2022-09-21,18.5,13.5,23.9,,1.1,79.5,6.9,
268,진도군,2022-09-22,18.8,12.5,25.1,,1.2,76.9,8.7,
268,진도군,2022-09-23,19.1,14.8,24.3,,2.9,75.9,6.6,
268,진도군,2022-09-24,19.3,16.2,22.3,,4.1,64.6,7.1,
268,진도군,2022-09-25,19.2,16.8,22.8,0,1.5,77.8,.1,
268,진도군,2022-09-26,18.4,15.2,22.2,.5,1,87.8,0,
268,진도군,2022-09-27,19.2,14.4,25.4,,1.4,82.5,10.6,
268,진도군,2022-09-28,20.1,14.7,25.1,0,.8,84.4,2.6,
268,진도군,2022-09-29,19.2,13.2,25.4,,1.2,84.8,10.6,
268,진도군,2022-09-30,18.2,11.1,27.4,,1,80,10.2,
271,봉화,2022-05-20,18.1,12.1,26.2,,1.7,51.3,8.6,
271,봉화,2022-05-21,18.6,9.3,26.7,,1.5,63,10.8,
271,봉화,2022-05-22,19.5,12.2,27.6,,1.8,64,11.4,
271,봉화,2022-05-23,19.3,9.9,28.2,,1.3,65.4,12.4,
271,봉화,2022-05-24,20.7,12.3,29.9,,1.3,61,11.5,
271,봉화,2022-05-25,21.1,11,28.6,0,1.4,57.6,11.2,
271,봉화,2022-05-26,18.1,12.2,23.2,1.4,2.3,53.8,12.3,
271,봉화,2022-05-27,16.6,10,22.5,,1.7,59.8,2.1,
271,봉화,2022-05-28,18.7,8.4,27.8,,1.6,61.1,12.3,
271,봉화,2022-05-29,19,9.2,28.8,,1.4,53.5,11.8,
271,봉화,2022-05-30,19.7,13.4,25.8,.3,1.2,60,.8,
271,봉화,2022-05-31,19.1,11.6,26.6,,1.9,52.5,11.4,
271,봉화,2022-06-01,19.3,9.6,28.5,,1.6,44.9,12.2,
271,봉화,2022-06-02,19.2,7.6,29.2,,1.5,49.6,12.5,
271,봉화,2022-06-03,19.1,11.4,27.4,,1.8,66.6,10.6,
271,봉화,2022-06-04,19.7,13.2,26.5,,1.5,67.4,8.7,
271,봉화,2022-06-05,16.7,14.2,19,1.7,.9,82.8,0,
271,봉화,2022-06-06,16.1,10.4,19.1,7.3,1.6,77,2.3,
271,봉화,2022-06-07,14,7.8,18.8,0,1.4,76.3,3.4,
271,봉화,2022-06-08,15,11.3,20.2,,.8,79.3,1,
271,봉화,2022-06-09,17.5,11.3,24,0,1.1,77.3,5.3,
271,봉화,2022-06-10,19.8,11.3,27.7,,1.1,69.3,8.7,
271,봉화,2022-06-11,19,13.7,24.2,2,1.7,75,4.3,
271,봉화,2022-06-12,17.9,10.7,25,,1.5,75,6,
271,봉화,2022-06-13,18,13.8,23,,2.1,68.3,9.1,
271,봉화,2022-06-14,16.4,14.1,18.6,3.8,2,73.8,0,
271,봉화,2022-06-15,16.4,13.4,19.8,4.1,.6,92,.1,
271,봉화,2022-06-16,18.5,12.8,23.1,,1.5,77.9,3.3,
271,봉화,2022-06-17,20.8,10.7,29.2,,1.3,71.6,11.7,
271,봉화,2022-06-18,23.4,16.9,30.3,,1.3,71,9.2,
271,봉화,2022-06-19,24.3,17.4,31.4,,1.5,70.6,8.6,
271,봉화,2022-06-20,24,16.9,31.7,,1.1,70.6,10.6,
271,봉화,2022-06-21,24.7,17.8,32.4,,1.2,70.8,9.3,
271,봉화,2022-06-22,25.7,17.9,33.4,,1.5,66.3,11.1,
271,봉화,2022-06-23,22.7,18.2,27.1,17.1,.9,88.5,1.7,
271,봉화,2022-06-24,24.1,21.7,27.8,13.7,2,76.3,4.8,
271,봉화,2022-06-25,23.7,17.2,30,1.8,1.4,76.3,6.5,
271,봉화,2022-06-26,24.4,22,26.8,,1.2,83.6,.1,
271,봉화,2022-06-27,23.8,22.1,26.3,58.4,1,90.1,0,
271,봉화,2022-06-28,25.7,23.7,28.7,,1.4,76.1,.6,
271,봉화,2022-06-29,25.3,23.2,29.3,3.6,1.4,81.6,1.8,
271,봉화,2022-06-30,23.1,20.9,26.3,25,.9,93.5,1,
271,봉화,2022-07-01,24.8,19.5,31.1,,1.1,80.8,11,
271,봉화,2022-07-02,26.1,19.6,32.7,,.8,73.6,11.3,
271,봉화,2022-07-03,26,21,32.3,,1.1,72.5,10.7,
271,봉화,2022-07-04,24.9,20.8,31.5,.3,1.1,80.9,6.2,
271,봉화,2022-07-05,25.1,20.5,31.3,0,1,80.1,4.2,
271,봉화,2022-07-06,25.5,22.2,29.3,,.9,81.5,3,
271,봉화,2022-07-07,25.9,22.7,31,0,1,82.5,2.5,
271,봉화,2022-07-08,25.3,20.9,29.6,5.8,1.1,82.5,5.6,
271,봉화,2022-07-09,24.9,20.3,30.3,,.6,82.1,2.3,
271,봉화,2022-07-10,25,22,31.7,1.2,1.1,81.5,5.7,
271,봉화,2022-07-11,22.6,20.7,25.3,25.8,.8,94,.2,
271,봉화,2022-07-12,23.1,19.3,26.6,,1.1,81,2.8,
271,봉화,2022-07-13,21.8,20.3,23.9,59.2,.6,90.8,0,
271,봉화,2022-07-14,23.3,20,27.5,.8,1,89.6,2.2,
271,봉화,2022-07-15,23.1,18.8,28.7,,1.2,80.3,8.8,
271,봉화,2022-07-16,22.3,17.7,28.8,,.9,82.6,7,
271,봉화,2022-07-17,22.7,19.4,27.3,,1,82.1,3.8,
271,봉화,2022-07-18,21.3,18.6,25.2,4,.7,93.5,.5,
271,봉화,2022-07-19,23.3,18.9,28.6,3,1.1,87.4,5.9,
271,봉화,2022-07-20,24.1,19.8,29.6,0,1,82.9,6.9,
271,봉화,2022-07-21,21.2,20.4,22.1,25.8,.7,98.9,0,
271,봉화,2022-07-22,22,19.9,26.3,12.5,.9,89.9,1.5,
271,봉화,2022-07-23,22.2,19.5,26,1.3,.6,88.3,2.8,
271,봉화,2022-07-24,22.6,20,26.8,14.3,.8,92.1,.6,
271,봉화,2022-07-25,25.1,20.6,30.7,,1,80.8,9.1,
271,봉화,2022-07-26,24.3,19.4,31.5,,1,79.4,9.1,
271,봉화,2022-07-27,23,17.6,27.8,,1.1,79.6,6.5,
271,봉화,2022-07-28,23.3,19.7,27.5,.3,.9,87,1.7,
271,봉화,2022-07-29,25.8,21.5,32.1,,1,79.6,8.5,
271,봉화,2022-07-30,24.9,19.9,28.7,,1.5,81.4,4.4,
271,봉화,2022-07-31,24.5,22.7,27.4,3.2,.8,91.5,0,
271,봉화,2022-08-01,25,22.8,28.7,1.8,.8,91,.8,
271,봉화,2022-08-02,25.5,23.8,27.7,1.9,.9,90.4,.5,
271,봉화,2022-08-03,24.4,21.9,28.6,1.1,.9,91.6,1.3,
271,봉화,2022-08-04,25.1,21.5,30.5,0,.9,86.3,4.9,
271,봉화,2022-08-05,25.6,21.1,30.6,0,.7,85.8,4,
271,봉화,2022-08-06,26.1,22.7,31.3,,.9,83.3,6.4,
271,봉화,2022-08-07,25.7,21.6,31.6,2.4,.9,87.3,6,
271,봉화,2022-08-08,24.9,23.3,27.4,.6,.9,89.6,0,
271,봉화,2022-08-09,24.3,23,26.6,18.3,.8,92.3,0,
271,봉화,2022-08-10,23.2,22.3,25.1,103.3,.8,98.1,0,
271,봉화,2022-08-11,23.1,22.2,24.2,59.5,1.3,96.3,0,
271,봉화,2022-08-12,24.6,20.7,30.4,.5,1.1,85.3,10.8,
271,봉화,2022-08-13,22.9,19,26.6,9.8,.6,93.3,.5,
271,봉화,2022-08-14,23.8,22.3,26.1,27.6,.8,96.3,.1,
271,봉화,2022-08-15,25.7,22.2,28.4,0,1.4,82,.1,
271,봉화,2022-08-16,24.3,21.2,29.1,6,1.5,86.9,4.5,
271,봉화,2022-08-17,22.6,19.3,27.4,14.4,1.1,87.5,3.8,
271,봉화,2022-08-18,22.5,19.5,27.2,,.9,85.4,7.5,
271,봉화,2022-08-19,22.3,17.9,25.8,1.3,.9,92,.4,
271,봉화,2022-08-20,23.6,19.6,29,31,1.3,89,3.4,
271,봉화,2022-08-21,22.7,17.5,29.1,,1.1,76.6,10.4,
271,봉화,2022-08-22,22.3,16.4,29.2,,.8,84.8,7.2,
271,봉화,2022-08-23,21.8,20.4,24,2.7,.7,94.1,0,
271,봉화,2022-08-24,20.8,18.8,22.8,,1,75.3,0,
271,봉화,2022-08-25,20.2,16.2,25.2,,.9,85.1,2.8,
271,봉화,2022-08-26,20.3,14.9,26.5,,1,78.6,9.4,
271,봉화,2022-08-27,19.3,12.9,25.5,,1.1,73.9,8.8,
271,봉화,2022-08-28,17.6,10.3,25.3,,1.4,75.9,11.1,
271,봉화,2022-08-29,16.8,13.2,20.7,1.9,.7,91.8,0,
271,봉화,2022-08-30,18,15.9,19.8,54,.5,98.9,0,
271,봉화,2022-08-31,18.9,15.9,22.6,32.3,.7,93.6,.4,
271,봉화,2022-09-01,18.3,14.6,23.3,,.5,92.6,.9,
271,봉화,2022-09-02,20,13.3,24.6,,1.3,75,5.9,
271,봉화,2022-09-03,21,18.4,23.9,.1,1.6,70.1,1.6,
271,봉화,2022-09-04,21.5,18.4,24.3,.4,.8,90,0,
271,봉화,2022-09-05,21.7,19.4,26,16.2,.7,95.6,0,
271,봉화,2022-09-06,19.3,13.4,23,16.5,3.1,78.8,3,
271,봉화,2022-09-07,17.6,10.8,25.9,,.9,78.3,10.5,
271,봉화,2022-09-08,17.9,10.2,26.5,,1.2,77.5,10.9,
271,봉화,2022-09-09,17.6,11.3,26.2,,1.3,73,9.3,
271,봉화,2022-09-10,18,10.8,25.1,,1.2,71.9,5,
271,봉화,2022-09-11,19.3,15.2,24.7,,.9,82.4,1.3,
271,봉화,2022-09-12,19.6,15.4,24.9,,.6,87.9,.6,
271,봉화,2022-09-13,20.9,17.3,25.2,,1.4,76.6,1,
271,봉화,2022-09-14,22.3,18.3,26.1,,2.7,61.6,7.1,
271,봉화,2022-09-15,21.2,16.1,25.9,,1.7,72.3,9.8,
271,봉화,2022-09-16,20.9,15.5,26.4,,.4,89.8,.9,
271,봉화,2022-09-17,23.3,18.6,29.7,.3,.8,85.9,7.8,
271,봉화,2022-09-18,24,20.8,28.3,.2,1.7,81.1,1.6,
271,봉화,2022-09-19,20.6,13.2,24.7,.6,2.9,71.6,4.4,
271,봉화,2022-09-20,14.5,9,18.4,,1.3,76,2.1,
271,봉화,2022-09-21,13.3,7.5,21.3,,1.3,75.8,9.6,
271,봉화,2022-09-22,15,6.7,22.3,,.8,78.5,7.5,
271,봉화,2022-09-23,16.5,11.4,23.3,,1.5,71,6.2,
271,봉화,2022-09-24,15,9.1,22.1,,1.7,66.4,9.7,
271,봉화,2022-09-25,14.7,9.9,21,,.7,81.8,1.3,
271,봉화,2022-09-26,15,9.9,22.2,,.5,83.4,1.1,
271,봉화,2022-09-27,16.2,10.4,24.8,,1.1,82.8,7.8,
271,봉화,2022-09-28,15.5,10.5,22.9,,.7,86.1,5,
271,봉화,2022-09-29,16,10,25.7,,1,84.5,7.7,
271,봉화,2022-09-30,15.3,7.7,26.2,,.8,79.3,8.9,
272,영주,2022-05-20,20.2,15.1,26.9,,3.3,43.6,8.1,
272,영주,2022-05-21,20.7,13.7,26.3,,3.9,57.4,12.3,
272,영주,2022-05-22,21.3,15.6,27.4,,4.3,59.5,11.1,
272,영주,2022-05-23,21.4,12.1,30.2,,2.1,63.5,12.7,
272,영주,2022-05-24,24.1,17.3,31.4,,3,44.9,13.1,
272,영주,2022-05-25,21.8,12.9,30.2,0,2.6,57.1,10.9,
272,영주,2022-05-26,18.4,14.3,24.1,1.2,3.5,53.3,13.3,
272,영주,2022-05-27,18.6,12.4,24.1,,3.6,54.4,5.6,
272,영주,2022-05-28,20.1,9.8,29.7,,1.9,56.3,13.3,
272,영주,2022-05-29,20.9,11.4,29.7,,1.6,47.9,12.9,
272,영주,2022-05-30,20.8,16,26.2,0,2.5,61.5,.4,
272,영주,2022-05-31,21.1,15.4,27.4,,3.5,42.8,13.3,
272,영주,2022-06-01,22.1,11.7,30.9,,2.6,38.4,13.1,
272,영주,2022-06-02,21.9,11.2,29,,3.1,44.8,13.3,
272,영주,2022-06-03,22.5,15.3,31.1,,2.3,57.3,12.3,
272,영주,2022-06-04,20.5,14.1,26.9,,1.4,64.4,7.9,
272,영주,2022-06-05,16.4,15.5,18.5,7.6,1,89.8,0,
272,영주,2022-06-06,16.7,11.2,21,4.7,1.6,83.6,2.5,
272,영주,2022-06-07,14.9,9.1,21.6,2.2,1.2,82.6,5.5,
272,영주,2022-06-08,16.3,12.8,21.4,,.7,81.4,2.6,
272,영주,2022-06-09,18,14,24,0,1,79.6,2.2,
272,영주,2022-06-10,21.1,12.5,28,,1.4,70.1,8.8,
272,영주,2022-06-11,20.7,16.5,28.1,0,1.4,71,4.5,
272,영주,2022-06-12,20.1,12.8,27,,1.6,68.8,8.8,
272,영주,2022-06-13,19.3,14.9,26,,2.1,67.3,6.2,
272,영주,2022-06-14,15.8,13.7,19.1,5.9,1.1,87.1,0,
272,영주,2022-06-15,16.2,13.6,19.4,5.9,.6,96.5,0,
272,영주,2022-06-16,18.6,13.8,23.3,,2.8,79.9,4.3,
272,영주,2022-06-17,22.3,12,30.3,,2.3,68.8,10.8,
272,영주,2022-06-18,25.2,19,31.2,,2.7,67.3,11,
272,영주,2022-06-19,25.6,21.6,31.8,,3.7,65.9,10.4,
272,영주,2022-06-20,25.7,19.2,32.3,,1.6,68.9,12.5,
272,영주,2022-06-21,26.5,19.4,34.7,,1.5,67.3,11.1,
272,영주,2022-06-22,27.1,19.9,34.6,,2.2,65.8,12.2,
272,영주,2022-06-23,23.3,19.9,27,28.8,1.5,91.1,1.3,
272,영주,2022-06-24,25,21.5,28.7,12.4,3,74.8,6.7,
272,영주,2022-06-25,24.7,17.5,31.6,1.2,1.5,76.3,9.7,
272,영주,2022-06-26,24.5,20.8,29.7,.6,1,88.8,2.7,
272,영주,2022-06-27,24.4,22.1,27.2,39,1,94.5,0,
272,영주,2022-06-28,26.3,23.2,30,,1.8,81.3,.9,
272,영주,2022-06-29,26.4,23.7,31.9,3,2,82.4,1.6,
272,영주,2022-06-30,23.7,20.9,27,23.4,.9,95.6,.7,
272,영주,2022-07-01,25.7,20.6,32.4,,1.2,84.5,6.6,
272,영주,2022-07-02,27.2,20.5,34.1,,1.2,72.4,13.4,
272,영주,2022-07-03,27.6,22.4,34,,1.4,69.8,11.4,
272,영주,2022-07-04,27.3,22.8,33.7,,1.1,76.5,9.7,
272,영주,2022-07-05,27.1,22.9,33,1.3,1,80.4,7.4,
272,영주,2022-07-06,26.7,23.5,31.4,0,1,81.8,3.4,
272,영주,2022-07-07,26.4,23.9,31.1,12.4,.7,90.1,1.4,
272,영주,2022-07-08,26.7,24.1,30.2,7.7,2.2,81.3,4.2,
272,영주,2022-07-09,27.1,24.5,31.1,,3.7,75,8,
272,영주,2022-07-10,26.8,22.2,33.9,5.6,1.1,79.4,7.8,
272,영주,2022-07-11,24,22.2,26.6,13.3,.8,93.3,1,
272,영주,2022-07-12,24.7,22.3,28.4,,1.2,80,1.5,
272,영주,2022-07-13,21.9,21.1,23.1,80,.7,93.9,0,
272,영주,2022-07-14,24.6,21.2,28.2,.4,2.6,85.1,3.3,
272,영주,2022-07-15,25.2,21.2,30,,3,70.8,10.9,
272,영주,2022-07-16,22.6,18.6,29,0,1.2,86.6,5.5,
272,영주,2022-07-17,23.2,18.5,28.4,,2.1,83.5,5,
272,영주,2022-07-18,21.7,19.6,24.6,6,1,95.6,0,
272,영주,2022-07-19,25,19.5,31.1,,2.3,77.6,8.1,
272,영주,2022-07-20,25.8,21.2,30.5,0,2.2,75.8,8.5,
272,영주,2022-07-21,22,20.6,24.6,25.9,1.8,98.6,0,
272,영주,2022-07-22,22.9,21.1,27.9,3.7,2.7,87.1,2.4,
272,영주,2022-07-23,23,20.5,26.5,4.5,.8,90.1,.1,
272,영주,2022-07-24,23.2,20.4,27,20.3,.7,94.4,.5,
272,영주,2022-07-25,26,21.2,31.5,,1.7,79.3,9,
272,영주,2022-07-26,26.2,20.6,32.3,,1.1,77.5,12.7,
272,영주,2022-07-27,24.5,20.5,29.7,,1.2,80.3,6.9,
272,영주,2022-07-28,24.7,21.5,27.9,0,.9,86,.5,
272,영주,2022-07-29,26.8,23.1,33.6,2.3,1.2,84.3,8.6,
272,영주,2022-07-30,26.4,22,30.3,,1.4,82.6,3.5,
272,영주,2022-07-31,24.7,23.7,27.2,18.3,.8,98.5,0,
272,영주,2022-08-01,25.3,23.5,29.6,4.8,.7,95.3,.1,
272,영주,2022-08-02,25.8,24.1,30.4,2.5,.9,97.4,1.4,
272,영주,2022-08-03,25.5,23.5,28.8,0,1.6,91.9,1.3,
272,영주,2022-08-04,27.2,22.6,32.2,0,2.3,78.3,9.4,
272,영주,2022-08-05,27.1,22.7,32.3,5.2,1.7,86.4,7,
272,영주,2022-08-06,27.8,23.6,32.9,,2.2,80.9,7.9,
272,영주,2022-08-07,27.5,23,33.6,,1,86.8,6.7,
272,영주,2022-08-08,25.8,24.2,29.6,.7,.6,90.9,.4,
272,영주,2022-08-09,25.4,23.6,28.4,18,.9,93.3,0,
272,영주,2022-08-10,23.9,23.1,25.2,93.8,1.1,100,0,
272,영주,2022-08-11,23.5,22.8,24.3,55.5,.9,100,0,
272,영주,2022-08-12,25.7,21.7,31.8,.2,1.7,84.5,10.1,
272,영주,2022-08-13,23.8,20.5,27.4,6.3,.7,96.4,.2,
272,영주,2022-08-14,24.4,23,25.9,7.1,.3,99.3,0,
272,영주,2022-08-15,26.5,22.6,31.3,1.4,1.9,82.4,1.8,
272,영주,2022-08-16,25,21.7,30.3,2.1,1.3,87.9,5.3,
272,영주,2022-08-17,24.3,20.7,29.1,4.3,1.1,85.5,2.2,
272,영주,2022-08-18,23,18.8,28.3,,1.3,86.8,5.8,
272,영주,2022-08-19,23.1,17.9,27.6,0,.8,90.8,2.1,
272,영주,2022-08-20,25,21.7,30.9,82,1.4,91.8,5.5,
272,영주,2022-08-21,24.3,19.4,29.9,,1,78.6,10.3,
272,영주,2022-08-22,23.7,17.1,30.2,,1.3,81.4,8.2,
272,영주,2022-08-23,22.9,21.3,25.7,2.5,1.1,93.9,0,
272,영주,2022-08-24,21,18.7,23.6,.1,1.1,87.1,.1,
272,영주,2022-08-25,21.3,17.1,24.9,0,2.4,80,1.4,
272,영주,2022-08-26,22.8,16.4,28.1,,2.6,68.8,10.3,
272,영주,2022-08-27,20.8,14.6,25.4,,3.2,63.4,9.3,
272,영주,2022-08-28,19,11.8,26.8,,1.5,75.5,12,
272,영주,2022-08-29,18,15.6,20.9,3.2,.9,91.9,0,
272,영주,2022-08-30,18.5,16.5,20,51.5,.7,100,0,
272,영주,2022-08-31,19.9,18.2,23.3,21.1,.8,96.6,.5,
272,영주,2022-09-01,19.5,16.2,25.4,,.9,91.1,3.3,
272,영주,2022-09-02,20.2,14.4,27,.1,1.8,81,5.4,
272,영주,2022-09-03,20.7,16.9,25.1,.1,1.6,79.9,1.1,
272,영주,2022-09-04,21.8,18.6,24.3,0,1.3,92.4,0,
272,영주,2022-09-05,22.7,20.6,25.7,42.3,.8,99.3,0,
272,영주,2022-09-06,20.5,18.1,24,33.5,4,76.9,2.5,
272,영주,2022-09-07,19.6,12.5,26.5,,2.2,71,11.3,
272,영주,2022-09-08,19.3,11.4,27.9,,1.4,78.6,11.1,
272,영주,2022-09-09,19.3,13.3,27.9,,1.4,76.9,9.4,
272,영주,2022-09-10,19,13.8,26.1,,1.5,75.6,5.6,
272,영주,2022-09-11,20.9,16.7,25.8,,1,82,1.9,
272,영주,2022-09-12,20.8,17.3,25,.1,.8,89.6,.6,
272,영주,2022-09-13,21.7,18.4,26.9,,1.3,86.4,1.3,
272,영주,2022-09-14,21.3,16.8,28.7,,1.9,70.6,6,
272,영주,2022-09-15,21.5,16.1,28,,1.6,77.4,11,
272,영주,2022-09-16,20.9,18.6,25.2,0,.9,94.4,.5,
272,영주,2022-09-17,25,20.9,30.7,0,1,86.3,7,
272,영주,2022-09-18,25.4,21.5,30.8,0,1.2,79.4,1,
272,영주,2022-09-19,22.2,14.1,28.5,,2.5,68.1,5.7,
272,영주,2022-09-20,15.5,10.7,22,,1.5,74.4,2.8,
272,영주,2022-09-21,14.2,8.3,22.4,,1.6,76.3,9.5,
272,영주,2022-09-22,15.4,8.3,23.2,,1.1,79.3,7.7,
272,영주,2022-09-23,16.9,11.7,25.8,,2.9,73.6,8,
272,영주,2022-09-24,16.1,11.8,22.1,,2.9,64.5,10.5,
272,영주,2022-09-25,15.6,11.1,23.3,,1.1,81,1.8,
272,영주,2022-09-26,15.7,10.8,23.1,,1.3,84.9,2.7,
272,영주,2022-09-27,17,10.6,25.7,,1.5,78.3,10.3,
272,영주,2022-09-28,16.2,10.1,24.1,,1.1,87.1,7.1,
272,영주,2022-09-29,16,8.7,25.7,,1.3,87.9,7.2,
272,영주,2022-09-30,16.2,9.5,27.2,,1.4,76.4,10.4,
273,문경,2022-05-20,20.6,14.5,27.1,,1.5,45,10.4,
273,문경,2022-05-21,21.3,14,26.9,,2.4,59.9,11.8,
273,문경,2022-05-22,22.4,16,28.8,,2.4,56.4,11.8,
273,문경,2022-05-23,22.6,13.6,30.5,,1.6,60.9,12.1,
273,문경,2022-05-24,24.5,16.9,31.4,,2,38.6,12.2,
273,문경,2022-05-25,22.5,14.2,30.3,,1.8,55.4,9.9,
273,문경,2022-05-26,18.4,13.2,24.6,2.3,2.3,55.1,11.9,
273,문경,2022-05-27,19.8,11.6,25.7,,2.8,52.1,11.5,
273,문경,2022-05-28,21,11.4,29.6,,1.6,50.6,12.3,
273,문경,2022-05-29,22.3,13,29.7,,1.6,45,11.8,
273,문경,2022-05-30,21.2,18.1,26,0,1.8,60.6,0,
273,문경,2022-05-31,21.4,13.1,28,,2.2,41.1,12.3,
273,문경,2022-06-01,22.2,12.2,31,,2.4,36.9,12.1,
273,문경,2022-06-02,22.3,12.3,30.4,,1.7,46.5,12.2,
273,문경,2022-06-03,23,16.2,31.4,,1.8,58.5,11.7,
273,문경,2022-06-04,20.9,14.1,27.2,,1.3,65.6,8.3,
273,문경,2022-06-05,16.4,15.5,18.4,14.4,.9,90.9,0,
273,문경,2022-06-06,16.9,12.9,21.4,4.4,1,88.8,2,
273,문경,2022-06-07,15.7,9.7,21.1,0,1.5,78.8,3.7,
273,문경,2022-06-08,17.1,13.6,23.1,,1,75.3,5.8,
273,문경,2022-06-09,18.7,13.5,25.1,,.8,76.3,4.4,
273,문경,2022-06-10,19.8,13.7,28.2,3,1.5,83.3,8.8,
273,문경,2022-06-11,20.7,15.4,29,5.5,1.3,80.9,5.2,
273,문경,2022-06-12,20.4,13.5,26.5,,1.3,73,9.2,
273,문경,2022-06-13,19.3,15.4,25.4,,2.7,68,7.7,
273,문경,2022-06-14,16.2,14.6,18.6,8.1,1.2,87.5,0,
273,문경,2022-06-15,17.6,14,22.3,8.8,.7,92.1,1.7,
273,문경,2022-06-16,19.7,15.3,25,.1,1.7,76.4,7.2,
273,문경,2022-06-17,23.1,13.7,30,,1.2,72,12.2,
273,문경,2022-06-18,25.3,20.6,30.5,,1.8,69.6,10,
273,문경,2022-06-19,25.1,20.2,29.9,,1.8,70.8,8.5,
273,문경,2022-06-20,26.1,19.7,32.7,,1.6,72.4,11.9,
273,문경,2022-06-21,26.9,19.7,34.7,,1.2,69.8,12.5,
273,문경,2022-06-22,27.7,21.7,34.6,,1.5,63,12.1,
273,문경,2022-06-23,23.5,19.9,26.2,18,.8,91.3,.1,
273,문경,2022-06-24,25,21.4,29.7,16.7,2,78.4,6.4,
273,문경,2022-06-25,24,18.6,32.6,1.2,1.1,83.8,7.9,
273,문경,2022-06-26,25.1,20.9,30,0,.7,88.5,3.5,
273,문경,2022-06-27,25,23,27.8,6.4,.8,94.9,0,
273,문경,2022-06-28,26.7,23.2,31.9,,.9,81.3,1.6,
273,문경,2022-06-29,26.2,23.5,31.8,1.1,.8,86.3,2.1,
273,문경,2022-06-30,24.9,22.4,30.2,8.2,.6,94.1,1.5,
273,문경,2022-07-01,26.9,21.5,32.6,,1,80.4,7.4,
273,문경,2022-07-02,27.1,21.3,34.5,,1,74.5,12.5,
273,문경,2022-07-03,28,21.7,34.2,,1.1,72.3,11.4,
273,문경,2022-07-04,28.1,22.8,33.8,0,1,75.4,9,
273,문경,2022-07-05,27.7,23.6,33.2,.4,.9,79.5,4.9,
273,문경,2022-07-06,27,23.7,32,1.6,.8,83.3,3.3,
273,문경,2022-07-07,27.3,24.2,32.9,2.2,1.1,87.1,2.7,
273,문경,2022-07-08,27.3,24.5,31.5,1.6,1.3,80.1,5.7,
273,문경,2022-07-09,27.3,24,30.9,,2.4,74.3,6.8,
273,문경,2022-07-10,27.8,22.7,34.5,52.1,1.4,78.8,8.6,
273,문경,2022-07-11,24,22.5,28,3.9,.5,94.8,.3,
273,문경,2022-07-12,25.2,22.4,28.5,.2,.8,84.6,.3,
273,문경,2022-07-13,22.4,21.7,23.5,32.9,.9,92.3,0,
273,문경,2022-07-14,25.3,22.2,29.7,0,1.5,84.6,3,
273,문경,2022-07-15,25.3,20.6,30.7,,1.7,74.8,10.2,
273,문경,2022-07-16,23.4,20,30.4,12.5,1.1,85.5,5.6,
273,문경,2022-07-17,24.1,19.5,29.4,,1.2,82.6,5.7,
273,문경,2022-07-18,21.4,20.5,22.6,20,1,98.5,0,
273,문경,2022-07-19,25.4,19.8,31.2,,1.6,81.8,6.4,
273,문경,2022-07-20,26.3,21.7,31.4,0,1.3,75.8,8.2,
273,문경,2022-07-21,22.3,20.7,24.7,24.1,1.9,95,.3,
273,문경,2022-07-22,23.7,20.6,27.6,1.1,1.9,82.6,1.9,
273,문경,2022-07-23,23.4,19.9,27.3,10.9,1,88.9,.1,
273,문경,2022-07-24,23.4,21.2,27.4,11.8,.7,95.9,.1,
273,문경,2022-07-25,26.9,22.4,32.2,,1,79.3,9.9,
273,문경,2022-07-26,26.2,21,32.9,,.9,80.1,10.9,
273,문경,2022-07-27,24.9,19.9,30,,1.4,78.4,5.4,
273,문경,2022-07-28,25.5,21.9,29.1,,1,83.1,0,
273,문경,2022-07-29,28,24.2,33.6,,.8,78.3,7.4,
273,문경,2022-07-30,26.9,22.7,30.3,0,1.4,82,1.3,
273,문경,2022-07-31,25.1,24,27.2,41.2,1.3,95.3,0,
273,문경,2022-08-01,25.6,24.1,29.9,3.9,.8,95.1,.2,
273,문경,2022-08-02,26.7,24.7,31.2,2.1,.7,91.5,2.5,
273,문경,2022-08-03,26.9,23.8,31.7,0,1.1,88.8,5.2,
273,문경,2022-08-04,27.9,23.9,33.2,,1.4,81,8,
273,문경,2022-08-05,27.9,24,32.6,.3,.8,84.9,5.6,
273,문경,2022-08-06,28.5,24.6,33.5,,1.1,80.1,7.3,
273,문경,2022-08-07,28.2,24.4,34,,.8,86.1,5.5,
273,문경,2022-08-08,26.7,24.9,29.8,.2,.7,87.1,.2,
273,문경,2022-08-09,26.1,23.7,29.2,11.1,.7,89.1,.1,
273,문경,2022-08-10,24.4,23.6,25.5,115.2,.6,99.5,0,
273,문경,2022-08-11,23.9,23.5,24.9,53.5,.7,99.5,0,
273,문경,2022-08-12,26.2,21.7,32.2,1.3,1.2,81.3,10.3,
273,문경,2022-08-13,24.3,20.8,28,18.3,.6,94.6,1.1,
273,문경,2022-08-14,25.3,23.7,28.3,23.8,.4,97.8,0,
273,문경,2022-08-15,27.3,23.7,32.3,1.4,1,82.9,1.7,
273,문경,2022-08-16,25.3,22.3,30.3,14.5,1,89,6.4,
273,문경,2022-08-17,24.3,21.2,29.6,17.3,1,89.9,2.9,
273,문경,2022-08-18,23.7,19.2,29.6,,1.1,82.8,8.4,
273,문경,2022-08-19,24.9,19.2,29.3,,.6,87.1,2.4,
273,문경,2022-08-20,26.3,23.5,30.7,9.1,1.3,89.9,3,
273,문경,2022-08-21,25.2,20.4,30.7,0,1.1,78.4,11.2,
273,문경,2022-08-22,24.6,17.4,31.4,,1.1,81.1,8,
273,문경,2022-08-23,23,22.1,26.2,4.4,.8,95.6,0,
273,문경,2022-08-24,21.4,19.8,23.9,3.6,1.3,86.6,0,
273,문경,2022-08-25,22.1,18.1,26.9,.1,1.3,79.8,1.3,
273,문경,2022-08-26,23,17.3,27.8,,1.6,72.3,10,
273,문경,2022-08-27,21.6,17,26,,1.9,64,8.9,
273,문경,2022-08-28,19.6,12.8,26.7,,1.3,75.3,11.9,
273,문경,2022-08-29,18.3,16.6,20.9,3.3,.7,92.4,0,
273,문경,2022-08-30,18.7,16.8,20.1,40.7,.4,99.3,0,
273,문경,2022-08-31,20.3,18.8,23.4,14.5,.7,96.6,.1,
273,문경,2022-09-01,20.8,17.5,25.1,,.8,89.8,2.7,
273,문경,2022-09-02,21.3,16.9,27,,1.1,81.1,2.3,
273,문경,2022-09-03,21.3,18.4,25.2,0,1.4,81.6,.2,
273,문경,2022-09-04,21.9,18.8,25.8,.2,.6,93.1,.1,
273,문경,2022-09-05,23.2,21.8,24.9,37.4,.9,98.9,0,
273,문경,2022-09-06,20.3,16.1,24.3,40.1,4.1,77,3.9,
273,문경,2022-09-07,20.3,15,27.1,,1.3,71,11.7,
273,문경,2022-09-08,19.9,12.4,27.9,,1.3,77.4,11.7,
273,문경,2022-09-09,19.9,15,27.3,,1.2,81.9,8,
273,문경,2022-09-10,19.1,14.4,25,,1.3,80.6,4.3,
273,문경,2022-09-11,21.8,17.2,26.7,,1,82,4.1,
273,문경,2022-09-12,21.4,18.8,25.1,0,.7,86.5,.3,
273,문경,2022-09-13,22.3,19.2,27.1,,.9,85,.5,
273,문경,2022-09-14,22.1,17.8,28.8,0,1.6,69,5.2,
273,문경,2022-09-15,22.2,17.3,27.8,,2,75.1,6.9,
273,문경,2022-09-16,22,19.1,26.2,0,.8,87.9,.2,
273,문경,2022-09-17,25.2,21.8,31.4,.3,.9,85.9,6.6,
273,문경,2022-09-18,25.7,22.1,31.8,.1,1.3,82.5,2.5,
273,문경,2022-09-19,24,15.6,28.7,,3.5,63.6,7.8,
273,문경,2022-09-20,16.4,12,22.8,,1.4,74.4,5.8,
273,문경,2022-09-21,15.2,9.5,22.8,,1.3,76.8,9.5,
273,문경,2022-09-22,15.7,8.9,22.8,,1.1,78.8,8,
273,문경,2022-09-23,17.3,12.3,25.1,,2.3,70.9,9,
273,문경,2022-09-24,16.8,11.3,22.7,,1.9,61.1,10.3,
273,문경,2022-09-25,16.2,12,22.6,,.9,79,1.9,
273,문경,2022-09-26,16.5,12,23.7,,.9,86.3,3.4,
273,문경,2022-09-27,17.6,11.3,25.1,,1.3,79.4,10.6,
273,문경,2022-09-28,16.8,11.4,23.7,,1.2,87.5,5.7,
273,문경,2022-09-29,17.5,11.9,26.5,,1,87.5,6.4,
273,문경,2022-09-30,17.4,12,27.1,,1.2,82.6,7.3,
276,청송군,2022-05-20,18.5,11,28.4,,1.4,49,9.8,24.23
276,청송군,2022-05-21,20,8,28.8,,2.5,57.9,12.7,27.89
276,청송군,2022-05-22,20.8,12.1,30.3,,2.6,53.3,12,27.05
276,청송군,2022-05-23,20.5,9.1,31.1,,1.5,59.5,11.7,27.2
276,청송군,2022-05-24,20.2,12.4,32.7,3.8,1.4,71.4,8.8,22.99
276,청송군,2022-05-25,21.9,13.1,31.9,0,1.6,60.9,8.1,25.65
276,청송군,2022-05-26,18.6,11.4,25.7,.4,2.8,46.8,10.6,28.73
276,청송군,2022-05-27,18.3,7.8,26.5,,3.3,45.8,9.1,23.09
276,청송군,2022-05-28,19.8,8.9,29.8,,2.2,46.3,12.9,24.05
276,청송군,2022-05-29,21.1,8.2,32,,1.4,45.1,12.4,28.53
276,청송군,2022-05-30,21.4,15,29,,1.7,49.5,.7,16.61
276,청송군,2022-05-31,21.2,13.8,29.4,,2.5,42.1,13.1,30.78
276,청송군,2022-06-01,21.3,11.5,31.7,,1.9,37.4,10.5,28.58
276,청송군,2022-06-02,21.2,8.9,32,,1.9,39.6,13,29.61
276,청송군,2022-06-03,20.1,10.9,29.3,,2.1,55.9,12.6,29.36
276,청송군,2022-06-04,20.1,13.4,27.6,,2.5,61.1,8.2,23.31
276,청송군,2022-06-05,16.2,14.6,18.1,17.4,1.3,84.3,0,3.91
276,청송군,2022-06-06,16,10.3,19.4,5.6,1.6,78.5,1.6,10.5
276,청송군,2022-06-07,13.9,9.1,20.2,.2,1.4,78,2.6,12.19
276,청송군,2022-06-08,15.4,11.4,21.1,,1.4,73.1,2.4,13.89
276,청송군,2022-06-09,17.6,11.9,27,0,1.6,70.4,6.5,22.11
276,청송군,2022-06-10,20.2,12.1,29.3,,1.4,67,7.3,23.78
276,청송군,2022-06-11,19.3,14.4,25.1,,2,69,6.3,19.79
276,청송군,2022-06-12,18.5,11.9,25.7,,2,68.4,7.1,23.69
276,청송군,2022-06-13,17.9,12.8,22.1,,2.6,65.3,4.4,18.6
276,청송군,2022-06-14,15.9,14.7,17.6,3.9,2.2,76.4,0,6.05
276,청송군,2022-06-15,18.2,13.8,24.9,6.6,1.3,77.1,1.8,14.45
276,청송군,2022-06-16,20,13.6,26.5,,2.2,67.3,9.4,27.66
276,청송군,2022-06-17,22.7,11.6,32.6,,1.5,59.8,12.6,29.63
276,청송군,2022-06-18,25.8,19,33.8,,1.9,59.5,10.2,27.75
276,청송군,2022-06-19,25.9,18.1,33.5,,2.1,60.5,11.8,27.65
276,청송군,2022-06-20,25.1,17.9,32.9,,1.7,64.3,8.8,23.6
276,청송군,2022-06-21,25.4,17.8,34,,2.1,67.6,12.3,29.67
276,청송군,2022-06-22,27.5,18.6,36.6,,1.7,55.9,11.5,27.11
276,청송군,2022-06-23,25.9,18.8,31.7,6.1,1.5,68.4,4.7,15.72
276,청송군,2022-06-24,25.7,22.4,30.9,26.1,2.8,68.4,4.7,16.79
276,청송군,2022-06-25,26,18.5,33.3,,2.2,64.5,10.8,25.86
276,청송군,2022-06-26,25.2,19.7,29.7,4,1,77.4,3,12.7
276,청송군,2022-06-27,26.2,22.6,30.3,3.7,2.4,74.3,1.4,12.28
276,청송군,2022-06-28,28,24.4,32.2,,2.5,60,2.2,16.2
276,청송군,2022-06-29,28.3,24.7,33.2,,2.7,62.4,3.9,19.28
276,청송군,2022-06-30,26.9,23,32.1,6.6,1.2,74,3.4,14.93
276,청송군,2022-07-01,27.7,21.1,35.1,,1.2,67.3,10.4,27.83
276,청송군,2022-07-02,27.9,19.4,35.7,,1.9,60.8,11.8,30.3
276,청송군,2022-07-03,27.8,21.6,35.8,.2,1.5,64.1,8.1,23.82
276,청송군,2022-07-04,27.2,21,33.4,,1.4,66.1,6.6,17.83
276,청송군,2022-07-05,26.8,20.9,32.7,,1.6,67.3,5.2,16.35
276,청송군,2022-07-06,26,23,31.7,3,1.7,76,2.5,14.39
276,청송군,2022-07-07,28.3,22.1,34.1,,1.6,66.1,5.1,19.44
276,청송군,2022-07-08,26.9,21.6,33.4,1.2,1.6,70.1,3.1,14.85
276,청송군,2022-07-09,26.8,20.8,34.9,,1.7,66.5,4.2,19.2
276,청송군,2022-07-10,26.8,22.6,33.2,,2.5,68.5,9,25.59
276,청송군,2022-07-11,24.3,21.6,27.4,3,1.2,81.5,.3,9.47
276,청송군,2022-07-12,24,21.1,28.5,,2,71.4,2.3,14.85
276,청송군,2022-07-13,23.2,19.6,27.8,22.1,2,78.1,.1,9.25
276,청송군,2022-07-14,25.5,21.6,31,0,1.8,76.5,2.9,15.47
276,청송군,2022-07-15,25,19.6,32.4,,1.6,67.1,9.1,25.81
276,청송군,2022-07-16,23.5,18.1,32.9,.6,1.3,74,5.9,20.52
276,청송군,2022-07-17,23.7,18.4,30.1,,1.6,73,4.9,17.91
276,청송군,2022-07-18,21.4,19.8,23.2,20.5,1.1,87.5,0,6.16
276,청송군,2022-07-19,25.6,20.7,32.9,,1.3,70.8,7,25.21
276,청송군,2022-07-20,26.9,21.6,33.1,,1.6,65.1,9.4,25.11
276,청송군,2022-07-21,23.8,21.2,28,13.7,2.3,79.9,1.4,10.65
276,청송군,2022-07-22,22.9,19.7,27.3,.5,2.3,78,.8,11.18
276,청송군,2022-07-23,23.3,19.8,27.8,.9,1.6,78.1,2.1,12.91
276,청송군,2022-07-24,25.2,20.9,30.1,14.3,1.2,79.3,2,14.7
276,청송군,2022-07-25,26.5,21.4,34,.1,1.6,72.6,8.6,24.28
276,청송군,2022-07-26,24.4,18.9,32.8,,1.8,75,9.4,27.02
276,청송군,2022-07-27,24.1,18.3,28.7,,1.5,72.4,5,18.66
276,청송군,2022-07-28,24.7,21.1,27.9,,1.3,79.1,0,9.27
276,청송군,2022-07-29,27.3,22.2,34.3,,1.7,71.3,12.4,29.49
276,청송군,2022-07-30,25.7,20.9,30.6,0,1.6,76.6,2.3,13.18
276,청송군,2022-07-31,25.7,23.9,29.2,6.4,1.2,82.1,.1,8.38
276,청송군,2022-08-01,26.9,23.8,29.9,.3,1.4,76.9,0,6.35
276,청송군,2022-08-02,27.6,24.4,32.5,1,1.3,75.3,3.2,11.93
276,청송군,2022-08-03,26.8,22.1,32.6,0,1.5,76.6,5.9,15.58
276,청송군,2022-08-04,27.8,22.1,34.4,,2.1,68.1,8.1,20.94
276,청송군,2022-08-05,28,21.5,34.5,,1.9,69.5,8,21.62
276,청송군,2022-08-06,29.4,24.2,36.4,,1.9,65.8,9.5,22.48
276,청송군,2022-08-07,28.1,22.5,36.1,2.9,1.2,74.3,5,16.7
276,청송군,2022-08-08,27.2,23.5,31.6,,1.2,73,.3,9.82
276,청송군,2022-08-09,26.2,23.4,30.6,4.2,.9,78.9,.4,10.46
276,청송군,2022-08-10,24.8,23.1,27.4,8.2,.8,85.6,0,5.74
276,청송군,2022-08-11,23.8,23.1,26.5,14.1,1,89.3,0,4.52
276,청송군,2022-08-12,26.9,21.9,34.3,0,1.5,72.8,8.2,23.45
276,청송군,2022-08-13,24.6,21,30.7,27.3,1.1,84,1.2,11.46
276,청송군,2022-08-14,26.1,23.2,31.6,40.6,.9,84.5,1.3,12.15
276,청송군,2022-08-15,28.3,23.4,32.6,,1.8,68.9,3.1,15.33
276,청송군,2022-08-16,24.1,21.5,29.4,23.3,1.6,82.4,1.9,9.92
276,청송군,2022-08-17,24.4,20.3,29.9,9.6,1.3,78.9,3.5,16.08
276,청송군,2022-08-18,23.5,19.6,30.7,,1.1,76.5,6.4,21.52
276,청송군,2022-08-19,24.2,18.6,29.6,,1.1,78.8,3,15.8
276,청송군,2022-08-20,24.8,21.1,31.4,4.7,1.3,83.5,1.6,11.96
276,청송군,2022-08-21,23.6,16.3,30.2,,1.6,68,11.7,27.37
276,청송군,2022-08-22,23.3,14.1,32.3,,1.1,72.1,9.9,24.55
276,청송군,2022-08-23,22.8,20.8,26.7,10.8,.6,86.4,0,3.52
276,청송군,2022-08-24,21.3,19.6,24.8,.8,1.2,76,0,7.82
276,청송군,2022-08-25,22.3,17.6,28.5,.8,1.2,79,2.9,15.61
276,청송군,2022-08-26,22.2,17.1,29.7,,1.4,69.6,10.6,24.92
276,청송군,2022-08-27,20.3,13.1,27.7,,1.7,68,7,20.29
276,청송군,2022-08-28,18,11.7,26.3,,1.4,70.1,10,25.86
276,청송군,2022-08-29,17.2,13.2,22.3,3.5,.9,84.3,0,6.43
276,청송군,2022-08-30,18.7,16.2,20.9,33.3,.8,89.5,0,3.26
276,청송군,2022-08-31,20,18.3,22.8,44,.7,88.6,0,4.51
276,청송군,2022-09-01,19.9,17.1,24.4,,.8,82.6,.8,9.63
276,청송군,2022-09-02,19.8,16,24.1,0,1.7,81.4,.2,7.65
276,청송군,2022-09-03,20.1,18.7,23,.3,1.5,83.3,0,4.73
276,청송군,2022-09-04,23.3,18.7,28,,1.3,81.9,.9,12.05
276,청송군,2022-09-05,23.6,21.5,27.8,7.5,1,86.5,0,4.66
276,청송군,2022-09-06,20.4,16.1,24.2,33,3.6,72.8,2.7,12.03
276,청송군,2022-09-07,18.6,11.4,28.5,,1.4,68.6,10.9,24.64
276,청송군,2022-09-08,18.4,11.3,27.6,,1.1,72.4,9.6,23.77
276,청송군,2022-09-09,18.3,13.3,26.6,,1.4,74.4,8.7,21.89
276,청송군,2022-09-10,18.6,13.7,23.6,.2,1,75,1.9,12.11
276,청송군,2022-09-11,20.5,16.5,25.8,,1,77,1.6,12.28
276,청송군,2022-09-12,20.2,16.1,24.9,0,.8,80.9,.7,9.53
276,청송군,2022-09-13,21.5,17.5,27.5,,1.8,69.3,6.7,18.77
276,청송군,2022-09-14,22,15.7,27.3,,2.6,61.3,9.5,18.4
276,청송군,2022-09-15,21,15.9,26.6,,2,69.5,10.1,21.1
276,청송군,2022-09-16,22.6,15.9,27.8,,1.4,79.3,.7,10.99
276,청송군,2022-09-17,24.4,19,32.8,.4,1.1,76.1,5.2,18
276,청송군,2022-09-18,24.7,21.3,28.9,0,1.9,75.8,.2,9.91
276,청송군,2022-09-19,20.6,12.3,25,7.3,3,74.1,3.1,11.51
276,청송군,2022-09-20,15.2,9.6,20,,1.6,69.1,3.4,12.96
276,청송군,2022-09-21,13.4,7.7,21.8,,1.3,72.6,8.6,21.03
276,청송군,2022-09-22,15.4,7.4,24,,1.2,75.8,6.4,18.54
276,청송군,2022-09-23,17.7,13.2,26.5,,2.5,71.3,8.2,20.51
276,청송군,2022-09-24,15.1,7.3,23.8,,1.9,73.5,10.4,22.54
276,청송군,2022-09-25,15.6,10.3,22.9,,.8,86.9,1.6,10.94
276,청송군,2022-09-26,15.9,12.7,21.3,,.6,91.1,0,7.43
276,청송군,2022-09-27,16.5,9.8,25.8,,1.1,83,7.7,18.46
276,청송군,2022-09-28,15.3,8.6,24.8,,.8,88.5,4.6,13.93
276,청송군,2022-09-29,16.8,10.5,28.3,,.9,87.3,8.3,19.67
276,청송군,2022-09-30,17,10.1,29.3,,.8,85,8.3,19.37
277,영덕,2022-05-20,21.4,16.9,27.2,,2.6,38.1,8,
277,영덕,2022-05-21,21,16,29.3,4.6,2.5,55.6,10.9,
277,영덕,2022-05-22,20.3,14.1,30.4,,3.1,60,9.2,
277,영덕,2022-05-23,18.2,12.3,23.7,,2.3,69.5,12,
277,영덕,2022-05-24,23.5,15,31,0,2.3,56.5,10.7,
277,영덕,2022-05-25,24,15.8,31.8,,2.5,53.5,10.8,
277,영덕,2022-05-26,20.6,16.1,26.9,,3,50.5,9.7,
277,영덕,2022-05-27,20.7,13,28.7,,3.3,47.5,12.5,
277,영덕,2022-05-28,24.5,15.4,30.6,,3.3,36.5,13.1,
277,영덕,2022-05-29,23.6,17,30.5,,2.4,33,12.4,
277,영덕,2022-05-30,19,14.6,25,,2.4,68.9,4.5,
277,영덕,2022-05-31,19.6,13.6,27,,2.2,54.4,13.3,
277,영덕,2022-06-01,21.7,15,29.9,,2,43.8,10.6,
277,영덕,2022-06-02,22,16.3,32.5,,2,45.6,13.4,
277,영덕,2022-06-03,19.4,15.8,24.1,,3.9,75,12.8,
277,영덕,2022-06-04,18.5,15.4,23.1,,1.4,79,6.7,
277,영덕,2022-06-05,16.8,15.4,17.7,11.5,1.4,94.9,0,
277,영덕,2022-06-06,15.4,12.2,17.6,14.4,4.1,95.3,.2,
277,영덕,2022-06-07,14.3,9.8,19.7,0,3.8,83,3.5,
277,영덕,2022-06-08,15.9,13.6,18.8,,1.8,77,.1,
277,영덕,2022-06-09,17.3,13.5,22.7,0,1.5,79.8,8.1,
277,영덕,2022-06-10,18.4,12.1,23.6,,1.8,82.3,10,
277,영덕,2022-06-11,19.2,16.2,23.7,0,3.8,83.8,8.1,
277,영덕,2022-06-12,18.8,16.1,23,,3,76.8,6.4,
277,영덕,2022-06-13,18.3,14.7,22.5,,2.7,80.9,3.2,
277,영덕,2022-06-14,16,13.9,18.6,7.4,4.9,89.8,0,
277,영덕,2022-06-15,17.1,14.4,20.8,3.5,1.8,89.4,.2,
277,영덕,2022-06-16,21,14.9,27.4,,2.4,68.6,10.7,
277,영덕,2022-06-17,24,15.6,31.7,,2.1,61.1,13,
277,영덕,2022-06-18,25.1,20.6,32.8,0,2,71.6,8,
277,영덕,2022-06-19,26.2,19.6,31.5,,2,68.6,12.3,
277,영덕,2022-06-20,24.6,20.4,29.7,,1.8,73.5,12,
277,영덕,2022-06-21,23,18.1,28.5,,1.4,85.1,12.4,
277,영덕,2022-06-22,26.7,19.9,36.6,,2.4,72.9,12.3,
277,영덕,2022-06-23,27.5,22.5,32.7,1.2,2.8,69.9,5.3,
277,영덕,2022-06-24,26.2,22.6,31.1,12.6,2.6,71.1,4,
277,영덕,2022-06-25,27.3,20.2,33.6,,2.5,62.6,11.4,
277,영덕,2022-06-26,27.6,22.8,31,0,1.7,68.1,6.3,
277,영덕,2022-06-27,26,22.8,30.3,0,2,80.3,1.8,
277,영덕,2022-06-28,29.1,24.7,33.3,,2.9,61.5,6.4,
277,영덕,2022-06-29,29.8,25.5,35.6,,3.1,61,5.3,
277,영덕,2022-06-30,26.5,23.2,31.7,3.4,1.6,81.5,5.4,
277,영덕,2022-07-01,26.8,21.6,32.2,,2,74,13.6,
277,영덕,2022-07-02,27,21.6,33.7,0,1.9,67,11.9,
277,영덕,2022-07-03,27,22.5,33.5,0,2.1,69.4,8.9,
277,영덕,2022-07-04,27.4,23.2,32.8,,2.3,70.5,12,
277,영덕,2022-07-05,25.3,21.3,31.8,,1.2,83.3,6.9,
277,영덕,2022-07-06,25.1,22.3,30.1,,1,84,1.8,
277,영덕,2022-07-07,28,24.1,31.5,,1.9,74.5,6.4,
277,영덕,2022-07-08,29.3,24.5,36.4,,1.8,67.3,3.5,
277,영덕,2022-07-09,26.6,22.9,33.8,,2.2,75,4.7,
277,영덕,2022-07-10,24.6,22.2,30.1,0,2,85.9,2.4,
277,영덕,2022-07-11,23.9,21.4,28.9,1.8,1.1,90.9,.3,
277,영덕,2022-07-12,22.9,20.6,28.2,,3.7,79.8,3.3,
277,영덕,2022-07-13,22.4,20.2,26.2,28.4,1.6,86.9,.5,
277,영덕,2022-07-14,23.2,19.7,27.3,.3,1.5,88.3,4.9,
277,영덕,2022-07-15,24.6,19.6,31.8,,1.7,79.5,11.2,
277,영덕,2022-07-16,24.7,20,33.3,3,1.3,80.6,7.8,
277,영덕,2022-07-17,24,19.8,31.1,,1.8,84.9,7.1,
277,영덕,2022-07-18,22.3,21.2,24.2,7.8,1.4,91.6,0,
277,영덕,2022-07-19,23.8,21,29.6,,1.8,87.3,8.5,
277,영덕,2022-07-20,26.5,21.8,33.1,0,1.9,69.6,9.6,
277,영덕,2022-07-21,22.1,19.7,24.2,17.1,1.5,92.3,0,
277,영덕,2022-07-22,21.9,20.4,24.4,28,1.3,93.3,.2,
277,영덕,2022-07-23,22.6,20.4,25.8,0,1.2,86.9,1.6,
277,영덕,2022-07-24,23.7,21.4,28.8,25.6,1.1,94.1,1.5,
277,영덕,2022-07-25,23.6,21,27.1,,1.5,91,.9,
277,영덕,2022-07-26,22.6,19.8,26.3,,1.5,90.9,.7,
277,영덕,2022-07-27,23.6,19.9,28.3,,1.6,88.4,3.3,
277,영덕,2022-07-28,23.5,22.4,25.7,3.3,1.8,96.1,0,
277,영덕,2022-07-29,25.6,23,29.7,,1.3,91,8.8,
277,영덕,2022-07-30,25.1,23,28.6,0,2.7,89.9,.8,
277,영덕,2022-07-31,25.9,24.2,28.5,.3,1.2,89.8,.5,
277,영덕,2022-08-01,27.3,24.6,30,0,1.7,83.8,1.2,
277,영덕,2022-08-02,28.1,24.3,32,0,2.1,78.4,4.1,
277,영덕,2022-08-03,27.9,24.9,32.9,0,2.1,77,5.1,
277,영덕,2022-08-04,28.3,24,35.1,,1.9,76.5,10,
277,영덕,2022-08-05,30,24.2,35.4,,2,68.8,8.6,
277,영덕,2022-08-06,30.5,26.1,36.3,,2.2,68.4,11.4,
277,영덕,2022-08-07,28.8,24.8,34.7,0,1.7,74.5,7.8,
277,영덕,2022-08-08,28.2,25.1,33.2,,1.6,73.3,.3,
277,영덕,2022-08-09,26.6,23.6,30.9,3.2,1.2,82.8,.5,
277,영덕,2022-08-10,23.4,22.7,24.3,4.7,.8,97.8,.1,
277,영덕,2022-08-11,24.3,23.1,26.5,7.8,1.6,92.1,0,
277,영덕,2022-08-12,26.3,22.1,32.7,.3,1.7,82,11.4,
277,영덕,2022-08-13,25.2,21.1,31.2,4.7,1.5,88.1,2.4,
277,영덕,2022-08-14,25.1,23.4,29.8,3.9,1.3,91.6,2.8,
277,영덕,2022-08-15,28.7,24.2,32.5,,2,72.4,2.7,
277,영덕,2022-08-16,23.9,21.6,29,6.9,1.8,89.4,1.6,
277,영덕,2022-08-17,23.1,21.7,26.7,.4,1.8,93.4,3,
277,영덕,2022-08-18,23.1,20.1,27.9,,1.4,85.9,7.7,
277,영덕,2022-08-19,25.3,19.8,30.6,,1.8,77.5,3.8,
277,영덕,2022-08-20,24.5,20.9,28,9.6,2.2,88.8,.2,
277,영덕,2022-08-21,22.7,18.3,27.6,,1.5,82.4,10.7,
277,영덕,2022-08-22,24.2,16.5,32.1,0,1.7,75.3,9.9,
277,영덕,2022-08-23,23.7,20.8,27.4,2.8,1,87,0,
277,영덕,2022-08-24,21.7,20.2,24.9,1.5,1.6,84.5,0,
277,영덕,2022-08-25,22.9,17.7,29.1,.5,1.3,81.4,4.6,
277,영덕,2022-08-26,23.2,18.5,28.6,,1.9,63.4,11.2,
277,영덕,2022-08-27,20.8,14.7,28.5,,2.1,72.5,6.6,
277,영덕,2022-08-28,19.3,13,25.5,,2.4,76.4,12.4,
277,영덕,2022-08-29,19.2,15.4,23.8,.8,1.2,85.9,0,
277,영덕,2022-08-30,19.3,17.6,20.6,35.6,1.2,93.4,0,
277,영덕,2022-08-31,19.7,19,21.2,42,2.2,96.6,0,
277,영덕,2022-09-01,20,16.9,23.9,,1.3,90.8,2.8,
277,영덕,2022-09-02,20.1,17.4,22.8,47.8,3.7,94.9,0,
277,영덕,2022-09-03,20.2,18.7,23.7,7,3.1,94.3,.5,
277,영덕,2022-09-04,22,19.4,24.1,5.6,1.6,96.1,0,
277,영덕,2022-09-05,22.4,19.2,27.1,15.2,2.6,95.6,0,
277,영덕,2022-09-06,21.2,17.2,26.5,45.5,5.8,77.5,5.8,
277,영덕,2022-09-07,19.5,13.8,27.2,,1.8,69.5,11.1,
277,영덕,2022-09-08,19.2,13.1,26.1,,2.1,77,11.5,
277,영덕,2022-09-09,19.4,15.1,24.6,,2.2,86.1,8.1,
277,영덕,2022-09-10,20.6,16.1,23.9,.4,3.5,82.9,2.1,
277,영덕,2022-09-11,21.2,18.3,24.3,0,2.9,85.8,.1,
277,영덕,2022-09-12,20.3,17,24.1,.1,.8,87.9,1.2,
277,영덕,2022-09-13,22,18.9,25,,4.2,84.6,5.5,
277,영덕,2022-09-14,22.5,20.9,26.1,,7.1,81.4,7.6,
277,영덕,2022-09-15,21.3,17.7,24.7,0,3.3,82.8,6,
277,영덕,2022-09-16,21.6,17.8,24.5,0,.5,91.3,0,
277,영덕,2022-09-17,24.3,20.4,30.2,1.3,1.1,87.9,8,
277,영덕,2022-09-18,23.4,20.7,27.4,.4,4.9,87.9,.3,
277,영덕,2022-09-19,20.4,17.7,23.5,18.2,8.6,84.3,2.8,
277,영덕,2022-09-20,17,11.8,20.5,0,4.4,68.3,3.3,
277,영덕,2022-09-21,15.2,10.5,21.4,,1.6,76.4,8.6,
277,영덕,2022-09-22,17.1,11.6,24.2,,1.4,81.8,7.9,
277,영덕,2022-09-23,19.9,14.8,26.9,,2.7,66,9.9,
277,영덕,2022-09-24,17.7,11.5,24.8,,2.7,57.9,10.2,
277,영덕,2022-09-25,17.4,13.4,23.2,,1.2,77.9,1.3,
277,영덕,2022-09-26,17.7,14,22.2,,1.2,81.6,0,
277,영덕,2022-09-27,18.1,14.3,24.4,,2.1,81.3,6.9,
277,영덕,2022-09-28,18,13.5,25.6,,1.7,85.9,5,
277,영덕,2022-09-29,19.2,14.2,26.3,,2.3,79,10.6,
277,영덕,2022-09-30,19.7,13.9,28.7,,2.4,75.8,10.5,
278,의성,2022-05-20,18.5,11.1,27.9,,.9,54.8,8.4,
278,의성,2022-05-21,19.7,9.2,29,,1.3,64,12.5,
278,의성,2022-05-22,22.1,12.2,30.8,,2,58.4,12.6,
278,의성,2022-05-23,22.2,11.6,31.1,,1.2,59.5,11.1,
278,의성,2022-05-24,22.9,13.7,33,,1.1,57.3,12.1,
278,의성,2022-05-25,23.3,13.2,31.8,,1.4,54.1,10.2,
278,의성,2022-05-26,20.2,13.2,26.7,0,2.1,50.4,11.8,
278,의성,2022-05-27,19.6,8.7,27.9,,2.5,51.1,12.1,
278,의성,2022-05-28,20.6,10,30.4,,1.3,53,12.5,
278,의성,2022-05-29,22,9.4,31.8,,1.1,45,12,
278,의성,2022-05-30,22.6,17.7,28.9,0,1.5,53.8,1,
278,의성,2022-05-31,22,13.4,29.7,,1.9,46.6,12.9,
278,의성,2022-06-01,21.9,13,31.9,,1.2,44.4,11.1,
278,의성,2022-06-02,21.9,10.2,32.2,,1.3,46.8,13,
278,의성,2022-06-03,22.1,13.3,33,,1.3,58.1,12.2,
278,의성,2022-06-04,21.7,13.1,29.9,,1.2,62.3,8.8,
278,의성,2022-06-05,17.2,15.9,19,17.4,.9,90.3,0,
278,의성,2022-06-06,17.4,12.7,21.1,7.3,1.1,86.4,2.3,
278,의성,2022-06-07,15.8,9.6,21.9,.2,1,81.1,3.3,
278,의성,2022-06-08,17.2,13,23.2,0,.8,75.6,3.1,
278,의성,2022-06-09,19.3,11.4,27.2,,.9,72.9,6.1,
278,의성,2022-06-10,21.5,13.1,29.5,,.9,67,8.8,
278,의성,2022-06-11,21.4,15.6,28.6,,1.2,68,6.4,
278,의성,2022-06-12,20.7,13.2,27,,1.1,68.1,6.3,
278,의성,2022-06-13,19.6,15,24.9,,1.9,67,5.6,
278,의성,2022-06-14,17,15.6,19.1,3.6,1.6,83.6,0,
278,의성,2022-06-15,18.8,15,24.7,1.8,.8,87.6,2.3,
278,의성,2022-06-16,21.2,15.3,26.9,,1.6,72.5,9.6,
278,의성,2022-06-17,23.6,13.1,31.9,,1,67.6,12.2,
278,의성,2022-06-18,26.2,20.6,32.9,,1.3,67.8,10,
278,의성,2022-06-19,26.4,19.9,33.1,,1.3,67.8,11.2,
278,의성,2022-06-20,27,18.8,35,,1.1,66.6,12.8,
278,의성,2022-06-21,27.7,20.2,35.9,,1.1,65.9,8.7,
278,의성,2022-06-22,28.4,20.3,36.5,,1.2,61.1,11.6,
278,의성,2022-06-23,26.2,20,30.2,5,1.9,75.8,2.5,
278,의성,2022-06-24,26.1,21.5,31.6,34.9,1.8,77.9,6.9,
278,의성,2022-06-25,26.1,18.9,33.4,0,1.2,74.6,10,
278,의성,2022-06-26,25.3,20.8,30,2.5,.8,88.1,2.4,
278,의성,2022-06-27,26.6,22.3,30.6,.1,1.6,82.1,.7,
278,의성,2022-06-28,29,26,32.9,0,3.4,66.9,4.8,
278,의성,2022-06-29,28.5,26.8,32.5,0,2.3,70.6,2.1,
278,의성,2022-06-30,27.5,23.5,33.4,.7,1.2,80.4,2.3,
278,의성,2022-07-01,28,21.1,35.6,,1,73,11.9,
278,의성,2022-07-02,29.3,20.6,37.2,,1.1,64.8,12.3,
278,의성,2022-07-03,28.4,22.8,36.1,4.8,1.1,72.4,6.2,
278,의성,2022-07-04,27.6,22.1,33.6,,.9,76.5,6.4,
278,의성,2022-07-05,28.2,23.1,34.4,,1,73.4,4.3,
278,의성,2022-07-06,28.4,24.8,33.7,0,.8,73.8,2,
278,의성,2022-07-07,29.3,23.7,34.7,,1.5,69.5,3.5,
278,의성,2022-07-08,28.4,23.1,34.1,0,1.5,73.1,3.9,
278,의성,2022-07-09,27.9,22.6,33.6,,1.2,72.8,6.3,
278,의성,2022-07-10,28.2,22.7,35.8,0,1.4,72.1,7.3,
278,의성,2022-07-11,25.4,23.6,28.3,2.4,.7,89.9,.1,
278,의성,2022-07-12,25.7,22.4,29.3,,1,76.8,1.4,
278,의성,2022-07-13,24.3,22.5,28.5,29,1,83.6,0,
278,의성,2022-07-14,26.4,22.8,31.5,0,1.2,81.9,2.7,
278,의성,2022-07-15,25.6,20.1,33,,1.2,75,9.7,
278,의성,2022-07-16,25,18.4,32.8,0,1.2,75.3,8.5,
278,의성,2022-07-17,25.1,19.9,31.4,,1.3,76.4,6.5,
278,의성,2022-07-18,22.2,21.2,23.2,29.9,.5,96.6,0,
278,의성,2022-07-19,25.8,21.9,32.4,,.9,81.4,6.6,
278,의성,2022-07-20,27.1,21.8,33.5,,1,75,8.7,
278,의성,2022-07-21,24.2,21.8,27.8,12.3,1.5,88.6,.3,
278,의성,2022-07-22,24.7,21.4,30.1,0,1.2,79.8,2.1,
278,의성,2022-07-23,24.6,19.8,29.1,0,.8,80.1,1.9,
278,의성,2022-07-24,25.9,21.6,30.3,10.5,.9,85.8,1.6,
278,의성,2022-07-25,27.2,23.1,33.9,.2,.8,80.4,7.3,
278,의성,2022-07-26,25.7,21,34.1,17.4,.9,85,8.7,
278,의성,2022-07-27,24.2,18.5,30.1,,.9,81.9,7.4,
278,의성,2022-07-28,25.3,20.7,30,1,.6,88.4,.2,
278,의성,2022-07-29,27.8,21.9,35.2,,.9,77.9,11,
278,의성,2022-07-30,27.1,22.1,31.4,0,.9,79.4,2.7,
278,의성,2022-07-31,26.6,24.7,30.2,2,.7,88.3,.2,
278,의성,2022-08-01,28.3,24.7,31.1,2,1.1,77.8,.1,
278,의성,2022-08-02,27.8,25,32.8,.2,1.4,84.3,3.1,
278,의성,2022-08-03,28,22.8,33.8,,1.1,81.9,8.2,
278,의성,2022-08-04,28.3,23,34.8,,1.1,78.1,7.1,
278,의성,2022-08-05,28.2,23.1,33.6,0,.9,80.8,4.8,
278,의성,2022-08-06,29.2,23.6,35.6,,1,76.3,9.7,
278,의성,2022-08-07,28.4,23.6,36.2,,.8,78,4.5,
278,의성,2022-08-08,28,24.2,32.3,,.9,79.5,.7,
278,의성,2022-08-09,27.7,24.2,31.8,1.9,.8,81.6,.3,
278,의성,2022-08-10,25.9,24,27.9,13.8,.5,92.9,0,
278,의성,2022-08-11,24.6,23.9,25.3,24.3,.5,99.6,0,
278,의성,2022-08-12,27.7,23.3,33.5,.7,.9,81.6,8.1,
278,의성,2022-08-13,24.9,21.6,30.6,28,.7,93.9,.7,
278,의성,2022-08-14,27.4,24.4,32.4,12.2,.5,91,.2,
278,의성,2022-08-15,29.2,24.6,33.8,0,1.4,74.8,2.3,
278,의성,2022-08-16,24.6,22.7,28.8,28.8,1.1,92.9,1.6,
278,의성,2022-08-17,25.4,21.9,31.3,4.5,.9,83.9,4.7,
278,의성,2022-08-18,24.4,21,30.9,,.8,82.3,5.1,
278,의성,2022-08-19,25.1,19.6,31,,.7,86,1.5,
278,의성,2022-08-20,25.6,23,29.8,12.6,.8,91.5,2.2,
278,의성,2022-08-21,25.4,19.2,32.1,,.7,74.6,8,
278,의성,2022-08-22,24.4,16.2,31.7,,.8,79.6,9.1,
278,의성,2022-08-23,23.6,22.1,26.6,10.9,.5,97.3,0,
278,의성,2022-08-24,22.2,20.5,25.2,1.7,.9,85.4,0,
278,의성,2022-08-25,22.6,18.2,29,.3,.7,86.8,1.9,
278,의성,2022-08-26,22.6,17.1,29.5,,.8,77.8,8.9,
278,의성,2022-08-27,21,14.5,28,,1.2,75,6.6,
278,의성,2022-08-28,19.9,12,28.6,,.9,71.3,11.1,
278,의성,2022-08-29,18.8,15.2,22.5,5.4,.6,91.4,0,
278,의성,2022-08-30,19.6,17.5,22.2,25.6,.4,98.3,0,
278,의성,2022-08-31,21,19.8,24,30.4,.5,96.9,0,
278,의성,2022-09-01,20.6,17.5,25.1,,.6,91.3,.3,
278,의성,2022-09-02,21.3,16.3,26.5,0,1.3,82,.5,
278,의성,2022-09-03,22.2,19.8,25.2,1,1.7,80.5,0,
278,의성,2022-09-04,24.2,19.8,28.8,0,.6,87,.1,
278,의성,2022-09-05,24.5,22.6,28.6,11.1,.6,94.9,0,
278,의성,2022-09-06,20.9,15.1,25.2,25.3,2.5,84,2.7,
278,의성,2022-09-07,19.4,13.3,28.8,,.9,78.6,9.3,
278,의성,2022-09-08,19.9,11.8,29.6,,.7,76.8,10.5,
278,의성,2022-09-09,20,13.4,28.9,,1.1,75.3,9.2,
278,의성,2022-09-10,19.8,15.5,25.9,.2,.7,80.6,1.3,
278,의성,2022-09-11,21.7,17.3,28.2,,.7,82.1,1.9,
278,의성,2022-09-12,21.2,17.2,25,0,.5,88,.6,
278,의성,2022-09-13,22.8,18.6,29.8,,1,76.8,3.6,
278,의성,2022-09-14,22.7,18.2,29,,1.4,67.3,7.1,
278,의성,2022-09-15,22.3,16.6,28.7,,1.2,75.9,10.1,
278,의성,2022-09-16,23.5,17.7,29.6,,.6,83.5,1.9,
278,의성,2022-09-17,25.5,20,32.9,.3,.6,83,6.3,
278,의성,2022-09-18,26.3,22.3,31.2,0,1.9,78.3,1.1,
278,의성,2022-09-19,22.9,14.1,28.8,.4,3.1,73,4.9,
278,의성,2022-09-20,17.1,11.7,22.5,,1.2,73,4,
278,의성,2022-09-21,15.3,8.7,24.4,,1,73,8.7,
278,의성,2022-09-22,16.7,8.5,24.6,,.6,77,6.2,
278,의성,2022-09-23,17.9,10.7,27.1,,1.6,73.6,8,
278,의성,2022-09-24,16,8,24.9,,.9,69.6,9.3,
278,의성,2022-09-25,16.7,12,23,,.5,79.9,.3,
278,의성,2022-09-26,16.5,12.8,21.6,,.4,87.3,.1,
278,의성,2022-09-27,17.8,12.2,27.5,,.7,79.4,7.7,
278,의성,2022-09-28,16.5,9.9,24.9,,.6,81.8,4.6,
278,의성,2022-09-29,17.2,9.9,27.8,0,.6,81.5,9.3,
278,의성,2022-09-30,17.2,9.6,29.1,,.6,73.5,10.2,
279,구미,2022-05-20,21.1,14.8,27.9,,.8,44.3,7.7,
279,구미,2022-05-21,22.4,15.1,28.8,,1.4,54.6,12.2,
279,구미,2022-05-22,23.8,14.9,31.8,,1.4,46,12.1,
279,구미,2022-05-23,24.3,15.7,31.8,,1.1,51.8,10.3,
279,구미,2022-05-24,24.7,16.8,32.1,,1.1,40.5,12.3,
279,구미,2022-05-25,24.5,16.7,31.8,0,1,46.1,9.4,
279,구미,2022-05-26,21.3,15.9,27.1,0,1.7,39.9,12.2,
279,구미,2022-05-27,21.8,13.1,29.1,,1.8,41.3,12.4,
279,구미,2022-05-28,22.9,13.4,31.6,,1.2,39.6,12.3,
279,구미,2022-05-29,23.9,13.1,31.5,0,1.1,37.8,12,
279,구미,2022-05-30,23.3,20.4,27.9,0,1.3,55,1.9,
279,구미,2022-05-31,23.3,16.2,30,,1.6,34.9,12.3,
279,구미,2022-06-01,23.4,15.9,32.2,,.9,37.4,10.3,
279,구미,2022-06-02,24.2,14.4,32.5,,1.3,42.1,12.4,
279,구미,2022-06-03,24.1,17.8,34,,1.2,52.8,12.2,
279,구미,2022-06-04,22.9,16,29.3,,1.3,54.9,9,
279,구미,2022-06-05,17.7,16.6,21.2,27.1,1.1,86.9,0,
279,구미,2022-06-06,18.2,15.6,24,11.3,.7,81.9,2.5,
279,구미,2022-06-07,16.5,13,20.7,1.7,.8,78.8,1.5,
279,구미,2022-06-08,17.9,14.6,23.2,,.7,72.8,4,
279,구미,2022-06-09,19.3,13.9,27.1,0,.8,73.9,7.2,
279,구미,2022-06-10,22.2,15.6,28.7,,.8,63.9,8,
279,구미,2022-06-11,22.6,17.4,30,.6,.9,64.4,7.2,
279,구미,2022-06-12,21.6,15.2,27.4,,1,62.4,8.5,
279,구미,2022-06-13,20.9,17.5,26.3,,1.4,60.1,5.3,
279,구미,2022-06-14,16.9,15.7,19.1,7.5,.6,84.8,0,
279,구미,2022-06-15,18.9,15.2,25.2,9.7,.5,86.9,2.6,
279,구미,2022-06-16,22,17.5,28.3,,1,68.9,10.9,
279,구미,2022-06-17,24.7,15.5,32.3,,.7,62.9,12.1,
279,구미,2022-06-18,26.2,21,32.7,.1,.9,66.1,10.8,
279,구미,2022-06-19,26.4,20.7,32.4,,.9,66.4,10,
279,구미,2022-06-20,27.5,21.8,33.8,,.8,64,11.6,
279,구미,2022-06-21,28.5,22.3,35.2,,1,62.5,10.9,
279,구미,2022-06-22,29.3,23.1,36.5,,.9,56.5,10.8,
279,구미,2022-06-23,26.2,23.3,29.8,7.8,1.4,74.4,2.8,
279,구미,2022-06-24,26.7,22.7,32.2,34.8,1.2,69,6.9,
279,구미,2022-06-25,26.5,20,33,,1.3,70.9,11.6,
279,구미,2022-06-26,27.3,22,31.3,1.6,1.1,72.4,4.1,
279,구미,2022-06-27,27,23.9,30.3,.1,1.2,76.3,1.4,
279,구미,2022-06-28,28.3,25.9,31.4,0,1.9,67.4,6.7,
279,구미,2022-06-29,28.4,26.8,33,,1.4,68.9,2.5,
279,구미,2022-06-30,26.9,24.1,31.1,20.6,.8,79.9,4.1,
279,구미,2022-07-01,27.3,22.2,34.4,,.9,74.4,9.3,
279,구미,2022-07-02,28.7,22.3,35.2,,.9,64.4,12,
279,구미,2022-07-03,29.5,23.4,35.7,0,.8,58.4,9.8,
279,구미,2022-07-04,28.6,24.4,34.4,,.9,66.3,8.5,
279,구미,2022-07-05,27.8,24.3,34.2,.4,.7,76.8,4.6,
279,구미,2022-07-06,29.1,25,33.1,0,.9,71.5,4.5,
279,구미,2022-07-07,29.6,25.2,33.9,,1.3,65.9,5.2,
279,구미,2022-07-08,28.7,25.9,33,.1,1,68.5,5.5,
279,구미,2022-07-09,28.4,24.3,32.5,,1.3,64,8.5,
279,구미,2022-07-10,28.9,23.7,35.2,,1.1,67.1,8.1,
279,구미,2022-07-11,25.3,23.8,28.8,5.6,.6,88,.1,
279,구미,2022-07-12,26.3,23.7,30,,1.1,73,1.1,
279,구미,2022-07-13,24.5,22.8,27.2,20.3,1.5,78,0,
279,구미,2022-07-14,27.4,22.3,32.4,,1.1,73.5,8,
279,구미,2022-07-15,26.9,21.7,32.5,,1.3,64.9,12,
279,구미,2022-07-16,25.9,20.4,32.9,0,.9,68.4,7.5,
279,구미,2022-07-17,26.5,21.6,32,,1.1,66.5,8.1,
279,구미,2022-07-18,22.1,21.1,25.2,59.5,.6,91.1,0,
279,구미,2022-07-19,26.3,21.5,32.2,0,1,75.3,7.8,
279,구미,2022-07-20,28.1,23.3,33.5,0,1.1,64.8,10.4,
279,구미,2022-07-21,24.6,22,29.3,6,1.6,78.8,2.3,
279,구미,2022-07-22,26.1,23.6,30.7,0,1.2,67.8,4.9,
279,구미,2022-07-23,25.1,21.9,28.7,0,1,74.4,1.9,
279,구미,2022-07-24,25.6,22,29.8,6.2,.7,82,.8,
279,구미,2022-07-25,28.1,23.3,33.8,.5,.8,71.1,11.9,
279,구미,2022-07-26,27.8,22.9,33.8,,.8,69.5,6.4,
279,구미,2022-07-27,26.2,21.8,31.9,,1.1,68,9.6,
279,구미,2022-07-28,26.5,21.9,30.5,,.7,75.1,1.8,
279,구미,2022-07-29,28.8,24.1,35.2,,.9,68.8,8.7,
279,구미,2022-07-30,27.4,23.3,31,0,1.2,73.3,2.6,
279,구미,2022-07-31,26.2,25,29.9,14.7,.8,88.1,.3,
279,구미,2022-08-01,27.6,24.9,29.5,.4,1.3,78.4,0,
279,구미,2022-08-02,28.2,25.8,31.4,.2,1.3,80.5,4.2,
279,구미,2022-08-03,29.3,24.3,35.5,,.9,72.8,9.6,
279,구미,2022-08-04,29.5,24.6,34.6,,1.1,70.6,9.5,
279,구미,2022-08-05,28.9,24.8,33.7,0,.8,74.9,6.4,
279,구미,2022-08-06,30,25.2,35.4,,.9,69.8,10.2,
279,구미,2022-08-07,28.8,25.5,35.2,10.3,.7,77,5.8,
279,구미,2022-08-08,28.3,24.7,32.3,,.6,75.4,1.1,
279,구미,2022-08-09,28.8,24.7,32.6,.1,.9,71.1,1.8,
279,구미,2022-08-10,26.3,24.4,29,8.9,.6,86.3,0,
279,구미,2022-08-11,24.7,24,25.6,23.4,.4,93.9,0,
279,구미,2022-08-12,27.8,24.1,33.4,2.1,.7,77.1,10.3,
279,구미,2022-08-13,25.4,23.1,31.1,34.1,.5,89.3,2,
279,구미,2022-08-14,27.7,24.6,32.4,.9,.4,83,2.7,
279,구미,2022-08-15,29.3,24.5,34.1,0,.8,69.1,5.5,
279,구미,2022-08-16,24.5,22.9,29.8,59.4,.4,89.9,.8,
279,구미,2022-08-17,25.2,21.9,30.4,26,.6,81.4,4.8,
279,구미,2022-08-18,25.4,21.4,30.8,,.6,75.4,9.7,
279,구미,2022-08-19,25.9,21,30.5,0,.5,79.8,3.9,
279,구미,2022-08-20,26.4,24.8,30,12.7,.4,84.5,2.6,
279,구미,2022-08-21,26.1,21.6,32,0,.6,70.1,10.8,
279,구미,2022-08-22,25.8,18.8,32.7,,.5,73.6,9.7,
279,구미,2022-08-23,24.2,23,27,14.7,.3,89.1,0,
279,구미,2022-08-24,21.8,19.9,24.2,9.7,.6,83.5,.3,
279,구미,2022-08-25,23,18.4,28.6,.4,.7,79.1,4,
279,구미,2022-08-26,23.9,19.1,29.3,,1,64.3,10.5,
279,구미,2022-08-27,22.3,17.5,27.6,,.9,62.5,6.4,
279,구미,2022-08-28,21.4,14.6,28.3,,.7,61.1,11.1,
279,구미,2022-08-29,19.5,17.6,22.8,1.5,.5,79.9,0,
279,구미,2022-08-30,19.4,18.3,20.4,9.7,.3,90.1,0,
279,구미,2022-08-31,21.4,19.9,24.4,14.7,.4,88.4,.4,
279,구미,2022-09-01,21.8,19.1,25.2,,.4,83.6,1.1,
279,구미,2022-09-02,21.5,18,25.1,0,.5,78.9,.7,
279,구미,2022-09-03,21.8,20.3,23.6,1.2,.4,80.6,0,
279,구미,2022-09-04,23.4,20,28,0,.4,85.1,1.4,
279,구미,2022-09-05,23.9,22.2,25.7,46,.4,91.4,0,
279,구미,2022-09-06,21.3,18.5,25.4,91.6,1.8,76,6.7,
279,구미,2022-09-07,21.1,14.5,28.6,,.8,66.3,10,
279,구미,2022-09-08,20.8,14.3,28.6,,.5,70.3,10.7,
279,구미,2022-09-09,21.3,15.6,28.6,,.7,68.8,10.1,
279,구미,2022-09-10,20,17.1,24.8,.1,.4,75,2.4,
279,구미,2022-09-11,22.3,18.1,28,,.4,74.3,4.8,
279,구미,2022-09-12,21.5,18.5,24.6,.2,.4,83,.3,
279,구미,2022-09-13,23.9,19.8,28.9,,.6,66.8,4.6,
279,구미,2022-09-14,22.8,18.2,28.3,,.9,60.4,7.9,
279,구미,2022-09-15,23.1,17.4,29.9,,.7,68.9,10.8,
279,구미,2022-09-16,22.6,20.6,25.8,,.3,78.9,.5,
279,구미,2022-09-17,25.4,21.3,32.6,2.3,.4,79.8,6.4,
279,구미,2022-09-18,26.2,22.6,29.9,,.8,75.3,.7,
279,구미,2022-09-19,25.1,17.4,31.2,0,1.3,60.4,4.9,
279,구미,2022-09-20,18.6,14.4,24.8,,.9,62,6.4,
279,구미,2022-09-21,17.1,11.6,24.2,,.6,65.6,9,
279,구미,2022-09-22,17.6,10.4,24.8,,.4,69.8,8.3,
279,구미,2022-09-23,18.8,14.4,27.6,,.7,65,8.4,
279,구미,2022-09-24,18.4,12.6,24.8,,.8,54,8.9,
279,구미,2022-09-25,18,14.3,23.1,,.3,70.1,2.4,
279,구미,2022-09-26,17.4,14.9,21.5,,.2,78.5,0,
279,구미,2022-09-27,18.8,13.8,26.6,,.4,76.1,8.4,
279,구미,2022-09-28,18,13.6,24.4,,.2,79.4,3.9,
279,구미,2022-09-29,18.7,13,27.8,,.4,74.9,9,
279,구미,2022-09-30,19,13.1,28.8,,.4,70.5,9.5,
281,영천,2022-05-20,21.4,14.3,28,,1.3,41.3,8.6,
281,영천,2022-05-21,22.2,12.8,29.3,,2.3,52.5,12,
281,영천,2022-05-22,23.3,17.3,31.8,,3.2,45.4,12.4,
281,영천,2022-05-23,21.6,11.8,31.6,,1.2,58.6,10.6,
281,영천,2022-05-24,23.9,14.7,32.3,,1.3,54.1,11.1,
281,영천,2022-05-25,23.9,15,32.2,,1.4,53.6,10.8,
281,영천,2022-05-26,21.6,16.6,27.3,,2.6,41.5,11.6,
281,영천,2022-05-27,21.4,11.2,28.8,,2.8,42.1,12.5,
281,영천,2022-05-28,22.8,11.8,31.6,,1.6,42.6,12.8,
281,영천,2022-05-29,23.3,12.7,31.8,,1.4,42.1,12.4,
281,영천,2022-05-30,22.5,18.9,27.8,0,1.5,53,2.5,
281,영천,2022-05-31,23,16.9,30.4,,2.2,41.1,13.1,
281,영천,2022-06-01,23,14.7,31.4,,1.3,41.5,10.4,
281,영천,2022-06-02,23.7,13.1,32.9,,1.5,44.3,13,
281,영천,2022-06-03,21.9,17.7,27.5,,2.8,62,12.7,
281,영천,2022-06-04,20,14.3,25.6,,2.5,71,7.5,
281,영천,2022-06-05,17.4,16.4,19.6,21.9,1.6,89.9,0,
281,영천,2022-06-06,17.3,13.4,21.7,11.3,1.1,86.8,.8,
281,영천,2022-06-07,15.3,11.3,19.9,.6,1.4,80.1,2.5,
281,영천,2022-06-08,16.3,12.8,21.3,0,1.4,78,1.5,
281,영천,2022-06-09,18.5,11.3,26.6,,1.4,73,8.6,
281,영천,2022-06-10,21.1,13.1,28.7,,.9,68.3,8.5,
281,영천,2022-06-11,20,16.3,24.3,0,2.1,74.8,6.1,
281,영천,2022-06-12,19.2,13.9,24.3,,1.9,74.3,4.3,
281,영천,2022-06-13,18.9,15.2,22.9,,2.4,72.9,1.7,
281,영천,2022-06-14,16.6,15.7,18.4,4,2,85.4,0,
281,영천,2022-06-15,19,14.8,24.6,23.5,.9,85.5,.9,
281,영천,2022-06-16,21.4,16,28,,1.4,71.9,0,
281,영천,2022-06-17,24.3,14.8,32,,1.2,63.1,0,
281,영천,2022-06-18,27,21.8,33.7,,1.8,61.5,0,
281,영천,2022-06-19,27.6,21.7,33.2,,1.7,60.9,0,
281,영천,2022-06-20,27.3,22.4,32.8,,1.7,64.1,5.5,
281,영천,2022-06-21,25.8,20.5,31.9,,1.8,73.6,10.9,
281,영천,2022-06-22,28.2,20.6,35.2,0,1.5,66.5,9.4,
281,영천,2022-06-23,26.7,22.3,29.9,.2,2.3,71.1,1.4,
281,영천,2022-06-24,26.5,22.5,30.8,41.8,2.6,73.9,4.8,
281,영천,2022-06-25,26.4,20.2,31.7,0,1.9,70,10.5,
281,영천,2022-06-26,27,23.7,30.5,,2.1,71.6,2.4,
281,영천,2022-06-27,25.1,23.7,28.3,26.3,.8,91.4,.1,
281,영천,2022-06-28,26.9,23.3,30.1,0,1.9,75.4,1.1,
281,영천,2022-06-29,27.7,24.9,31.5,0,2,72.4,1.7,
281,영천,2022-06-30,28,25.3,32.2,0,2.1,69.9,4,
281,영천,2022-07-01,28,21.3,34.5,,1.3,69.3,12.7,
281,영천,2022-07-02,27.8,20.2,34.7,,1.2,67.9,11.8,
281,영천,2022-07-03,27.5,22.8,34.6,0,1.1,72.5,6.9,
281,영천,2022-07-04,27.5,22.8,31,0,1,72.8,6.3,
281,영천,2022-07-05,26.7,22.7,32.7,1.9,1.5,78,5.5,
281,영천,2022-07-06,26.4,23.7,31.2,24.3,1.9,85.6,3.1,
281,영천,2022-07-07,28.3,23.8,33.1,,1.3,75,5.4,
281,영천,2022-07-08,27.4,24.1,32.7,20.1,1.3,82.5,2.3,
281,영천,2022-07-09,26.7,22.3,32.3,,1.4,74.8,5.7,
281,영천,2022-07-10,25.8,22.3,30.1,,2.1,80.5,7.5,
281,영천,2022-07-11,25,22.9,29.1,6,.9,87.4,2.1,
281,영천,2022-07-12,23.8,21.9,27.4,0,2.3,77.4,2.4,
281,영천,2022-07-13,23.2,21.1,26.7,15.5,1.1,85.9,.2,
281,영천,2022-07-14,26.2,22.1,31.9,,1.2,81.5,5.3,
281,영천,2022-07-15,26.5,20.9,32.2,,1.5,70.1,12.1,
281,영천,2022-07-16,24.4,19.5,30.9,.7,.9,78.4,7,
281,영천,2022-07-17,25.4,19.2,31.6,,1.3,73.8,7.3,
281,영천,2022-07-18,21.9,21,23.5,25.4,.6,95.8,0,
281,영천,2022-07-19,26,21.6,31.5,,.9,77.9,5.1,
281,영천,2022-07-20,27.5,23.3,33.2,,1.5,68.1,11,
281,영천,2022-07-21,24.4,20.8,30.3,6.9,1.7,83.5,2.8,
281,영천,2022-07-22,23.4,20,27.6,0,2,80.1,1.1,
281,영천,2022-07-23,23.2,19.8,27.4,.1,.8,87.1,0,
281,영천,2022-07-24,25.6,21.6,31,2.1,1,84.3,1.9,
281,영천,2022-07-25,26,22.8,31.3,,1.8,82.3,9.1,
281,영천,2022-07-26,24.8,21,30.1,,1.6,83.4,8.9,
281,영천,2022-07-27,23.9,20.2,26.5,,1.4,82.6,1.6,
281,영천,2022-07-28,24.8,22.4,28.1,,1.2,87.6,.1,
281,영천,2022-07-29,26.9,22.4,31.8,,1.9,80.6,11.5,
281,영천,2022-07-30,26.1,22.6,28.8,.1,1.8,84.4,.8,
281,영천,2022-07-31,26.5,24.7,28.4,3,2,86.6,0,
281,영천,2022-08-01,28.1,25.8,31.1,0,1.1,75.9,.4,
281,영천,2022-08-02,27.1,24.8,30,1.6,1.1,85.4,.8,
281,영천,2022-08-03,29.2,24.6,35.4,21.3,1.8,76.3,9.4,
281,영천,2022-08-04,29.2,25.4,34,,1.9,72.8,8.7,
281,영천,2022-08-05,29.2,24.1,33.3,,1.4,73.1,6.9,
281,영천,2022-08-06,30,25.4,35.1,,1.7,70.6,11.2,
281,영천,2022-08-07,30.1,24.2,35.6,0,1.4,72.3,8.9,
281,영천,2022-08-08,29.4,26.9,32.5,,2,67.8,.5,
281,영천,2022-08-09,28.4,25.3,30.6,0,1.9,70.3,.2,
281,영천,2022-08-10,27.3,25.7,29.2,.3,1.6,77,0,
281,영천,2022-08-11,25.4,23.7,28.2,4.4,.9,92.5,0,
281,영천,2022-08-12,28,24,34,19.3,1.3,77.8,10.1,
281,영천,2022-08-13,25.9,22.5,32.8,7.9,.8,88.8,3.3,
281,영천,2022-08-14,28.5,23.9,32.6,0,1.1,80,3.4,
281,영천,2022-08-15,29.3,25.3,33.1,0,2.5,67.5,3.8,
281,영천,2022-08-16,24.7,21.7,28.5,46.2,1.2,93.4,0,
281,영천,2022-08-17,24.5,21.7,28.1,4.5,1.6,86.3,4.9,
281,영천,2022-08-18,24.7,20.3,30.5,,.8,80,7.1,
281,영천,2022-08-19,26.5,20,31.5,,1.3,77.4,6,
281,영천,2022-08-20,25.2,22.1,27.9,9.7,1.4,90.8,0,
281,영천,2022-08-21,23.8,18.7,29.3,,1.4,75.4,12,
281,영천,2022-08-22,24.5,16,31.6,,.8,77.5,10.8,
281,영천,2022-08-23,24.2,20.7,26.9,5.5,.9,87.8,.3,
281,영천,2022-08-24,20.8,19.1,21.8,10.7,1,89.4,0,
281,영천,2022-08-25,23.1,18.1,29,.4,.9,81.6,4.9,
281,영천,2022-08-26,23.2,18.5,28.7,,1.4,68.1,9.7,
281,영천,2022-08-27,21.4,15.6,27.6,,1.2,73,6.3,
281,영천,2022-08-28,19.5,13.6,26.2,,1.4,71.3,11.1,
281,영천,2022-08-29,20,15.4,24.7,0,.6,84.4,.4,
281,영천,2022-08-30,20.2,18.1,23,29.9,.8,93.3,0,
281,영천,2022-08-31,20.4,19.4,22.2,19.3,.7,96.6,0,
281,영천,2022-09-01,20.5,17.7,24.6,,.7,89.5,1.3,
281,영천,2022-09-02,20.1,17.3,22.4,5,1.1,94.4,0,
281,영천,2022-09-03,21.6,20,23.5,.7,1.8,87.4,0,
281,영천,2022-09-04,23.8,20.6,28.4,2.1,1.2,92.4,1.9,
281,영천,2022-09-05,24.2,21.9,27.8,18.1,1.7,92.3,0,
281,영천,2022-09-06,21.4,17.4,25,71,3.4,79.4,4.2,
281,영천,2022-09-07,20.4,13.7,28.5,,1.3,71.5,10.5,
281,영천,2022-09-08,19.4,12.6,27.1,,1.1,74.9,9.7,
281,영천,2022-09-09,19.8,14.5,26.5,,1.5,76.6,8.8,
281,영천,2022-09-10,19.5,15.9,24.4,,1.5,80.5,.5,
281,영천,2022-09-11,21.1,16.4,26.5,,1.3,80.3,4.9,
281,영천,2022-09-12,20.6,16.9,23.7,.2,.6,89.6,.1,
281,영천,2022-09-13,23.1,19.5,27.7,,1.8,68.3,5.6,
281,영천,2022-09-14,23,18.6,27,,2.8,66.4,8,
281,영천,2022-09-15,22.3,20.2,25.8,,2.4,73,8.2,
281,영천,2022-09-16,23.1,20.5,27.4,,1.7,85.1,1.3,
281,영천,2022-09-17,24.1,19.3,31.7,.2,.8,86.6,4.3,
281,영천,2022-09-18,25.2,21.3,29.4,0,2.1,81.4,.6,
281,영천,2022-09-19,23.1,15.5,26.8,5,2.6,70.6,2.4,
281,영천,2022-09-20,17.1,12.9,21.8,,1.7,72,5.8,
281,영천,2022-09-21,15.2,10.2,21.8,,1.4,75.3,9.9,
281,영천,2022-09-22,16.9,9.5,24.1,,.9,78.8,7.2,
281,영천,2022-09-23,19.4,13.6,27.6,,1.8,67.6,8.8,
281,영천,2022-09-24,17.5,11.4,24.3,,1.6,61.1,8.2,
281,영천,2022-09-25,17.1,12.3,21.9,,.7,78.4,1.8,
281,영천,2022-09-26,17.1,13.7,21.1,0,.4,85.9,0,
281,영천,2022-09-27,18.4,13.8,25.4,,1,81.6,6.6,
281,영천,2022-09-28,17.3,11.9,24.2,,.6,81,3.4,
281,영천,2022-09-29,18,10.7,27.6,,.6,78.6,9.3,
281,영천,2022-09-30,18.6,11.3,28.9,,.5,75.4,9.2,
283,경주시,2022-05-20,21.2,15.1,29.8,,2.3,49,8.5,24.31
283,경주시,2022-05-21,23.3,13.9,30.8,,2.8,49.8,12.5,28.22
283,경주시,2022-05-22,22.8,15.7,33.2,,3.3,51.6,12.5,27.93
283,경주시,2022-05-23,21.3,12.3,30.5,,2.1,61.3,10.1,24.77
283,경주시,2022-05-24,23.8,15.1,33.3,,1.9,56.8,12.1,26.92
283,경주시,2022-05-25,24.6,15.4,33.5,,2.6,53.3,10.2,25.65
283,경주시,2022-05-26,22.6,15.1,28.4,,3.2,43.1,11.6,29.47
283,경주시,2022-05-27,22.6,11.9,30,,3.3,38.8,12.1,27.46
283,경주시,2022-05-28,24.1,12.7,33.5,,2.9,39.9,13.2,27.67
283,경주시,2022-05-29,24,13.3,33.6,,2.9,40.9,13.3,30.54
283,경주시,2022-05-30,22.2,18.8,28,0,2.2,55.6,4.2,20.45
283,경주시,2022-05-31,23.6,17.7,31.6,,3.5,38.5,13.4,30.56
283,경주시,2022-06-01,23.3,15.6,32.6,,2.9,44.4,9.8,25.34
283,경주시,2022-06-02,24.4,14.1,34.3,,2,49.5,13.1,29.27
283,경주시,2022-06-03,21,17.8,26.2,,3.3,68.9,12.7,28.58
283,경주시,2022-06-04,20.4,14.4,27.1,,2.1,69,7.9,22.83
283,경주시,2022-06-05,17.6,16.2,20.1,28.5,1.5,89.5,0,4.69
283,경주시,2022-06-06,17.5,14,22.3,6.6,3.2,86.3,.4,10.49
283,경주시,2022-06-07,15.3,11.7,18.9,1.4,2.3,83.1,.4,8.58
283,경주시,2022-06-08,16.8,14.1,21.4,,1.5,76.9,2.6,13.84
283,경주시,2022-06-09,19.4,12.4,27.3,,1.6,72.4,8.9,26.28
283,경주시,2022-06-10,21.1,13.5,29,,1.6,71.5,8.3,23.63
283,경주시,2022-06-11,20,16.6,23.4,,2.8,78.1,3.5,15.08
283,경주시,2022-06-12,19.9,16.9,24.6,,2.7,73.1,4.5,19.94
283,경주시,2022-06-13,18.9,15,22.6,0,2.7,77,1.5,13.38
283,경주시,2022-06-14,16.3,14.8,18.5,20.6,3.7,90.6,0,3.68
283,경주시,2022-06-15,19.7,14.6,26.9,3.4,2,81.6,4,19.29
283,경주시,2022-06-16,23,17,30,,2.3,67.5,12.3,29.27
283,경주시,2022-06-17,25,16.1,33.3,,2.3,64.5,12.8,28.74
283,경주시,2022-06-18,27.5,21.7,34.6,,1.7,63.6,7.5,24.68
283,경주시,2022-06-19,27.5,21.8,34,,2.2,69.5,11.4,25.61
283,경주시,2022-06-20,26.9,21,33.8,,1.9,72.3,12.6,28.28
283,경주시,2022-06-21,25.6,20.4,31.3,,1.6,76.4,7.5,19.92
283,경주시,2022-06-22,28.2,20.6,36.2,,2.7,69.6,11.2,25.65
283,경주시,2022-06-23,27.6,21.8,32.2,,4.5,71.9,6.4,19.7
283,경주시,2022-06-24,26.8,23.5,31.2,24.6,3.9,73.6,4.6,17.24
283,경주시,2022-06-25,26.6,20.7,32.9,,3.7,72.1,12.1,24.15
283,경주시,2022-06-26,27.4,21.9,31.6,,2.8,73.4,3.2,13.6
283,경주시,2022-06-27,25.5,24.7,29.4,51.3,2.8,90,.6,7.05
283,경주시,2022-06-28,27.6,25.2,30.9,0,4.4,76.1,3.3,17.79
283,경주시,2022-06-29,27,24.6,31.9,.1,4,83.1,4.1,19.79
283,경주시,2022-06-30,28.6,24.4,33.8,0,3.2,72.8,10.6,27.54
283,경주시,2022-07-01,28.4,21.5,35.6,,1.9,72,12.9,29.88
283,경주시,2022-07-02,27.7,19.9,35.9,,1.7,69.8,12.6,29.88
283,경주시,2022-07-03,28.3,22.6,35.2,0,1.6,73.4,7.2,22.98
283,경주시,2022-07-04,27.7,23.8,33.7,0,1.5,74.8,7.7,18.35
283,경주시,2022-07-05,27.6,23.2,32.4,0,1.1,77.8,6.5,19.26
283,경주시,2022-07-06,27.6,24.5,32.3,.1,1.5,80.6,1.6,15.78
283,경주시,2022-07-07,29.3,24.3,34.4,,2.5,74.5,6,20.28
283,경주시,2022-07-08,27.9,24.6,34.4,17.2,2.2,83.3,3.5,16.48
283,경주시,2022-07-09,27.2,23.1,33.3,,1.9,79.9,6.6,19.57
283,경주시,2022-07-10,26.3,23.2,30.2,,1.8,81.1,3.9,17.2
283,경주시,2022-07-11,25.4,23,29.3,4.9,1.5,88,.7,9.93
283,경주시,2022-07-12,24.1,22.5,26.6,,2.6,77.5,.7,14.35
283,경주시,2022-07-13,23.7,21,27.4,19,1.5,86.3,0,8.35
283,경주시,2022-07-14,26.3,22.4,32.7,,1.6,83,4.1,17.46
283,경주시,2022-07-15,26.9,20.8,33.3,,1.8,71.9,12.6,27.58
283,경주시,2022-07-16,26.3,21.4,33.9,7.1,1.5,76.1,8.3,23.52
283,경주시,2022-07-17,26.4,21.3,32,,1.6,76.1,5.4,20.25
283,경주시,2022-07-18,22.4,21.2,24.1,46.7,1.4,94,0,3.1
283,경주시,2022-07-19,26.5,22.4,32.7,2.7,1.4,81.9,5.9,21.21
283,경주시,2022-07-20,28.1,23.1,34,,1.6,72.1,9.7,24.04
283,경주시,2022-07-21,25.3,21.6,28.6,3.3,2,81,.9,11.24
283,경주시,2022-07-22,24,20.8,27.7,0,2.7,81,.7,11.23
283,경주시,2022-07-23,24.1,20.3,27.8,0,1.2,83.5,.1,10.94
283,경주시,2022-07-24,26.8,22.9,33.1,1.7,1.2,84,3.3,16.28
283,경주시,2022-07-25,26.4,22.6,31.9,,1.8,82.5,6.5,23.47
283,경주시,2022-07-26,25.8,23.1,31.6,,1.8,81.3,5.2,20.86
283,경주시,2022-07-27,24.8,21.9,27.4,,1.5,83.6,.4,7.29
283,경주시,2022-07-28,24.9,22.9,27.2,.2,1.7,90.6,0,5.26
283,경주시,2022-07-29,27.3,24.2,31.9,,2,83,4.6,18.34
283,경주시,2022-07-30,26.7,24.8,29.8,0,2.9,86.5,.1,8.39
283,경주시,2022-07-31,27,25.1,29.8,4.9,1.4,88.1,0,8.34
283,경주시,2022-08-01,28.6,25.8,32.8,0,3.1,78.9,2.4,14.54
283,경주시,2022-08-02,28.2,25.8,31,.2,3.5,84.3,1.5,11.92
283,경주시,2022-08-03,29.8,25.8,36.2,,2.7,76.6,8.8,22.78
283,경주시,2022-08-04,30,25.9,35.2,,2.3,73.3,9.7,24.14
283,경주시,2022-08-05,30.2,24.6,35.1,0,2.2,73.4,8.9,21.57
283,경주시,2022-08-06,30.9,25.4,36.7,0,2.1,72.9,10.1,23.13
283,경주시,2022-08-07,31,25.9,37.2,,2.3,74.6,9.1,23.44
283,경주시,2022-08-08,29.8,26.2,33.8,,3.6,69.5,1.8,15.28
283,경주시,2022-08-09,28.9,26.1,31.1,,3.4,70.3,0,8.52
283,경주시,2022-08-10,28.3,26.3,30.8,0,2.5,73.9,0,6.54
283,경주시,2022-08-11,26.9,25.4,29.4,0,2.3,82.8,0,4.79
283,경주시,2022-08-12,29,24.7,36.6,.4,1.8,77.1,8.9,23.85
283,경주시,2022-08-13,27.1,23.4,35.3,1.2,1.4,84.8,2.1,12.8
283,경주시,2022-08-14,29.8,24.4,36.1,0,1.9,76.3,6.2,20.9
283,경주시,2022-08-15,30.9,26.2,35.4,0,4.4,61,4.9,19.49
283,경주시,2022-08-16,25.9,23.4,30.2,24.5,1.8,89.4,0,4.02
283,경주시,2022-08-17,24.9,22.6,27.6,2.9,1.5,87.1,.8,8
283,경주시,2022-08-18,25.4,21.7,32,,1.2,79.4,7.1,22.55
283,경주시,2022-08-19,27.4,20.3,33.6,,2,76.6,6.5,20.82
283,경주시,2022-08-20,25.7,23,29.1,10.3,1.9,89.9,.3,4.8
283,경주시,2022-08-21,24.6,19.5,29.6,,1.9,78.9,9.8,24.91
283,경주시,2022-08-22,25.1,17.5,33.1,,1.4,74.1,9.4,23.38
283,경주시,2022-08-23,24.6,21.2,28.9,6.4,1.5,86.3,0,5.38
283,경주시,2022-08-24,21.5,20.1,23.3,10.3,1.7,90.6,0,5.4
283,경주시,2022-08-25,24.6,18.4,30.9,0,1.5,76.9,5.9,20.08
283,경주시,2022-08-26,23.9,19,31,0,2.1,65.4,8.7,23.62
283,경주시,2022-08-27,21.8,16.1,28.9,,2,73.5,5.4,14.74
283,경주시,2022-08-28,20.1,14.5,27,,2.1,72.3,10.7,24.95
283,경주시,2022-08-29,21.1,16.2,27.1,.1,1.6,82.5,1.2,10.52
283,경주시,2022-08-30,20.7,19.2,23.9,35,1,91.5,0,3.37
283,경주시,2022-08-31,20.7,19.8,21.6,23.4,1.7,93.8,0,2.38
283,경주시,2022-09-01,21.6,18.9,24.7,.7,1.4,86.6,1.3,8.5
283,경주시,2022-09-02,21,19.3,23.3,8,1.5,93.8,0,3.49
283,경주시,2022-09-03,20.9,19.8,23,11.9,2.5,96.3,0,3.9
283,경주시,2022-09-04,24.1,20.2,30.2,6.1,1.5,90.8,2.3,10.62
283,경주시,2022-09-05,24.3,21.3,28.3,32.4,1.8,92,0,4.76
283,경주시,2022-09-06,21.5,16.3,26.1,212.3,4.9,78.8,4.5,13.61
283,경주시,2022-09-07,20.4,13.5,29.8,,2,72.1,10.9,24.21
283,경주시,2022-09-08,19.7,13.2,27.1,,2,77,10.3,21.72
283,경주시,2022-09-09,20.1,15.7,25.8,,2.2,82,4.8,16.84
283,경주시,2022-09-10,20.6,16,23.5,,2.5,85.3,.1,8.39
283,경주시,2022-09-11,22.2,18.7,26,,2.3,83.4,1,11.68
283,경주시,2022-09-12,21.5,17.9,25.4,.5,1.1,88.5,.1,8.14
283,경주시,2022-09-13,23,20.1,26.3,,3.3,77,3.2,14.8
283,경주시,2022-09-14,23,21.4,25.9,,4.7,76.5,2.5,12.51
283,경주시,2022-09-15,22.8,20.5,25.4,,3.1,77.6,.8,10.73
283,경주시,2022-09-16,22.9,20.6,28.3,,1.3,88,1.8,7.62
283,경주시,2022-09-17,25,21.2,32.5,0,.9,85.1,2.6,12.42
283,경주시,2022-09-18,24.4,21.8,29,15.7,4,85.3,1.5,11.53
283,경주시,2022-09-19,21.4,15.8,24.6,33.2,5.7,83.4,1.2,6.5
283,경주시,2022-09-20,17.9,13.7,21.7,,2.8,68,5.2,14.92
283,경주시,2022-09-21,15.9,10.7,22.3,,2,75.9,9.9,21.13
283,경주시,2022-09-22,17.7,10.8,24,,1.5,79.9,5.2,15.75
283,경주시,2022-09-23,20.7,14.3,28.3,,2.5,67,9.2,20.82
283,경주시,2022-09-24,17.4,10.8,24.6,,2.7,64,8,20.37
283,경주시,2022-09-25,17.2,12.4,22.2,,1,81.1,.5,8.01
283,경주시,2022-09-26,17.7,14.3,21.7,0,1.1,85.3,0,6.55
283,경주시,2022-09-27,18.6,15.7,24.9,.2,1.6,86.4,4.5,11.33
283,경주시,2022-09-28,19,14.1,25.5,,1,83,3,12.77
283,경주시,2022-09-29,19.8,12.5,29.9,,1.6,75.6,10.8,20.59
283,경주시,2022-09-30,20,13.3,30.6,,1.4,75.8,9.7,19.85
284,거창,2022-05-20,18.2,11.4,27.2,,1,60.6,5.9,
284,거창,2022-05-21,19.9,9.8,29,,1.6,61.6,10,
284,거창,2022-05-22,21.1,11.2,29.8,,1.9,57,10.4,
284,거창,2022-05-23,21.8,12.1,31.1,,1.1,58.1,7.7,
284,거창,2022-05-24,22.4,11.4,32.2,,1.2,52.9,8.7,
284,거창,2022-05-25,22.5,13.4,30.9,,1.4,56.5,8.6,
284,거창,2022-05-26,20.8,15.3,26.7,0,2.2,39.8,11,
284,거창,2022-05-27,20.4,10.6,27.7,,2.8,42.6,11.6,
284,거창,2022-05-28,20.2,9.4,30.6,,1.7,48.9,9.5,
284,거창,2022-05-29,20.9,9,30.3,0,1.8,47.3,11.3,
284,거창,2022-05-30,20.7,17.7,25.5,0,1.9,70.4,.7,
284,거창,2022-05-31,21.5,11.7,29.7,,2.1,41.6,10.6,
284,거창,2022-06-01,21.5,13.2,31.2,,1.4,48.4,9.8,
284,거창,2022-06-02,21.7,10.8,32.3,,1.3,54,10.6,
284,거창,2022-06-03,22.7,12.6,33,,1.6,59.6,9.9,
284,거창,2022-06-04,21.7,14.7,28,,1.9,58.8,7.5,
284,거창,2022-06-05,17.1,15.9,19.6,0,.9,83.5,0,
284,거창,2022-06-06,19.5,15.6,25.5,,1.3,77.1,5.2,
284,거창,2022-06-07,16.5,14.4,19.5,10.6,1.2,82.9,.1,
284,거창,2022-06-08,16.7,13.5,21.8,.3,1.2,82.9,3.4,
284,거창,2022-06-09,18.7,12.9,25.6,.2,1.1,78.9,5.1,
284,거창,2022-06-10,20.2,13.8,27.2,,1,76.1,4.9,
284,거창,2022-06-11,20.9,15.4,27.9,,1.3,74,8.1,
284,거창,2022-06-12,20.7,12.8,26.7,,1.4,68.5,10.1,
284,거창,2022-06-13,19.9,16.4,24.5,0,1.7,70.4,3.5,
284,거창,2022-06-14,16.1,14.8,18.3,,.9,88.3,0,
284,거창,2022-06-15,19.7,14.7,25.4,,1.4,79.9,6.3,
284,거창,2022-06-16,21.8,16.6,27.9,,1.8,62.6,12.2,
284,거창,2022-06-17,23,13.8,31.2,.1,1.2,71.3,10.1,
284,거창,2022-06-18,25.2,18.7,32.3,0,1.3,72.5,9.6,
284,거창,2022-06-19,25.7,20.1,33.2,0,1.2,70,9.7,
284,거창,2022-06-20,26,19.5,32.9,,1.3,71.5,10.4,
284,거창,2022-06-21,26.3,19.8,33.5,,1.2,73.6,10,
284,거창,2022-06-22,27.4,21.2,34.6,,1.5,70.9,12.1,
284,거창,2022-06-23,24.3,20.8,27.8,10.8,1.5,84.8,1.1,
284,거창,2022-06-24,25.4,22,29.7,35.4,3,75.5,6.3,
284,거창,2022-06-25,25.4,19.4,32.3,,1.9,75.8,11.2,
284,거창,2022-06-26,25.8,20.9,31.3,,1.6,79.8,6.7,
284,거창,2022-06-27,25.6,22.5,28.6,5.3,1.6,83.1,.4,
284,거창,2022-06-28,27.2,23.8,30.5,0,2.8,73.5,5.4,
284,거창,2022-06-29,27,24.2,32.5,.3,2.3,76.9,6.1,
284,거창,2022-06-30,26.1,22.5,31.2,.2,1.5,81.8,4.5,
284,거창,2022-07-01,26.6,21.5,32.8,,1,78.1,9,
284,거창,2022-07-02,27,20.8,33.6,,1.1,74.1,10,
284,거창,2022-07-03,27.5,21.2,34.1,,1.1,68.6,9.7,
284,거창,2022-07-04,26.5,23.8,30.9,0,1.1,78.4,3.8,
284,거창,2022-07-05,27.1,22.6,31.6,0,.9,78.9,2.1,
284,거창,2022-07-06,26.9,24.2,32.1,.2,1.3,82.1,3.7,
284,거창,2022-07-07,28,23.3,33.5,,2.1,76.9,7.1,
284,거창,2022-07-08,26.3,21.3,31.8,7.2,1.4,84.1,4.7,
284,거창,2022-07-09,26.4,19.1,33.3,,1.3,76.3,12,
284,거창,2022-07-10,27.3,21.4,33.8,,1.3,75.4,7.7,
284,거창,2022-07-11,25.3,23,29.7,15,.8,87.9,2.5,
284,거창,2022-07-12,25.9,23.4,29.9,.2,1.6,84.6,2.6,
284,거창,2022-07-13,23.2,21.7,25.1,1.3,1,88.9,0,
284,거창,2022-07-14,26.2,21.7,32.3,.6,1.4,79,5.8,
284,거창,2022-07-15,25.2,19.1,32.2,,1,70.4,12.7,
284,거창,2022-07-16,24.4,17.1,31.6,,1.3,71.5,11.1,
284,거창,2022-07-17,24.8,18.5,30.8,,1.3,74,5.3,
284,거창,2022-07-18,21.2,19.9,23.2,55.1,.5,98.1,0,
284,거창,2022-07-19,25.8,21.3,32.2,1.4,1.2,77.1,10.2,
284,거창,2022-07-20,26.1,19.8,33.3,0,.8,74.6,10.8,
284,거창,2022-07-21,24.1,20.6,28,6.9,1.9,82.6,2.5,
284,거창,2022-07-22,25.2,20.2,30.7,0,1.7,70.9,11.1,
284,거창,2022-07-23,23.4,20.4,27.2,.9,1.3,85.8,.7,
284,거창,2022-07-24,24.3,21.3,28.5,5.1,1.3,88.4,.7,
284,거창,2022-07-25,26.6,21.5,33.7,,.7,77.5,8.9,
284,거창,2022-07-26,26.3,22.5,31.6,,1.3,78.6,9.6,
284,거창,2022-07-27,25.6,21.5,30.9,,1.4,74.5,12.1,
284,거창,2022-07-28,25.5,20.6,29.9,0,1.2,84.6,5.4,
284,거창,2022-07-29,27.6,23,33.2,.2,1.3,78.4,10.4,
284,거창,2022-07-30,26.4,22.2,29.7,0,1.1,82.3,1.5,
284,거창,2022-07-31,25.1,23.9,26.7,34.6,2,93.1,0,
284,거창,2022-08-01,25.4,24.6,27.1,12,2.6,92.6,0,
284,거창,2022-08-02,26.5,24.2,31.3,5.1,1,90.3,2.1,
284,거창,2022-08-03,27.5,24.4,33.2,.1,1.1,84.3,5.2,
284,거창,2022-08-04,28,24.5,33.3,1,1.1,82.3,9.2,
284,거창,2022-08-05,27.3,22.8,32.2,,1.1,83.4,8.1,
284,거창,2022-08-06,28.3,22.9,35.2,,1,78,12.1,
284,거창,2022-08-07,27.1,23.2,34.4,.1,1.2,81.5,8.3,
284,거창,2022-08-08,27.4,22.1,32.8,,1.8,73.6,3.2,
284,거창,2022-08-09,28.4,25.4,31.5,,1.9,68.3,2,
284,거창,2022-08-10,26.7,24.3,28.2,2.4,1.4,80.5,0,
284,거창,2022-08-11,24,23,26.3,15.4,.9,95.5,0,
284,거창,2022-08-12,27.4,23.4,33.2,0,1.2,83.5,8.1,
284,거창,2022-08-13,26,23,32.4,8.8,.7,88.8,2.9,
284,거창,2022-08-14,27.2,23.5,32.2,0,1.1,83.5,4.7,
284,거창,2022-08-15,28.4,23,32.7,0,2.9,70.4,5.2,
284,거창,2022-08-16,25.2,22.3,28.4,25.4,1.5,90.3,0,
284,거창,2022-08-17,24.8,21.1,29.8,.8,.8,86.5,4.1,
284,거창,2022-08-18,23.7,17.9,31.4,,.9,80.3,9.1,
284,거창,2022-08-19,26.1,18.9,31.4,,1.3,78.6,5.5,
284,거창,2022-08-20,25.5,23,29.7,13.7,.8,90.8,2,
284,거창,2022-08-21,25.3,21.5,30.5,,1.2,80.5,10.7,
284,거창,2022-08-22,25.5,20.2,32.9,,.8,79.1,10.3,
284,거창,2022-08-23,24,22.6,27.2,4.5,.5,90,0,
284,거창,2022-08-24,21.2,19.6,23.5,19.9,.8,91.4,.2,
284,거창,2022-08-25,23.1,18.4,29.5,0,.8,77.6,5.7,
284,거창,2022-08-26,22.4,16.6,28.9,,1.3,73.1,10.4,
284,거창,2022-08-27,19.7,13.5,26.9,,1,76.4,5.7,
284,거창,2022-08-28,18.5,12.1,26.3,,.9,75,9.5,
284,거창,2022-08-29,18.8,14.6,22.1,0,.5,85.4,.1,
284,거창,2022-08-30,20.1,17.9,21.9,3.9,.3,94.4,0,
284,거창,2022-08-31,21.7,19.6,25.9,7.1,.7,91.6,.6,
284,거창,2022-09-01,20.3,17.6,24.3,,.5,90,.9,
284,거창,2022-09-02,20.5,17.2,23,,1.1,85.8,0,
284,거창,2022-09-03,20.7,19.3,23.1,6.6,.9,92.9,0,
284,거창,2022-09-04,23.5,19.4,29.1,2.1,1,88.3,1.7,
284,거창,2022-09-05,23.2,22,25.2,53.7,1,95.6,0,
284,거창,2022-09-06,21,14.2,25.8,61.6,2.9,78.8,5.9,
284,거창,2022-09-07,18.9,11,28,,1.3,73.5,10.8,
284,거창,2022-09-08,19.1,10.9,27.7,,.9,76.6,10.8,
284,거창,2022-09-09,20.1,13.5,27.7,,1,75.3,8.7,
284,거창,2022-09-10,18.9,15.1,23.6,.3,1,84.8,1.2,
284,거창,2022-09-11,21.1,16,26.9,,.9,81.5,6.2,
284,거창,2022-09-12,20.8,17.6,24.1,0,.5,92.8,.1,
284,거창,2022-09-13,22.5,18.9,28.5,0,.9,79.1,2.4,
284,거창,2022-09-14,22.2,17.9,27.1,,1.7,65.8,5.4,
284,거창,2022-09-15,22.4,18.1,27.6,,1.1,78.1,2.6,
284,거창,2022-09-16,23,19.7,26.6,0,.9,87.9,.7,
284,거창,2022-09-17,25,21.1,31.8,1.9,.8,83.1,6.1,
284,거창,2022-09-18,25.5,21.6,30.1,0,2.3,79.8,3.6,
284,거창,2022-09-19,25,18.9,29.4,0,4,66.3,5.3,
284,거창,2022-09-20,17.6,12.5,23.1,,1.4,69.5,8.5,
284,거창,2022-09-21,15.1,9.3,22.7,,1.3,75.1,9.1,
284,거창,2022-09-22,15.7,7.2,24.6,,1,75.1,9,
284,거창,2022-09-23,17.3,10.7,25.7,,1.7,71.6,9.5,
284,거창,2022-09-24,16,7.8,24.6,,1.8,65,10,
284,거창,2022-09-25,16.6,11.7,24,,.8,76.6,3,
284,거창,2022-09-26,16,12.9,20.7,0,.5,85.5,.2,
284,거창,2022-09-27,17.8,11.9,25.9,,1.1,76.1,10,
284,거창,2022-09-28,17.1,11.5,24.4,,.5,85,3,
284,거창,2022-09-29,17,11.2,28.7,,.9,79,7.9,
284,거창,2022-09-30,17.4,10.2,28.9,,.8,77.1,8.3,
285,합천,2022-05-20,19.9,13.9,27.5,,.8,56.3,7.3,
285,합천,2022-05-21,21.1,12.3,29.3,.7,.8,58.5,10.5,
285,합천,2022-05-22,23.3,13.7,32.2,,1.4,48.5,12.9,
285,합천,2022-05-23,22.7,13.7,30.9,,1,57.6,10.2,
285,합천,2022-05-24,23.7,14.1,32.6,,1,51.5,12.7,
285,합천,2022-05-25,23.3,14.8,31.4,,1.4,55.4,9.2,
285,합천,2022-05-26,22.5,16.1,28,,1.5,37.1,12.8,
285,합천,2022-05-27,21.6,12,29.4,,1.7,39.4,13.4,
285,합천,2022-05-28,23,11.5,31.8,,1.4,40.1,12.5,
285,합천,2022-05-29,22.5,12.1,31.1,,1.3,44.3,13.5,
285,합천,2022-05-30,22.6,18.9,27.7,0,1.1,61.4,1.2,
285,합천,2022-05-31,23.3,14.3,31.7,,1.3,37.6,13.2,
285,합천,2022-06-01,23.2,15.4,32,,1.5,42.4,11.2,
285,합천,2022-06-02,23.3,13.2,33.2,,1.1,53,13.4,
285,합천,2022-06-03,23.7,14.8,33.4,,1,55,12.6,
285,합천,2022-06-04,22.2,16.1,28.7,,1,56.5,6.8,
285,합천,2022-06-05,17.6,16.9,19.2,31.7,.6,83.8,0,
285,합천,2022-06-06,19.9,16.7,25.4,2.2,1.2,73.3,4.8,
285,합천,2022-06-07,17.5,14.8,21.6,8.1,1.1,76,.1,
285,합천,2022-06-08,17.7,14.5,22.9,.2,.6,78.1,3.6,
285,합천,2022-06-09,20.5,14.8,27.6,,.8,68.1,7.7,
285,합천,2022-06-10,21,13.9,27.8,,.8,68,7.3,
285,합천,2022-06-11,21.4,16.3,29.2,,.9,72.4,4.1,
285,합천,2022-06-12,21.3,13.9,27.4,,.9,67.3,9,
285,합천,2022-06-13,20.4,16.8,24.9,.2,1.8,67.1,1.4,
285,합천,2022-06-14,16.6,15.5,18.2,4.6,1.3,87.8,0,
285,합천,2022-06-15,20.5,15.4,26.2,.7,1.5,79.4,3.9,
285,합천,2022-06-16,23.1,16.9,30.4,,1.2,60.8,11.7,
285,합천,2022-06-17,23.8,16.3,31.4,,1.4,67.5,10.5,
285,합천,2022-06-18,25.8,19.1,32.6,,1.3,68.5,10.3,
285,합천,2022-06-19,26.5,21.8,32.6,,1.4,68.1,10.3,
285,합천,2022-06-20,26.6,21.3,33.4,,1.1,69.5,9.9,
285,합천,2022-06-21,26.6,20.2,34.5,,1.1,68.5,7.7,
285,합천,2022-06-22,27.6,21.2,34.7,,1.5,67.8,11.5,
285,합천,2022-06-23,25.5,23.3,29,.1,2,78,.1,
285,합천,2022-06-24,26.3,23.1,31.3,34,1.8,75.1,5.6,
285,합천,2022-06-25,26,21.4,31.6,,1.8,75.5,8.4,
285,합천,2022-06-26,27.1,23.3,31.6,,2,74.8,6.2,
285,합천,2022-06-27,26,24.8,27.3,9.1,1.7,85.1,0,
285,합천,2022-06-28,26.4,24.8,29.3,2.1,2.5,80.5,1.7,
285,합천,2022-06-29,26.6,24.7,30.3,.1,2.6,81,3.6,
285,합천,2022-06-30,27.7,25.1,32.3,.1,2,73.9,7.6,
285,합천,2022-07-01,27.7,23.7,33.7,,1.2,71.4,11.3,
285,합천,2022-07-02,27.6,21.2,34.8,,.8,70.3,10.2,
285,합천,2022-07-03,28.6,22.5,34.4,,1,64,7.9,
285,합천,2022-07-04,26.5,23.6,31.6,0,.6,80.4,3.2,
285,합천,2022-07-05,27.7,23.1,32.9,0,.7,75.3,2.5,
285,합천,2022-07-06,28.4,23.9,33.6,,1,72.8,4,
285,합천,2022-07-07,28.7,24.4,33.7,,1.6,72.3,5.2,
285,합천,2022-07-08,28,23.6,32.7,1.8,1.2,79.1,3.3,
285,합천,2022-07-09,28.2,20.5,34.6,,.9,67.1,8.5,
285,합천,2022-07-10,28.3,22.7,35,,1.1,70.8,7.7,
285,합천,2022-07-11,25.6,23.8,28.8,10.4,.5,85.9,1.5,
285,합천,2022-07-12,25.9,23.2,30.9,10.4,.5,85.1,.6,
285,합천,2022-07-13,24.1,22.1,26.3,.4,.6,85.6,0,
285,합천,2022-07-14,27.5,23.1,34.3,0,.8,73.4,4.7,
285,합천,2022-07-15,26.8,20.5,34.2,,.7,65.6,13.1,
285,합천,2022-07-16,26.5,18.7,33.4,,.9,64,,
285,합천,2022-07-17,26.7,20.4,33.1,,1.1,66,,
285,합천,2022-07-18,22.3,20.9,25.8,66,.5,93.6,,
285,합천,2022-07-19,26.6,21.8,33.3,0,.8,73.9,,
285,합천,2022-07-20,26.9,21,33.4,.4,.7,70.3,,
285,합천,2022-07-21,24.8,21.7,31.2,2.2,1.1,80.1,.5,
285,합천,2022-07-22,25.7,21.6,31.5,1.1,1,69.6,7.5,
285,합천,2022-07-23,24.1,22.2,28,1.3,.5,85.1,.1,
285,합천,2022-07-24,26.1,21.8,32.3,2.9,.7,79.9,3.5,
285,합천,2022-07-25,27.8,22.4,34.1,,.8,72.5,8.3,
285,합천,2022-07-26,27,22.9,32.6,,.7,76,5.2,
285,합천,2022-07-27,26.7,22.5,31.3,,.9,70.1,7.7,
285,합천,2022-07-28,26.3,22.4,31.1,,.5,80.1,1.8,
285,합천,2022-07-29,28.2,23.6,34.6,,.8,75,7.7,
285,합천,2022-07-30,27.6,24,30.2,0,1,76.5,1.4,
285,합천,2022-07-31,25.6,24.2,27.7,32.5,.8,91.6,0,
285,합천,2022-08-01,26.5,25,28.8,8.4,.9,86.8,0,
285,합천,2022-08-02,27,25.3,30.2,34.6,1.3,87.1,1.1,
285,합천,2022-08-03,28.6,24.1,34.9,,1.2,79.3,8.9,
285,합천,2022-08-04,28.2,25.5,33,1,1,81.9,9.4,
285,합천,2022-08-05,28.8,24.2,34.2,,1,78.3,6.7,
285,합천,2022-08-06,29.6,24.7,35.4,,.7,75.1,11.7,
285,합천,2022-08-07,26.7,23.4,34.8,26.3,.9,83.9,7.8,
285,합천,2022-08-08,27.3,23.1,32.3,,.9,82.1,1.9,
285,합천,2022-08-09,27.8,24.5,31.5,,1.2,78.1,.6,
285,합천,2022-08-10,27.1,24.7,29.5,.1,.6,81.3,0,
285,합천,2022-08-11,24.9,23.9,26.3,18.8,.2,93.5,0,
285,합천,2022-08-12,28.3,23.8,34.2,,.5,81.5,7.4,
285,합천,2022-08-13,26.3,24.1,32.4,13.5,.7,87.9,2.7,
285,합천,2022-08-14,28.6,24.4,32.9,.2,.9,79.8,5.6,
285,합천,2022-08-15,29.1,24.2,33.5,0,1.9,72.6,5.9,
285,합천,2022-08-16,25.6,24.8,28.1,27.1,.5,91.1,0,
285,합천,2022-08-17,25.3,22.5,29.1,.9,.4,86,1.7,
285,합천,2022-08-18,25.5,21.1,31.1,,.6,77,8.9,
285,합천,2022-08-19,26.8,21.4,31.9,,1.3,79.3,5.5,
285,합천,2022-08-20,26.3,25.3,29.1,20.4,.7,90.4,.8,
285,합천,2022-08-21,26.1,22.5,31.2,,.8,77,9.2,
285,합천,2022-08-22,26.1,20,32.3,,.6,74.4,9.3,
285,합천,2022-08-23,25,22.4,27.9,3.7,.5,85.1,0,
285,합천,2022-08-24,21.4,19.9,23.9,17.9,1.2,89.1,.1,
285,합천,2022-08-25,23.7,18.4,29.6,0,.6,78.9,5.9,
285,합천,2022-08-26,23.6,18.7,29.2,,.7,73,10.1,
285,합천,2022-08-27,20.9,14.7,28.2,,.6,74.6,5.2,
285,합천,2022-08-28,19.8,13.4,27.2,,.5,72.6,8.6,
285,합천,2022-08-29,20.2,15.6,23.9,0,.4,82.3,.2,
285,합천,2022-08-30,20,18.9,21.3,27.5,.3,92.6,0,
285,합천,2022-08-31,21.4,19.5,24.7,.9,.5,90.9,.4,
285,합천,2022-09-01,21.5,18.3,26.2,.8,.4,86.1,2.2,
285,합천,2022-09-02,21.2,18.5,23.9,,.9,84.3,0,
285,합천,2022-09-03,22,20.6,23.8,1.3,1.2,84.5,0,
285,합천,2022-09-04,24.2,20.4,29.3,10.9,.2,88.1,1.1,
285,합천,2022-09-05,23.7,22.1,25.8,59,.8,94.5,0,
285,합천,2022-09-06,22.8,16.9,27.1,89.4,2.4,71.6,7,
285,합천,2022-09-07,20,13.3,28.9,,.6,75.1,10,
285,합천,2022-09-08,20.6,13.5,28.6,,.6,74.3,9.1,
285,합천,2022-09-09,21,15.6,28.4,,.8,74.8,7.7,
285,합천,2022-09-10,20.2,16.5,24.2,,.9,79.3,.3,
285,합천,2022-09-11,22.5,17.9,27.9,,.5,78.4,3.6,
285,합천,2022-09-12,21,18.6,23.7,.7,.2,88.8,0,
285,합천,2022-09-13,23.2,19.3,27.8,,1.2,69.6,1.6,
285,합천,2022-09-14,23.8,20.3,28.4,,2.3,60.4,7.6,
285,합천,2022-09-15,23.6,20.2,27.7,,1.3,71.4,.8,
285,합천,2022-09-16,24,20.6,29,,.3,81.9,1.7,
285,합천,2022-09-17,25.5,21.6,32.2,.9,.4,82.6,4.3,
285,합천,2022-09-18,26.5,22.5,30.4,,1.9,75.9,1.7,
285,합천,2022-09-19,26.3,20.1,31.6,0,3.1,60.6,3.3,
285,합천,2022-09-20,19.1,14.4,24.3,,1.2,61.5,7.1,
285,합천,2022-09-21,16.6,11.1,23.6,,.6,72.4,9.2,
285,합천,2022-09-22,17.2,9.6,24.9,,.6,74.1,8,
285,합천,2022-09-23,19.4,13,27.8,,.9,64.5,8,
285,합천,2022-09-24,16.8,9.3,25.2,,.7,65.8,9.4,
285,합천,2022-09-25,17.2,13.2,22.9,,.4,76.4,1.8,
285,합천,2022-09-26,17.3,13.9,21.1,0,.2,84.1,0,
285,합천,2022-09-27,19.2,15,26.5,,.5,77.1,9.2,
285,합천,2022-09-28,17.8,13,24.6,,.3,83.3,2.5,
285,합천,2022-09-29,18.3,12.7,27.7,,.5,76.9,9.2,
285,합천,2022-09-30,18.8,11.5,29.6,,.5,68.4,10.8,
288,밀양,2022-05-20,20.8,15,28.1,,1.2,48.8,9.4,
288,밀양,2022-05-21,22.2,13.4,30.7,0,1.3,51,12.1,
288,밀양,2022-05-22,24.5,14.7,33.6,,1.5,43.1,12.4,
288,밀양,2022-05-23,23.2,16.2,31.7,,1.4,50.9,10.4,
288,밀양,2022-05-24,24.6,15.9,33.4,,1.2,48,11.7,
288,밀양,2022-05-25,23.9,16.5,31.9,,1.5,50.9,10.7,
288,밀양,2022-05-26,22.7,16.7,28.3,,1.5,42.6,12.4,
288,밀양,2022-05-27,22.9,12.3,30.8,,2.1,35.5,12.3,
288,밀양,2022-05-28,23.2,13.4,32.5,,1.2,40.9,12.3,
288,밀양,2022-05-29,23.5,13.5,31.8,0,1,39.1,12.5,
288,밀양,2022-05-30,24.7,21.1,30.1,0,1.2,44.3,3,
288,밀양,2022-05-31,23.7,18.4,31.3,,1.9,33.6,12.3,
288,밀양,2022-06-01,23.5,16.5,32.3,,1.5,40.4,10.8,
288,밀양,2022-06-02,23.6,14.9,33.3,,1.3,51.9,12.4,
288,밀양,2022-06-03,24.2,16.7,32.9,,1.5,53.5,10.5,
288,밀양,2022-06-04,22.8,16.1,29.3,,1.3,50.5,7.2,
288,밀양,2022-06-05,18.3,17.4,20.9,36.3,.6,79.3,0,
288,밀양,2022-06-06,19.7,16.3,24.7,.7,1.3,71.6,3.3,
288,밀양,2022-06-07,17.8,14.4,21.6,3.4,.9,67.6,1.7,
288,밀양,2022-06-08,18.3,14.6,23.4,.2,.7,72,2.4,
288,밀양,2022-06-09,20.5,13.8,28,,1,63.5,10.6,
288,밀양,2022-06-10,21.6,14.7,29,,.8,62.6,7.5,
288,밀양,2022-06-11,22,17.6,28.9,0,1.2,61.3,5.7,
288,밀양,2022-06-12,22,16,27.9,,1.1,59.5,7.5,
288,밀양,2022-06-13,20.8,17.2,25.8,.4,1.2,61.3,1.7,
288,밀양,2022-06-14,18.3,16.7,19.6,7.8,1.6,71.9,0,
288,밀양,2022-06-15,20.7,16.4,26.2,0,1,74,3.9,
288,밀양,2022-06-16,24,18,31,,1.2,61.6,10.8,
288,밀양,2022-06-17,24.6,18.1,31.8,,1.3,66,11,
288,밀양,2022-06-18,26.4,20.9,33.4,,1.2,65.5,9,
288,밀양,2022-06-19,26.5,21.5,32.9,0,1.3,66.3,11.7,
288,밀양,2022-06-20,26.9,22.5,33.8,,1.3,65.5,11.3,
288,밀양,2022-06-21,27.5,22.6,33.5,,1.2,63.4,12.3,
288,밀양,2022-06-22,28,22.1,35.1,,1.5,64.9,11.8,
288,밀양,2022-06-23,25.6,23,28.7,0,2.3,75.9,.8,
288,밀양,2022-06-24,25.7,23.8,29.5,29,2.3,77,4.2,
288,밀양,2022-06-25,26.4,21.9,31.1,,1.8,71.6,4.2,
288,밀양,2022-06-26,26.7,24.3,30.2,0,2.2,74.1,2.6,
288,밀양,2022-06-27,25.9,24.5,30.3,125.6,1.8,85.4,1.2,
288,밀양,2022-06-28,26.8,25.4,30.1,6.2,2.3,76,2.5,
288,밀양,2022-06-29,27.1,24.6,31.3,17.9,2.4,77.9,4.4,
288,밀양,2022-06-30,27.7,24.4,32.2,5.3,1.6,73.8,9.2,
288,밀양,2022-07-01,28.2,22.7,34.8,,.8,65.5,12.5,
288,밀양,2022-07-02,28.4,21.4,36.1,,1,62.9,12.5,
288,밀양,2022-07-03,29,23.7,35.6,0,.9,61.4,10,
288,밀양,2022-07-04,27.6,25.1,32.2,0,.9,73.5,4.9,
288,밀양,2022-07-05,28.3,23.8,34.3,0,1,70.6,5.4,
288,밀양,2022-07-06,29,25.1,34.2,,1.2,70.6,5.6,
288,밀양,2022-07-07,29.7,25.6,33.7,0,1.7,67.6,8.6,
288,밀양,2022-07-08,28.2,25.3,32.9,7.5,1.3,78.8,2,
288,밀양,2022-07-09,28.6,23.7,34.1,0,1.1,68.6,8.5,
288,밀양,2022-07-10,28.4,24.3,34,,1.4,69.8,8.9,
288,밀양,2022-07-11,25.7,24.1,28.9,18.1,.7,83.5,1.3,
288,밀양,2022-07-12,26.1,24.1,30.8,.2,1,72.6,2.1,
288,밀양,2022-07-13,24.9,23.1,27.7,.2,.9,75.9,0,
288,밀양,2022-07-14,28.4,23.3,34.5,0,.9,71.4,6.3,
288,밀양,2022-07-15,28.6,22.5,34.1,,.9,59,12.1,
288,밀양,2022-07-16,27.5,21.4,34.2,0,.9,61.4,8.2,
288,밀양,2022-07-17,27.3,21.9,33.1,,.8,65.5,6.7,
288,밀양,2022-07-18,23.2,21.8,26.6,68.3,.4,89.1,0,
288,밀양,2022-07-19,26.8,22.9,32.4,.3,.8,76.1,5.1,
288,밀양,2022-07-20,28.5,22.9,34,0,.8,66.3,10.6,
288,밀양,2022-07-21,26.3,21.6,32.2,3.4,1.6,72.4,6.2,
288,밀양,2022-07-22,26.6,22.3,31.5,0,1.4,63.6,6.9,
288,밀양,2022-07-23,25.4,23.3,29.3,0,1.1,73.6,.2,
288,밀양,2022-07-24,26.9,23.2,32.5,7.8,.8,77.6,4.5,
288,밀양,2022-07-25,27.9,23.1,34.3,,1,72.4,8,
288,밀양,2022-07-26,27.4,24,33.4,,1,71.8,6.4,
288,밀양,2022-07-27,26.7,22.1,32.6,,1.1,66.4,7.7,
288,밀양,2022-07-28,27.1,24.1,31.8,.1,.7,75.5,1.1,
288,밀양,2022-07-29,29.3,23.5,35.5,,1,67.1,11.1,
288,밀양,2022-07-30,28.7,24.8,31.4,,.9,66.3,.7,
288,밀양,2022-07-31,27.4,25.2,29.7,6.9,1,80.3,.1,
288,밀양,2022-08-01,28.9,27.3,31.6,.1,2.9,69.5,.2,
288,밀양,2022-08-02,27.7,25.7,30.6,30.9,2,81.6,1.9,
288,밀양,2022-08-03,29.1,25.8,34.2,0,1.1,75.3,5.6,
288,밀양,2022-08-04,29.7,26.1,34.3,7.6,.9,73.1,7.8,
288,밀양,2022-08-05,29.4,25.5,34.2,0,.7,75,6.6,
288,밀양,2022-08-06,30.3,25.6,36,,.9,72.1,8.9,
288,밀양,2022-08-07,30.1,26.6,35.4,,1.3,73.5,6.4,
288,밀양,2022-08-08,29.7,27.6,34,,1.6,66.6,2.5,
288,밀양,2022-08-09,29.2,27.1,32,,1.4,67,.5,
288,밀양,2022-08-10,28.7,26.1,30.7,,1.3,68.5,0,
288,밀양,2022-08-11,27.1,25.2,29.2,4.4,.7,82.3,0,
288,밀양,2022-08-12,29.4,25.4,35.4,,.7,72.1,7.7,
288,밀양,2022-08-13,27.5,25,34.2,11.3,.8,80.4,2.9,
288,밀양,2022-08-14,29,24.6,34.2,2.3,1.1,74.8,6.7,
288,밀양,2022-08-15,29.9,25.5,33.9,,1.8,65.5,6.9,
288,밀양,2022-08-16,27,25,29.6,22.8,1.3,80,0,
288,밀양,2022-08-17,25,22.3,27.1,22,.8,84.3,1.4,
288,밀양,2022-08-18,25.7,21.5,31.9,,.8,74.4,8.7,
288,밀양,2022-08-19,27.1,21.6,32.5,,1.2,74.9,5.9,
288,밀양,2022-08-20,26.6,24.4,27.9,14.2,.8,85,.4,
288,밀양,2022-08-21,26.5,22.2,32.5,,.8,67,9.8,
288,밀양,2022-08-22,25.9,19,32.3,,.9,67.5,10.7,
288,밀양,2022-08-23,25.5,23.1,30.1,4.5,.7,79.1,.6,
288,밀양,2022-08-24,22.1,19.5,23.9,15.8,1,81.1,0,
288,밀양,2022-08-25,24.5,18.6,30.2,,.5,73.4,8.3,
288,밀양,2022-08-26,24.8,20.6,29.8,0,.9,61.1,9.8,
288,밀양,2022-08-27,22.3,16.7,28.5,0,.9,67.3,5.5,
288,밀양,2022-08-28,21.8,15.4,28.9,,.7,60.6,10,
288,밀양,2022-08-29,22.5,17,26.9,0,.8,69.4,1.6,
288,밀양,2022-08-30,21.8,20.7,24.2,28.9,.4,86.8,0,
288,밀양,2022-08-31,22.2,19.7,24.1,11.8,.6,84.1,0,
288,밀양,2022-09-01,22.6,19.3,25.8,.3,.8,73.8,2.1,
288,밀양,2022-09-02,21.6,19.8,23.1,3,.6,83.5,0,
288,밀양,2022-09-03,22.8,21.1,25.2,7.1,.8,82.5,0,
288,밀양,2022-09-04,25.6,21.1,31.7,.5,.7,79.4,5.2,
288,밀양,2022-09-05,25.4,23.3,29.1,23.9,.6,85.5,.1,
288,밀양,2022-09-06,23.7,18,28.1,69.7,2.7,70,6.7,
288,밀양,2022-09-07,21.4,14.5,29.5,,.8,64.4,11,
288,밀양,2022-09-08,21.8,14.7,29.4,,.8,61.5,10.2,
288,밀양,2022-09-09,22.2,16.1,29.3,,.9,64.3,8.9,
288,밀양,2022-09-10,22.2,17.8,25.9,,.9,66.1,1.9,
288,밀양,2022-09-11,23.2,17.9,28.9,,.7,69.6,2.6,
288,밀양,2022-09-12,22.6,19.4,25.8,0,.6,78.6,.1,
288,밀양,2022-09-13,24.2,20.4,30.5,.9,1.5,64.5,5.9,
288,밀양,2022-09-14,24.8,22.5,28.8,,2.2,58.6,8.5,
288,밀양,2022-09-15,25.2,22.3,29.8,,1.7,60,9.9,
288,밀양,2022-09-16,25.4,20.3,31,,.6,72.6,4.8,
288,밀양,2022-09-17,25.7,21.2,32.7,.1,.5,79.8,4.2,
288,밀양,2022-09-18,27,23.5,32.1,5.4,2.2,67.8,5.8,
288,밀양,2022-09-19,25.3,20.5,29.8,12.7,3,60.8,6.1,
288,밀양,2022-09-20,19.8,15.5,24,,1.5,51.9,8.8,
288,밀양,2022-09-21,17.6,12,24.5,,.8,62.3,10.4,
288,밀양,2022-09-22,19.1,11.3,26.3,,.6,66.5,8.6,
288,밀양,2022-09-23,20.9,15.3,28.8,,1.3,60.1,9.4,
288,밀양,2022-09-24,19.2,13.2,25.7,,1.1,49.3,9.9,
288,밀양,2022-09-25,18.4,14.5,22.3,,.5,68.4,.6,
288,밀양,2022-09-26,18.5,15.4,22.3,0,.5,77,.1,
288,밀양,2022-09-27,20.4,16.1,27.1,0,.7,70.1,5.9,
288,밀양,2022-09-28,19.3,14.3,26,,.4,73.8,3.8,
288,밀양,2022-09-29,19.9,13.7,29.2,,.6,71.3,9.3,
288,밀양,2022-09-30,20.2,13.8,29.6,,.6,69.1,9,
289,산청,2022-05-20,18.4,12.7,26.4,1.2,1,68.5,5.7,
289,산청,2022-05-21,21.4,12.6,29.4,,2.4,58,12.5,
289,산청,2022-05-22,23.5,15.2,30.6,,3.1,47.5,12.6,
289,산청,2022-05-23,22.3,14.7,29.8,,1.2,63.4,11.1,
289,산청,2022-05-24,23.1,14,32.8,,1.4,52.6,12.3,
289,산청,2022-05-25,21,14.1,30,9.2,1.1,69.6,8,
289,산청,2022-05-26,21.4,15.3,27.1,,3,42.9,12.1,
289,산청,2022-05-27,20.7,10.7,27.9,,2.9,47.6,12.6,
289,산청,2022-05-28,21.4,11.3,30.7,,1.3,51.6,10.4,
289,산청,2022-05-29,21,10.3,29.7,0,1.8,51.5,12.6,
289,산청,2022-05-30,21.3,17.7,27,0,2.5,70.4,1.8,
289,산청,2022-05-31,22.8,14.6,31.1,,2.3,42.8,12.9,
289,산청,2022-06-01,21.7,14.4,30,,1.6,51,10.6,
289,산청,2022-06-02,22.5,11.5,32.7,,1.3,55.1,13,
289,산청,2022-06-03,23.4,15.5,32.8,,1.9,61.1,12.4,
289,산청,2022-06-04,22.2,15.5,28.9,,1.6,55,8.6,
289,산청,2022-06-05,16.9,15.7,20.8,40.2,1.4,88,0,
289,산청,2022-06-06,19.7,15.9,26.2,.3,1.5,79.9,5.6,
289,산청,2022-06-07,17,14.8,20.4,7.7,1.5,82,.1,
289,산청,2022-06-08,17.7,14.3,23,.7,1.1,82.3,4.1,
289,산청,2022-06-09,19.9,14.6,26.6,,1.3,74.6,7.7,
289,산청,2022-06-10,20.2,14.1,26.4,,1.1,76,5.2,
289,산청,2022-06-11,21.7,16.6,28.9,0,.9,75.1,5.6,
289,산청,2022-06-12,21.4,14.4,27.9,,1.2,70.9,8.5,
289,산청,2022-06-13,20.3,16.8,23.6,0,1.4,71.6,.6,
289,산청,2022-06-14,15.6,15.1,18.4,14.2,1.4,96.5,0,
289,산청,2022-06-15,19.4,15,25.3,3.1,1,86.3,3,
289,산청,2022-06-16,21.9,15.8,29.2,,1.6,69.3,11.2,
289,산청,2022-06-17,22.4,15.3,29,,1.5,79.5,7.9,
289,산청,2022-06-18,25.1,19.1,31.1,,1.2,75.9,9.9,
289,산청,2022-06-19,25.6,21.5,31.4,0,1.6,76.3,11.4,
289,산청,2022-06-20,25.4,20.9,32.2,,1.5,78.4,9,
289,산청,2022-06-21,26.3,20.8,34.1,,1.5,74.8,8.7,
289,산청,2022-06-22,26.7,21.5,32.6,,1.5,76.9,8.1,
289,산청,2022-06-23,24.5,21.4,27.7,7.9,2.5,87.3,.9,
289,산청,2022-06-24,25.3,20.8,30.8,38.8,1.4,81.5,4.4,
289,산청,2022-06-25,24.8,19,31.1,,2.1,83,8.5,
289,산청,2022-06-26,26.5,21,32.2,,2.1,79.9,5.2,
289,산청,2022-06-27,25.6,24.2,26.7,39.8,2.1,89.5,.1,
289,산청,2022-06-28,26.3,24.5,28.7,0,2.8,82.4,1.5,
289,산청,2022-06-29,26,24.1,30.2,3.8,2.3,86.9,4.5,
289,산청,2022-06-30,26.8,23.9,31.1,.4,1.9,84,6.4,
289,산청,2022-07-01,26.9,22.1,32.6,,1.3,79.8,9.2,
289,산청,2022-07-02,27.2,20.6,33.9,,.9,73.4,12,
289,산청,2022-07-03,27.9,22.3,33.6,,1,68.6,7.7,
289,산청,2022-07-04,27.1,24,31.6,0,1.2,79.5,5.7,
289,산청,2022-07-05,27.6,23.5,33.2,,1.2,79.3,4.3,
289,산청,2022-07-06,27.7,24.5,32.3,,1.5,81.3,6,
289,산청,2022-07-07,28.1,26,31.9,0,2.4,80.8,4.7,
289,산청,2022-07-08,26.7,22.7,30.6,.6,1,85.9,1.6,
289,산청,2022-07-09,27.5,21,33.6,,1.5,74.6,9.3,
289,산청,2022-07-10,27.3,22.5,33.5,,1.3,80,6.4,
289,산청,2022-07-11,25.4,23.4,29.3,9.8,1,89.6,3.8,
289,산청,2022-07-12,26.3,23.6,30.3,,1.9,84.4,2.6,
289,산청,2022-07-13,24.1,22.6,25.6,.1,2,84.8,.4,
289,산청,2022-07-14,26.7,22.5,32.7,2.5,1.8,78.5,4.8,
289,산청,2022-07-15,26.7,20.3,33.8,,1.4,66.8,12.8,
289,산청,2022-07-16,26,18.6,32.8,,2.1,68,11.5,
289,산청,2022-07-17,26.1,21,31.6,,1.8,70.5,4.2,
289,산청,2022-07-18,21.7,20.2,24.3,56.8,.5,98.3,0,
289,산청,2022-07-19,26.8,21.7,32.3,,2.1,75.1,9.9,
289,산청,2022-07-20,26.6,20.5,33,.1,1,73.6,10.9,
289,산청,2022-07-21,25.3,21.3,31.5,1.7,2.8,75.9,3.1,
289,산청,2022-07-22,25.9,21.8,30.9,,2.8,69,8.3,
289,산청,2022-07-23,23.5,20.4,27,4.7,1.7,86.6,.9,
289,산청,2022-07-24,25.4,21.5,30.8,2.4,1.4,86.5,2.8,
289,산청,2022-07-25,27,21.5,33.8,,1.1,79.8,7.3,
289,산청,2022-07-26,27.1,23.1,32.4,,1.3,79.8,8.2,
289,산청,2022-07-27,26.4,21.9,31.3,,1.3,74.9,9.4,
289,산청,2022-07-28,26.2,22.1,30.7,0,1.1,84.4,2.9,
289,산청,2022-07-29,28.5,23.8,33.8,,.9,78,7.1,
289,산청,2022-07-30,26.7,23.4,28.6,.3,.7,83.9,.9,
289,산청,2022-07-31,25.1,24.2,26.6,87.7,3.1,95.9,0,
289,산청,2022-08-01,25.6,25,26.4,74.2,3.9,94.9,0,
289,산청,2022-08-02,26.7,25,30.9,8.5,1.4,91.5,1.3,
289,산청,2022-08-03,27.7,24.2,32.9,0,.9,87.8,5.1,
289,산청,2022-08-04,28.9,24.4,33.9,.2,1.3,79.5,8.9,
289,산청,2022-08-05,27.8,24.1,33.4,.5,.7,85.8,5.3,
289,산청,2022-08-06,29.2,23.9,35.4,,.8,78.4,11.4,
289,산청,2022-08-07,27.2,23.6,34.1,0,1,84,6.3,
289,산청,2022-08-08,26.8,22.3,33,,.7,83.8,2.7,
289,산청,2022-08-09,26.8,23.1,32.7,,.9,84.4,1.8,
289,산청,2022-08-10,26.7,23.5,29.7,.1,.8,85.5,0,
289,산청,2022-08-11,24.3,23.5,25.1,9.2,.4,97.8,0,
289,산청,2022-08-12,27.7,23.5,34.1,.3,.9,84.4,6.3,
289,산청,2022-08-13,26,23.6,32.5,32.8,.9,92,4.1,
289,산청,2022-08-14,27.9,23.7,33.4,,.8,85.3,7.1,
289,산청,2022-08-15,28.5,23.4,34.3,,1.1,76.9,7.5,
289,산청,2022-08-16,25.4,24,27.7,39.6,.9,92,0,
289,산청,2022-08-17,24.8,22.1,29,3,.9,91.3,2.8,
289,산청,2022-08-18,24.4,18.5,30.5,,1,81.9,10.3,
289,산청,2022-08-19,26,20.8,31.2,,.8,85.8,4.4,
289,산청,2022-08-20,25.1,23.1,27.9,27.1,.4,95.4,.4,
289,산청,2022-08-21,26.2,22.8,32.1,,.8,82.4,8.6,
289,산청,2022-08-22,26.1,22,32.2,,.9,82.4,7.6,
289,산청,2022-08-23,24.6,22.2,28.1,2.3,.4,89.4,0,
289,산청,2022-08-24,22,20.2,24.5,24.3,.9,93.6,0,
289,산청,2022-08-25,23.9,19.1,29.8,0,1,76.3,5.6,
289,산청,2022-08-26,23.8,19.2,30.2,,1.5,67.6,11.2,
289,산청,2022-08-27,21.5,15.3,27.9,,1.3,72.1,5.8,
289,산청,2022-08-28,19.5,12.9,26.8,,.8,74.9,8.7,
289,산청,2022-08-29,20.1,15.8,23.6,0,.5,84.6,.3,
289,산청,2022-08-30,20.9,19.6,22,10.2,.5,96.4,0,
289,산청,2022-08-31,22.7,20.8,27.3,.3,.8,90.5,1,
289,산청,2022-09-01,21.1,18.8,25.3,.6,.7,90.9,1,
289,산청,2022-09-02,20.5,18.3,23.1,0,.5,92.8,0,
289,산청,2022-09-03,21,19.6,23,6.6,.4,97.1,0,
289,산청,2022-09-04,23.9,20.5,28.7,.6,1.1,90,.6,
289,산청,2022-09-05,23.8,22.6,25,68.8,1.2,96.3,0,
289,산청,2022-09-06,22.1,17,25.9,75.1,4.2,75.8,4.3,
289,산청,2022-09-07,20.8,13.5,29.6,,1.3,69.3,10.3,
289,산청,2022-09-08,20.2,12.6,28.7,,.9,75.6,9.8,
289,산청,2022-09-09,20.5,15.4,28,,.8,80.5,7.6,
289,산청,2022-09-10,20.1,16.2,23.4,,.7,82.4,.3,
289,산청,2022-09-11,22,17.7,27.8,,.6,82.5,2.9,
289,산청,2022-09-12,21.4,19.1,24.2,1,.4,93.9,0,
289,산청,2022-09-13,22.7,19.6,28,,.7,81.8,1.5,
289,산청,2022-09-14,22,18.5,27.7,,.9,73.3,3.5,
289,산청,2022-09-15,22.5,18.1,26.3,,.7,82.3,.2,
289,산청,2022-09-16,23.3,20.1,27.7,0,1,90,.2,
289,산청,2022-09-17,24.6,20.5,32.1,.9,.7,88.4,5.2,
289,산청,2022-09-18,26.4,22.2,30.8,,1.9,78.1,4.5,
289,산청,2022-09-19,26.3,19.6,30.4,,3.7,65.4,3.5,
289,산청,2022-09-20,18.4,13.8,23.5,,1.1,69.4,6.5,
289,산청,2022-09-21,16.1,11.5,23.2,,.8,77.6,9.4,
289,산청,2022-09-22,16.5,9,24.4,,.8,78.6,8.5,
289,산청,2022-09-23,18.7,12.7,26.3,,2.3,66.9,8.2,
289,산청,2022-09-24,17.8,12.3,24.8,,2,61,8.4,
289,산청,2022-09-25,16.4,12.5,22.7,,.7,80.5,1.8,
289,산청,2022-09-26,16.4,13.5,20.6,0,.6,87.4,0,
289,산청,2022-09-27,18.8,13.4,26.9,0,.9,75.6,10.2,
289,산청,2022-09-28,17.8,12.6,25.4,,.6,85.3,2.7,
289,산청,2022-09-29,18.3,13,27.9,,.9,78,8.5,
289,산청,2022-09-30,18.4,10.8,28.9,,.5,78.5,9.3,
294,거제,2022-05-20,19.6,15.9,24.2,,1.5,62.1,3.7,
294,거제,2022-05-21,20.5,14.6,27.9,,1.5,63.3,11,
294,거제,2022-05-22,22.5,15.9,28.9,,1.5,54.6,12.5,
294,거제,2022-05-23,21.4,15.9,27.5,,1.2,64,10.2,
294,거제,2022-05-24,22.8,15.8,29.9,,1,60.4,12.6,
294,거제,2022-05-25,21.3,16.5,26.8,,1.8,62.3,11.9,
294,거제,2022-05-26,20.9,16.2,27.5,,1.9,58.3,8.8,
294,거제,2022-05-27,22.2,15.3,27.1,,2.4,45.8,13,
294,거제,2022-05-28,22.2,18.1,27.9,,2.4,47,10.8,
294,거제,2022-05-29,22.5,16,27.2,0,1.4,48.8,11.4,
294,거제,2022-05-30,21.4,17.9,27.7,0,1.4,67.3,6.1,
294,거제,2022-05-31,22.6,18.2,28.1,,2,39.9,13,
294,거제,2022-06-01,21.8,17.6,27.9,,1.7,51.5,10.2,
294,거제,2022-06-02,20.9,17,26.3,,2.6,72.1,13,
294,거제,2022-06-03,20.9,16.7,26.9,,2.1,74.5,12.8,
294,거제,2022-06-04,20.1,17.6,24.1,,3.1,70.6,8.3,
294,거제,2022-06-05,17.6,16.3,19,53.3,2.1,91.4,0,
294,거제,2022-06-06,19.7,16.6,25.8,1.7,1.7,75.6,6.4,
294,거제,2022-06-07,18.2,16.3,22.1,,2.4,70.3,3.7,
294,거제,2022-06-08,18.2,15.7,21.6,.1,2.2,73.3,5.6,
294,거제,2022-06-09,19.3,14.6,24,,1.7,71.5,11.7,
294,거제,2022-06-10,20.3,14.9,24.8,,.9,75,6.9,
294,거제,2022-06-11,20.8,17.5,25.5,,1.4,74.1,3.7,
294,거제,2022-06-12,19.6,15.2,23.8,,2,72.8,8.6,
294,거제,2022-06-13,19.6,17.8,22.5,.1,2,74.1,.3,
294,거제,2022-06-14,17,16.2,18.2,24.5,1.3,95.1,0,
294,거제,2022-06-15,19.9,16.2,22.9,.7,1.2,85.5,3.2,
294,거제,2022-06-16,22.1,20.1,25.4,,2.9,75.1,11.8,
294,거제,2022-06-17,22.6,20.2,25.8,,2.1,79.9,8.4,
294,거제,2022-06-18,23.6,21.3,27.2,,2.3,78.9,10.1,
294,거제,2022-06-19,23.8,21.3,27.4,,2.5,78.6,11.7,
294,거제,2022-06-20,24.5,20.5,28.9,,1.3,78.5,5.9,
294,거제,2022-06-21,23.9,21.5,28.1,.3,1.2,84.8,6.8,
294,거제,2022-06-22,24.4,20.8,28.5,,2.5,81.8,12.8,
294,거제,2022-06-23,23.4,22.7,23.7,7.2,1.7,95.8,0,
294,거제,2022-06-24,23.2,22.6,24.2,43.6,2.7,91.4,0,
294,거제,2022-06-25,23.4,21.6,27.2,9.9,1.9,90.3,1.5,
294,거제,2022-06-26,23.5,22.3,24.2,16.2,1.6,97.4,0,
294,거제,2022-06-27,24.5,24,25.5,15.3,1.7,96.1,0,
294,거제,2022-06-28,24.6,24.1,25.1,21.8,1.8,94.3,0,
294,거제,2022-06-29,24.5,24.1,25.2,14.5,1.7,94.3,0,
294,거제,2022-06-30,25,24.1,26.7,2.2,1.8,90.6,0,
294,거제,2022-07-01,26,22.5,31.2,,.9,81.6,8.9,
294,거제,2022-07-02,26.1,21.4,31.1,,.9,74.1,11.3,
294,거제,2022-07-03,27.2,22.2,32.2,0,1,73.3,7.3,
294,거제,2022-07-04,27,23.8,31.2,.2,1.1,77.1,6.9,
294,거제,2022-07-05,27,24.6,31.1,,1.2,79,4.8,
294,거제,2022-07-06,27.4,24.4,31.5,,1.3,81.4,7.1,
294,거제,2022-07-07,27.8,26.4,30.8,,1.5,82.3,2.5,
294,거제,2022-07-08,26,24.9,28.2,6,1.7,91.1,.1,
294,거제,2022-07-09,26.6,22.9,30.7,,1,78.3,9.1,
294,거제,2022-07-10,26.1,23.4,30,,1.4,81.1,5.7,
294,거제,2022-07-11,24.4,23.1,26.5,20.7,.6,93.6,.9,
294,거제,2022-07-12,24.8,23.5,28.2,0,2.2,80.4,5,
294,거제,2022-07-13,24.5,21.6,26.4,,1.4,82.5,.2,
294,거제,2022-07-14,26.8,24.5,30.9,.1,2.1,84.6,5.8,
294,거제,2022-07-15,26.2,23,31.9,,1.3,80.6,11.5,
294,거제,2022-07-16,26.6,22.4,31.1,,1.2,70.5,12.7,
294,거제,2022-07-17,26.1,23.2,30.1,0,1.8,73.6,5,
294,거제,2022-07-18,22.9,20.2,26.1,87.9,1.7,93.6,0,
294,거제,2022-07-19,26,24.1,29.9,,1.9,81.1,8.2,
294,거제,2022-07-20,26.2,21.3,30.8,,1.1,73.6,11.5,
294,거제,2022-07-21,26.1,23.9,29.9,17.5,2.2,79.9,5.2,
294,거제,2022-07-22,24.9,21.9,29.6,,1.9,73.1,10.3,
294,거제,2022-07-23,23.8,21,26.7,.1,1.2,83.9,.6,
294,거제,2022-07-24,25.4,22.3,28,28.9,2.4,85.1,6.1,
294,거제,2022-07-25,26,22.5,30.2,,1.2,81.8,7.3,
294,거제,2022-07-26,25.5,23.1,30,,1.7,79.6,6.1,
294,거제,2022-07-27,25.7,22.2,29.7,,1.7,76.4,9.6,
294,거제,2022-07-28,26,23.7,29.5,0,1.5,85.1,2.1,
294,거제,2022-07-29,27.8,24,32.1,,1.9,76.4,11.9,
294,거제,2022-07-30,27.1,24.4,29.1,.2,2.2,79.5,1.1,
294,거제,2022-07-31,26.5,25,27.8,12,1.9,88.1,0,
294,거제,2022-08-01,28.3,26.7,30.6,.3,3.8,76.5,1.9,
294,거제,2022-08-02,27.2,25.3,28.1,31.8,2.6,86.9,0,
294,거제,2022-08-03,27,25.6,28.3,26.4,2,87.9,1.1,
294,거제,2022-08-04,28.3,26,31.4,,2.4,80.5,10.6,
294,거제,2022-08-05,28.1,26.3,31.2,,2.3,81.9,8.2,
294,거제,2022-08-06,28.7,26.4,31.7,,2.5,80.9,11.8,
294,거제,2022-08-07,28.6,26.5,31.8,,1.8,82.5,6,
294,거제,2022-08-08,28.5,27,31.2,,2.4,79.5,3.3,
294,거제,2022-08-09,28.5,26.8,31.2,,2.5,78.9,4.4,
294,거제,2022-08-10,28,27.2,30.5,,2.4,81,1,
294,거제,2022-08-11,27.2,26.1,28.6,.2,2,85.9,0,
294,거제,2022-08-12,28.4,26.3,31.8,,1.6,82.1,7.1,
294,거제,2022-08-13,27.4,24.9,30.6,,1.3,84.3,5.5,
294,거제,2022-08-14,28.2,26.9,31,,2,80.9,4.1,
294,거제,2022-08-15,28.5,27,30.6,0,3.2,80.9,2.4,
294,거제,2022-08-16,26.4,23.7,28.1,49,1.9,89,0,
294,거제,2022-08-17,23.2,22.5,24,10.4,1.2,96,0,
294,거제,2022-08-18,24.4,21.4,29.3,,1.1,84.1,7.3,
294,거제,2022-08-19,25.7,19.7,29.8,,1.6,84,5.1,
294,거제,2022-08-20,26,24.1,27.6,19.1,1.7,90.3,.5,
294,거제,2022-08-21,25.3,20.9,29.8,,1.7,72.8,7.5,
294,거제,2022-08-22,25,18.5,30.6,,1,66.3,11.8,
294,거제,2022-08-23,25.8,22.3,29.7,,1.2,77.4,1,
294,거제,2022-08-24,22.6,21.3,24.7,45.7,1.4,88.8,.1,
294,거제,2022-08-25,23.6,19.3,27.9,,1.3,79.8,10.4,
294,거제,2022-08-26,24,20.7,28.6,,1.3,68.9,10,
294,거제,2022-08-27,22.9,19.2,28.4,,.8,72.5,5.8,
294,거제,2022-08-28,22,17.2,26.9,,1.5,66.4,8.2,
294,거제,2022-08-29,23.1,18.5,27.5,,1,75.3,3.2,
294,거제,2022-08-30,23.6,21.9,25.2,5.9,1.4,89.4,0,
294,거제,2022-08-31,23.1,21.5,25.5,31.2,.9,91.4,0,
294,거제,2022-09-01,21.5,20.2,23,1.4,.8,87.3,0,
294,거제,2022-09-02,21.3,19.8,22.5,21.7,1.4,93.3,0,
294,거제,2022-09-03,22.6,21,24,14.3,1.4,93.6,0,
294,거제,2022-09-04,25.5,22.4,28.8,5.5,1.4,89.9,1.1,
294,거제,2022-09-05,25.7,24.8,27.5,39.6,2.3,91.3,.1,
294,거제,2022-09-06,23.7,18.3,27.9,144,3,74.8,6.6,
294,거제,2022-09-07,21.3,15,28.2,,.8,68.3,11.6,
294,거제,2022-09-08,21.5,16.9,27.3,,1.1,72.4,9.7,
294,거제,2022-09-09,21.9,17.6,27.4,,1.3,73,6.8,
294,거제,2022-09-10,22.3,20.2,25.4,,1.3,70.6,.9,
294,거제,2022-09-11,22.8,18.7,27.4,,1.5,77.4,4.1,
294,거제,2022-09-12,23.6,20.9,26.3,,1.3,80.1,.3,
294,거제,2022-09-13,24.8,22.1,28.9,,1.7,71.8,4.4,
294,거제,2022-09-14,24.1,22.1,26.9,,1.7,71.5,1.4,
294,거제,2022-09-15,23.7,22.7,26.6,,2.2,76.1,2.5,
294,거제,2022-09-16,24.8,22.7,27.8,.1,2.1,83.5,2.7,
294,거제,2022-09-17,24.4,21.2,30.1,.2,1,84.5,4.7,
294,거제,2022-09-18,26.1,23.1,31.1,29.5,1.9,77.4,4.5,
294,거제,2022-09-19,24.9,20.9,29.8,24,2.1,72.9,4,
294,거제,2022-09-20,19.9,17.7,23.4,,2.1,59.1,8.3,
294,거제,2022-09-21,18.3,13.9,22.5,,1.5,65,7.8,
294,거제,2022-09-22,19,14.3,23.7,,.8,77,2.7,
294,거제,2022-09-23,21,17.5,26.1,,1,71.9,6.8,
294,거제,2022-09-24,18.7,14.5,24,,1.5,58.8,8.9,
294,거제,2022-09-25,19,16,22.1,,.5,74.1,0,
294,거제,2022-09-26,19.3,16.6,22.5,0,.6,81.4,.2,
294,거제,2022-09-27,20.3,17.4,25.6,.1,.8,82.4,3.5,
294,거제,2022-09-28,20.3,16.5,24.9,,.5,79.9,3.7,
294,거제,2022-09-29,20.4,16.6,26.6,,.7,76.6,10.4,
294,거제,2022-09-30,20.3,15.5,27.4,,.7,79.3,10.4,
295,남해,2022-05-20,,,,,1,,,
295,남해,2022-05-21,21,15.4,28.3,6,1.3,63.1,10.8,
295,남해,2022-05-22,23.4,14.8,30.8,,1.9,51.8,12.5,
295,남해,2022-05-23,21.7,16.7,27.9,,1.4,65.5,9.6,
295,남해,2022-05-24,22.5,16.2,29.9,,1,56.1,12.2,
295,남해,2022-05-25,21.9,15.9,28.3,,1.3,61.8,11.2,
295,남해,2022-05-26,22,17.9,26.3,,1.8,47,9.2,
295,남해,2022-05-27,22,14.8,28.2,,1.9,45.3,12.6,
295,남해,2022-05-28,23.1,18,29.1,,1.6,40.4,9.5,
295,남해,2022-05-29,21.3,15.5,26.6,0,1.1,55.1,10.9,
295,남해,2022-05-30,21.3,17.3,25.4,.4,1.5,71.1,2.4,
295,남해,2022-05-31,22.5,16.9,27.3,,1.6,44,12.5,
295,남해,2022-06-01,21.7,17.1,28.3,,1.4,50.1,10.1,
295,남해,2022-06-02,21.4,15.4,28.3,,1.2,70.3,12.4,
295,남해,2022-06-03,22.1,17.5,28.2,,1.2,70.1,10.9,
295,남해,2022-06-04,21.2,16.2,25.7,,1.6,62.4,8.3,
295,남해,2022-06-05,17.9,16.5,20.3,47.7,1.6,89,0,
295,남해,2022-06-06,20.5,17.3,26,8.1,1.3,78.9,5.3,
295,남해,2022-06-07,18.4,16.5,21.8,0,1.4,75.9,.9,
295,남해,2022-06-08,18.1,15.7,21.9,.1,1.2,80.5,4.1,
295,남해,2022-06-09,19.6,15.1,24.8,,1.1,71.9,10.6,
295,남해,2022-06-10,20.2,15.4,24.6,,1,71.5,5.3,
295,남해,2022-06-11,21.3,18.1,25.6,,1.1,77.1,1.6,
295,남해,2022-06-12,20.5,16.8,24.7,,1.3,71.6,8.1,
295,남해,2022-06-13,19.8,17.1,22.2,1.7,1.6,76,0,
295,남해,2022-06-14,16.8,16.1,18.1,6.6,2.7,93.8,0,
295,남해,2022-06-15,20,15.9,24.7,2.2,1.4,85.8,3.9,
295,남해,2022-06-16,22.8,18.5,28.5,,1.6,71.4,11.7,
295,남해,2022-06-17,22.5,18,27.1,1.2,1,80.6,6.1,
295,남해,2022-06-18,24.6,21.8,29.2,,1.3,77.1,9.1,
295,남해,2022-06-19,24,20.6,28.1,,1.3,80.5,8.3,
295,남해,2022-06-20,24.2,20.9,28.6,,.9,82.1,5.9,
295,남해,2022-06-21,25.1,21.6,29.6,,1.1,79.9,7.6,
295,남해,2022-06-22,25.5,21.8,30.6,,1.3,78.6,11.5,
295,남해,2022-06-23,23.8,22,26.7,1.4,1.8,92.6,.8,
295,남해,2022-06-24,24.7,23.2,27.6,33.9,2.4,85.8,3.2,
295,남해,2022-06-25,24.4,21.7,28.2,.2,1.8,87.8,3.1,
295,남해,2022-06-26,25.1,22.6,28.9,.1,1.9,89.8,5.6,
295,남해,2022-06-27,25.6,24,26.8,4.8,2.7,89.9,.1,
295,남해,2022-06-28,25.5,24.7,26.3,6.8,3,88,0,
295,남해,2022-06-29,25.4,24.3,26.6,14.2,2.1,90.5,.1,
295,남해,2022-06-30,25.7,24.1,28.7,8.1,1.5,88.4,4.5,
295,남해,2022-07-01,26,22.6,30.5,,.9,83.9,8.9,
295,남해,2022-07-02,26.4,21.9,32.4,,1,76.9,8,
295,남해,2022-07-03,27.2,23.2,32.4,,1.1,72.1,6.3,
295,남해,2022-07-04,26.3,23.8,30.2,1.2,.7,82.9,4.9,
295,남해,2022-07-05,27.1,24.2,31.7,0,1.1,78.9,7.5,
295,남해,2022-07-06,27.4,24.6,31.4,0,1.1,83.3,7.1,
295,남해,2022-07-07,27.5,25.6,29.7,0,1.7,85.4,5.1,
295,남해,2022-07-08,27.3,25.1,30.5,15.4,1.3,87.5,2,
295,남해,2022-07-09,27,22.7,32.3,,1.3,73.6,11,
295,남해,2022-07-10,26.5,23.6,30.6,,1,80.5,9.1,
295,남해,2022-07-11,25.2,23.8,27.8,49.5,.5,93.4,2.1,
295,남해,2022-07-12,25.5,23.2,28.5,,.9,84,.5,
295,남해,2022-07-13,24.7,22.3,26.9,,1,85.3,.1,
295,남해,2022-07-14,28.5,24.9,33,2.2,2,76,5.5,
295,남해,2022-07-15,26.8,23.3,32,,.9,77.1,11.1,
295,남해,2022-07-16,27,22.3,32.6,,1.3,67,10.9,
295,남해,2022-07-17,26.1,22.9,29.2,0,1.5,73.8,1.6,
295,남해,2022-07-18,22.3,20.4,24.9,77.5,.8,97.9,0,
295,남해,2022-07-19,26.8,23,31.7,,1.3,78.6,7.5,
295,남해,2022-07-20,26.1,21.4,31.2,0,.9,71.1,10.8,
295,남해,2022-07-21,26.4,22.9,29.8,2.4,2.6,75.9,5.1,
295,남해,2022-07-22,26.3,22.6,30.5,,2.2,67.8,9.1,
295,남해,2022-07-23,24.5,21.7,28.3,1.4,1,86.6,1.8,
295,남해,2022-07-24,26.6,23.6,29.9,30,1.9,80.9,5.7,
295,남해,2022-07-25,26.3,22.1,31.2,,1,80.8,11.4,
295,남해,2022-07-26,25.4,22.2,29.7,,.8,83.8,6.4,
295,남해,2022-07-27,25.7,21.9,30.2,,1.1,79,10.6,
295,남해,2022-07-28,26.4,23.2,29.9,,.9,83.9,2,
295,남해,2022-07-29,28.4,24.4,32.5,,1.7,76,11.3,
295,남해,2022-07-30,27.1,25.1,28.7,0,1.6,80.4,.1,
295,남해,2022-07-31,26.4,24.7,28.6,56.9,2.9,89.8,0,
295,남해,2022-08-01,27.5,25.9,29.1,19.9,4.1,84.8,0,
295,남해,2022-08-02,27.1,25.8,28.7,29.5,2.4,89.9,.8,
295,남해,2022-08-03,27.1,25,30.5,10.5,.8,91.1,2.5,
295,남해,2022-08-04,29,25,32.9,,1.5,78.8,10.3,
295,남해,2022-08-05,28.6,25.7,31.6,0,1.3,80.9,5.5,
295,남해,2022-08-06,29.6,26.3,34.1,,1.3,77.6,11.1,
295,남해,2022-08-07,28.6,25.8,32.2,,1.4,80.4,7.7,
295,남해,2022-08-08,28.8,27,31.4,,2.2,75.4,4.1,
295,남해,2022-08-09,28.9,27,32.2,,1.8,74.6,5.2,
295,남해,2022-08-10,28.2,26.1,31.4,,1.6,77.4,1.5,
295,남해,2022-08-11,27.9,26.1,28.7,.3,1.8,80.6,0,
295,남해,2022-08-12,28.6,25.6,32.5,,1.2,81.3,3,
295,남해,2022-08-13,28.2,24.6,32.2,,1,82.4,6,
295,남해,2022-08-14,28.9,27,32.5,,1.6,76.4,7.3,
295,남해,2022-08-15,29.2,26.7,32.2,,2.4,73.5,5.7,
295,남해,2022-08-16,26.7,23.8,28.7,64.3,1.6,89.9,.1,
295,남해,2022-08-17,24.4,23.1,26.9,14.5,.7,96.6,1,
295,남해,2022-08-18,24.2,20.6,29.2,,1.1,81,10,
295,남해,2022-08-19,26.5,20.1,31.3,,1.4,81.1,4.2,
295,남해,2022-08-20,27.3,25,29,16.9,1.1,88.3,.3,
295,남해,2022-08-21,25.7,22.2,30.2,,1.1,80.5,6.3,
295,남해,2022-08-22,25.3,20.4,31.5,,.9,69.8,11.2,
295,남해,2022-08-23,26.4,22.5,30,0,.7,81.3,.9,
295,남해,2022-08-24,22.8,20.9,26.1,52.6,1.6,92.1,0,
295,남해,2022-08-25,23.6,19.2,28.2,,1,81.8,7.3,
295,남해,2022-08-26,23.9,20,28.8,,1,64.5,9.3,
295,남해,2022-08-27,22.7,18.2,29.1,,1.2,68,7.4,
295,남해,2022-08-28,21.5,17.3,26.6,,1.3,67.9,7.8,
295,남해,2022-08-29,22.2,18.3,25.5,,1.2,75.6,4.1,
295,남해,2022-08-30,21.5,21,22.4,21.7,.8,94,.1,
295,남해,2022-08-31,23.3,21.2,26.2,4.8,.6,90.6,.4,
295,남해,2022-09-01,21.9,20.3,23.9,1,.8,88.5,.1,
295,남해,2022-09-02,20.9,20.4,21.7,20.5,1.7,94.4,0,
295,남해,2022-09-03,21.7,20.8,22.6,7.2,1.6,95.5,0,
295,남해,2022-09-04,24.4,21.4,29.5,0,1,88.5,2.6,
295,남해,2022-09-05,24.3,23.8,25,107.2,1.4,97.4,0,
295,남해,2022-09-06,23.7,18.1,27.3,192.6,4.1,71.4,9.4,
295,남해,2022-09-07,21.4,15.9,28.9,,1,70,11.1,
295,남해,2022-09-08,21.4,16.9,27.5,,1.2,70.5,9.6,
295,남해,2022-09-09,21.6,17.5,27.1,,1.2,75,7.4,
295,남해,2022-09-10,21.7,19.4,24.6,,1.8,75.8,1.5,
295,남해,2022-09-11,22.8,19,27.6,,1,77.5,6,
295,남해,2022-09-12,22.6,21.2,25.4,.3,1,84.8,.3,
295,남해,2022-09-13,24.4,21.4,27.9,,1.6,74.5,2.4,
295,남해,2022-09-14,23.8,21,28.3,,2.2,69.5,3.3,
295,남해,2022-09-15,24,21.5,27.8,,1.9,76.4,2.4,
295,남해,2022-09-16,24.8,22.2,29.1,,.9,80.9,1.8,
295,남해,2022-09-17,25.5,22.4,30,0,1.1,82.9,4.7,
295,남해,2022-09-18,26.9,24.2,30.8,0,2.1,75.8,6,
295,남해,2022-09-19,27.9,23,32.6,0,2.9,61.8,7,
295,남해,2022-09-20,20.7,17.7,24.4,,1.7,59.9,6.9,
295,남해,2022-09-21,19,15,23.7,,1.6,64.4,6.9,
295,남해,2022-09-22,18.9,14.5,24.3,,1.2,71.5,9.1,
295,남해,2022-09-23,20.7,14.7,27.3,,1.7,65.3,7.4,
295,남해,2022-09-24,18.8,13.4,25.3,,1.2,58.5,8.8,
295,남해,2022-09-25,18.9,16.5,21.5,0,1.1,70.6,0,
295,남해,2022-09-26,18.9,16.6,21.3,0,.9,78.1,0,
295,남해,2022-09-27,20.4,17.1,26,0,1,73.3,8,
295,남해,2022-09-28,20.4,17.3,24.9,,.9,72.9,3.5,
295,남해,2022-09-29,20.8,16.7,26.5,,1.1,73.9,10.9,
295,남해,2022-09-30,20.8,15.7,27.6,,1,71,10.7,
