지점,지점명,일시,평균기온(°C),최저기온(°C),최고기온(°C),일강수량(mm),평균 풍속(m/s),평균 상대습도(%),합계 일조시간(hr),합계 일사량(MJ/m2)
90,속초,2023-05-20,17.8,10.4,24.6,,2.6,65.9,11,
90,속초,2023-05-21,22.5,20,27.3,,1.9,41.5,7.3,
90,속초,2023-05-22,17.9,12.4,21.1,,1.9,49.9,9.3,
90,속초,2023-05-23,16.9,10.7,22.9,,1.2,58.3,12.2,
90,속초,2023-05-24,18.1,10.6,25.5,,2,53.5,11.4,
90,속초,2023-05-25,18.4,15,24.2,0,1.9,62.6,9.2,
90,속초,2023-05-26,19.2,15.2,23.9,0,2.5,62.4,10.7,
90,속초,2023-05-27,18.7,16.1,24.8,6.9,.9,77.3,2.8,
90,속초,2023-05-28,15.6,14.6,17.1,9.6,1.2,98.4,0,
90,속초,2023-05-29,17.3,15.2,21.5,3,1.1,93.8,7,
90,속초,2023-05-30,17.1,14.3,21.6,0,1.8,88.9,4.9,
90,속초,2023-05-31,17.4,12.1,21.3,,1.7,81,10.5,
90,속초,2023-06-01,20.8,16,28.2,0,1.2,71,3.6,
90,속초,2023-06-02,19.4,16.6,24.1,0,1.6,75.5,8.3,
90,속초,2023-06-03,23.5,13.3,30.1,,2.1,44.4,13.8,
90,속초,2023-06-04,25,19.4,29.7,,2.6,37.5,10.8,
90,속초,2023-06-05,25.5,17.7,30.9,,2.2,41.9,12.9,
90,속초,2023-06-06,22.5,19,26,1.3,1.6,55.1,8.9,
90,속초,2023-06-07,24,19.3,26.6,,3.1,54.1,13.9,
90,속초,2023-06-08,23.1,19.1,27.7,0,1.6,57.9,4.8,
90,속초,2023-06-09,19.5,14.3,23.5,12.6,2.2,73.9,13.4,
90,속초,2023-06-10,18.7,16.2,23.4,23.1,1.7,84.9,7.3,
90,속초,2023-06-11,18.7,16.1,22.4,4.9,1.1,89.1,3.3,
90,속초,2023-06-12,18.9,16.7,22.1,2.3,1.1,91.6,1.3,
90,속초,2023-06-13,18.9,15.6,24.3,16.1,1.3,90.8,6,
90,속초,2023-06-14,18.6,13.9,22.5,.2,1.5,86.1,8.4,
90,속초,2023-06-15,19.5,17.1,23.3,.2,1.3,86.9,6,
90,속초,2023-06-16,22.8,16.1,28.8,,1.7,75.9,13.8,
90,속초,2023-06-17,27,20.5,32.2,,1.4,54.1,12.3,
90,속초,2023-06-18,23.4,20.9,27.4,,2.1,73.6,10.8,
90,속초,2023-06-19,22.1,19.1,25.5,,2.2,84,11.4,
90,속초,2023-06-20,21.1,20.3,23.1,0,3.2,84.3,.4,
90,속초,2023-06-21,18.8,17.8,21.3,38.2,2.2,89.1,1.2,
90,속초,2023-06-22,20.4,16.3,23.6,2.2,1.6,82.3,8.1,
90,속초,2023-06-23,21.4,17.7,25.3,,1.2,83,13,
90,속초,2023-06-24,21,16.6,24.8,,2,83,12.3,
90,속초,2023-06-25,21.7,18.6,25.8,,1.9,86.1,11.6,
90,속초,2023-06-26,20.4,19.4,22.1,33.8,1.3,95.9,0,
90,속초,2023-06-27,26.8,20,32.4,15.2,2.6,64.4,11.6,
90,속초,2023-06-28,28.8,23.2,34.3,,1.5,58,11.6,
90,속초,2023-06-29,23.7,19.9,29.1,37.6,1.6,80.3,0,
90,속초,2023-06-30,21.9,19.7,24.8,12.4,1.2,89.4,4.1,
90,속초,2023-07-01,23.2,19.9,27.7,,1.9,84.4,8.4,
90,속초,2023-07-02,25.9,21.7,33,,1.6,72,6.5,
90,속초,2023-07-03,23.4,21.2,26.7,,1.5,87.6,2.5,
90,속초,2023-07-04,23.4,22,26,14.9,1.2,90.1,2.4,
90,속초,2023-07-05,27.4,21.8,33.3,19.4,2.8,64,9.4,
90,속초,2023-07-06,30.1,25.3,34.5,,3.7,47.4,7.5,
90,속초,2023-07-07,24.5,20.7,31.7,,1.2,73.8,7.7,
90,속초,2023-07-08,22.6,19.6,26.6,,1.3,86.4,6.6,
90,속초,2023-07-09,22.5,21.2,26.8,29.4,1.7,90.3,2.4,
90,속초,2023-07-10,27.6,22,33.7,7.4,1.3,68.6,8.3,
90,속초,2023-07-11,26.3,23.2,30.3,1.1,1.7,68.9,4.2,
90,속초,2023-07-12,26,23.3,31.3,,1.3,76.5,10,
90,속초,2023-07-13,24.3,22.9,26.8,9.5,.9,91.4,.2,
90,속초,2023-07-14,26.5,23.1,29.6,10.3,1.3,83.3,.8,
90,속초,2023-07-15,25.9,23.5,29.6,.6,2,75.1,0,
90,속초,2023-07-16,25.3,24,28.2,0,.9,76.9,0,
90,속초,2023-07-17,25,23.8,27.5,0,.9,83.3,0,
90,속초,2023-07-18,25,22.7,28.1,.7,1.2,87,.3,
90,속초,2023-07-19,23.8,21.4,27.5,,1.8,86.3,9.3,
90,속초,2023-07-20,23.8,20.6,27.8,,1.4,88.9,8.8,
90,속초,2023-07-21,24.6,22.4,27.8,,1.5,88.5,2.7,
90,속초,2023-07-22,24.9,22.9,28,.1,1.8,85.9,9.1,
90,속초,2023-07-23,24.5,22.6,28.7,3.5,1.6,84,0,
90,속초,2023-07-24,26.3,23,31.9,8.5,1.4,81.6,7.2,
90,속초,2023-07-25,27.3,23.8,32.9,,1.4,71.9,11.1,
90,속초,2023-07-26,27,23.9,31,2.8,1.3,77.5,5.2,
90,속초,2023-07-27,28.5,25.7,32.5,,1.8,70.6,12.5,
90,속초,2023-07-28,28.2,25.1,32.1,,1.2,76.3,11.5,
90,속초,2023-07-29,29,24.5,33.4,0,1.5,71.8,11.5,
90,속초,2023-07-30,29.1,24.1,35.1,,1.5,66.9,13.1,
90,속초,2023-07-31,27.7,25,30.6,,1,77,5.3,
90,속초,2023-08-01,27.2,23.4,31.8,,1.4,81.4,11.1,
90,속초,2023-08-02,30.3,25.3,34.9,,1.4,67.6,10.4,
90,속초,2023-08-03,31.5,25.1,36.3,,1.8,54.4,12.9,
90,속초,2023-08-04,31.2,26.7,36.6,,1.6,60.6,11.2,
90,속초,2023-08-05,31,26.2,35.8,,1.7,63.1,13.3,
90,속초,2023-08-06,27,25.4,30,55,,88.4,2.1,
90,속초,2023-08-07,23.8,21.6,26.1,67.3,,89.5,,
90,속초,2023-08-08,22.8,21.2,24.3,.4,,86.1,,
90,속초,2023-08-09,21.8,21.1,23.1,34.1,,91.9,,
90,속초,2023-08-10,22.2,20.8,24.2,368.7,4.9,95,,
90,속초,2023-08-11,25.4,22.1,31.6,.3,1.3,76.8,,
90,속초,2023-08-12,23.2,21.8,24.4,.1,1,87.8,,
90,속초,2023-08-13,22.8,22,24.8,0,1,91.6,,
90,속초,2023-08-14,23.2,21.7,26.4,0,1.3,91.1,,
90,속초,2023-08-15,22.1,21.5,23.2,1.8,2.2,91.3,,
90,속초,2023-08-16,23.2,21.2,25.9,0,1.3,86.6,,
90,속초,2023-08-17,24.1,21.9,27.4,,1.5,88.1,,
90,속초,2023-08-18,24.1,21.9,27.7,.2,1.3,89.1,,
90,속초,2023-08-19,24.5,21.7,27.5,,1,89,8,
90,속초,2023-08-20,24.7,23.6,27,6.7,1,90.6,2.2,
90,속초,2023-08-21,25.6,22.9,28.7,,1.1,91,7.7,
90,속초,2023-08-22,26.7,23.1,34.1,.3,1.2,82.3,8.4,
90,속초,2023-08-23,23.4,20.5,29.2,59.7,1.6,91.4,2.6,
90,속초,2023-08-24,22.3,20.9,24.3,29.7,1.1,92.9,0,
90,속초,2023-08-25,23.7,21.4,26.7,6.5,1.5,87.3,10.8,
90,속초,2023-08-26,24.6,20.6,29.3,,1,76.5,10.7,
90,속초,2023-08-27,23.1,21,25.9,,1.4,87,3.5,
90,속초,2023-08-28,21.5,20.6,22.5,13.9,1.1,93.3,0,
90,속초,2023-08-29,23.9,21.8,26,1.9,.7,93.3,.2,
90,속초,2023-08-30,22.5,20.7,24.9,23,1.1,89.9,0,
90,속초,2023-08-31,22.5,19.1,26.6,,1.5,84.6,6.8,
90,속초,2023-09-01,22.8,17.6,28.9,,1.6,76.9,11.8,
90,속초,2023-09-02,22.7,19,26.7,,1.1,75.4,12,
90,속초,2023-09-03,22.5,20.3,24.6,.7,1,88.1,.4,
90,속초,2023-09-04,23.6,21.9,26.4,,1.3,87,1.1,
90,속초,2023-09-05,23.7,21.6,27,,1.2,87.3,5,
90,속초,2023-09-06,23.4,20.5,27,.3,1.7,84.1,5.9,
90,속초,2023-09-07,22.4,18.7,27,,1.5,81,11.7,
90,속초,2023-09-08,22.3,18.4,27.2,,1.8,78.8,12.1,
90,속초,2023-09-09,22.1,17.4,26.8,,1.6,79.5,12,
90,속초,2023-09-10,22.3,18.3,26.2,,1.1,81.3,8,
90,속초,2023-09-11,23,19.2,26.2,,1.2,81.9,4.5,
90,속초,2023-09-12,24.4,20.7,28.5,,1.1,80.1,9.8,
90,속초,2023-09-13,20.2,18.3,23.2,76.8,1,93.8,0,
90,속초,2023-09-14,21.1,18.7,23.5,5.7,1.9,88,.7,
90,속초,2023-09-15,21,19.7,21.8,7,.9,91.9,0,
90,속초,2023-09-16,21.5,20.2,23.2,11.4,1,93.5,0,
90,속초,2023-09-17,22,20.3,23.7,10.6,1.3,92.9,.7,
90,속초,2023-09-18,23.1,20.2,26.1,.2,1.3,88.9,6.5,
90,속초,2023-09-19,25.9,20.6,30.6,,1.6,61.6,8.8,
90,속초,2023-09-20,19.6,16.3,25.5,61.1,2.6,88.5,0,
90,속초,2023-09-21,17.7,14,22,1.9,2.1,76.9,1.2,
90,속초,2023-09-22,18.5,13.6,23.2,,1.4,75.4,11.4,
90,속초,2023-09-23,20.4,16.2,23.8,,2.6,69.6,4.6,
90,속초,2023-09-24,19.3,15,23.7,,1.7,67.5,9.5,
90,속초,2023-09-25,,16.9,21.7,1.3,1.2,,.1,
90,속초,2023-09-26,18.8,17.7,19.9,22.1,1,95.9,0,
90,속초,2023-09-27,19.5,18.2,20.7,9.1,1.1,95.5,0,
90,속초,2023-09-28,23.8,18.9,29.2,,1.2,65.8,10,
90,속초,2023-09-29,20.4,17.5,23.8,,1.6,65.6,5.6,
90,속초,2023-09-30,21.3,17.7,25.9,,1.7,57,3.2,
93,북춘천,2023-05-20,20.1,12.5,27.5,,2.3,70.5,11.2,24.52
93,북춘천,2023-05-21,19.7,16.8,25.1,,3.3,60.3,8.9,24.07
93,북춘천,2023-05-22,18.4,12.5,25.4,,1.3,56.6,9.6,22.73
93,북춘천,2023-05-23,17.2,8.2,26,,1.1,56.1,12.4,28.28
93,북춘천,2023-05-24,18.1,9.6,26.6,,1.1,61.4,10.3,23.39
93,북춘천,2023-05-25,20.4,12.1,27.2,0,1.5,52.8,11.7,26.76
93,북춘천,2023-05-26,19.7,13.3,26.2,.4,1.6,64.8,11.6,25.82
93,북춘천,2023-05-27,17.4,14.3,20.1,16.5,.6,92.1,.7,6.44
93,북춘천,2023-05-28,18.8,17.5,20,21.7,.6,99.8,0,3.66
93,북춘천,2023-05-29,22.9,18.7,29.7,4.9,1,79.6,8.9,24.21
93,북춘천,2023-05-30,21.7,15.2,27.3,,1.6,70.8,7.4,19.74
93,북춘천,2023-05-31,20.6,13.6,27.6,,1.2,66.1,11.2,27.7
93,북춘천,2023-06-01,21.2,17.5,26.3,,.9,77.5,4,15.65
93,북춘천,2023-06-02,21.6,15.9,27.7,,1.4,70.6,11.8,28.15
93,북춘천,2023-06-03,21.5,14.1,28.7,,2.1,57.1,12.8,30.22
93,북춘천,2023-06-04,20.6,12.3,28.9,,1.6,60.8,12.5,28.24
93,북춘천,2023-06-05,20.6,12.3,27.7,,2.3,64.5,12.2,27.37
93,북춘천,2023-06-06,20.5,14,26.5,,1.9,70.5,10.2,22.71
93,북춘천,2023-06-07,21.8,18,27.2,,1.9,74.1,8,24.55
93,북춘천,2023-06-08,20.6,16.4,24.6,1.1,1.4,81.1,,
93,북춘천,2023-06-09,20.7,16.1,27.4,20.1,1.4,73.3,10.1,26.75
93,북춘천,2023-06-10,20,15.8,28.4,9.8,1.3,82,7.2,19.32
93,북춘천,2023-06-11,20.7,16.4,27.8,15,1.2,83,7.9,24.95
93,북춘천,2023-06-12,20.8,17.5,26.7,0,1.1,79.6,5,17.64
93,북춘천,2023-06-13,20.6,16.4,27.5,1.5,1.2,76.8,9.2,23.16
93,북춘천,2023-06-14,20,13.9,28,1.3,1.3,77.8,8.8,27.82
93,북춘천,2023-06-15,21.2,15.9,28.1,,1,77,9.5,23.28
93,북춘천,2023-06-16,23.4,16.5,30.7,,1.3,73,13.3,29.09
93,북춘천,2023-06-17,24,16.1,32.2,,1.1,67.3,12,28.43
93,북춘천,2023-06-18,26,18.6,33.7,,1.1,68.9,10.4,25.03
93,북춘천,2023-06-19,27,19.4,33.4,,1.1,65.1,11.6,25.69
93,북춘천,2023-06-20,22.8,20.4,25.6,.6,.9,83,0,7.51
93,북춘천,2023-06-21,19.6,17.7,22.2,22.8,1.1,92,.2,7.46
93,북춘천,2023-06-22,20.9,17.2,26.2,0,1,82.8,6,18.82
93,북춘천,2023-06-23,23,19,29.5,,.9,79,7.2,21.71
93,북춘천,2023-06-24,24.9,17.5,31.6,,1,73.9,13.1,29.19
93,북춘천,2023-06-25,26.7,20.1,33.2,,.8,75.1,10.9,26.02
93,북춘천,2023-06-26,22.5,19.9,25.2,62.8,.8,95.1,0,3.01
93,북춘천,2023-06-27,24.5,20.6,29.1,4.8,2.4,78.3,5,17.25
93,북춘천,2023-06-28,25.8,20.3,30.9,0,1.5,78.6,9.3,24.83
93,북춘천,2023-06-29,23.4,21.3,25.3,83.1,.8,95.4,0,3.18
93,북춘천,2023-06-30,25,20.7,30.8,57.8,.9,86.9,6.8,21.46
93,북춘천,2023-07-01,27.6,23.2,33.8,,1.2,77.8,11.4,28.21
93,북춘천,2023-07-02,26.5,21.8,31.7,,.9,82.3,7.9,22.67
93,북춘천,2023-07-03,27.7,22.3,34.1,,1,77.9,10.2,26.66
93,북춘천,2023-07-04,25.8,22.5,31.5,52.2,1.2,85.8,6.7,17.68
93,북춘천,2023-07-05,25.1,22.6,29.8,35.7,3.2,80.5,6.3,19.79
93,북춘천,2023-07-06,26.1,22.1,32.4,,1.4,78.8,5.4,18.75
93,북춘천,2023-07-07,25.9,20.6,32.4,,1.3,73.5,11.1,24.63
93,북춘천,2023-07-08,24.9,17.9,31.8,,.9,79.8,7.3,23.29
93,북춘천,2023-07-09,23.6,20.2,28,19.7,.9,89.6,4.5,11.11
93,북춘천,2023-07-10,25.5,21.8,30.9,9.7,1.3,85.8,6.9,19.94
93,북춘천,2023-07-11,22.8,20.9,25.8,39.5,.7,95.1,0,2.97
93,북춘천,2023-07-12,24.7,20.9,29,3.2,.8,88.8,5,16.1
93,북춘천,2023-07-13,24.2,22.8,27.6,58.2,.6,96.1,0,5.28
93,북춘천,2023-07-14,24.5,22.6,26.1,43.1,1.1,96.8,0,2.87
93,북춘천,2023-07-15,23.9,22.6,25.5,7.7,.9,93.9,0,2.88
93,북춘천,2023-07-16,24.2,22.5,27.2,.1,1.1,92.1,.4,7.18
93,북춘천,2023-07-17,24.9,22.6,28.9,.4,.8,91.4,1.6,9.68
93,북춘천,2023-07-18,24.4,22.2,26.9,2.4,.4,93.1,1.2,7.33
93,북춘천,2023-07-19,26.1,20.3,32.9,,1,81.5,11.4,28.45
93,북춘천,2023-07-20,26.3,21.6,32.9,,.9,84,8,22.93
93,북춘천,2023-07-21,28.2,22.5,34.2,,1,76.6,9.6,24.97
93,북춘천,2023-07-22,26.9,23.1,33.6,5.3,1.4,79,8.6,22.13
93,북춘천,2023-07-23,24.4,23.5,25.5,14.7,.6,96.5,0,2.61
93,북춘천,2023-07-24,26.7,24.1,31,7.8,1,86.8,4.8,15.89
93,북춘천,2023-07-25,27.5,23.2,32.8,0,1.5,81.8,9.6,23.37
93,북춘천,2023-07-26,26.2,23.7,30.2,18.4,.8,89,5.2,15.38
93,북춘천,2023-07-27,27.6,23.2,32.9,,1.2,81.3,9.5,24.66
93,북춘천,2023-07-28,28.3,23.7,34.3,,1.1,81.3,9.1,25.15
93,북춘천,2023-07-29,28,23.7,34.7,,1,80.8,9.2,23.1
93,북춘천,2023-07-30,28.4,22.4,34.8,,.8,75.6,12.6,25.38
93,북춘천,2023-07-31,28.5,24.6,34.3,,1,80.3,9.4,20.08
93,북춘천,2023-08-01,28.3,23.2,34.3,,1,80.4,10.2,23.94
93,북춘천,2023-08-02,28.3,24.5,33.5,,1.1,81.8,8,18.73
93,북춘천,2023-08-03,27.7,22.1,33.7,,1.5,77.6,11.6,25.59
93,북춘천,2023-08-04,28.3,23.2,34.7,,1.3,78.3,10.3,22.09
93,북춘천,2023-08-05,29,23.5,35.2,,1,75.9,10.3,24.89
93,북춘천,2023-08-06,28.3,24.3,34.5,3.4,1,84.5,8.5,18.62
93,북춘천,2023-08-07,28.8,25.4,33.9,,1.9,73.3,10.8,22.86
93,북춘천,2023-08-08,28,23,34.1,,1.9,69.3,12.5,26.78
93,북춘천,2023-08-09,26.1,22.8,30.3,2.8,1.8,76.1,2.5,14.06
93,북춘천,2023-08-10,22.1,20.8,23.9,49.6,1.6,92.1,0,2.36
93,북춘천,2023-08-11,22.9,20.9,25,10.7,.9,93.5,0,5.47
93,북춘천,2023-08-12,24,21.7,28.1,2.4,.9,88.3,2.4,12.14
93,북춘천,2023-08-13,25.8,22,30.4,,.6,84.6,4.7,14.88
93,북춘천,2023-08-14,27.9,22.8,33.7,,1.1,75.5,11.8,24.81
93,북춘천,2023-08-15,26.8,22,32.4,,1.2,74.8,10,21.17
93,북춘천,2023-08-16,26.7,20.6,32.7,,.9,75.8,11.6,25.39
93,북춘천,2023-08-17,27.1,23,32.8,,.8,78.4,9.1,20.72
93,북춘천,2023-08-18,28.3,23,34.2,,.9,76.6,11.3,23.98
93,북춘천,2023-08-19,28.8,25.1,34.1,0,.8,80.6,8.7,21.06
93,북춘천,2023-08-20,27.8,25,33.1,0,.8,81.6,5.1,15.31
93,북춘천,2023-08-21,28.4,23.9,34.3,,1.1,80.8,9.8,20.36
93,북춘천,2023-08-22,27.8,25.1,31.5,.1,1.9,81.6,5.2,12.55
93,북춘천,2023-08-23,24.6,21.6,30.2,68.5,.7,92.6,.6,5.93
93,북춘천,2023-08-24,23,21.1,24.8,19.9,.7,94.3,0,5.25
93,북춘천,2023-08-25,25.6,21.5,31.1,1.8,1.3,82.5,7.8,20.91
93,북춘천,2023-08-26,24.7,20.7,30.4,,.8,81.1,8.8,19.44
93,북춘천,2023-08-27,24.4,19.5,28.5,,.8,78.8,4.6,13.02
93,북춘천,2023-08-28,22.3,20.4,24.7,5.1,1.4,88.4,0,4.38
93,북춘천,2023-08-29,23,21.4,25.3,26.3,.7,95.9,0,3.22
93,북춘천,2023-08-30,21.8,19.7,25.6,13,.6,93.1,.3,6.81
93,북춘천,2023-08-31,22.4,18.9,27.6,0,.7,85.4,6.3,16.86
93,북춘천,2023-09-01,22.8,18.4,29.6,,.9,78.5,9.3,22.77
93,북춘천,2023-09-02,22.6,17.3,30,,.8,81.8,9.5,20.02
93,북춘천,2023-09-03,22.9,20,27.5,.9,.7,91.1,3.4,10.85
93,북춘천,2023-09-04,25.5,22.1,30.3,0,.8,86.6,4.5,13.19
93,북춘천,2023-09-05,26.6,22.3,32.4,,.9,79.3,9,20.04
93,북춘천,2023-09-06,24.9,19.7,31.4,,1.3,75.9,10.9,20.46
93,북춘천,2023-09-07,22.9,16.9,30.7,,1.4,70,11.9,23.88
93,북춘천,2023-09-08,22.2,14.8,30.3,,.8,75.8,11.8,23.69
93,북춘천,2023-09-09,23.4,17,30.7,,.8,81.8,9.6,21.72
93,북춘천,2023-09-10,24.7,19.7,31.4,,.8,79.4,10.4,20.53
93,북춘천,2023-09-11,24.2,20,30.2,,.8,81.4,7.7,18.19
93,북춘천,2023-09-12,23.5,19.8,30.3,,.8,76.3,8.5,18.42
93,북춘천,2023-09-13,20.1,18.4,22.3,25.7,.6,95.4,0,3.37
93,북춘천,2023-09-14,22.1,18.4,26.3,0,1.4,78.3,4,12.38
93,북춘천,2023-09-15,20.7,19.1,22.9,7.6,.7,94.6,0,4.37
93,북춘천,2023-09-16,22.5,20.6,25.6,14.1,.6,95,.2,5.8
93,북춘천,2023-09-17,23.6,21.1,28.4,26.6,.8,91,6.7,16.73
93,북춘천,2023-09-18,23.8,20,29.8,1.4,.9,88.3,7.3,16.2
93,북춘천,2023-09-19,22.2,18.6,26.9,,.8,89.1,3.6,11.33
93,북춘천,2023-09-20,20.3,18.7,22.2,8.2,1,89.8,0,3.54
93,북춘천,2023-09-21,18.8,13.7,22.9,,1.6,72.3,3.8,12.01
93,북춘천,2023-09-22,17.8,12.7,25.5,,.8,80.9,7.8,18.98
93,북춘천,2023-09-23,18.6,12.1,26.3,,1.3,76.5,9.4,17.59
93,북춘천,2023-09-24,18.6,11.5,25.2,,1.7,68,9.8,19.66
93,북춘천,2023-09-25,20,15.2,26.4,3.5,.7,79.9,6.8,15.86
93,북춘천,2023-09-26,19.6,18.1,21,9.6,.5,96.6,0,4.3
93,북춘천,2023-09-27,20.4,18.9,23.5,6.1,.5,95,.6,6.64
93,북춘천,2023-09-28,21.6,17.2,26.9,,1,83.9,7.7,15.23
93,북춘천,2023-09-29,19.2,15.7,25.2,,.7,81.9,6.5,15.48
93,북춘천,2023-09-30,16.9,13.1,22.9,15.8,1.1,89.5,2.8,9.09
95,철원,2023-05-20,19.8,13.7,26.4,0,1.8,68.9,10.1,24.84
95,철원,2023-05-21,18.1,14.8,22.4,.2,2.3,64.3,9.9,24.5
95,철원,2023-05-22,18.6,13.2,25.3,,1.5,54.8,8.9,26.51
95,철원,2023-05-23,17.2,9.4,24.9,0,1.1,54.4,12.4,28.64
95,철원,2023-05-24,18.5,10.3,26,,1.1,59.5,11.6,24.45
95,철원,2023-05-25,18.8,10.6,25.9,0,1.2,54,10.6,25.97
95,철원,2023-05-26,18.9,12.3,24.6,.6,1.2,67.6,11.7,25.7
95,철원,2023-05-27,17.1,13.6,19.9,28.5,.6,92.3,.4,5.9
95,철원,2023-05-28,18.6,17.3,20,20.9,1,96.9,0,3.24
95,철원,2023-05-29,23,18,29.8,6.5,1.2,76.3,10.7,27.12
95,철원,2023-05-30,21.5,15.3,27.2,,2.3,63.5,7.9,20.6
95,철원,2023-05-31,21.1,13.9,27,,1.2,65.8,11,27.35
95,철원,2023-06-01,21.1,18,25.8,,1,74.4,6.2,16.87
95,철원,2023-06-02,20.2,16.6,25.4,,1.4,73,9,23.54
95,철원,2023-06-03,20.6,13,27.5,,1.6,59.8,13.5,30.4
95,철원,2023-06-04,20.2,12,26.7,,1.5,60.9,11.4,23.93
95,철원,2023-06-05,20.1,12.3,27.1,0,1.8,66.6,10.1,24.3
95,철원,2023-06-06,19.6,17,23.8,0,1.9,71.5,7.1,18.54
95,철원,2023-06-07,20.9,17.1,25.6,,1.7,76.4,8.1,24.48
95,철원,2023-06-08,19.4,16.2,23.5,1.6,1.5,83.6,,
95,철원,2023-06-09,19.8,13.5,26.8,34.2,1.1,68.9,10.4,26.76
95,철원,2023-06-10,18.9,15.3,27.1,35.8,1.2,86.8,4.4,15.1
95,철원,2023-06-11,20.6,16,26.7,2.2,1,80.8,9.8,26.23
95,철원,2023-06-12,20.5,16.1,25.9,,1,78.9,6.4,17.84
95,철원,2023-06-13,19.6,15.3,25.9,2.2,1.3,80.4,8.8,23.89
95,철원,2023-06-14,19.7,13.2,26.3,0,1,75.8,10.2,25.3
95,철원,2023-06-15,21.6,14.9,27.7,,1,71.9,11,28.76
95,철원,2023-06-16,22.6,16.2,28.8,,1.3,69.9,13.2,29.38
95,철원,2023-06-17,23,15.1,30.3,,1.1,69.9,11.9,28.2
95,철원,2023-06-18,24.7,17.8,33.3,,1.3,73.9,9.1,24.88
95,철원,2023-06-19,26.1,18.5,32.4,,1.5,67.6,11.7,26.43
95,철원,2023-06-20,22.3,20.1,25,.3,1.3,82.6,.2,7.3
95,철원,2023-06-21,19,16.4,22.7,30,2.2,87.9,.7,7.36
95,철원,2023-06-22,19.7,15.8,26.1,7.2,1,86,5.4,15.28
95,철원,2023-06-23,22,16.8,28.5,,.9,82.9,8.1,24.23
95,철원,2023-06-24,24.3,17.9,30,,1,77.6,13,29.18
95,철원,2023-06-25,26,19.1,32.1,,.8,75.4,11,27.15
95,철원,2023-06-26,22.3,20.1,24.6,38.5,1.3,94.8,0,2.49
95,철원,2023-06-27,23.1,19.8,27.4,3.6,2.2,82,6.7,19.76
95,철원,2023-06-28,24.6,19.3,29.7,,1.2,83,8,24.78
95,철원,2023-06-29,22.4,20.4,24.4,60.9,1.1,97,0,3.05
95,철원,2023-06-30,25,19.7,30.7,3.9,1.2,85.4,8.7,24.12
95,철원,2023-07-01,26.9,22.2,32.2,,1.3,80.6,10.3,28.4
95,철원,2023-07-02,26.3,22.6,30.4,,1.1,81,8.3,22.56
95,철원,2023-07-03,26.7,21.3,32.9,,1.1,82.1,11.7,28.82
95,철원,2023-07-04,25.2,21.2,31.1,50.5,1.1,86.4,5.6,16.1
95,철원,2023-07-05,23.8,21,28.1,21.9,3,85.3,5.8,20.01
95,철원,2023-07-06,25.7,21,31.3,,1.5,78.5,6.5,19.02
95,철원,2023-07-07,25.2,19.7,33.3,,1,75.9,11.9,26.88
95,철원,2023-07-08,25,17.7,31.5,,1,79,8.8,25.77
95,철원,2023-07-09,23.3,18.8,26.6,34,1.4,87.8,5,13.43
95,철원,2023-07-10,25.9,21.9,30.3,,1.4,80.6,8.1,23.96
95,철원,2023-07-11,22.7,20.5,26.4,31.7,1.2,93.9,0,4.3
95,철원,2023-07-12,24.5,21.1,28.6,0,1,88.9,5.3,16.65
95,철원,2023-07-13,23.9,22.5,26.9,29.7,.6,96.1,0,5.26
95,철원,2023-07-14,24.5,22.4,26.4,31,2,95.6,.1,3.38
95,철원,2023-07-15,24.4,22.9,27.2,60.7,2.1,93,.5,5.88
95,철원,2023-07-16,23.9,22.3,27.2,2.6,1.9,90.8,1.6,9.72
95,철원,2023-07-17,23.7,21.8,26.2,.8,.9,93.8,1.9,8.55
95,철원,2023-07-18,24.5,21.3,28.7,0,.9,88.5,4.4,16.06
95,철원,2023-07-19,25.8,20.2,31.6,,.9,80.9,11.6,27.81
95,철원,2023-07-20,26.3,20.7,32,,.9,83.8,8.7,24.2
95,철원,2023-07-21,27.2,22,32.8,0,1,82,9.8,23.63
95,철원,2023-07-22,26.4,22.1,33.6,8,1.3,80,8.1,22.05
95,철원,2023-07-23,24.7,23.2,25.9,22.5,1.9,92.6,0,4.13
95,철원,2023-07-24,26.7,24.1,30.2,0,1.4,85.6,6.2,19.64
95,철원,2023-07-25,25.8,23.4,30.1,9.3,1.1,89.5,5,15.77
95,철원,2023-07-26,24.7,21.6,29.8,74,1.2,91.3,5.3,13.07
95,철원,2023-07-27,27,23,31.7,,1,83,9.3,24.2
95,철원,2023-07-28,26.6,22.3,33.1,4.4,1,85.6,10.6,24.56
95,철원,2023-07-29,26.6,22,32.4,2.3,1.1,84,10.4,24.22
95,철원,2023-07-30,27.6,21.8,32.8,,1,77.6,12.8,26.38
95,철원,2023-07-31,27.4,22.8,32.4,,.9,83.5,8.7,21.53
95,철원,2023-08-01,27.8,23,33.8,,.8,82,10.7,24.13
95,철원,2023-08-02,27.2,23.2,32.5,,1.2,80.8,9.2,23.11
95,철원,2023-08-03,27.4,21.7,32.2,,1.5,78.5,11,25.77
95,철원,2023-08-04,27.6,22.5,32.9,,1.2,80,10.5,24.4
95,철원,2023-08-05,28,22.2,33.4,.1,1,78.8,12.3,27.19
95,철원,2023-08-06,27.7,24.1,33.3,0,1.7,83,7.3,18.27
95,철원,2023-08-07,26.5,22.8,31.7,0,4,76.4,9.8,24.51
95,철원,2023-08-08,27.3,22.1,33.7,,3.3,73.9,12.6,26.06
95,철원,2023-08-09,24.4,21.9,29.7,4.2,3.4,84.4,2.5,11.35
95,철원,2023-08-10,21.4,20.2,22.7,50.1,3.2,93.1,0,2.46
95,철원,2023-08-11,21.7,20.2,23.2,18.7,1.1,96,0,5.42
95,철원,2023-08-12,23.1,20,27.4,1.1,.8,90.5,2.6,11.15
95,철원,2023-08-13,25.1,21.5,29.9,0,.6,90.3,3.6,14.89
95,철원,2023-08-14,26.5,21.9,32.4,,1.2,82.3,8.9,24.1
95,철원,2023-08-15,25.9,21.7,31.1,,1.9,78.4,10.3,21
95,철원,2023-08-16,25.8,20.1,31.3,.7,1.2,79.3,10.6,24.45
95,철원,2023-08-17,26.3,21.5,32.3,,.8,83.3,10.1,22.86
95,철원,2023-08-18,27.3,21.7,33.4,,.8,82,11.3,23.62
95,철원,2023-08-19,27.7,24.1,32.6,,.8,83.5,8.3,20.39
95,철원,2023-08-20,26.4,23.2,31,0,.8,86,4.3,14.43
95,철원,2023-08-21,26.6,22.9,32.3,1,1,86.6,8.1,17.95
95,철원,2023-08-22,26.2,24.2,30.1,27.6,1.3,89.1,2.7,10.21
95,철원,2023-08-23,23,20.3,25.7,73.7,1.3,95.6,0,2.57
95,철원,2023-08-24,22.6,20.4,25,8,2.3,94,1.5,8.93
95,철원,2023-08-25,24.4,20.6,29.8,.2,1,85.3,6.9,18.45
95,철원,2023-08-26,23.7,20.1,29.3,,1,85,9.1,19.45
95,철원,2023-08-27,23.3,18.5,28.2,0,1.3,85,2.9,12.32
95,철원,2023-08-28,20.9,19.2,23.1,9.3,2.2,93.6,0,3.48
95,철원,2023-08-29,22.7,21.3,25,46.9,1.3,95.6,.2,2.86
95,철원,2023-08-30,22.1,19.2,26.1,0,.8,88.3,2.2,11.35
95,철원,2023-08-31,22.4,17.9,27.5,,.8,82.3,9,20.86
95,철원,2023-09-01,21,16.3,27.9,,.9,83.3,8.8,20.21
95,철원,2023-09-02,21.6,15.7,29.5,,.9,80.5,10.3,22.79
95,철원,2023-09-03,23.2,17.5,29,0,.6,85.6,5.8,15.68
95,철원,2023-09-04,24.8,21.5,29.9,2.2,1,90.1,4.9,13.44
95,철원,2023-09-05,25.6,21.6,31.8,,1,82,9.7,22.13
95,철원,2023-09-06,24.8,19.6,31.3,,1.7,75.4,11.7,22.25
95,철원,2023-09-07,22.9,16.1,31,,1.1,72.1,11.9,24
95,철원,2023-09-08,21.5,14,29.2,,.9,76.4,11.7,23.62
95,철원,2023-09-09,23,15.9,30.3,0,.7,81.3,10.4,23
95,철원,2023-09-10,23.4,17.9,28.9,,.8,82.9,7.6,16.68
95,철원,2023-09-11,23,19.7,28.9,,.7,83.1,6.8,13.97
95,철원,2023-09-12,23.1,17.4,29.4,,.9,81.4,10.1,19.98
95,철원,2023-09-13,19.9,18.1,22.8,16.2,1.2,96.6,0,3.78
95,철원,2023-09-14,21.7,17.5,26.6,,2.7,79.8,6.2,14.4
95,철원,2023-09-15,21.2,19.7,24.3,.9,2.2,87.6,.8,6.61
95,철원,2023-09-16,22.6,20.2,27.1,16.3,.7,94,2,9.39
95,철원,2023-09-17,23.2,20.2,28.3,30.5,.9,88.9,7.3,16.7
95,철원,2023-09-18,23.7,20.6,28.6,.8,1,86.1,7.6,15.28
95,철원,2023-09-19,22.7,18.2,26.9,,1.2,85.6,4.2,11.9
95,철원,2023-09-20,19.4,16.7,21.4,10.2,2,93.9,0,3.82
95,철원,2023-09-21,17.6,13,22.8,,2.3,77.5,4.5,13.1
95,철원,2023-09-22,17.1,10.7,25.3,,.7,79.3,9.3,20.81
95,철원,2023-09-23,18.4,12,26,,1.6,78.4,9.5,17.06
95,철원,2023-09-24,18.7,12,25,,1.7,67,9.5,19.34
95,철원,2023-09-25,19.5,14.7,24.8,.8,.7,80.5,5.1,13.77
95,철원,2023-09-26,19.3,17.5,21.9,7.7,1.2,95.5,.6,4.86
95,철원,2023-09-27,20.6,18.4,23.5,.8,.9,93,2.5,7.19
95,철원,2023-09-28,21.2,16.4,25,,1.1,83.3,5.7,12.13
95,철원,2023-09-29,18.1,14,24.2,,.8,77.4,6.4,16.01
95,철원,2023-09-30,16.4,12,22,16.5,1,89.1,1.9,6.26
98,동두천,2023-05-20,19.7,14.3,26.6,,2,73.3,9.3,23.42
98,동두천,2023-05-21,17.7,14.5,23.4,.1,2.2,71.6,7.7,22.34
98,동두천,2023-05-22,19.2,13.3,26.3,,.6,57.1,8.3,23.58
98,동두천,2023-05-23,18.8,10.5,27,0,.8,48.4,12.4,29.84
98,동두천,2023-05-24,18.8,11.3,26.7,,1.1,58.1,8.9,22.41
98,동두천,2023-05-25,19.1,12.1,27.1,0,1.3,53.6,10.3,26.28
98,동두천,2023-05-26,19.7,13,25.9,.4,1.1,64,11,24.06
98,동두천,2023-05-27,17.4,14.5,19.8,32.8,.5,93.1,0,4.29
98,동두천,2023-05-28,18.3,17.6,19.4,22.9,1.1,100,0,3.01
98,동두천,2023-05-29,23,18.1,29.5,2.3,.6,83.5,7.1,21.41
98,동두천,2023-05-30,22.2,16.7,28.1,,1,70.4,6,19.85
98,동두천,2023-05-31,21.3,14.6,27.2,,1.3,71,10,25.23
98,동두천,2023-06-01,21.4,17.7,26.3,,.8,73.1,4.4,15.93
98,동두천,2023-06-02,19.6,16.1,26.3,,1.3,82.4,5,18.14
98,동두천,2023-06-03,21.1,13.8,28.3,,2,61.9,11.7,29.2
98,동두천,2023-06-04,20.9,13.8,27.7,,1.7,59.3,11.8,27.66
98,동두천,2023-06-05,20.4,13.8,27.2,,2.1,69.8,9.5,24.49
98,동두천,2023-06-06,19.6,16.1,25.1,0,1.6,76.4,5.2,18.59
98,동두천,2023-06-07,20.8,16.7,24.5,.2,1.4,79.8,2.9,16.1
98,동두천,2023-06-08,19.5,16.8,23,28.9,1.6,85.5,1.4,9.29
98,동두천,2023-06-09,20.5,15.6,26.9,6.7,.8,73.8,10.9,26.9
98,동두천,2023-06-10,20.1,16.7,27.5,12.7,1.1,83.3,4.6,14.86
98,동두천,2023-06-11,20.8,16.1,27,6.5,.6,83.8,7.2,22.98
98,동두천,2023-06-12,20.8,16.1,26.3,0,1,83.1,6.4,18.77
98,동두천,2023-06-13,20.5,16,26,.4,1.3,78.6,8.5,22.61
98,동두천,2023-06-14,19.5,14,26.8,3.4,.6,80.5,5.5,18.35
98,동두천,2023-06-15,21.7,15.5,28.5,,.9,76.1,10,26.29
98,동두천,2023-06-16,22.7,16.7,29,,1.2,72.4,11.7,28.55
98,동두천,2023-06-17,22.9,15.6,29.6,,1.2,66.8,11.5,27
98,동두천,2023-06-18,24.6,17.7,32,,.8,74.3,9.6,26.08
98,동두천,2023-06-19,26.6,19.8,33,,.8,68.5,10.9,25.5
98,동두천,2023-06-20,22.9,19.8,25.3,3.8,.7,82.4,0,6.67
98,동두천,2023-06-21,19,17.1,21.6,19.4,.5,96.4,0,6.28
98,동두천,2023-06-22,20.6,16.9,25.5,6,.9,86.1,4.4,16.61
98,동두천,2023-06-23,22.5,17,28.8,,.4,83.9,4.9,18.7
98,동두천,2023-06-24,24.9,19.1,30.7,,.6,79,11.4,26.13
98,동두천,2023-06-25,26.4,20,32,,.5,74.4,10.1,24.61
98,동두천,2023-06-26,22.9,20.8,26.5,28.5,1.4,93.5,0,2.39
98,동두천,2023-06-27,23.1,20.6,27.3,1.4,2.3,85.3,2.2,15.86
98,동두천,2023-06-28,25,20.4,29.4,,1.1,84.5,5.8,20.01
98,동두천,2023-06-29,23.5,21.6,25,79.5,.8,97.1,0,2.43
98,동두천,2023-06-30,24.5,20.3,30.1,21,.7,91.1,5.5,18.78
98,동두천,2023-07-01,26.6,22,32.4,,.8,83.6,9.4,26.62
98,동두천,2023-07-02,25.8,22,29.9,,.8,86,5.9,21.14
98,동두천,2023-07-03,27.3,21.8,33.4,,.5,80.4,10,26.2
98,동두천,2023-07-04,25.1,22.7,28.8,43.7,1.4,90.8,.7,9.62
98,동두천,2023-07-05,23.5,21.2,27.6,10.8,2.9,89.3,4.1,17.76
98,동두천,2023-07-06,26.2,21.6,31.5,,2.1,78.3,7.2,22.11
98,동두천,2023-07-07,25.6,21.1,33.1,,1.1,72.8,10,25.48
98,동두천,2023-07-08,25.1,18.7,31.3,0,1.1,80.6,6.1,21.42
98,동두천,2023-07-09,23.7,19.8,26.2,12.1,1.2,89,2.6,10.58
98,동두천,2023-07-10,26.1,23.1,30.1,0,1.7,84.8,5.4,19.67
98,동두천,2023-07-11,22.3,20.3,25.2,65.3,.8,96.3,0,2.82
98,동두천,2023-07-12,24.6,21.2,28.7,8.3,.3,92.9,1.3,12.16
98,동두천,2023-07-13,24.2,23.3,25.8,53.4,.5,96.6,0,3.65
98,동두천,2023-07-14,24.1,23.1,25.2,48,1.1,99.3,0,1.35
98,동두천,2023-07-15,24.1,22.8,25.3,19.5,1,96.3,0,2.03
98,동두천,2023-07-16,23.5,22.3,26.2,2.7,.6,94.3,0,5.59
98,동두천,2023-07-17,23.6,22.2,26.4,.9,1,96,.5,7.29
98,동두천,2023-07-18,24.6,22,27.7,.8,.7,93,1.4,12.14
98,동두천,2023-07-19,26.3,20.8,31.8,,.8,84,10.7,27.09
98,동두천,2023-07-20,26.8,21.7,32.4,,.8,81.3,10.6,24.38
98,동두천,2023-07-21,27.6,21.8,33.3,,.7,79.4,10.9,24.5
98,동두천,2023-07-22,26.5,23,33.4,4.6,1.8,80.4,7.6,20.85
98,동두천,2023-07-23,24.2,23.1,25.6,34.8,1.9,97.6,0,2.88
98,동두천,2023-07-24,26.1,24,30,0,1.3,89.8,4,15.29
98,동두천,2023-07-25,26.4,23.9,30.5,.8,1.5,88.4,4.7,18.29
98,동두천,2023-07-26,25.1,21.8,29.6,49.9,1.1,93.6,4.7,17.21
98,동두천,2023-07-27,27.5,23.2,32.1,,.9,84.3,8.3,22.41
98,동두천,2023-07-28,27.4,23,33,,1,84.1,8.9,21.86
98,동두천,2023-07-29,27.3,23.3,32,0,1,81.1,9,20.74
98,동두천,2023-07-30,28.1,22.5,33.5,,.7,76.6,11.8,24.03
98,동두천,2023-07-31,27.9,23.9,32.5,,.8,82.6,8.8,22.37
98,동두천,2023-08-01,28.6,23.7,33.5,,.8,80.3,11.5,24.02
98,동두천,2023-08-02,27.6,24.2,32.9,,1.1,81,8.3,20.37
98,동두천,2023-08-03,27.4,22.3,32.4,,1.2,80.4,8.6,23.58
98,동두천,2023-08-04,27.9,23.3,32.9,,1,79.8,9.6,23.89
98,동두천,2023-08-05,28.2,23.2,33.4,,.8,81.5,10.1,21.37
98,동두천,2023-08-06,28.5,24.8,32.6,0,.8,84.6,4.8,16.26
98,동두천,2023-08-07,28.3,24.9,33.6,,1.1,77.6,8.3,19.96
98,동두천,2023-08-08,28.6,23.1,34.3,,1.2,73.8,10.4,22.39
98,동두천,2023-08-09,25.5,23.5,31,1.1,1.4,84,2.7,12.41
98,동두천,2023-08-10,21.1,20,23.6,55.7,1.8,95.5,0,2.68
98,동두천,2023-08-11,21.9,20,24.3,33.3,1.5,97,0,3.96
98,동두천,2023-08-12,22.6,20.2,25.2,10.7,1,94,0,6.65
98,동두천,2023-08-13,25.5,21.5,30.6,0,.6,89.1,2.6,15.11
98,동두천,2023-08-14,26.7,22.2,32.7,,.8,85.3,9.9,22.71
98,동두천,2023-08-15,26.5,22.6,30.8,,.8,83.1,8.2,18.81
98,동두천,2023-08-16,25.9,21.5,31.3,,.7,81.8,6.5,18.19
98,동두천,2023-08-17,26.5,22.5,32.5,,.6,82.9,8.9,21.24
98,동두천,2023-08-18,27.3,22.7,33.2,1.1,.6,85.8,6.7,19.2
98,동두천,2023-08-19,27.9,24.7,32.9,0,.8,81.9,8.7,20.98
98,동두천,2023-08-20,26.5,23.3,30.4,0,.7,86.1,3.3,13.65
98,동두천,2023-08-21,27.4,23.2,32,1.2,1,84.6,7.4,16.36
98,동두천,2023-08-22,25.9,24.1,31.1,22.8,1.4,93.9,1.7,10.24
98,동두천,2023-08-23,23.4,21.1,25.5,53.8,.9,97.8,0,2.18
98,동두천,2023-08-24,23.5,20.7,27.5,13.7,.8,93.6,.3,9.33
98,동두천,2023-08-25,25.5,22.6,29.7,,1.4,86,7.5,21.7
98,동두천,2023-08-26,24.1,20.7,29.5,,.7,84.6,6.1,17.71
98,동두천,2023-08-27,24.1,20,28.2,0,.6,86.6,1.7,11.86
98,동두천,2023-08-28,21.9,19,25.2,14.2,1.4,91,0,3.45
98,동두천,2023-08-29,22.8,21.2,25.8,47.8,1.7,95.8,0,2.97
98,동두천,2023-08-30,22.1,20.1,26.1,.5,.5,92.4,.6,9.08
98,동두천,2023-08-31,22.5,18.7,28.3,,.7,85,7.2,18.62
98,동두천,2023-09-01,22,16.7,27.9,,.7,80.8,10.8,22.39
98,동두천,2023-09-02,22.6,16.6,29.1,,.6,79.1,11.2,21.97
98,동두천,2023-09-03,24,19.5,29,,.7,87.1,1.6,11.85
98,동두천,2023-09-04,25.4,22.5,30.8,1.7,.8,89.8,2.4,13.33
98,동두천,2023-09-05,26.4,22.7,32,,.7,82.6,9.6,22.42
98,동두천,2023-09-06,25.3,21,31.2,,.9,78.8,8,17.96
98,동두천,2023-09-07,23.5,17.2,30.7,,.8,71.4,11.3,23.55
98,동두천,2023-09-08,22.4,15.8,28.9,,.7,74.3,11.2,22.72
98,동두천,2023-09-09,23.7,17.2,30.4,,.7,79,10.5,22.27
98,동두천,2023-09-10,23.5,18.8,29.5,,.7,84.9,7.5,15.64
98,동두천,2023-09-11,23.8,20.6,29.3,,.8,80.3,8.6,18.62
98,동두천,2023-09-12,23.3,18.6,29.2,,.6,82.8,6.9,16.12
98,동두천,2023-09-13,20.3,18.1,23,16.5,.6,95.8,0,3.48
98,동두천,2023-09-14,21.8,17.6,26.3,,.9,84.6,4.5,12.98
98,동두천,2023-09-15,21.5,18.8,24.5,1.1,.7,89.5,.1,5.77
98,동두천,2023-09-16,23.1,20.8,27.4,8.7,.5,94.3,.8,7.77
98,동두천,2023-09-17,23.6,20.8,27.7,2.9,.7,91.5,4.8,13.65
98,동두천,2023-09-18,23.5,20.2,28.5,1.5,.9,88.6,6.7,15.29
98,동두천,2023-09-19,22.8,19.5,27,,1,89.4,.8,9.22
98,동두천,2023-09-20,19.8,17.7,22.2,8,.8,95.1,0,3.63
98,동두천,2023-09-21,18.2,14.1,22,0,1,79.6,.8,11.04
98,동두천,2023-09-22,17.7,12.5,25.4,,.6,78.8,9.2,20.12
98,동두천,2023-09-23,19.6,13.3,26.2,,.9,75.4,10.8,18.71
98,동두천,2023-09-24,19.5,13.4,25.4,,1.1,66.5,8.6,18.27
98,동두천,2023-09-25,19.7,14.9,26.3,1.8,.6,80,3.1,12.94
98,동두천,2023-09-26,19.4,17.3,21.2,12.2,.4,98.5,0,3.81
98,동두천,2023-09-27,20.5,18.7,23.6,1.8,.6,95.4,.9,5.73
98,동두천,2023-09-28,21.2,17.8,26.5,,1,86.3,7.1,15.14
98,동두천,2023-09-29,18.9,14.8,25.6,,.7,74.1,6.7,15.47
98,동두천,2023-09-30,17.9,14.3,22.2,.1,1,85.4,1.4,7.17
99,파주,2023-05-20,19,13.3,25.8,,2,78.4,10,25.56
99,파주,2023-05-21,17.2,14.6,23,.5,2.2,80,6.7,21.86
99,파주,2023-05-22,18.8,13.1,25.5,0,1.4,64.6,8.9,24.9
99,파주,2023-05-23,17.6,9.5,26.3,,1,66.5,11.8,27.31
99,파주,2023-05-24,17.4,10.1,25.6,,.9,72.3,6.2,20.97
99,파주,2023-05-25,18.1,9.6,26.2,0,1.1,66.6,10.4,26.41
99,파주,2023-05-26,19,12.3,25.5,0,1.1,69.5,10.9,25.48
99,파주,2023-05-27,17,14,18.5,41.2,.6,97.1,0,3.35
99,파주,2023-05-28,18.6,17.7,19.7,18.7,1.2,99.9,0,3.66
99,파주,2023-05-29,22.9,18.1,29.6,1.3,.9,84.3,8.8,24.51
99,파주,2023-05-30,21.4,16.7,27.6,,1.5,76.3,5.1,20.17
99,파주,2023-05-31,20.8,15.1,27.2,,1.3,75.3,7.7,24.21
99,파주,2023-06-01,20.6,17.1,25.7,,.6,81,4.2,16.1
99,파주,2023-06-02,19.2,15,25.7,,1,88.5,6.7,18.17
99,파주,2023-06-03,20.1,12.8,27.8,,1.5,70.5,12,28.64
99,파주,2023-06-04,20.2,13.6,27.3,,1.4,72,8.8,26.34
99,파주,2023-06-05,19.8,13.3,25.7,,1.8,77.1,8.2,23.04
99,파주,2023-06-06,19,14.8,24.7,0,1.7,82.5,4.1,19.6
99,파주,2023-06-07,20.2,17.5,23.6,.1,1.5,84.5,.9,13.04
99,파주,2023-06-08,19.1,16.3,22.1,45.2,1.6,90.8,.3,7.79
99,파주,2023-06-09,20.4,14.6,26.2,1.5,.8,83.8,10.6,25.71
99,파주,2023-06-10,20.5,17.2,26.6,13.5,1.2,87.1,3.1,14.32
99,파주,2023-06-11,20.9,16.1,26.8,1.6,1.1,83,9,26.02
99,파주,2023-06-12,20,15.8,26.8,,.6,87.4,5.2,20.4
99,파주,2023-06-13,19.9,16.5,25.1,.3,1,84.3,8.7,25.03
99,파주,2023-06-14,19.9,14.7,27,,.9,83.9,8.2,26.97
99,파주,2023-06-15,21.4,16.1,27.6,,1,81.5,9.4,25.62
99,파주,2023-06-16,21.6,16.7,28.1,,1,77.8,12,28.7
99,파주,2023-06-17,21.6,14.6,28.9,,.8,76.4,10.1,26.39
99,파주,2023-06-18,23,17.2,31,,.7,77.3,10.3,26.71
99,파주,2023-06-19,25.4,18.5,32.3,,1.1,77.6,10.3,24.97
99,파주,2023-06-20,22.4,19.5,24.7,6.6,.9,88.3,0,6.31
99,파주,2023-06-21,19.1,17,22.3,15,1.4,96.4,0,7.19
99,파주,2023-06-22,21.5,16.7,26.8,.4,1,86.1,6.6,21.24
99,파주,2023-06-23,22.8,17.6,28.6,,.7,87.3,7,21.62
99,파주,2023-06-24,24.5,19,30.2,,.8,83.8,12.1,26.76
99,파주,2023-06-25,25.5,19.3,31.5,,.8,83,8.3,24.62
99,파주,2023-06-26,22.7,20.7,24.7,40.6,1.8,95.4,0,3.07
99,파주,2023-06-27,23.1,20.5,26.7,2.2,1.8,87.1,2.6,15.75
99,파주,2023-06-28,24.2,21.1,28.7,0,1,90.5,3.8,18.89
99,파주,2023-06-29,23.1,22,24.1,62.9,1.1,99.4,0,2.27
99,파주,2023-06-30,24,20.2,29.8,22.1,1.1,92.8,6.2,18.25
99,파주,2023-07-01,25.4,20.8,31.5,,.9,89.1,9.4,26.69
99,파주,2023-07-02,24.4,21.7,29.2,,.7,91.5,4.1,17.51
99,파주,2023-07-03,26.9,21.6,32.5,,.9,86.8,9.4,25.77
99,파주,2023-07-04,24.5,22.7,27.5,73.7,1.5,96.5,0,5.35
99,파주,2023-07-05,23.7,20.7,27.6,10.6,2.9,88.8,5.7,20.6
99,파주,2023-07-06,25.6,20.8,30.5,,2.2,85.3,7.8,24
99,파주,2023-07-07,25.2,20.2,32,,1.1,77.9,10.4,25.63
99,파주,2023-07-08,23.8,18.4,29.3,,1,87.3,3.3,17.77
99,파주,2023-07-09,23.9,20.2,27.4,16.7,1.4,90.1,2.8,12.89
99,파주,2023-07-10,26,23,30.1,0,1.6,84.5,7.3,22.32
99,파주,2023-07-11,22.3,20.4,25.2,46.6,.8,98.3,0,2.75
99,파주,2023-07-12,24.7,21.3,28.7,.7,.5,93.5,1.1,13.05
99,파주,2023-07-13,24.1,23,25.7,75.3,1,99.5,0,3.29
99,파주,2023-07-14,24.2,23.3,26.2,30.8,2.2,99.5,0,4.11
99,파주,2023-07-15,23.9,22.7,25.8,7,2.3,98,0,2.98
99,파주,2023-07-16,23.6,22.6,26.2,0,1.2,95.6,0,7.58
99,파주,2023-07-17,23.7,22.2,26.2,4.5,.8,97,.4,8.18
99,파주,2023-07-18,24.5,21.7,28.2,,.5,93.1,1.3,12.17
99,파주,2023-07-19,25.5,21,32.1,,.7,88.6,9.6,25.18
99,파주,2023-07-20,25.2,20.7,31.3,,.7,87.4,7.4,22.58
99,파주,2023-07-21,26.6,20.4,33,,.7,84.1,11.8,25.78
99,파주,2023-07-22,26.4,23,32.6,7.1,1.8,83.8,6.3,18.34
99,파주,2023-07-23,24.6,23.5,26.2,72.8,2.1,99.3,0,3.41
99,파주,2023-07-24,25.8,23.2,30.2,,1.3,91.8,7.2,21.27
99,파주,2023-07-25,25.7,23.2,29.9,19.2,1.3,92.6,3.1,15.71
99,파주,2023-07-26,24.8,21.6,29.4,76,1.4,94.5,4,15.06
99,파주,2023-07-27,27,23.7,31.8,,.8,87.8,11,25.36
99,파주,2023-07-28,27.1,23,32.5,,.9,85.8,9.1,23.24
99,파주,2023-07-29,26.7,22.7,31.2,0,1,85.8,5.9,20.41
99,파주,2023-07-30,27.5,22.7,33.3,,.8,84.8,12,24.49
99,파주,2023-07-31,27.2,23.1,32.6,,.6,88.1,7.5,21.23
99,파주,2023-08-01,28,24,33.4,,.7,88.1,10.3,23.43
99,파주,2023-08-02,27,23.6,32.5,,.8,87.1,8.4,21.32
99,파주,2023-08-03,26.9,22.1,32.2,,1,85.6,10.6,25.34
99,파주,2023-08-04,27.3,23.7,32.5,,.8,86,9,23.94
99,파주,2023-08-05,27.5,22.5,32.7,,.7,87.5,10.7,25.59
99,파주,2023-08-06,27.9,24.6,32.9,,1.1,88.6,4,16.21
99,파주,2023-08-07,27.2,24.1,32.9,,2.1,81.5,6.9,20.78
99,파주,2023-08-08,27.7,22.2,33.2,,2,78.3,11.7,26.02
99,파주,2023-08-09,26.2,22.5,31.6,0,2.2,82.1,4.7,18.81
99,파주,2023-08-10,21.5,20.7,24.2,54.2,2.3,96.8,0,3.64
99,파주,2023-08-11,21.8,19.8,24.7,31.3,1.4,98.6,0,5.01
99,파주,2023-08-12,22.5,20.1,24.6,19.7,.8,97.3,0,5.06
99,파주,2023-08-13,25.2,21.5,30.6,,.6,90.8,2.4,16.11
99,파주,2023-08-14,26,22.5,32.1,,.7,87.6,7.7,19.67
99,파주,2023-08-15,25.9,21.8,31.1,,1.2,86.8,8,21.29
99,파주,2023-08-16,25.6,21,31,,1.3,85.3,6.7,20.14
99,파주,2023-08-17,26.3,22.1,32.2,,.7,85,10.2,23.25
99,파주,2023-08-18,26.9,22.4,32.7,,.7,86.3,8.3,20.82
99,파주,2023-08-19,26.9,23.6,32.5,0,.8,84.9,10.5,23.54
99,파주,2023-08-20,25.4,22.1,30.2,0,.5,90.8,1.8,13.47
99,파주,2023-08-21,27.2,23.1,31.7,0,.9,85.9,5,16.28
99,파주,2023-08-22,26.2,24.2,29.4,20,1.7,91.9,.3,8.85
99,파주,2023-08-23,23.4,20.6,25.1,60.5,1.6,99.5,0,2.75
99,파주,2023-08-24,23.2,20.6,27.2,4,2,94.9,.6,9.46
99,파주,2023-08-25,25.1,22.2,29.3,0,1.1,88.4,7.4,17.62
99,파주,2023-08-26,23.8,20.2,29.6,,.6,89.1,5,18.09
99,파주,2023-08-27,23.3,19.8,27.6,0,1.2,91.9,0,11.15
99,파주,2023-08-28,21.1,19.2,24.2,24.1,2.3,96.9,0,3.32
99,파주,2023-08-29,22.9,20.6,25,33.7,1.8,97.8,0,4.37
99,파주,2023-08-30,21.5,19.1,25.2,.3,.3,94.1,1,9.47
99,파주,2023-08-31,22.3,18.7,27.9,,.5,87.9,8.9,21.15
99,파주,2023-09-01,22,17.1,28.8,,.8,85.5,9.8,22.65
99,파주,2023-09-02,22.1,16.9,28.7,,1,87.3,11.2,21.96
99,파주,2023-09-03,23.6,19.1,28.8,,1,90.9,2.2,12.95
99,파주,2023-09-04,24.7,20.6,30,30.7,1.3,94.6,1.1,12
99,파주,2023-09-05,26.2,22.2,32,,1.2,85.1,10.5,22.4
99,파주,2023-09-06,24.9,20.1,30.9,,1.8,82.5,11.5,22.78
99,파주,2023-09-07,23.2,18.1,30.1,,1.4,82,11.5,23.19
99,파주,2023-09-08,22.5,16.2,29.8,,.9,80.4,11.4,22.96
99,파주,2023-09-09,22.8,17.3,29.9,,.7,84.1,10.2,20.6
99,파주,2023-09-10,23.1,18.9,29.7,,.6,87.6,5.6,16.5
99,파주,2023-09-11,23.3,19.2,29.6,,.7,83.5,9.5,19.51
99,파주,2023-09-12,23.2,18.2,30,0,.6,87.4,6.6,16.93
99,파주,2023-09-13,20.3,18.2,23.1,,1.1,98.3,0,3.54
99,파주,2023-09-14,22,17.2,27.5,,2.1,83.9,6.1,16.14
99,파주,2023-09-15,20.9,19.3,23.2,,1.7,93,0,5.2
99,파주,2023-09-16,22.8,20.5,27.7,,.9,95.1,.8,8.18
99,파주,2023-09-17,23.4,21.2,28.6,,.7,91.6,5.4,14.71
99,파주,2023-09-18,23.2,19.4,29.1,,.9,88.5,7,17.86
99,파주,2023-09-19,22.9,19,27.8,,1.1,91.6,1.7,10.55
99,파주,2023-09-20,20.1,16.7,22.2,,1.9,96.3,0,4.37
99,파주,2023-09-21,17.8,13.7,23,,1.3,85.3,.9,10.96
99,파주,2023-09-22,17.6,12.8,26.2,,.8,83.9,8.2,19.45
99,파주,2023-09-23,19.1,13.3,26.7,,1.6,82,10.5,18.76
99,파주,2023-09-24,18.9,14.3,25,,2.1,77.4,8.1,17.89
99,파주,2023-09-25,19.2,14.8,25,,1.7,88.1,1.9,11.57
99,파주,2023-09-26,19.3,17.6,21.2,11.4,1.5,99,0,4.12
99,파주,2023-09-27,20.5,18.7,24.6,.6,1.1,94.8,1.5,7.91
99,파주,2023-09-28,20.7,16.8,26.8,,.9,90.3,5.7,14.08
99,파주,2023-09-29,18.2,14.3,25.2,,.6,84.4,7.1,15.74
99,파주,2023-09-30,18.2,13.5,23.6,.4,1.8,88.3,2,8.85
100,대관령,2023-05-20,16,6.7,23.7,,4.2,76.1,10.8,27.9
100,대관령,2023-05-21,15.5,12.6,20.5,,5.9,64.9,8.1,23.11
100,대관령,2023-05-22,11.3,4,16.9,,2,70.6,2.3,18.33
100,대관령,2023-05-23,10,.6,18.4,.3,1.4,68.6,8.4,22.33
100,대관령,2023-05-24,13.1,.8,22.5,,1.6,58.9,8.4,24.43
100,대관령,2023-05-25,14.6,7.3,21.4,,1.4,68.4,6.5,19.83
100,대관령,2023-05-26,16.6,10.5,22.3,,3.5,60.5,10.4,27.02
100,대관령,2023-05-27,15.4,10.5,19.7,2.4,1.7,89,.6,8.71
100,대관령,2023-05-28,16.6,14.3,19,7,3.3,95.8,0,8.13
100,대관령,2023-05-29,15.9,11.3,20.2,11.3,1.6,95.4,4.8,14.14
100,대관령,2023-05-30,12.8,7.5,16.5,0,1.6,92.6,.5,11.54
100,대관령,2023-05-31,15.4,5.1,22.3,,1.5,70.3,11.3,28.24
100,대관령,2023-06-01,17.5,13.1,22.7,,2.6,72.5,2.9,17.19
100,대관령,2023-06-02,16.6,13.1,23.4,,3,82,8.4,25.04
100,대관령,2023-06-03,17.3,9.6,23.3,,3,55.6,11.9,29.39
100,대관령,2023-06-04,16.6,7.4,23.4,,3.6,57.8,11.9,29.2
100,대관령,2023-06-05,16.6,7.5,23.2,,4.3,67.9,12.7,29.22
100,대관령,2023-06-06,16.9,11.6,23.1,0,4,70.6,9.6,25.51
100,대관령,2023-06-07,18.4,13.5,24.8,,4.7,74,11.9,30.35
100,대관령,2023-06-08,19,16.2,25.5,0,4,70,3.3,19.04
100,대관령,2023-06-09,16.2,11.3,22.8,25.9,2.8,71.4,,
100,대관령,2023-06-10,16.6,10.8,23.7,5.5,1.9,81.9,6.6,20.64
100,대관령,2023-06-11,15.5,11.3,23,9.5,1.4,89.8,6.1,17.76
100,대관령,2023-06-12,15.5,11.3,20.9,.2,1.8,94.4,3.8,19.03
100,대관령,2023-06-13,16.7,12.3,23.3,0,1.9,86.1,6.8,23.18
100,대관령,2023-06-14,13.4,9.1,19.2,10.7,1.3,92.3,3,13.45
100,대관령,2023-06-15,16,11.3,20.5,,1.5,87.8,6.8,23.32
100,대관령,2023-06-16,20.4,13.8,27.4,,2.7,77,11.7,28.88
100,대관령,2023-06-17,22,14.5,29.7,,2.8,65.6,11.6,30.07
100,대관령,2023-06-18,20.4,15.1,26.6,,2,78.4,10,26.18
100,대관령,2023-06-19,18.8,14.6,23.7,,2.3,79.3,11,27.68
100,대관령,2023-06-20,16.5,12.6,20.5,,2,88.5,.7,12.46
100,대관령,2023-06-21,15.4,13.1,18.5,38.3,2,96.5,0,6.39
100,대관령,2023-06-22,16.9,13.1,21.9,.9,2.4,87.3,5.3,19.96
100,대관령,2023-06-23,16.4,12.3,21.3,,2.1,90.3,10.7,29.94
100,대관령,2023-06-24,18.6,10.3,25.4,,1.4,80.9,12.2,30.56
100,대관령,2023-06-25,20.5,13.6,27.4,,1.3,81.3,10.5,28.11
100,대관령,2023-06-26,18.9,15,23.4,45,1.6,95.1,.3,7.9
100,대관령,2023-06-27,21.5,19.2,24,7.1,6.6,78.6,10.5,30.65
100,대관령,2023-06-28,22.4,19.3,26.1,,4.5,77.3,9.9,28.12
100,대관령,2023-06-29,21,19.7,22.5,36.3,2.8,92.8,0,5.57
100,대관령,2023-06-30,18,16.7,21.2,14.9,2.2,96.6,1.1,8.93
100,대관령,2023-07-01,22.7,15.8,29.8,,1.8,78.8,10.2,28.84
100,대관령,2023-07-02,23,19.1,28.8,,1.9,83.4,3.9,20.03
100,대관령,2023-07-03,21.2,18.1,26.4,,1.8,92.1,8.1,25.26
100,대관령,2023-07-04,21.9,17.5,27.7,12.3,1.9,88.1,5.1,21.79
100,대관령,2023-07-05,21.3,18.6,24.5,12.3,6.4,83.1,6.7,24.75
100,대관령,2023-07-06,21.9,17.5,26.2,,2.9,78.8,.4,12.05
100,대관령,2023-07-07,20,13.8,26.5,,1.3,75.1,3.4,14.68
100,대관령,2023-07-08,17.4,11.1,22.1,,1.3,92.5,3,14.25
100,대관령,2023-07-09,20.6,17.6,25.4,35.6,1.6,91.9,1.8,11.17
100,대관령,2023-07-10,22.4,19.3,26.8,7.8,3.9,85,6.9,20.63
100,대관령,2023-07-11,19.8,17.2,24.2,20.2,3.8,92.1,2.3,6.91
100,대관령,2023-07-12,21.9,18.2,25.5,0,2.9,87,4,17.9
100,대관령,2023-07-13,21.1,19.6,23.7,14.6,1.6,95.4,0,4.9
100,대관령,2023-07-14,22.2,19.7,24.7,23.8,4.2,93.4,.1,8.22
100,대관령,2023-07-15,21.4,19.7,23.4,20.3,4.3,91.1,.2,9.81
100,대관령,2023-07-16,21.1,19.5,24.2,0,4.7,89.6,.6,8.99
100,대관령,2023-07-17,22,20,25.7,1.7,2.7,90.8,.6,12.37
100,대관령,2023-07-18,19.8,17.7,21.1,22.1,2.1,95.8,0,4.56
100,대관령,2023-07-19,21,16.3,27.4,.2,1.2,86.3,11.6,30.11
100,대관령,2023-07-20,21.6,16.2,28.2,,1.2,88.9,5.9,21.36
100,대관령,2023-07-21,21.8,17,27.7,,1.4,89,8.4,26.29
100,대관령,2023-07-22,22.9,16.7,29.2,,1.9,79.9,7.8,26.06
100,대관령,2023-07-23,22.5,21.2,25.7,1.1,4.2,86.3,0,7.72
100,대관령,2023-07-24,22.6,21,26.3,6.4,2.8,90,3,13.24
100,대관령,2023-07-25,23.2,20.8,27.1,.7,3.1,86.1,5.2,18.03
100,대관령,2023-07-26,22.6,20.2,28.9,2.8,3.5,87.5,4,18.45
100,대관령,2023-07-27,24.1,20,29.1,,2.9,80.8,11.7,29.92
100,대관령,2023-07-28,24.6,20.2,31.1,,2.1,80.4,10.9,26.97
100,대관령,2023-07-29,24.1,18.7,31.6,,1.5,80.6,9,25.97
100,대관령,2023-07-30,23.8,17.7,30.5,0,1.4,81.8,10,25.1
100,대관령,2023-07-31,23.6,19.1,29.3,,1.5,86.5,4.9,20.1
100,대관령,2023-08-01,24,17.5,31.1,,1.1,80.5,8.8,24.37
100,대관령,2023-08-02,24.8,20.5,30,,3,81.8,8.6,21.84
100,대관령,2023-08-03,24.6,20.2,29.3,,4,75,11.2,26.28
100,대관령,2023-08-04,25,21,29.8,,3.9,79.6,8.7,23.26
100,대관령,2023-08-05,25.6,20.8,31.8,,2.4,78.8,12.8,28.28
100,대관령,2023-08-06,23.1,19.7,27.5,5.3,1.8,91.8,3.7,16.07
100,대관령,2023-08-07,21.3,19,23.7,3,1.6,95.1,0,8.93
100,대관령,2023-08-08,19.3,17.7,21.2,1,2.1,96,0,8.08
100,대관령,2023-08-09,18.5,17.6,19.7,43.7,2.4,96,0,4.53
100,대관령,2023-08-10,19.1,18,21.2,101.1,4.5,93.8,0,3.08
100,대관령,2023-08-11,21.4,18.2,26,4.2,3.3,86,4.6,19.52
100,대관령,2023-08-12,20.5,18.6,24.5,1.6,.9,92.5,.3,9.5
100,대관령,2023-08-13,20.9,18.6,25.5,,1.5,92.9,2.4,17.61
100,대관령,2023-08-14,20.8,18,26.3,,1.8,91,8.1,24.52
100,대관령,2023-08-15,19.6,18,21.3,0,1.7,94.1,.1,9.85
100,대관령,2023-08-16,20.3,18.3,24.7,,1.7,91.4,3.5,18.04
100,대관령,2023-08-17,20.9,16.8,25.9,,1.2,89.5,3.2,15.99
100,대관령,2023-08-18,21.1,15.5,27.9,,1.4,87.3,9.2,25.28
100,대관령,2023-08-19,22.5,18.2,28.1,,1.2,88.3,7.3,23.03
100,대관령,2023-08-20,21.4,19,25.7,45.6,1.3,94.5,.5,11
100,대관령,2023-08-21,23.8,18.5,30.3,,1.4,84.3,9.3,23.72
100,대관령,2023-08-22,24.7,21.3,29.2,,3.1,79,10.2,23.59
100,대관령,2023-08-23,22.2,17.3,27.7,12.4,2.3,87.8,2.9,13.01
100,대관령,2023-08-24,19.8,17.3,22.7,45.4,1.5,95.4,0,6.9
100,대관령,2023-08-25,21.8,17.9,26.2,7,3.1,84,9.4,24.87
100,대관령,2023-08-26,20.4,16.7,26.6,,1.5,84.9,8.4,22.47
100,대관령,2023-08-27,18.6,13.8,22.8,,1.4,84.8,3.7,16.26
100,대관령,2023-08-28,18.4,16.7,20.2,1.6,1.6,93.5,0,4.33
100,대관령,2023-08-29,22.4,19.2,25.3,3.6,2.9,87.1,1.2,7.58
100,대관령,2023-08-30,18.7,16.3,20.8,28.2,1.8,95.1,0,4.48
100,대관령,2023-08-31,18.3,13.6,24,.1,1.5,86.3,3.9,17.79
100,대관령,2023-09-01,17.9,11.1,26.3,,1.8,79.3,9.8,23.74
100,대관령,2023-09-02,17.9,10.6,22.7,,1.5,87.9,8.8,22.3
100,대관령,2023-09-03,19.2,17.2,23.3,.6,1.3,95,1.8,11.32
100,대관령,2023-09-04,19.8,16.7,23.6,0,1.2,94.3,.2,9.97
100,대관령,2023-09-05,19.8,15.5,24.3,,1.5,89.4,3.8,15.36
100,대관령,2023-09-06,18,14.1,22.7,.2,1.7,89.9,4.5,16.62
100,대관령,2023-09-07,16.7,11.7,22.1,,2,84.3,12,25.21
100,대관령,2023-09-08,16.5,10.6,23.7,,1.3,85,10.7,24.12
100,대관령,2023-09-09,15.9,8,23.5,,1.3,82.3,11.9,24.82
100,대관령,2023-09-10,16.9,10.3,23.3,,1.6,86.8,9.8,23.98
100,대관령,2023-09-11,18.5,14,24.4,,1.4,90,5.9,18.21
100,대관령,2023-09-12,19.9,15.5,26.5,,1.6,86.6,6.8,17.19
100,대관령,2023-09-13,16.7,15.3,18.6,45.7,1.5,96,0,3.78
100,대관령,2023-09-14,16.6,15.6,18.8,6.7,1.7,95.1,0,6.43
100,대관령,2023-09-15,17.5,16.2,18.4,14.1,1.5,96,0,4.37
100,대관령,2023-09-16,19.2,17.7,23.2,8.9,1.3,95.1,.4,9.89
100,대관령,2023-09-17,19.7,18.2,24.7,1.6,1.5,92.8,1.1,13.87
100,대관령,2023-09-18,20.6,17.9,25.2,.6,1.9,87.1,6.3,15.55
100,대관령,2023-09-19,19.4,15.6,24.4,,3.2,82.5,6.6,16.56
100,대관령,2023-09-20,16.1,13.8,18.2,62.4,2.5,95.8,0,2.03
100,대관령,2023-09-21,12.5,9,16.2,6,2.3,89.4,.4,8.21
100,대관령,2023-09-22,12.5,6.4,20,,1,84,9.3,21.41
100,대관령,2023-09-23,13.4,6.4,18.9,9.2,2,90.8,4.1,12.03
100,대관령,2023-09-24,13.6,11.5,16.7,,2.1,85.3,3.8,13.57
100,대관령,2023-09-25,15.2,11.8,18.9,7.1,1.3,91.3,3.2,13.22
100,대관령,2023-09-26,16.2,14.8,17.7,14,.9,95.8,0,5.08
100,대관령,2023-09-27,17,16.3,18.1,10.6,1,96,0,5.23
100,대관령,2023-09-28,18.1,15.1,22.7,,3.6,83.4,9.4,19.68
100,대관령,2023-09-29,15.2,12,21.2,,1.4,83.6,5.5,15.9
100,대관령,2023-09-30,14.2,11.8,19.2,2.5,3.3,85.5,3.8,11.64
101,춘천,2023-05-20,20.4,13,27.5,,2.2,62.9,9.3,24.06
101,춘천,2023-05-21,19.7,16.7,23.6,,2.8,52.1,7.7,22.14
101,춘천,2023-05-22,18.5,12.9,25.2,,1.8,51.9,7.8,23.68
101,춘천,2023-05-23,18,9.2,26,,1.6,51,12.9,28.77
101,춘천,2023-05-24,18.6,10.2,26.4,,1.5,55.5,9.7,22.74
101,춘천,2023-05-25,20.4,12.8,27.5,,1.7,48.1,9.6,24.09
101,춘천,2023-05-26,20,13.9,26.1,.3,1.6,58.9,10.6,25.54
101,춘천,2023-05-27,17.5,14.6,20.5,16.2,1,84,0,5.91
101,춘천,2023-05-28,18.9,17.3,20.2,21,.5,93.8,0,4.39
101,춘천,2023-05-29,23,18.8,29,5,1.3,72.1,8.2,23.18
101,춘천,2023-05-30,21.6,16.7,26.8,,2.2,62.5,5.6,20.65
101,춘천,2023-05-31,21,14.3,27.5,,1.8,60.3,10.3,27.06
101,춘천,2023-06-01,21.4,17.3,26.4,,1.2,69,4,16.2
101,춘천,2023-06-02,21.4,15.7,26.9,,1.5,64.9,10.4,23.37
101,춘천,2023-06-03,22.1,14.1,28.4,,2.1,51.4,13,29.22
101,춘천,2023-06-04,21.2,12.7,28.5,,1.8,51.9,12.8,27.9
101,춘천,2023-06-05,20.8,12.6,27,,2.3,57.1,12.4,27.1
101,춘천,2023-06-06,20.5,14.3,25.9,,1.9,62.1,8.5,21.61
101,춘천,2023-06-07,22,17.9,27.2,,2.1,65.4,8.7,25.72
101,춘천,2023-06-08,20.8,16.5,24.9,1.2,1.6,73.6,3.5,14.97
101,춘천,2023-06-09,20.8,15.9,27.2,29.8,1.6,66.6,10.6,26.95
101,춘천,2023-06-10,19.8,15.7,28,9.6,1.7,75.4,5.3,18.98
101,춘천,2023-06-11,20.7,16.2,28.1,20.8,1.4,77.4,8.3,24.91
101,춘천,2023-06-12,20.8,17.4,26.8,,1.8,73.3,4.2,17.29
101,춘천,2023-06-13,20.7,16.7,27.9,0,2.1,72.3,7.4,24.26
101,춘천,2023-06-14,20,14.8,27.7,0,1.7,72.4,7.9,25.98
101,춘천,2023-06-15,21.5,16.4,27.6,,1.2,69.5,8.2,22.7
101,춘천,2023-06-16,23.5,16.3,30.1,,1.5,66.5,13.2,28.51
101,춘천,2023-06-17,24,16.5,31.4,,1.5,63.4,11.1,27.54
101,춘천,2023-06-18,25.6,18.9,33,,1.4,64.6,9.3,24.13
101,춘천,2023-06-19,26.9,20.1,33.3,,2.2,57.8,11.4,25.82
101,춘천,2023-06-20,22.8,20.6,25.5,.5,1.8,72.1,0,7.32
101,춘천,2023-06-21,19.5,17.6,22.4,23.8,1.7,86.6,.1,7.57
101,춘천,2023-06-22,21,17.4,26.3,0,1.4,74.8,4.7,18.1
101,춘천,2023-06-23,23.3,18.8,28.9,,1.2,72,7.3,21.74
101,춘천,2023-06-24,25.2,18.1,31.6,,1.5,66.8,13.6,28.52
101,춘천,2023-06-25,26.7,20.1,32.9,.1,1.4,71.5,9.1,24.94
101,춘천,2023-06-26,22.4,20,25.2,53.8,.9,88.8,0,3.4
101,춘천,2023-06-27,24.7,21.1,29.1,13.7,2.2,71.3,6.7,21.24
101,춘천,2023-06-28,26.1,20.5,31,,1.7,71.4,9.2,25.85
101,춘천,2023-06-29,23.1,20.9,24.9,75.4,1,90.9,0,3.33
101,춘천,2023-06-30,24.9,20.4,30.1,34.5,1.6,81.5,5.6,21.17
101,춘천,2023-07-01,27.4,22.7,33.3,,1.7,71.9,10.6,27.22
101,춘천,2023-07-02,26.5,21.7,32,,1.3,76.6,6.9,22.56
101,춘천,2023-07-03,27.5,22.6,33.6,,1.5,73.6,9.4,25.47
101,춘천,2023-07-04,25.7,22,31.5,47.1,1.6,80.4,4.5,17.41
101,춘천,2023-07-05,25.1,22.9,29.4,24.7,2.7,72.9,8,23.62
101,춘천,2023-07-06,26.2,22.6,32,,1.7,70,3.2,16.7
101,춘천,2023-07-07,26,20.9,31.8,,1.5,66.6,9,22.9
101,춘천,2023-07-08,25,18.2,31.1,,1.3,73.9,6.8,22.16
101,춘천,2023-07-09,23.5,20.2,27.7,20,1.1,84,2.9,10.49
101,춘천,2023-07-10,25.8,21.9,30.6,9.5,1.4,76.8,5.9,17.73
101,춘천,2023-07-11,22.5,20.5,25.8,33.1,1,90.1,0,2.71
101,춘천,2023-07-12,24.8,20.7,29.2,7.2,.8,82.1,1.9,15.29
101,춘천,2023-07-13,23.8,22.6,27.5,68,.8,92.3,0,4.82
101,춘천,2023-07-14,24.3,22.3,26.4,48.1,1.4,92.1,0,3.22
101,춘천,2023-07-15,23.9,22,25.2,5.6,1.3,86.5,0,3.1
101,춘천,2023-07-16,24.3,22.6,27.1,1.2,1.3,83,.3,9.03
101,춘천,2023-07-17,24.7,22.2,29.3,.4,1,85.9,.8,9.99
101,춘천,2023-07-18,24.1,21.9,26.5,3.7,.7,88.4,1.2,6.97
101,춘천,2023-07-19,26.1,19.9,32.3,,1,74.8,11.5,27.63
101,춘천,2023-07-20,26.2,21.5,32.7,,1.3,78.1,7.4,22.6
101,춘천,2023-07-21,27.8,22.5,33.5,,1.3,74,9.3,24.14
101,춘천,2023-07-22,26.9,22.8,33.1,4.4,1.6,74.3,8,20.69
101,춘천,2023-07-23,24.3,23.3,25.7,15.1,.9,91.5,0,3.47
101,춘천,2023-07-24,26.5,23.9,30.8,8,1.1,81.5,3.9,15.63
101,춘천,2023-07-25,27.4,22.9,32.5,0,1.5,75.4,7.4,20.98
101,춘천,2023-07-26,26.3,23.4,30.8,17.3,1.1,80.6,4.3,15.53
101,춘천,2023-07-27,27.7,22.9,32.7,.1,1.3,74.9,8.1,23.36
101,춘천,2023-07-28,28,23.9,34.1,,1.4,76.9,8.5,23.87
101,춘천,2023-07-29,27.9,24.1,34.4,,1.6,75.8,8,22.55
101,춘천,2023-07-30,28.3,22.7,34.4,,1.4,71.9,12.4,24.82
101,춘천,2023-07-31,28.5,24.4,33.8,,1.4,72.8,5.4,20.88
101,춘천,2023-08-01,28.4,23.4,34,,1.2,74.3,8.8,22.38
101,춘천,2023-08-02,28.5,24.2,33.3,,1.5,74.5,7.1,19.95
101,춘천,2023-08-03,27.9,22.1,33.1,,1.6,72.4,10,23.81
101,춘천,2023-08-04,28.4,23,34.3,,1.6,73.4,10.1,24.8
101,춘천,2023-08-05,28.9,23.4,34.9,,1.4,71.9,11.5,26.63
101,춘천,2023-08-06,28.3,24.1,34.4,,1.7,76.1,5.2,18.69
101,춘천,2023-08-07,28.6,25.4,33.4,,2.7,68,10.7,25.03
101,춘천,2023-08-08,27.7,22.5,33.1,,2.8,65.1,12.8,26.31
101,춘천,2023-08-09,25.5,22.4,29.7,2.9,2.4,72.3,.9,13.66
101,춘천,2023-08-10,21.7,20.8,22.7,49.3,2.1,89.8,0,2.22
101,춘천,2023-08-11,22.9,20.8,24.7,8.4,1.1,88.4,0,5.2
101,춘천,2023-08-12,24.1,21.7,28.5,3.1,1.1,82,1.1,12.25
101,춘천,2023-08-13,25.9,22.1,30,.1,.7,79.9,1.2,14.55
101,춘천,2023-08-14,27.9,22.9,33.4,,1.5,68.9,10.8,24.28
101,춘천,2023-08-15,27,22.2,32.8,,1.9,68.4,7.9,22.35
101,춘천,2023-08-16,26.7,20.7,32.3,,1.7,69.3,12,25.36
101,춘천,2023-08-17,27.2,23.5,32.6,,1.5,71.3,8.5,20.16
101,춘천,2023-08-18,28.5,23,33.9,,1.5,72.5,10,23.03
101,춘천,2023-08-19,28.6,25,33.8,.2,1.2,74.8,7.9,20.88
101,춘천,2023-08-20,27.7,24.9,32.6,0,1.3,76.1,3.6,16
101,춘천,2023-08-21,28.3,23.6,33.6,,1.6,74.4,5.9,18.37
101,춘천,2023-08-22,27.6,24.8,31.9,.1,1.8,75.5,3.8,14.77
101,춘천,2023-08-23,24.5,21.1,30.5,76.8,1.3,87.9,.4,6.31
101,춘천,2023-08-24,22.5,20.7,23.8,27.2,1.8,91,0,5.24
101,춘천,2023-08-25,25.6,21.4,30.9,1.6,1.5,77.9,7.9,21.17
101,춘천,2023-08-26,24.9,20.8,30.2,,1.4,76.1,7.5,19.26
101,춘천,2023-08-27,24.2,20,28.8,,1.7,74.3,1.8,12.64
101,춘천,2023-08-28,21.5,20.4,22.7,5.1,2.2,87.6,0,4.42
101,춘천,2023-08-29,22.8,21.3,24.7,28.7,1.1,90.1,0,3.4
101,춘천,2023-08-30,21.8,20.1,26.1,11.7,.7,88.3,.1,7.16
101,춘천,2023-08-31,22.6,19.1,28.2,,.9,79,6,16.71
101,춘천,2023-09-01,22.7,18.7,29.6,,1.3,75,7.7,20.63
101,춘천,2023-09-02,22.8,18.1,29.7,,1.5,76.3,8.1,18.96
101,춘천,2023-09-03,22.8,19.7,27.4,1.2,1.6,85.4,1.2,9.77
101,춘천,2023-09-04,25.5,22,30.1,0,1.2,80.1,1.5,12.05
101,춘천,2023-09-05,26.7,22.6,32.2,,1.6,72.4,7.9,20.25
101,춘천,2023-09-06,25.5,20.2,31.2,,2.1,69.1,10.3,21.68
101,춘천,2023-09-07,23.5,18.1,30.3,,2.2,64.4,11.2,23.31
101,춘천,2023-09-08,22.7,16.2,29.9,,1.6,71.4,11.2,22.99
101,춘천,2023-09-09,23.8,18.2,30.7,,1.3,75.4,8.2,20.64
101,춘천,2023-09-10,25,19.7,31.5,,1.2,70.5,9.6,21.29
101,춘천,2023-09-11,24.5,20.4,30.3,,1.4,73.6,7.1,17.79
101,춘천,2023-09-12,23.9,20.1,29.9,,1.4,72,7.8,17.71
101,춘천,2023-09-13,20.1,18.2,22.2,29.2,1.4,90.4,0,3.36
101,춘천,2023-09-14,21.8,18.3,26.2,,1.7,75.4,1.9,12.61
101,춘천,2023-09-15,20.5,18.9,22.5,10.5,1.6,90.1,0,4.42
101,춘천,2023-09-16,22.4,20.5,25.5,17.6,.7,90.8,0,5.26
101,춘천,2023-09-17,23.8,20.9,29.1,26.6,1,84.3,4,14.76
101,춘천,2023-09-18,24.2,20.6,29.6,.2,1.1,80.6,3.9,13.31
101,춘천,2023-09-19,22.4,18.6,27,,1.1,82.5,2.3,11.07
101,춘천,2023-09-20,20,18.1,21.5,13.9,1.5,86.8,0,3.38
101,춘천,2023-09-21,18.9,14.5,22.6,,2.1,67.8,1.3,11.87
101,춘천,2023-09-22,18.3,13.7,25.1,,1.2,74.6,7.2,17.64
101,춘천,2023-09-23,19.1,13.9,26,,1.9,73.1,7.6,17.56
101,춘천,2023-09-24,18.9,14,24.9,,2.7,66,8.6,19.14
101,춘천,2023-09-25,20.3,15.3,26.9,3.9,1.7,72.9,3.9,15.58
101,춘천,2023-09-26,19.4,18,21,10.6,1.4,92.6,0,4.37
101,춘천,2023-09-27,20.5,18.7,24.2,4.3,1.3,91.4,.2,7.45
101,춘천,2023-09-28,21.6,17.2,26.9,,1.3,78.5,7.6,16.39
101,춘천,2023-09-29,19.2,15.6,25.1,,1.3,74.5,5.2,15.12
101,춘천,2023-09-30,17.2,14.7,22.6,4.8,1.3,84.1,2,9.12
102,백령도,2023-05-20,15,11.7,18.2,,4.7,88.4,5.4,22.42
102,백령도,2023-05-21,15.4,13.8,18.1,,3.3,66.5,6.7,20.23
102,백령도,2023-05-22,15.3,12.1,18.6,,3.8,61.1,12.5,30.86
102,백령도,2023-05-23,17.1,12.7,20.9,,3.1,47.5,13.5,31.18
102,백령도,2023-05-24,15.8,12.1,19.7,,2.8,69.1,3.7,18.52
102,백령도,2023-05-25,16.2,12.9,19.5,,3.5,77.5,8.3,24.25
102,백령도,2023-05-26,16.8,14.1,20.5,,3.1,83.1,5.6,22.15
102,백령도,2023-05-27,16.2,14.8,18.2,76,4.4,94.6,0,1.77
102,백령도,2023-05-28,16.9,15.7,18.4,6.2,2.4,94.4,0,6.49
102,백령도,2023-05-29,17.8,14.5,23,0,3,86.1,10.1,27.54
102,백령도,2023-05-30,19.8,16.1,23.8,,2.4,62.6,3.5,16.19
102,백령도,2023-05-31,19.7,16.6,22.9,,2.5,76.5,10.4,27.26
102,백령도,2023-06-01,17.1,14.8,20.4,,2.6,93.5,5,21.12
102,백령도,2023-06-02,17,15.3,18.9,,4.1,87.5,9.4,26.46
102,백령도,2023-06-03,19.1,14.7,23,,4.2,67.1,13.4,31.1
102,백령도,2023-06-04,19.8,16.1,25.4,0,2.6,65.8,7.8,21.65
102,백령도,2023-06-05,19.5,14.1,24.4,,4.8,73.3,12.3,27.93
102,백령도,2023-06-06,18,15.2,20.4,.4,4.4,88.5,6.4,20.97
102,백령도,2023-06-07,17.3,15.9,18.9,.2,5.1,95.8,.1,10.93
102,백령도,2023-06-08,17.6,15.9,20.2,4,4,95.9,.3,8.67
102,백령도,2023-06-09,15.6,13.8,18.8,,3.7,96.5,1,14.61
102,백령도,2023-06-10,17,15.3,20.6,11,3.4,93.8,.5,9.13
102,백령도,2023-06-11,17.7,14.3,23.9,.2,2.7,80.6,13.8,31.2
102,백령도,2023-06-12,19.2,14.7,23.8,0,1.2,66.9,6.5,22.95
102,백령도,2023-06-13,17.9,14.4,22.4,,2.1,73,10.4,28.1
102,백령도,2023-06-14,18.6,15,22.2,,2.3,82.3,13.3,30.47
102,백령도,2023-06-15,20,16.2,25.2,,2.4,81.3,11.8,30.61
102,백령도,2023-06-16,19.4,14.9,23.4,,2.5,90.4,10.9,30.13
102,백령도,2023-06-17,20.3,15.5,24.6,,1.9,86.4,7.8,25.45
102,백령도,2023-06-18,19.9,17.7,22.4,,3.4,85.3,10.3,28.55
102,백령도,2023-06-19,21.6,16.7,27,,1.7,72.3,9.1,24.26
102,백령도,2023-06-20,19.1,17.4,21.6,20.5,1.9,87.8,0,8.05
102,백령도,2023-06-21,18.7,17,21.7,2.3,2.8,91.9,7,22.92
102,백령도,2023-06-22,20.7,17.4,24.1,,3.5,89.3,12.8,29.42
102,백령도,2023-06-23,22.1,17,28.2,,2,79.3,13.7,30.23
102,백령도,2023-06-24,21.2,18.4,24.7,,2.7,89.4,10.7,28.04
102,백령도,2023-06-25,23.1,18.4,27.8,,1.8,76.8,10.2,26.62
102,백령도,2023-06-26,20.7,18.8,23.4,11.9,4.8,95.6,0,5.21
102,백령도,2023-06-27,22.6,18.9,25.6,0,5.5,84.1,12.2,28.18
102,백령도,2023-06-28,20.7,19.1,22.6,.2,4.1,96.4,0,11.16
102,백령도,2023-06-29,21.4,19.4,24.3,44.5,4,97.5,0,4.31
102,백령도,2023-06-30,22.9,19.7,26,.5,2.4,83.9,13.8,31.64
102,백령도,2023-07-01,22.6,18.5,26.4,,1.4,88,12.5,30.16
102,백령도,2023-07-02,22.6,19.6,25.9,,2,87.9,7.6,23.05
102,백령도,2023-07-03,23.7,19.2,27.7,,1.4,84.8,5.4,20.79
102,백령도,2023-07-04,22.3,20.8,24.5,43.4,5.5,97.1,0,2.78
102,백령도,2023-07-05,22.8,20,26.5,0,5.9,85,12.8,30.12
102,백령도,2023-07-06,23.4,19.7,28,,4.3,85.4,10.4,27.97
102,백령도,2023-07-07,22,19.8,25.7,,4.2,91.5,3.5,17.15
102,백령도,2023-07-08,21.3,19.1,24.5,,3.3,92,2.5,16.39
102,백령도,2023-07-09,22.2,19.7,24.6,14.2,4.5,93.9,5.3,19.76
102,백령도,2023-07-10,23.2,21.1,27.6,,3.1,91.6,9.3,28.32
102,백령도,2023-07-11,22.6,20.7,24.8,4.4,3.4,96,.8,10.08
102,백령도,2023-07-12,23.9,21.2,26.7,.1,1.8,92.4,3.7,16.64
102,백령도,2023-07-13,22.6,21.6,24.1,35.8,5.2,98,0,2.29
102,백령도,2023-07-14,24.6,23.2,26.4,,4.5,93,.8,13.59
102,백령도,2023-07-15,24.9,22,28.1,,4.1,87.5,4.9,20.25
102,백령도,2023-07-16,23.4,21.5,27.1,,1.7,84.9,3.1,18.7
102,백령도,2023-07-17,23.1,21.1,26.9,,1.4,87.9,3.3,18.98
102,백령도,2023-07-18,23.1,20.3,27.8,,2.2,78.9,9.1,25.05
102,백령도,2023-07-19,23.9,21,27.1,,2.8,86.8,13.2,28.42
102,백령도,2023-07-20,25,20.5,29.4,,1.7,79,12.1,24.15
102,백령도,2023-07-21,24.4,21.1,28.7,,2.2,77.6,12.9,28.75
102,백령도,2023-07-22,23.9,22.6,25.9,2,5.8,89.4,0,8.27
102,백령도,2023-07-23,24.9,23,27.8,21.2,2.5,91.5,2,16.93
102,백령도,2023-07-24,24.6,22.9,26.8,,2.9,92.9,1.8,15.88
102,백령도,2023-07-25,24.7,22.9,27.7,2.3,4,92.9,3.4,17.12
102,백령도,2023-07-26,26,23.8,28.3,0,4,90.4,3.8,19.39
102,백령도,2023-07-27,25.6,23.9,27.9,,3.5,91.5,6.1,22.93
102,백령도,2023-07-28,26,24.2,28.8,,3.6,89.4,8.1,25.71
102,백령도,2023-07-29,25,23.2,27.1,18.5,2.9,91.6,0,8.81
102,백령도,2023-07-30,26.5,24.3,29.6,,1.9,81.1,10.7,25.63
102,백령도,2023-07-31,25.8,22.7,29.7,,1.9,85,8.1,22.53
102,백령도,2023-08-01,26.1,23.1,29.7,,1.8,76.9,12.9,26.75
102,백령도,2023-08-02,26.1,22.3,30.1,,1.5,82.1,11.5,25.33
102,백령도,2023-08-03,27.4,24.3,30.2,,3,85.9,10.9,25.5
102,백령도,2023-08-04,26.6,23,29.8,,2.6,89.6,7.9,24.81
102,백령도,2023-08-05,26.5,23.7,30.2,,1.7,89.4,8,22.22
102,백령도,2023-08-06,24.1,22.6,26.1,2.3,3.2,88.9,6.2,19.94
102,백령도,2023-08-07,25.2,21.9,29.2,,2.6,83.6,11.2,26.45
102,백령도,2023-08-08,26,23.5,30.7,,2.7,79.6,10.9,25.65
102,백령도,2023-08-09,26.7,23.1,30.2,,3,76.6,12.9,28.13
102,백령도,2023-08-10,24.4,22.7,26.1,0,3.4,84.9,3.8,16.7
102,백령도,2023-08-11,23,21.5,24.7,2.2,2.7,89.3,0,9.72
102,백령도,2023-08-12,24.9,22,28.2,0,3,88,4.5,18.7
102,백령도,2023-08-13,25,23.9,26.4,34.7,5.1,94.9,0,6.3
102,백령도,2023-08-14,24.9,23.1,28.2,5.3,1.4,91.9,3.3,13.41
102,백령도,2023-08-15,24.9,22.2,29.3,,1.4,85.8,9.3,21.16
102,백령도,2023-08-16,24.9,22.1,27.7,,2.5,85,10.9,24.34
102,백령도,2023-08-17,24.9,22.4,28.4,,1.8,85.9,9.4,21.06
102,백령도,2023-08-18,25.2,22.3,29.3,,1.4,82.8,11.2,25.07
102,백령도,2023-08-19,25.7,22.5,29.9,,2.2,76.3,11.9,25.99
102,백령도,2023-08-20,25.7,23.8,28,0,1,84.6,1.2,12.93
102,백령도,2023-08-21,24.1,22.6,25.7,66,3.4,94.8,.5,5.29
102,백령도,2023-08-22,23.2,22.2,24.7,33,2,97,0,3.49
102,백령도,2023-08-23,23.6,21.8,27.4,,2.5,90.9,8.6,22.64
102,백령도,2023-08-24,23.8,22,26.8,,2.3,84.9,1.5,16.91
102,백령도,2023-08-25,24.5,21.5,27.7,,2.7,84.4,12.1,25
102,백령도,2023-08-26,23.4,20.8,26.8,,2.1,83.6,6.1,16.87
102,백령도,2023-08-27,23.2,21.1,27.3,.4,1.5,83.8,1.5,13.45
102,백령도,2023-08-28,21.9,20,25.1,89.6,6.2,90,0,2.35
102,백령도,2023-08-29,23,21.1,24.8,15.6,4.7,85.6,3,16.64
102,백령도,2023-08-30,21.8,20.4,22.9,,4,80.3,5.2,18.02
102,백령도,2023-08-31,22.3,19.7,25,,3,81.3,12.2,25.46
102,백령도,2023-09-01,22.1,19.2,25.7,,1.9,76.9,10.5,21.27
102,백령도,2023-09-02,22.2,19.6,25.6,,2.5,83.1,10.9,23.97
102,백령도,2023-09-03,23.4,20,27.1,.1,1.3,85.4,4.3,15.46
102,백령도,2023-09-04,23.7,21.5,26.1,4.7,1.4,91.4,1.6,8.97
102,백령도,2023-09-05,23.5,20.9,27.3,,2.8,87.5,12,24.32
102,백령도,2023-09-06,23.6,21.1,27.8,,2.6,86.5,11.6,24.19
102,백령도,2023-09-07,23.8,20.9,28.4,,2,72.9,12.1,24.91
102,백령도,2023-09-08,23.2,20,27.2,,2.1,78.3,11.7,24.19
102,백령도,2023-09-09,23.1,19.5,26.4,,2,76.3,8.6,20.46
102,백령도,2023-09-10,23.2,20.5,27.4,,1.1,83.6,3,13.83
102,백령도,2023-09-11,23.5,20.4,27,,2,81.3,9.7,21.71
102,백령도,2023-09-12,23,21,27.2,,2.1,84.3,9,19.48
102,백령도,2023-09-13,21.8,19.4,24.3,,1.7,79.8,0,6.29
102,백령도,2023-09-14,21.6,18.2,24.9,,2.3,81.1,10.7,22.84
102,백령도,2023-09-15,21.1,20.4,22.1,.6,2.7,90,0,3.22
102,백령도,2023-09-16,21.9,20,25.6,,1.7,90,1.9,12.05
102,백령도,2023-09-17,22.5,20.2,26,,1.5,83,8.8,19.32
102,백령도,2023-09-18,22.8,18.9,26.3,,2.3,84.5,10,20.72
102,백령도,2023-09-19,23.3,20.9,25.6,0,1.8,85.5,1.1,7.56
102,백령도,2023-09-20,20,17.5,22.5,5.3,2.9,84.8,3,11.63
102,백령도,2023-09-21,19.2,15.3,21.2,,3.1,75.9,2.8,12.56
102,백령도,2023-09-22,21,15.9,25.3,,1.6,71.1,11,20.76
102,백령도,2023-09-23,20.8,18.3,25.1,,1.9,75.3,10.5,18.58
102,백령도,2023-09-24,20.4,18.4,23,0,3.5,68.6,6.7,15.25
102,백령도,2023-09-25,19.5,17.9,21.7,1.7,3.4,80.5,0,6.31
102,백령도,2023-09-26,19.5,17.5,21.5,5.7,2.8,90.4,0,4.96
102,백령도,2023-09-27,21.1,19.3,24.3,,2.7,86.1,5.3,16.41
102,백령도,2023-09-28,20.6,17.3,23.8,,2.8,83.3,9.7,19.03
102,백령도,2023-09-29,20.1,18.1,24,,1.8,66,4.6,14.54
102,백령도,2023-09-30,20.8,18.1,23.9,,4.2,69.3,8.1,16.57
104,북강릉,2023-05-20,19.5,10.8,24.7,,1.3,65.3,12.1,27.33
104,북강릉,2023-05-21,21.5,19.6,24.8,,2.1,49.5,3.5,18.02
104,북강릉,2023-05-22,17.2,12,20.1,,1.7,54,4.7,18.28
104,북강릉,2023-05-23,16.7,10.3,22.4,,.9,53.1,12,29.17
104,북강릉,2023-05-24,20,12,26.6,,1.7,40.9,10.9,25.89
104,북강릉,2023-05-25,20.5,16,24.4,,1,50.8,9.1,24.53
104,북강릉,2023-05-26,20.5,14.6,25.1,.8,1.3,59.8,10.8,26.05
104,북강릉,2023-05-27,20,17,25.7,4,.6,76.3,1,8.59
104,북강릉,2023-05-28,16.8,15.9,18,4.6,.7,98,0,4.85
104,북강릉,2023-05-29,18,15.9,21.6,6,.4,94.3,4.3,11.3
104,북강릉,2023-05-30,16.6,13.4,20.4,.3,1,91.3,2.4,14.91
104,북강릉,2023-05-31,18.5,11.2,23.6,,1.1,68,12.6,28.78
104,북강릉,2023-06-01,21.8,17.9,27.1,,.9,63,5.1,17.6
104,북강릉,2023-06-02,19.9,16.9,25,,1,74.9,10.1,24.41
104,북강릉,2023-06-03,22.8,14.5,29.3,,1.6,47.3,13.5,29.69
104,북강릉,2023-06-04,24.7,17.4,30.4,,2,33.4,11.6,26.83
104,북강릉,2023-06-05,24.7,18.9,30,,1.7,41.8,12,24.02
104,북강릉,2023-06-06,22.9,18.4,28.6,,1.3,53.3,9.9,21.84
104,북강릉,2023-06-07,24.1,18.2,28.5,,2.2,51,12.9,28.87
104,북강릉,2023-06-08,24.4,19.2,30.6,,1.4,49.4,4.8,15.78
104,북강릉,2023-06-09,19.5,14.2,24.5,36,1.4,70.6,13.5,30.64
104,북강릉,2023-06-10,19.2,16.6,22.5,7.5,1.3,80.4,7.2,20.43
104,북강릉,2023-06-11,18.5,15.5,23.1,3.8,1,90.8,8.2,20.01
104,북강릉,2023-06-12,19.3,15.6,23.1,,1,88.6,4.8,19.82
104,북강릉,2023-06-13,19.3,15.9,22.9,.2,1.1,88.5,6.8,20.15
104,북강릉,2023-06-14,18.2,14.7,21.8,.3,1,84.4,6.6,18.79
104,북강릉,2023-06-15,19.2,16.4,22.5,0,.8,86.3,6.5,18.45
104,북강릉,2023-06-16,23.8,15.9,29.1,,.9,68.3,13.8,29.13
104,북강릉,2023-06-17,27.2,22.2,32.6,,1.2,48.1,12.5,28.67
104,북강릉,2023-06-18,24.6,21,28.8,,1.2,68.5,10.7,24.17
104,북강릉,2023-06-19,21.6,19.1,25,,1.1,83.1,10.4,25.76
104,북강릉,2023-06-20,20.6,18.1,23.3,,1.3,81.6,1.8,11.65
104,북강릉,2023-06-21,18.5,17.1,20,45.1,1.1,92.6,0,5.57
104,북강릉,2023-06-22,19.7,15.9,24.4,3,.9,85.1,9.1,23.55
104,북강릉,2023-06-23,20.5,17.5,23.4,,.8,82.6,8.9,23.38
104,북강릉,2023-06-24,20.6,16.2,24.2,,1,82.1,13.2,29.08
104,북강릉,2023-06-25,22.1,18.3,28.1,,1,83.5,11,26.83
104,북강릉,2023-06-26,21,19.2,22.7,30.7,.7,96.8,0,6.3
104,북강릉,2023-06-27,26.8,21.4,31.2,11.2,2,64,11.1,25.57
104,북강릉,2023-06-28,29,23.4,33.1,,1.7,54.6,10.8,27.64
104,북강릉,2023-06-29,23.7,20.1,29.1,26.7,1,82.9,0,6.1
104,북강릉,2023-06-30,20.7,19.6,22.7,6.8,.6,94.6,.9,7.73
104,북강릉,2023-07-01,23.7,18.3,29.1,,.9,84.8,10.7,27.79
104,북강릉,2023-07-02,25.4,21.6,32.3,,1.1,75,5.5,19.51
104,북강릉,2023-07-03,22.5,20.7,25.8,,.9,91.3,4.6,19.29
104,북강릉,2023-07-04,23.2,21.3,26,7.5,.9,90.6,1.2,13.84
104,북강릉,2023-07-05,27.6,22.6,32.4,7.2,3,63,12,29.51
104,북강릉,2023-07-06,28.5,25,32.7,,3.1,53.9,4.1,17.89
104,북강릉,2023-07-07,24.6,19.8,29.6,,.8,62.6,4.8,15.87
104,북강릉,2023-07-08,21.9,18,24.4,,.9,87.5,6.1,20.59
104,북강릉,2023-07-09,22.3,20.9,26.4,26,.8,92.9,2.1,8.42
104,북강릉,2023-07-10,27.5,21.7,32.7,3.1,1.2,68.1,7.2,16.03
104,북강릉,2023-07-11,24.4,21.2,31.4,4,1.3,79.5,3.5,8.39
104,북강릉,2023-07-12,25.3,22.4,29.3,,.8,78.6,7.2,19.91
104,북강릉,2023-07-13,24,22.5,26.7,11.3,.6,93.9,.1,5.7
104,북강릉,2023-07-14,27.2,22.8,31.4,8.5,1.5,79.8,2.4,10.95
104,북강릉,2023-07-15,25.4,23.2,28,6.3,1.5,82.3,0,2.48
104,북강릉,2023-07-16,26.7,23.9,27.9,0,1.4,69.4,.1,4.21
104,북강릉,2023-07-17,26.2,23.2,29.3,1.1,.7,80.5,2.1,12.5
104,북강릉,2023-07-18,23.3,21.3,25,18.5,.8,95.6,.1,4.76
104,북강릉,2023-07-19,23.1,21.2,26.3,,.9,89.6,4.7,18.29
104,북강릉,2023-07-20,23.5,19.8,27.1,,.7,89.4,12.2,27.2
104,북강릉,2023-07-21,24,21.8,27.1,,.8,90,6.5,19.07
104,북강릉,2023-07-22,25.2,22.6,28.2,,1.1,85,8.1,24.53
104,북강릉,2023-07-23,25.2,23.9,28.2,8.5,.9,87.3,0,3.4
104,북강릉,2023-07-24,26.7,23.6,32.1,4.2,1,84.1,4.1,14.09
104,북강릉,2023-07-25,28.1,24.1,31.6,0,1.2,71.6,7.9,21.18
104,북강릉,2023-07-26,27.6,24,32.7,2.9,1.2,73.5,5.6,18.7
104,북강릉,2023-07-27,28.1,23.9,31.6,,1,72.5,11.9,25.92
104,북강릉,2023-07-28,28.7,24.6,33.4,,1,74.4,13.2,27.78
104,북강릉,2023-07-29,28,24.1,31.6,,.8,76,11.9,26.64
104,북강릉,2023-07-30,29.1,24.6,32.8,,.9,64.1,11.9,25.77
104,북강릉,2023-07-31,28,24.4,31.7,,.9,72.3,6.9,21.3
104,북강릉,2023-08-01,27,22.8,31.4,,.8,78.6,10.9,23.77
104,북강릉,2023-08-02,30.6,25.5,35.5,,1.2,63.9,10,24.94
104,북강릉,2023-08-03,31.2,27.5,35.6,,1.5,52,11.1,24.57
104,북강릉,2023-08-04,30.9,26.8,34.9,,1.2,61.5,8.9,21.55
104,북강릉,2023-08-05,30,26.2,34.7,,1.3,66.4,13.3,27.11
104,북강릉,2023-08-06,26.5,24.5,29.6,77.8,.9,90,3.6,14.82
104,북강릉,2023-08-07,23.7,21.7,25.4,17.4,1.4,95.5,.4,5.14
104,북강릉,2023-08-08,22.4,21.1,23.9,.7,1.5,91,0,5.33
104,북강릉,2023-08-09,21.4,20.7,22.5,64.1,1.5,95.6,0,3.24
104,북강릉,2023-08-10,21.7,20.4,24,242,2.9,97.4,0,1.24
104,북강릉,2023-08-11,25.8,21.3,32,0,1.5,74.8,8.7,21.73
104,북강릉,2023-08-12,23.1,21.4,26.1,1.2,.5,90.5,.7,10.22
104,북강릉,2023-08-13,22.8,21.9,25,,.4,92.3,.7,10.3
104,북강릉,2023-08-14,22.9,21.8,25.9,,.7,92.3,.8,8.56
104,북강릉,2023-08-15,21.9,21,23.2,2.9,1.4,93.1,0,7
104,북강릉,2023-08-16,23.2,20.9,26,0,1.3,85.9,3.9,16.84
104,북강릉,2023-08-17,23.5,21,27.3,,.7,89.4,5.1,17.45
104,북강릉,2023-08-18,23.4,21.3,27,.2,.5,91.8,3.8,14.88
104,북강릉,2023-08-19,24.7,22.3,27.1,,.6,88.1,8.3,22.62
104,북강릉,2023-08-20,24.7,23.3,28.4,10.1,.5,93.5,3.8,14.38
104,북강릉,2023-08-21,25.8,22.6,29.9,,.7,89.4,9.9,22.57
104,북강릉,2023-08-22,28.8,24.3,34.3,,1,71.4,10,21.41
104,북강릉,2023-08-23,25.1,20.6,31.6,9,1.5,83.1,5.9,14.56
104,북강릉,2023-08-24,22,20.7,24,30.8,.5,96.8,0,4.82
104,북강릉,2023-08-25,23.6,21,26.4,10.4,.8,88.9,8.7,21.51
104,북강릉,2023-08-26,24.4,20.8,29.4,,1,73.6,11.5,23.63
104,북강릉,2023-08-27,22.6,19.8,26.5,,.8,85,4.2,16.12
104,북강릉,2023-08-28,21.6,20.5,23.7,4,.5,93.9,0,3.35
104,북강릉,2023-08-29,24.8,21.1,29.7,1.5,.8,90.4,.4,7.29
104,북강릉,2023-08-30,22.6,20.1,26.5,30.7,.6,93,0,3.49
104,북강릉,2023-08-31,22.1,18.8,26.5,.1,.7,85.9,4.2,15.55
104,북강릉,2023-09-01,23,17.5,28.2,,1.1,71.1,10.8,23.24
104,북강릉,2023-09-02,22.7,18.7,26.3,,.7,76.1,10.6,21.06
104,북강릉,2023-09-03,22.5,20.8,25.6,0,.5,89.1,.8,8.87
104,북강릉,2023-09-04,22.8,20.8,27.1,1.1,.6,91.3,.9,9.02
104,북강릉,2023-09-05,23.1,20.6,26.1,,.7,90.6,5.2,16.12
104,북강릉,2023-09-06,22.4,19.4,26.6,,1.1,89.1,6.3,16.58
104,북강릉,2023-09-07,21.6,18.6,25.1,,1,80.4,11.4,23.32
104,북강릉,2023-09-08,21.4,18.1,25.6,,.9,80.4,11.6,23.3
104,북강릉,2023-09-09,21.2,16.1,25.8,,.7,81,11.8,23.53
104,북강릉,2023-09-10,21.6,17,25.6,,.7,80.8,9.9,22.26
104,북강릉,2023-09-11,22.1,19,26.1,,.5,84.9,7.1,16.82
104,북강릉,2023-09-12,24.7,20.6,29.1,,.7,78.6,9.9,19.2
104,북강릉,2023-09-13,19.8,18.2,23.1,68.2,.6,96.4,0,2.72
104,북강릉,2023-09-14,20.2,18.2,21.8,12.8,1.3,94.9,0,3.49
104,북강릉,2023-09-15,20.8,20,21.9,9.1,.7,96.8,0,3.04
104,북강릉,2023-09-16,21.2,20.3,22.9,6.2,.5,96.4,0,4.87
104,북강릉,2023-09-17,21.8,20.5,24.7,1,.6,93.4,1.1,7.51
104,북강릉,2023-09-18,23.5,20.3,27.9,.1,.7,85.4,8.2,18.12
104,북강릉,2023-09-19,24.3,19.4,30.4,,.8,68.4,7.3,15.85
104,북강릉,2023-09-20,19.6,17.3,23.6,95.7,1.2,93.3,0,1.49
104,북강릉,2023-09-21,17.6,14.3,21.2,9.5,1.7,78.6,.3,7.84
104,북강릉,2023-09-22,18,12.4,23,,.9,73.9,10.9,21.51
104,북강릉,2023-09-23,19.4,15.1,24,4.6,1.2,77.3,5,11.68
104,북강릉,2023-09-24,18.8,15.2,22.2,,.9,72.4,8.2,16.74
104,북강릉,2023-09-25,19.8,16.8,23.3,3.4,.9,82.3,3,11.42
104,북강릉,2023-09-26,19.2,18,20.4,16.8,.3,97.8,0,3.65
104,북강릉,2023-09-27,19.6,18.7,21.1,10.8,.9,98,0,4.69
104,북강릉,2023-09-28,21.9,18.2,26.9,,.8,76.5,10.5,18.84
104,북강릉,2023-09-29,19.3,16.1,24,,.8,70.3,5.6,15.39
104,북강릉,2023-09-30,19.5,15.5,25.9,.8,1.2,72.5,5.5,12
105,강릉,2023-05-20,21.9,12.4,27.7,,2,62.5,11.8,26
105,강릉,2023-05-21,23.8,21.5,27.1,,3.5,44.3,3,17.17
105,강릉,2023-05-22,19.3,14.3,21.9,,2.6,53,3.6,16.91
105,강릉,2023-05-23,18.9,12.9,25.9,0,2.2,46.9,10.7,27.17
105,강릉,2023-05-24,21.1,12.3,28.3,,2.1,40.9,9,23.33
105,강릉,2023-05-25,22.7,17.9,27.6,,1.9,42.8,9.4,24.34
105,강릉,2023-05-26,23,16.8,27.5,.7,2,52,10.5,24.72
105,강릉,2023-05-27,22.8,19.9,26.7,2.4,1.3,65.9,.6,8.24
105,강릉,2023-05-28,19,18.3,20.8,5.3,1.1,91.3,0,5.02
105,강릉,2023-05-29,20.4,17.8,24.6,7.9,.8,88.9,3.8,9.7
105,강릉,2023-05-30,18.7,15.5,23,.3,1.6,83.4,1.4,11.57
105,강릉,2023-05-31,20.4,13.2,26.5,,1.6,63.1,11.6,27.01
105,강릉,2023-06-01,24.3,19.4,29.3,,1.8,56.9,3.7,16.69
105,강릉,2023-06-02,22.8,19,27.7,,1.7,65.1,9.2,23.71
105,강릉,2023-06-03,24.4,16.6,31,,2,45.5,12.6,28.65
105,강릉,2023-06-04,25.9,20.9,31.6,,3,34.8,11,26.18
105,강릉,2023-06-05,26.3,21.7,31.4,,3.2,40.4,10.7,23.86
105,강릉,2023-06-06,25.1,21,30.1,,2.7,46.8,8.6,21.6
105,강릉,2023-06-07,25.9,21.3,29.8,,2.8,49.4,12.4,27.39
105,강릉,2023-06-08,26.3,21.9,31.8,,2.3,45.8,2.9,13.81
105,강릉,2023-06-09,21.9,15.8,27.2,33.8,1.9,62.9,12.8,28.82
105,강릉,2023-06-10,20.8,17.9,25.1,8.8,1.9,73.9,4.3,16.71
105,강릉,2023-06-11,20.1,17,25.8,4.5,1.4,83.3,8,20.16
105,강릉,2023-06-12,20.9,16.9,25.3,,1.4,80.4,2.8,16.64
105,강릉,2023-06-13,21.4,17.8,25.2,0,1.6,78.6,6.2,19.2
105,강릉,2023-06-14,19.7,16.2,24.2,0,1.8,77,6.3,18.39
105,강릉,2023-06-15,20.9,17.5,24.6,0,1.6,77.4,4.3,16.57
105,강릉,2023-06-16,26.1,17.2,32.3,,1.3,61,12.9,27.42
105,강릉,2023-06-17,29.2,24.8,34.5,,2.3,41.8,11.9,27.22
105,강릉,2023-06-18,25,21.3,29.5,,2.6,61.4,10.4,22.42
105,강릉,2023-06-19,22.5,19.5,26.3,,1.9,73.3,9.9,24.35
105,강릉,2023-06-20,20.6,17.9,23.2,,2.1,75.6,1.2,11.27
105,강릉,2023-06-21,18.1,16.8,19.7,40.6,1.7,89,0,5.37
105,강릉,2023-06-22,20.5,16.1,25.9,1.2,1.5,77,8.2,23.95
105,강릉,2023-06-23,20.7,17.6,23.8,,1.9,74.6,5.5,19.56
105,강릉,2023-06-24,21.7,15.9,26.4,,1.6,72.8,11.6,27.51
105,강릉,2023-06-25,23.3,18.5,30,,1.3,73.4,10.3,25.49
105,강릉,2023-06-26,20.9,18.7,23.3,31.9,1,91.4,.1,6.61
105,강릉,2023-06-27,26,21.3,30.6,1.9,3,64.4,11,26.9
105,강릉,2023-06-28,28.3,23.1,32.1,,2.9,54.8,10.6,26.34
105,강릉,2023-06-29,24.4,20,28.5,31.6,2.1,73.8,0,6.36
105,강릉,2023-06-30,20.6,19.3,22.8,5.7,1,88.5,.9,6.38
105,강릉,2023-07-01,24.4,18.1,30.7,,1.3,77,9.3,25.05
105,강릉,2023-07-02,26.8,23.1,31.5,,2,63.5,5.1,18.26
105,강릉,2023-07-03,23.3,21,26.8,,1.2,81.5,3.9,17.67
105,강릉,2023-07-04,24.1,21.2,26.5,6.1,1.3,82.5,1.5,14.19
105,강릉,2023-07-05,28,24.1,32.4,8.6,3.9,63.6,10.2,26.17
105,강릉,2023-07-06,29.8,25.5,33.7,,5.3,51.8,3.1,16.27
105,강릉,2023-07-07,27.1,22.1,30.6,,1.8,55.5,2.5,12.94
105,강릉,2023-07-08,23.8,19.6,27.1,,1.7,78,4.7,20.26
105,강릉,2023-07-09,24.3,22.2,27.3,32.7,1.5,83.8,2.1,10.17
105,강릉,2023-07-10,29.2,24.7,33.8,1.3,2.4,63,6.7,15.29
105,강릉,2023-07-11,26.8,23.6,32.2,3.6,3.3,68,2.9,8.37
105,강릉,2023-07-12,27.5,24.8,31.7,4.7,1.9,70.1,6.7,17.57
105,강릉,2023-07-13,25.4,24.2,28.2,11,.7,87.8,0,4.88
105,강릉,2023-07-14,28,23.7,32.2,11.5,1.3,79.5,2,10.5
105,강릉,2023-07-15,26.3,25.1,29,7.3,1.7,82,0,2.77
105,강릉,2023-07-16,26.9,25.5,28.1,0,1.8,72.6,.1,4.33
105,강릉,2023-07-17,27.5,24.6,31.1,2,1.2,76.8,1.1,11.11
105,강릉,2023-07-18,24.7,22.5,26.2,13,1,91.1,0,4.69
105,강릉,2023-07-19,25,22.5,28.3,,1.6,81.9,5,18.12
105,강릉,2023-07-20,25.7,21.2,29.9,,1.2,78.9,11.4,25.7
105,강릉,2023-07-21,26,23.2,29.9,,1.4,81.6,5.8,19.06
105,강릉,2023-07-22,27.5,24.1,31,,1.5,75.1,8.6,24.27
105,강릉,2023-07-23,27.5,25.5,30.8,2.3,1.3,78.1,0,4.14
105,강릉,2023-07-24,28.5,25,33.4,.2,1.3,75.1,3.6,12.78
105,강릉,2023-07-25,30.7,27.8,34.8,,1.9,60.8,6.7,18.79
105,강릉,2023-07-26,30.4,26.4,36,.4,2,61,5.1,18.69
105,강릉,2023-07-27,31.1,26.7,35.4,,1.4,62.3,11.5,26.09
105,강릉,2023-07-28,31.7,27.1,37.3,,1.3,63.5,12.4,26.18
105,강릉,2023-07-29,30.9,26.8,35.5,,1.2,66.3,11.5,25.43
105,강릉,2023-07-30,31.6,27,36.1,,1.4,58,10.9,24.37
105,강릉,2023-07-31,30.5,26.9,34.6,,1.5,62.8,6.7,20.48
105,강릉,2023-08-01,29.8,24.8,35.1,,1,67.8,10.3,22.76
105,강릉,2023-08-02,32.9,28.3,37.8,,1.7,56.5,10,23.89
105,강릉,2023-08-03,33.4,30.5,38.4,,2.4,46.5,11.3,23.93
105,강릉,2023-08-04,33.2,30.6,37.3,,1.9,53.9,7.8,20.29
105,강릉,2023-08-05,32.4,28,37.3,,1.7,59.4,12.3,25.76
105,강릉,2023-08-06,28.1,26.1,31.7,27.7,1.1,84,1.8,12.93
105,강릉,2023-08-07,24.9,22.7,26.5,39.5,1.6,93,0,4.8
105,강릉,2023-08-08,23.3,22,24.6,.9,1.8,88.6,0,4.29
105,강릉,2023-08-09,22.3,21.6,23.1,76.4,1.6,93,0,2.64
105,강릉,2023-08-10,22.5,21.1,24.9,270.5,3.4,95.5,0,1.78
105,강릉,2023-08-11,27.7,22.4,33.2,,2.7,67.6,9.2,22.97
105,강릉,2023-08-12,24.4,23.1,28,.6,1.2,84.4,.7,8.99
105,강릉,2023-08-13,24.3,23.1,26.6,,1.1,86.4,1.3,10.67
105,강릉,2023-08-14,24.2,22.9,26.7,,1.4,87.6,.6,8.39
105,강릉,2023-08-15,22.8,22.1,24,2.3,2.2,91,0,7.03
105,강릉,2023-08-16,24.3,21.9,27.3,,1.6,82.9,3.1,14.51
105,강릉,2023-08-17,25.1,22,29,,1.3,83.6,5.5,16.65
105,강릉,2023-08-18,24.9,22.4,28.6,.3,1.1,86.6,1.8,13.46
105,강릉,2023-08-19,26,23.5,29,,1.2,83.6,4,16.71
105,강릉,2023-08-20,26.2,24.6,30.7,21,1.3,88.5,4,15.64
105,강릉,2023-08-21,27.6,23.7,32.4,,1.4,82.9,8.7,21.57
105,강릉,2023-08-22,30.5,24.7,35.5,,2.3,65.3,11.1,22.75
105,강릉,2023-08-23,26.4,22.1,35,8.6,2.3,79.4,6.6,16.81
105,강릉,2023-08-24,23,22,24.9,23,1.1,94,0,4.26
105,강릉,2023-08-25,25.5,22.1,28.7,11,1.6,81.6,9.5,22.42
105,강릉,2023-08-26,26.4,23,31.4,,2,67.1,11.4,22.49
105,강릉,2023-08-27,24.1,20.7,28,,1.6,78.4,3.2,14.69
105,강릉,2023-08-28,22.5,22,23.9,7.8,1.1,90.5,0,2.69
105,강릉,2023-08-29,26.3,21.8,31.7,1.9,1.2,85.8,.7,7.98
105,강릉,2023-08-30,23.8,21.5,26.1,29.3,1.4,88.1,0,3.43
105,강릉,2023-08-31,23.8,21,28.5,,1.2,80.3,4.1,15.71
105,강릉,2023-09-01,24.7,20.3,30.4,,2.4,65.4,10.5,21.58
105,강릉,2023-09-02,24.2,20.3,28.6,,2,73.3,8.8,18.84
105,강릉,2023-09-03,23.7,22.1,26.2,0,1.1,86.1,0,6.9
105,강릉,2023-09-04,23.9,21.9,26.9,.1,1.2,86.4,.2,8.06
105,강릉,2023-09-05,24.4,21.9,28.2,,1.4,84.8,4,15.61
105,강릉,2023-09-06,23.7,20.8,27.6,,2,82.8,5.6,16.37
105,강릉,2023-09-07,22.8,18.9,26.7,,1.7,77.1,10.9,20.97
105,강릉,2023-09-08,22.7,19,27.3,,1.8,75.9,10.6,21.08
105,강릉,2023-09-09,22.7,17.9,27.7,,1.9,70.5,11.7,22.03
105,강릉,2023-09-10,23.2,18.2,27.7,,1.7,75.4,9.9,20.64
105,강릉,2023-09-11,23.8,19.9,28.2,,1.4,78.5,7.2,16.91
105,강릉,2023-09-12,26.2,22,31,,1.9,73.8,8.3,16.74
105,강릉,2023-09-13,21,19.1,24.2,41.5,1.2,91.6,0,2.43
105,강릉,2023-09-14,20.8,19,22.6,19.3,1.7,94.6,0,4.12
105,강릉,2023-09-15,21.5,20.6,22.8,10,.9,95.8,0,2.98
105,강릉,2023-09-16,22.1,21.3,23.8,28.3,.8,94.4,0,4.56
105,강릉,2023-09-17,22.6,21.5,25.4,.2,1.1,92,.3,6.83
105,강릉,2023-09-18,25.1,21.1,29.9,.1,1.3,82.1,7.9,16.68
105,강릉,2023-09-19,26.9,23,31.9,,2.2,57.6,7,15.68
105,강릉,2023-09-20,20.9,17.9,25.7,92.1,1.7,89.5,0,1.6
105,강릉,2023-09-21,18.6,15.5,21.5,10.8,2.5,77.3,.1,7.18
105,강릉,2023-09-22,19.5,14.5,24.9,,2.1,70.3,11.1,20.32
105,강릉,2023-09-23,20.1,16,24.5,1.4,2,75,4.3,10.59
105,강릉,2023-09-24,19.7,15.8,24,,1.8,72.9,7.2,15.71
105,강릉,2023-09-25,20.8,17.6,25.3,5.3,1.7,78.8,3.2,12.11
105,강릉,2023-09-26,20.1,18.8,21.7,17,.7,95.3,0,3.79
105,강릉,2023-09-27,20.4,19.8,21.5,10.3,1.1,95.8,0,4.44
105,강릉,2023-09-28,23.5,19.3,28.9,,1.7,72,10.1,17.51
105,강릉,2023-09-29,21.1,18.3,25.3,,2.1,65.5,5.6,14.09
105,강릉,2023-09-30,21.2,18.1,26.7,.4,2.5,61.6,4.5,11
106,동해,2023-05-20,17.2,12.1,23.5,,1.9,79.3,12,
106,동해,2023-05-21,20.8,18.8,23.8,,1.3,55.9,4.1,
106,동해,2023-05-22,17.9,13.2,21.4,,2.4,59.3,4.8,
106,동해,2023-05-23,15.9,10.7,20.9,,1.7,62.1,11.9,
106,동해,2023-05-24,17.9,10.6,22.8,,1.9,56.5,9.9,
106,동해,2023-05-25,18.2,14.2,22.5,,1.8,62.1,11,
106,동해,2023-05-26,18.5,15.8,22.6,.5,2.2,68.5,10.8,
106,동해,2023-05-27,19.7,15.1,23.2,2.1,.9,75.5,1.9,
106,동해,2023-05-28,16.9,15,18.1,4.3,.7,99,0,
106,동해,2023-05-29,17.4,15.6,19.3,16.8,.7,99,.4,
106,동해,2023-05-30,17.1,15.1,19.9,0,1.8,96.9,2.3,
106,동해,2023-05-31,17.3,12.2,20,,1.9,78.9,11.2,
106,동해,2023-06-01,19.7,14.8,25.3,,1.1,70.3,7.7,
106,동해,2023-06-02,19.6,17,25.2,,2,76.8,9.4,
106,동해,2023-06-03,22.1,14.9,26.4,,1.5,50.6,12.6,
106,동해,2023-06-04,24.4,18.8,28.7,,1.9,34.3,11.4,
106,동해,2023-06-05,25,19.5,30.4,,2,40.8,12.5,
106,동해,2023-06-06,22.2,18,27.6,0,1.7,54.6,9.1,
106,동해,2023-06-07,22.6,18.2,26.7,,1.7,59.9,12.2,
106,동해,2023-06-08,22.9,19.2,30.5,1.1,2,61,7.4,
106,동해,2023-06-09,19.3,15.2,23.9,6,1.7,71.8,12,
106,동해,2023-06-10,18.6,16,21.6,1.4,1.7,84.8,2.6,
106,동해,2023-06-11,18.1,15.9,21.6,16.3,1.4,94.3,7.3,
106,동해,2023-06-12,19,16.1,21.9,,1.5,93.5,1.1,
106,동해,2023-06-13,19.7,17.3,23.2,2.2,1.3,93.1,6.9,
106,동해,2023-06-14,18.6,16.2,21.8,1.9,1.5,93.5,7.5,
106,동해,2023-06-15,19.5,16,23.5,,1.9,92,9.7,
106,동해,2023-06-16,22.8,17,27.8,,1.3,73.1,12.8,
106,동해,2023-06-17,26.1,21.7,31.7,,1.5,51.4,11.6,
106,동해,2023-06-18,24.2,20.7,28.4,,2.4,69.3,9.9,
106,동해,2023-06-19,21.8,19.5,24.3,,1.7,88.5,10.1,
106,동해,2023-06-20,20.4,17.7,23,,2.8,85.5,3.1,
106,동해,2023-06-21,18.9,17.3,20.8,38.5,1.6,93.4,0,
106,동해,2023-06-22,19.3,16.7,21.8,.4,1.2,90.3,6.9,
106,동해,2023-06-23,20.6,18.2,24.1,,2.6,85.6,12.5,
106,동해,2023-06-24,20.6,16.4,24,,1.5,86.8,11.1,
106,동해,2023-06-25,21,18.8,24.5,,1.5,92.5,10.5,
106,동해,2023-06-26,20.5,19,22.6,22.6,.9,99,.2,
106,동해,2023-06-27,26,20.2,30.6,3.1,1.6,68.1,11.2,
106,동해,2023-06-28,27.5,22.9,32.1,,1.2,59.1,11.3,
106,동해,2023-06-29,24,20.6,28.7,9,1.5,85.8,.1,
106,동해,2023-06-30,21,20.1,23.3,9.1,1.4,98.3,.5,
106,동해,2023-07-01,22.2,19.4,25.4,,1.2,92.9,8,
106,동해,2023-07-02,25.4,21.9,31.9,,1.2,76.1,5.6,
106,동해,2023-07-03,22.6,21.1,25,,1.2,95.4,5.7,
106,동해,2023-07-04,23.2,21.2,26.2,1.1,1.2,93.4,4.9,
106,동해,2023-07-05,27.1,21.4,31.7,4.5,2.5,63.4,10.8,
106,동해,2023-07-06,29.8,25.4,34,,4.6,48.5,5.4,
106,동해,2023-07-07,23.4,19.2,27,0,1.3,71.4,1.4,
106,동해,2023-07-08,21.3,18.6,24,,1.9,92,4.7,
106,동해,2023-07-09,21.4,19.4,25.1,7.7,1.2,97.8,2.2,
106,동해,2023-07-10,27.5,22.3,32.6,1.4,1.1,72.4,6.4,
106,동해,2023-07-11,24.6,21.1,29.6,8.6,1.5,85.4,3.1,
106,동해,2023-07-12,24.6,21.7,29,,.9,87.1,7,
106,동해,2023-07-13,23.4,22.4,24.6,3.5,.6,99,0,
106,동해,2023-07-14,24.4,21.8,28.1,15.5,.8,98.1,1.1,
106,동해,2023-07-15,22.4,20.2,25.2,17.2,1.1,99,0,
106,동해,2023-07-16,23.9,21.2,27.1,0,.8,97,.4,
106,동해,2023-07-17,25,22.7,28.6,.5,.8,92.1,3.4,
106,동해,2023-07-18,23.1,21.3,25.1,11,.7,99,0,
106,동해,2023-07-19,22.8,21.4,25.1,.5,1.3,97.8,5.6,
106,동해,2023-07-20,22.6,20,25.1,,1,97.6,11.3,
106,동해,2023-07-21,23.4,21.5,26.2,,1.3,97.3,6.3,
106,동해,2023-07-22,24,21.9,26.6,,1.9,95.5,10.8,
106,동해,2023-07-23,24.3,22.5,26.1,2.9,.8,97.9,0,
106,동해,2023-07-24,24.8,22.2,30.3,1,1,95.8,4.5,
106,동해,2023-07-25,27.4,23.8,30.4,0,1.1,75.1,8,
106,동해,2023-07-26,27,23.8,30.6,,1,76.1,2.7,
106,동해,2023-07-27,26.6,23.8,30.3,,1.2,79.4,11.7,
106,동해,2023-07-28,27.4,24.8,31.4,,1.1,83.4,12.4,
106,동해,2023-07-29,26.5,23.7,31,,.9,89.3,12,
106,동해,2023-07-30,27.2,23.9,32.2,,1.2,82,11.7,
106,동해,2023-07-31,27.8,24.7,32.3,,1.3,75.5,8.5,
106,동해,2023-08-01,26.2,22.8,30,,1.1,86.5,11,
106,동해,2023-08-02,29.1,25.3,33.6,,1.7,70.8,10.7,
106,동해,2023-08-03,30.2,25.6,35.7,,1.2,59.4,11.4,
106,동해,2023-08-04,30.1,25.6,34.9,,1.2,64.4,8.9,
106,동해,2023-08-05,28.5,25.7,33.5,,1.5,76.1,12.4,
106,동해,2023-08-06,26.7,24.8,28.9,.5,1.5,96.3,4.5,
106,동해,2023-08-07,25.7,24,27.8,,2.4,89.3,2.5,
106,동해,2023-08-08,23.7,21.8,26.1,2.4,1.9,90.8,0,
106,동해,2023-08-09,22.2,21.4,23.2,60.5,1.7,97.4,0,
106,동해,2023-08-10,22.7,21,24.9,203.5,5.3,97.6,0,
106,동해,2023-08-11,25.8,21,32.9,,1.8,80.3,11.4,
106,동해,2023-08-12,23.7,22.4,25.8,0,1.1,95.6,.6,
106,동해,2023-08-13,23.5,22.1,26.3,0,1.6,95.6,7.7,
106,동해,2023-08-14,23.7,22.6,27.4,0,2.1,93.9,4,
106,동해,2023-08-15,22.7,21.7,25.1,1.3,2.5,95.1,2.4,
106,동해,2023-08-16,23.5,21.9,26.4,,2.9,89.3,7.4,
106,동해,2023-08-17,23.4,21.6,25.9,,1,95.6,5.7,
106,동해,2023-08-18,23.8,22.1,26.6,,1,95.4,5.8,
106,동해,2023-08-19,24.5,23.3,26.7,,1.2,94.8,9,
106,동해,2023-08-20,24.5,23,27.7,5.5,1.3,97,2.9,
106,동해,2023-08-21,25.8,22.9,28.9,,1.1,94,10,
106,동해,2023-08-22,28,23.1,35,,1.3,77.5,11.4,
106,동해,2023-08-23,25.1,21.4,31.1,3.2,2,86.9,8.8,
106,동해,2023-08-24,22.2,21.1,23.4,16,.7,99,0,
106,동해,2023-08-25,23.7,21.5,26.1,29,1.5,93.3,9.3,
106,동해,2023-08-26,24.6,20.9,28.4,,1.2,77.3,9.6,
106,동해,2023-08-27,23.1,20.2,26.1,,1.8,89.3,7,
106,동해,2023-08-28,22.4,21.3,25.3,2.2,.7,94.3,0,
106,동해,2023-08-29,25.6,21.6,30.6,.6,1.1,90.5,3.5,
106,동해,2023-08-30,22.8,20.9,25,60.8,1.4,99,0,
106,동해,2023-08-31,22.3,20,25.3,7.3,1,94.1,3.8,
106,동해,2023-09-01,22.5,18.8,27,,1.5,82.4,9.9,
106,동해,2023-09-02,22.4,18.5,25.8,,1.3,88.3,9.9,
106,동해,2023-09-03,23.4,22.1,26,.1,1.3,94.1,3.2,
106,동해,2023-09-04,23.6,21.8,26.3,.1,1.5,94.1,2.3,
106,동해,2023-09-05,23.4,21.1,26.2,,1.7,94.4,6.6,
106,동해,2023-09-06,23,19.4,26.4,,2.5,90.4,8.1,
106,동해,2023-09-07,22.3,19,25.7,,2.1,82.1,10.8,
106,동해,2023-09-08,21.8,18.7,25.1,,1.7,86.1,9.6,
106,동해,2023-09-09,21.1,16.5,25.3,,1.4,83.9,10.9,
106,동해,2023-09-10,22.2,17.5,26.2,,1.2,80.9,10.3,
106,동해,2023-09-11,22.8,19.7,26.1,,1.4,87.3,9.2,
106,동해,2023-09-12,25,21.1,30,0,1.4,84.8,8,
106,동해,2023-09-13,20.9,18.6,24.3,20.5,1.3,98.8,0,
106,동해,2023-09-14,20.6,19,22.3,31.7,1.8,99,0,
106,동해,2023-09-15,21.2,20.5,22.1,19.9,1,99,0,
106,동해,2023-09-16,22,21.1,23.3,5.8,.9,99,.3,
106,동해,2023-09-17,22.8,21.6,25.4,.9,1.2,97.5,1.7,
106,동해,2023-09-18,24.3,20.9,29,2.7,1.4,90.5,10.4,
106,동해,2023-09-19,24.7,20.4,29.4,,1.2,69.6,7.3,
106,동해,2023-09-20,20.6,18.5,23.9,140.8,2.9,92.8,0,
106,동해,2023-09-21,17.8,14.7,21.4,13.6,3.1,84.9,.9,
106,동해,2023-09-22,18.4,13.4,24.9,,1.5,79,10.6,
106,동해,2023-09-23,20.7,14.7,24.6,,2.5,73.8,7.8,
106,동해,2023-09-24,20.3,16.7,23.3,,1.9,63.6,7.6,
106,동해,2023-09-25,20.2,17.3,23.8,2.6,1.3,84.3,5.2,
106,동해,2023-09-26,19.8,18.5,21.2,21.1,.5,99,0,
106,동해,2023-09-27,21.1,19.9,23.5,.9,.8,98.4,0,
106,동해,2023-09-28,22.4,18.3,28,,1.2,82.1,10.2,
106,동해,2023-09-29,19.9,16.5,23.5,,1.7,77,4.2,
106,동해,2023-09-30,20,16,26.3,.5,1.7,71,5.5,
108,서울,2023-05-20,21.2,16.6,26.7,,3,66.9,9.7,25.72
108,서울,2023-05-21,17.8,15.3,21.9,.2,3,74,5.8,20.72
108,서울,2023-05-22,20.3,15.9,26.8,0,1.9,61.3,7.9,23.93
108,서울,2023-05-23,20.5,14.1,26.9,,2.2,48,13.2,29.85
108,서울,2023-05-24,20.6,14.8,25.9,,2,49.8,6.2,19.16
108,서울,2023-05-25,21.2,15.7,27.4,0,2.4,46.6,10.4,27.9
108,서울,2023-05-26,21.4,15.8,27.3,.5,2.1,57.4,10.7,26.25
108,서울,2023-05-27,19.3,18.6,20.7,31.8,1.7,87.4,0,3.13
108,서울,2023-05-28,19.2,18.4,20.2,41.8,1.8,98.9,0,2.46
108,서울,2023-05-29,23.2,19,28.5,2.3,1.6,83.4,4.1,15.87
108,서울,2023-05-30,24,20.5,28.9,,2.2,69.5,3.7,18.2
108,서울,2023-05-31,22.8,18.8,28.2,,2.5,60.8,7.1,23.98
108,서울,2023-06-01,22.8,19.7,26.3,,1.9,66.9,2.2,15.18
108,서울,2023-06-02,20.4,17.9,25,0,2.3,77.4,5.2,14.24
108,서울,2023-06-03,22,16.6,27.8,,2.7,60.1,13.3,31.19
108,서울,2023-06-04,22.1,16.9,28,,2.4,61,11.1,28.74
108,서울,2023-06-05,21.5,17.6,26.3,,2.6,66.9,10.9,26.6
108,서울,2023-06-06,20.3,17.3,25.2,0,2.6,72.9,7.9,21.98
108,서울,2023-06-07,21.4,18.9,25.7,0,2.1,75.3,1,10.07
108,서울,2023-06-08,20.4,18.3,23.9,1.9,2.4,80.5,.9,10.19
108,서울,2023-06-09,23.3,18.3,28.4,1.2,2,64,11.8,28.15
108,서울,2023-06-10,23.2,19.6,28.5,.8,2.3,70,5.6,18.18
108,서울,2023-06-11,22.1,17.9,27.3,32.2,2.2,76.1,6.4,21.1
108,서울,2023-06-12,22.2,18.4,27.5,0,1.7,70.5,6.7,19.9
108,서울,2023-06-13,22,19.2,26,0,2.2,70,9.9,25.43
108,서울,2023-06-14,20.6,17.5,25,30.6,1.5,80.3,4.2,13.12
108,서울,2023-06-15,22.7,17.7,28.3,,2.1,70.8,8.8,25.05
108,서울,2023-06-16,23.7,19.1,28.9,,2.1,64.4,12.5,29.89
108,서울,2023-06-17,24.2,18.9,30.2,,2,57.1,10.8,27.4
108,서울,2023-06-18,25.9,20.8,32.6,,2,60.5,12.3,28.79
108,서울,2023-06-19,28.5,23.3,34,,2.2,57.8,11,25.29
108,서울,2023-06-20,24.7,21.4,26.4,6.4,1.9,64.5,0,5.89
108,서울,2023-06-21,20.5,19.2,22.1,24.9,2.1,92.6,0,4.79
108,서울,2023-06-22,22.5,18.9,26.4,0,2.2,77.1,6.9,21.48
108,서울,2023-06-23,24.4,20,29.9,,1.5,76.6,5.3,18.74
108,서울,2023-06-24,26.4,21.9,31.1,,2,70.5,9.7,21.93
108,서울,2023-06-25,28.2,22.8,33.1,,2.1,64.9,8.7,23.62
108,서울,2023-06-26,24.2,22.3,27.5,30.3,2.9,88.6,0,3.39
108,서울,2023-06-27,25.3,21.4,29.1,2.5,3.2,73.1,6.8,20.95
108,서울,2023-06-28,26.5,24.2,30.1,0,2.5,77.4,3.8,18.56
108,서울,2023-06-29,24.2,23.2,25.9,63.8,2.3,95.4,0,2.31
108,서울,2023-06-30,25.3,23.2,29.1,1,1.8,89.8,1.4,10.02
108,서울,2023-07-01,27.7,23.3,32.9,,2,76.9,12.4,29.21
108,서울,2023-07-02,26.7,23.5,30.6,,1.9,79.5,4.3,19.16
108,서울,2023-07-03,29.1,24.1,34.9,,1.8,72,8.8,25.34
108,서울,2023-07-04,26.1,24.5,29.2,61.8,2.3,86.8,0,6.08
108,서울,2023-07-05,24.5,22.1,27.1,15.3,3.7,82.6,4.5,19.96
108,서울,2023-07-06,27.3,22.4,31.8,,2.7,70.9,8.8,25.47
108,서울,2023-07-07,26.7,23.3,31.4,,2.3,64.9,8.7,23.96
108,서울,2023-07-08,25.6,22.4,29.7,,2.2,76.5,1.6,13.93
108,서울,2023-07-09,24.7,21.6,27,47.5,2,86.4,1.1,8.07
108,서울,2023-07-10,26.3,22.9,30.9,11.5,2.3,80.4,5.9,18.41
108,서울,2023-07-11,23.5,21.6,25.9,58.3,1.9,92.4,0,2.21
108,서울,2023-07-12,25.8,22,29.1,.7,1.5,86.4,1.2,12.34
108,서울,2023-07-13,25.2,24.7,26.5,91.6,1.6,95,0,2.63
108,서울,2023-07-14,24.6,23.9,25.1,72.7,2.9,99.1,0,1.52
108,서울,2023-07-15,24.5,23.7,25.7,2.3,3,93.5,0,3.16
108,서울,2023-07-16,24.6,23.7,25.4,9.7,2.3,89.5,0,5.31
108,서울,2023-07-17,25.5,23.7,27.8,1.4,1.7,86.1,.4,10.78
108,서울,2023-07-18,25.2,24.1,27.7,2.3,1.4,87.9,2,7.94
108,서울,2023-07-19,27.2,22.5,32.4,,1.7,78.8,11.5,26.41
108,서울,2023-07-20,27.9,24,32.8,,1.8,74,9.9,24.17
108,서울,2023-07-21,29.5,24.6,34.3,,1.8,69.6,10.2,23.64
108,서울,2023-07-22,27.7,24.6,32.5,12.3,2.6,73.9,6.4,17.66
108,서울,2023-07-23,25.2,24.5,25.8,40.2,2.1,94.3,0,2.37
108,서울,2023-07-24,26.9,24.6,30,.4,2,83.1,3.2,14.08
108,서울,2023-07-25,27.8,25.8,30.5,5.6,2.7,80.5,3.5,16.84
108,서울,2023-07-26,27.6,24.9,31.1,1,2.2,80.9,3,15.79
108,서울,2023-07-27,28.4,24.4,32.2,0,1.9,78.1,6.8,18.25
108,서울,2023-07-28,29.5,25.4,34.1,,2.1,72.4,9.5,23.36
108,서울,2023-07-29,29.1,26.1,33.3,,2,72.1,6.8,18.5
108,서울,2023-07-30,28.8,24.9,34.9,25,1.9,72.5,9.1,21.99
108,서울,2023-07-31,28.7,25.6,33.4,.3,1.7,76.3,6.5,20.26
108,서울,2023-08-01,29.9,25.5,34.2,,1.9,71.6,10.3,21.25
108,서울,2023-08-02,29.7,26.8,33.7,,2.1,67.8,11.2,24.81
108,서울,2023-08-03,29.5,25.8,33.8,,2.1,67,11,25.4
108,서울,2023-08-04,30,26.5,34.4,,1.9,67.6,9.6,23.13
108,서울,2023-08-05,30.3,26.4,34.9,,2,69,12.7,27.31
108,서울,2023-08-06,29.8,27,33,4.9,1.7,76.5,3.8,12.95
108,서울,2023-08-07,30.4,27.3,34.6,,2.7,68.4,5.8,15.83
108,서울,2023-08-08,30.9,26.4,35.8,,2.9,60.5,11,23.96
108,서울,2023-08-09,28.3,25.1,31.6,.2,3.2,67.6,3.3,13.66
108,서울,2023-08-10,22.2,20.9,25.1,86.1,3.7,91.9,0,2.42
108,서울,2023-08-11,23.5,21.6,24.9,46.7,2.3,93.1,0,3.94
108,서울,2023-08-12,23.3,22.5,24.1,1.5,1.9,91,.1,4.19
108,서울,2023-08-13,27,22.6,31.1,,1.7,76.9,2.7,17.49
108,서울,2023-08-14,28.1,24.8,31.9,,1.6,75.4,3.9,13.71
108,서울,2023-08-15,28.6,24.7,32.7,,2.3,71.4,7.7,21.84
108,서울,2023-08-16,27.3,24.7,31.6,.3,2.1,72,3.7,15.46
108,서울,2023-08-17,28.2,24.5,32.4,,1.7,73,6.2,18.24
108,서울,2023-08-18,29.1,25.5,33.3,.1,1.9,72.1,7.3,19.56
108,서울,2023-08-19,29.1,26.4,33.6,,1.9,68.9,9.1,21.24
108,서울,2023-08-20,28.3,25.5,31.8,0,1.6,71.8,3.6,15.87
108,서울,2023-08-21,29.5,26,33.6,0,2.4,69.8,6.4,19.04
108,서울,2023-08-22,27.6,25.8,32.2,42.6,2.4,80.3,1.3,10.5
108,서울,2023-08-23,24.8,23.2,27.2,41.8,2.2,91.3,.1,3.33
108,서울,2023-08-24,25.1,22.3,27.8,5.2,2.8,84.8,1.5,12.56
108,서울,2023-08-25,26.5,24,30,0,2.6,77.9,8.3,20.42
108,서울,2023-08-26,26.4,23.3,30.3,,1.8,72.3,7.3,19.84
108,서울,2023-08-27,26.1,22.7,29.6,0,1.8,75,1.2,12
108,서울,2023-08-28,22.7,20.8,25.6,10.4,3.3,87.5,0,3.99
108,서울,2023-08-29,23.9,22.5,25.5,54.8,2.1,89.6,0,2.87
108,서울,2023-08-30,22.8,21.5,24.5,3.5,1.1,88,0,4.42
108,서울,2023-08-31,23.9,21,28.9,,1.3,76.9,7,18.53
108,서울,2023-09-01,24.5,19.7,29.6,,2,70.6,12.1,24.59
108,서울,2023-09-02,25.4,19.7,30.8,,1.6,63.9,11.3,23.72
108,서울,2023-09-03,25.8,23.1,28.8,.1,2.2,77.8,1.9,12.19
108,서울,2023-09-04,27,24.3,30.2,.3,1.8,79.9,.7,10.24
108,서울,2023-09-05,28.5,25,32.8,0,1.8,69.5,7,19.14
108,서울,2023-09-06,27.9,24,32.1,,2.4,65.1,11.3,22.64
108,서울,2023-09-07,26.3,20.9,31.6,,2.5,54.8,12.1,24.56
108,서울,2023-09-08,25.3,19.6,30.5,,2.3,60.3,12,24.13
108,서울,2023-09-09,25.8,20.8,31.2,,1.8,66.3,10.9,22.64
108,서울,2023-09-10,25.7,22,29.6,,1.6,68.1,5.7,14.57
108,서울,2023-09-11,25.5,23.1,29.8,,1.9,67.3,5.1,14.79
108,서울,2023-09-12,25.7,21.7,29.8,,1.5,69.8,3.5,12.52
108,서울,2023-09-13,22.1,19.6,24.6,15.9,1.8,84.5,0,3.35
108,서울,2023-09-14,23.4,19.2,27.2,,2.4,72.4,4.2,13.7
108,서울,2023-09-15,22.3,20.3,24.3,2.1,2.6,82.3,.1,5.35
108,서울,2023-09-16,23.9,22,26.6,38.7,1.7,87.8,.1,6.3
108,서울,2023-09-17,24.7,22,28,3,1.4,84.8,3.3,12.49
108,서울,2023-09-18,24.7,22.1,28.9,,1.9,79.1,4.9,13.83
108,서울,2023-09-19,24.1,21.6,27.2,,1.6,81.1,1.3,8.98
108,서울,2023-09-20,20.6,18.8,23.9,35.8,2.7,90.4,0,2.53
108,서울,2023-09-21,20.1,17.5,23.6,0,2.3,70.9,2.4,13.28
108,서울,2023-09-22,20.5,15.2,26.7,,1.7,68.4,10.4,20.37
108,서울,2023-09-23,21.8,16.3,27.6,,2.5,63.9,10.9,19.69
108,서울,2023-09-24,21.8,17.9,26.2,,2.9,56.4,9,19.16
108,서울,2023-09-25,21.6,17.9,26,1.9,2.3,66.4,1.3,11.15
108,서울,2023-09-26,19.9,18.6,20.8,27.8,2.4,95.8,0,2.33
108,서울,2023-09-27,21.5,20,23.7,4.4,1.8,90.1,.1,6.65
108,서울,2023-09-28,22.7,19.6,27.3,,2,78.3,8.4,17.06
108,서울,2023-09-29,21.1,17.4,26.9,,1.4,61.5,5.5,16.39
108,서울,2023-09-30,19.7,17.1,22.2,4.5,2.2,77,1.6,7.45
112,인천,2023-05-20,18.3,14.5,22.9,,3,75.3,10.5,27.03
112,인천,2023-05-21,15.2,14,17.8,.3,3.2,88.4,3.2,15.25
112,인천,2023-05-22,18.2,14.8,22.3,,2.1,67.9,7.7,22.1
112,인천,2023-05-23,19.2,15,24.6,,2.1,57.9,13,28.56
112,인천,2023-05-24,18.4,14.5,22,,2,54.5,5.1,18.52
112,인천,2023-05-25,19.5,14.5,24.8,0,2.2,53.9,10.8,27.44
112,인천,2023-05-26,20.1,16.5,24.1,.1,2.2,57,10.5,26.25
112,인천,2023-05-27,19,18.4,20.2,28.1,1.6,89,0,3.39
112,인천,2023-05-28,18.1,17.4,19.1,40.9,2.6,96.6,0,2.55
112,인천,2023-05-29,21,17.8,24.4,2.6,1.1,90.6,4,13.67
112,인천,2023-05-30,22.3,19.4,25.8,,1.8,76.5,2,14.94
112,인천,2023-05-31,21,18.7,24.9,,2.4,64.6,6.5,22.4
112,인천,2023-06-01,21.1,18,24.9,,1.4,74.8,4.5,17.17
112,인천,2023-06-02,18.6,16.9,22.6,0,1.7,82.6,5.9,15.51
112,인천,2023-06-03,20.6,16.5,25.9,,2.8,61.6,13.2,30.37
112,인천,2023-06-04,19.5,15.9,23.8,0,2.5,72.9,10.3,24.66
112,인천,2023-06-05,19.4,17.5,22.8,,3,76.1,10.8,26.7
112,인천,2023-06-06,19.2,16.9,22.2,,2.5,77.1,8.9,24.61
112,인천,2023-06-07,19.6,18.1,22.7,,2.6,80.5,2.7,13.68
112,인천,2023-06-08,19.2,17.4,22.9,1.3,3.2,84.4,1.8,10.41
112,인천,2023-06-09,21,17.8,24.9,1,2,77.4,11,27.42
112,인천,2023-06-10,21.8,19,26,5,2.9,74.1,6.5,19.17
112,인천,2023-06-11,21.6,18.5,26.5,11.2,1.2,78.1,9.9,24.51
112,인천,2023-06-12,20.2,17.8,22.8,0,1.7,78,7.1,19.25
112,인천,2023-06-13,20.4,17.7,23.3,,2.3,76.6,13.1,29.43
112,인천,2023-06-14,20.5,17.5,24,,2,76,11.4,28.88
112,인천,2023-06-15,20.8,17.7,24.3,,2.4,78,11.5,26.7
112,인천,2023-06-16,21.7,18.4,25.7,,2.1,69,13,29.61
112,인천,2023-06-17,22.2,18.9,26.3,,1.9,71.1,10.5,26.57
112,인천,2023-06-18,23.1,20.1,27.3,,1.3,71.4,11.8,27.45
112,인천,2023-06-19,25.5,21.3,31.8,,1.1,64.6,10.5,24.61
112,인천,2023-06-20,22.9,19.8,24.9,15.2,1.8,63,.3,6.01
112,인천,2023-06-21,20.4,18.7,22.7,20.5,2,87.1,.3,7.28
112,인천,2023-06-22,21.5,19,25.1,0,2.3,78.5,8.8,24.88
112,인천,2023-06-23,23.2,19.6,26.7,,2,80.8,8.8,24.43
112,인천,2023-06-24,24.6,21.4,28.8,,2.1,73,12,27.35
112,인천,2023-06-25,26.7,22.1,30.8,,1.8,65.8,7.6,21.81
112,인천,2023-06-26,23.2,21.7,25.4,17.8,3.9,88.4,0,4.17
112,인천,2023-06-27,23.6,20.3,27.6,0,2.7,81.1,8.3,25.15
112,인천,2023-06-28,24.2,21.9,27.3,0,2.3,85.6,3.3,17.53
112,인천,2023-06-29,23.2,21.9,24.5,44,3.4,95.4,0,2.65
112,인천,2023-06-30,23.9,22.1,26.8,.2,1.2,90.4,6.1,18.18
112,인천,2023-07-01,25.2,22,28.7,,1.8,82,13.1,28.45
112,인천,2023-07-02,24.4,21.7,28.2,,1.6,86.3,4.3,15.82
112,인천,2023-07-03,27.2,23.3,32.4,,1.9,78.6,9.3,22.94
112,인천,2023-07-04,24.5,23.9,26.6,63.8,3.3,93.6,0,4.44
112,인천,2023-07-05,22.9,21.3,24.5,6.1,4.8,88.6,6.5,20.88
112,인천,2023-07-06,25.7,22.2,29.1,,3.9,76.9,10,25.75
112,인천,2023-07-07,25.9,23.1,30,,2,70.3,9.1,23.7
112,인천,2023-07-08,24.6,22.3,28.6,0,1.9,81.8,1.1,12.9
112,인천,2023-07-09,24.5,21.8,25.9,15.9,2.4,89.4,1.5,9.55
112,인천,2023-07-10,25.1,23,28.4,3,2.7,84.6,8.4,23.38
112,인천,2023-07-11,23.7,21.9,25,41,2.4,92.1,.2,3.78
112,인천,2023-07-12,24.9,22.4,27.5,.4,1.3,89.5,2.2,16.73
112,인천,2023-07-13,24.8,23.5,25.7,109.9,3.1,95,0,3.16
112,인천,2023-07-14,23.7,23.1,24.3,41.2,4,98.1,0,1.74
112,인천,2023-07-15,23.6,22.9,24.5,.7,3.8,95.3,0,3.15
112,인천,2023-07-16,23.5,22.9,24.4,.2,2.4,93,0,6.43
112,인천,2023-07-17,24.3,23.1,26,0,1.9,89.4,.9,12.18
112,인천,2023-07-18,24.6,23.1,27.1,2.5,1,89.9,2.3,9.17
112,인천,2023-07-19,26.2,23,30.2,,1.6,82.6,11.9,27.62
112,인천,2023-07-20,26.2,23.2,29.4,,1.8,77,12,24.48
112,인천,2023-07-21,27.8,23.6,32.4,,1.7,70.1,12.8,26.83
112,인천,2023-07-22,26.6,23.3,31.7,5.3,3.6,77.5,5.3,15.64
112,인천,2023-07-23,24.4,23.8,25.1,79,4.1,95.9,0,3.16
112,인천,2023-07-24,25.2,23.4,27.3,,2,89,7.1,19.67
112,인천,2023-07-25,26.3,24.9,28.4,.2,2.7,86.1,3.8,17.59
112,인천,2023-07-26,27.2,25,29.6,1.6,2.9,84.6,8.9,25.12
112,인천,2023-07-27,27.8,24.7,31.1,,1.6,79,12.2,26.47
112,인천,2023-07-28,28.9,25.7,31.7,,2,74.4,12,26.55
112,인천,2023-07-29,28.9,26.5,32.1,0,1.7,72.5,9,24.45
112,인천,2023-07-30,29.4,25.4,33.7,,1.3,68.5,10.8,24.94
112,인천,2023-07-31,27.9,25.5,31.5,,2,77.9,7.9,21.22
112,인천,2023-08-01,29.3,26.5,32.8,,1.7,75.4,12,24.06
112,인천,2023-08-02,28.2,26.2,31.4,,1.5,77.4,11.5,24.48
112,인천,2023-08-03,28.1,25,31.6,,2,73.4,12.1,26.92
112,인천,2023-08-04,29.2,26.5,32.6,,1.4,69.8,12.3,26.1
112,인천,2023-08-05,28.7,25.9,32.8,,1.9,73.8,12.4,27.25
112,인천,2023-08-06,29.4,26.4,32.8,,1.6,79,5.5,20.14
112,인천,2023-08-07,30.2,26.4,34.6,7.8,1.9,72.1,7.8,19.93
112,인천,2023-08-08,30.7,26.6,34.3,,2.3,63.3,10,21.94
112,인천,2023-08-09,29.3,27.1,32.5,0,2.4,64.6,4.5,16.27
112,인천,2023-08-10,22.8,21.1,27.1,70.5,4.3,90.3,0,3.71
112,인천,2023-08-11,23,21.9,24.8,46.6,3.6,93.1,0,6.05
112,인천,2023-08-12,23.5,21.8,25.8,21.7,2,92.5,1.9,8.78
112,인천,2023-08-13,26.7,23.3,30.5,,1,79.1,5,19.77
112,인천,2023-08-14,27.8,25,31.1,,1.6,77.5,10.2,23.29
112,인천,2023-08-15,27.4,24.2,31.2,,1.8,78.5,5.5,19.04
112,인천,2023-08-16,26.6,24.2,29.7,,1.9,76.9,8.1,21.25
112,인천,2023-08-17,27.3,24.3,30.4,,1.7,73.9,11.7,24.89
112,인천,2023-08-18,27.9,25.3,31.1,,1.5,74,10.3,22.79
112,인천,2023-08-19,27.5,25.5,30.8,,1.7,75,11.7,25.18
112,인천,2023-08-20,27.2,25.5,30.1,0,1.6,81.1,3.2,15.94
112,인천,2023-08-21,28.6,26,31.8,0,2.5,76.6,6.3,18.36
112,인천,2023-08-22,26.6,25.1,30,11.7,3.6,86.3,2.6,13.42
112,인천,2023-08-23,24.2,23.1,25.7,81,2.8,94,0,2.21
112,인천,2023-08-24,24.5,22.4,27,5.7,1.6,92.5,.7,8.16
112,인천,2023-08-25,25.9,24.2,28.3,.3,2.9,82.8,9.8,23.67
112,인천,2023-08-26,25.3,23.2,28.2,,1.9,79.3,6.2,18.41
112,인천,2023-08-27,25.6,23.2,28.4,0,1.3,80.5,.1,10.83
112,인천,2023-08-28,22.7,20.5,25.6,21.6,3.3,88.3,0,4.14
112,인천,2023-08-29,23.4,22.2,25.5,30.5,3.7,91.3,0,4.3
112,인천,2023-08-30,22.9,21.8,24.3,.1,1.5,84.9,.1,7.27
112,인천,2023-08-31,23.6,21.1,26.9,,1.6,78,8.4,21
112,인천,2023-09-01,24.1,20.4,28.3,,2.1,73,11.4,23.56
112,인천,2023-09-02,25.1,20.2,29.1,,2.1,71.1,10.8,23.17
112,인천,2023-09-03,26.4,24,28.4,0,1.3,77,.1,7.74
112,인천,2023-09-04,26.9,24.6,29.7,.2,1.5,80.4,1.1,11
112,인천,2023-09-05,27.6,25.6,31.3,0,1.5,77,7.7,18.36
112,인천,2023-09-06,27.4,24,30.4,,1.4,69.8,7.5,14.85
112,인천,2023-09-07,27.1,22.9,31.3,,1.8,50.4,11.4,23.63
112,인천,2023-09-08,25.1,22.1,28.6,,1.6,61.8,11.3,23.17
112,인천,2023-09-09,25.1,22,29.7,,1,70.4,9.8,21.72
112,인천,2023-09-10,25,23,28.5,,.9,72.8,5.8,16.83
112,인천,2023-09-11,25,23.4,28.3,,1,72,9.5,20.12
112,인천,2023-09-12,25.2,22.3,28.7,,1.1,73,6.2,16.87
112,인천,2023-09-13,22.1,19.5,24.7,22.6,1.2,87.1,0,3.37
112,인천,2023-09-14,23.2,18.8,26.4,,2.4,74.1,4.3,12.98
112,인천,2023-09-15,22.5,20.6,24.2,6.1,1.8,82,.1,5.43
112,인천,2023-09-16,23.9,21.7,26.8,26.7,.4,87.1,.2,7.23
112,인천,2023-09-17,24.2,22,27.3,0,.7,87.1,8.5,18.4
112,인천,2023-09-18,24.5,22.6,27.7,,1.4,83,8.8,19.26
112,인천,2023-09-19,23.9,21.9,26.5,,1.7,87.1,3.4,12.18
112,인천,2023-09-20,20.7,18.6,23.8,29.5,2.7,90.6,0,2.43
112,인천,2023-09-21,19.8,17.4,22.8,.1,2.6,71.9,2.4,13.09
112,인천,2023-09-22,21,16.9,25.3,,1.4,70.4,10.6,20.63
112,인천,2023-09-23,22.7,18.6,26.5,,1.3,64.3,10.7,17.66
112,인천,2023-09-24,22.1,18.8,25.6,0,2.4,53.1,8.3,18.12
112,인천,2023-09-25,21.8,18.9,25.6,1,1.4,64.5,.6,10.25
112,인천,2023-09-26,20.1,18.6,20.9,19.1,1.8,94.4,0,2.73
112,인천,2023-09-27,21.2,19.6,22.7,3.4,1.5,90.4,.5,6.05
112,인천,2023-09-28,21.9,19.4,25.3,,2,80.1,7.9,16.26
112,인천,2023-09-29,20.8,17.7,25.2,,1.1,61.9,5.9,16.99
112,인천,2023-09-30,20,17.3,22.4,20.5,3.6,71.1,3.7,9.35
114,원주,2023-05-20,20.5,13.7,26.9,,1.4,61.3,8.7,24.14
114,원주,2023-05-21,18.7,15.6,22.4,0,1.7,58.5,6.2,17.77
114,원주,2023-05-22,17.9,14.6,23.9,.6,1.1,61,3.9,16.66
114,원주,2023-05-23,18.3,10.3,25.1,,1.1,51.1,13.3,29.79
114,원주,2023-05-24,19.2,11.7,25.1,,.9,48.9,7.4,20.29
114,원주,2023-05-25,21.1,14.3,27.3,,1.2,43.5,11.8,27.98
114,원주,2023-05-26,20.9,14.8,26.4,.5,1.2,52.6,10.6,27.21
114,원주,2023-05-27,18.3,16.2,20.3,8.6,.7,82.4,0,4.79
114,원주,2023-05-28,19.3,18,20.5,32.2,.4,93,0,2.89
114,원주,2023-05-29,21.6,19,25.9,25.1,.5,83,3.4,12.2
114,원주,2023-05-30,22.2,19,27.2,0,.9,66,2.8,15.52
114,원주,2023-05-31,21.8,15.8,27.4,,1.1,51.4,11.4,27.84
114,원주,2023-06-01,22,17.6,26.1,,.7,63.4,3.2,16.85
114,원주,2023-06-02,22.2,19.2,26.6,0,1.5,63.8,10,25.71
114,원주,2023-06-03,22.1,16.8,27.7,,1.5,51,11.9,28.19
114,원주,2023-06-04,21.3,14.6,27.7,,1.1,48.8,12.8,29.1
114,원주,2023-06-05,20.9,14.9,26.4,,1.3,54.9,12.4,25.38
114,원주,2023-06-06,20.3,15.7,25.5,0,1.1,62.1,10.4,23.59
114,원주,2023-06-07,20.9,18.2,24.2,,1,68.1,1.1,14.27
114,원주,2023-06-08,22,18,25.5,.7,1.1,70.4,5.3,18.85
114,원주,2023-06-09,21.8,16.8,27.5,6.1,1.1,61,10.2,26.09
114,원주,2023-06-10,22.1,17.4,29.2,6.8,1.2,62.8,7.7,22.16
114,원주,2023-06-11,20.5,17.3,25.9,1.9,.8,78,6.9,18.15
114,원주,2023-06-12,22.5,17.2,27.6,0,1,67.3,8.8,25.01
114,원주,2023-06-13,22.5,18.4,27.4,,1.2,58.5,12.7,26.49
114,원주,2023-06-14,21.6,16,27.2,,1.3,61.6,11.4,25.59
114,원주,2023-06-15,21.6,16.8,26.7,0,1.2,66.4,10.8,23.48
114,원주,2023-06-16,23.7,17.5,29.7,,1,61.1,13.1,28.28
114,원주,2023-06-17,24.7,17.7,31.1,,1,53,11.3,27.72
114,원주,2023-06-18,25.8,19.6,32.6,,.9,56.9,12.7,26.19
114,원주,2023-06-19,27.3,20.9,33.6,,1.3,55.1,9.9,24.08
114,원주,2023-06-20,24.8,20.2,28.1,.5,1.4,49.9,.9,11.11
114,원주,2023-06-21,20.4,18.5,21.9,24.9,1,88.4,0,5.43
114,원주,2023-06-22,21.9,19.6,26.5,.2,1.3,73,4.5,17.64
114,원주,2023-06-23,24.2,19.8,29.8,,1,67.3,9.4,26.7
114,원주,2023-06-24,25.4,19.8,31,,1,62.5,12.2,26.49
114,원주,2023-06-25,26.6,21,31.2,,.9,62,7.1,20.12
114,원주,2023-06-26,23.8,20.3,26.2,50,1.2,79.8,.2,6.03
114,원주,2023-06-27,24.8,22.1,28.9,8.6,1.4,69.6,6.5,17.64
114,원주,2023-06-28,25.6,22.2,29.1,0,.9,69.3,6.1,18.71
114,원주,2023-06-29,24,22.8,25.8,30.2,.6,86.9,0,3.37
114,원주,2023-06-30,25,23.4,28.3,10.1,.5,85.8,2.5,11.59
114,원주,2023-07-01,27.9,23.1,32.9,,.8,68.9,11.9,29.74
114,원주,2023-07-02,26.7,23.5,30.7,,.7,73,5.1,19.41
114,원주,2023-07-03,27.9,22.8,34,,1,67,10.3,26.19
114,원주,2023-07-04,25.7,23,31.2,24.1,1.7,73.3,6.1,17.03
114,원주,2023-07-05,24.3,22,27.3,13.2,2.1,75.9,6.4,18.53
114,원주,2023-07-06,26.8,21.2,31.8,,1.3,61.6,8.5,24.91
114,원주,2023-07-07,24.5,21.9,29.3,0,1.3,65.9,2.7,13.35
114,원주,2023-07-08,25,19.6,30.5,0,.9,72.8,4.2,20.46
114,원주,2023-07-09,24.5,20.3,29.3,25.4,.9,82.3,1.5,10.03
114,원주,2023-07-10,26.3,21.6,30.7,6.9,1.3,74.9,7,20.49
114,원주,2023-07-11,23.1,20.9,26.1,96.2,.7,86.9,0,3.74
114,원주,2023-07-12,24.8,21.2,28.6,1.5,.5,80.1,1,13.4
114,원주,2023-07-13,24.4,23.4,26.2,47.1,.6,89.3,0,3.87
114,원주,2023-07-14,24.3,23,26.5,105.8,1.2,90.1,0,2.71
114,원주,2023-07-15,23.7,22.5,24.9,35.4,.6,88.6,0,4.82
114,원주,2023-07-16,24.4,22.4,27.2,0,.8,81.6,.3,10.6
114,원주,2023-07-17,24.8,22.8,28.4,25.6,.5,84.6,.6,10.04
114,원주,2023-07-18,23.2,22.1,24.5,23.7,.5,92,0,4.64
114,원주,2023-07-19,25.5,21,31.2,,.7,76.6,8.4,24.4
114,원주,2023-07-20,26.7,23,31,,.6,75,7,20.5
114,원주,2023-07-21,27.1,23.2,33.3,2.1,.9,75,9.1,23.28
114,원주,2023-07-22,26.8,22.4,32,.5,1.9,69.4,7.3,20.29
114,원주,2023-07-23,25.5,24.1,27.1,11.2,1.1,81.4,0,4.62
114,원주,2023-07-24,26,23.7,30.1,7.2,.8,80.5,3.5,14.55
114,원주,2023-07-25,27,23.7,31,2.6,1.2,75.6,7.6,21.7
114,원주,2023-07-26,25.9,23.4,31.8,9,.8,79.9,5.3,18.29
114,원주,2023-07-27,27.3,23,32.6,,1,73.4,10.3,26.16
114,원주,2023-07-28,28.6,24,33.7,,1,70.4,11.1,26.21
114,원주,2023-07-29,29.1,24.9,33.9,,1,69.6,8.4,25.58
114,원주,2023-07-30,28.5,23.7,34.3,0,1,66.4,10.5,25.61
114,원주,2023-07-31,26.7,24.1,32.5,25.8,.9,79,3.6,15.88
114,원주,2023-08-01,28.1,23,33.7,,.8,73.6,8.2,22.23
114,원주,2023-08-02,28.2,24.6,32.8,,.8,71.3,2,17.11
114,원주,2023-08-03,28,23,32.5,,.9,65.1,10.8,25.21
114,원주,2023-08-04,28.4,24.3,33.2,,.8,70.1,6.9,20.52
114,원주,2023-08-05,29.2,25.1,34.1,,.9,67.9,9.9,23.79
114,원주,2023-08-06,28.1,24.7,34.2,13.8,.9,74.3,7.1,18.34
114,원주,2023-08-07,29,24.9,34,1.8,.9,68.9,8.6,20.93
114,원주,2023-08-08,28.6,23.9,34,,1.4,63.4,10.4,22.94
114,원주,2023-08-09,26.1,22.4,31.5,18.1,1.5,73.6,.3,9.68
114,원주,2023-08-10,22,21.3,23,42.1,1.5,89.1,0,2.08
114,원주,2023-08-11,24.9,21.5,28.3,3.9,1.5,80.5,0,8.03
114,원주,2023-08-12,23.9,22.8,27,.3,1,83.6,.3,9.06
114,원주,2023-08-13,26.2,22.2,31.2,,.7,77.6,1.7,17.76
114,원주,2023-08-14,27.7,23.6,33.6,1.4,.9,74.6,9.6,23.51
114,원주,2023-08-15,27.5,22.9,33,,1.2,66.6,10.7,24.93
114,원주,2023-08-16,27.1,22.3,32.2,,1,68.3,9.6,23.66
114,원주,2023-08-17,27.2,23.6,31.8,.1,.7,75.1,4.6,17.2
114,원주,2023-08-18,28.4,24.2,32.9,0,.8,72.3,5.2,18.12
114,원주,2023-08-19,28.8,25.4,33.6,0,.8,72.4,6,18.87
114,원주,2023-08-20,28.5,25.6,32.4,,.8,70.6,5.3,18.56
114,원주,2023-08-21,29,25.1,33.8,,.8,68.9,5.5,17.12
114,원주,2023-08-22,28,24.8,32.1,11,1,75.9,5.3,14.53
114,원주,2023-08-23,26.6,23,31.7,56.6,1.1,80.1,2.3,13.01
114,원주,2023-08-24,24.8,22.1,28.4,19.5,1.2,86.3,0,8.06
114,원주,2023-08-25,26.2,23.8,30.1,25.8,1.2,74.9,6.1,17.43
114,원주,2023-08-26,25.8,22.9,30.1,,.9,71.6,8.6,21.85
114,원주,2023-08-27,25.3,21.4,30,0,.9,72.5,3,15.07
114,원주,2023-08-28,25,22,27.7,0,.9,71.8,0,7.15
114,원주,2023-08-29,25.7,22.2,28.9,10.6,1.7,76.9,.2,6.36
114,원주,2023-08-30,21.4,19.8,22.7,28,.4,88.6,0,2.74
114,원주,2023-08-31,22.5,19.6,27.4,,.7,77.6,4.5,15.72
114,원주,2023-09-01,22.7,17.9,29.1,,.8,74,8.7,21.85
114,원주,2023-09-02,24.3,17.9,30.7,,.8,69.3,9.8,22.92
114,원주,2023-09-03,25.9,21.9,30.6,1.6,.9,76,3.7,16.64
114,원주,2023-09-04,26.5,23.4,30.7,0,.7,74.6,2.4,13.73
114,원주,2023-09-05,26.7,23.1,31.1,,.8,69.1,4.9,16.87
114,원주,2023-09-06,26.1,21.8,31.6,0,1,64.5,9.4,19.7
114,원주,2023-09-07,23.6,17.2,31.2,,.8,57.9,11.5,23.74
114,원주,2023-09-08,23,16.9,29.2,,.9,64.3,11.5,23.55
114,원주,2023-09-09,24.1,18.2,30.7,,.8,67.3,11.2,22.91
114,원주,2023-09-10,25,19.9,30.6,,.9,69.6,10.7,21.93
114,원주,2023-09-11,25.1,21.5,29.9,,.8,69.4,8.9,18.44
114,원주,2023-09-12,25.1,21.4,30.3,,.7,69.5,8.2,18.71
114,원주,2023-09-13,21,19,23.5,30.2,.7,88.8,0,3.21
114,원주,2023-09-14,21.8,19.1,25.1,1.6,.6,79.4,0,6.26
114,원주,2023-09-15,21.5,19.6,23.6,20.4,.5,89.5,.1,5.12
114,원주,2023-09-16,23.6,21.5,27.6,11.2,.6,88.9,.8,8.56
114,원주,2023-09-17,24.7,22.2,28.9,2,.5,78.6,5,14.59
114,원주,2023-09-18,25.1,21.8,29.7,.7,.9,75.5,7.3,18.09
114,원주,2023-09-19,23.2,19.2,27.2,,.7,76.8,2.9,12.53
114,원주,2023-09-20,20.4,18.6,22.7,55.2,1.1,87.5,0,2.11
114,원주,2023-09-21,19.9,16.6,23,0,1.6,67.5,1.2,10.96
114,원주,2023-09-22,18.3,14.2,24.5,,.8,77.8,7.2,17.11
114,원주,2023-09-23,19.6,13.8,26.4,,.9,69.6,7.8,17.57
114,원주,2023-09-24,20,14.3,25.7,,1.1,60.1,8.2,19.7
114,원주,2023-09-25,21.4,17,26.7,1.7,.9,67.6,4.4,15.7
114,원주,2023-09-26,20.2,19.1,21.1,19.3,.7,92.1,0,2.88
114,원주,2023-09-27,21,20.1,23.1,13.2,.7,91.9,0,3.37
114,원주,2023-09-28,22.1,19.9,26,,1,76,6.4,14.91
114,원주,2023-09-29,19.9,17.4,24.5,,.7,72.9,4.6,13.31
114,원주,2023-09-30,18.8,15.5,21.7,1.5,.9,76.9,3.9,11.43
115,울릉도,2023-05-20,17.4,15,22,,3,82.9,5.7,22.7
115,울릉도,2023-05-21,20.3,15.9,24,0,3,69.4,9.9,24.44
115,울릉도,2023-05-22,16.8,13.9,20,0,2.4,73.9,0,9.52
115,울릉도,2023-05-23,16.7,12.3,21.8,,3.9,54.1,12.8,30.14
115,울릉도,2023-05-24,16.4,12.1,20.9,,3.3,76.3,11.2,27.07
115,울릉도,2023-05-25,17.4,13.6,21.2,,3.5,79.3,10.7,27.74
115,울릉도,2023-05-26,19.4,16.5,23,0,4.9,72,7.3,22.82
115,울릉도,2023-05-27,19.8,17.4,24.2,0,4.6,84.4,4.4,7.18
115,울릉도,2023-05-28,17.9,16.4,19.5,43.8,5.4,,0,1.56
115,울릉도,2023-05-29,18.1,15.9,19.8,18.5,1.9,,0,5.22
115,울릉도,2023-05-30,17.3,15.1,20.2,.3,3.3,,4.7,17.54
115,울릉도,2023-05-31,18.3,14.5,22.3,,2.9,56,12,30.89
115,울릉도,2023-06-01,19.2,16,23.3,0,5.2,78.9,6.1,22.15
115,울릉도,2023-06-02,20.8,17,24.5,0,5.7,60.8,12.8,29.49
115,울릉도,2023-06-03,20.7,16.6,24.4,,3.5,56,13.1,31.25
115,울릉도,2023-06-04,23.8,19.5,27.1,,4,37.8,13,30.54
115,울릉도,2023-06-05,24.2,21,27.9,,4.2,46.6,13.1,30.19
115,울릉도,2023-06-06,22.3,18.8,26.8,,4,62,10.5,27.38
115,울릉도,2023-06-07,22,19,25.5,,3.3,69.1,12.7,28.82
115,울릉도,2023-06-08,21.8,18,26.1,,5.9,74.6,7,22.88
115,울릉도,2023-06-09,19.9,16.8,24.1,.6,3.3,79.5,5.9,19.89
115,울릉도,2023-06-10,20.5,18.5,22.3,,3.5,89.3,0,8.12
115,울릉도,2023-06-11,20,18.5,21.4,2.7,2.3,96.6,0,4.19
115,울릉도,2023-06-12,20.9,18.1,24.1,,2.7,88.6,4,16.43
115,울릉도,2023-06-13,21.1,18.7,24.5,,1.3,87.9,3.3,16.56
115,울릉도,2023-06-14,20.9,17.7,24.5,9.4,1.3,84.9,7.7,21.41
115,울릉도,2023-06-15,20.4,17.9,23,3.9,1.5,88.6,4.4,17.26
115,울릉도,2023-06-16,21.8,18,25.5,,3.1,78.9,12.7,29.83
115,울릉도,2023-06-17,25.2,21.7,29.1,,4.8,64.3,13,29.91
115,울릉도,2023-06-18,24.7,21.7,28.5,,2.9,74.5,10,23.93
115,울릉도,2023-06-19,21.3,18.8,24.4,,4.3,84.9,7.3,24.25
115,울릉도,2023-06-20,21.1,18.4,24.9,,1.9,81.3,4.4,20.15
115,울릉도,2023-06-21,20.6,19.4,21.7,12.5,3.7,97.8,0,1.79
115,울릉도,2023-06-22,20.3,18,23,,1.5,86,5.3,18.24
115,울릉도,2023-06-23,19.3,17.6,21.9,.7,2.4,89.3,.9,12.93
115,울릉도,2023-06-24,20.6,17.3,23.9,0,1.6,87.5,2.2,15.54
115,울릉도,2023-06-25,21.6,18.7,25,,2.5,89.6,7.8,25.8
115,울릉도,2023-06-26,21.9,20.3,23.3,29.9,4.4,99.5,0,1.48
115,울릉도,2023-06-27,24.4,22,27.6,4,9.2,82.5,6.9,22
115,울릉도,2023-06-28,24.7,22.7,27.2,0,5.5,75.8,9.8,26.7
115,울릉도,2023-06-29,24.9,22.1,28.4,42.3,5.3,81.9,3.8,15.41
115,울릉도,2023-06-30,21.8,20.3,23.5,19.3,3.6,98.8,.1,7.26
115,울릉도,2023-07-01,22.2,19.2,25,,3.7,88.4,9.5,25.05
115,울릉도,2023-07-02,24.5,21.1,29.6,,3.7,74.8,11.5,25.79
115,울릉도,2023-07-03,23.1,21.2,26.5,,1.8,87.9,5.6,20.52
115,울릉도,2023-07-04,22.3,20.9,24.7,0,2,96.8,0,7.37
115,울릉도,2023-07-05,24.4,21.5,28.3,37.6,7.3,81.4,7,19.32
115,울릉도,2023-07-06,28,24.5,30.8,,7.2,51.8,11.6,28.59
115,울릉도,2023-07-07,23.8,19.6,27.9,3.1,5.8,80.9,0,6.74
115,울릉도,2023-07-08,22.1,20.5,23.5,8.4,1.2,99.6,0,5.37
115,울릉도,2023-07-09,22.7,20.7,24.7,16.6,2.9,95.1,2.2,9.97
115,울릉도,2023-07-10,25.4,22.9,26.9,0,7,84.3,4.1,15.58
115,울릉도,2023-07-11,24.7,20.9,28.1,4.9,7.8,85.8,5,12.85
115,울릉도,2023-07-12,25.2,21.3,29.7,.1,3.5,81.9,10.8,26.55
115,울릉도,2023-07-13,24.3,23,25.8,0,2.8,89.8,0,6.88
115,울릉도,2023-07-14,23.5,22.3,24.5,40.7,9.6,100,0,.55
115,울릉도,2023-07-15,22.8,21.6,24.3,83.2,8.7,100,0,3.18
115,울릉도,2023-07-16,24.2,21.3,27.5,3.5,7.8,85.6,3.9,19.58
115,울릉도,2023-07-17,26.1,23.2,29.8,0,4.7,82.6,10.4,26.22
115,울릉도,2023-07-18,24,21.1,27,20.6,3.5,92.6,0,8.49
115,울릉도,2023-07-19,22.9,21,25.2,3.4,2.3,93.9,1.9,13.12
115,울릉도,2023-07-20,23,20.1,25.7,,1.6,92.1,6.3,20.51
115,울릉도,2023-07-21,23.5,21.3,26.1,,.7,89.5,7.7,21.82
115,울릉도,2023-07-22,24.3,22.3,26.3,,1.4,92.1,3.5,18.12
115,울릉도,2023-07-23,24.9,24.1,25.8,0,6.2,98.1,0,5.15
115,울릉도,2023-07-24,25,24.2,26.4,.4,7.6,98.1,0,8.08
115,울릉도,2023-07-25,26.9,23.8,29.9,,6.2,80.8,10.7,23.19
115,울릉도,2023-07-26,28.1,25.2,30.9,,4.7,74.5,12.5,27.13
115,울릉도,2023-07-27,28,25.3,30.1,,2.6,73.4,12.6,26.46
115,울릉도,2023-07-28,28,25.4,32.7,,2.8,83.3,11.6,26.02
115,울릉도,2023-07-29,28.3,25.7,32.7,,1.9,75,11.2,25.21
115,울릉도,2023-07-30,28.5,26.1,31.5,,2.2,83.3,12.4,25.97
115,울릉도,2023-07-31,27.6,25.7,31.3,,1.8,84.1,7.3,21.72
115,울릉도,2023-08-01,27.6,24.7,31,,1.4,85.5,12.1,25.5
115,울릉도,2023-08-02,28.1,25.9,30.9,,2.4,87,6.8,19.58
115,울릉도,2023-08-03,29.1,26.7,33.5,,2.8,79,9.9,24.49
115,울릉도,2023-08-04,29.2,27.2,31.8,,2.5,78.1,11.8,24.15
115,울릉도,2023-08-05,28.8,26.4,32.2,,2.1,78.4,12.7,25.95
115,울릉도,2023-08-06,28.1,25.6,31.2,,1.8,88,12.3,26.89
115,울릉도,2023-08-07,27.9,26.7,29.8,.1,1.2,94.5,1.1,8.37
115,울릉도,2023-08-08,28.3,26,31.9,,1.6,86.8,11.2,25.16
115,울릉도,2023-08-09,27.7,26.2,29.6,2.2,3.3,94.6,.5,9.82
115,울릉도,2023-08-10,26.4,24.3,28.2,7.3,2.2,93.5,0,3.21
115,울릉도,2023-08-11,25.5,23.9,28.7,,2.2,93.6,2.4,12.81
115,울릉도,2023-08-12,26.6,24.4,29.6,,1,92,5.6,19.29
115,울릉도,2023-08-13,26.5,23.9,30.2,,1.1,89.6,8,19.91
115,울릉도,2023-08-14,25.8,23.8,29.4,.5,2.2,89.1,6.6,20.86
115,울릉도,2023-08-15,23.4,22.5,24.2,1.8,4.6,97,0,8.14
115,울릉도,2023-08-16,24,22.3,26.6,2.6,2,94.3,1.6,11.08
115,울릉도,2023-08-17,24.6,23,27.2,0,1.7,93.4,1.6,11.75
115,울릉도,2023-08-18,26.1,23.3,28.9,.2,1.3,91.3,2.1,15.11
115,울릉도,2023-08-19,27.3,25.7,30.7,,2.7,93,2.4,14.29
115,울릉도,2023-08-20,27.2,25.4,30.6,4.9,2.2,96.5,5,15.37
115,울릉도,2023-08-21,28.1,25.6,30.9,0,3,89.8,10,22.56
115,울릉도,2023-08-22,27.9,25.8,30.7,,4.2,91,7.1,17.15
115,울릉도,2023-08-23,28.1,25.5,31.2,,3.7,87.1,7.1,18.73
115,울릉도,2023-08-24,26.3,24.3,27.7,.3,2.5,96.5,.9,7.19
115,울릉도,2023-08-25,25.9,23.3,29,1.4,4.8,86.6,4.3,15.51
115,울릉도,2023-08-26,26.6,23.7,30.4,,2,81.5,9.8,21.93
115,울릉도,2023-08-27,25.8,23,28.6,,3.5,81.8,10.8,22.67
115,울릉도,2023-08-28,25.4,23.6,26.4,0,3.9,93,0,6.26
115,울릉도,2023-08-29,27.2,25.5,30,0,3.9,94.6,1.2,9.71
115,울릉도,2023-08-30,26.8,25.8,29.8,0,4.7,94.5,1.3,8.67
115,울릉도,2023-08-31,23.8,21.8,26.6,19.8,1.9,96.5,.6,8.35
115,울릉도,2023-09-01,23,21.1,24.6,3.5,1.5,92,1.1,6.55
115,울릉도,2023-09-02,23.8,21.1,26.7,,3,77.6,9.7,20.86
115,울릉도,2023-09-03,24.9,23,26.9,1.4,2.2,94.3,.7,6.15
115,울릉도,2023-09-04,24.6,22.7,27.3,4.8,3.8,93.1,2.3,10.58
115,울릉도,2023-09-05,23.8,22.8,26,,6.3,83,7.8,18.85
115,울릉도,2023-09-06,23.3,20.7,25.9,,7.8,80.8,9,21.01
115,울릉도,2023-09-07,23,20.7,25.2,,5.6,83.3,8.5,21.39
115,울릉도,2023-09-08,22.2,19.8,25.4,,4.3,76.1,10.5,22.35
115,울릉도,2023-09-09,21.8,18.8,24.8,,3.1,78.6,10.3,22.43
115,울릉도,2023-09-10,23.2,19.5,26.4,0,2.2,84.1,8.2,21.01
115,울릉도,2023-09-11,22.7,20.6,25.2,19.3,1.5,95.5,.5,6.53
115,울릉도,2023-09-12,24.9,21.5,29.1,,2.9,91.3,5.4,14.96
115,울릉도,2023-09-13,22.7,20.5,25,25.1,3.7,98.1,0,3.04
115,울릉도,2023-09-14,22.2,19.7,24.9,3.3,4.4,91.9,.8,8.67
115,울릉도,2023-09-15,22.5,20.8,23.5,47.8,4.1,99.5,0,1.4
115,울릉도,2023-09-16,24.3,22,26.8,3.3,1.9,94.6,2.8,10.54
115,울릉도,2023-09-17,23.4,21.6,25,15.2,4,93.5,.3,6.83
115,울릉도,2023-09-18,24.5,21.6,27.4,.5,3.3,95.6,2.5,10.62
115,울릉도,2023-09-19,25,22.9,28.2,,2.9,69.5,7.9,16.69
115,울릉도,2023-09-20,21.6,19,24.9,65.1,5.6,85.5,0,3.01
115,울릉도,2023-09-21,18.3,17.1,20.2,75.9,8.4,86.3,.3,8.39
115,울릉도,2023-09-22,18.7,15.8,21.4,,3.7,68.9,10.7,20.7
115,울릉도,2023-09-23,19.4,15.9,23,,4.9,74.9,7.9,17.29
115,울릉도,2023-09-24,19.8,17.4,21.9,,4.9,68.4,9.9,19.91
115,울릉도,2023-09-25,20.6,19.2,24,.1,2.8,79.4,4.3,12.61
115,울릉도,2023-09-26,19.5,17.9,21.4,7.8,2.8,99,0,3.57
115,울릉도,2023-09-27,20.7,18.8,22.7,7.4,2.5,99,.2,4.63
115,울릉도,2023-09-28,22.5,20.3,26,0,2,79.5,8.1,15.89
115,울릉도,2023-09-29,22,20,24.9,,1.7,73.6,1.7,11.35
115,울릉도,2023-09-30,20.6,18.2,23.8,11.5,3.1,75.4,6.9,15.06
119,수원,2023-05-20,20,15.6,26.2,,2.5,70.4,10.7,24.9
119,수원,2023-05-21,17,15.1,20.8,0,2.4,76.5,4.6,16.32
119,수원,2023-05-22,18.6,14.5,25,,1.6,65.5,5.8,19.87
119,수원,2023-05-23,18.5,12.4,25.3,,1.7,60.8,12.1,26.38
119,수원,2023-05-24,18.9,11.8,25.5,,1.4,55.4,5.3,18.6
119,수원,2023-05-25,20.2,14.4,26.2,,1.9,49.8,10.9,27
119,수원,2023-05-26,20.6,15.8,26.2,0,2,56.1,10.7,26.27
119,수원,2023-05-27,18.9,17.4,20.2,14.2,1.4,90,0,3.69
119,수원,2023-05-28,19.1,17.6,20.1,40.4,1.3,97.6,0,1.73
119,수원,2023-05-29,21.8,19.1,26.6,6.7,1,86.6,2.3,10.38
119,수원,2023-05-30,22.4,18.7,27.6,0,1.7,79.1,3.2,16.59
119,수원,2023-05-31,21.8,18.2,27.5,,2.5,61.5,8.7,25.83
119,수원,2023-06-01,21.7,17.8,26,,1.5,71.6,1.3,15.63
119,수원,2023-06-02,18.8,15.6,23.9,,2,82.8,5.2,14.94
119,수원,2023-06-03,20.3,13.9,26.9,,2.2,62.9,13,30.08
119,수원,2023-06-04,20.6,14.2,26.9,,1.8,65.9,10.7,24.23
119,수원,2023-06-05,20,15.8,24.8,,2.4,71,10.7,25.83
119,수원,2023-06-06,19.5,14.6,24.7,,2,73,10.7,25.11
119,수원,2023-06-07,21,18.3,25.6,,2.1,73.8,1.5,11.57
119,수원,2023-06-08,20.2,16.8,24,0,2,79,.9,10.42
119,수원,2023-06-09,22.7,18.1,28.1,2.8,1.8,65.4,10.7,27.07
119,수원,2023-06-10,23.1,19.5,28.1,0,2.1,65.9,6.8,20.36
119,수원,2023-06-11,22.2,18.3,27.9,0,2.2,71.8,8.8,23.09
119,수원,2023-06-12,21.1,16.2,27.2,0,1.5,74.5,8.2,21.74
119,수원,2023-06-13,21.1,17.8,26,,2.1,71.8,12.9,29.35
119,수원,2023-06-14,20.8,17.2,26.5,,2,74.3,9.2,24.78
119,수원,2023-06-15,21.1,16.1,26.7,1.1,1.8,75,8.8,19.51
119,수원,2023-06-16,22.1,16.9,28.4,,1.8,69.4,12.6,29.06
119,수원,2023-06-17,22.6,16.2,29.7,,1.7,63.5,10.8,26.76
119,수원,2023-06-18,23.7,18.8,31,,1.7,68.1,13.1,27.54
119,수원,2023-06-19,26.3,19.3,33.6,,1.8,61.5,10.9,25.01
119,수원,2023-06-20,23.4,19.3,25.7,18.5,2,62.8,0,6.96
119,수원,2023-06-21,20.2,18.3,23.5,17,2.3,92.8,.1,6.76
119,수원,2023-06-22,21.9,18.6,25.8,.2,2.3,80.1,7.3,23.67
119,수원,2023-06-23,23.7,19,28.7,,1.4,78.3,6.3,20.8
119,수원,2023-06-24,24.9,20.2,30.7,,1.7,73.9,11,24.95
119,수원,2023-06-25,26.9,20.6,31.9,,2,63,8.1,22.4
119,수원,2023-06-26,24,21.2,26.4,31.3,3,86,0,4.15
119,수원,2023-06-27,25,21.2,29.8,.8,2.6,75.4,6.9,21.46
119,수원,2023-06-28,25.4,22.6,29.3,0,2.2,78.3,6,18.45
119,수원,2023-06-29,23.9,22.7,25.1,58.6,2.4,94.4,0,2.92
119,수원,2023-06-30,25.1,22.7,29.2,1.2,1.4,86.6,2.2,11.19
119,수원,2023-07-01,26.1,21.2,31.2,,1.7,81.1,11.6,26.18
119,수원,2023-07-02,25.3,21.2,30.5,,1.5,82.9,5.6,20.65
119,수원,2023-07-03,27.7,22.1,34,,1.6,74.8,10.2,26.16
119,수원,2023-07-04,25,23.6,28.3,22.5,2.7,88.9,0,5.82
119,수원,2023-07-05,23.6,21.6,26.6,22,3.4,83.8,4,17.62
119,수원,2023-07-06,26.3,21.1,31.7,,2.5,72.1,10.2,24.51
119,수원,2023-07-07,25,22.1,30.6,0,2.9,71.6,5.8,21.34
119,수원,2023-07-08,24.5,20.5,29.5,1.3,2.1,84.5,2.2,14.19
119,수원,2023-07-09,25,21.8,28.4,31.2,2,86.3,1.6,9.14
119,수원,2023-07-10,26.3,22.3,30.9,21.2,2,80.8,7.1,20.34
119,수원,2023-07-11,23.7,21.9,25.7,49.6,1.5,89.8,0,3.64
119,수원,2023-07-12,25.9,23.2,29.8,.2,1.4,85.9,3.1,15.58
119,수원,2023-07-13,24.8,24,25.9,64.5,2,94.6,0,2.97
119,수원,2023-07-14,24.4,23.9,25.1,80.8,3.3,96.8,0,1.61
119,수원,2023-07-15,24.1,23.1,25.8,9.6,2.3,92.9,0,3.94
119,수원,2023-07-16,24.3,22.8,26.4,.2,1.7,88,0,7.04
119,수원,2023-07-17,24.8,23.1,27.5,7.8,1.2,89.8,.7,10.7
119,수원,2023-07-18,24,22.3,26.4,60.7,1.4,92.5,1.5,6.08
119,수원,2023-07-19,25.7,20.9,31.4,,1.4,80.9,10.9,24.57
119,수원,2023-07-20,26.1,21.5,31.7,,1.4,78.3,11.1,24.11
119,수원,2023-07-21,28.1,21.4,34.2,,1.2,70.4,11.5,24.41
119,수원,2023-07-22,26.1,23.4,31.6,11.5,3.4,79,6.2,17.41
119,수원,2023-07-23,24.5,23.8,25.1,86.3,2.3,94.4,0,2.57
119,수원,2023-07-24,26.1,23.6,29.9,.1,1.5,85.8,4.8,15.74
119,수원,2023-07-25,26.8,24.4,30.1,1.4,2,83.6,5.5,19.19
119,수원,2023-07-26,27,24.4,30.9,19.6,2.1,82.6,5.4,19.29
119,수원,2023-07-27,27.7,23.4,32.6,0,1.5,79.6,9.5,21.79
119,수원,2023-07-28,28.8,24.5,33.9,,1.8,74.3,11.7,25.65
119,수원,2023-07-29,29.1,24.6,33.4,,1.6,71.3,11,25.21
119,수원,2023-07-30,28.1,24.1,34.4,0,1.6,75.6,7.4,20.64
119,수원,2023-07-31,27.9,24.3,32.6,,1.5,78.4,6.2,19.04
119,수원,2023-08-01,29.2,24.8,34.4,,1.5,73.3,12,23.99
119,수원,2023-08-02,28.3,24.7,33.4,,1.6,74.6,11,24.72
119,수원,2023-08-03,28.3,23.5,33.5,,1.6,70.4,12,25.47
119,수원,2023-08-04,29.2,25.4,33.9,,1.5,70.3,11,24.68
119,수원,2023-08-05,29.1,25,34.1,,1.6,72.3,11.4,25.74
119,수원,2023-08-06,28.5,25,34.5,.4,1.5,78.8,7.2,20.56
119,수원,2023-08-07,30.2,26.2,34.9,0,2.2,70.1,7.6,20.24
119,수원,2023-08-08,30.9,26.5,34.8,,2.8,61,10.5,23.66
119,수원,2023-08-09,28.6,24.1,31.9,.6,2.6,67.1,4.3,17.69
119,수원,2023-08-10,21.9,20.8,24.3,91.6,2.9,93.3,0,2.05
119,수원,2023-08-11,24.3,21.6,26.6,30.3,2.8,89.3,0,6.28
119,수원,2023-08-12,23.7,21.5,26.3,.6,2.3,85.6,2.3,8.76
119,수원,2023-08-13,27.1,22.6,31.7,,1.4,75.8,4.6,18.35
119,수원,2023-08-14,27.6,23.6,32.6,,1.4,77.9,8.2,19.83
119,수원,2023-08-15,27.6,24.3,32,,1.8,76,8.9,22.21
119,수원,2023-08-16,27,24.1,31.6,,1.9,75.8,9.8,21.34
119,수원,2023-08-17,27.1,22.4,32.4,,1.5,74.9,10.4,22.07
119,수원,2023-08-18,28,24.1,32.9,,1.6,73.3,10.8,24.58
119,수원,2023-08-19,27.7,24.3,32.9,,1.6,71.9,11,24.61
119,수원,2023-08-20,27.5,24.1,32.4,0,1.3,74.9,6.1,20.11
119,수원,2023-08-21,28.9,24.8,33.5,0,2.1,72.1,6.2,19.75
119,수원,2023-08-22,28,25.5,32.2,.3,3,76.3,2.8,13.24
119,수원,2023-08-23,24.7,22.6,27.7,23.8,2.1,91.5,.1,4.55
119,수원,2023-08-24,25.8,22.7,29,2.7,2.1,84.6,1.4,12.81
119,수원,2023-08-25,25.8,23.1,28.9,,2.4,81.1,9,22.17
119,수원,2023-08-26,25.1,21.7,29.7,,1.4,79.1,7.7,19.15
119,수원,2023-08-27,25.8,21.5,29.5,.4,1.2,77.3,1.7,12.71
119,수원,2023-08-28,23.8,20.6,25.8,25.2,2.5,82.6,0,5.57
119,수원,2023-08-29,23.7,21.6,26.9,20.1,2.2,90.1,0,4.4
119,수원,2023-08-30,21.8,20.5,25.1,4.7,1,90.8,.2,6.44
119,수원,2023-08-31,22.7,19.9,28.2,0,1.2,82.4,5.9,17.7
119,수원,2023-09-01,23.7,18.3,29.7,,1.4,72.8,12.2,23.62
119,수원,2023-09-02,24.8,18.4,31.3,,1,69,11.1,23.11
119,수원,2023-09-03,25.7,22.6,29.7,5.8,1.5,82.6,2.8,13.4
119,수원,2023-09-04,26.8,23.7,30.2,4,1.3,81.5,.8,11.18
119,수원,2023-09-05,27.1,22.8,32.5,,1.6,71.3,8,19.74
119,수원,2023-09-06,27,22,31.7,,1.5,67.1,7.8,15.79
119,수원,2023-09-07,25.8,19.9,31.2,,1.9,53.6,12,23.62
119,수원,2023-09-08,24.1,18.3,30.6,,1.4,63.8,11.9,23.35
119,수원,2023-09-09,24.7,20.1,31.1,,1.4,71.6,10.4,21.72
119,수원,2023-09-10,24.5,20,30.4,,1.4,72.6,8.7,18.74
119,수원,2023-09-11,24.6,21.5,30,,1.3,72.1,7.8,17.52
119,수원,2023-09-12,24.8,20.1,30.2,,1.1,72.3,9.7,17.9
119,수원,2023-09-13,21.4,19.5,24.3,34.9,1.2,89.1,0,3.36
119,수원,2023-09-14,23,19.1,26.1,.2,1.9,75.5,1.6,11.61
119,수원,2023-09-15,22.1,20.4,23.4,5.6,2.1,85.8,0,5.32
119,수원,2023-09-16,23.8,21.8,26.7,3.6,1,89.8,.1,6.27
119,수원,2023-09-17,24.7,22.1,29.1,0,1.4,83.1,6.4,15.91
119,수원,2023-09-18,24.2,20.8,29.3,,1.6,82.5,6.6,15.85
119,수원,2023-09-19,23.3,20.3,28.1,,1.3,84.9,2.2,11.25
119,수원,2023-09-20,20.7,18.8,22.5,36.6,1.8,89.8,0,1.81
119,수원,2023-09-21,19.7,15.8,22.4,0,1.6,70.3,1.2,10.12
119,수원,2023-09-22,19.7,13.9,26.2,,1.2,73.5,10.9,19.87
119,수원,2023-09-23,21.3,16.1,25.7,,1.9,66.1,9.7,16.64
119,수원,2023-09-24,21.2,15.9,24.9,,2.7,58,8.7,18.56
119,수원,2023-09-25,21.6,18.8,25.8,.1,1.9,66.8,2,12.07
119,수원,2023-09-26,20.1,18.8,21.2,34.7,1.9,96.9,0,2.58
119,수원,2023-09-27,21.1,20,23.4,8.5,1.7,92.5,.2,5.94
119,수원,2023-09-28,21.8,18.5,26.5,,1.6,82.1,7.8,16.14
119,수원,2023-09-29,20.5,17.9,26.3,,1.1,76.8,5.6,15.11
119,수원,2023-09-30,18.7,16.3,23,1.6,2,80,2.8,8.76
121,영월,2023-05-20,20.4,10.8,28.3,,1.4,63.5,10.7,
121,영월,2023-05-21,18.8,15.5,23.1,,1.7,59.4,6.8,
121,영월,2023-05-22,17.5,13.6,25.3,.1,1.1,56.4,3.3,
121,영월,2023-05-23,15.6,8.7,26.9,0,1.4,65.4,10,
121,영월,2023-05-24,17.4,8.4,28.3,,.8,55,7,
121,영월,2023-05-25,19.5,10.7,29,,.7,50.8,8.4,
121,영월,2023-05-26,19.9,13.5,27.3,.3,1,57.9,10.1,
121,영월,2023-05-27,17.6,13.7,21.1,1.2,.4,85.9,.1,
121,영월,2023-05-28,18.9,17.6,20.1,24.2,.2,97.6,0,
121,영월,2023-05-29,20.1,17.2,24.6,23.9,.4,92.4,1.7,
121,영월,2023-05-30,20.6,16.3,26.8,,1.9,71,6.8,
121,영월,2023-05-31,20.5,12.4,28.7,,1,55.5,12.1,
121,영월,2023-06-01,20.4,14.1,27.6,,.6,64.8,5.1,
121,영월,2023-06-02,21.8,17.7,26.9,,1.3,66.3,9.1,
121,영월,2023-06-03,21.1,16.1,27.2,,1.6,54.1,10.5,
121,영월,2023-06-04,19.6,11.2,27.4,,1.1,53.5,12.1,
121,영월,2023-06-05,20.1,11.7,26.6,,1.5,59.8,12.3,
121,영월,2023-06-06,20.2,13.5,28.2,,1,64.5,10.6,
121,영월,2023-06-07,20.1,15.4,25.2,,.9,73.6,5.4,
121,영월,2023-06-08,22.2,16.3,30.1,0,1.1,69.3,7.8,
121,영월,2023-06-09,21.2,15.7,27.7,3.6,1.2,60,10.7,
121,영월,2023-06-10,20.1,14,29.3,1.5,1.1,71.4,5.1,
121,영월,2023-06-11,20.1,15.8,29.7,8.9,1,82.4,8.4,
121,영월,2023-06-12,21.8,17.2,28.4,0,.9,69.6,8.4,
121,영월,2023-06-13,21.2,16.3,28.3,0,1.2,68,10.1,
121,영월,2023-06-14,19,13.9,28.4,16.7,1.1,80.5,6.7,
121,영월,2023-06-15,18.4,16.2,26.2,3.2,1.1,86.8,6.3,
121,영월,2023-06-16,22.1,16.6,29.7,,.8,74.1,10,
121,영월,2023-06-17,23.4,16.4,32,,.7,67.8,9.1,
121,영월,2023-06-18,25.3,17.7,33.7,,.8,63.5,11.6,
121,영월,2023-06-19,25.8,19.2,34.2,,1.3,59.6,9.4,
121,영월,2023-06-20,22.8,17.5,29,.1,1.6,63.3,2.3,
121,영월,2023-06-21,19.7,17.4,21.7,29.1,.4,94.3,0,
121,영월,2023-06-22,21,19,25.6,.6,.9,82.1,3.9,
121,영월,2023-06-23,22.8,18.2,28.9,,1,71.4,6.4,
121,영월,2023-06-24,24.2,16.2,32.1,,.6,65.5,12.1,
121,영월,2023-06-25,25.5,18.9,32.8,,1,67.6,7.5,
121,영월,2023-06-26,21.7,19.8,23.7,37.1,.8,92.3,0,
121,영월,2023-06-27,24.1,21,28,29.2,1.4,76,7.1,
121,영월,2023-06-28,24,19.7,29.4,0,1,77.9,6.9,
121,영월,2023-06-29,23.2,21.4,25.8,33.2,.5,94,0,
121,영월,2023-06-30,23.7,21.8,27.2,17.6,.5,94.1,.5,
121,영월,2023-07-01,25.4,20.7,32.4,,.7,77.6,10.1,
121,영월,2023-07-02,25.1,21.1,30.7,,.6,83.8,6.2,
121,영월,2023-07-03,26.6,21.1,34.1,,.7,73.1,10.2,
121,영월,2023-07-04,24.1,20.4,32.1,18.8,.8,85.3,4.9,
121,영월,2023-07-05,23.8,21,27.2,30.9,1.8,79,7.5,
121,영월,2023-07-06,24.7,19.1,30.7,,.7,76.1,7.8,
121,영월,2023-07-07,21.5,19,26.8,3.5,.9,87.8,.6,
121,영월,2023-07-08,23.7,18.9,31.2,.2,.6,84,3.8,
121,영월,2023-07-09,23.5,21.1,30.5,40.5,.7,90.6,1.9,
121,영월,2023-07-10,25.5,21.6,30.4,4.3,.9,80.3,7.7,
121,영월,2023-07-11,22.5,20,25.7,47.1,.6,91.9,.5,
121,영월,2023-07-12,24.4,20.2,28.7,0,.4,86.3,3,
121,영월,2023-07-13,23.4,22.3,24.7,22.4,.4,96.9,0,
121,영월,2023-07-14,23.6,22.4,24.8,142.8,.6,97.5,0,
121,영월,2023-07-15,22.3,20.7,23.7,140.9,.5,97.1,0,
121,영월,2023-07-16,23.2,20.6,27,.6,.3,91.3,1.9,
121,영월,2023-07-17,24.6,21.8,29.1,2.6,.6,90.6,1.7,
121,영월,2023-07-18,22.8,21.3,24.7,14.2,.6,97.4,0,
121,영월,2023-07-19,25,20.3,31.4,,.7,79.8,9,
121,영월,2023-07-20,25.9,22.4,31.5,,.9,79.5,8.7,
121,영월,2023-07-21,25.9,21.3,33.6,0,1.3,79.5,6.5,
121,영월,2023-07-22,25.8,20.7,32,0,1.6,74.5,7.4,
121,영월,2023-07-23,24.6,22.4,27.4,3.6,.3,90.5,0,
121,영월,2023-07-24,25.1,22.8,29.5,15.1,.6,88.3,2.3,
121,영월,2023-07-25,24.7,22.8,29.7,1.9,.6,89.1,4,
121,영월,2023-07-26,25.4,22.7,31.5,2,.8,85,5.3,
121,영월,2023-07-27,26.7,22.7,32.5,,.7,78.8,9.7,
121,영월,2023-07-28,27.1,23.1,33.4,,.8,79.6,9.5,
121,영월,2023-07-29,27.2,23.3,34.9,,.7,76,9.4,
121,영월,2023-07-30,26.3,22.2,34.7,.1,.8,80.1,8,
121,영월,2023-07-31,26.1,23.3,33,0,.7,83.4,5.3,
121,영월,2023-08-01,27.4,23.5,33.2,,.8,77.3,8.7,
121,영월,2023-08-02,27.2,23.4,32.8,,.6,81.1,5.7,
121,영월,2023-08-03,27.4,23.2,33.6,,.9,73.8,10.6,
121,영월,2023-08-04,26.9,22.4,33.7,,.7,77.3,8,
121,영월,2023-08-05,28.3,23.1,34.8,,.7,74.3,10.9,
121,영월,2023-08-06,27.5,23.7,36.5,0,.9,78.3,8,
121,영월,2023-08-07,28.1,23.4,34.1,,1.9,71.9,8.9,
121,영월,2023-08-08,27.4,22.8,33.3,,2,68.5,8.3,
121,영월,2023-08-09,24.1,21.4,28.3,15.8,2.1,79.4,1.2,
121,영월,2023-08-10,21.6,20.8,22.8,79.6,.9,92.8,0,
121,영월,2023-08-11,24.6,20.8,31.1,21,1.1,79.9,5.5,
121,영월,2023-08-12,23,21.3,25.7,.2,.5,89.9,.1,
121,영월,2023-08-13,25.1,21.1,29.9,,.5,80.8,3.5,
121,영월,2023-08-14,26.6,22,33.5,,1.1,76.1,8.5,
121,영월,2023-08-15,25.6,20,31.6,,1.7,73.1,10.4,
121,영월,2023-08-16,24.8,19.3,31.5,,.6,77.9,9.3,
121,영월,2023-08-17,25.7,21.8,30.8,,.7,80,5.7,
121,영월,2023-08-18,26.9,22.6,34.1,0,1,75.8,6.3,
121,영월,2023-08-19,27.6,23.7,34.9,.2,.8,78.8,7,
121,영월,2023-08-20,26.5,22.6,33,0,1.1,84,6.5,
121,영월,2023-08-21,26.8,22.3,33.6,0,.8,78.4,7.9,
121,영월,2023-08-22,26.7,22.7,33.5,,.9,80.1,6.7,
121,영월,2023-08-23,25.2,20.4,33.2,50.2,1.3,83.5,4.4,
121,영월,2023-08-24,22.5,20.2,27.6,31.8,1,95.5,.3,
121,영월,2023-08-25,24.6,20.8,29.6,15.4,1,81,8.2,
121,영월,2023-08-26,24.5,20.5,30.4,,.6,77.8,9.1,
121,영월,2023-08-27,24.3,20,30,,.8,75,5.2,
121,영월,2023-08-28,24.2,20.7,28.1,,1.3,72.3,1.3,
121,영월,2023-08-29,24.5,21.7,29.8,16.3,1,86.6,.4,
121,영월,2023-08-30,21,19.3,23,59.5,.7,95.1,0,
121,영월,2023-08-31,21.6,18.9,26.3,.1,.5,85.1,3.9,
121,영월,2023-09-01,22.2,18.8,28.8,.1,.7,80.9,8.7,
121,영월,2023-09-02,23.7,18.5,30.4,0,1.1,75.3,9.4,
121,영월,2023-09-03,24.4,20.5,30.8,.1,.8,80.1,5,
121,영월,2023-09-04,25.4,20.8,31.4,,1,75.8,4.8,
121,영월,2023-09-05,24.6,20.9,30.3,,1,74.9,5.4,
121,영월,2023-09-06,23.7,18.2,30.6,,1.3,71.5,10.6,
121,영월,2023-09-07,21.7,15.9,30.6,,1.1,71.1,10.4,
121,영월,2023-09-08,20.6,14.9,28.8,,.6,76.4,9.4,
121,영월,2023-09-09,21.6,14.6,30.7,,.6,64,11,
121,영월,2023-09-10,23.1,15.7,31.1,,.5,71.5,10.3,
121,영월,2023-09-11,23.5,18.8,31.2,,.6,75.9,9.8,
121,영월,2023-09-12,23.3,19.5,30.2,0,.5,80,6.2,
121,영월,2023-09-13,20.7,19,22.1,19.7,.6,95,0,
121,영월,2023-09-14,21,18.7,25.2,3.1,1,85.8,.1,
121,영월,2023-09-15,20.8,19.3,23.1,17.8,.4,95,0,
121,영월,2023-09-16,22.6,20.6,28.1,19.3,.6,93.4,2.1,
121,영월,2023-09-17,23.5,21.2,27.5,1.5,.4,87.6,3.5,
121,영월,2023-09-18,23.4,19.9,29.5,1.2,.6,81.9,8,
121,영월,2023-09-19,21.8,18.5,26.5,,.6,83.8,5.5,
121,영월,2023-09-20,19.7,18.2,21.6,64.1,.7,94.4,0,
121,영월,2023-09-21,18.8,14.9,24,,2,71.1,3.2,
121,영월,2023-09-22,17.3,13.6,24.4,,.6,78.9,7.7,
121,영월,2023-09-23,18.1,13.8,26.4,,1,78.9,6.9,
121,영월,2023-09-24,18.5,12.5,25.4,,1.5,69.4,8.9,
121,영월,2023-09-25,19.7,15.3,26.6,2.7,.7,79.4,5,
121,영월,2023-09-26,19.1,17.9,20.3,28.6,.4,97.9,0,
121,영월,2023-09-27,20.3,19.2,22.2,4.9,.4,96.4,0,
121,영월,2023-09-28,20.4,16.3,25.6,0,.7,84.5,6.1,
121,영월,2023-09-29,18.7,15.6,24.1,,.5,84.1,3.8,
121,영월,2023-09-30,17.5,14.1,22.6,3.7,.7,84,4.8,
127,충주,2023-05-20,20.7,12.7,28.6,,1.6,64.3,10.1,26.3
127,충주,2023-05-21,18.8,14.8,23.7,,1.8,64.9,5,17.31
127,충주,2023-05-22,17.8,14.3,23.5,0,1.1,65.8,3.3,13.59
127,충주,2023-05-23,18.3,10.6,25.6,,1.4,56.8,12.7,29.92
127,충주,2023-05-24,19,10.3,26.2,,.9,55,6.3,20.51
127,충주,2023-05-25,20.7,12.5,27.6,,1.3,48.5,10.2,26.87
127,충주,2023-05-26,20.9,14.6,27,.1,1.4,56,10.2,26.62
127,충주,2023-05-27,18.8,16.2,20.2,3.3,.7,82.8,0,4.63
127,충주,2023-05-28,19.5,18.2,20.5,30.2,.5,90.9,0,2.25
127,충주,2023-05-29,20.7,18,24.6,17.7,.7,89.8,.6,7.48
127,충주,2023-05-30,21.1,16.1,26.8,0,1.3,73.9,4.1,19.04
127,충주,2023-05-31,21.3,13.1,28.1,,1.5,51,12,29.57
127,충주,2023-06-01,21.9,15.8,27.3,,.9,64.8,2.9,19.2
127,충주,2023-06-02,22.3,18.3,27.2,,1.9,66.6,6,22.59
127,충주,2023-06-03,21.3,14.8,28.3,,1.7,56.5,8.8,26.12
127,충주,2023-06-04,20.6,12.1,28.5,,1.6,54.4,12.3,27.73
127,충주,2023-06-05,20.5,13.5,26.5,,1.8,62,8.4,22.75
127,충주,2023-06-06,20.9,14.2,27,,1.4,65.4,10.4,26.73
127,충주,2023-06-07,20.9,18,24.9,,1.1,72,.8,13.93
127,충주,2023-06-08,22.7,17,27.9,0,1.2,71.5,6.4,22.7
127,충주,2023-06-09,22.9,17.5,28.7,1,1.4,57.5,9.8,26.14
127,충주,2023-06-10,21.2,16.6,30.3,10.9,1.1,69.6,6.6,22.15
127,충주,2023-06-11,20.6,16.5,28.5,1.6,1.1,80.3,6.6,22.01
127,충주,2023-06-12,22.2,17.7,28.3,0,.9,74,6.6,23.45
127,충주,2023-06-13,22.1,17,28.7,,1.4,67.8,8.5,25.62
127,충주,2023-06-14,20.4,15,27.8,38.1,1.4,73.1,6.9,24.42
127,충주,2023-06-15,20,14.8,26,1.5,.9,79.3,7,21.54
127,충주,2023-06-16,22.5,15,29.9,,1,71.1,12.2,28.36
127,충주,2023-06-17,23.7,15.6,31.4,,1.1,63.4,10.9,28.46
127,충주,2023-06-18,25.4,18,32.9,,.8,62.1,12.1,28.68
127,충주,2023-06-19,26.9,19.8,33.4,,1.9,60.5,11,25.98
127,충주,2023-06-20,23.6,19.3,27.2,.4,1.7,57.8,1.8,12.77
127,충주,2023-06-21,20.4,18.3,22.5,28.2,1.3,91.3,0,5.65
127,충주,2023-06-22,21.2,18.7,26.4,1.2,1.3,84,1.5,12.73
127,충주,2023-06-23,23.6,18.2,29.7,,.8,74.8,7.9,24.31
127,충주,2023-06-24,25.4,18.8,31.6,,.8,69.4,10.3,25.34
127,충주,2023-06-25,26,19.1,32,,1.1,65.6,7.1,22.7
127,충주,2023-06-26,23.5,20.8,25.4,88.2,1.7,85.5,0,4.92
127,충주,2023-06-27,25.9,23.1,30,11.2,1.6,73.1,6.1,21.18
127,충주,2023-06-28,25.6,20.7,29.4,,1.5,71.1,7.4,22.39
127,충주,2023-06-29,24.3,23.1,26.2,56.2,.9,89.5,0,3.82
127,충주,2023-06-30,25.1,23.2,28.7,1.1,.8,88.4,.5,11.09
127,충주,2023-07-01,27.3,23.2,33,,1,76,9.2,27.42
127,충주,2023-07-02,26.4,22.1,30.8,,.9,78.6,6.5,22.56
127,충주,2023-07-03,27.4,22.5,33.9,,1.1,71.8,9,25.29
127,충주,2023-07-04,24.9,21.5,31,25.8,1.6,81.1,4.8,16.29
127,충주,2023-07-05,24.5,21.2,28.6,30.1,2.5,79.1,3.2,12.6
127,충주,2023-07-06,25.9,19.7,32.7,,1.3,67.4,8.3,25.45
127,충주,2023-07-07,22.3,19.2,27.3,19.7,1.6,79.3,.7,6.9
127,충주,2023-07-08,24.8,19.7,29.9,10,1,83,2.1,17.18
127,충주,2023-07-09,24.6,21.6,30.7,26.5,1.1,86.3,1.3,13.02
127,충주,2023-07-10,26.9,22.7,32,.1,1.7,75.3,7.9,23.29
127,충주,2023-07-11,23.7,21.7,25.8,29.5,.9,87.9,0,5.11
127,충주,2023-07-12,25,22.2,29.7,10.4,.7,88.8,.8,12.77
127,충주,2023-07-13,24.9,23.6,26.7,51.3,1,92,0,4.55
127,충주,2023-07-14,24.8,23.5,26.2,127.7,1.8,86.9,0,1.97
127,충주,2023-07-15,22.8,21.8,24.2,172.3,.8,90.4,0,3
127,충주,2023-07-16,24.4,21.4,28.1,.3,.6,87.8,1,9.63
127,충주,2023-07-17,25.6,22.5,29.5,6.1,.8,86.9,.8,12.82
127,충주,2023-07-18,23.8,22.3,26.5,16.2,.9,90.3,0,6.67
127,충주,2023-07-19,25.7,21.6,31.5,,.8,81.3,8.2,24.57
127,충주,2023-07-20,26.5,22.3,31.7,,.8,79.8,6.8,21.51
127,충주,2023-07-21,27.7,22.7,33.1,,1,78,7.3,20.79
127,충주,2023-07-22,26.7,22.8,31.2,0,2.2,71.9,6.9,20.45
127,충주,2023-07-23,26.1,24.3,28.1,5,1.3,82.6,0,5.38
127,충주,2023-07-24,26.3,23.7,30.9,3.9,.8,83.1,3.6,14.69
127,충주,2023-07-25,26.4,23.2,30.7,0,1,81.9,3.2,15.94
127,충주,2023-07-26,25.5,23.1,30.8,11.4,.8,88.1,5.7,19.4
127,충주,2023-07-27,27.6,22.5,33.5,,.9,77.8,9.9,24.79
127,충주,2023-07-28,28.7,24,34.2,,1.2,76.6,9.2,25.48
127,충주,2023-07-29,28.8,24,34.9,,1,76.4,10.2,25.85
127,충주,2023-07-30,28.8,24.2,33.9,,.9,75.4,8.9,20.86
127,충주,2023-07-31,27.2,23.5,32.7,7.9,.7,81.3,3.8,17.27
127,충주,2023-08-01,27.2,22.9,33.6,10.9,.9,82.8,6.3,20.73
127,충주,2023-08-02,28.2,24.3,33.9,,.9,78.6,8.5,21.64
127,충주,2023-08-03,28,22.3,33.8,,1,74.1,11.8,26.97
127,충주,2023-08-04,28.7,24.2,34.7,,.8,76,8.6,22.56
127,충주,2023-08-05,29.3,25,34.5,,.8,76.1,9.1,22.17
127,충주,2023-08-06,29.1,24.7,34.4,2.9,1.1,76.9,6.2,18.04
127,충주,2023-08-07,29.3,25.7,35.5,,1.6,73.1,7.8,22.78
127,충주,2023-08-08,29.1,24.5,34.7,,2,69.3,8.5,22.48
127,충주,2023-08-09,25.7,22.6,29.5,24.7,2,76.4,1.2,9.47
127,충주,2023-08-10,21.7,20.7,22.7,91.3,1.2,89.1,0,2.34
127,충주,2023-08-11,25.3,21.9,31.2,3.6,2.1,79.8,4.2,17.23
127,충주,2023-08-12,23.9,21.9,26,2.5,1,85.6,.6,7.69
127,충주,2023-08-13,25.9,21.2,31.2,,.6,82,2.7,16.79
127,충주,2023-08-14,27.8,22.2,33.4,,.9,75.9,11.1,24.47
127,충주,2023-08-15,28,23.5,33,,1.8,68.4,10.6,25.7
127,충주,2023-08-16,26.5,21.7,31.7,,1.1,74.8,6.9,19.51
127,충주,2023-08-17,26.2,22.5,31.6,,.9,80.9,3.1,13.1
127,충주,2023-08-18,27.3,22.3,33.2,,.9,76.4,7.8,20.32
127,충주,2023-08-19,28,23.7,33.1,0,.6,78,6.6,16.79
127,충주,2023-08-20,27.5,23.7,33.1,4.4,1.2,78,6.6,20.37
127,충주,2023-08-21,28.1,23.6,33.4,,1.3,76.9,7.3,22.12
127,충주,2023-08-22,27.8,23.2,32.9,.1,1,77.5,7.2,18.95
127,충주,2023-08-23,26.6,24,32.8,22.6,1.4,81.3,4.3,16.37
127,충주,2023-08-24,25.1,22,29,18.7,2.1,86.4,.5,12.21
127,충주,2023-08-25,26,22.7,30.5,5.5,1.5,76.8,6.5,17.87
127,충주,2023-08-26,25,21,30.6,,.8,77.5,7.6,21.6
127,충주,2023-08-27,25.5,20.1,30.3,,1,74,5.9,17.62
127,충주,2023-08-28,26.1,22.4,29.2,.2,2.1,68.9,.2,9.6
127,충주,2023-08-29,26.1,21.2,29.2,10.3,1.8,77.4,.3,9.02
127,충주,2023-08-30,21,19.5,22.1,50.3,.4,92.3,0,2.8
127,충주,2023-08-31,22,18.2,27.3,,.5,82.8,4.2,14.85
127,충주,2023-09-01,22.8,18.5,29.1,,.9,77.1,9.7,22.97
127,충주,2023-09-02,24.5,17.6,31,,1.2,73.6,10.1,23.36
127,충주,2023-09-03,26,22.7,31.2,,1.5,76.6,6.9,19.7
127,충주,2023-09-04,26.9,23.1,31.9,,1.2,76.1,6.5,18.98
127,충주,2023-09-05,25.8,21.9,30.3,,1.1,72.9,6.1,17.39
127,충주,2023-09-06,25.7,21,31.2,,1.7,66.6,11.1,24
127,충주,2023-09-07,23.1,15.8,30.3,,1.3,66,12.1,24.45
127,충주,2023-09-08,22.1,15.6,29.1,,1,70.9,12.1,24.15
127,충주,2023-09-09,22.6,16.6,30.6,,.7,75.5,11.3,23.37
127,충주,2023-09-10,23.8,17.7,30.5,,.8,74.8,9.6,19.54
127,충주,2023-09-11,24.6,19.8,30.5,,.9,75.1,9.7,19.26
127,충주,2023-09-12,24.2,20.1,30.1,,.7,77.9,5,15.47
127,충주,2023-09-13,20.8,19.2,23.1,33.7,.7,89.9,0,3.95
127,충주,2023-09-14,21.9,19,25.4,4.5,.9,85,.1,6.73
127,충주,2023-09-15,21.7,20,24,17,1,90.5,0,5.63
127,충주,2023-09-16,23.3,21.5,28.5,61.1,1,89.3,1.1,8.57
127,충주,2023-09-17,24.4,21,28.7,24,.5,84.4,4.2,13.97
127,충주,2023-09-18,24.6,21.5,30.3,6.7,.9,81.3,7.5,19.56
127,충주,2023-09-19,22.4,19,26.3,,.7,84.9,2.3,11.28
127,충주,2023-09-20,20.9,19.6,22.5,61.5,2,87.5,0,2.1
127,충주,2023-09-21,19.2,14.9,23.3,,1.6,78,1.2,12.07
127,충주,2023-09-22,18.8,14.1,24.8,,.7,78.3,8.5,19.07
127,충주,2023-09-23,18.9,13.5,25.9,,1.1,75.9,8.4,18.73
127,충주,2023-09-24,19.7,13.3,25.5,,1.7,65.3,9.5,20.07
127,충주,2023-09-25,21.4,17.2,26.8,3.3,1.5,72,4.8,15.25
127,충주,2023-09-26,20,19.1,20.8,24.4,1.2,91.9,0,2.5
127,충주,2023-09-27,21.1,20,23.5,3.2,.6,93.9,0,2.9
127,충주,2023-09-28,21.6,17.6,26.7,,1.1,81.1,6.2,13.97
127,충주,2023-09-29,19.9,16.6,25.2,,.7,81.4,4,13.25
127,충주,2023-09-30,18.4,14,22.3,3.1,1,79.3,5.1,12.9
129,서산,2023-05-20,18,14.4,23.7,,2.8,80.9,11.9,27.42
129,서산,2023-05-21,16.3,14.5,19.5,.1,2.9,84.5,3.9,15.47
129,서산,2023-05-22,17.6,14.5,23.5,,1.3,69.3,4.6,16.78
129,서산,2023-05-23,18.2,11.5,24.7,,1.6,62.8,13.2,28.78
129,서산,2023-05-24,18.1,10.5,25,,1.6,65.6,5.9,20.45
129,서산,2023-05-25,19.5,12.1,26.1,,1.8,56.6,11.1,28.27
129,서산,2023-05-26,20.2,13.8,25.3,0,1.7,65.8,9.6,24.7
129,서산,2023-05-27,20.1,18.2,21.8,13.1,1.2,87.8,0,4.46
129,서산,2023-05-28,19.2,17.5,20.4,61.5,3.1,96.1,0,2.41
129,서산,2023-05-29,20.6,18.2,24.1,11.1,1.4,91.9,0,8.64
129,서산,2023-05-30,22.8,18.6,27.6,,1.9,79,5.6,20.17
129,서산,2023-05-31,21.5,18.3,26.5,,1.5,75.8,5.5,18.89
129,서산,2023-06-01,21.3,17.6,26.6,,1.6,75.5,2.4,17.82
129,서산,2023-06-02,18.7,15.5,24,,1.8,83.3,4.4,16.34
129,서산,2023-06-03,20.7,13.9,26.9,,2.5,57.5,13.2,30.46
129,서산,2023-06-04,20.4,14.6,27.3,,2.1,74.5,10.7,25.55
129,서산,2023-06-05,20.6,17.5,25,,2.5,74.6,10.1,24.7
129,서산,2023-06-06,20,15.2,25,,1.9,73.1,11.4,26.65
129,서산,2023-06-07,19.8,18,22.4,,3.4,81,5.2,19.29
129,서산,2023-06-08,20.1,17.8,23.7,.5,3.4,81.4,1.7,12.15
129,서산,2023-06-09,22,18.3,26.5,.3,2.3,75.6,8.2,24.3
129,서산,2023-06-10,22.9,19.6,28.4,,2.4,66.9,5.5,17.79
129,서산,2023-06-11,22.2,17.7,27.2,,1.8,72.9,7.2,20.5
129,서산,2023-06-12,20.6,15.7,26.6,,1.4,74.6,6.3,22.22
129,서산,2023-06-13,20.9,17.1,25.7,,1.9,73.3,12.4,27.17
129,서산,2023-06-14,20.2,16.1,26.3,0,1.5,75.1,9.3,24.58
129,서산,2023-06-15,20.7,14.4,27.5,,1.4,75.8,11.4,25.04
129,서산,2023-06-16,21.8,15.5,29,,1.4,70.1,13,29.24
129,서산,2023-06-17,22.5,16.1,29.8,,1.4,65.3,10.3,25.88
129,서산,2023-06-18,23.3,18.3,29.5,,1.5,66.5,10.7,27.01
129,서산,2023-06-19,25,17.8,33.3,,1.7,64.5,10.9,25.14
129,서산,2023-06-20,22.7,19.9,26.2,5.4,1.6,74.8,.3,7.59
129,서산,2023-06-21,20.7,18.8,23.8,14.2,2.1,90.8,1.3,9.74
129,서산,2023-06-22,22.1,18.2,26.5,,2.4,78.9,8.3,24.15
129,서산,2023-06-23,23.9,19.6,29.8,,1.6,76.3,8.8,24.77
129,서산,2023-06-24,24.8,20,31,,1.6,74.5,10.6,25.32
129,서산,2023-06-25,26.2,20.3,33,,1.8,67.6,8.6,23.72
129,서산,2023-06-26,23.2,21.9,24.4,24.1,4.2,92.6,0,5.04
129,서산,2023-06-27,24.2,21.3,28.1,.3,3.2,82,9.3,26.6
129,서산,2023-06-28,23.4,22,25.6,.2,2.8,91.1,.5,7.86
129,서산,2023-06-29,23.7,22.6,24.8,91.9,3,94.9,0,1.72
129,서산,2023-06-30,24.2,22.3,28.3,1.2,2,89.5,2.8,13.37
129,서산,2023-07-01,26,21.2,32.2,,1.4,82.6,6.7,21.79
129,서산,2023-07-02,25.4,22.2,31.5,,1.5,83.4,6.4,18.76
129,서산,2023-07-03,27.1,22.2,32.4,,1.8,79.6,7.4,23.28
129,서산,2023-07-04,24.7,24,25.5,68.7,2.5,94,0,3.15
129,서산,2023-07-05,24.2,22.2,26.7,28,4.1,82.6,5.9,20.75
129,서산,2023-07-06,24.8,22.4,28.1,,3.3,80.5,7,24.04
129,서산,2023-07-07,24,21.4,27.9,.1,2,81.6,1.8,13.14
129,서산,2023-07-08,24.6,21.4,29.2,.8,2.2,88.4,4.5,18.67
129,서산,2023-07-09,25.1,23.4,27.8,1.1,2.7,91.1,.4,7.42
129,서산,2023-07-10,26.3,23.5,29.4,0,3,79.9,9.6,24.95
129,서산,2023-07-11,24.6,23.5,25.6,8.6,2.7,90.8,0,6.78
129,서산,2023-07-12,25.5,23.4,29,,2,89.9,2.8,14.24
129,서산,2023-07-13,25.3,24.5,25.9,37.8,3.1,93.5,0,3.06
129,서산,2023-07-14,24.2,23.7,25.5,208.1,4.5,96.8,0,1.07
129,서산,2023-07-15,23.7,22.6,25,15.2,3,93.8,0,3.96
129,서산,2023-07-16,24.1,22.7,25.7,.4,2.5,92.3,.3,8.84
129,서산,2023-07-17,24.8,22.8,28.2,12.3,1.7,91.8,.8,10.44
129,서산,2023-07-18,24.4,22.6,26.3,10.6,1.4,92.5,.7,6.57
129,서산,2023-07-19,25.9,21.7,31.1,,1.5,81.3,12.1,27.04
129,서산,2023-07-20,25.6,20.6,31.3,,1.1,82.9,8.4,22.52
129,서산,2023-07-21,27.7,21.1,34,0,1.1,77.6,11.2,24.92
129,서산,2023-07-22,25.4,23.1,29.9,23.1,2.5,84.1,3.3,8.89
129,서산,2023-07-23,24.8,24,26.3,90.7,3.5,94,0,2.35
129,서산,2023-07-24,25.5,24,29.2,.1,1.9,90.3,3.7,13.84
129,서산,2023-07-25,26.4,24.7,28.8,0,2.7,87.6,3.5,16.45
129,서산,2023-07-26,27.5,24.4,30.7,1.3,2.1,84.1,8.7,22.43
129,서산,2023-07-27,27.9,23.3,32.3,,1.3,80,10.2,22.65
129,서산,2023-07-28,28.9,24,33.2,,1.5,74.8,13.1,26.69
129,서산,2023-07-29,28.9,25,33.9,,1.3,76.4,10.3,25.87
129,서산,2023-07-30,28.7,24.5,33.5,.1,1.8,75.1,11.7,25.75
129,서산,2023-07-31,28.2,25.1,32.8,,1.4,75.9,8.7,21.78
129,서산,2023-08-01,29.1,24.6,34.8,,1.4,77.4,10.7,22.08
129,서산,2023-08-02,28.5,24.3,34.3,,1.3,74.5,11.3,24.75
129,서산,2023-08-03,28.7,22.8,34.3,,1.4,71.5,12.2,26.63
129,서산,2023-08-04,29.3,24.5,34.5,,1.2,71.8,10.7,23.22
129,서산,2023-08-05,29.1,24.9,34.6,,1.5,71,11.5,25.2
129,서산,2023-08-06,28.5,24.7,34.6,,1.7,79.4,8.3,22.79
129,서산,2023-08-07,29.5,25.4,35.2,0,1.6,76.4,8,19.01
129,서산,2023-08-08,30.5,26.7,34.9,0,2.7,69.8,12,25.32
129,서산,2023-08-09,28.6,24.6,32.3,.4,3.3,71.8,6.3,18.4
129,서산,2023-08-10,22.6,21.8,24.6,41.1,4,92.6,0,4.5
129,서산,2023-08-11,24.5,22.1,26.9,22.5,3.1,91.4,0,6.99
129,서산,2023-08-12,25.3,21.8,28.8,8.8,2.1,88.8,4.9,18.87
129,서산,2023-08-13,27.1,23.4,31.9,,1.5,80,9.6,22.98
129,서산,2023-08-14,27.2,23.1,33,0,1.3,81.3,9.9,22.6
129,서산,2023-08-15,27.3,24.3,32,,1.6,81.6,8.3,21.12
129,서산,2023-08-16,26.4,22.7,30.9,,1.3,79.5,8.4,19.79
129,서산,2023-08-17,26.2,21.4,31.8,,1.3,78.6,8.4,20.07
129,서산,2023-08-18,26.7,22.7,32.1,,1.2,75.9,8.7,20.73
129,서산,2023-08-19,27.3,23.2,32.3,,1.5,74.8,12.2,25.2
129,서산,2023-08-20,27.6,23.1,33.1,0,1.2,78.1,8.5,22.28
129,서산,2023-08-21,28.2,24,32.4,,2.2,76.8,8,22.71
129,서산,2023-08-22,28.1,26.2,31.6,2.1,3.7,78,5.5,18.36
129,서산,2023-08-23,24.1,22.5,26.6,73.5,2.2,93.9,0,3.05
129,서산,2023-08-24,25.8,23.4,30.6,16,1.4,87,4,15.44
129,서산,2023-08-25,25.8,22.2,29.8,0,1.9,80.5,9.1,21.82
129,서산,2023-08-26,24.4,20.3,30,,1,82.4,6.8,17.29
129,서산,2023-08-27,25.7,20.5,30.7,0,1.3,81.1,3.2,15.73
129,서산,2023-08-28,24.7,21.8,27.2,18.9,2.9,85.9,0,5.79
129,서산,2023-08-29,24,21.7,26.9,33.3,2.1,89.3,0,4.15
129,서산,2023-08-30,22.1,20.5,23.9,8.4,.7,92.8,0,4.63
129,서산,2023-08-31,22.6,19.5,28.4,,1.2,82.6,7.6,19.21
129,서산,2023-09-01,23.3,17.4,29.5,,1.4,73.5,11.6,23.97
129,서산,2023-09-02,24.5,18.7,30.4,,1.7,74.8,11.2,24.17
129,서산,2023-09-03,26.7,23,31.7,.2,1.1,82.9,4.8,16.57
129,서산,2023-09-04,26.3,24.2,29.5,.3,1.4,86.9,.4,9.84
129,서산,2023-09-05,27,23.9,32.1,,1.7,79,7.6,19.42
129,서산,2023-09-06,26.6,22.3,31.8,,1.5,80.9,8.4,18.5
129,서산,2023-09-07,25,20.6,30.4,,2.1,63.6,11.7,23.99
129,서산,2023-09-08,23.4,18.1,29.7,,1.5,68.6,11.7,23.59
129,서산,2023-09-09,23.8,17.9,29.9,,1.1,75.4,7.8,18.54
129,서산,2023-09-10,23.9,18.7,29.8,,1.2,75.1,8.3,19.58
129,서산,2023-09-11,24.1,19.8,30,,1.1,74.1,8.1,18.59
129,서산,2023-09-12,23.9,19.6,29.4,,1.2,78.9,5.8,15.31
129,서산,2023-09-13,20.5,19.2,23.1,25.5,1.1,91.9,0,2.99
129,서산,2023-09-14,22.7,19.1,25.9,.3,2.2,84.6,3,11.97
129,서산,2023-09-15,22.7,21,25,10.3,1.8,91.9,.2,6.95
129,서산,2023-09-16,23.7,22.1,27.3,12.1,1.1,92.5,0,6.5
129,서산,2023-09-17,24.3,21.2,28.8,0,1.2,86.9,5,14.61
129,서산,2023-09-18,24.1,21.1,29,0,1.6,85.9,8.8,18.86
129,서산,2023-09-19,23.3,19.7,27.8,,1.2,87,3.6,12.67
129,서산,2023-09-20,20.9,19.2,22.6,70.6,3,93.1,0,1.57
129,서산,2023-09-21,19.5,15.2,22.8,0,2.1,77,1.1,9.72
129,서산,2023-09-22,19,13.4,25.5,,1.3,74,8.4,14.4
129,서산,2023-09-23,20.3,14.5,25.7,,1.3,77.8,5.9,14
129,서산,2023-09-24,21,16.4,25.6,0,2.4,65.1,9,18.37
129,서산,2023-09-25,21.5,18.4,26,4.5,1.6,75.3,1,10.37
129,서산,2023-09-26,21.3,18.3,23.4,39.5,2.2,94.8,0,4.42
129,서산,2023-09-27,21.7,19.2,24.4,.9,1.8,89.4,0,7.6
129,서산,2023-09-28,21.5,17.9,26.7,,1.5,84.9,7,15.19
129,서산,2023-09-29,19.6,16.8,24.9,,.7,79.9,0,10.3
129,서산,2023-09-30,18.9,15.5,22.1,1.9,2.1,83,2.9,11.79
130,울진,2023-05-20,15.8,10.8,19,,2.1,83.9,12.8,
130,울진,2023-05-21,20,16.1,22.6,,2,62.1,8.8,
130,울진,2023-05-22,17.3,14.7,20,0,2.4,67.9,1.8,
130,울진,2023-05-23,15.7,9.6,20.5,,1.8,65.4,13.2,
130,울진,2023-05-24,15.7,9.2,20.1,,2,72.6,11,
130,울진,2023-05-25,17.3,13.2,20.3,,2,67.3,10.1,
130,울진,2023-05-26,19.2,14.7,21.3,1,2.1,70.9,9.8,
130,울진,2023-05-27,20,17.5,23.3,0,1.7,76.3,.5,
130,울진,2023-05-28,17.5,16.3,19.8,10.5,1.4,94.6,.1,
130,울진,2023-05-29,18,16.3,19.4,23.8,1.1,96.6,0,
130,울진,2023-05-30,17.5,15,20.7,0,2.1,88.9,3.5,
130,울진,2023-05-31,17.1,11.8,20.5,,2,74.6,12.2,
130,울진,2023-06-01,19.2,15.2,22.4,,2.7,62.4,6.2,
130,울진,2023-06-02,20.1,15.8,26,,1.9,73.9,10.8,
130,울진,2023-06-03,19.6,13.9,22.7,,2,64.3,13.1,
130,울진,2023-06-04,23.3,18.5,28.4,,2.2,39,12.7,
130,울진,2023-06-05,23.7,18.3,29.3,,2.2,46.8,11.6,
130,울진,2023-06-06,21.4,18.8,27.4,,2.2,63.3,9.4,
130,울진,2023-06-07,22.6,18.8,26.7,,2.3,62.1,11.7,
130,울진,2023-06-08,20.1,14.8,24.8,,2.4,72.9,8.5,
130,울진,2023-06-09,18.7,15.4,21.2,,2.3,75,11.9,
130,울진,2023-06-10,17.7,15.8,21.7,0,2.7,86.3,5,
130,울진,2023-06-11,18.5,16.5,22.1,5.1,1.6,89.4,5.5,
130,울진,2023-06-12,19.7,16.5,24,.1,2.1,85.1,9.3,
130,울진,2023-06-13,19.4,17,21.6,3.5,1.8,89.8,6.2,
130,울진,2023-06-14,18.9,16.7,22.6,5.5,1.7,86.6,4.2,
130,울진,2023-06-15,19.2,14.9,23.2,0,1.8,87.8,9.8,
130,울진,2023-06-16,21.5,15.9,27,,1.9,82.1,13.8,
130,울진,2023-06-17,25,19.6,31,,2,64.1,11.9,
130,울진,2023-06-18,24.3,21,28.5,,2.4,69.8,12.4,
130,울진,2023-06-19,22.3,20,25.7,,2.4,82.4,11.1,
130,울진,2023-06-20,20.6,17.6,23.5,0,1.6,83.6,4.3,
130,울진,2023-06-21,19.3,17.4,22.3,13.1,1.7,90.6,.5,
130,울진,2023-06-22,19.6,18,22.4,1.1,1.5,87.5,3.4,
130,울진,2023-06-23,20.8,17.4,24.2,,2.5,81.6,13.8,
130,울진,2023-06-24,20.4,15.9,23,,1.8,84.1,9.3,
130,울진,2023-06-25,21.3,18.2,24.3,,1.9,87.8,7.7,
130,울진,2023-06-26,21.9,20.3,23.8,24.6,1.8,96,.2,
130,울진,2023-06-27,26.4,19.7,32.1,11.7,2.8,68.9,12.1,
130,울진,2023-06-28,27.9,23.7,32.6,0,2.4,61,10.2,
130,울진,2023-06-29,23.3,19.7,27.3,40.4,2.3,85.6,1.3,
130,울진,2023-06-30,20.7,19.3,22.6,39,1.5,94.3,0,
130,울진,2023-07-01,21.5,19.1,23.6,,2.2,91.1,7.9,
130,울진,2023-07-02,25.3,21,30.3,,1.7,75.5,6.8,
130,울진,2023-07-03,22,20.1,23.8,0,1.4,91,2.8,
130,울진,2023-07-04,21.9,19.7,25.3,1.8,1.9,92.6,6,
130,울진,2023-07-05,26,19.1,32.4,40,2.7,71.1,9.3,
130,울진,2023-07-06,29.5,25.3,34.9,,3.4,52.8,8,
130,울진,2023-07-07,22.4,17.9,28.2,11.8,2.1,78.8,0,
130,울진,2023-07-08,21.1,18.6,24.1,.7,1.7,91,3.8,
130,울진,2023-07-09,20.8,19.2,22.8,12.9,2,95.1,2.2,
130,울진,2023-07-10,26,22,32.2,2.7,2.3,76.8,7.2,
130,울진,2023-07-11,25,19.5,29.4,8.2,2.4,83.1,2.7,
130,울진,2023-07-12,24.9,23,30.1,1,1.9,82.3,4.6,
130,울진,2023-07-13,23.2,21.8,25,9.3,1.6,94.5,0,
130,울진,2023-07-14,22.1,19.2,26.5,16.7,2.9,92.6,.1,
130,울진,2023-07-15,22,18.4,25.4,24,2.7,93.6,0,
130,울진,2023-07-16,23.1,19.6,26.6,0,2.2,86.9,.8,
130,울진,2023-07-17,24.4,22.3,27.8,1.8,2,86.8,5.6,
130,울진,2023-07-18,22.9,20.2,25.5,54.6,1.8,95.8,0,
130,울진,2023-07-19,22.2,20,25.3,0,1.6,92.6,6.2,
130,울진,2023-07-20,21.5,19.3,23.9,,1.9,94,3.9,
130,울진,2023-07-21,22.7,20.5,25.4,,1.5,92.3,2.6,
130,울진,2023-07-22,23.3,19.3,26.3,,2.1,89.5,10.7,
130,울진,2023-07-23,24,22.8,25.1,,2.6,88.9,.4,
130,울진,2023-07-24,25,22.1,28.5,1.5,2.4,85.8,3.2,
130,울진,2023-07-25,27.1,24.7,31.2,,2.3,74.5,6.5,
130,울진,2023-07-26,27.1,24.4,29.9,0,2.5,74.5,3.7,
130,울진,2023-07-27,27.1,23.5,31.4,,1.8,76.3,12.4,
130,울진,2023-07-28,27.5,24.5,30.6,,1.9,77.1,13.4,
130,울진,2023-07-29,26,24.4,29.3,,1.6,83.6,12.7,
130,울진,2023-07-30,25.7,24.2,29.3,,2.1,85,12.8,
130,울진,2023-07-31,28.2,24.5,32.3,,1.6,72.6,9.1,
130,울진,2023-08-01,25.9,22.2,29.6,,2,82.3,12.2,
130,울진,2023-08-02,27.8,25.9,29.8,,2.2,77.3,11.4,
130,울진,2023-08-03,31.3,26.4,37.3,,2.2,62,13.1,
130,울진,2023-08-04,29.5,26.9,35.7,,2.1,70.4,10,
130,울진,2023-08-05,27.2,23.4,32.8,,2.2,78.9,13.3,
130,울진,2023-08-06,26.9,23.1,29.9,,1.6,87.9,9.6,
130,울진,2023-08-07,27.3,24.6,31.1,,2.9,81.4,10.9,
130,울진,2023-08-08,25,22.7,29.1,,3.5,82,2.1,
130,울진,2023-08-09,23.4,22,25.1,7.5,3.9,87.4,0,
130,울진,2023-08-10,23.1,20.8,25.4,144.1,4.8,92.1,0,
130,울진,2023-08-11,25.4,23.2,27.8,,2.2,84.4,13.2,
130,울진,2023-08-12,23.9,22.5,27.1,1.8,1.6,89.6,5.4,
130,울진,2023-08-13,23.8,22.4,26.7,,1.7,90.9,4.1,
130,울진,2023-08-14,25,22.6,28,.1,2.3,84.8,9,
130,울진,2023-08-15,23.8,21.8,26.3,.1,3.6,87,6.7,
130,울진,2023-08-16,23.8,21.6,27.3,,2.6,85.5,7.7,
130,울진,2023-08-17,23.8,21.9,25.9,,1.3,89.5,5,
130,울진,2023-08-18,24.4,22.6,27.3,1.1,1.3,90.9,3.6,
130,울진,2023-08-19,24.9,23.4,27.2,,1.4,91.3,5.3,
130,울진,2023-08-20,25.3,23.6,28.2,1.1,1.4,91.1,5.1,
130,울진,2023-08-21,26.1,23,29.2,,1.8,91.1,9.3,
130,울진,2023-08-22,27.2,25.3,29.6,,1.9,83.6,11.8,
130,울진,2023-08-23,26,23.5,28.8,,2.4,79.1,11.2,
130,울진,2023-08-24,23.1,21.6,24.6,40.3,1,92.9,0,
130,울진,2023-08-25,24.7,21.9,28.6,14.7,1.9,86.4,7.2,
130,울진,2023-08-26,24.8,20.6,28.8,,1.8,79,11.9,
130,울진,2023-08-27,24,19.8,27.4,,2.2,79.4,8.7,
130,울진,2023-08-28,24.5,21.7,27.6,0,1.9,84,1.6,
130,울진,2023-08-29,26.6,23.5,29.8,,2,85.8,5.2,
130,울진,2023-08-30,25.2,22,26.6,8.3,1.6,91.3,0,
130,울진,2023-08-31,23,21.3,25.7,31,1.2,89.3,1.8,
130,울진,2023-09-01,23.1,20.2,26.5,,1.4,84.1,7.1,
130,울진,2023-09-02,23.6,18.5,27.5,0,1.9,84,8.8,
130,울진,2023-09-03,24.4,22,28.2,29.4,2.1,88,4.5,
130,울진,2023-09-04,24.7,22.2,28.1,,2.1,87.3,4.3,
130,울진,2023-09-05,24.5,21.6,28.1,,2.5,84.9,7.8,
130,울진,2023-09-06,24,20.6,28.2,0,3.1,80.8,11,
130,울진,2023-09-07,23,19.6,27.1,,3,74.9,10.8,
130,울진,2023-09-08,22.3,19,26.6,,2.2,79.5,7.2,
130,울진,2023-09-09,21.8,17,25.9,,1.7,79.4,11.8,
130,울진,2023-09-10,22,17.3,25.5,,1.7,80.3,10.7,
130,울진,2023-09-11,22.6,18,26.5,,1.6,82.5,9,
130,울진,2023-09-12,24.7,21.1,28.7,,1.4,83.6,7,
130,울진,2023-09-13,22.1,19.7,26.6,11.4,2.1,92.3,0,
130,울진,2023-09-14,21.6,19.6,25.3,9.6,2.4,93.1,.1,
130,울진,2023-09-15,22,21,23.8,12.9,1.9,96.9,0,
130,울진,2023-09-16,23,20.1,26.1,4.6,1.1,93.3,4.1,
130,울진,2023-09-17,23.4,22.1,26,6.6,1.4,93,1.1,
130,울진,2023-09-18,24.7,21.4,28.6,0,1.6,87.8,9.8,
130,울진,2023-09-19,24.5,20.5,28.1,,1.9,70.3,8.1,
130,울진,2023-09-20,20.8,19.2,23.6,133.5,2.2,89.8,0,
130,울진,2023-09-21,18.7,16.3,22.9,25.6,3.8,82.8,1,
130,울진,2023-09-22,19.1,13.8,23.6,,1.7,76.6,11.4,
130,울진,2023-09-23,20.9,14.8,24.8,,2.6,71.9,6.4,
130,울진,2023-09-24,21.6,18.3,24.1,,2.8,60.1,6.3,
130,울진,2023-09-25,20.8,18.2,24.9,6.7,1.7,78.8,2.4,
130,울진,2023-09-26,19.9,18.7,21.3,32.6,.9,97.4,0,
130,울진,2023-09-27,21.3,19.8,23.6,.3,1.1,94.1,0,
130,울진,2023-09-28,22.6,18.2,29.5,,1.5,81.6,11,
130,울진,2023-09-29,19.9,16.7,24.5,,1.6,78.5,.4,
130,울진,2023-09-30,20.2,15.9,25.3,1.7,2,71.5,7.3,
131,청주,2023-05-20,21.8,16.8,28.3,,1.7,60.6,9.8,24.61
131,청주,2023-05-21,19.2,16.3,24.8,,1.9,63,5,17.29
131,청주,2023-05-22,18.9,15.3,23.4,.5,1.3,55.9,3.9,14.31
131,청주,2023-05-23,19.5,12.3,25.8,,1.3,54.8,12.2,29.79
131,청주,2023-05-24,21.3,14.6,27.2,,1.1,45.8,5,21.69
131,청주,2023-05-25,22,16.7,27.9,,1.4,40.1,10,27.07
131,청주,2023-05-26,22.2,16.7,27.6,.3,1.3,50.1,8.3,25.01
131,청주,2023-05-27,20.5,19.1,22.2,5.4,1.2,80.3,0,4.05
131,청주,2023-05-28,20.5,19.1,21.8,65.6,.8,89.1,0,2.83
131,청주,2023-05-29,21.4,20.2,23.7,26.1,.5,87.5,.5,4.65
131,청주,2023-05-30,22.6,17.4,27.2,.2,1.7,67.1,5.3,23.17
131,청주,2023-05-31,23.4,17.3,28.6,,1.5,46.5,12.8,30.69
131,청주,2023-06-01,23.5,19.5,27.4,,1.2,61.6,1.4,17
131,청주,2023-06-02,21.9,19.7,25.8,0,1.7,68.3,8.3,25.96
131,청주,2023-06-03,22.6,17.2,28.7,,1.7,50.3,11.3,29.86
131,청주,2023-06-04,23.2,17.2,29.4,,1.7,46.5,12,28.64
131,청주,2023-06-05,22.7,18.6,27.9,,1.8,54.4,8.5,26.39
131,청주,2023-06-06,21.8,17.6,28.1,,1.4,59.5,9.4,26.38
131,청주,2023-06-07,22.5,17.8,26.8,,1.5,64.3,3.3,17.5
131,청주,2023-06-08,23.1,19.2,27.3,0,1.8,65.6,5.4,21.75
131,청주,2023-06-09,24.8,20,29.9,0,1.6,49.1,10.3,28.73
131,청주,2023-06-10,24.6,20.7,31.4,0,1.4,56.8,6.7,23.42
131,청주,2023-06-11,23.9,18.7,29.8,0,1.5,67.1,6,21.92
131,청주,2023-06-12,23.9,19.5,29.9,,1.2,61.3,6.2,22.6
131,청주,2023-06-13,23.3,19.7,29.2,,1.5,60.5,7.5,23.26
131,청주,2023-06-14,23.2,18.5,28.7,.4,1.2,60,6.8,24.52
131,청주,2023-06-15,23.4,18.6,28.8,,1.2,59.3,7.6,23.56
131,청주,2023-06-16,25,18.7,31.6,,1.2,54.6,12.5,29.76
131,청주,2023-06-17,25.7,20.2,33,,1.2,46.3,11.1,27.54
131,청주,2023-06-18,26.6,21,34,,1.2,49.1,10.6,28.77
131,청주,2023-06-19,28.4,21.7,34.3,,1.6,49.6,11.3,27.35
131,청주,2023-06-20,24.6,20.6,27.8,5.6,2,54.1,.9,12.84
131,청주,2023-06-21,21.6,20.1,23.2,9.1,1,84.6,0,4.96
131,청주,2023-06-22,23.7,19.7,28.7,1.5,1.9,69.3,6,23
131,청주,2023-06-23,26,21.2,31.6,,1.3,62.3,8.3,27.03
131,청주,2023-06-24,27.4,23.1,32.4,,1.1,60.3,5.7,19.94
131,청주,2023-06-25,27.6,22.7,32.5,0,1.8,54.9,7.2,24.61
131,청주,2023-06-26,24.6,21.8,27.5,35.1,1.4,84.3,.2,6.25
131,청주,2023-06-27,26.9,23.5,31.8,6.2,2.1,67.4,7.7,26.79
131,청주,2023-06-28,25.1,21.3,28.7,.4,1.4,72.4,2.5,14.05
131,청주,2023-06-29,25.4,24,26.8,39,1.3,85,0,2.76
131,청주,2023-06-30,25.9,23.8,28.7,3.2,1.2,82,.8,11.52
131,청주,2023-07-01,28.7,24.7,33.9,,1.2,68.5,6.8,24
131,청주,2023-07-02,28.5,25.1,32,,1.2,68.9,3.4,19.2
131,청주,2023-07-03,29.8,24.6,34.9,,1.3,60.5,10,27.95
131,청주,2023-07-04,25.9,24,29.2,31.1,1.4,79.9,.3,8.14
131,청주,2023-07-05,25.5,23.3,30,22.3,2.3,73.9,5.8,19.57
131,청주,2023-07-06,27.9,23.1,32.8,,1.4,57.3,7.4,25.22
131,청주,2023-07-07,23.1,20.3,27.6,35.2,1.1,76.9,0,4.63
131,청주,2023-07-08,25.7,20.4,31.1,.8,1,77.1,4,18.6
131,청주,2023-07-09,27.5,24.8,31.7,0,1.4,75.8,1.6,12.89
131,청주,2023-07-10,27.5,21.8,32.5,22.5,1.8,69.6,7.8,24.07
131,청주,2023-07-11,25.2,23.8,27.2,16.1,1.1,81,0,6.09
131,청주,2023-07-12,27.7,24.2,31.8,,1.4,75.8,3.4,18.86
131,청주,2023-07-13,26.3,25.1,27.6,25.6,.9,85.4,0,3.86
131,청주,2023-07-14,25.1,24.5,26.1,171,1.4,90.6,0,1.39
131,청주,2023-07-15,23.5,22.2,25.2,256.8,1.1,90.9,0,1.79
131,청주,2023-07-16,25.1,22.7,28.7,1.8,.7,84.1,1.7,9.02
131,청주,2023-07-17,26.7,24.5,32.5,7.4,1.2,81.3,3.5,19.89
131,청주,2023-07-18,24.3,23.5,25.4,66.9,1.1,89.4,0,3.65
131,청주,2023-07-19,27.2,23,32.4,,1.5,70.1,7.5,24.38
131,청주,2023-07-20,27.9,22.8,32.5,,1,69.4,7.1,22
131,청주,2023-07-21,29.7,24.3,35.1,,1,64,10.1,27.6
131,청주,2023-07-22,27.3,25.6,31.5,.3,1.6,68.3,4.8,15.73
131,청주,2023-07-23,26,25.2,27.1,15.8,.6,83.4,0,3.45
131,청주,2023-07-24,27.4,24.5,30.8,6.6,.9,78.4,3.6,15.18
131,청주,2023-07-25,26.8,25,30,3,1.1,80.3,1.7,14.59
131,청주,2023-07-26,27.3,24.5,32,7.3,.9,78.3,4.5,17.37
131,청주,2023-07-27,28.3,24.1,34,6.7,1,75.5,8.7,25.12
131,청주,2023-07-28,29.6,24.9,34.8,1.3,1.1,70.6,10.1,26.05
131,청주,2023-07-29,30.7,26.3,35.3,,1,66.1,9.9,26.54
131,청주,2023-07-30,29.2,26.5,34.8,0,1.2,69.4,7,17.82
131,청주,2023-07-31,29.4,25.7,33.4,,1.3,69.9,4.7,17.56
131,청주,2023-08-01,30.4,25.3,35.7,0,1.4,66.8,8.8,23.68
131,청주,2023-08-02,30.5,27,34.9,,1.1,64.5,7.2,20.93
131,청주,2023-08-03,30.4,25.2,35.3,,1.1,61.6,11.8,26.95
131,청주,2023-08-04,31.1,26.6,36,,1.1,61.4,9.9,25.42
131,청주,2023-08-05,31.1,27.3,36,,1.1,62.4,9.5,22.54
131,청주,2023-08-06,31.2,26.2,36.4,.7,1.3,62.9,9.4,21.85
131,청주,2023-08-07,30.3,28.2,35.8,0,1.5,66.9,5.3,16.18
131,청주,2023-08-08,30.6,26,35.4,2.3,2.1,63.8,6.4,18.18
131,청주,2023-08-09,27.4,23.5,32.4,29.5,3.4,74.4,.9,11.47
131,청주,2023-08-10,22.2,21.6,23.6,109.8,3.6,89.3,0,1.9
131,청주,2023-08-11,26.3,22,30.6,6,1.7,76,1.6,15.39
131,청주,2023-08-12,25.6,22.2,29.7,1.9,1.1,75.9,2.9,13.94
131,청주,2023-08-13,28.2,23.6,33.1,,1,70.9,4.9,20.37
131,청주,2023-08-14,29.2,25.3,34.7,,1,69.6,6,18.93
131,청주,2023-08-15,29.4,25.7,33.9,,1.7,68.5,9.3,24.73
131,청주,2023-08-16,28.1,25.1,33.1,,1.4,68.4,6.2,21.5
131,청주,2023-08-17,28.2,24.1,32.2,,1.2,70.4,1,12.85
131,청주,2023-08-18,28.1,25.2,33,41.2,1,74.8,7.6,18.71
131,청주,2023-08-19,29.3,25.1,34,0,1,68.1,5.9,17.87
131,청주,2023-08-20,29.3,26.2,34,0,1.1,67,8.7,23.77
131,청주,2023-08-21,30,26.2,34.9,,1.3,67.6,6.5,22
131,청주,2023-08-22,29,26.1,34,0,1.3,69.9,5,17.48
131,청주,2023-08-23,27.5,25.1,31.5,26.7,1.4,78.6,1.3,11.34
131,청주,2023-08-24,26.2,24,29.9,47.4,1.3,86.3,.6,8.52
131,청주,2023-08-25,27.2,24.2,31.6,,1.7,70.1,7.7,21.8
131,청주,2023-08-26,26.3,22.2,31,,1.1,70.6,6.3,20.29
131,청주,2023-08-27,27.1,22.6,31.2,0,1.5,67.1,3.3,16.23
131,청주,2023-08-28,27.2,24.2,29.7,0,2.5,67.5,.3,8.97
131,청주,2023-08-29,25.5,22.5,29.1,3.9,1.6,80.1,0,5.92
131,청주,2023-08-30,22.3,21.3,23.6,28.3,.9,86.9,0,3.91
131,청주,2023-08-31,23.6,21.1,28,,.9,75.9,2.8,10.64
131,청주,2023-09-01,24,18.6,29.8,,1.6,68.6,8.2,22.6
131,청주,2023-09-02,25.9,19.8,31.9,,1.4,66.9,11,23.64
131,청주,2023-09-03,28.1,23.7,32.9,.8,1,70.1,6.5,19.82
131,청주,2023-09-04,28.5,25.2,31.8,,1.7,70.8,2,15.52
131,청주,2023-09-05,28.1,25.6,31.5,,1.6,64.4,4.7,16.21
131,청주,2023-09-06,27.7,23.3,32.5,,1.7,61.5,10.8,23.55
131,청주,2023-09-07,26.2,20.7,30.9,,2.1,53.9,11.7,24.56
131,청주,2023-09-08,24.8,19.5,30.2,,1.4,56.9,11.7,24.51
131,청주,2023-09-09,25.8,19.7,31.4,,.9,60.8,10.6,22.79
131,청주,2023-09-10,25.9,21.2,31,,.9,63.8,7.4,18.64
131,청주,2023-09-11,26.4,22.7,31.5,,1,61.1,8.6,20.92
131,청주,2023-09-12,26.1,22.3,30.5,,1.1,62.6,6.9,17.76
131,청주,2023-09-13,22.2,20.1,25.3,29.4,1.7,85.4,0,3.31
131,청주,2023-09-14,22.9,19.8,26.3,3.8,2.2,81.6,.3,8.81
131,청주,2023-09-15,22.9,21.2,25.2,12.1,1.4,86.5,0,5.36
131,청주,2023-09-16,23.9,21.7,28.3,84.4,.9,86.8,1.2,8.31
131,청주,2023-09-17,25.3,22.6,29.4,8,.8,79.9,3.6,14.64
131,청주,2023-09-18,25.5,22.7,29.7,,1,76,5.3,15.97
131,청주,2023-09-19,24.4,20.8,27.8,,.9,75.4,2.6,13.3
131,청주,2023-09-20,21.5,19.8,24.2,76.1,2.5,87.6,0,1.29
131,청주,2023-09-21,20,17.5,23,.2,2.5,74.5,0,8.09
131,청주,2023-09-22,19.9,15.3,25.4,,1.4,69.4,6.2,17.29
131,청주,2023-09-23,21.2,15.6,26.5,,1.5,62.8,6,16.36
131,청주,2023-09-24,21.5,16.8,26.1,,2.5,56.6,8.9,19.87
131,청주,2023-09-25,22.3,19.1,27.3,3.2,1.5,65.5,3.8,14.77
131,청주,2023-09-26,21.2,19.8,23,44.5,1.1,87.5,0,2.26
131,청주,2023-09-27,22.3,21.1,24.6,5.4,1,84.6,.2,4.86
131,청주,2023-09-28,23.1,20.2,27.8,,1.2,73.4,6.2,16.6
131,청주,2023-09-29,21.6,19.2,24.8,,.8,68,.3,11.09
131,청주,2023-09-30,19.6,15.8,24,2.7,1.3,72.8,6.6,15.63
133,대전,2023-05-20,20.6,14.5,27.9,,1.7,66.6,12.1,27.17
133,대전,2023-05-21,18.3,15.5,23.9,,2.1,69.1,6.3,20.18
133,대전,2023-05-22,17.5,13.7,22.5,5.7,.4,67.8,3.4,13.64
133,대전,2023-05-23,18.5,11.7,25.4,,.7,62.5,10.4,27.52
133,대전,2023-05-24,19.9,12.4,27.1,,.6,54.8,5.5,20.41
133,대전,2023-05-25,21.3,15.3,27.6,,.9,45,7.2,24.86
133,대전,2023-05-26,21.8,16.2,26.8,0,.7,52.9,9,23.88
133,대전,2023-05-27,20.8,18.9,23.1,.6,.2,79,.3,5.99
133,대전,2023-05-28,20.2,18.5,21.3,34.7,1,91.8,0,2.77
133,대전,2023-05-29,20.4,18.4,22.6,28,.9,89.3,.2,6.18
133,대전,2023-05-30,21.6,16.5,26.5,,2.3,73,7,22.34
133,대전,2023-05-31,22.3,16.5,28.3,,2.3,53.6,13.1,29.7
133,대전,2023-06-01,22.4,17.5,28,,1,63.9,3.2,18.45
133,대전,2023-06-02,21.9,18.1,27.2,0,1.7,67.8,7.8,24.31
133,대전,2023-06-03,21.9,15.6,28.1,,1.8,51.6,11.9,28.77
133,대전,2023-06-04,22.6,17.1,28.7,,2.1,50.1,11.4,28.18
133,대전,2023-06-05,21.5,17.5,26.7,,1.9,59.3,9.4,23.26
133,대전,2023-06-06,21.4,15.6,28.4,,1.2,62.1,12.2,28.84
133,대전,2023-06-07,21.7,16.6,26.4,,1.6,68,7.2,20.7
133,대전,2023-06-08,22.3,18.5,28.4,.3,1.4,69.6,7,22.93
133,대전,2023-06-09,23.2,18.4,29.2,.3,.9,56.8,9.6,27.23
133,대전,2023-06-10,23.3,18.8,31.7,1.3,1.3,63.1,6,22.38
133,대전,2023-06-11,23.5,17.5,30,0,1.1,67.5,9,25.61
133,대전,2023-06-12,23.3,17.6,29.9,,.8,65,8.6,26.75
133,대전,2023-06-13,22.8,18.7,28.7,,1.3,64,8.4,20.56
133,대전,2023-06-14,22.6,17.2,28.6,,1.1,60.8,9.4,23.4
133,대전,2023-06-15,22.3,16.6,28.5,,1.3,63.9,9.5,24.02
133,대전,2023-06-16,24.4,17,31.9,,1.1,57.3,13,29.54
133,대전,2023-06-17,25,18.8,32.5,,.9,54.3,10.3,26.39
133,대전,2023-06-18,26.1,19.6,33.1,,.9,50.4,11.3,27.95
133,대전,2023-06-19,27,19.8,33.5,,2.7,51.6,11.2,26.78
133,대전,2023-06-20,23.7,20.2,27.7,2.9,3.9,61,3.1,14.33
133,대전,2023-06-21,21.3,19.5,24.4,1.6,1.3,87.1,.2,5.7
133,대전,2023-06-22,22.9,19.1,28.4,,2.1,69.3,5.6,20.68
133,대전,2023-06-23,25.7,20.2,31.8,,.9,61.3,12.6,29.1
133,대전,2023-06-24,27.1,22.1,33.5,,1.4,59.9,10.5,25.72
133,대전,2023-06-25,26.7,21.3,32.8,0,2.8,58,7.8,21.44
133,대전,2023-06-26,23.8,20.8,26.1,54.5,2,89.8,0,5.04
133,대전,2023-06-27,26.1,22,31.4,25.3,2.3,70.8,10.2,28.07
133,대전,2023-06-28,24.1,19.5,27.1,5.7,1.5,78.8,2.7,11.81
133,대전,2023-06-29,24.6,23.2,25.8,50.8,1.6,88.1,0,2.68
133,대전,2023-06-30,24.2,22.9,26.1,4.8,1.1,90.5,.4,8.72
133,대전,2023-07-01,27.3,23,33.1,,.5,75.6,8.3,23.35
133,대전,2023-07-02,27.5,23.3,31.3,,.6,73.5,5.9,21.26
133,대전,2023-07-03,28.4,24,33.4,,1.5,71,6.4,21.03
133,대전,2023-07-04,24.7,22.9,26.9,80.2,1.7,87.3,0,4.86
133,대전,2023-07-05,24.3,22,28.7,27.7,2.1,77.8,5.7,17.26
133,대전,2023-07-06,26.4,20.8,32.4,,1.3,59.8,8.1,24.5
133,대전,2023-07-07,21.6,18.8,26.3,68.7,1.1,87.6,0,3.93
133,대전,2023-07-08,23.9,18.8,29.3,2.6,.7,85.6,2.1,15.73
133,대전,2023-07-09,26.4,22.8,30.2,.1,1.2,81.6,2.9,11.09
133,대전,2023-07-10,26.5,21.3,31.5,36.2,1.8,74.8,8.3,22.11
133,대전,2023-07-11,23.6,22.1,26,39.6,.9,89,.1,6.51
133,대전,2023-07-12,26.7,23.5,31,7.8,1.2,81.4,5.7,19.77
133,대전,2023-07-13,25.2,23.9,26.4,9.5,1.3,90,0,3.73
133,대전,2023-07-14,24.2,23.2,24.9,221.8,2.7,94.5,0,1.75
133,대전,2023-07-15,23.2,21.3,25,105.6,2.3,93,0,1.76
133,대전,2023-07-16,24.3,21.6,28.5,1.5,.7,88.5,1.7,10.4
133,대전,2023-07-17,25.4,23.1,31.4,30.9,1.1,87,3.8,17.49
133,대전,2023-07-18,23,22,24.3,73,.9,94.4,.6,3.89
133,대전,2023-07-19,26,22,31.7,,.9,78,9.5,25.51
133,대전,2023-07-20,26.8,22.3,31.6,,1.3,75.8,8.7,22.46
133,대전,2023-07-21,27.6,23.6,34.2,,1.1,75,7.9,22.44
133,대전,2023-07-22,25.3,23.5,30,1,2.4,78.4,4.9,12.66
133,대전,2023-07-23,24.8,23.7,27,20.2,.7,89.4,0,3.53
133,대전,2023-07-24,26.1,23.8,30.1,5.1,.9,82.3,3.9,14.9
133,대전,2023-07-25,25.1,22.7,29.1,9.1,1.2,88,1.1,10.3
133,대전,2023-07-26,25.9,22.6,32.7,3.7,1,83.8,7.7,19.45
133,대전,2023-07-27,27.5,22.6,33.6,.3,.4,76.8,7.5,23.02
133,대전,2023-07-28,28.4,23.4,33.7,.1,.3,76.1,9,20.79
133,대전,2023-07-29,29.5,24.6,35,,1.4,70.3,11.9,27.91
133,대전,2023-07-30,27.4,23.2,33.9,31.6,1.2,80.3,7.1,18.74
133,대전,2023-07-31,27.8,23.7,32.2,,.9,77.4,9.1,21.85
133,대전,2023-08-01,29.5,24.8,34.6,,.4,70.4,10.1,22.9
133,대전,2023-08-02,29.1,25.3,33.8,0,.7,72.6,7.3,18.44
133,대전,2023-08-03,29.2,23.7,34.4,,.8,67.5,10.3,21.99
133,대전,2023-08-04,29.6,25.2,34.8,,.6,70.3,8.5,20.4
133,대전,2023-08-05,30,25.9,35.3,,1,67.1,11.3,25.69
133,대전,2023-08-06,29.5,24.8,35.7,6.3,.9,71.4,10.6,23.72
133,대전,2023-08-07,29.7,24.9,35.4,,1.9,70.4,8.3,22.87
133,대전,2023-08-08,30.1,25.9,34.9,,2.5,66.6,10.4,24
133,대전,2023-08-09,26.4,23,29.6,45.4,2.4,79.5,.5,8.76
133,대전,2023-08-10,21.3,20.6,23.2,143.3,4.6,93.8,0,3.05
133,대전,2023-08-11,25.3,21,30,8,2.3,80.4,3,16.52
133,대전,2023-08-12,24.2,19.2,28.8,3.7,.8,83.6,1.2,10.43
133,대전,2023-08-13,26.8,22.5,32,,.6,78.9,4.1,18.69
133,대전,2023-08-14,28.1,23.8,33.6,,.7,74,9.2,23.99
133,대전,2023-08-15,28.1,24.3,33.1,,.7,73.1,8.9,23.94
133,대전,2023-08-16,27.7,24.8,32.7,,.6,72,6.1,17.65
133,대전,2023-08-17,26.1,22.4,31.5,1.5,.8,80.5,4.5,16.7
133,대전,2023-08-18,28.3,23.9,33,.2,1.5,72.9,10,24.01
133,대전,2023-08-19,28.2,24.1,33.4,,.9,72.4,7.7,19.37
133,대전,2023-08-20,28.1,24.6,33.3,,1.2,71.1,7.3,21.62
133,대전,2023-08-21,29.2,25,34.1,,1.3,69.6,8,19.76
133,대전,2023-08-22,27.6,23.9,33.7,1.5,1.3,73.3,5.6,16.68
133,대전,2023-08-23,26.7,23.9,32.6,22.8,.9,83,2.4,13.83
133,대전,2023-08-24,25.5,23.1,30.3,44.3,.1,89.1,.6,8.54
133,대전,2023-08-25,26.2,22.7,31.2,,1.4,70.3,10.2,24.08
133,대전,2023-08-26,25,20.4,31,,.7,74.8,9.9,22.41
133,대전,2023-08-27,26.2,21.6,31.3,,1.1,71.8,5,16.6
133,대전,2023-08-28,26.1,23.6,29,,4,73.5,1.1,11.02
133,대전,2023-08-29,24.8,21.6,28,5.5,1.6,86.3,0,4.92
133,대전,2023-08-30,21.1,19.8,22.7,44.4,.6,93.9,0,4.21
133,대전,2023-08-31,22.5,19.8,27.1,,.7,81.3,4.3,15.62
133,대전,2023-09-01,23.1,18.2,29.4,,1.1,72.8,8.9,22.09
133,대전,2023-09-02,24.6,17.9,31.3,0,1.5,70.8,8.8,21.69
133,대전,2023-09-03,27,22.3,32.5,,1.5,74.5,6.3,19.64
133,대전,2023-09-04,27.4,24,31.5,,1.2,75.3,2.6,15.27
133,대전,2023-09-05,26.9,23.8,31.2,,1.6,66.8,6.1,18.25
133,대전,2023-09-06,26,21,31.3,,1.2,67.6,9,19.48
133,대전,2023-09-07,25,19.8,30.1,,2.3,60,12,24.37
133,대전,2023-09-08,23.3,17.6,29.4,,1.4,61.3,12,24.19
133,대전,2023-09-09,24.1,17.7,31,,.9,67.6,11.7,23.3
133,대전,2023-09-10,24.9,19.4,31.4,,.9,68.6,9.4,22.29
133,대전,2023-09-11,25.2,21.3,30.6,,.8,68.8,6.6,16.71
133,대전,2023-09-12,24.5,20.9,29.5,,.6,71.4,5.4,15.72
133,대전,2023-09-13,21,18.9,23.2,27.5,.8,91.8,0,4.08
133,대전,2023-09-14,22.1,19.2,26.1,5.9,.9,87.1,.3,8.01
133,대전,2023-09-15,21.9,20.7,24.2,15.1,.8,93.5,0,5.01
133,대전,2023-09-16,22.5,21,26.5,58.9,1,93.8,.5,5.81
133,대전,2023-09-17,24.4,21.3,28.6,0,.8,83.4,3.2,14.29
133,대전,2023-09-18,24.5,21.3,30.1,2.2,1.2,79.6,7.4,19.23
133,대전,2023-09-19,23.6,20.1,28.3,,.8,78.8,5.7,15.78
133,대전,2023-09-20,20.9,19.2,22.9,152.7,1.9,93.1,0,1.93
133,대전,2023-09-21,18.4,16.2,21.5,3,1.6,89.3,0,6.85
133,대전,2023-09-22,18.6,14.9,24.9,,1,79.8,6.8,16.7
133,대전,2023-09-23,19.5,14.3,25.4,,1.6,72.9,6,15.04
133,대전,2023-09-24,21.1,16.2,25.4,,3,58.4,9.7,19.95
133,대전,2023-09-25,21.4,18,26.9,4,1.6,74,2.9,13.23
133,대전,2023-09-26,20.4,19,22.2,35.2,1.3,94,0,2.54
133,대전,2023-09-27,21.5,20.4,23.9,1.4,1.4,89,.3,5.25
133,대전,2023-09-28,22.2,18.3,27,,1.4,74.5,8.7,18.26
133,대전,2023-09-29,20.2,17.5,24.9,,1,74.3,1.4,12.76
133,대전,2023-09-30,18.6,14.2,24,4.3,1.4,77.3,5.8,15.4
135,추풍령,2023-05-20,19.5,11.1,27.2,,2,70.6,10.2,28.34
135,추풍령,2023-05-21,18.3,14.5,24.4,,3.7,67.9,9.3,24.45
135,추풍령,2023-05-22,15.3,10.7,19.6,0,1.7,70.4,3.3,11.27
135,추풍령,2023-05-23,16.2,8.5,23.8,0,1.4,62,10.7,24.93
135,추풍령,2023-05-24,17.1,7.8,24.3,,1.4,59.5,6.1,19.75
135,추풍령,2023-05-25,19.7,14,25.7,,1.9,50.9,6.5,23.25
135,추풍령,2023-05-26,20,14.3,25.5,,1.5,59,6.2,22.22
135,추풍령,2023-05-27,20.3,17.1,23.7,0,1.2,74.4,0,6.65
135,추풍령,2023-05-28,19.1,17,20.5,21.3,.5,92,0,3.27
135,추풍령,2023-05-29,19.5,17.8,20.8,61.1,1.3,95.5,0,3.45
135,추풍령,2023-05-30,19.5,16.8,22.3,,2.7,82.4,.7,13.15
135,추풍령,2023-05-31,19.1,12.1,25.3,,2.5,64.9,12.3,29.7
135,추풍령,2023-06-01,18.8,13.1,24,1,1.3,74.6,1.7,15.52
135,추풍령,2023-06-02,21.1,17.7,26.1,.6,3.1,71.3,8,25.67
135,추풍령,2023-06-03,21,15.6,26.1,,3.9,56.1,10.6,28.5
135,추풍령,2023-06-04,21,13.6,26.8,,3.3,48.5,10.9,29.04
135,추풍령,2023-06-05,20.9,15.4,25.3,,3.2,56.9,10,26.25
135,추풍령,2023-06-06,20.9,15.1,26.8,,3,61.5,12.4,29.7
135,추풍령,2023-06-07,20.4,14.3,26.5,,1.8,71.5,9.8,23.86
135,추풍령,2023-06-08,21.1,16.6,28.1,,1.3,74.3,7.7,23.86
135,추풍령,2023-06-09,21.3,15.6,27.7,,1.9,61.6,9.6,27.07
135,추풍령,2023-06-10,19.3,15.1,28.4,39.3,1.7,80.8,4.6,16.84
135,추풍령,2023-06-11,20.9,15.8,27.2,0,1.3,79.8,5.4,21.42
135,추풍령,2023-06-12,21.6,15.8,28.4,,1.1,71.5,9.7,28.29
135,추풍령,2023-06-13,21.3,15.3,27.5,,1.6,67.6,8.4,24.48
135,추풍령,2023-06-14,19.6,13.8,26.3,.6,1.9,75.8,8,24.53
135,추풍령,2023-06-15,19.7,14.6,26.4,,1.2,74,8.5,25.63
135,추풍령,2023-06-16,22.3,15.2,29.6,0,2,67.1,13.2,29.4
135,추풍령,2023-06-17,24.6,17.8,30.6,,2.9,58.1,10.8,27.02
135,추풍령,2023-06-18,24.6,20,31.2,,2.9,58.4,9.8,25.79
135,추풍령,2023-06-19,24,16.7,30.2,,2.4,63,11,26.7
135,추풍령,2023-06-20,21.5,16.2,25,.8,3.2,70.6,4.2,16.29
135,추풍령,2023-06-21,20.6,18.3,23,10.8,2.3,86.9,0,5.07
135,추풍령,2023-06-22,21.7,19,26.2,.9,3.4,75.1,4.3,19.65
135,추풍령,2023-06-23,23.2,16.8,29.5,,1.7,71.5,12.1,29.63
135,추풍령,2023-06-24,23.7,18.2,29.6,,1.5,71,10.9,28.05
135,추풍령,2023-06-25,23,17.6,28.7,0,2.2,73.4,7,21.37
135,추풍령,2023-06-26,22.3,19.7,25.5,65.2,1.2,92,.2,6.28
135,추풍령,2023-06-27,25.1,21.9,30,29.8,2.2,76.6,8.5,26.1
135,추풍령,2023-06-28,22.5,17.7,27.7,15,1.5,83.5,4.2,20.12
135,추풍령,2023-06-29,23.2,20.7,24.7,47.9,1,92.4,0,4.48
135,추풍령,2023-06-30,23.4,22.2,25.9,43,.8,92.4,.3,7.13
135,추풍령,2023-07-01,24.9,21,30.3,,1.2,83,7.2,23.04
135,추풍령,2023-07-02,26,21,30.3,,2,79.8,6.9,22.77
135,추풍령,2023-07-03,25.5,21.1,31.2,,1.6,78.9,8.3,24.05
135,추풍령,2023-07-04,23.3,22.1,25.3,28.4,1.9,88.1,.3,5.36
135,추풍령,2023-07-05,23.4,19.2,27.6,22.9,3.6,80.5,,
135,추풍령,2023-07-06,23.8,17.1,31,,1.3,70.5,7.3,23.9
135,추풍령,2023-07-07,20,17.7,24,43.7,2.6,88.9,0,4.13
135,추풍령,2023-07-08,22.4,18,27,.5,1.7,87.6,2.5,19.23
135,추풍령,2023-07-09,25.5,22.3,30.7,,1.5,85.1,1.3,13.05
135,추풍령,2023-07-10,25.8,21.8,31.5,0,1.7,77.4,,
135,추풍령,2023-07-11,22.6,20.7,26.8,17.2,.9,90.6,.3,5.86
135,추풍령,2023-07-12,25.3,20.7,30.7,0,1.1,84.9,5.4,21.92
135,추풍령,2023-07-13,24.2,23.1,25.6,6.8,.9,93,0,4.63
135,추풍령,2023-07-14,23.8,23.2,24.4,111.4,.8,94.1,0,2.22
135,추풍령,2023-07-15,23.2,20.2,26.2,37.1,.9,92.1,0,3.29
135,추풍령,2023-07-16,23.6,20.2,27.6,2.2,1.1,90.8,1.5,13.75
135,추풍령,2023-07-17,25.3,22.6,31.3,14.1,1.2,88.8,5.1,21.47
135,추풍령,2023-07-18,22.4,21.6,24.1,54.5,1.5,94.3,0,4.32
135,추풍령,2023-07-19,24.7,20,30.5,,1,81.6,9.1,25.18
135,추풍령,2023-07-20,25.2,20.7,30.6,,1.9,79.5,11.4,25.36
135,추풍령,2023-07-21,25.9,20.1,31.7,,1.8,78.1,11.4,25.62
135,추풍령,2023-07-22,23.7,21.2,27.1,,2.3,81.8,2.6,12.92
135,추풍령,2023-07-23,25.2,23,28.3,1,1.2,86.5,0,8
135,추풍령,2023-07-24,24.8,23.1,28.6,23,.9,88.9,1.2,10.88
135,추풍령,2023-07-25,24.2,21.6,29.2,20.8,1.1,88.5,2.7,14.71
135,추풍령,2023-07-26,23.7,20.6,30.5,6.7,1.2,91.6,5.9,21.28
135,추풍령,2023-07-27,25.2,20.8,31.3,,1.2,86.5,7.8,23.57
135,추풍령,2023-07-28,26.6,21.3,33.4,,1.2,80.9,9.8,24.29
135,추풍령,2023-07-29,27.1,22,33.7,0,1.1,79.9,9.6,25.36
135,추풍령,2023-07-30,27.1,21.8,32.9,,1.6,75.9,10.5,24.68
135,추풍령,2023-07-31,26.8,22.1,31.6,,1.6,79.3,10.3,24.18
135,추풍령,2023-08-01,26.7,22.6,32.3,,1.1,80.5,9.1,20.02
135,추풍령,2023-08-02,27.5,22.1,33.8,8.5,1.2,77.3,10.5,25.63
135,추풍령,2023-08-03,28,23.1,33.7,,1.4,77,11,27.65
135,추풍령,2023-08-04,27.8,23.3,33.4,,1.3,78.4,8,22.7
135,추풍령,2023-08-05,28.2,23.7,33.9,,1.4,78.3,9.1,23.07
135,추풍령,2023-08-06,28.6,23.2,33.2,,1.8,75.4,10.2,22.59
135,추풍령,2023-08-07,27.8,23.2,33.2,1.7,2,78.8,10.2,26.71
135,추풍령,2023-08-08,27.4,24.9,32.4,1.9,2.5,79.1,3.8,18.7
135,추풍령,2023-08-09,24.6,23,26.7,47.2,3.4,85.4,0,4.09
135,추풍령,2023-08-10,21.5,20.3,23.5,121.3,5.6,90,0,3.69
135,추풍령,2023-08-11,24.6,20,31.3,.8,1.4,80.8,6,20.27
135,추풍령,2023-08-12,23.8,21.5,28.3,.2,1,84.9,1.7,13.22
135,추풍령,2023-08-13,25.2,20.2,29.9,,1.4,82.1,4.4,21.62
135,추풍령,2023-08-14,25.9,22.8,30.5,,1.5,80.4,6.8,20.19
135,추풍령,2023-08-15,26.6,21.7,31.8,0,1.2,75.6,7.9,21.81
135,추풍령,2023-08-16,27,23.2,31.6,,1.7,74.8,6.5,22.55
135,추풍령,2023-08-17,24.6,22.8,28.5,,1.9,86.8,2.2,12.72
135,추풍령,2023-08-18,24.6,21.1,30.6,6.5,1.5,84.8,2.1,17.25
135,추풍령,2023-08-19,26.3,22.8,31.7,,1.2,82.1,8.1,23.19
135,추풍령,2023-08-20,26.1,23.2,31.9,3.1,1.3,86.8,5.5,16.39
135,추풍령,2023-08-21,26.4,22.7,32.1,,1.5,82.4,5.5,18.77
135,추풍령,2023-08-22,26.4,21.7,31.7,,1.5,79.5,4.7,16.81
135,추풍령,2023-08-23,26.8,22.8,31.8,6.6,2,79.6,5.2,19.25
135,추풍령,2023-08-24,24.4,23.2,26.5,14.9,1.6,91.5,0,4.63
135,추풍령,2023-08-25,25.1,20.2,30.1,,2.8,74.3,8.5,24.02
135,추풍령,2023-08-26,23.8,18.7,29.9,,1.2,76,11.3,23.96
135,추풍령,2023-08-27,24.4,19.3,29.7,,2.2,78,7.8,19.7
135,추풍령,2023-08-28,24.4,22.2,26.5,,3,81,0,6.38
135,추풍령,2023-08-29,25.4,23.5,27.8,17.7,1.8,86.1,.3,9.22
135,추풍령,2023-08-30,21,20.1,23.5,57.6,1.9,92.8,0,3.69
135,추풍령,2023-08-31,22.7,19.5,26.7,,2.2,79.3,5.2,19.67
135,추풍령,2023-09-01,22.1,18.2,28.8,,1.5,79.3,8.3,20.45
135,추풍령,2023-09-02,22.3,15.5,28.3,.5,1.8,81.4,5.8,18.79
135,추풍령,2023-09-03,24.3,21.5,28.8,.2,1.4,84.4,3.4,14.14
135,추풍령,2023-09-04,25.5,23,30.3,,1.7,80.5,4.2,16.7
135,추풍령,2023-09-05,23.8,19,29.1,,1.7,74,8.2,20.7
135,추풍령,2023-09-06,23,17.3,29.1,,1.6,74.3,8.9,19.62
135,추풍령,2023-09-07,21.2,15.1,27.7,,2,72.4,11.6,24.48
135,추풍령,2023-09-08,20.4,14.1,27.3,,1.1,74.9,10.5,23
135,추풍령,2023-09-09,21.1,14.6,28.5,,1,76.3,11.3,23.45
135,추풍령,2023-09-10,21.3,15,28.5,,1.3,78,10.4,22.12
135,추풍령,2023-09-11,23.2,17.2,29.8,,1.2,75.3,9.9,22.45
135,추풍령,2023-09-12,23.6,19,28.1,,1.4,78.8,3.9,14.9
135,추풍령,2023-09-13,21.5,19.7,24.3,2.7,1.5,90.8,0,4.86
135,추풍령,2023-09-14,21,19.2,23.2,5.6,2.3,90.9,0,6.05
135,추풍령,2023-09-15,21.2,20.2,22.7,19.1,2.2,91.6,0,4.63
135,추풍령,2023-09-16,22.3,21.1,26.3,35.7,1.5,91.3,.6,6.8
135,추풍령,2023-09-17,23.3,20.6,27.2,.3,.7,88.5,.5,11.65
135,추풍령,2023-09-18,24.1,19.7,29.7,,1.5,79.1,8.1,19.32
135,추풍령,2023-09-19,22.5,18.1,26.9,,1.7,79.4,6.5,18.2
135,추풍령,2023-09-20,20,19.2,22.2,94.5,2.9,90.6,0,2.33
135,추풍령,2023-09-21,18.3,17.4,20.2,6.4,1.6,91,0,5.21
135,추풍령,2023-09-22,18.1,14.3,24.3,,.9,80.4,7.4,18.7
135,추풍령,2023-09-23,17.8,12,23.6,,1.9,77.3,6.7,15.56
135,추풍령,2023-09-24,18.5,14,23.4,,2.8,69.8,8.8,19.73
135,추풍령,2023-09-25,19.5,15.3,24.8,1.4,1.8,81.1,3.2,14.6
135,추풍령,2023-09-26,19.1,18.5,19.6,27,.7,94.1,0,1.33
135,추풍령,2023-09-27,20.6,19.2,23.2,1.7,1.9,88.6,0,6.34
135,추풍령,2023-09-28,21.3,18,25.2,,3.2,77.4,6.7,15.89
135,추풍령,2023-09-29,18.8,14.8,24.3,,1.5,78.1,2.9,14.32
135,추풍령,2023-09-30,18.1,13.6,22.5,4.7,2.6,76.9,6.5,16.69
136,안동,2023-05-20,20.4,11.6,27.6,,1.7,65.6,10.1,28
136,안동,2023-05-21,20.2,15.1,26.2,,2.3,60.9,10,25.17
136,안동,2023-05-22,17.5,14,20.9,0,1.1,64.4,2.4,11.79
136,안동,2023-05-23,17.1,10.4,25,0,1.4,63.8,10.2,26.41
136,안동,2023-05-24,18.3,10.2,25.8,,1,57,6.4,21.73
136,안동,2023-05-25,21.1,13.6,27.7,,1.4,48.5,8.7,26.06
136,안동,2023-05-26,22.4,17.1,27.2,,1.5,50.1,7.8,24.85
136,안동,2023-05-27,21.8,18.3,24,0,1.1,71.8,.1,10.09
136,안동,2023-05-28,19.9,18.3,22.2,22.4,.6,92,0,3.59
136,안동,2023-05-29,19.7,16.7,21,35.2,.9,94.5,0,4.09
136,안동,2023-05-30,19,15.8,23.8,,2.5,78.1,2.8,18.9
136,안동,2023-05-31,19.5,11.8,26.6,,1.6,56,13.1,30.24
136,안동,2023-06-01,19.5,13.1,25.1,,1.2,66.1,2.8,18
136,안동,2023-06-02,22.8,17.8,28.7,,1.8,65.9,10.8,27.49
136,안동,2023-06-03,21.5,14.8,28,,2,58.3,10.9,29.07
136,안동,2023-06-04,21.9,15.3,28.8,,1.8,48.5,12.4,29.93
136,안동,2023-06-05,21.8,14.4,27.9,,2,60,10.5,27.53
136,안동,2023-06-06,21.9,15.1,28.5,,1.5,63.1,10.8,28.14
136,안동,2023-06-07,22.1,16.6,27,,1.6,70.4,6.7,23.84
136,안동,2023-06-08,23.5,18.5,30.6,0,1.3,65.1,6.7,24.58
136,안동,2023-06-09,23.3,17.7,29.6,,1.6,60.5,10.9,28.6
136,안동,2023-06-10,21.3,16.2,31.3,17.8,1,75.5,6.3,21.91
136,안동,2023-06-11,20.8,16.7,29.4,27.3,1.2,82.6,7.5,23.99
136,안동,2023-06-12,21.7,16.8,28.8,13.2,1.3,78,7.6,23.71
136,안동,2023-06-13,21.6,17.5,28.9,,1,78.1,5.2,21.34
136,안동,2023-06-14,20.7,15.6,28.5,.4,1.3,77.5,6.1,21.6
136,안동,2023-06-15,19.1,15.6,25.8,1.3,1.1,83.6,4,19.21
136,안동,2023-06-16,22.7,15.4,30.8,,1.2,76,10.2,27.58
136,안동,2023-06-17,25.3,17.3,32.8,,1.3,64,11.4,28.88
136,안동,2023-06-18,25.6,19.2,33.7,,1.5,63.6,10.7,27.23
136,안동,2023-06-19,24.7,18.6,31.8,,2.2,64.3,10.3,27.25
136,안동,2023-06-20,22,18,26.9,0,2.3,70.1,5.4,18.82
136,안동,2023-06-21,19.7,17.6,21.4,23.5,.6,94.8,0,4.07
136,안동,2023-06-22,22.1,18.2,26.9,,1.6,80.6,3.2,19.61
136,안동,2023-06-23,23.8,17.1,30.3,,1.4,72.4,11.7,29.57
136,안동,2023-06-24,24.7,18.3,31.4,,1.4,67.9,12,29.68
136,안동,2023-06-25,24.7,19.1,30.9,0,1.3,71.6,5.7,21.11
136,안동,2023-06-26,22.5,20.2,25.2,53,.9,94.6,0,4.9
136,안동,2023-06-27,26,22.8,30.3,40.9,2.2,77.4,9.8,28.22
136,안동,2023-06-28,24.5,19.7,29,3.6,1.8,80.5,7.4,23.84
136,안동,2023-06-29,24.5,22.5,26.4,22.2,1.4,91.4,0,6.42
136,안동,2023-06-30,23.9,21.7,26.2,44.5,1.1,93.5,0,7.09
136,안동,2023-07-01,25.6,20.3,31.2,,.9,78.5,8.1,24.21
136,안동,2023-07-02,26.3,21.3,32.5,,.9,78.6,5.3,22.67
136,안동,2023-07-03,26.4,21.3,33,,1.8,73.3,10,27.21
136,안동,2023-07-04,24.5,22,28.7,24.9,1.1,86.1,2.4,9.66
136,안동,2023-07-05,25.2,22.6,29.2,17,2.7,79.6,6.4,22.98
136,안동,2023-07-06,25.7,19.7,32.5,,1.1,72.4,8.1,25.28
136,안동,2023-07-07,20.6,17.1,24.9,86.7,1,89.1,0,3.56
136,안동,2023-07-08,23.1,18.2,29.8,1.7,1,87.5,2.2,17.39
136,안동,2023-07-09,25.1,22.7,30.1,15.2,.9,87.3,1.5,14.74
136,안동,2023-07-10,25.9,21.6,30.8,8.5,1.2,84.8,5.8,20.46
136,안동,2023-07-11,23.4,21.8,27.3,30,.9,94.1,.1,5.45
136,안동,2023-07-12,25.4,21.7,30.3,1.7,1.1,87,2.4,18.07
136,안동,2023-07-13,24.9,23.7,26.2,15.8,.6,94.3,0,4.44
136,안동,2023-07-14,24.6,23.6,25.2,57.8,1.9,94,0,2.56
136,안동,2023-07-15,23.8,21.9,26.1,47.3,1,95.3,0,3.85
136,안동,2023-07-16,24.6,21.7,28.1,.6,1,89.4,.7,14.35
136,안동,2023-07-17,25.3,22.8,30.9,11,1.2,89.3,3.3,17.32
136,안동,2023-07-18,23.1,21.8,25.7,66.1,.9,95.9,0,4.62
136,안동,2023-07-19,25.5,21,31.5,,1.2,83.1,8.8,27.06
136,안동,2023-07-20,26.5,22.2,32,,.9,80.6,5.7,21.32
136,안동,2023-07-21,25.9,22.7,32.6,,1.2,81.3,3.5,17.41
136,안동,2023-07-22,25.5,20,30.5,,1.1,78.1,6.7,18.03
136,안동,2023-07-23,26.5,23.3,29.5,0,.9,83.1,0,8.72
136,안동,2023-07-24,26,24,29.9,16.3,1.1,87.3,2,13.1
136,안동,2023-07-25,25.1,23,29.6,13.9,.7,91.9,.8,10.84
136,안동,2023-07-26,25,22.2,31.1,3.8,1,88.3,4.1,17
136,안동,2023-07-27,26.5,21.7,32.7,,.9,84.5,7.9,24.57
136,안동,2023-07-28,28.2,23.7,33.5,,.9,82.6,9.3,24.4
136,안동,2023-07-29,28.5,24.2,34.5,,.9,79,9.9,26.36
136,안동,2023-07-30,29,24.1,34.3,,1,75.9,8.3,21.75
136,안동,2023-07-31,27.9,23.8,32.9,,1.1,78.6,5.9,20.49
136,안동,2023-08-01,28.7,23.9,33.9,,.9,78.3,9.9,22.65
136,안동,2023-08-02,28.8,24.1,34.3,,1,79.4,9.8,23.55
136,안동,2023-08-03,29.6,25.1,34.8,,1.5,75.8,12,26.91
136,안동,2023-08-04,29.6,25.1,34.9,,1.1,77.9,9.2,24.48
136,안동,2023-08-05,29.9,25.1,35.6,,1.1,77.3,11,25.79
136,안동,2023-08-06,29.6,25.3,35,,1.6,75.8,7.4,18.68
136,안동,2023-08-07,29.3,23.8,35.2,,1.6,73.9,9.1,23.55
136,안동,2023-08-08,28.8,24.5,34.2,,2.2,73.4,10.3,24.13
136,안동,2023-08-09,25.4,23,29.2,22.5,1,86.5,0,5.81
136,안동,2023-08-10,22.9,21.6,25.8,69,2.5,90.9,0,2.93
136,안동,2023-08-11,27,22.3,32.7,,1.7,72.9,9.6,25.22
136,안동,2023-08-12,25.2,22.2,29.3,,1,82.3,3.4,15.41
136,안동,2023-08-13,26.2,21.5,31.9,,1.2,80.3,6.7,21.8
136,안동,2023-08-14,27,22.7,32.1,,1.6,75.8,9.3,23.04
136,안동,2023-08-15,27.1,22.2,32.7,,1.1,74.4,11.3,26.72
136,안동,2023-08-16,26.7,22.2,32.8,.2,1.3,76,9.1,24.02
136,안동,2023-08-17,25.8,23,29.8,,1.3,82.5,1.7,12.77
136,안동,2023-08-18,25.8,22.5,32.1,4.8,1.2,84.3,3.1,15.6
136,안동,2023-08-19,27.9,23.5,33.4,,1.1,81.9,7.4,19.82
136,안동,2023-08-20,27.6,24.2,34.8,.5,1.1,84.9,3.4,15.46
136,안동,2023-08-21,28.2,24.3,34.3,,1,80,6.6,21.61
136,안동,2023-08-22,28.6,23.6,34.3,,1.3,76.1,6.9,20.52
136,안동,2023-08-23,28.2,23.7,34.1,0,1.6,74.6,7.9,20.57
136,안동,2023-08-24,24.8,22.8,29.6,37.1,1.8,90.9,.7,8.6
136,안동,2023-08-25,25.9,21.7,31.2,37.9,1.7,79.1,10.8,25.47
136,안동,2023-08-26,25.4,19.2,32,,1.1,77.8,8.4,23.07
136,안동,2023-08-27,25.4,21,30.8,,1.5,75.3,8.1,19.56
136,안동,2023-08-28,25.7,22.2,29.8,,2.1,78.6,1.7,13.7
136,안동,2023-08-29,26,22.5,29.6,.5,1.1,86.8,1.8,7.94
136,안동,2023-08-30,23,20.6,25.6,91.5,1.1,95.9,0,4.17
136,안동,2023-08-31,22.9,20.2,28,32.5,.9,86.9,3,15.9
136,안동,2023-09-01,23.3,19.7,29.7,,.9,80.3,7.1,19.51
136,안동,2023-09-02,23.6,18.7,29.7,1.3,1.6,83.8,4.4,16.66
136,안동,2023-09-03,25.5,21.3,30.9,,.9,83.5,5.3,16.45
136,안동,2023-09-04,26.1,22.2,31.6,,1.6,78.5,5.9,19.04
136,안동,2023-09-05,25.6,20.7,30.7,,1.4,68.9,8.5,20.64
136,안동,2023-09-06,24.4,18.5,30.7,,1.2,74.3,9.5,20.79
136,안동,2023-09-07,22.5,16.5,30.2,,1.7,71.8,10.8,24.33
136,안동,2023-09-08,22.4,15.6,29,,1.1,73.3,10.8,22.4
136,안동,2023-09-09,22.8,17.5,29.8,,1.1,74.4,8.7,22.63
136,안동,2023-09-10,23.1,17.8,29.7,,1.2,77.1,8.2,21.32
136,안동,2023-09-11,24.4,19.3,30.6,,1.1,75.9,10.6,22.56
136,안동,2023-09-12,24.9,20.7,31.3,.4,.8,81,6,18.12
136,안동,2023-09-13,23,20.9,27,15.2,.9,90.6,0,5.57
136,안동,2023-09-14,22.3,20.2,24.7,8.1,.7,89.4,0,6.64
136,안동,2023-09-15,21.4,20.4,22.7,25.1,.6,95,0,3.73
136,안동,2023-09-16,22.9,21.2,26.6,10.2,.7,94,.2,7.23
136,안동,2023-09-17,24.5,21.8,28.9,1.6,.7,89.5,2.7,13.75
136,안동,2023-09-18,25.3,22.2,30.3,2.4,1,82,8.6,20.56
136,안동,2023-09-19,23.2,19.5,27.9,,1.3,81.8,7.2,16.9
136,안동,2023-09-20,20.7,19.5,22.6,87.6,1.1,93,0,2.53
136,안동,2023-09-21,19.3,17.6,21.9,5.7,1,86.9,.4,9.14
136,안동,2023-09-22,19.8,16.1,25.8,,.8,78.1,7.5,18.01
136,안동,2023-09-23,19.5,15.1,26.1,,1.5,77.6,7.7,18.11
136,안동,2023-09-24,19.4,13.1,24.6,,1.7,69.5,9.8,19.33
136,안동,2023-09-25,20.4,16.8,25,3.3,1.1,81.3,2.1,11.23
136,안동,2023-09-26,19.7,18.7,20.3,41.9,.4,96.3,0,1.98
136,안동,2023-09-27,20.9,19.5,23,1.4,.6,95.9,0,3.66
136,안동,2023-09-28,21.7,17.8,26.8,,1.7,82.6,7.8,17.7
136,안동,2023-09-29,19.2,15.6,23.2,,.6,88.3,.3,9.26
136,안동,2023-09-30,18.2,15.1,23.5,2.2,1.4,82.1,6.6,16.62
137,상주,2023-05-20,20.5,12.3,28.8,,1.3,68.1,9.4,26.95
137,상주,2023-05-21,20.1,16.2,25.5,,2,63.8,9.3,24.92
137,상주,2023-05-22,17.7,14.1,21.7,,.9,69.1,2.4,11.19
137,상주,2023-05-23,18.5,11.1,26.1,,.9,60.5,12.3,28.99
137,상주,2023-05-24,18.3,10.1,26.2,,.6,60.5,6.6,21.55
137,상주,2023-05-25,21.8,16,28.6,,1.1,48.5,9,26.94
137,상주,2023-05-26,22.3,17.1,28.1,,1,54.4,7.4,23.07
137,상주,2023-05-27,21.1,18.5,24.4,0,.6,78.9,.1,8.34
137,상주,2023-05-28,19.8,18.2,20.7,29.2,.3,96.9,0,3.28
137,상주,2023-05-29,20.3,19.1,22,46.8,.4,98.3,0,4.26
137,상주,2023-05-30,20.1,17,24.9,0,.7,82.8,.5,11.35
137,상주,2023-05-31,20.3,12.8,27.5,,1,62.3,13,29.89
137,상주,2023-06-01,20.1,14.3,25.5,,.7,71,2.4,17.85
137,상주,2023-06-02,23,19.2,29.2,,1.7,67.1,7.6,25.72
137,상주,2023-06-03,22.8,16.9,29.2,,1.8,53.3,12.2,29.68
137,상주,2023-06-04,23.6,18.1,29.3,,2,43.6,12.3,29.37
137,상주,2023-06-05,22.9,18.5,27.8,,2,53.8,9.9,27.11
137,상주,2023-06-06,22.6,16.3,28.8,,1.4,60.1,11.8,29.19
137,상주,2023-06-07,22.4,17.5,27.3,,1.2,68.5,5.8,22.1
137,상주,2023-06-08,22.9,18.3,30.2,0,.7,73,4,19.62
137,상주,2023-06-09,23.3,17.5,30.1,.4,1.3,61.5,11.5,29.63
137,상주,2023-06-10,21.2,16.2,31.3,4.3,.8,77.4,5.6,19.94
137,상주,2023-06-11,22.1,17.7,30,7.8,.7,83.3,4.9,21.47
137,상주,2023-06-12,23.5,19,30.2,,.7,70.1,8.3,25.28
137,상주,2023-06-13,23.2,17.2,29.8,,1,67.9,10.7,26.72
137,상주,2023-06-14,20.3,16.1,28.7,1.3,.7,79.8,6.9,21.15
137,상주,2023-06-15,21.2,17.1,28.2,,.8,79,5.8,21.77
137,상주,2023-06-16,24.6,16.8,32.1,,1,66.6,13.3,29.21
137,상주,2023-06-17,26.9,20.8,33.4,,1.7,53.3,11.4,27.91
137,상주,2023-06-18,27,22.2,34.2,,1.3,51.5,8.7,26.57
137,상주,2023-06-19,25.9,18.7,33.5,,.9,61.5,9.7,23.31
137,상주,2023-06-20,23,19,27.6,.6,.9,69.6,3.5,16.54
137,상주,2023-06-21,19.8,18.1,21.6,20.9,.7,96.9,0,4.1
137,상주,2023-06-22,23.1,19.9,28.4,.7,1.6,75.3,4.3,19.54
137,상주,2023-06-23,25.2,19.3,31.6,,1,67.4,11.3,29.69
137,상주,2023-06-24,25.5,18.7,32,,.7,70.1,11.4,29.23
137,상주,2023-06-25,25.2,19.2,30.9,,.9,71.6,5.6,21.25
137,상주,2023-06-26,22.4,20.7,24.7,61.9,.5,97.9,0,6.09
137,상주,2023-06-27,26.6,23.2,31.5,5.3,1.6,75.4,9.4,26.73
137,상주,2023-06-28,24.5,18.7,30,5.4,1.3,80.9,5.4,21.45
137,상주,2023-06-29,24.7,22.7,26.7,40.3,1,92.8,0,5.33
137,상주,2023-06-30,24.4,23.3,26.1,25.9,.6,97.8,0,6.54
137,상주,2023-07-01,26.5,22.2,32,.4,.6,82.6,7.8,25.11
137,상주,2023-07-02,27.8,23.3,32.7,,.9,79.1,5.5,21.79
137,상주,2023-07-03,27.3,22.6,33,,.8,74.6,9.8,27.45
137,상주,2023-07-04,24.4,22.7,27.2,61.3,.8,88,0,5.96
137,상주,2023-07-05,25.1,21.2,29.5,21,1.9,80.4,5.9,21.4
137,상주,2023-07-06,25.7,19.2,33.2,,.7,74,7.5,25.98
137,상주,2023-07-07,20.6,17.4,25.1,67.5,.7,93.8,0,4.19
137,상주,2023-07-08,23.5,18.3,28.8,4.6,.4,90.3,2.1,17.44
137,상주,2023-07-09,25.1,23,28.8,13.5,.5,92.6,.5,10.92
137,상주,2023-07-10,26,21,31.8,19.7,.8,85,7.1,21.05
137,상주,2023-07-11,23.5,22.2,26.3,50.7,.6,95,,
137,상주,2023-07-12,26.5,22.1,32.4,1.8,.6,86,4.4,20.07
137,상주,2023-07-13,25.3,24.5,26.8,10,.3,96.9,0,4.73
137,상주,2023-07-14,24.6,24.2,25.2,121.1,1.2,98.9,0,2.86
137,상주,2023-07-15,23.9,21.3,26.6,38.3,.6,98.1,0,4.06
137,상주,2023-07-16,24.7,21.2,28.2,2,.4,92.1,.7,12.63
137,상주,2023-07-17,26.5,23.6,32.2,7.5,.5,90.4,3.7,18.46
137,상주,2023-07-18,23.4,22.2,25.4,66.7,.6,99.5,0,4.58
137,상주,2023-07-19,26.1,21.5,32.5,,.6,83,9.8,28.06
137,상주,2023-07-20,27.3,22,32.7,.9,.8,80.8,10.7,25.65
137,상주,2023-07-21,26.6,22.6,33.1,,.6,84.3,6.2,23.33
137,상주,2023-07-22,25.3,21.7,30.4,,.9,82.3,5.5,17.36
137,상주,2023-07-23,26.4,23.8,29.2,.6,.6,88,0,8.3
137,상주,2023-07-24,26,24.3,28.8,13.3,.4,92.3,.7,10.36
137,상주,2023-07-25,25.1,22.8,31.5,6.1,.8,92.3,2,14.18
137,상주,2023-07-26,25.2,22.3,32.7,10.5,.6,91.6,5.8,21.98
137,상주,2023-07-27,26.7,22.3,33.2,,.8,87.3,6.6,22.54
137,상주,2023-07-28,27.7,23.7,33.7,,.5,84.9,6.2,21.74
137,상주,2023-07-29,28.7,24.1,34.5,,.5,81.9,7.8,23.85
137,상주,2023-07-30,29,24.2,34.4,,.8,77.4,9.7,25.19
137,상주,2023-07-31,28.4,24.1,33.3,,.9,79.4,7.9,20.45
137,상주,2023-08-01,28.8,24.1,34.2,,.4,80.9,8.6,22.64
137,상주,2023-08-02,29.1,24.1,35,,.7,80,8.3,24.26
137,상주,2023-08-03,30.2,25.3,35.4,,1,73.6,11.6,26.86
137,상주,2023-08-04,30,25.6,35.2,,.8,76,9.9,23.65
137,상주,2023-08-05,30,25.7,35.7,,.5,78.3,9.6,22.7
137,상주,2023-08-06,30,24.8,35.7,,.6,77,11,25.34
137,상주,2023-08-07,29.3,25.2,36,0,.6,77.3,9.2,24.31
137,상주,2023-08-08,29,26.1,33.9,6.7,.9,76.5,6.2,18.14
137,상주,2023-08-09,25.6,23.7,29.3,32.9,1.1,89.8,0,5.97
137,상주,2023-08-10,22,21.1,23.7,136.2,2.3,96.5,0,2.7
137,상주,2023-08-11,26.2,21.8,32.6,3.6,1.2,81.4,6.4,21.4
137,상주,2023-08-12,25.1,22.6,28.6,.5,.4,86.8,1.9,11.41
137,상주,2023-08-13,26.4,21.7,31.1,,.6,84.1,4,20.39
137,상주,2023-08-14,27.9,23.7,32.4,,.7,74.8,11,24.81
137,상주,2023-08-15,28.3,23.5,33.7,,.6,75.5,10.8,24.96
137,상주,2023-08-16,27.9,24.2,32.5,,.7,76.9,8.6,22.47
137,상주,2023-08-17,25.6,23.8,30,0,.6,86.8,2.7,9.47
137,상주,2023-08-18,26.1,23.6,32.1,5.1,.6,88,3.9,17.39
137,상주,2023-08-19,27.8,24.2,32.9,,.5,84.6,7.1,20.77
137,상주,2023-08-20,27.4,24,34.1,.6,.6,86.6,6.4,19.32
137,상주,2023-08-21,27.4,23.7,32.8,,.5,86.5,4.4,17.29
137,상주,2023-08-22,28.2,23.7,33.8,,.7,79.3,6.1,19.51
137,상주,2023-08-23,28,24.3,33.4,2.5,.8,80.6,5,18.79
137,상주,2023-08-24,24.6,24,25.6,39.4,.6,97.9,0,3.34
137,상주,2023-08-25,26.7,22.4,31.6,.5,1.5,74.3,11.1,25.28
137,상주,2023-08-26,25.4,20.3,31.4,,.7,79.1,11.5,24.49
137,상주,2023-08-27,25.5,20.5,30.6,,.7,79.4,8.8,20.15
137,상주,2023-08-28,25.5,23.1,28.6,,.8,82.6,.9,9.84
137,상주,2023-08-29,25.4,23.8,27.7,51.5,.7,92.9,.2,6.83
137,상주,2023-08-30,21.9,20.8,24.5,53.7,.9,97.8,0,3.25
137,상주,2023-08-31,24.1,20.5,28.8,0,.7,82.3,5.3,18.29
137,상주,2023-09-01,23.3,18.6,29.6,,.5,81.1,7.6,20.52
137,상주,2023-09-02,22.6,17,30.4,7,.7,88.4,7,20.57
137,상주,2023-09-03,25.4,22.2,31,,.5,87.3,4.2,16.36
137,상주,2023-09-04,26.8,23,31.7,,.7,80,6.5,18.25
137,상주,2023-09-05,25.3,21.7,30.4,,.6,79.3,9.5,20.02
137,상주,2023-09-06,24.7,19.5,31,,.6,76.1,11.5,23.44
137,상주,2023-09-07,22.6,17.7,29.5,,.7,77.1,9.4,23.06
137,상주,2023-09-08,22.2,15.8,29.1,,.6,75.1,11.9,24.23
137,상주,2023-09-09,22.6,16.7,30,,.5,74.8,11.4,23.8
137,상주,2023-09-10,22.9,16.7,30.1,,.6,80.8,10.4,22.21
137,상주,2023-09-11,24.4,19,30.6,,.6,79.3,9.5,19.37
137,상주,2023-09-12,25,20.7,30.5,,.4,80.6,4.6,16.56
137,상주,2023-09-13,22.8,21.6,24.6,4.8,.4,94.5,0,4.21
137,상주,2023-09-14,21.7,20.6,24,7.9,.8,97.1,0,3.36
137,상주,2023-09-15,21.8,21,22.7,17.4,.6,100,0,3.88
137,상주,2023-09-16,22.9,21.6,26.1,22.1,.4,98,0,5.27
137,상주,2023-09-17,24.6,22.2,28.7,,.4,90.1,1.2,12.21
137,상주,2023-09-18,25.1,21.3,31.2,21.3,.6,83.9,7.7,19.01
137,상주,2023-09-19,23.9,20.1,28.2,,.8,82.8,5.9,14.65
137,상주,2023-09-20,20.7,19.6,22.1,88.7,1,97.9,0,1.82
137,상주,2023-09-21,19.2,18.2,20.7,9.5,.6,95,0,4.9
137,상주,2023-09-22,19.9,15.8,25.7,0,.5,83.8,8.1,19.27
137,상주,2023-09-23,19,13.5,25.4,,.7,81.1,7.5,16.2
137,상주,2023-09-24,19.4,13.8,25.7,,1,73.4,9.1,19.16
137,상주,2023-09-25,20.8,16.7,26.4,1.3,.5,80.6,3,14.19
137,상주,2023-09-26,19.7,19,20.2,40.5,.5,100,0,1.68
137,상주,2023-09-27,22,20,26.5,1.2,.8,90.9,1.2,8.52
137,상주,2023-09-28,22.6,19.1,27.2,,1.6,77,8.2,17.49
137,상주,2023-09-29,20.7,16.6,25.8,,.8,78.3,3.5,14.67
137,상주,2023-09-30,19.3,14.8,24.8,3.4,1.2,77.4,,
138,포항,2023-05-20,18.5,13.8,22.5,,2.3,72.6,12.4,27.97
138,포항,2023-05-21,23.7,18.6,29.6,,2.9,48.4,11.9,26.13
138,포항,2023-05-22,18.2,15.4,20.8,0,1.9,62.1,1.3,6.57
138,포항,2023-05-23,17.4,14.4,20.5,0,2,56.3,10.6,25.67
138,포항,2023-05-24,18,13.3,22.1,,2.1,60.8,9.5,22.27
138,포항,2023-05-25,19.9,15,24,,2.7,54.9,,
138,포항,2023-05-26,21.7,18.4,26.7,0,2.8,56.4,5.2,20.42
138,포항,2023-05-27,23.6,20.6,27.4,,2.7,62.6,2,15.6
138,포항,2023-05-28,22.4,20.4,23.9,18.3,1.8,79.1,0,5.35
138,포항,2023-05-29,19.2,18.2,21.7,66.6,1.9,93.5,0,2.73
138,포항,2023-05-30,17.9,17.3,18.5,.2,2.8,89.3,0,7.39
138,포항,2023-05-31,18.4,16.3,20.1,,3.1,77.8,13.4,30.03
138,포항,2023-06-01,18,14,22.2,2.7,2.4,76.9,1,10.96
138,포항,2023-06-02,21.9,19,26.9,,2.5,71.9,11.8,28.38
138,포항,2023-06-03,21.4,16.2,26.5,,2,60.1,11.6,26.32
138,포항,2023-06-04,24.9,20.1,30,,2.9,34.9,12,28.87
138,포항,2023-06-05,25.1,21.2,29,,2.9,41.8,10.1,23.83
138,포항,2023-06-06,23.8,20.4,28.7,,3,53.4,11,27.42
138,포항,2023-06-07,24.7,20.1,29.4,,2.8,52.9,10.4,23.47
138,포항,2023-06-08,24.3,20,29,,3.2,51.3,7.5,22.77
138,포항,2023-06-09,21.7,19.5,27.7,,2.6,71.5,11.9,26.45
138,포항,2023-06-10,23.9,18.6,28.9,,2.9,65.6,11.7,27.18
138,포항,2023-06-11,22,19.2,27.2,0,2.8,76.1,6.8,20.66
138,포항,2023-06-12,20.3,19.1,23.3,.9,2.4,82.8,5.9,18.14
138,포항,2023-06-13,22.2,19.1,26.3,.2,2.1,76.6,7.5,21.08
138,포항,2023-06-14,20.4,18.1,22.9,7.2,2.1,82,4,20.33
138,포항,2023-06-15,20,15.8,23.2,,2.2,80.1,11.3,25.61
138,포항,2023-06-16,24.9,18.4,30.6,,2.6,63.6,13.5,28.63
138,포항,2023-06-17,28.6,23,34.4,,3,48.4,11.3,27.58
138,포항,2023-06-18,25.5,22.1,29.8,,3.1,62.3,11.4,26.73
138,포항,2023-06-19,22.4,20.9,25.4,,4.1,80.6,6.5,23.09
138,포항,2023-06-20,21.7,20.3,23.9,,3.1,77.4,5.8,20.6
138,포항,2023-06-21,21.7,19.9,24.2,6.8,1.7,86.3,0,4.23
138,포항,2023-06-22,23.3,19.3,28.2,,2.2,70.6,5.7,20.45
138,포항,2023-06-23,22.3,20.7,24.4,,2.6,74.5,12.2,29.41
138,포항,2023-06-24,21.8,19.5,23.9,,2.4,78.4,7.9,24.33
138,포항,2023-06-25,23.4,20,27,1.1,2.4,76.4,4.5,17.79
138,포항,2023-06-26,24.9,21.4,27.9,34.9,1.9,83.4,.1,8.07
138,포항,2023-06-27,28.3,24.3,33.5,7.7,3.1,68.4,8.8,24.83
138,포항,2023-06-28,25.9,21.2,30.6,10.3,3.8,69.8,6.7,21.88
138,포항,2023-06-29,26.9,24.6,30.6,5.3,2.6,75.4,2.6,11.24
138,포항,2023-06-30,21.2,19.9,26.6,24.4,1.5,91.6,0,3.2
138,포항,2023-07-01,23.1,20.5,26.3,,1.9,84.4,7.9,23.44
138,포항,2023-07-02,26.6,23,32.3,,2.5,73,7.8,22.89
138,포항,2023-07-03,22.8,21.2,24.5,0,2,89.5,5.5,19.73
138,포항,2023-07-04,24.6,22.1,28,4.5,2,85.6,.5,8.1
138,포항,2023-07-05,27.7,23.5,31.1,10,2.7,66.8,9.6,25.05
138,포항,2023-07-06,28.7,23.9,33.4,,3.2,54.1,5.6,21.41
138,포항,2023-07-07,22.9,18.6,27,53.6,2.3,78.8,.1,4.65
138,포항,2023-07-08,22,20.5,25.9,0,1.9,84.4,1.5,13.14
138,포항,2023-07-09,25.3,20.8,31.5,0,2.1,80.9,3.9,18.32
138,포항,2023-07-10,29,23.7,33,,2.5,69.5,8.8,21.93
138,포항,2023-07-11,26.4,22.4,30.5,33.5,2.5,80.1,.8,9.59
138,포항,2023-07-12,26.7,23.5,32.2,.3,2.6,76.5,4,18.41
138,포항,2023-07-13,26.6,23.5,27.9,2.2,1.8,83.4,0,5.58
138,포항,2023-07-14,26.2,25.3,29,11.4,3.1,83.8,.1,5.74
138,포항,2023-07-15,28.3,25.8,30.4,1.8,3.1,71.1,.1,5.87
138,포항,2023-07-16,25.4,24.3,28,7.1,2.6,83,.7,8.87
138,포항,2023-07-17,28.1,24.1,33,3.2,3.4,74,8.4,22.9
138,포항,2023-07-18,23.3,20.8,26.2,74.1,2.1,90.1,0,2.85
138,포항,2023-07-19,23.2,21.2,25.7,,1.9,86.8,8.2,23.74
138,포항,2023-07-20,25.6,21.7,29.4,,2.1,79.3,10.9,25.68
138,포항,2023-07-21,24,23,25.7,,2.3,85.9,6.2,17.7
138,포항,2023-07-22,25.5,22.6,27.8,0,2.2,80.5,3.7,16.06
138,포항,2023-07-23,28.3,25.9,31.1,.1,2.9,71.4,.3,9.93
138,포항,2023-07-24,28,26.3,33.2,2.5,2.7,76.3,3.8,16.29
138,포항,2023-07-25,28.8,25.6,33.8,0,2.7,68,7.8,23.72
138,포항,2023-07-26,29,26,33.6,0,2.6,67.8,7.9,23.68
138,포항,2023-07-27,29.7,24.4,34.6,0,2.5,65.4,12.5,27.4
138,포항,2023-07-28,29.9,26.9,33.3,,2,69.6,8.8,18.92
138,포항,2023-07-29,30.6,26.8,34.2,,2.5,64.3,12.3,26
138,포항,2023-07-30,29.8,26.6,33.6,,2.5,66.1,10.3,22.38
138,포항,2023-07-31,28.8,25.8,33.9,,2.4,68,9.6,21.87
138,포항,2023-08-01,28.5,24.2,32.7,,2.2,71,10.5,20.08
138,포항,2023-08-02,30.3,25.4,35.3,,2.3,66.1,11.7,24.76
138,포항,2023-08-03,31.8,28,36.7,,2.7,61.1,11.2,25.35
138,포항,2023-08-04,31.2,27.6,35.9,,2.4,63.8,8.4,21.77
138,포항,2023-08-05,31.1,27.6,34.3,,2.5,63.5,12.8,26.07
138,포항,2023-08-06,27.2,25.7,28.9,,2.5,81,11.6,26.62
138,포항,2023-08-07,27.1,24.4,29.8,0,4.7,77,8.5,23.26
138,포항,2023-08-08,25.2,23.6,28.2,,5.1,80.3,5.2,19.81
138,포항,2023-08-09,24.4,23.7,25.1,7.8,5.9,84.9,0,4.29
138,포항,2023-08-10,25,23.2,26.4,154.2,6.4,85.9,0,2.74
138,포항,2023-08-11,28.2,22.9,33.5,,2.6,65.3,11.6,24.72
138,포항,2023-08-12,26.9,24.7,30.3,.8,2.1,76.9,2.8,12.89
138,포항,2023-08-13,25.4,24.1,27.4,,2.8,82.5,8.5,23.61
138,포항,2023-08-14,25.9,24.3,28.2,0,3,79,7.3,21.45
138,포항,2023-08-15,24.9,23.4,26.5,0,4.1,80.8,6.5,20.25
138,포항,2023-08-16,25,22.9,27.5,,2.4,81.3,6.9,19.95
138,포항,2023-08-17,25.1,23.9,26.5,,2.3,81.3,.6,10.27
138,포항,2023-08-18,24.6,24,25.2,14.8,1.9,89.1,0,3.86
138,포항,2023-08-19,26.4,24.5,28.6,2.1,1.2,89.6,.2,7.07
138,포항,2023-08-20,26.6,25.5,28.2,.3,2,85.9,3,16.21
138,포항,2023-08-21,28.8,25.2,32.6,,2.1,76.1,5.3,13.18
138,포항,2023-08-22,29.9,25.9,34.5,,2.9,64.9,8.7,22.26
138,포항,2023-08-23,28.8,24.5,34,8.2,2.7,72.1,10.2,21.35
138,포항,2023-08-24,24.5,23.2,25.5,64.3,2,88.5,0,4.63
138,포항,2023-08-25,27.9,24.3,32.5,0,2.6,66.8,8.4,22.74
138,포항,2023-08-26,26.1,23.3,29.3,,2.5,72.6,12.1,24.93
138,포항,2023-08-27,25.6,23.3,27.4,,3,78.1,6,18.34
138,포항,2023-08-28,25.3,24.3,26.8,5.6,3.1,80.5,0,7.45
138,포항,2023-08-29,27.1,24.3,30.7,0,2.2,79.9,2.1,10.57
138,포항,2023-08-30,27,25.9,28.6,1.5,2.1,80.9,.1,5.61
138,포항,2023-08-31,25.1,22.8,27.2,12.9,1.9,81.8,1.8,12.49
138,포항,2023-09-01,25,23.5,26.9,4,1.8,82.6,4.3,13.86
138,포항,2023-09-02,25.2,22.8,27.3,.2,2.4,78.5,1.5,12.91
138,포항,2023-09-03,25.5,23.6,28,.3,2.3,82.3,6.1,18.74
138,포항,2023-09-04,26,23.9,28.3,0,3,81,3.8,14.22
138,포항,2023-09-05,25.9,24.2,27.9,,3.6,73.5,8.1,20.08
138,포항,2023-09-06,25.5,24.1,27.5,0,4,73.4,7.8,19.29
138,포항,2023-09-07,24.1,21.9,26.3,,3.8,71.5,7.9,19.58
138,포항,2023-09-08,24.2,21.8,26.2,,3.4,65.4,9.5,22.68
138,포항,2023-09-09,23.1,19,26.5,,2.3,70.1,11.7,24.3
138,포항,2023-09-10,23.4,19.5,26.5,,2.3,72.5,10.3,21.14
138,포항,2023-09-11,24.9,21.5,26.9,,2.3,75.3,10.2,21.82
138,포항,2023-09-12,25.9,22.8,28.8,,2.2,75.5,2.2,11.21
138,포항,2023-09-13,24.6,22.5,27.4,.8,2.3,83.8,.2,6.34
138,포항,2023-09-14,22.8,21.6,24,18.9,2.2,86.6,.1,4.92
138,포항,2023-09-15,23.1,22.1,24.4,9.3,2,89.3,0,4.98
138,포항,2023-09-16,23.9,22.5,25.5,17.5,1.5,89.6,1.2,3.83
138,포항,2023-09-17,24.6,22.6,27.9,23,1.6,86.3,1.7,9.04
138,포항,2023-09-18,26.4,23.4,31,1.7,1.9,79.1,6.8,16.1
138,포항,2023-09-19,26,23.1,29.9,,2.4,66,9,19.15
138,포항,2023-09-20,22.9,21.1,25.3,27.2,2.4,81.1,0,3.88
138,포항,2023-09-21,20.7,19.6,22,17.3,3.2,73.9,0,6.35
138,포항,2023-09-22,20.9,17.3,23.7,,2,67.3,9.4,17.67
138,포항,2023-09-23,21.4,16.9,24.1,,4.7,69.3,8.4,18.42
138,포항,2023-09-24,22.6,21.4,24,,6.1,61.1,7.2,17.7
138,포항,2023-09-25,22.5,21.1,24,.7,2.7,72,.3,7.52
138,포항,2023-09-26,21.2,20.4,21.5,19.9,1.2,92.1,0,2.02
138,포항,2023-09-27,23.4,21.3,26.5,0,1.5,83.5,1.3,10.44
138,포항,2023-09-28,24.7,21.4,29.1,,2.7,64.8,11.1,20.1
138,포항,2023-09-29,22.3,18.8,25.9,,2.2,69.6,5.1,14.22
138,포항,2023-09-30,20.8,16.9,25,1.3,2.5,67.6,6.1,13.15
140,군산,2023-05-20,18.6,15.6,25.1,0,2.9,79.6,9.8,
140,군산,2023-05-21,16.6,14.3,19.7,0,2.9,81.4,3.5,
140,군산,2023-05-22,16.5,13.9,21.7,.2,2.3,76.8,4.6,
140,군산,2023-05-23,17.3,12,22.7,,2.4,72.6,12.4,
140,군산,2023-05-24,18.3,12.4,24.9,,1.9,70.5,4.8,
140,군산,2023-05-25,19.4,14.3,26,,2.4,59.4,8.1,
140,군산,2023-05-26,20.8,15.8,25.7,0,1.7,63.5,7.5,
140,군산,2023-05-27,22,19.6,26,.3,2,74.5,.2,
140,군산,2023-05-28,20.9,19,22.3,60.9,2,93.8,0,
140,군산,2023-05-29,19.8,18.4,21.7,143.7,1.4,94,.3,
140,군산,2023-05-30,22.3,19.2,28,,1.7,83.1,6.3,
140,군산,2023-05-31,22.1,18.9,28,0,1.8,73.6,8,
140,군산,2023-06-01,20.7,17.8,26.4,0,2,82.1,1.7,
140,군산,2023-06-02,19.6,16.4,23.3,0,2.9,82,10.6,
140,군산,2023-06-03,20.5,14.6,26.8,,2.6,70.8,11.9,
140,군산,2023-06-04,20.6,15.7,24.9,,2.4,71.8,10.7,
140,군산,2023-06-05,20.2,17.4,23.6,,2.4,73.6,7.1,
140,군산,2023-06-06,19.5,16.1,24.5,,2.6,76.4,12.4,
140,군산,2023-06-07,20.5,16.9,25,,2.5,79.1,6.3,
140,군산,2023-06-08,20.9,18.2,27.2,0,2.3,78.9,5.9,
140,군산,2023-06-09,23,19.3,28.7,.1,2.2,70.1,9,
140,군산,2023-06-10,23.1,19.1,30.3,0,2.9,67.8,5.3,
140,군산,2023-06-11,22.2,18.3,25.9,,2.4,75.9,10.3,
140,군산,2023-06-12,21.4,17.2,25.5,,2.3,76.3,10.3,
140,군산,2023-06-13,20.8,16.8,24.7,0,2.7,76.3,12.5,
140,군산,2023-06-14,20.4,17,24.9,,2.2,77.8,12.6,
140,군산,2023-06-15,20.8,16.3,24.6,,2.6,75.6,11.3,
140,군산,2023-06-16,22.4,17.1,26.8,,2.3,72.5,11.6,
140,군산,2023-06-17,22.5,18.2,27.9,,2.3,72.8,8.5,
140,군산,2023-06-18,22.6,19.4,26.3,,2.2,71.8,10.4,
140,군산,2023-06-19,24.1,18.5,32.2,,2.3,71,9.7,
140,군산,2023-06-20,23.6,20.1,27.4,2.5,1.5,73,1.9,
140,군산,2023-06-21,21.1,18.7,23.4,2.8,2.4,90,1,
140,군산,2023-06-22,21.7,19.1,24.3,,3.7,79.8,8.1,
140,군산,2023-06-23,23.9,20.3,29.3,,2.1,78.8,10.9,
140,군산,2023-06-24,24.7,20.7,31.1,,2.1,74.9,7.7,
140,군산,2023-06-25,24.9,20.6,31,.5,2.1,73.8,5.5,
140,군산,2023-06-26,24.3,21.5,26.7,34,3.2,90.9,0,
140,군산,2023-06-27,25.1,22.1,28.8,4,3,81.1,11.3,
140,군산,2023-06-28,23.5,20.1,26.9,56.8,3.2,89.4,.3,
140,군산,2023-06-29,24.8,23.3,25.8,45.2,3.5,90.3,0,
140,군산,2023-06-30,23.7,23.2,25.3,33.2,2,93.9,0,
140,군산,2023-07-01,25.3,23.1,29.1,,2.1,87.5,8.1,
140,군산,2023-07-02,26.1,22.8,31.5,,1.8,82.4,5.9,
140,군산,2023-07-03,26.8,23.3,32.1,0,1.8,83.5,5.8,
140,군산,2023-07-04,24.5,23.4,25.3,53.1,2.7,93.3,0,
140,군산,2023-07-05,24.5,22.1,26.7,30,4.2,81.4,6.1,
140,군산,2023-07-06,26.1,21.3,32.2,,2.5,70,6.4,
140,군산,2023-07-07,21.9,19.6,24.9,37,2.2,91.8,0,
140,군산,2023-07-08,24.1,20.7,29,1.8,1.4,91,3.1,
140,군산,2023-07-09,26.8,24,30.3,0,2.8,86.4,2.7,
140,군산,2023-07-10,27.5,25.1,31.7,0,2.5,75.6,7.5,
140,군산,2023-07-11,24.9,23.7,26.9,16.4,2.7,91.5,0,
140,군산,2023-07-12,25.9,24.3,29.2,0,2,90,1.1,
140,군산,2023-07-13,25.5,23.2,26.1,35.1,2.9,93.6,0,
140,군산,2023-07-14,24.9,23.9,25.8,372.8,4.7,95.1,0,
140,군산,2023-07-15,24.5,22.3,26.8,70.2,3.9,93,0,
140,군산,2023-07-16,24.6,22.9,28.8,2.2,1.9,91.5,1.1,
140,군산,2023-07-17,25.8,23.4,29.8,18,2.2,88.9,5.7,
140,군산,2023-07-18,23.5,22.9,24.6,73.5,1.4,95.1,0,
140,군산,2023-07-19,25.4,21.8,29.1,,1.7,84.4,12.2,
140,군산,2023-07-20,25.1,21.9,29.1,,1.6,86.9,7.1,
140,군산,2023-07-21,26.9,21.9,33.7,,1.4,82.1,10.4,
140,군산,2023-07-22,24.7,23,28.6,15.3,3.3,84,1.9,
140,군산,2023-07-23,25,24.4,25.8,58.9,2.9,93.9,0,
140,군산,2023-07-24,25.9,23.3,30.6,9.3,1.8,87.5,2.9,
140,군산,2023-07-25,26.1,23.9,30.4,13.6,1.9,88.5,2.4,
140,군산,2023-07-26,26.4,23.3,31.4,12.6,1.7,86.9,5.8,
140,군산,2023-07-27,27.6,22.8,32.1,,1.2,81.8,10.4,
140,군산,2023-07-28,28.3,24.1,33.8,,1.5,80,9.2,
140,군산,2023-07-29,29,24.6,33.3,,1.4,72.3,12.3,
140,군산,2023-07-30,27.7,24.1,32.8,50.5,2,78.8,11.7,
140,군산,2023-07-31,27.9,23.7,32.4,,1.3,82.4,10.6,
140,군산,2023-08-01,29.3,24.9,35,,1.5,77.5,11.5,
140,군산,2023-08-02,28.7,25.4,33,,1.6,78.3,11,
140,군산,2023-08-03,29.2,24,34.1,,1.4,72.6,11.7,
140,군산,2023-08-04,29.6,25.5,33.9,,1.6,75.8,11.8,
140,군산,2023-08-05,29.4,25.7,33.8,,1.7,78.3,11.6,
140,군산,2023-08-06,28.7,24.3,33.6,.9,2,76.8,11.5,
140,군산,2023-08-07,28.7,24.2,33.7,,1.9,82.3,11.6,
140,군산,2023-08-08,31,26.1,35.6,,1.5,71.5,11.9,
140,군산,2023-08-09,27.7,23.8,31,6.2,2.7,77.6,3.5,
140,군산,2023-08-10,23.1,21.8,24.7,80.1,4.7,92,0,
140,군산,2023-08-11,25.7,23.3,29.8,1.7,2.9,83.5,2.5,
140,군산,2023-08-12,25.6,22.6,29,7.1,1.8,86.8,1.5,
140,군산,2023-08-13,27.1,23.2,32.5,,1.3,80.1,9.5,
140,군산,2023-08-14,27.6,24.6,32.7,,1.2,81.9,10.2,
140,군산,2023-08-15,27.3,23.6,31.3,,1.8,82,9.8,
140,군산,2023-08-16,26.8,24,31.2,,1.8,82.5,9.8,
140,군산,2023-08-17,26.7,23,31.2,,1.4,80.8,10.4,
140,군산,2023-08-18,27.3,23.9,31.7,,1.7,76.5,11.6,
140,군산,2023-08-19,27.7,24.7,31.1,1.5,1.9,80.6,8.7,
140,군산,2023-08-20,28,24.7,32,,1.7,79.5,9.9,
140,군산,2023-08-21,28.7,24.5,33.8,,2.1,76.9,9.1,
140,군산,2023-08-22,26.9,25.2,32.5,14.3,2.6,85.6,3,
140,군산,2023-08-23,25.1,23.9,29.6,36.7,2,93.4,.1,
140,군산,2023-08-24,25.7,23.7,29.5,1.3,1.8,90,1.1,
140,군산,2023-08-25,25.9,22.6,29.3,,2.5,80.1,10.4,
140,군산,2023-08-26,24.6,20.6,29.5,,1.7,83.9,9.6,
140,군산,2023-08-27,26.3,21.7,30.7,,1.5,79.9,4.5,
140,군산,2023-08-28,26.6,24,30.4,2.2,2.5,78.8,1.5,
140,군산,2023-08-29,24.7,22.1,28.1,6.4,2.8,90.5,.1,
140,군산,2023-08-30,21.6,19.9,23.1,20.4,1.2,95.3,0,
140,군산,2023-08-31,22.7,19.9,27,,1.5,85.5,6,
140,군산,2023-09-01,24.1,18.6,30,,1.3,74.6,11.2,
140,군산,2023-09-02,25,20.4,30.7,,1.5,74.4,7.1,
140,군산,2023-09-03,26.7,22.9,32.3,,1.5,81,6.1,
140,군산,2023-09-04,27.1,23.8,30.8,,1.4,84.9,1.7,
140,군산,2023-09-05,27.5,24.1,31.7,,1.3,73.3,6.1,
140,군산,2023-09-06,26.7,22.8,31.5,0,1.6,74.9,11.2,
140,군산,2023-09-07,26,21.8,31,,1.8,61,12,
140,군산,2023-09-08,23.9,20.3,29.5,,1.8,67.3,11.9,
140,군산,2023-09-09,23.6,18.6,28.8,,1.8,77.5,11,
140,군산,2023-09-10,24.2,21,28.9,,2,78.5,8.9,
140,군산,2023-09-11,24.2,20.3,29.6,,1.9,74.5,10.1,
140,군산,2023-09-12,24.2,20.2,29,,1.4,77.9,7.6,
140,군산,2023-09-13,20.7,19.6,22.8,30,1.6,93.6,0,
140,군산,2023-09-14,22.8,19.8,26.6,4.9,1.2,88.9,1.7,
140,군산,2023-09-15,23,21.7,25.5,25.3,1.3,93.1,0,
140,군산,2023-09-16,23.6,22.2,27.4,51.8,1.6,93.9,1.4,
140,군산,2023-09-17,24.3,22.2,27.7,.8,1.5,88.9,4.6,
140,군산,2023-09-18,24,21.7,28.5,,1.8,87.1,7.2,
140,군산,2023-09-19,23.8,21.4,27.9,,1.3,84,4.2,
140,군산,2023-09-20,21.6,20.1,23.2,64.8,2.4,92.5,0,
140,군산,2023-09-21,19.7,16.8,23,.4,2.3,86.1,.3,
140,군산,2023-09-22,19.5,14.8,25.6,,1.2,76.3,10,
140,군산,2023-09-23,20.4,15.1,25.7,,1.4,72.6,5.7,
140,군산,2023-09-24,21.7,18,26.2,,1.9,63.1,9,
140,군산,2023-09-25,21.3,19.1,25.3,3,1.4,76.9,.2,
140,군산,2023-09-26,22.1,19.6,25.1,11.7,2.4,91.1,.1,
140,군산,2023-09-27,22.2,20.5,24.1,1.8,2.4,88.5,.9,
140,군산,2023-09-28,22,19.1,25.5,,1.9,85.1,8.2,
140,군산,2023-09-29,19.8,17.3,23.5,0,1.2,84.1,.4,
140,군산,2023-09-30,18.9,14.6,22.9,4.8,2.1,81.1,7.4,
143,대구,2023-05-20,20.9,12.3,28.8,,1.9,63.5,12.7,28.01
143,대구,2023-05-21,22.7,17,30.2,,2.6,55,10.9,25.99
143,대구,2023-05-22,17,12.7,20.3,.5,1.8,67,.8,6.32
143,대구,2023-05-23,18.4,10.7,27.3,,1.9,56,11.6,28.53
143,대구,2023-05-24,19.6,12.2,26,,1.9,52.4,8.9,21.71
143,대구,2023-05-25,21.3,15.2,28.1,,2.1,46.6,9,26.35
143,대구,2023-05-26,22,17.6,28.2,0,1.7,49.8,6.5,21.19
143,대구,2023-05-27,23.2,19.5,26.9,.2,1.6,64.8,.8,12.63
143,대구,2023-05-28,21.7,19.6,23.3,10.6,1.1,86.6,0,3.78
143,대구,2023-05-29,20.1,18.6,21.8,100.8,1.7,97.3,0,2.63
143,대구,2023-05-30,19.5,17.6,21.9,,2.9,81.5,.9,13.01
143,대구,2023-05-31,20.5,16.1,25.5,,2.8,60.3,12.6,29.22
143,대구,2023-06-01,18.6,13.8,21.1,.2,1.5,77,1.5,10.6
143,대구,2023-06-02,23.7,18.5,30.3,.3,2.8,60.9,10,27.75
143,대구,2023-06-03,23.1,16.4,29.4,,2.5,50.1,11.6,28.24
143,대구,2023-06-04,23.9,17.5,29.9,,2.4,40.5,11.1,27.62
143,대구,2023-06-05,23.8,17.7,28.7,,2.3,48.1,7.8,21.86
143,대구,2023-06-06,24.3,19.4,30.1,,2.4,50.4,10.5,26.81
143,대구,2023-06-07,24.1,18.4,29.4,,1.7,58.1,6.5,19.5
143,대구,2023-06-08,24.1,20.1,29.3,,1.7,57.8,8.2,23.99
143,대구,2023-06-09,24.6,18.6,31,,1.9,50.4,12.2,28.65
143,대구,2023-06-10,24.5,18.6,31.5,,1.8,61,8.6,24
143,대구,2023-06-11,24.6,20.3,30.6,,2.4,66.5,7.7,22.41
143,대구,2023-06-12,23.3,19.2,29.1,.7,2.2,73.4,5.7,18.12
143,대구,2023-06-13,23.8,18.1,30.4,,1.6,68.1,6.8,20.78
143,대구,2023-06-14,21.2,16.7,28.7,17.5,1.8,73.8,5.6,18.54
143,대구,2023-06-15,20.9,16.2,28.7,,1.8,74,6.7,23.4
143,대구,2023-06-16,25.3,17.2,32.5,,1.5,60.9,13.3,28.97
143,대구,2023-06-17,27.6,20.4,34.2,,2.2,53.5,11.1,27.06
143,대구,2023-06-18,26.9,23.2,33.1,,2.6,52.6,10.9,26.67
143,대구,2023-06-19,24.4,20.3,30.2,,3.6,62.1,11.6,27.29
143,대구,2023-06-20,23,20.1,28.3,,3.9,66.4,6.3,19.45
143,대구,2023-06-21,21.4,18.5,23.9,4.6,1.7,89.9,0,5.22
143,대구,2023-06-22,24.6,20.6,29.1,0,2.3,65.8,7.3,22.41
143,대구,2023-06-23,24.8,19.6,31,,2.2,64.9,9.3,25.3
143,대구,2023-06-24,24.5,19.4,30.8,,2.8,66,10,27.35
143,대구,2023-06-25,24.2,19.8,30.6,2.2,1.9,73.9,4.7,18.83
143,대구,2023-06-26,24.1,20.9,27.3,33.2,1.9,89.5,0,7.33
143,대구,2023-06-27,27.8,23.4,33.8,48,2.6,71.3,9.4,25.33
143,대구,2023-06-28,24.5,19.7,30.2,24.7,2.3,78.4,4.9,18.94
143,대구,2023-06-29,25.4,23.6,28.7,8.3,1.4,86.1,.3,7.56
143,대구,2023-06-30,24,22.3,25.7,39,1.5,92.4,0,5.56
143,대구,2023-07-01,25.8,21.6,31.3,,2.4,76.1,8.6,24.92
143,대구,2023-07-02,28.1,23.9,33.5,,1.9,69,6.5,21.78
143,대구,2023-07-03,27.1,22.5,32.5,,2.1,71.5,9.5,25.42
143,대구,2023-07-04,24.9,23.3,29,6.8,2,84.8,1.3,8.92
143,대구,2023-07-05,27.5,23.4,32.6,16.1,3,67.9,9.3,25.66
143,대구,2023-07-06,27.5,20.7,34.4,,1.2,62.3,7,22.29
143,대구,2023-07-07,21.9,18,25.7,43.9,1.8,86.8,0,3.19
143,대구,2023-07-08,23.1,19.8,27.2,0,1.7,84.5,.4,10.56
143,대구,2023-07-09,26.6,21.8,31.2,,1.5,78,1.9,15.1
143,대구,2023-07-10,28.3,24.1,33.8,0,1.6,74.6,6.9,19.68
143,대구,2023-07-11,24.8,22.9,30,46.5,1.2,89.5,.2,7.85
143,대구,2023-07-12,27.3,23.1,32.4,.2,1.3,79.8,4.5,18.21
143,대구,2023-07-13,26.5,25.6,27.4,2,1.3,85.9,0,5.42
143,대구,2023-07-14,25.6,24.4,27.8,47.7,1.4,88.9,0,3.12
143,대구,2023-07-15,27,24,29.9,23.7,1.7,81.3,.3,6.16
143,대구,2023-07-16,24.4,22.8,27.8,9.7,.8,91.6,.4,8.56
143,대구,2023-07-17,26.7,23.1,32.4,13.2,1.3,84.6,4.6,19.07
143,대구,2023-07-18,23.7,22.4,24.8,74.2,1.2,96.4,0,3.11
143,대구,2023-07-19,25.7,22.1,30.3,.1,2,78.5,9.1,25.45
143,대구,2023-07-20,27.6,22.9,33,,1.4,73.6,6.8,21.45
143,대구,2023-07-21,26.7,23.3,31.4,,2.3,78.5,5.4,20.99
143,대구,2023-07-22,25.4,21.5,28.1,0,2.7,77.3,4.3,14.48
143,대구,2023-07-23,27.5,25.2,30.2,.1,2.1,75.9,.3,9.68
143,대구,2023-07-24,26.6,24.3,30.5,14.5,1.3,85.4,1.8,12.7
143,대구,2023-07-25,27.3,24.6,32.2,0,1.3,78.1,4,15.69
143,대구,2023-07-26,27.2,23.8,33.1,0,1.4,78.3,2.3,15.72
143,대구,2023-07-27,27.9,22.8,32.9,0,1.3,76,7,20.34
143,대구,2023-07-28,29.4,24.6,34.5,,1.1,71.5,9.1,18.41
143,대구,2023-07-29,30.1,24.8,35.3,,1.1,65.5,8.9,20.99
143,대구,2023-07-30,29.8,25,35.5,,1.5,65.4,10.4,23.15
143,대구,2023-07-31,29.6,24.7,34.4,,1.5,65.9,7.6,17.62
143,대구,2023-08-01,29.7,24.9,34.8,,1.9,64.8,9.6,23.23
143,대구,2023-08-02,30,23.9,34.7,,1.5,64.1,8.6,20.37
143,대구,2023-08-03,31.5,27,37.7,,1.8,62.1,10.1,24.16
143,대구,2023-08-04,30.5,26,34.7,,1.1,66,5.5,13.92
143,대구,2023-08-05,31.5,25.7,37.2,,1.5,64.3,10.8,23.28
143,대구,2023-08-06,30.4,26.4,35.6,,3,67.5,11.3,23.88
143,대구,2023-08-07,29.5,26.2,34.6,,2.9,69.6,10.3,24.28
143,대구,2023-08-08,28.4,25.5,33.2,,3.7,72.8,7.9,22.19
143,대구,2023-08-09,25.4,24.6,26.8,41,2.2,89.4,0,2.77
143,대구,2023-08-10,25.1,22.8,26.6,93.4,2.8,83.5,.1,3.99
143,대구,2023-08-11,27.5,22.2,32.5,,1.9,66.8,10,23.02
143,대구,2023-08-12,27.1,23.6,31.4,,1.6,71.8,3,15.46
143,대구,2023-08-13,27.2,23.1,32.6,,2,73.4,7,22.09
143,대구,2023-08-14,26.8,23.6,31.5,,2.7,74.3,8.4,22.84
143,대구,2023-08-15,27.5,23,34,,2,70.8,11.2,25.51
143,대구,2023-08-16,27,23.9,33.3,3.1,2,74.6,4.5,16.4
143,대구,2023-08-17,25.9,24,28.8,0,2.8,78.6,3.3,15.72
143,대구,2023-08-18,25.7,23.6,28.8,1.6,2.2,84,1,11.47
143,대구,2023-08-19,27.3,24.5,31.7,.1,1.5,82,4.1,14.1
143,대구,2023-08-20,27.3,24.7,33.5,6.3,1.2,84.9,3.8,15.18
143,대구,2023-08-21,28.9,24.9,33.7,,1.5,74.4,9.4,22.22
143,대구,2023-08-22,28.8,24.5,34,,2,72.3,10.3,23.4
143,대구,2023-08-23,28.6,24.3,34,15.9,2.4,72.3,9.5,22.34
143,대구,2023-08-24,25,22.9,29.4,36.4,2.9,91.5,1.1,10.16
143,대구,2023-08-25,27.4,23.8,32.4,.7,1.9,70.5,7.8,20.62
143,대구,2023-08-26,26.6,21.5,32.8,,1.6,68.4,10.7,23.97
143,대구,2023-08-27,25.5,22.3,30.9,4.7,2.6,78.6,6.7,17.92
143,대구,2023-08-28,25.5,23,27.9,,3.4,80.5,2.5,13.2
143,대구,2023-08-29,25.7,23.2,28,3.3,2.2,88.6,.6,4.92
143,대구,2023-08-30,24.7,22.3,25.9,54.9,1.4,95,.1,3.39
143,대구,2023-08-31,23.3,21.2,25.7,51.4,1.5,89.8,.2,8.68
143,대구,2023-09-01,25.8,23.1,30.2,,1.6,76.6,6.5,18.51
143,대구,2023-09-02,24.9,22.5,28.9,1.1,2.1,79.8,2.4,14.27
143,대구,2023-09-03,26.6,22.6,31.8,,1.9,76.4,6.5,19.54
143,대구,2023-09-04,26.4,22.8,30.6,0,2.7,76.8,9.5,19.95
143,대구,2023-09-05,26.1,22.4,30.6,,2.1,65.5,10.4,21.37
143,대구,2023-09-06,25.2,20.3,30.9,,1.9,69.3,8.9,19.87
143,대구,2023-09-07,23.6,18.1,28.9,,2.3,67.3,11.6,23.28
143,대구,2023-09-08,23.3,18.1,29,,1.9,67.5,7.2,18.37
143,대구,2023-09-09,23.4,17.3,29.5,,2.2,68.1,11.7,23.75
143,대구,2023-09-10,24,17.6,30.9,,2,69.8,10.2,21.65
143,대구,2023-09-11,25.6,20.3,31.4,,1.6,68.9,6.7,17.86
143,대구,2023-09-12,26.1,22.3,30.6,,1.3,74.6,,
143,대구,2023-09-13,24.7,22.4,28.4,4,2,84.1,,
143,대구,2023-09-14,22.6,21.4,24.5,6.7,2.4,89.5,0,4.39
143,대구,2023-09-15,22.8,21.3,24.9,11.2,1.4,92.3,0,3.87
143,대구,2023-09-16,23.1,22.2,24.5,25.1,1.5,94.6,0,3.36
143,대구,2023-09-17,24.6,21.9,27.9,13.2,1.2,87,2.1,11.05
143,대구,2023-09-18,26.1,22.7,32.8,0,1.4,76.8,6.3,17.01
143,대구,2023-09-19,25.2,21.8,29.5,0,1.6,71.4,8.7,18.52
143,대구,2023-09-20,22,20.8,24.9,36.6,2.1,89.4,0,3.97
143,대구,2023-09-21,19.5,18.2,21.2,3.4,2.3,91,0,6.12
143,대구,2023-09-22,21.1,17.8,26.5,,1.5,73.1,8.4,16.79
143,대구,2023-09-23,19.9,15.3,25.3,,2,74,6.8,16.32
143,대구,2023-09-24,20.4,15.5,25.3,,2.5,66.3,8.8,19.68
143,대구,2023-09-25,21.1,18.1,24.9,.9,2,78.4,.9,10.92
143,대구,2023-09-26,20.8,20.1,21.7,17.9,1.3,95,0,2.33
143,대구,2023-09-27,23.8,21,29.2,,1.3,79.6,2.2,10.1
143,대구,2023-09-28,23.6,19.6,28.8,,2.3,69.8,7.6,16.87
143,대구,2023-09-29,21.8,16.7,26.8,,1.1,74.6,5.8,15.32
143,대구,2023-09-30,20,15.7,25.1,3.5,2.2,71.6,5.9,14.16
146,전주,2023-05-20,19.7,15.6,27.5,,1.7,72.6,10.2,25.08
146,전주,2023-05-21,17.9,15.3,23,,1.7,76.9,3.7,17.01
146,전주,2023-05-22,17,14.7,22.4,.6,1.2,74.4,4.3,12.07
146,전주,2023-05-23,18.2,12.1,25.3,0,1.7,64.6,12,25.7
146,전주,2023-05-24,19.8,13.4,26.6,.3,1.4,61.8,5.6,17.7
146,전주,2023-05-25,20.7,16.1,28.4,,1.6,50.6,7.1,22.5
146,전주,2023-05-26,22,16.9,27,0,1.5,55.4,7.1,21.64
146,전주,2023-05-27,23.1,21.1,26.8,0,1.7,66.1,1,9.76
146,전주,2023-05-28,21.2,19.2,22.6,24.9,1,91.1,0,2.7
146,전주,2023-05-29,20.3,19,21.5,131.2,.9,95,0,3.25
146,전주,2023-05-30,23.4,20.1,29,0,1.2,77.9,3.5,15.75
146,전주,2023-05-31,23.5,19.1,29.2,,1.3,64.3,10.3,26.28
146,전주,2023-06-01,21.4,18.5,25,0,1.1,72.1,2,13.99
146,전주,2023-06-02,21,18.1,26,.6,1.8,79,7.8,22.68
146,전주,2023-06-03,21.7,16.5,28,,1.9,59.6,10.6,27.01
146,전주,2023-06-04,21.4,15.6,27,,1.5,59.1,11.7,26.22
146,전주,2023-06-05,20.9,17.7,25.6,,1.4,65.3,6.6,18.43
146,전주,2023-06-06,20.7,16.1,27.3,,1.6,65.9,12.7,27.87
146,전주,2023-06-07,21.3,15.8,28.3,,1.2,72.8,9.8,21.73
146,전주,2023-06-08,22.5,18.6,29.2,0,1.4,71.9,7.2,22.11
146,전주,2023-06-09,24.5,19.2,30.2,.1,1.3,58,9.9,25.56
146,전주,2023-06-10,23.6,18.6,31.8,.7,1.7,65.5,4.8,17.32
146,전주,2023-06-11,23.4,18.4,28.4,0,1.6,73.1,8.1,19.94
146,전주,2023-06-12,23.2,20,29.4,,1.4,68.6,8.9,23.99
146,전주,2023-06-13,22.4,18.6,28.5,,1.8,69,12.2,25.43
146,전주,2023-06-14,22,17.6,27.6,,1.6,66,12,26.54
146,전주,2023-06-15,21.8,16.8,28,,1.6,67,11.5,24.49
146,전주,2023-06-16,23.4,17.4,30.7,,1.6,65,12.9,27.45
146,전주,2023-06-17,24.2,19.1,30.9,,1.6,62.5,9.7,23.49
146,전주,2023-06-18,24.4,19.8,31.1,,1.3,59.8,10.5,25.85
146,전주,2023-06-19,25.7,18.3,35.4,,1.5,60.9,11.1,24.33
146,전주,2023-06-20,25,21.3,30.5,.4,1.3,59.8,4.4,13.39
146,전주,2023-06-21,21.7,20,24.2,2.3,1.8,85.3,0,5.17
146,전주,2023-06-22,22.2,19.7,26.9,0,2.5,75.6,7.1,22.03
146,전주,2023-06-23,25.3,20.4,31.4,,1.4,66,8.8,25.26
146,전주,2023-06-24,26.2,21.8,32.1,,1.2,65.8,7.3,19.55
146,전주,2023-06-25,25.4,21.2,31.9,2.9,1.5,67.6,6.3,18.27
146,전주,2023-06-26,24.4,21.4,27.4,30.1,1.4,89.3,.2,6.17
146,전주,2023-06-27,26.1,22.2,31,3.2,2.4,75.3,9.3,24.01
146,전주,2023-06-28,23.9,19.7,28.4,60.1,1.7,83.9,1.5,10.86
146,전주,2023-06-29,25.1,23.9,26.9,52.6,1.7,87.6,0,2.91
146,전주,2023-06-30,24.6,23.1,26.8,16.9,.9,89.9,.1,6.33
146,전주,2023-07-01,26.3,23.2,31.3,,1.4,81.8,8.4,21.93
146,전주,2023-07-02,27.3,23.6,32.9,,1.1,75.8,6.9,21.71
146,전주,2023-07-03,27.8,23.7,33.3,,1.1,75.8,6.8,18.95
146,전주,2023-07-04,24.8,23.2,26.3,52.9,1.8,87.1,0,3.99
146,전주,2023-07-05,24.6,22.1,28.2,36.2,2.8,79.6,5.7,19.03
146,전주,2023-07-06,27.4,22,32.4,,1.4,63.3,8.8,21.9
146,전주,2023-07-07,23.1,20.4,25.7,32.3,1.5,85.3,0,2.91
146,전주,2023-07-08,25.7,22.4,30.9,11.1,1.1,86.9,3.5,15.36
146,전주,2023-07-09,28,24.8,31.3,0,1.8,79.6,2.5,13.1
146,전주,2023-07-10,28.3,26.2,32.4,0,1.8,71,9,22.28
146,전주,2023-07-11,25.5,22.8,28.5,7.2,1.5,83.9,0,4.84
146,전주,2023-07-12,27.2,24,31.1,.5,1.4,82.6,5.7,16.79
146,전주,2023-07-13,26.2,24.8,27.3,17.3,1.4,86.5,0,3.65
146,전주,2023-07-14,25.2,24.2,27,251.5,2.1,93,0,1.14
146,전주,2023-07-15,24.6,22.8,26.8,44.7,2.2,90.6,0,2.73
146,전주,2023-07-16,25.4,23.3,29.1,4.2,1.1,85.3,1,10.6
146,전주,2023-07-17,25.7,23.1,31.1,25.4,1.5,88.6,4.9,17.63
146,전주,2023-07-18,23.7,22.9,24.6,53.4,1,94,0,3.61
146,전주,2023-07-19,26.3,22.1,31.3,,1.4,78,11.5,24.46
146,전주,2023-07-20,26.8,23.6,31.3,,1,77.3,8.8,20.66
146,전주,2023-07-21,28.5,22.9,35.4,,1,70.5,10,24.08
146,전주,2023-07-22,25.7,23.6,28,.7,2,74.4,2.4,7.43
146,전주,2023-07-23,26.2,24.2,28.4,51.5,1.6,85,0,3.78
146,전주,2023-07-24,26.3,22.8,30.8,43.4,1.2,83,3,13.73
146,전주,2023-07-25,26.1,23.7,29.4,38,1,85.5,1.8,10.98
146,전주,2023-07-26,26.3,22.8,33.4,31.9,1.2,83.4,4.2,14.88
146,전주,2023-07-27,27.5,22.8,32.7,.3,1,79.5,8.3,19.54
146,전주,2023-07-28,29.1,24.4,34.1,,1.4,72.4,11.7,25.05
146,전주,2023-07-29,29.4,25.2,34.4,1,1.4,70.4,12,24.38
146,전주,2023-07-30,27.5,24.5,33.7,31.5,1.2,80.4,7.8,17.72
146,전주,2023-07-31,28.5,23.7,33.1,,1.4,75.8,10.4,23.46
146,전주,2023-08-01,29.6,24.9,34.9,0,1,74,8.4,18.24
146,전주,2023-08-02,29.5,26.1,34.6,,1.3,71.3,9.4,23.2
146,전주,2023-08-03,30.3,25.7,34.5,0,1.1,67.1,10,20.9
146,전주,2023-08-04,30.2,25.9,34.6,0,1,67.8,7.3,16.22
146,전주,2023-08-05,30.2,26.4,34.6,,1.4,71.4,11.2,23.9
146,전주,2023-08-06,29.6,25.3,35.5,15.6,1.1,75.5,9.1,20.04
146,전주,2023-08-07,29.4,25.6,35,,1.2,77.3,9.1,21.88
146,전주,2023-08-08,29.9,25.4,34.8,10.1,1,72.9,7.4,15.49
146,전주,2023-08-09,26.6,24.1,30.2,16.5,1.8,81.6,1.4,8.78
146,전주,2023-08-10,22.5,21.3,24.6,152.1,3.7,93.1,0,3.01
146,전주,2023-08-11,26.1,22.4,30.4,1.2,1.7,79.3,3.7,14.97
146,전주,2023-08-12,25.6,22,30,2.5,.9,81.5,2,11.89
146,전주,2023-08-13,27.7,23.2,32.2,,1.1,73.4,5.9,18.14
146,전주,2023-08-14,28.3,24.5,33.3,,1.2,76,9.2,21.39
146,전주,2023-08-15,27.8,24.7,32,0,1.3,77.6,8,20.43
146,전주,2023-08-16,27.2,25.2,32,,1.6,77.9,7.8,19.71
146,전주,2023-08-17,27.4,23.2,31.7,,1.3,74.5,8.8,17.63
146,전주,2023-08-18,27.2,24.5,32.5,7.7,1,78.1,6.4,16.68
146,전주,2023-08-19,28.2,25,32.6,,1.3,75.1,7.4,18.75
146,전주,2023-08-20,29,25.1,33.9,,1.2,70.9,10,22.45
146,전주,2023-08-21,29.5,25.9,34.3,0,1.8,68.3,11.3,23.08
146,전주,2023-08-22,29.2,26,34,,2.2,69.6,9.1,20.47
146,전주,2023-08-23,27.2,24.6,32.3,18.1,1.5,81.9,1.4,10.7
146,전주,2023-08-24,25.8,24.4,29.1,15,1,89.1,.4,6.59
146,전주,2023-08-25,26.2,22.9,30.3,0,1.8,74.9,9.4,22.11
146,전주,2023-08-26,25.5,20.6,30.7,,1.3,75.3,11.6,23.04
146,전주,2023-08-27,27,21.9,31.8,,1,73.6,5.8,15.51
146,전주,2023-08-28,27.5,24,31.7,0,1.5,73.4,4.2,13.74
146,전주,2023-08-29,25.9,22.8,29.4,3.4,1.7,82.8,.3,6.18
146,전주,2023-08-30,21.8,19.8,23,32.6,.8,92.4,0,3.13
146,전주,2023-08-31,23.3,19.9,27.3,,.9,79.6,4.2,15.14
146,전주,2023-09-01,24.2,18.9,30.5,,1.2,71,10,21.73
146,전주,2023-09-02,24.8,19,30.4,0,.9,74.5,5.8,15.44
146,전주,2023-09-03,26.8,23,33,56.9,1.3,77.1,6.7,18.15
146,전주,2023-09-04,26.8,23.3,31.7,0,1.2,80,7.5,18.72
146,전주,2023-09-05,27.1,24,31.4,,1.2,70.9,8,18.94
146,전주,2023-09-06,26.6,21.6,31.7,,1.4,65.3,11.5,21.6
146,전주,2023-09-07,25.9,20.6,31.6,,1.3,56.6,11.8,23.8
146,전주,2023-09-08,24.2,18.6,29.6,,1.4,63.4,11.8,23
146,전주,2023-09-09,24.8,19.8,30.7,,1.4,68.6,11.2,22.27
146,전주,2023-09-10,25.5,21.7,31.2,,1.2,69.5,7.1,17.14
146,전주,2023-09-11,25.4,21.6,30.8,,1.3,66.8,10.1,20.29
146,전주,2023-09-12,25.1,21.2,29.9,,1.1,67.1,6.2,16.21
146,전주,2023-09-13,21.2,19.9,23.9,18.2,1.1,88.9,0,3.38
146,전주,2023-09-14,22.6,19.7,26.1,18.5,.8,89.3,1,8.3
146,전주,2023-09-15,23.2,21.8,25.6,29,.6,96.4,0,4.8
146,전주,2023-09-16,24,22.6,28.8,30.3,1,93,2.2,7.68
146,전주,2023-09-17,25,22.1,29.1,0,,85.3,3.9,13.93
146,전주,2023-09-18,25.1,22.2,30.2,,1.3,81.3,9.4,19.41
146,전주,2023-09-19,24.5,21,28.6,,.9,77.8,7.5,15.32
146,전주,2023-09-20,22.4,20.9,25,31.4,1.2,93.3,0,2.01
146,전주,2023-09-21,20.4,18.3,23,2.2,1.7,88,.1,7
146,전주,2023-09-22,20.3,16.9,25.1,,1.1,78.5,7.9,17.56
146,전주,2023-09-23,20.4,15.3,26.9,,1.1,70,6,14.49
146,전주,2023-09-24,21.7,15.9,27.9,,1.5,62.1,8.8,17.9
146,전주,2023-09-25,22.5,19,27.8,1.6,1,72.6,2.3,11.71
146,전주,2023-09-26,22,20.5,23.6,5.8,1,93.3,0,2.62
146,전주,2023-09-27,22,21,24.6,3.5,1.7,91,.4,5.74
146,전주,2023-09-28,22.7,20.4,27.5,,1.3,81.9,6.6,15.15
146,전주,2023-09-29,20.8,17.8,25,0,1,78.3,2.9,12.69
146,전주,2023-09-30,19.3,15,23.8,6,1.4,78.9,7.1,16.38
152,울산,2023-05-20,17.6,13.8,22.6,,2,73.9,11.6,27.51
152,울산,2023-05-21,21.7,14.2,27.5,,1.5,61.4,12.4,26.7
152,울산,2023-05-22,16.7,13.2,19.7,0,1.8,67.1,0,5.54
152,울산,2023-05-23,17.4,13,22.3,,2.1,61.4,10,25.63
152,울산,2023-05-24,17.4,11.4,22.4,,1.5,66,8.9,22.68
152,울산,2023-05-25,18.1,13.4,22.9,,1.8,64.5,7.9,25.67
152,울산,2023-05-26,19.9,16.3,23.4,0,1.8,69.8,1,12.99
152,울산,2023-05-27,21.8,18.2,27.3,0,1.9,72.3,6.2,21.94
152,울산,2023-05-28,21.8,19.3,23.5,2.4,3,79.9,.1,8.77
152,울산,2023-05-29,20,18.4,22.5,59,1.1,95,0,2.59
152,울산,2023-05-30,18.1,16.6,20.7,1.4,1.9,88.6,.1,11.17
152,울산,2023-05-31,18.3,14.1,22.5,,2.4,66.8,9.9,27.71
152,울산,2023-06-01,16.3,12.8,20.4,18.1,1,87.4,.3,5.7
152,울산,2023-06-02,21.7,17.6,27.8,11.9,2.3,70.9,9.9,27.07
152,울산,2023-06-03,20.3,15.8,25.4,,1.6,65.1,12.4,28.32
152,울산,2023-06-04,22.4,15.1,28.9,,2,47.9,10,26.36
152,울산,2023-06-05,22.7,19.2,26.5,,2,50.6,3.5,14.33
152,울산,2023-06-06,20.6,16.8,24.8,,2.1,67.5,9.9,26.27
152,울산,2023-06-07,22.8,16.4,28.9,,1.6,64.3,10,22.13
152,울산,2023-06-08,21.3,18,26.3,,1.8,68.3,6.6,20.72
152,울산,2023-06-09,21.8,15.7,27.8,,1.2,71.6,12.5,26.82
152,울산,2023-06-10,22.2,17.4,26.3,,1.8,75.4,13.1,28.22
152,울산,2023-06-11,21.8,19.2,26.4,,1.4,81.9,5.6,16.51
152,울산,2023-06-12,21.6,18.5,26.8,.1,1.4,80.6,5.2,19.11
152,울산,2023-06-13,22.5,19.1,26.3,,1.3,77.5,6,20.15
152,울산,2023-06-14,20.4,16.9,25.7,3.7,1.8,84.8,4,16.29
152,울산,2023-06-15,19.5,14.9,24.7,2.3,1.4,82.4,6,20.16
152,울산,2023-06-16,23.4,17.1,29.9,,1.4,68.6,13,28.79
152,울산,2023-06-17,25.2,20,30.5,,1.4,59.9,11.2,27.47
152,울산,2023-06-18,25.5,21.5,31.3,,1.9,56.9,10.6,27.23
152,울산,2023-06-19,23.1,20.3,27.4,,2.6,71.4,9,25.94
152,울산,2023-06-20,21.4,19.2,24.8,0,2.3,73.6,7.6,22.71
152,울산,2023-06-21,20.8,18.8,23.7,14.5,1.6,91.6,0,4.52
152,울산,2023-06-22,22.7,19.3,25.6,,1.3,79.5,5,18.87
152,울산,2023-06-23,22.2,19.7,26.2,,2.2,72.8,10.1,26.54
152,울산,2023-06-24,21.4,18.2,26,,1.7,77.6,8.4,24.14
152,울산,2023-06-25,22.2,19.4,26.1,15.6,1.2,81,1.6,15.5
152,울산,2023-06-26,24.1,20.6,26.4,23,2.5,87.6,0,6.9
152,울산,2023-06-27,26.6,22.8,30.3,4.2,3.7,74.9,7.5,23.49
152,울산,2023-06-28,23.4,19.4,28.3,17.1,2.1,82.6,2.7,12.66
152,울산,2023-06-29,25.5,21.9,29.5,13.6,3.3,82.1,2.9,13.03
152,울산,2023-06-30,23.1,20.8,26.7,17.3,1.5,90.1,.1,6.19
152,울산,2023-07-01,23.1,20.4,27.7,,1.3,82.8,5.5,18.37
152,울산,2023-07-02,25.9,19.8,32.2,,1.3,76.9,9.4,24.13
152,울산,2023-07-03,24.7,21.4,29.1,,1.4,82.8,4.6,18.31
152,울산,2023-07-04,24.1,22.6,27.7,.7,1.3,86.1,.5,11.4
152,울산,2023-07-05,27.5,22.9,32.3,13.9,2.9,68,10.3,27.18
152,울산,2023-07-06,26.9,21.1,33.2,,1.6,60,6.8,23.15
152,울산,2023-07-07,21.4,18.6,25.1,43.8,1.4,87.4,0,4.31
152,울산,2023-07-08,21.8,19.3,24.3,5.7,.8,92.5,0,5.26
152,울산,2023-07-09,24.7,21.4,28.8,,1.3,86.3,2,15.47
152,울산,2023-07-10,26.8,22.6,30.5,0,2.2,78.8,8.7,22.3
152,울산,2023-07-11,24.2,22.1,30.1,24.9,2.4,88.4,1.9,9.28
152,울산,2023-07-12,26.3,23.3,30.9,2.7,2.4,81.4,6.1,20.49
152,울산,2023-07-13,26,24,27,1.2,1.6,85.4,0,6.56
152,울산,2023-07-14,25.8,24.5,27.3,13.6,4.5,84.1,0,4.96
152,울산,2023-07-15,27.3,25.1,29.5,1.6,4.7,76.1,1.1,11.08
152,울산,2023-07-16,24.1,22.1,27.2,53.3,1.5,91.6,.3,8.32
152,울산,2023-07-17,27.2,22.8,31.4,13.8,2.3,81,8.8,24.99
152,울산,2023-07-18,24.4,22.1,26.5,86.7,1.5,93.1,0,4.35
152,울산,2023-07-19,23.7,21.7,27,0,1.8,84.3,4.3,15.89
152,울산,2023-07-20,24.6,21.4,28.5,,1.1,82.5,6.2,21.92
152,울산,2023-07-21,24.5,21.7,29.1,,1,79.1,5,15.75
152,울산,2023-07-22,24.7,20.4,27.7,0,1.3,82.3,2.2,13.96
152,울산,2023-07-23,26.7,24.4,30.6,0,2.9,82.1,2.4,16.26
152,울산,2023-07-24,27.1,24.5,31.3,2.7,2.8,81.3,5,18.17
152,울산,2023-07-25,27.4,23.3,31.6,,2.4,75.9,9.2,22.57
152,울산,2023-07-26,27.2,24.2,31.4,2.3,1.3,81,6.1,20.07
152,울산,2023-07-27,28.1,22.6,32.9,,1.2,71.9,12.3,26.98
152,울산,2023-07-28,28.7,24.2,32.9,,1.2,69.8,11.6,23.8
152,울산,2023-07-29,28.5,24.2,33.1,,1.2,72.3,12.8,27.21
152,울산,2023-07-30,28.2,24.2,32.8,,1.4,74,12.5,26.5
152,울산,2023-07-31,28.1,23.5,32.7,,1.3,69,11.3,24.65
152,울산,2023-08-01,28.2,23.6,32.9,,1.2,68.5,11.7,25.51
152,울산,2023-08-02,28.3,24.3,32.6,,1.2,76.5,9.7,21.38
152,울산,2023-08-03,29.2,24.6,33.1,,1.3,71.6,12,25.1
152,울산,2023-08-04,29,24.9,34.9,,1.3,72.5,10.9,23.4
152,울산,2023-08-05,29.1,24.7,33.2,,1.2,72.6,12.5,26.81
152,울산,2023-08-06,29,25.6,33,,2.3,71.9,12.6,26.93
152,울산,2023-08-07,27.7,25,30.4,0,2.9,76.9,3.1,12.61
152,울산,2023-08-08,26.3,24.7,29.6,,3.1,78.5,1.9,14.53
152,울산,2023-08-09,24.1,23.1,25.5,36.7,4.2,89.5,0,2.27
152,울산,2023-08-10,24.9,22.9,27,146.3,5.6,87.1,.3,5.36
152,울산,2023-08-11,26.7,22.7,31.6,,2.9,72.9,11.9,26.14
152,울산,2023-08-12,26,22.9,30.8,0,1.4,78,5.8,20.64
152,울산,2023-08-13,25.4,22.2,30.3,,1.9,80,10.9,25.89
152,울산,2023-08-14,26,23.1,30.3,,2.2,78.3,7.5,20.72
152,울산,2023-08-15,25.5,22.9,29.1,,2.9,73,8.1,22.62
152,울산,2023-08-16,25,22.4,28.7,,1.5,79.5,3.9,13.97
152,울산,2023-08-17,24.6,22.7,26.8,0,1.5,83.1,1.7,8.3
152,울산,2023-08-18,24.7,23.2,26.9,41.4,1.5,91.8,.7,5.97
152,울산,2023-08-19,26,24,28.3,28.9,1,91.1,.7,7.22
152,울산,2023-08-20,27.2,25.2,31.5,1.8,1.3,85.5,5.7,17.66
152,울산,2023-08-21,27.8,24.2,31.4,,1.2,79.8,11.7,24.12
152,울산,2023-08-22,28.1,24.2,32.4,,2.1,75,8.5,19.5
152,울산,2023-08-23,27.8,23.8,32.3,.1,1.9,78.1,9.3,20.04
152,울산,2023-08-24,25,23.2,27.9,105.3,2.1,91.1,0,6.03
152,울산,2023-08-25,26.2,21.8,31.6,5.2,1.5,77.9,7.6,21.27
152,울산,2023-08-26,25.8,22.9,30.4,,2.2,74.3,11.7,24.72
152,울산,2023-08-27,25.5,21.5,29,,2.3,78.9,8.4,21.49
152,울산,2023-08-28,25.1,23.2,27.4,.7,1.9,84.9,1.1,9.39
152,울산,2023-08-29,26.3,24.7,29.5,.2,2.8,84.5,1,8.54
152,울산,2023-08-30,26.5,24.6,29.2,0,2.6,82.3,.2,6.42
152,울산,2023-08-31,25.2,22.8,29.9,36.7,1.8,85.4,5.1,16.09
152,울산,2023-09-01,23.4,22.4,25.4,17,1.5,91.8,0,5.11
152,울산,2023-09-02,23.8,22,28,5.9,1.7,88,1.4,12.09
152,울산,2023-09-03,25.1,21.9,29.8,,1.6,83.9,6.9,18.79
152,울산,2023-09-04,25.2,21.7,29.1,2.1,2.2,81.8,6.9,16.41
152,울산,2023-09-05,25.1,23.1,28.6,,3.3,71.8,9.6,21.43
152,울산,2023-09-06,24.6,23,27.3,0,3.3,74.9,5.5,15.14
152,울산,2023-09-07,23.5,20.6,27.1,,3.4,71.8,7.4,20.07
152,울산,2023-09-08,22.8,19.2,26.7,0,2.5,69.5,7.8,19.23
152,울산,2023-09-09,22,17.6,26.7,,2,74.1,11.7,23.75
152,울산,2023-09-10,22.7,18.5,27.9,,1.9,75.4,9,21.94
152,울산,2023-09-11,23.9,20,29,,1.4,78.1,8.6,17.39
152,울산,2023-09-12,25,21.4,29,,1.2,79.8,3.6,15.16
152,울산,2023-09-13,24.1,21.8,26.4,45.3,1.5,89.6,.2,6.32
152,울산,2023-09-14,22.3,21.1,23.9,15.6,1.7,90.4,0,4.27
152,울산,2023-09-15,23.4,21.7,25.8,3.9,1.6,89.3,.1,6.29
152,울산,2023-09-16,23.2,21.7,25.1,19.6,.7,94,1,3.14
152,울산,2023-09-17,23.3,21.3,26.8,61.9,1.3,91.1,.5,6.21
152,울산,2023-09-18,25,21.6,29.7,.8,1.5,84.1,5.6,14.83
152,울산,2023-09-19,24.4,20.9,30.2,,1.4,75.3,8.5,18.32
152,울산,2023-09-20,22.3,20.5,25.3,37.4,1.3,87.8,0,4.06
152,울산,2023-09-21,19.5,17.8,23.4,61.5,2.4,84.8,0,5.49
152,울산,2023-09-22,19.8,17.1,23.9,,1.9,77.1,6.4,15.7
152,울산,2023-09-23,20.2,15.8,24.3,.5,2.8,71.3,7.9,17.32
152,울산,2023-09-24,21.6,19,24.5,,3.6,64.4,8,19.79
152,울산,2023-09-25,21.7,20.1,23.5,0,2.4,76.1,.2,6.97
152,울산,2023-09-26,21.1,20.1,22,4.1,.9,92.6,0,3.04
152,울산,2023-09-27,23.2,20.7,27.4,.2,1.2,85.4,3.7,10.54
152,울산,2023-09-28,23.6,20.2,28,,2.2,67.9,10.5,20.2
152,울산,2023-09-29,21.9,17.5,27.2,,2.1,74.8,7.5,17.89
152,울산,2023-09-30,19.4,15.3,24.3,.9,1.8,75.4,4.4,10.59
155,창원,2023-05-20,17.7,13.2,22.9,,1.7,73.1,12.5,28.32
155,창원,2023-05-21,20.8,13.7,27.2,,1.4,67,12.3,26.42
155,창원,2023-05-22,17.9,14.5,21,.2,.7,60.3,.3,6.86
155,창원,2023-05-23,17.6,12.9,23.7,,1.5,62.4,12.1,27.41
155,창원,2023-05-24,18.1,12.8,24.1,,1.4,63.3,9,23.37
155,창원,2023-05-25,18.3,14.8,23.4,,1.5,63.4,8.4,26.51
155,창원,2023-05-26,20,16.5,24.7,0,1,73.6,2.8,11.65
155,창원,2023-05-27,22.3,18.9,26.6,.1,1.5,71.5,6.4,20.28
155,창원,2023-05-28,20.9,19.8,21.6,6.5,1.6,87.9,0,2.94
155,창원,2023-05-29,20.7,18.7,23,50.3,1,92.4,0,3.13
155,창원,2023-05-30,19.4,18.2,21.9,10.8,.9,86.1,.2,6.96
155,창원,2023-05-31,20.3,15.6,26.6,0,1.6,57.5,10.3,27.52
155,창원,2023-06-01,17.1,14.5,18.5,4.3,.5,82.1,.1,4.46
155,창원,2023-06-02,22.7,17.6,31.2,1.6,1.5,70.3,12.4,29.15
155,창원,2023-06-03,21.4,17,27.3,,1.2,69.4,11.5,24.22
155,창원,2023-06-04,22.2,16.1,30,,1,55,11.4,25.71
155,창원,2023-06-05,22.5,18.5,27.6,,.5,53.5,3.8,16.11
155,창원,2023-06-06,20.5,17.3,24.3,,1.9,70.1,10.8,27.6
155,창원,2023-06-07,21.6,16.1,27.8,,1.2,70.6,11.3,23.9
155,창원,2023-06-08,21.3,18.2,26.4,,1.8,75.6,8.3,21.74
155,창원,2023-06-09,22.2,17.1,28.4,,1.5,73.8,12.4,27.59
155,창원,2023-06-10,22.5,18.8,26.5,0,1.8,75,10.1,24.67
155,창원,2023-06-11,21.8,19.8,26.3,2.1,1.3,84.5,5.5,17.07
155,창원,2023-06-12,23.1,20.2,28.3,0,1.5,79.8,7.5,20.64
155,창원,2023-06-13,23,20,27.1,.7,1.5,77.4,9,22.93
155,창원,2023-06-14,21.8,15.7,28.3,27.1,1.3,77.3,6.2,19.59
155,창원,2023-06-15,20.4,16,26.1,,1.3,80.1,,21.24
155,창원,2023-06-16,23.9,18.6,30.5,,1.2,66.1,12.6,28.76
155,창원,2023-06-17,24.1,18,30.4,,1.3,63.8,10.3,24.62
155,창원,2023-06-18,24.7,19.3,32.1,,1.3,63.4,11.3,28.25
155,창원,2023-06-19,24.4,19.4,30.5,,1.1,67.8,11.9,26.5
155,창원,2023-06-20,22.9,19.5,27.9,2.3,1.3,65,8.4,21.51
155,창원,2023-06-21,21.2,18.6,23.5,17.9,1.6,89.3,0,4.23
155,창원,2023-06-22,24.3,19.5,29.7,,.9,68,8.8,23.15
155,창원,2023-06-23,22.8,19.7,28.3,,1.9,71.3,12.4,27.52
155,창원,2023-06-24,22,18.7,27.2,,1.4,77.8,8.6,23.06
155,창원,2023-06-25,21.8,19.5,26.3,22.6,1,84.3,1.7,13.1
155,창원,2023-06-26,23.8,20.9,24.9,21,2.5,89.8,0,2.89
155,창원,2023-06-27,24.8,20.4,29.4,48.1,2.1,84.9,4.6,17.03
155,창원,2023-06-28,23.2,19.1,28,36.4,1.4,83.8,5.9,21.32
155,창원,2023-06-29,24.5,23.3,25.6,8,1.6,88.5,0,4.38
155,창원,2023-06-30,23.8,22,26,17,1.3,88.5,.1,6.43
155,창원,2023-07-01,23,21.2,27.4,0,1.2,86.4,3.3,12.23
155,창원,2023-07-02,25.5,21.1,31.6,,1,80.4,7.6,22.83
155,창원,2023-07-03,25.4,22,29.2,,1.3,81.9,5.6,18.34
155,창원,2023-07-04,23.8,22.5,26.5,9.8,1.2,87.3,1,8.77
155,창원,2023-07-05,26.8,22.3,32.4,31.7,1.4,75.8,8.3,22.59
155,창원,2023-07-06,25.2,20.8,30.9,,1.1,77.5,7.7,21.78
155,창원,2023-07-07,22.1,19.2,25.5,69,.8,88.1,0,3.55
155,창원,2023-07-08,22.3,20.6,24.4,1.5,.8,93,0,4.15
155,창원,2023-07-09,24.4,21.6,27.3,.1,1.3,90.1,.7,7.69
155,창원,2023-07-10,25.9,23.8,29.2,1.2,2.1,84.6,4.3,16.45
155,창원,2023-07-11,25.6,23.2,29.6,4.6,1.5,85.9,1.8,9.02
155,창원,2023-07-12,24.8,22.7,26.8,32.4,1.6,89.8,0,5.79
155,창원,2023-07-13,26.1,24.6,27.9,6.6,1.7,86.8,0,6.01
155,창원,2023-07-14,25.7,25.2,26.7,54.8,2.9,87.9,0,1.5
155,창원,2023-07-15,26.8,23.5,29.1,24.8,2,82.8,.6,10.37
155,창원,2023-07-16,23.4,21.9,24.7,117.9,1,92.9,0,4.41
155,창원,2023-07-17,26.2,23.2,30.7,14.8,1.3,88,2.3,13.96
155,창원,2023-07-18,24.6,23.8,26.1,83,1.3,93.3,0,2.55
155,창원,2023-07-19,23.8,21.1,26,.1,1.1,88.4,4.1,11.51
155,창원,2023-07-20,24.5,20.2,29.9,,1.2,83.8,6.8,21.02
155,창원,2023-07-21,25,21.7,29.2,,1.1,77.1,7.1,22.12
155,창원,2023-07-22,24.1,21.2,26.8,.7,.9,84.6,1.3,11.02
155,창원,2023-07-23,26.8,24.1,30.1,10.8,2.2,84.6,.9,10.8
155,창원,2023-07-24,26.8,24.5,31.5,5.8,1.7,84.8,4.2,16.68
155,창원,2023-07-25,26.6,24.4,30.1,2.1,1.3,85,6.9,16.9
155,창원,2023-07-26,27.9,24.4,32.3,0,1.1,81.6,8.4,22.76
155,창원,2023-07-27,28.8,24.1,33.7,,1,74.3,11.8,27.1
155,창원,2023-07-28,29.2,24.8,33.7,,.8,74.3,11.2,21.94
155,창원,2023-07-29,29.3,25,34.9,,1.2,70.9,12.5,26.87
155,창원,2023-07-30,28.6,24.8,33.7,,1.3,72.6,11.9,24.92
155,창원,2023-07-31,28.8,24.3,35.8,,1.3,67.9,11.8,25.62
155,창원,2023-08-01,29,24.7,33.8,,1.3,66.5,12,25.91
155,창원,2023-08-02,29.3,24.5,34.9,,1.1,69.5,11.9,24.47
155,창원,2023-08-03,30,24.8,35.8,,1.4,68.3,12.3,27.03
155,창원,2023-08-04,29.9,25.6,35.4,,1.2,70.3,11.5,23.8
155,창원,2023-08-05,29.7,25.8,35.1,,1.5,73.3,12.4,26.47
155,창원,2023-08-06,30.3,26.5,34.9,,1.2,67.8,7,18.31
155,창원,2023-08-07,30.8,26.9,35.7,,1.9,64.5,10.5,22.11
155,창원,2023-08-08,29.9,26.5,34.1,,2.6,65.5,10.6,22.75
155,창원,2023-08-09,26,24.6,27.8,64.1,1.9,81.8,0,1.75
155,창원,2023-08-10,24.8,23.3,27.6,190.2,2.4,83.3,.9,6.22
155,창원,2023-08-11,27.1,22.2,31.9,,1.6,72.6,11.4,23.32
155,창원,2023-08-12,27.4,24.4,32.3,,1.1,76.4,8.7,22.53
155,창원,2023-08-13,27.1,23.4,32.1,,1.2,75.4,10.3,23.93
155,창원,2023-08-14,28.1,24.5,33.3,,1.1,72.9,9,22.33
155,창원,2023-08-15,27.5,23.6,33.2,,1.1,72.3,10.5,22.7
155,창원,2023-08-16,26.6,25.1,29.3,,1.7,80.4,2.6,14.13
155,창원,2023-08-17,26.6,24.6,29.3,0,1.3,78.9,3,13.82
155,창원,2023-08-18,27.3,24.7,30.5,0,.9,78,2.4,12.69
155,창원,2023-08-19,26.2,25,27.6,21.4,.7,89.3,0,3.33
155,창원,2023-08-20,28.6,25.3,33.3,,1.2,80.4,9.7,23.6
155,창원,2023-08-21,28.4,24.9,32.3,,1.3,79.4,11.5,22.85
155,창원,2023-08-22,28.5,25.5,33,0,1.7,76.9,8.7,19.81
155,창원,2023-08-23,28.7,25.1,32.9,24.7,1.8,77.4,9.5,20.21
155,창원,2023-08-24,25.9,24.3,29.2,119.7,2.2,88.4,.2,6.01
155,창원,2023-08-25,26.7,22.5,31.9,.9,1.2,78,10.3,22.06
155,창원,2023-08-26,27,23.7,32.1,,1.3,71.8,11.8,24.07
155,창원,2023-08-27,27.1,23.3,32.3,,1.4,72.4,9.4,22.96
155,창원,2023-08-28,27.5,24.4,30.7,,1.5,73.8,5.1,14.23
155,창원,2023-08-29,26.9,25.4,28.7,43.2,2.3,85.5,.1,5.36
155,창원,2023-08-30,25.7,24.4,26.6,39.5,1,90,0,2.74
155,창원,2023-08-31,25.4,23,28.6,3.1,1.3,84.4,5,17.16
155,창원,2023-09-01,24.4,23.4,26.9,16.8,.7,89.4,0,4.57
155,창원,2023-09-02,24.3,23.1,29.7,1.3,.8,87.8,2.5,9.55
155,창원,2023-09-03,26.2,23.1,30.5,,1.1,81,8.3,19.56
155,창원,2023-09-04,27.2,23.6,32,0,1.1,76.3,8.3,18.64
155,창원,2023-09-05,26.8,23.3,31.4,,1.6,60,10.7,20.74
155,창원,2023-09-06,26.5,22.7,30.7,,1.7,61.1,10.7,18.74
155,창원,2023-09-07,25.1,20.7,29.5,,2,57.9,10.9,21.08
155,창원,2023-09-08,24.2,20.8,29.5,,1.2,64.1,9.9,20.16
155,창원,2023-09-09,23.4,18.8,28.9,,1.4,70.6,11.4,23.06
155,창원,2023-09-10,24.4,19.8,30,,1.1,73.8,10.1,20.59
155,창원,2023-09-11,25.6,21.6,31.3,,1.2,76.1,10.1,19.75
155,창원,2023-09-12,25.9,22.9,30.6,,1,78.3,5.6,16.74
155,창원,2023-09-13,26.3,23.5,29.5,0,.8,76.8,1.5,10.65
155,창원,2023-09-14,23.8,22.4,25.4,32.1,.5,87.3,0,3.73
155,창원,2023-09-15,24.4,22,26.8,1.5,.8,85.3,.6,6.57
155,창원,2023-09-16,23.6,22.2,24.8,128,.6,92.6,.2,2.09
155,창원,2023-09-17,24.5,22.6,27.6,26.3,1.1,88.1,.7,6.22
155,창원,2023-09-18,25.4,22.4,29.7,1.9,1.2,84.1,8.2,17.85
155,창원,2023-09-19,24.8,21.6,30,,.8,80.1,9.2,16.37
155,창원,2023-09-20,24.1,20.9,27.9,31.1,1.6,84.9,0,3.65
155,창원,2023-09-21,21.3,19.1,26.3,26.9,1.1,84.5,0,4.08
155,창원,2023-09-22,21.4,18.6,26.1,,1.1,75.8,5.7,14.2
155,창원,2023-09-23,21.1,17.1,26.1,,1.5,64.9,6.4,15.27
155,창원,2023-09-24,22.4,18.5,26.6,,2.3,57.6,9.2,19.37
155,창원,2023-09-25,23,19.1,26.9,0,1.3,67.6,2.4,11.94
155,창원,2023-09-26,22.5,21.2,23.9,2.4,.8,85.5,0,3.43
155,창원,2023-09-27,23.7,20.3,28.3,,.7,77.9,3.9,9.02
155,창원,2023-09-28,24.2,20.2,29.3,,1,68.8,10.3,18.78
155,창원,2023-09-29,23.2,19.1,28.9,,1.3,69.5,9.8,18.62
155,창원,2023-09-30,19.9,16.1,24.6,.4,1,71.3,4,10.26
156,광주,2023-05-20,20.6,16.4,27.8,,.8,82,9.2,24.47
156,광주,2023-05-21,18.7,16.1,24.1,,1,86.6,8.7,25.61
156,광주,2023-05-22,17,14.5,21.3,0,.6,80.4,1.9,9.6
156,광주,2023-05-23,19,12.8,26.7,,.7,65.1,12.2,28.73
156,광주,2023-05-24,20,14,25.5,,.7,61.5,6.2,20.12
156,광주,2023-05-25,21.2,16.8,27,,.9,53.4,5.6,20.59
156,광주,2023-05-26,21.4,17.4,25.9,0,.6,69.6,2.8,14.4
156,광주,2023-05-27,22.7,21,27.8,0,2.4,81.9,2.3,15.53
156,광주,2023-05-28,22.7,20.2,26.8,1.3,1.8,97.1,.5,9
156,광주,2023-05-29,21.2,20.8,22.2,43.7,1.5,99,0,3.37
156,광주,2023-05-30,21.4,20.1,23.9,4.1,.7,98.1,0,9.25
156,광주,2023-05-31,22.9,18.4,28.9,1.3,1.2,70.6,12.5,29.54
156,광주,2023-06-01,19,17.5,21.1,10.4,.5,91.4,0,6.13
156,광주,2023-06-02,22.2,18.1,27.9,3.5,1.3,84.1,11.4,29.06
156,광주,2023-06-03,22,16,28.2,,1.1,63.6,12.6,30.51
156,광주,2023-06-04,22.4,17.1,28,,.9,57.8,9.8,25.85
156,광주,2023-06-05,21.2,18.9,25.2,,.9,75.3,3.2,16.71
156,광주,2023-06-06,21.6,17.6,28.4,,.9,75.8,10.5,28.47
156,광주,2023-06-07,21.7,16.4,28.6,,1.3,79.4,11.5,26.51
156,광주,2023-06-08,22.5,18.1,29,,1.7,79.6,7.1,23.58
156,광주,2023-06-09,24.2,19.2,30.5,0,1.4,71.4,8.9,27.38
156,광주,2023-06-10,24.1,20.8,30.9,,1.8,78.8,8,25.93
156,광주,2023-06-11,24.5,21.4,30.7,0,1,82,6.6,19.2
156,광주,2023-06-12,23.8,19.9,30.8,0,.7,78.8,8.5,27.4
156,광주,2023-06-13,23.4,18.7,29.3,,.7,72.4,10.6,26.29
156,광주,2023-06-14,22.8,18.2,29.1,0,.8,69.8,9.4,24.04
156,광주,2023-06-15,22.8,17.6,29.3,,.7,66.9,12.7,30.47
156,광주,2023-06-16,24.3,17.5,32.4,,.8,69.9,12.8,30.32
156,광주,2023-06-17,24.8,19.7,31.3,,.7,68.9,8.6,23.55
156,광주,2023-06-18,25.8,21,33.5,,.6,60.1,9.3,27.94
156,광주,2023-06-19,26.6,20.2,34,,.9,70.1,10.6,26.01
156,광주,2023-06-20,24.3,20.9,30.2,8.9,1.1,73.9,4.6,15.68
156,광주,2023-06-21,22.2,20.7,23.4,.5,.7,98.4,.3,6.5
156,광주,2023-06-22,22.8,20.2,27.5,,.6,85.6,6.2,20.51
156,광주,2023-06-23,25,19,32.1,,1,78,11.8,28.1
156,광주,2023-06-24,25.6,21.4,31.9,,1.1,75.8,7.5,23.19
156,광주,2023-06-25,22.7,20.5,28,7.1,.7,91.1,1.7,12.36
156,광주,2023-06-26,24,21.2,26,74.3,2.2,99,0,5.31
156,광주,2023-06-27,25,20.7,30.2,130.2,1.9,94.6,5.7,18.51
156,광주,2023-06-28,22.7,19.6,25.3,153.3,.8,99,0,7.81
156,광주,2023-06-29,24.6,23.3,26.3,38.3,1.8,99,0,4.35
156,광주,2023-06-30,24.1,22.8,25.9,14.7,1.5,99,.1,6.48
156,광주,2023-07-01,25.3,22.7,31.2,1.6,.7,96.1,3.7,15.14
156,광주,2023-07-02,26.8,22.5,31.5,,.9,91,7.1,23.16
156,광주,2023-07-03,27.1,24.4,31.7,,1.2,94.5,3.2,17.46
156,광주,2023-07-04,24.7,23.5,25.9,27,1.2,98.9,0,5.52
156,광주,2023-07-05,25.6,22.7,30,32,1.6,88.4,7.3,23.32
156,광주,2023-07-06,26.3,21.3,33.4,,.8,81,8.3,24.7
156,광주,2023-07-07,23.7,21.7,24.9,60,1,98.6,0,3.25
156,광주,2023-07-08,26.5,24.1,30.6,,1.1,97.1,3.8,15.73
156,광주,2023-07-09,27.2,25.4,31,0,1.5,98.1,1.4,10.55
156,광주,2023-07-10,27.4,22.5,32.3,6.4,1.7,94.4,7.3,21.39
156,광주,2023-07-11,24.8,22.2,27.5,87.6,1,99,.1,4.99
156,광주,2023-07-12,25.8,23.6,28.8,2.8,1.5,99,.4,8.43
156,광주,2023-07-13,26.1,24.8,27.7,4.4,1.7,99,0,4.87
156,광주,2023-07-14,25.4,24.3,26.4,51.6,3.9,99,0,2.51
156,광주,2023-07-15,24.7,22.2,26.6,56.3,3.7,99,0,3.08
156,광주,2023-07-16,24.2,22.1,29.1,54.2,1.1,98,1.9,10.54
156,광주,2023-07-17,25,22.8,32,66.6,.9,98.4,3.5,15.03
156,광주,2023-07-18,24.5,23.3,26.5,64.7,1.1,99,.2,5.98
156,광주,2023-07-19,26.2,23.5,30.8,2.9,.8,94,4.1,16.15
156,광주,2023-07-20,26.9,23.6,31.8,3.7,.5,89.5,5.8,20.92
156,광주,2023-07-21,27.1,23.3,33,,1.3,80.9,8.9,25.58
156,광주,2023-07-22,24.5,21.7,26.6,13.9,1.2,97.3,.1,4.67
156,광주,2023-07-23,25.9,24.7,28.9,48,2.2,98.8,.2,7.62
156,광주,2023-07-24,25.2,21.6,29,100.3,1,98.9,1.5,12.6
156,광주,2023-07-25,27.1,24.3,30.8,0,1.3,94.3,3.6,15.46
156,광주,2023-07-26,27.4,24.6,32.7,.6,1.3,92.8,6.8,21.69
156,광주,2023-07-27,28.2,23.8,34,,1.3,88.6,9,24.91
156,광주,2023-07-28,28,24.7,32.4,,.7,91.6,1.7,15.63
156,광주,2023-07-29,29.6,24.5,34.7,,.6,82.4,10.8,26.27
156,광주,2023-07-30,28.5,25,33.4,,1.1,85.1,10.1,23.34
156,광주,2023-07-31,28.6,24,34.3,0,.5,86.8,8.4,21.65
156,광주,2023-08-01,29.9,25.2,35.1,,.9,82.1,10.4,25.27
156,광주,2023-08-02,29.3,25.9,34.9,3.4,.5,89.1,7.6,21.04
156,광주,2023-08-03,29.4,25.5,34.1,,.9,84.1,8.1,16.67
156,광주,2023-08-04,29.6,25,34.4,,.7,84,9.5,19.62
156,광주,2023-08-05,30.2,25.4,35.7,,.8,82.6,11.6,25.17
156,광주,2023-08-06,29.9,26.3,35.6,0,.8,87.9,9,22.38
156,광주,2023-08-07,29.1,25.6,35.4,8.4,.7,90.3,7.6,20.43
156,광주,2023-08-08,28.8,24.9,35.5,5.5,.9,89.3,9.4,24
156,광주,2023-08-09,26.2,24.3,29,1,2.2,98.1,.4,8.89
156,광주,2023-08-10,23.3,22.2,25.1,92.4,2.2,99,.2,6.19
156,광주,2023-08-11,26.8,23,31.6,0,2,88.4,8.3,23.74
156,광주,2023-08-12,26.6,22.8,30.2,.2,.5,90.4,5.8,17.62
156,광주,2023-08-13,27.7,23.5,31.8,,.2,88.4,6.3,17.01
156,광주,2023-08-14,28.5,25,33.6,3.7,.5,90.3,6.5,20.82
156,광주,2023-08-15,28.1,24.4,32.5,,.4,89.4,8.5,21.33
156,광주,2023-08-16,27.7,24.5,32.7,,.5,87,9.4,24.26
156,광주,2023-08-17,27.5,23.9,32.8,0,.5,88.1,6.7,18.34
156,광주,2023-08-18,27.3,24.2,33.5,74.5,.7,90.1,9.8,25
156,광주,2023-08-19,28.3,24.5,32.7,,.3,89.3,7,18.87
156,광주,2023-08-20,28.6,24.8,34.1,,1,86.5,8.6,20.82
156,광주,2023-08-21,28.8,25.3,33,,2.1,86.9,11.5,24.43
156,광주,2023-08-22,28.4,26.2,32.5,.3,2.6,90,8.5,21.85
156,광주,2023-08-23,25.4,23.2,29.9,58.9,1,99,.6,9.25
156,광주,2023-08-24,25.2,23.7,28.9,34.9,.6,99,1,6.76
156,광주,2023-08-25,26.2,23.1,31.2,,.8,88.9,8.6,20.65
156,광주,2023-08-26,26,20.7,32.3,,1.2,83.4,11.6,25.45
156,광주,2023-08-27,27,22.6,32.2,,1.1,87.8,7.5,19.32
156,광주,2023-08-28,26.9,24.3,30.3,6.4,1.7,93.4,4.5,16.2
156,광주,2023-08-29,25.5,23.1,28.9,37.5,1.7,99,.1,7.56
156,광주,2023-08-30,21.9,19.8,23.6,14,.8,99,0,4.04
156,광주,2023-08-31,23.6,19.9,28.9,.1,.9,90.3,8.3,21.78
156,광주,2023-09-01,24.6,20.3,30.1,,1.5,83.5,7.9,19.44
156,광주,2023-09-02,24.3,22,27.2,2.5,.7,98.1,.6,10.22
156,광주,2023-09-03,27.1,23.1,31.1,,1.1,91.5,5.9,17.45
156,광주,2023-09-04,26.6,23.3,32.8,8,.7,90.1,8.9,20.43
156,광주,2023-09-05,27,22.8,32.2,,.8,83.1,8.7,20.87
156,광주,2023-09-06,27,22.4,32.6,0,.9,82.3,10.5,23.37
156,광주,2023-09-07,25.7,21.6,30.6,,1.3,68.5,11.6,25.39
156,광주,2023-09-08,24.7,19.3,29.9,,.9,71.5,11.6,25.13
156,광주,2023-09-09,25.1,19.8,30.7,,.6,80.9,10.8,23.47
156,광주,2023-09-10,25.3,21.8,30.7,,.5,86.3,5.8,17.71
156,광주,2023-09-11,25.4,20.9,30.6,,.5,79.9,8.5,19.59
156,광주,2023-09-12,25.1,21.5,29.2,,.4,80.1,3.1,15.72
156,광주,2023-09-13,22.5,20.1,25.4,30.1,1.2,98.9,0,7.54
156,광주,2023-09-14,22.2,20.2,26,14.1,.8,98.5,.6,7.97
156,광주,2023-09-15,23.9,21.5,27.7,42.8,1.4,98.8,1.9,9.5
156,광주,2023-09-16,23.7,22.7,27.1,34,.6,99,.6,4.94
156,광주,2023-09-17,24.7,22.2,28.7,3.2,.7,95.4,3.2,15.29
156,광주,2023-09-18,25.3,22.1,30.4,,.6,90,8.7,19.18
156,광주,2023-09-19,24.5,21.2,28.6,,.5,86.9,6.8,17.14
156,광주,2023-09-20,23.6,21.3,25.5,11,1.8,99,0,4.15
156,광주,2023-09-21,21.3,19.6,25,3,.9,98.1,0,8.37
156,광주,2023-09-22,20.9,16.9,26.5,,1,85.1,8,20.15
156,광주,2023-09-23,20.5,16.3,25.4,,1.2,80.5,3.9,13.84
156,광주,2023-09-24,21.5,16.7,27.9,,2,75,8,18.43
156,광주,2023-09-25,22.6,18.9,26.7,0,1.7,83,.8,11.18
156,광주,2023-09-26,23.2,21.4,25.6,.3,1.4,96.1,.1,5.85
156,광주,2023-09-27,22.5,20.9,25.5,.9,.8,97.1,1.5,9.72
156,광주,2023-09-28,22.9,20.1,27.5,,.7,89.9,7.9,17.17
156,광주,2023-09-29,21.7,16.5,27.1,0,.5,81.4,7.6,19.09
156,광주,2023-09-30,19.2,15.1,23.6,2.6,.8,87.6,6.4,15.18
159,부산,2023-05-20,18.4,14.5,22.2,,2.7,73,12.3,29.59
159,부산,2023-05-21,19.5,16.4,23.2,,3.3,78.8,12.2,27.91
159,부산,2023-05-22,18.2,15.5,22.8,.7,1.9,62.9,.9,8.51
159,부산,2023-05-23,18.3,14.4,22.6,,2.4,64,12.1,29.59
159,부산,2023-05-24,18.5,,22.9,,2.4,65.6,,
159,부산,2023-05-25,19.2,15.9,23.3,,2.2,66,8.3,27.76
159,부산,2023-05-26,19.8,18,22.6,0,3.2,76.6,2.7,13.21
159,부산,2023-05-27,21.6,18.8,25.3,0,3.1,73.8,5.8,22.3
159,부산,2023-05-28,20.9,20.3,21.3,2.5,5,84.1,0,3.98
159,부산,2023-05-29,20.2,18.6,22,48.8,3,,0,2.2
159,부산,2023-05-30,18.6,17.4,20,18.8,2.6,,0,6.62
159,부산,2023-05-31,19.8,16.8,24.2,0,3,53.6,9.7,28.07
159,부산,2023-06-01,18.2,16.2,20.7,18.6,1.4,77.5,0,5.15
159,부산,2023-06-02,23,19.3,27.8,1.9,2.5,67.3,11.4,29.13
159,부산,2023-06-03,21.4,17.9,24.7,,3,59.3,12.5,29.8
159,부산,2023-06-04,23.1,18.8,27.8,,3.1,43,9.9,26.95
159,부산,2023-06-05,23.4,21.2,27.2,,2.8,43.9,3,16.4
159,부산,2023-06-06,20.4,18.5,23.5,,4.1,66.4,9.1,26.05
159,부산,2023-06-07,21.6,18.5,25.3,,3.9,64.8,10.1,24.29
159,부산,2023-06-08,20.8,18.5,25.4,,3.1,74.6,7.3,22.29
159,부산,2023-06-09,21.4,18.5,25,,4.3,74,11.9,29
159,부산,2023-06-10,22.6,19.4,26.5,,2.9,73.1,10.5,27.21
159,부산,2023-06-11,21.6,20.1,24.7,4.2,2.1,84.6,1.1,12.51
159,부산,2023-06-12,22.4,20.4,26.6,,2.3,79.6,6.2,22.73
159,부산,2023-06-13,23.1,20.2,25.6,,3.1,72.6,8.9,25.44
159,부산,2023-06-14,22.5,20.2,25.8,.1,2,71.5,5.1,19.79
159,부산,2023-06-15,21.8,18.2,26,,1.9,70.9,10.1,26.09
159,부산,2023-06-16,23.6,19.7,28.2,,3.2,63.1,12.6,29.43
159,부산,2023-06-17,24,20.7,27.9,,3.6,55.1,9.8,26.65
159,부산,2023-06-18,24,21.6,28.8,,3.1,66.1,11.1,28.37
159,부산,2023-06-19,24.3,20.8,28.9,,2.7,63.9,11.2,27.28
159,부산,2023-06-20,22.5,20.2,27.4,.9,3.1,65.6,7.3,23.3
159,부산,2023-06-21,20.9,18.6,23,23.3,2.9,88.1,0,6.16
159,부산,2023-06-22,23.1,20.8,26.2,,2.4,73.9,6.9,23.42
159,부산,2023-06-23,23.1,20.8,26.7,,2.5,69.4,10.1,26.04
159,부산,2023-06-24,22.4,20.2,26.5,,2.2,70.5,7.4,24.8
159,부산,2023-06-25,22.2,20.3,26.4,34.8,1.8,78.8,1.9,15.54
159,부산,2023-06-26,23.3,21.5,24,14,7,89.8,0,4.57
159,부산,2023-06-27,23.4,20.6,26.6,14.1,6.2,86.5,.9,9.28
159,부산,2023-06-28,22.8,20,25.3,23.8,3.7,82.5,2.7,17.27
159,부산,2023-06-29,24.1,23,26.9,3.9,6.4,87.4,.7,7.83
159,부산,2023-06-30,22.9,21.3,25.2,14.3,3.8,87,0,5.28
159,부산,2023-07-01,23.3,21.1,27.1,0,2.1,79.3,5.1,19.54
159,부산,2023-07-02,24.7,21.7,28.5,,3.6,79.3,8.5,24.69
159,부산,2023-07-03,24.8,23,28.9,,1.8,80.4,3,17.27
159,부산,2023-07-04,24.3,22.6,28.6,3.4,1.7,83.6,2.2,13.14
159,부산,2023-07-05,25.8,21.9,30.9,29.5,4.9,77.1,7.7,23.71
159,부산,2023-07-06,24.4,21.6,28,,3.4,75,6.8,23.52
159,부산,2023-07-07,22.4,20.4,25.7,51,2.3,84.9,0,4.55
159,부산,2023-07-08,22.2,20.5,23.8,28.1,1,91.5,0,2.74
159,부산,2023-07-09,24.2,21.5,27.2,3.4,2.3,87,.6,13.42
159,부산,2023-07-10,25.6,22.8,28.2,.3,3.9,83,3.9,18.82
159,부산,2023-07-11,24.7,22.4,28.8,49.3,4.2,87.3,1.4,6.88
159,부산,2023-07-12,24.5,22.5,27.6,76.4,3.9,85.5,1.8,12.34
159,부산,2023-07-13,25.2,23.7,26.7,7.9,4.8,87.6,0,6.89
159,부산,2023-07-14,25,24.2,25.8,26.8,11.7,87.9,0,2.81
159,부산,2023-07-15,25.8,24.2,27,4,9.5,84.9,.3,10.61
159,부산,2023-07-16,23.7,22.2,26,259.2,3.5,91.6,0,5.05
159,부산,2023-07-17,26,23.6,29,11,4.3,86.4,3.1,19.01
159,부산,2023-07-18,24.4,23.2,26.3,130.3,2.7,90.1,0,4.14
159,부산,2023-07-19,23.5,21.4,25.7,.5,1.4,82.8,2.4,10.87
159,부산,2023-07-20,24.2,21.5,27.3,,1.9,82.3,5.9,21.4
159,부산,2023-07-21,25.2,22.7,29.1,,2.1,73.8,9.9,26.18
159,부산,2023-07-22,25,22.9,27.9,1.4,1.8,78.8,.8,12.18
159,부산,2023-07-23,26.5,25.4,28.9,0,5.7,85.5,1.8,15.46
159,부산,2023-07-24,25.5,24.5,28.5,11.3,5.2,88.8,1.3,12.65
159,부산,2023-07-25,26.4,24.3,29.8,7.9,3.2,82,7.1,21.15
159,부산,2023-07-26,28.1,24.8,31.2,0,2.6,75.6,11.1,27.95
159,부산,2023-07-27,28.6,25.4,31.7,,2.5,70.6,11.7,27.56
159,부산,2023-07-28,29.4,26.7,33.1,,2.4,66.6,10.8,25.21
159,부산,2023-07-29,29.2,25.7,32.5,,2.1,68.5,12.3,28.14
159,부산,2023-07-30,29.2,26.7,32.1,,2.7,70.5,12.3,28.39
159,부산,2023-07-31,29.2,26.1,32.5,,2.1,63.3,11.7,26.75
159,부산,2023-08-01,29.6,26.8,33.2,,2.4,62.6,11.5,27.09
159,부산,2023-08-02,29.6,26.9,33.1,,2.7,72.1,11.6,25.5
159,부산,2023-08-03,29.9,26.9,33.2,,2.5,66.3,12.2,27.74
159,부산,2023-08-04,30.2,26.8,33.7,,2.4,64.3,11.8,25.76
159,부산,2023-08-05,30,27.3,33.4,,2.1,68.9,12.1,27.45
159,부산,2023-08-06,30.9,28.1,34.7,,2.8,62.8,11.6,27.74
159,부산,2023-08-07,30.6,27.7,35.2,,3.2,64.9,10,24.51
159,부산,2023-08-08,29.2,26.6,33.5,,3.6,67.3,5.1,18.77
159,부산,2023-08-09,25.7,24.9,27.1,55.1,4.1,83.5,0,2.97
159,부산,2023-08-10,25.2,24.4,26.5,108.9,7.6,79.6,.5,7.16
159,부산,2023-08-11,27.1,24.2,30,,4.4,74.3,10.3,26.45
159,부산,2023-08-12,27.2,25.2,30,0,3.2,72.9,7.9,24.32
159,부산,2023-08-13,26.9,23.5,31,,2.1,69.1,9.8,25.1
159,부산,2023-08-14,27.5,25.2,31.1,,2.6,67.9,5.6,18.09
159,부산,2023-08-15,27.5,24.6,32.1,,2.6,67.6,8.8,23.96
159,부산,2023-08-16,25.7,25.1,27.7,,1.9,76.9,0,6.56
159,부산,2023-08-17,25.6,24.3,29,0,2.1,76.4,1.3,9.18
159,부산,2023-08-18,27,24.2,30.6,7.8,2.2,76.9,5,15.03
159,부산,2023-08-19,26.3,25.6,27.3,29.8,2.6,88.1,0,4.37
159,부산,2023-08-20,28.2,25.8,31,.2,2.8,77,10.6,25.91
159,부산,2023-08-21,28.7,26.2,32.2,,2.2,74.1,10.9,24.84
159,부산,2023-08-22,28.9,26.9,31.8,,3.7,74,7.3,22.38
159,부산,2023-08-23,28.7,26.4,31.3,.8,3.9,76.8,8.8,23.54
159,부산,2023-08-24,26,24.9,28.6,58.3,4.8,84.5,0,7.6
159,부산,2023-08-25,27.1,24.3,30.2,,3.9,71,9.4,23.43
159,부산,2023-08-26,27.8,25,31.1,,2.3,64.8,11.3,25.51
159,부산,2023-08-27,27.5,24.7,32,,2.9,67.8,10.6,24.97
159,부산,2023-08-28,27.4,25,31.3,,2.6,73.3,4.3,16.29
159,부산,2023-08-29,27,25.2,29.1,16.1,4.8,79.8,.6,8.02
159,부산,2023-08-30,27.2,24.8,28.3,6.6,3.4,81,.2,6.96
159,부산,2023-08-31,26.6,24.5,30.5,16.3,2.3,81.1,4,15.32
159,부산,2023-09-01,24,22.8,25.4,117.4,1.9,89.9,0,3
159,부산,2023-09-02,24.2,23.1,27.1,18.8,1.6,85.8,.6,8.26
159,부산,2023-09-03,26.3,22.8,30.7,,1.8,76.3,9.2,22.81
159,부산,2023-09-04,27.1,24.1,30.9,,2.7,70.3,8,18.87
159,부산,2023-09-05,26.8,23.6,31.7,,3.4,58.9,10.3,23.83
159,부산,2023-09-06,26.4,24,30.6,0,3.5,62.4,7.4,17.62
159,부산,2023-09-07,25.3,21.7,29.6,,3.8,59.8,8.9,21.03
159,부산,2023-09-08,24.8,22,29.3,,3.1,59,8.6,20.27
159,부산,2023-09-09,24.2,20.4,28.3,,2.4,62.5,11.2,25
159,부산,2023-09-10,25,21.4,29.8,,2.2,65.1,7.7,20.2
159,부산,2023-09-11,25.9,22.9,30.1,,2,71.6,7.1,18.35
159,부산,2023-09-12,26.4,23.9,30.3,,1.6,74.1,3.6,14.83
159,부산,2023-09-13,26.1,23.9,30.1,9.5,2,78.3,.6,12.3
159,부산,2023-09-14,23.6,22.4,26.3,7.7,2.6,82.3,0,5.22
159,부산,2023-09-15,24.7,22.8,26.8,2.2,2.4,80.4,.7,7.96
159,부산,2023-09-16,23.9,22.9,25.8,85.5,1.7,89.1,0,3.5
159,부산,2023-09-17,24.1,22.1,26.1,59.9,3.2,86.1,0,4.23
159,부산,2023-09-18,25.3,22.6,28.8,1.6,2.5,79.9,7,17.58
159,부산,2023-09-19,25.6,23.2,29.5,,2.8,73.9,8.9,17.95
159,부산,2023-09-20,24.7,22.7,26.6,8.5,3.6,77.1,0,5.82
159,부산,2023-09-21,21.5,19.3,26.6,9.8,3.8,77.4,0,5.6
159,부산,2023-09-22,22.1,19.4,26.5,,2.6,63.3,6.8,18.51
159,부산,2023-09-23,21.7,18.4,26.3,,2.9,57.3,6.3,17.14
159,부산,2023-09-24,22.8,20.2,26.8,0,3.7,58,8.5,19.37
159,부산,2023-09-25,23.7,20.7,29.1,,3,64.8,3.2,14.56
159,부산,2023-09-26,23.6,22.7,26.9,.6,1.8,77.6,.1,5.49
159,부산,2023-09-27,25.1,22.2,28.8,,3.2,70.6,5,15.35
159,부산,2023-09-28,25.1,22.1,29.3,,2.6,61.1,9.7,20.54
159,부산,2023-09-29,24.3,20.5,28.6,,1.9,55.8,9.7,20.91
159,부산,2023-09-30,20.3,16.6,22.9,1.2,3.2,69.3,1.8,6.96
162,통영,2023-05-20,17.9,13.2,22.9,,2.1,78,11.8,28.36
162,통영,2023-05-21,19.4,14.9,24.5,,2,78.5,12,27.64
162,통영,2023-05-22,17.6,14.7,22.3,.5,1.7,72.5,.6,8.59
162,통영,2023-05-23,17.6,13.1,22.2,,2.1,70.6,11.8,27.37
162,통영,2023-05-24,17.6,12.8,22.8,,1.6,72.8,6.9,21.98
162,통영,2023-05-25,18.3,15.5,22.8,,2.2,72.4,8.2,26.42
162,통영,2023-05-26,19.8,16.3,23.8,.1,2.4,85.5,5.6,20.77
162,통영,2023-05-27,21.4,19.2,25,.1,2.6,79.8,5.9,21.79
162,통영,2023-05-28,20.8,19.9,21.9,9.6,4.5,91,0,6.09
162,통영,2023-05-29,20.3,18.7,21.8,23.9,2.8,96.6,0,2.83
162,통영,2023-05-30,18.8,17.6,20.3,20.2,1.6,92.1,0,4.92
162,통영,2023-05-31,20,16.4,25.3,.3,2.1,64.6,10.7,28.67
162,통영,2023-06-01,17.6,16.5,18.9,24.4,2.8,88.9,0,4.5
162,통영,2023-06-02,22.4,17.7,27.5,.8,1.8,80.6,10.9,28.55
162,통영,2023-06-03,20.5,16.6,24.7,,2.2,75.1,12.1,28.2
162,통영,2023-06-04,21.2,16.2,26.8,,1.8,65.4,9.2,24.73
162,통영,2023-06-05,22.2,18.4,27.8,,2,62.1,2.9,19.26
162,통영,2023-06-06,20,17.2,23.2,,2.7,74.1,8.6,25.01
162,통영,2023-06-07,20.3,16.4,24.4,,2.2,78.9,11.8,24.35
162,통영,2023-06-08,20.7,18,24.9,,2,80.1,6.7,20.36
162,통영,2023-06-09,21.2,18.4,24.8,,2.7,82.4,9.3,26.72
162,통영,2023-06-10,22.3,19.3,26.5,,2.5,80,7.2,23.54
162,통영,2023-06-11,22.2,19.8,25.8,10.2,1.8,89.1,5.3,18.18
162,통영,2023-06-12,22.3,20.3,25.2,7.4,1.9,90.4,8.9,22.61
162,통영,2023-06-13,21.8,19.7,24.7,,2,85.9,8.1,23.2
162,통영,2023-06-14,21.7,18.9,26,,1.9,83.5,7.9,22.08
162,통영,2023-06-15,21.4,17.7,24.8,,2.4,81.4,6.9,20.44
162,통영,2023-06-16,22.7,18.9,27.7,,1.7,72.9,10.5,26.95
162,통영,2023-06-17,21.6,18.1,27.1,,1.9,76.4,10.1,25.68
162,통영,2023-06-18,22.7,19.7,27.3,,1.9,76.8,11.2,27.73
162,통영,2023-06-19,24,19.2,29.9,,2.2,71,11,27.16
162,통영,2023-06-20,22.8,19.9,27.3,3.3,2,70.5,7.1,22.12
162,통영,2023-06-21,20.9,19.4,24,21.1,2.5,93.8,.7,8.91
162,통영,2023-06-22,23.5,20.2,27.6,,2.2,75.5,11,26.67
162,통영,2023-06-23,23.1,19.2,28,,1.9,74.3,11.4,26.1
162,통영,2023-06-24,22.4,19.4,27.4,,2,78.5,6.3,22.85
162,통영,2023-06-25,21.3,19.2,24.2,33.7,1.7,90.1,0,8.14
162,통영,2023-06-26,23.9,21,24.8,3.7,6,93.4,0,5.15
162,통영,2023-06-27,23.2,20.2,25,52.9,4.5,92.6,.1,5.64
162,통영,2023-06-28,21.8,19.1,25.7,44,2,90.8,2.5,16.79
162,통영,2023-06-29,23.9,22.1,24.9,10.6,4.9,94.6,0,4.16
162,통영,2023-06-30,23,21.7,24.4,25.4,2.7,94.3,0,4.46
162,통영,2023-07-01,23.2,21.4,27.1,.9,1.4,88.1,4.8,15.39
162,통영,2023-07-02,23.7,21.9,27.7,,1.6,88.5,5.3,19.95
162,통영,2023-07-03,23.8,22.7,26.2,,1.3,92,.9,12.36
162,통영,2023-07-04,23.5,21.9,25.9,5.6,1.2,91.6,.6,8.67
162,통영,2023-07-05,25.2,21.7,28.8,25.9,4,83.4,9.7,27.1
162,통영,2023-07-06,22.7,20.6,26.4,,2.1,90.6,9.4,25.72
162,통영,2023-07-07,22,20.1,24.9,39.3,1.8,94.3,0,3.53
162,통영,2023-07-08,22.2,21,24,11.9,1,97.9,0,3.36
162,통영,2023-07-09,23.3,21.8,25.6,1.4,1.7,95.1,.3,8.92
162,통영,2023-07-10,24.2,21.6,27.1,0,2.1,92.3,1.7,11.48
162,통영,2023-07-11,24.5,22.8,26,8.7,3.1,93.8,.2,4.23
162,통영,2023-07-12,23.6,22.2,25.8,106.6,2.1,95.4,.1,5.14
162,통영,2023-07-13,25.1,22.4,26.6,1.7,3.2,93.4,0,5.34
162,통영,2023-07-14,25.8,25.2,26.6,11.7,7.5,90.5,0,2.98
162,통영,2023-07-15,25.6,22.4,26.7,20.2,7.5,92,0,5.76
162,통영,2023-07-16,23.4,21.1,26.5,168.9,1.7,97.8,.1,5.35
162,통영,2023-07-17,26,23.8,28.2,4.1,3.6,90.8,.7,11.23
162,통영,2023-07-18,24.3,23.6,25.6,107.8,3.2,97.1,0,5.27
162,통영,2023-07-19,24.1,21.5,27.3,1.1,1.3,90.9,2.8,10.69
162,통영,2023-07-20,23.5,21.2,27,,1.2,89.9,5,19.54
162,통영,2023-07-21,25.3,22.1,30.5,,1.2,81,6.8,19.37
162,통영,2023-07-22,24.6,22.2,26.4,1,1.6,86.3,.2,10.17
162,통영,2023-07-23,26.3,24.6,27.9,44.9,5.7,88.9,.4,11.47
162,통영,2023-07-24,25.9,24,28.4,12,4,91,.8,9.89
162,통영,2023-07-25,25.7,23.7,29.7,12.7,1.6,90.1,4.7,17.42
162,통영,2023-07-26,26.5,24.2,29.4,0,1.5,88.9,4.4,17.53
162,통영,2023-07-27,27.1,24.2,30.8,,1.4,85.1,10,26.79
162,통영,2023-07-28,27.2,24.1,31.1,,1.1,81,3.7,17.23
162,통영,2023-07-29,27.5,23.6,31.3,,1.5,81.4,12,26.78
162,통영,2023-07-30,27.4,24.1,31.5,,1.7,82.3,10.6,26.75
162,통영,2023-07-31,28,24,32.2,,1.5,77.8,11.2,26.13
162,통영,2023-08-01,28.5,25.4,33,,2.3,74.6,10.4,24.5
162,통영,2023-08-02,28.3,25,32.3,,2.3,78.9,11.9,26.53
162,통영,2023-08-03,28.5,25,33,,1.4,77.1,12,27.45
162,통영,2023-08-04,28.8,24.6,33.4,,1.4,73.9,11,24.48
162,통영,2023-08-05,29.5,25.2,34.5,,1.9,73.6,12.1,26.8
162,통영,2023-08-06,30,27,34.1,,2,70.3,6.5,18.91
162,통영,2023-08-07,30.2,27,34.9,,2.5,69.4,10.4,24.36
162,통영,2023-08-08,29.8,26.6,33.8,,2.7,68.9,11.4,26.62
162,통영,2023-08-09,25.6,24.2,27.8,63.2,5.2,89.9,0,2.76
162,통영,2023-08-10,25.2,23.5,27.7,136.3,4.6,86,1.2,9.04
162,통영,2023-08-11,27,24.5,30.3,,2.8,78.1,8.4,20.65
162,통영,2023-08-12,27.4,24.7,31,,2.2,77.4,9.7,24.56
162,통영,2023-08-13,27.1,24.1,31.1,,1.9,78,9.9,23.69
162,통영,2023-08-14,27.4,24,32.8,,1.9,77,8.9,23.38
162,통영,2023-08-15,26.9,23.4,31.9,,2.4,76.5,10.3,25.16
162,통영,2023-08-16,26.6,24.9,29.8,0,2.4,82.8,2,15.12
162,통영,2023-08-17,26.2,24.4,29.8,0,1.4,81.3,2.1,12.29
162,통영,2023-08-18,27.1,24.4,30.9,,1.5,81.8,2.7,14.11
162,통영,2023-08-19,26,24.6,27.1,22.9,2.3,94.3,0,3.43
162,통영,2023-08-20,27.9,25.6,32.1,,1.9,86.1,9.6,21.64
162,통영,2023-08-21,27.5,25.3,31.3,,1.7,85.4,7.6,19.78
162,통영,2023-08-22,27.6,25.2,30.9,,2.6,85.4,6.3,19.35
162,통영,2023-08-23,27.7,25.5,31.4,15.9,3.3,86,6.9,20.61
162,통영,2023-08-24,26,24.2,28.3,92.7,5.3,91.4,.2,7.39
162,통영,2023-08-25,26.9,23.6,30.7,,2.3,78.6,10.9,25.12
162,통영,2023-08-26,26.9,23.1,31.8,,1.6,77.6,10.6,23.92
162,통영,2023-08-27,27.2,23.5,32.2,,2.3,78.3,10.3,23.01
162,통영,2023-08-28,26.8,24.5,29,.2,1.8,79.9,2.5,11.26
162,통영,2023-08-29,26.7,25.2,28,34.1,5,87.5,.6,7.21
162,통영,2023-08-30,26,24.6,27.1,22.5,2.9,91.1,0,4.05
162,통영,2023-08-31,26.1,24.5,31.4,3.8,1.3,89.5,3.2,14.7
162,통영,2023-09-01,24.3,23.5,24.9,57.2,1.5,95.5,0,3.85
162,통영,2023-09-02,24.3,23.1,26.8,15.2,2.3,92.4,1.1,7.6
162,통영,2023-09-03,26.3,23.3,30.5,,2.3,84.6,7.1,19.21
162,통영,2023-09-04,26.8,23.6,31.7,,2,79.5,8.5,21.08
162,통영,2023-09-05,26.5,23.2,31.3,,2.4,65.8,10.4,22.35
162,통영,2023-09-06,26.2,22.1,31.4,,2.1,66.5,11,23.39
162,통영,2023-09-07,25.2,21.7,30.2,,3,61.6,10.5,23.31
162,통영,2023-09-08,24.2,20.8,29.4,,2.8,65.3,10.9,23.96
162,통영,2023-09-09,24,19.7,29.8,,2.1,72.8,10.9,23.69
162,통영,2023-09-10,24.6,20,30.5,,2.1,77.6,8.6,21.66
162,통영,2023-09-11,25.3,21.6,29.5,,2.2,79.9,7.1,17.41
162,통영,2023-09-12,25.7,22.7,29.9,,1.4,79.3,6.2,18.33
162,통영,2023-09-13,26.3,23.1,30.2,,1.8,82.6,1.4,12.72
162,통영,2023-09-14,23.9,22.8,26.3,15,1.8,91.5,0,4.66
162,통영,2023-09-15,24.3,22.9,27.2,7.9,2.3,91.3,.3,6.77
162,통영,2023-09-16,23.8,23.2,27.5,73.7,1.2,96.6,.3,4.92
162,통영,2023-09-17,24.3,23.3,27.5,28.4,2.1,91.3,1.5,7.6
162,통영,2023-09-18,24.9,21.4,28.9,49.6,2,88,7.3,16.92
162,통영,2023-09-19,24.7,22,28.9,,1.4,81.4,8.7,17.62
162,통영,2023-09-20,24.6,21.5,27.6,19.8,3.9,89.5,0,5.15
162,통영,2023-09-21,21.8,19.2,27.1,14.5,3,87.6,0,4.31
162,통영,2023-09-22,21.7,19.3,26.8,.1,2.2,79.6,3.9,13.45
162,통영,2023-09-23,21.6,18.2,25.6,,2.6,68.3,5.6,15.22
162,통영,2023-09-24,22.6,20,27.1,,3.3,62.3,9.6,20.56
162,통영,2023-09-25,23.1,19.5,28,,3.1,72.6,2.5,13.63
162,통영,2023-09-26,23.5,21.1,25.8,0,2.1,85,.3,5.8
162,통영,2023-09-27,24.7,21.9,28.8,,2.1,74.9,6.8,18.42
162,통영,2023-09-28,24.5,20.6,30.2,,1.6,73.3,9.5,19.57
162,통영,2023-09-29,23.1,19.1,28.6,,2.2,76,9,18.44
162,통영,2023-09-30,20,17.7,23.5,2.3,1.5,82.9,2.5,8.64
165,목포,2023-05-20,18.5,14.9,23,,2.7,84.1,11.5,27.78
165,목포,2023-05-21,15.9,14.4,19,,2.7,88.3,.4,12.01
165,목포,2023-05-22,16,13.9,19.2,.4,3.4,83.5,.1,9.57
165,목포,2023-05-23,17.5,13.5,22.8,,2.7,76.3,12.5,29.32
165,목포,2023-05-24,18.3,13.6,22.8,0,1.9,66.6,4.3,17.64
165,목포,2023-05-25,20.7,16.7,24.4,,2.7,54.8,8.9,27.48
165,목포,2023-05-26,21.2,17.2,24.8,,2.8,70.5,2.6,14.27
165,목포,2023-05-27,22.4,20.7,25.6,0,4,77.3,.5,11.87
165,목포,2023-05-28,22.6,20.3,25.5,.2,4.2,88.1,.2,9.67
165,목포,2023-05-29,20.2,19.1,22.8,11.2,3,96.5,0,3.41
165,목포,2023-05-30,20,18.8,21.6,8.6,1.9,93.6,0,5.66
165,목포,2023-05-31,21.7,17.9,26.9,.6,2.3,68,10.5,29.05
165,목포,2023-06-01,19.8,18.2,21.2,2.9,1.9,82.9,0,6.43
165,목포,2023-06-02,20.3,18.1,23.2,.2,5.1,85.8,8.4,26.21
165,목포,2023-06-03,20.3,17.2,24.3,,4.8,71.9,11.5,29.83
165,목포,2023-06-04,20.5,17.1,24.2,,2.2,67.9,8.4,23.63
165,목포,2023-06-05,20.3,18.4,23.2,0,2.1,69.9,.3,13.94
165,목포,2023-06-06,19.6,17.1,23.9,0,3.1,76.1,9.8,26.91
165,목포,2023-06-07,19.5,16.6,23.3,,2.7,83.3,9.6,26.01
165,목포,2023-06-08,22.1,18.5,26.7,,3.7,74.3,8.6,25.43
165,목포,2023-06-09,22.4,19.2,27.7,,3.3,77.5,8.6,27.63
165,목포,2023-06-10,23.4,20.2,28.5,,3.9,72.6,6,23.06
165,목포,2023-06-11,22.6,20.3,26,0,2.1,83.3,5.1,20.28
165,목포,2023-06-12,21.9,19.6,26,0,2.5,82.1,7.9,26.06
165,목포,2023-06-13,21.9,18.7,26.4,,2.9,79.9,11.4,27.6
165,목포,2023-06-14,21.8,18.2,26.5,,3,76.5,9.8,27.71
165,목포,2023-06-15,21.5,18.1,26.1,,3.1,74.9,11.1,23.71
165,목포,2023-06-16,22.3,18.4,27.6,,2,76.4,10.1,28.89
165,목포,2023-06-17,22.7,18.9,27.9,,1.7,71.6,7.9,23.47
165,목포,2023-06-18,23.2,20.5,28.1,,2.8,74.3,9.2,25.62
165,목포,2023-06-19,24.7,19.4,31.6,,2.9,68.4,9.8,26.96
165,목포,2023-06-20,22.1,20,26.2,8.9,3.2,79.5,3.5,10.55
165,목포,2023-06-21,21.3,20.6,22.3,2.6,3.5,92.9,.2,6.27
165,목포,2023-06-22,22,20,25.5,,3.5,84,7.7,24.06
165,목포,2023-06-23,23.7,20,28.2,,2.4,78.5,7.8,25.55
165,목포,2023-06-24,24.1,21.3,28.4,,3.2,71.6,6.7,22.65
165,목포,2023-06-25,22.1,21,24.4,6.1,3,86.5,0,9.77
165,목포,2023-06-26,24.1,21.7,25,59.5,5,95.9,0,3.79
165,목포,2023-06-27,24.2,20.8,28.1,33.7,3.9,92.4,1.5,14.28
165,목포,2023-06-28,23.3,21,24.5,5.6,3.7,97,0,4.9
165,목포,2023-06-29,24.3,23.4,25.7,33.6,4.4,95.4,0,5.26
165,목포,2023-06-30,23.7,22.3,25.6,15.7,3.1,94.9,.3,8.29
165,목포,2023-07-01,24.4,22,28.5,,1.9,89.4,2.7,17.73
165,목포,2023-07-02,25.5,22,29.8,,1.6,86.1,3.3,18.37
165,목포,2023-07-03,25.7,24.2,29.3,.7,3,89.1,1.6,11.86
165,목포,2023-07-04,24.5,22.8,25.7,8.2,4.6,93,0,8.6
165,목포,2023-07-05,24.5,22.9,27.3,29,3.7,86.6,8.3,26.45
165,목포,2023-07-06,25.4,22,30.4,,3.2,81.3,8.3,26.24
165,목포,2023-07-07,24.3,22.3,26.2,52.5,3.8,92.8,.1,3.95
165,목포,2023-07-08,25.8,24.2,29,0,2.4,91.4,2.1,15.04
165,목포,2023-07-09,26.1,24.7,28.6,1.1,3.5,93,1.1,12.92
165,목포,2023-07-10,26.1,22,30.3,15.5,3.6,87.8,6.4,21.51
165,목포,2023-07-11,25.3,22.8,26.9,13.8,3.8,95.3,0,3.29
165,목포,2023-07-12,25.6,23.7,27.2,7.2,3.1,93.8,0,7.07
165,목포,2023-07-13,25.9,25.1,27.1,1.5,4.3,92.8,0,3.63
165,목포,2023-07-14,26.6,25.3,27.7,10.9,7.1,86.3,0,6.39
165,목포,2023-07-15,25,22.7,27.2,29,6,94.6,0,2.53
165,목포,2023-07-16,23.8,21.6,28,126.9,2.8,96.3,2,10.95
165,목포,2023-07-17,25.4,22.8,30.3,31,2.7,93.6,3.1,16.53
165,목포,2023-07-18,24.8,23.6,26.2,43,1.7,97,0,5.32
165,목포,2023-07-19,25.1,22.8,28.1,.1,3.1,88.9,6.6,21.94
165,목포,2023-07-20,25,22.6,28.1,,1.1,89.9,3.2,18.54
165,목포,2023-07-21,26.2,22.6,30.5,,3,78.6,6,22.89
165,목포,2023-07-22,24.4,21.1,25.8,42.8,3.9,92.5,0,2.67
165,목포,2023-07-23,26,24.8,27.4,47.7,4.7,94.1,0,5.47
165,목포,2023-07-24,24.7,22.3,28.3,146.6,3,95.5,.8,10.53
165,목포,2023-07-25,27.1,24.4,29.8,,3.6,83.3,5.8,19.53
165,목포,2023-07-26,27.8,25.8,30.8,21.7,3.1,85.8,7.7,19.91
165,목포,2023-07-27,28.6,25.6,32.4,,3.1,79,9.6,26.16
165,목포,2023-07-28,27.9,25.6,31.6,,2.8,81.1,3.3,17.06
165,목포,2023-07-29,29.1,25.6,32.7,,2.7,76.4,6.5,21.02
165,목포,2023-07-30,28.8,25.3,32.8,,3,74.9,11.9,26.93
165,목포,2023-07-31,28.5,24.8,32.1,,2.4,79.4,10.4,24.9
165,목포,2023-08-01,29,25.5,34,,1.9,77.8,11,25.26
165,목포,2023-08-02,29.2,25.4,33.5,,2,77.9,12.9,27.11
165,목포,2023-08-03,29.9,25.6,34.3,,2.4,72.3,11.4,25.16
165,목포,2023-08-04,29.5,26.2,33.9,,2.3,73.5,9,23.06
165,목포,2023-08-05,29.1,25.3,34.4,,3.1,78,13.1,27.34
165,목포,2023-08-06,28.6,25.6,33.4,0,3.1,81.6,10.3,25.79
165,목포,2023-08-07,28.4,25.5,33.3,0,2.6,82.6,9.3,24.18
165,목포,2023-08-08,28.8,26,34.2,4.3,2.4,82.5,7.5,20.14
165,목포,2023-08-09,27.7,25.7,30.5,.3,3.9,81,.5,10.57
165,목포,2023-08-10,25.1,23.9,26.6,5,7.9,85.3,2.2,14.49
165,목포,2023-08-11,27,24.1,30.6,,3.5,77.6,7.3,22.06
165,목포,2023-08-12,27.4,23.2,31.2,,2.2,76.1,8.4,21.1
165,목포,2023-08-13,28.5,24.9,32.8,,2.5,73,11.8,24.98
165,목포,2023-08-14,28.2,25.5,32.2,,1.9,80.1,6.4,20.17
165,목포,2023-08-15,27.5,25.2,30.7,.2,3.1,82.5,6.7,20.64
165,목포,2023-08-16,27.3,25.1,31.2,,2.7,82.4,8.6,22.96
165,목포,2023-08-17,27.3,23.7,31.3,0,1.9,80.9,9.9,25.02
165,목포,2023-08-18,27.9,24.7,31.7,,2.6,75.3,10.6,24.17
165,목포,2023-08-19,28,25.2,32,,2.7,75.9,12.1,24.86
165,목포,2023-08-20,28.3,24.7,32.6,,2,76.6,12.1,24.83
165,목포,2023-08-21,29.1,26.1,33.2,,4.1,76.4,8.5,21.44
165,목포,2023-08-22,28,24.9,32.4,32.9,4.1,82.5,4.8,17.17
165,목포,2023-08-23,24.6,23.1,28.3,89.8,2.9,95,.4,5.62
165,목포,2023-08-24,25.6,23.7,27.6,,2.3,89.5,1.4,10.85
165,목포,2023-08-25,26.2,24,29.6,,2.7,82.4,8.9,20.7
165,목포,2023-08-26,25.9,22.4,30.2,,3,78.6,11.1,23.79
165,목포,2023-08-27,27,22.8,31.2,,1.8,77.3,6.4,19.44
165,목포,2023-08-28,27.3,25.2,30.4,2.9,3.7,83.1,4,16.35
165,목포,2023-08-29,25.7,23.6,28.3,13.3,3.5,91.1,.5,8.1
165,목포,2023-08-30,22,20.3,24,4.2,3.1,89.6,0,5.86
165,목포,2023-08-31,23.4,20.4,26.5,,4.1,80.8,9,22.88
165,목포,2023-09-01,24.2,21.3,28.7,,4.1,80.6,8,19.45
165,목포,2023-09-02,24.9,22.4,28.1,4.1,2.1,88.6,1.2,10.7
165,목포,2023-09-03,27.3,24.3,31.2,,3,80.6,6.5,18.82
165,목포,2023-09-04,26.9,24.1,31.2,,2.6,81.9,8.7,20.63
165,목포,2023-09-05,26.5,23.7,30.2,,2.3,82.8,6.5,17.15
165,목포,2023-09-06,26.4,23.5,30.8,,2.8,79.4,11.9,24.21
165,목포,2023-09-07,26,22.4,30.3,,2.4,70.1,11.9,24.32
165,목포,2023-09-08,24.5,20.8,28.5,,2.7,66.8,11.6,23.52
165,목포,2023-09-09,24.8,20.6,29.1,,2.4,75,10.9,22.91
165,목포,2023-09-10,25.3,22.1,29.6,,2.2,76,9.1,21.8
165,목포,2023-09-11,25.5,21.7,29.9,,2.4,72.9,9.9,22.23
165,목포,2023-09-12,25.2,22.1,29.1,,2.2,71.6,4.5,17.28
165,목포,2023-09-13,22.6,20.4,24.5,13.6,4,86.8,0,5.96
165,목포,2023-09-14,22.1,20.5,23.8,29,1.6,94.9,0,5.04
165,목포,2023-09-15,24.8,21.6,29,66.1,2.8,90.8,2.6,12.49
165,목포,2023-09-16,24.3,22.5,26.9,20.3,2.2,95.9,.1,3.93
165,목포,2023-09-17,24.9,22.6,28.5,0,1.7,87.1,6.1,16.59
165,목포,2023-09-18,25,22.4,28.5,,1.7,83.4,11.4,22.51
165,목포,2023-09-19,24.3,22,27.9,,1.7,81,5.9,14.75
165,목포,2023-09-20,24.6,22,27.4,8.5,4.5,89.5,0,3.36
165,목포,2023-09-21,20.9,19.4,24.1,.1,5.8,87.6,0,5.65
165,목포,2023-09-22,20.7,17.5,24.7,,3.7,79,11.4,22.26
165,목포,2023-09-23,21.4,18,25.1,,2.2,68.5,4.3,14.05
165,목포,2023-09-24,22.3,17.7,27.4,,2.5,62.4,10,20.69
165,목포,2023-09-25,23.3,19.9,27.5,0,1.9,71.8,1.3,11.3
165,목포,2023-09-26,24.2,22.6,26.4,.3,3.1,83.1,2.7,11.55
165,목포,2023-09-27,23.2,22.1,25.7,.3,2.9,85,4.3,13.83
165,목포,2023-09-28,23,21.1,25.9,0,3.6,82.3,9,19.19
165,목포,2023-09-29,21.7,18.8,25.5,,3.3,76.1,8.4,19.35
165,목포,2023-09-30,18.9,15.6,21.3,4.4,3.4,83.1,4.9,13.67
168,여수,2023-05-20,18.6,15.9,22,,2.4,82.4,10.7,27.48
168,여수,2023-05-21,20.8,16.6,25.5,,4.5,68.5,12.3,28.38
168,여수,2023-05-22,18.1,15.8,20.1,.3,2.5,57.9,.6,8.45
168,여수,2023-05-23,17.4,14.4,22.7,7.9,1.8,74.1,11,26.08
168,여수,2023-05-24,18.2,14.5,22.1,,1.5,72.8,6.3,21.08
168,여수,2023-05-25,18.8,16.8,22.8,,2.1,67.6,8.8,26.73
168,여수,2023-05-26,19.9,17.4,22.4,0,2,82.3,3.6,17.93
168,여수,2023-05-27,21.1,19.3,23.8,,2.2,81.8,2.3,16.54
168,여수,2023-05-28,20.7,20.3,21.5,13.8,4.6,94.6,0,4.3
168,여수,2023-05-29,20.6,18.9,21.7,9,4,96.5,0,4.31
168,여수,2023-05-30,18.8,18,19.7,33.5,2.7,95.1,0,4.89
168,여수,2023-05-31,19.7,17.5,23.1,1.8,3.7,71.8,11,28.59
168,여수,2023-06-01,18.1,16.5,18.8,2.6,3.3,81,.1,5.45
168,여수,2023-06-02,23.2,18.3,29,1.5,3.3,70.4,11.4,28.81
168,여수,2023-06-03,22.1,18.5,26,,3.1,62.9,12.5,28.26
168,여수,2023-06-04,23.5,19.7,27.6,,4,43.1,9.7,25.76
168,여수,2023-06-05,22.2,19.8,25.9,,3.9,57,.9,16.06
168,여수,2023-06-06,20,17.6,23.4,0,3.1,75,10.1,27.24
168,여수,2023-06-07,20.5,18.5,23.6,,3.8,76.4,11.7,25.49
168,여수,2023-06-08,20.8,18.1,24.6,,2.4,79.8,7.2,21.94
168,여수,2023-06-09,21.3,18.6,24.5,,3.6,82.6,8.9,26.42
168,여수,2023-06-10,21.4,19.7,24,0,2.1,85.1,3.6,16.53
168,여수,2023-06-11,22.8,20.5,25.7,.1,1.6,84.1,6.1,21.93
168,여수,2023-06-12,23.1,21,26.3,1,1.9,82.4,9.3,25.06
168,여수,2023-06-13,22.4,20.5,26.1,,2.2,81.9,8.8,24.22
168,여수,2023-06-14,22.7,19.8,26.3,,2.1,74.9,9.6,25.32
168,여수,2023-06-15,21.5,19.3,26,2.8,2.8,80.9,6.8,22.73
168,여수,2023-06-16,22.5,19.1,26.8,,2.5,72,12.5,29.2
168,여수,2023-06-17,23,20.4,26.7,,3,68.8,10.1,25.76
168,여수,2023-06-18,23.9,21.4,27.9,,2.8,70.1,9.3,25.32
168,여수,2023-06-19,23.4,21,27.2,,2.1,74.4,10.5,26.25
168,여수,2023-06-20,22.5,20.8,25.7,17.1,3.3,73,5.7,18.02
168,여수,2023-06-21,21.3,19.7,22.5,9.8,3.4,92.8,0,5.26
168,여수,2023-06-22,24,20.3,28,,5.7,67.3,10.6,25.72
168,여수,2023-06-23,23.2,20.6,26.6,,3.4,72.1,12.5,28.16
168,여수,2023-06-24,22.3,20.8,25.5,,2.4,79.8,6,22.23
168,여수,2023-06-25,21.1,20.3,21.9,34,3.3,89.4,0,5.4
168,여수,2023-06-26,23.1,21.1,23.8,9.6,6,96.3,0,3.23
168,여수,2023-06-27,23.4,22.2,25.2,71.1,5.4,94.5,.5,10.83
168,여수,2023-06-28,21.7,18.9,23.8,100.8,3.2,91.5,.1,11.73
168,여수,2023-06-29,23.5,22.7,24.1,17.8,4.4,96.6,0,3.04
168,여수,2023-06-30,22.9,22.2,23.8,30,4.1,96.4,0,4.61
168,여수,2023-07-01,23,21.6,26.1,2.3,1.7,92,3.7,14.92
168,여수,2023-07-02,23.8,21.6,27.8,,2,90,5.3,19.6
168,여수,2023-07-03,24.6,23.3,27.3,.6,2.3,88.6,3.4,17.76
168,여수,2023-07-04,23,22.5,23.5,18.8,2.1,94.4,0,3.14
168,여수,2023-07-05,25.5,23.1,29.6,27.8,5,82.3,8.9,25.21
168,여수,2023-07-06,24.3,21.9,27.3,,2.4,84.9,10,26.77
168,여수,2023-07-07,22.4,20.8,23.9,34,3.3,92.9,0,2.64
168,여수,2023-07-08,22.7,20.8,24.1,19.7,1.6,96.6,0,5.22
168,여수,2023-07-09,24.3,22.7,25.9,7,1.9,94,.1,7.71
168,여수,2023-07-10,24.4,22.5,26.4,8.1,2.6,93.3,1.6,10.92
168,여수,2023-07-11,24.6,23.8,25.9,8.9,3.8,94,.1,7.44
168,여수,2023-07-12,24.3,23,26,76.3,2.2,95.1,.2,6.92
168,여수,2023-07-13,25.1,23.8,26.4,,2.9,94.3,0,6.74
168,여수,2023-07-14,24.3,23.8,25.4,9.3,7.2,95.8,0,3.03
168,여수,2023-07-15,25,22.2,27.4,.2,6.5,90.5,.3,10.68
168,여수,2023-07-16,22.8,21.8,24.4,124.9,1.9,96.9,0,3.22
168,여수,2023-07-17,25.8,23.3,28.8,9.7,4,93.5,.8,15.41
168,여수,2023-07-18,24.6,23.6,26.4,60.9,2.6,96.1,0,3.97
168,여수,2023-07-19,24,22.9,25.5,0,1.9,91.8,.2,9.73
168,여수,2023-07-20,24.5,22.4,27.3,,2,88.1,6.3,20.16
168,여수,2023-07-21,24.8,22.5,27.7,,2.1,84.3,6.7,21.65
168,여수,2023-07-22,24.1,22.8,24.9,6.9,2.7,89.5,0,7.72
168,여수,2023-07-23,26.4,24.7,28.5,8.5,5.7,91.4,.4,11.11
168,여수,2023-07-24,25.1,24,27.8,35.1,4.2,95.4,.7,8
168,여수,2023-07-25,26.2,24,29.1,18.7,1.8,88,5.5,21.11
168,여수,2023-07-26,26.7,25.1,29.6,4.7,1.9,90.9,4.6,16.88
168,여수,2023-07-27,27.3,24.6,30.7,,1.8,85.6,8.7,24.7
168,여수,2023-07-28,27.4,25.3,30.3,,1.6,79,3.3,16.37
168,여수,2023-07-29,28,24.6,31.5,,1.9,76.9,12.4,27.21
168,여수,2023-07-30,27.9,25,31.3,,1.7,79.5,10.1,24.29
168,여수,2023-07-31,28.4,24.9,32.4,,1.9,74.8,12.1,26.42
168,여수,2023-08-01,28.5,25.5,31.6,,3.2,74.5,12.9,26.7
168,여수,2023-08-02,28.8,25.1,32.5,,2,73.4,12.5,27.53
168,여수,2023-08-03,29.1,25.7,32.8,,1.6,71.5,12.7,27.58
168,여수,2023-08-04,29.2,25.7,32.1,,1.7,70.3,12.1,26.29
168,여수,2023-08-05,29.5,25.6,33.2,,1.7,70.9,12.8,27.24
168,여수,2023-08-06,29.4,26.9,32.2,,3.2,72,8.4,22.18
168,여수,2023-08-07,30,27.1,33.9,,3.6,71.8,10.1,25.34
168,여수,2023-08-08,29.9,27.1,33.3,,5.2,68.1,11.6,26.75
168,여수,2023-08-09,26.4,25,28.7,40.1,10.2,83.1,0,3.14
168,여수,2023-08-10,24.8,23.3,26.9,58.9,9.3,83.4,1.6,10.27
168,여수,2023-08-11,26.7,23.7,29.2,0,3.4,79.6,11.1,26.54
168,여수,2023-08-12,27.3,24.5,30.2,0,3.2,77.4,9.8,24.24
168,여수,2023-08-13,27,25.2,29.9,,2.1,79.6,8.8,21.92
168,여수,2023-08-14,27.6,24.8,30.5,,1.9,78.1,12.1,24.93
168,여수,2023-08-15,27.5,25.5,31.1,0,2.9,75.3,9.9,24.29
168,여수,2023-08-16,27.7,26.3,29.8,,2.6,81.8,4.9,17.95
168,여수,2023-08-17,26.5,24.6,28.6,8.4,2,85.3,4.5,15.91
168,여수,2023-08-18,26.6,24.7,28.9,0,1.5,83.8,1.6,10.99
168,여수,2023-08-19,27.2,25,30.5,5.1,4.1,83.9,4.2,16.06
168,여수,2023-08-20,28.3,26.2,31.1,,2.5,83.8,11.5,24.87
168,여수,2023-08-21,28,26.2,30.5,,2.1,84.5,7.1,19.73
168,여수,2023-08-22,28.1,26.7,30.4,2.1,2.8,80.6,7,22.17
168,여수,2023-08-23,28.1,26.5,30.1,18.4,3.1,82.4,3.6,13.4
168,여수,2023-08-24,26.4,25,28.8,53.5,4,90.1,1.2,6.41
168,여수,2023-08-25,26.7,23.9,29.7,,4.1,77.8,10.1,24.04
168,여수,2023-08-26,26.9,23.5,30.6,,2.1,74.4,12.1,24.9
168,여수,2023-08-27,27.2,24.9,30.2,,3.4,79.1,10.6,22.19
168,여수,2023-08-28,26.3,24.4,27.5,5.5,5.3,86.3,.9,7.47
168,여수,2023-08-29,27.2,25.4,29.5,20.3,5,87,1.6,11.82
168,여수,2023-08-30,25.6,24.2,27,22.5,3.5,91.8,0,6.98
168,여수,2023-08-31,25.2,22.8,28.1,12.2,1.9,86.5,4.8,17.99
168,여수,2023-09-01,25.7,24.4,27.7,23.6,3.1,84.1,2.3,13.69
168,여수,2023-09-02,24.5,23.4,26.1,5,3.5,89.4,1.4,10.47
168,여수,2023-09-03,26.5,24.2,29.2,.5,2.4,86,6.7,19.12
168,여수,2023-09-04,27.3,24.6,30.6,,2,80.6,10.5,23.21
168,여수,2023-09-05,27.2,25.1,29.8,,3.6,65.9,9.6,20.92
168,여수,2023-09-06,26.9,24.6,30,,3.4,64.3,9.7,23.07
168,여수,2023-09-07,25.9,23.7,29,,5.3,56.9,10.9,24.3
168,여수,2023-09-08,25.1,22.6,28.2,,3.8,62.4,11,24.04
168,여수,2023-09-09,24.8,22,28.5,,2,73.3,10.8,23.65
168,여수,2023-09-10,25.2,22.7,28.4,0,2.3,73.8,9.9,24.14
168,여수,2023-09-11,25.5,23.6,28.7,0,2.3,78.9,5.8,16.51
168,여수,2023-09-12,26,24.1,29.1,,1,79.1,4.9,17.4
168,여수,2023-09-13,25.9,24,27.9,23.2,3,83.4,1.7,11.18
168,여수,2023-09-14,23.9,22.3,25.4,13.3,1.9,89.4,0,3.76
168,여수,2023-09-15,24.5,22.5,26.2,9.7,5.1,88.1,2.2,13.43
168,여수,2023-09-16,24.4,23.6,24.9,64.3,2.9,94.3,0,4.06
168,여수,2023-09-17,25,23.1,26.8,48.8,1.8,89.5,1.1,10.42
168,여수,2023-09-18,26.1,23.6,29,3.2,2.5,82.8,10.1,22.44
168,여수,2023-09-19,24.8,22.6,27.3,,1.8,76,7.1,15.45
168,여수,2023-09-20,25.1,22.8,27.4,8.4,5.7,87.9,0,4.35
168,여수,2023-09-21,22.3,20.6,26,1.4,4.9,89.6,0,5.99
168,여수,2023-09-22,22.3,20.3,25,.1,2.8,81.1,5.6,16.41
168,여수,2023-09-23,22.2,20.3,24.7,,4.9,65.4,5.2,15.5
168,여수,2023-09-24,22.5,20.6,25.4,,7.1,59.8,10.7,20.56
168,여수,2023-09-25,23,20.9,24.8,,4.7,71,1.3,11.78
168,여수,2023-09-26,24.3,22.6,26.8,0,2.9,82.4,1.5,10.29
168,여수,2023-09-27,24.6,22.6,28.2,,4.2,74.4,5.8,16.74
168,여수,2023-09-28,24.7,22.2,28.6,,5.2,67,10.5,20.56
168,여수,2023-09-29,23.3,19.7,27.2,,3,71.5,10.7,20.85
168,여수,2023-09-30,20.9,18,23.2,1.7,3.1,72.3,3,11.53
169,흑산도,2023-05-20,14.7,11.3,19,,2.7,95.4,4.8,23.9
169,흑산도,2023-05-21,14.9,13.2,18.4,,1.8,95.5,.4,10.82
169,흑산도,2023-05-22,14.7,13.2,18.1,.4,4.3,90.6,3.2,11.61
169,흑산도,2023-05-23,16.1,13.2,20.1,,3.8,80.3,13.4,30.56
169,흑산도,2023-05-24,16.9,13.6,19.8,0,3,72.3,2.9,15.66
169,흑산도,2023-05-25,17.3,14.4,22.5,,4.1,83.6,9.1,27.11
169,흑산도,2023-05-26,17.7,14.5,21.2,.4,3.9,91.8,.4,12.24
169,흑산도,2023-05-27,19.2,17,22.8,1,9.6,91.5,2.5,14.38
169,흑산도,2023-05-28,17.9,15.5,20.6,.3,9.1,98.6,0,10.89
169,흑산도,2023-05-29,19,16.3,21.7,9.9,3.6,99,0,4.11
169,흑산도,2023-05-30,17.1,15.8,18.8,10.5,3.5,99,0,6.5
169,흑산도,2023-05-31,18.3,15.1,21.9,2.2,2.7,94.6,11.2,28.01
169,흑산도,2023-06-01,17.1,15.9,19.5,1.7,2.8,96.1,.6,7.86
169,흑산도,2023-06-02,17.8,16.2,20.6,,5,95.6,1.9,12.74
169,흑산도,2023-06-03,18.4,15.7,21.5,,5.6,82,8.6,19.78
169,흑산도,2023-06-04,20.9,16.7,24.4,,2.3,56,9.7,23.41
169,흑산도,2023-06-05,18.2,15.2,21.4,0,2.9,76.4,1.4,12.77
169,흑산도,2023-06-06,17.9,14.9,21.2,,2.7,88.1,11.1,28.39
169,흑산도,2023-06-07,17.5,15.1,22.2,,4.8,92.1,7.4,24.78
169,흑산도,2023-06-08,18.3,15.3,22.6,,7.1,92,7.6,24.39
169,흑산도,2023-06-09,19.7,16.5,24.5,,5.1,87.4,9,27.29
169,흑산도,2023-06-10,19.3,16.4,24.9,.2,6.3,83.5,2.8,12.88
169,흑산도,2023-06-11,19.2,16.8,22.9,0,2.5,94.6,7.6,22.38
169,흑산도,2023-06-12,18.9,16.7,22.6,,1.9,91.5,8,23.78
169,흑산도,2023-06-13,19.5,16.6,23.1,,2.4,90.8,11.4,25.12
169,흑산도,2023-06-14,20.2,17.1,24.1,,2,87.9,10.1,25.33
169,흑산도,2023-06-15,19.9,17,23.7,,2.4,85.8,10.5,24.57
169,흑산도,2023-06-16,20.3,17,25.7,,1,79.8,10,25.94
169,흑산도,2023-06-17,20.3,16.8,25.7,,1.7,77.1,6.5,18.75
169,흑산도,2023-06-18,21,18.7,24.6,,2.6,88.9,7.6,20.12
169,흑산도,2023-06-19,20.8,17.8,25.9,,5.2,87.6,9,22.84
169,흑산도,2023-06-20,18.3,17.2,20,.4,8.1,96.9,.1,1.89
169,흑산도,2023-06-21,20,17.7,22.6,,3.1,96.9,1.3,9.88
169,흑산도,2023-06-22,21.4,18.1,25.2,,.8,86.1,12.7,29.64
169,흑산도,2023-06-23,21.2,17,25.7,,1.4,86.4,9.3,24.49
169,흑산도,2023-06-24,20.2,18.4,23.4,,7.4,88,4.9,15.77
169,흑산도,2023-06-25,19.5,18.3,21.8,16.9,6.1,95.6,0,.72
169,흑산도,2023-06-26,20.3,18.4,22.2,2.3,7.8,99,0,.93
169,흑산도,2023-06-27,21.5,19.3,23.5,26.3,5.1,94.3,.7,15.6
169,흑산도,2023-06-28,22.5,19.2,26.4,.1,5.6,95.1,4,12.93
169,흑산도,2023-06-29,23.2,19.5,28.8,31.6,7.6,93,3.2,10.52
169,흑산도,2023-06-30,22.1,20.5,24.6,5.5,3.6,98.5,.1,3.26
169,흑산도,2023-07-01,22.2,20.5,25.8,,1.5,94.8,7.3,22.92
169,흑산도,2023-07-02,21.9,19.7,25.4,.8,3.6,94.4,2.7,14.63
169,흑산도,2023-07-03,21.2,20.3,22.5,24.2,4.5,99,0,3.88
169,흑산도,2023-07-04,20.9,19.4,22.5,3.1,7.2,99,0,.15
169,흑산도,2023-07-05,23.4,20.4,26.6,10.7,3.6,90.6,10,25.46
169,흑산도,2023-07-06,21.8,19.3,25.4,,6.2,94.3,5.5,19.08
169,흑산도,2023-07-07,21.5,18.5,25.7,72.7,6.1,98,1.2,2.77
169,흑산도,2023-07-08,22.5,20.1,26.3,,3.4,95.9,3.5,18.45
169,흑산도,2023-07-09,22.9,20.5,26.5,12.5,6.4,95.4,5.3,11.46
169,흑산도,2023-07-10,22.5,19.6,26.8,15.5,5.7,94.5,5.8,16.34
169,흑산도,2023-07-11,21.9,20.3,24.9,19,7,99,.8,3.81
169,흑산도,2023-07-12,22.5,20.7,25.4,4,3.7,98,2.5,11.81
169,흑산도,2023-07-13,22,20.8,22.9,1.3,9.6,99,0,.58
169,흑산도,2023-07-14,24.6,22.3,26.9,0,11.4,93.1,3,10.72
169,흑산도,2023-07-15,23.3,21.3,25,48.7,7.2,98.4,0,3.59
169,흑산도,2023-07-16,21.5,20.6,24.1,35.3,4.2,98.9,0,.2
169,흑산도,2023-07-17,23.5,21.1,28.5,95.3,3.6,96.9,2.2,12.97
169,흑산도,2023-07-18,22.3,21.5,25.5,78.9,4.1,98.9,.5,6.31
169,흑산도,2023-07-19,23.1,21.6,25.7,,5.2,95.8,7.7,18.9
169,흑산도,2023-07-20,22.8,20.9,25.4,,1.2,94.6,2.1,11.92
169,흑산도,2023-07-21,22.8,21.1,25.6,,5.5,95,1.7,12.86
169,흑산도,2023-07-22,22.3,20.4,23.8,49.4,9.8,99,0,.01
169,흑산도,2023-07-23,23.4,21.4,25.7,47.8,6.9,99,0,.05
169,흑산도,2023-07-24,23.3,22,26.4,54,3.7,98.4,.6,10.65
169,흑산도,2023-07-25,23.5,21.9,26.8,13.5,5.7,97.3,1.9,7.16
169,흑산도,2023-07-26,24.7,22.7,28.6,0,4.1,95.3,8,19.04
169,흑산도,2023-07-27,24.9,22.8,28.6,,5.1,94.4,7.8,21.51
169,흑산도,2023-07-28,24.5,22.7,28.2,1,5,96.1,2.9,10.58
169,흑산도,2023-07-29,25.2,23.1,27.9,2.8,4.9,94.1,7.3,20.61
169,흑산도,2023-07-30,25.8,23.7,28.9,,5.1,92,9.4,21.87
169,흑산도,2023-07-31,26.2,23.7,29.7,,2.2,89.6,11.7,26.97
169,흑산도,2023-08-01,26.3,23.9,29.6,,1.9,89.8,9.9,23.94
169,흑산도,2023-08-02,27.1,24.4,30.2,,1.5,84.1,11.6,27.12
169,흑산도,2023-08-03,26.9,24.6,30.9,,2.6,81.9,12.2,27.9
169,흑산도,2023-08-04,27,23.9,30.3,,2.5,80.6,11,26.95
169,흑산도,2023-08-05,26.5,23.8,30.2,,2.9,86.8,11.6,27.34
169,흑산도,2023-08-06,26.4,24,29.6,,4.2,90.1,9.8,23.31
169,흑산도,2023-08-07,26.6,24.6,29.6,,4,91.8,8.9,22.56
169,흑산도,2023-08-08,26.9,24.4,30.4,,2.9,90.9,9.3,23.49
169,흑산도,2023-08-09,25.9,23.1,28.9,0,5.3,87.8,8.5,17.32
169,흑산도,2023-08-10,24.7,22.7,26.8,,7.8,84.4,7.3,19.1
169,흑산도,2023-08-11,25.2,23,30,,1.9,82.6,3.2,12.34
169,흑산도,2023-08-12,24.8,22,29.5,,3.3,89.5,7,19.57
169,흑산도,2023-08-13,25.1,23.1,29.1,,2.7,92.8,5.9,15.77
169,흑산도,2023-08-14,25.7,22.7,30.1,,2,85.9,7.9,16.31
169,흑산도,2023-08-15,26.3,24,29.7,,2.9,91.5,3.9,12.22
169,흑산도,2023-08-16,26.1,23.7,29.4,,1.8,88,7.3,14.89
169,흑산도,2023-08-17,25.5,23.2,29.4,,1.2,85.1,7.9,21.01
169,흑산도,2023-08-18,25.8,23.1,29.1,,1.8,83.6,8.5,22.4
169,흑산도,2023-08-19,26.1,22.8,29.6,,1.9,87,8.7,20.93
169,흑산도,2023-08-20,26.4,23.9,30.7,,1.6,86.5,8.3,18.8
169,흑산도,2023-08-21,25.7,23.4,31.3,3,5.6,92,5.7,15.71
169,흑산도,2023-08-22,25.2,22.8,29.3,37.4,6.3,96.4,5,13.58
169,흑산도,2023-08-23,23.3,22.2,25.4,39.6,3.8,99,.4,.51
169,흑산도,2023-08-24,25.2,22.3,28.2,,2.5,88.4,6.8,18.71
169,흑산도,2023-08-25,26,23.4,28.9,,2.3,82.3,8.1,20.89
169,흑산도,2023-08-26,24.5,22.4,27.8,,3.5,89.6,5.3,14.71
169,흑산도,2023-08-27,24.8,22.3,28.2,0,3.1,87.1,3.9,6.38
169,흑산도,2023-08-28,25.8,23.3,27.6,3,8.1,90.6,0,2.86
169,흑산도,2023-08-29,24.4,21.4,26.8,9.5,5.1,94,0,3.53
169,흑산도,2023-08-30,21,18.8,22.9,26.3,2.4,93.3,0,4.39
169,흑산도,2023-08-31,22.6,20.7,26.1,0,4.8,84.4,4.7,12.05
169,흑산도,2023-09-01,23.3,21,26,,6.3,81.4,11,25.7
169,흑산도,2023-09-02,23.2,22.1,25.7,.5,4.4,90.6,1.3,10.9
169,흑산도,2023-09-03,24.6,22.5,28.1,0,4.3,92.5,5.9,14.55
169,흑산도,2023-09-04,24.8,22.4,29.5,,2.7,91.1,6.1,16.76
169,흑산도,2023-09-05,24.2,22.9,26.7,,3.4,96.4,2.5,13.36
169,흑산도,2023-09-06,24.2,22.4,27.5,,3.8,93.9,7.4,13.37
169,흑산도,2023-09-07,24.2,21.6,28.7,,1.4,85.9,6.8,14.71
169,흑산도,2023-09-08,23.8,21,27.4,,1.4,78.4,10.3,22.83
169,흑산도,2023-09-09,23.8,21.2,26.4,,1.3,80,11.5,23.99
169,흑산도,2023-09-10,23.9,20.9,27.8,,1.2,80.1,9.8,21.52
169,흑산도,2023-09-11,23.8,21.6,27.3,,1.7,83.8,6.2,16.71
169,흑산도,2023-09-12,23.8,22,27.2,,2.2,84,4.6,16.01
169,흑산도,2023-09-13,20.9,19.1,23.2,37.4,4.4,96.9,0,.53
169,흑산도,2023-09-14,21.3,20.2,23.2,7.7,2.6,97.8,.3,6.21
169,흑산도,2023-09-15,22.3,20.7,24.1,67.8,3.4,98.4,.2,5.48
169,흑산도,2023-09-16,22.9,21.2,25.4,33,2,94.8,1.4,4.05
169,흑산도,2023-09-17,23.1,21.1,26.4,,1.3,91.6,1,3.56
169,흑산도,2023-09-18,23.9,21.5,27.8,,1.5,89.6,4.2,6.84
169,흑산도,2023-09-19,23.2,21.5,26.6,,1.8,92.3,4.6,10.24
169,흑산도,2023-09-20,23.1,21.3,25.3,11.4,9,94.5,0,3.23
169,흑산도,2023-09-21,20.8,19.1,23.4,0,8.7,88.3,5,12.83
169,흑산도,2023-09-22,20.5,18.3,23.7,,5.4,78.5,4,7.79
169,흑산도,2023-09-23,21.4,19.4,23.8,,4.4,81.1,2.5,9.02
169,흑산도,2023-09-24,21.8,19.6,23.7,,3.8,75.1,3.7,8.53
169,흑산도,2023-09-25,21.8,20.5,24.5,0,3,83.5,.8,8.09
169,흑산도,2023-09-26,23.3,21.4,26.2,.7,3.2,85.9,1.2,1.39
169,흑산도,2023-09-27,22.3,21,25.5,.6,2.1,90.6,.9,5.66
169,흑산도,2023-09-28,22,19.7,25.2,0,2.8,88.4,5.4,13.25
169,흑산도,2023-09-29,21.1,19.1,24.7,,3.1,80.3,3.5,9.96
169,흑산도,2023-09-30,18.7,15.3,21.1,4.7,3.8,86.1,6.4,14.46
170,완도,2023-05-20,19.3,14.9,24.9,,1.4,82.5,11.8,
170,완도,2023-05-21,18.3,15.2,23.2,,2.4,80.3,10.3,
170,완도,2023-05-22,17.3,14.3,21.3,.6,1,70.8,1.6,
170,완도,2023-05-23,18.8,13.4,26.1,,1.3,65.1,12.5,
170,완도,2023-05-24,17.9,13.3,23.2,,1.1,80.4,5.3,
170,완도,2023-05-25,19.6,15.8,24.3,,2.6,69.3,8.7,
170,완도,2023-05-26,20.9,16.8,26.9,,2.4,82,6.6,
170,완도,2023-05-27,21.6,20.1,24.6,0,4.5,84.6,1.5,
170,완도,2023-05-28,22.1,20.7,25.4,.6,2,91.8,.5,
170,완도,2023-05-29,21.8,20.2,23.4,12.2,3,94.5,0,
170,완도,2023-05-30,19.2,17.9,20.5,34,3.5,98.3,0,
170,완도,2023-05-31,20.2,17.6,23.7,.5,4.5,74.9,8.7,
170,완도,2023-06-01,18.9,17.9,19.6,1.2,1.8,89.9,0,
170,완도,2023-06-02,22.5,18.2,29.3,8.3,1.7,79.5,10.5,
170,완도,2023-06-03,22.3,16.4,27.8,,2,59,12.7,
170,완도,2023-06-04,23.3,18.2,27.6,,2.3,44.1,9.3,
170,완도,2023-06-05,21.3,18.9,24.6,0,2.2,59.1,.1,
170,완도,2023-06-06,20.3,16.4,25.4,1.1,1.9,76.4,10.1,
170,완도,2023-06-07,20.2,16.5,25.7,,1.7,78.5,11.3,
170,완도,2023-06-08,20.9,18.2,25.2,,2.1,82.8,7.4,
170,완도,2023-06-09,22.2,18.6,27.7,0,1.9,81.5,9.7,
170,완도,2023-06-10,22.4,18.4,26.3,.2,3.4,85,10.2,
170,완도,2023-06-11,22.4,20.4,26.9,2.2,1.8,89.4,6.7,
170,완도,2023-06-12,23.2,19.7,28.3,,1.1,81.9,7,
170,완도,2023-06-13,23.2,19.4,28.2,,1.1,74.5,10.9,
170,완도,2023-06-14,,18.7,28.8,,1.3,,11.7,
170,완도,2023-06-15,,18.6,29.1,,2.2,,8.1,
170,완도,2023-06-16,22.5,16.7,29.4,,1.1,64.8,11.2,
170,완도,2023-06-17,23.5,18.2,29.4,,1.1,61.4,9.6,
170,완도,2023-06-18,23.8,20,28.4,,1.3,65.6,3.8,
170,완도,2023-06-19,23,18.7,27.8,,3.8,76.3,10.1,
170,완도,2023-06-20,21.2,19.8,24.1,35.5,5.9,89,3.7,
170,완도,2023-06-21,22.2,21.1,25.1,1.7,2,91.4,.7,
170,완도,2023-06-22,23.2,20.2,27.1,,3.1,76.8,10,
170,완도,2023-06-23,23.3,18.3,28.7,,2.3,77.6,11.8,
170,완도,2023-06-24,22.5,20.7,25.7,,4.1,82.8,5.2,
170,완도,2023-06-25,21.3,20.6,21.7,48.9,4,96.6,0,
170,완도,2023-06-26,25.5,21.4,27.9,8,3.5,91.6,.4,
170,완도,2023-06-27,25.1,23.7,27.2,15.9,2.7,92.9,.2,
170,완도,2023-06-28,23.4,20.8,26.3,2.1,2.4,97.6,0,
170,완도,2023-06-29,25.7,24,29.3,9.5,3.6,90.1,1,
170,완도,2023-06-30,24.1,22.5,26.2,24,2.3,92.6,0,
170,완도,2023-07-01,24.3,22.1,29.7,,1.7,90.1,6.3,
170,완도,2023-07-02,24,21.4,29.1,0,1.9,92.5,3.9,
170,완도,2023-07-03,24,22.8,25.7,29,2.1,96.1,0,
170,완도,2023-07-04,23.2,22.4,23.8,13.7,2.7,98.9,0,
170,완도,2023-07-05,25.2,21.2,29.5,31.6,2.6,84.4,10.2,
170,완도,2023-07-06,24.5,20.8,29.1,,1.9,87.5,10.6,
170,완도,2023-07-07,24.2,21.1,26.8,28,2.5,95.5,0,
170,완도,2023-07-08,24.2,23,27.2,21.8,1,96.5,1.5,
170,완도,2023-07-09,26,23.1,29.8,2,1.8,90.6,2.4,
170,완도,2023-07-10,26,23.7,29.4,3.4,1.7,91.5,4.4,
170,완도,2023-07-11,26.6,24.5,29.1,.5,3,89.1,.6,
170,완도,2023-07-12,26.8,23.6,29.2,10.1,3.2,87.4,3.6,
170,완도,2023-07-13,27.6,25.4,28.4,0,3.4,81.5,0,
170,완도,2023-07-14,27.5,26.6,29.1,0,5.6,81.4,1.1,
170,완도,2023-07-15,26.4,22.5,29.7,27.5,4.1,87.3,.7,
170,완도,2023-07-16,24.2,21.9,28.6,87.9,1.4,97.5,1.5,
170,완도,2023-07-17,25.6,23.8,29.3,10.5,1.2,95.5,.3,
170,완도,2023-07-18,25.3,24,29.6,64.7,1.8,96,1.1,
170,완도,2023-07-19,24.9,23,29.1,,1.4,88.8,1.4,
170,완도,2023-07-20,25,22,28.7,,.5,90.4,.8,
170,완도,2023-07-21,24.9,22.8,27.6,,3.1,91,2.8,
170,완도,2023-07-22,23.8,21.3,26.1,32.2,3,98.5,0,
170,완도,2023-07-23,26.7,24.8,29,28.4,2.1,89.9,.3,
170,완도,2023-07-24,26.1,24.3,28.2,38.2,1.7,90.9,.6,
170,완도,2023-07-25,25.8,23.5,29.5,.2,1.8,92.9,2.9,
170,완도,2023-07-26,27.2,25.2,30.7,1.5,2.6,93.3,7.7,
170,완도,2023-07-27,27.5,25.5,31.4,,3.2,88.3,8.9,
170,완도,2023-07-28,26.8,24.8,30,1.8,2.3,92,3.1,
170,완도,2023-07-29,27.9,25.5,31.8,,2.3,86.5,10.2,
170,완도,2023-07-30,27.7,25.1,31.2,,2.3,87.4,9.3,
170,완도,2023-07-31,28.3,25.4,32.8,,1.1,80.1,11.7,
170,완도,2023-08-01,27.7,24.4,31.8,,2.1,83.1,12.5,
170,완도,2023-08-02,28.3,24.4,33.7,,1.2,79.4,12.5,
170,완도,2023-08-03,27.9,24,32.7,,1.9,82,12.5,
170,완도,2023-08-04,28,24.7,32.2,,2,84.1,10.2,
170,완도,2023-08-05,29.1,24.6,34.4,,.9,77.9,12,
170,완도,2023-08-06,29.5,25.9,34.2,,1.1,78.3,12.1,
170,완도,2023-08-07,28.8,26.1,34.9,0,.8,82.9,9.2,
170,완도,2023-08-08,29.5,25.8,34.6,,.9,77.8,10.3,
170,완도,2023-08-09,27.1,24.7,29.6,12.7,1.4,83.8,0,
170,완도,2023-08-10,25.8,22.7,28.8,38.3,3.3,80.8,6,
170,완도,2023-08-11,27,23.3,31.5,,1.8,78.9,9.5,
170,완도,2023-08-12,26.7,22.3,32,,1.1,75.4,10,
170,완도,2023-08-13,26.8,22.9,30.7,,1.6,83.8,10.1,
170,완도,2023-08-14,27.3,23.6,31.4,,1.6,82.1,11,
170,완도,2023-08-15,28.2,24.5,32.3,,1.3,78.5,10.3,
170,완도,2023-08-16,27.9,24.4,32.8,,1,76.5,9.7,
170,완도,2023-08-17,26.9,23.1,31,0,2,82.9,9.9,
170,완도,2023-08-18,27.2,24.4,31.9,,1.1,83.1,9.4,
170,완도,2023-08-19,28.3,24.6,32.8,,.9,80.1,8.4,
170,완도,2023-08-20,27.9,24.3,32.8,,1,81.5,10.2,
170,완도,2023-08-21,28.2,25.3,31.3,,3,86.6,6.6,
170,완도,2023-08-22,28.7,27,31.9,0,4.2,80.9,7.3,
170,완도,2023-08-23,26,24,28.1,21.5,1.5,96.3,.1,
170,완도,2023-08-24,26.2,24.9,28.3,1.4,1.5,88.4,.3,
170,완도,2023-08-25,27,23.2,31.9,,2,76.9,10.7,
170,완도,2023-08-26,26.3,21.7,31.2,,1.1,77.3,10.9,
170,완도,2023-08-27,27,22.5,31.1,0,2.2,84.3,9.4,
170,완도,2023-08-28,26.7,23.8,29,39.3,4.6,92.1,1.9,
170,완도,2023-08-29,27.1,24.8,31.8,6.3,2.9,90.3,3.7,
170,완도,2023-08-30,23.4,21,26.5,72.3,.7,93.5,.3,
170,완도,2023-08-31,25.3,20.6,29.9,0,.9,74.6,10.3,
170,완도,2023-09-01,25.9,22.2,31.1,.8,1.6,83.5,8.1,
170,완도,2023-09-02,25.2,23.6,28.2,4.3,1.4,93.5,.9,
170,완도,2023-09-03,26.5,24.1,29.6,,2.4,88.4,7.4,
170,완도,2023-09-04,27.3,24.3,31.8,,1.1,84.3,10.3,
170,완도,2023-09-05,26.7,23.7,31.1,,1.2,80.8,7.5,
170,완도,2023-09-06,25.7,22.6,31.9,4.3,1.1,84.4,7.7,
170,완도,2023-09-07,25.2,21.4,29.9,,1.2,72.9,10.8,
170,완도,2023-09-08,24.4,19.7,29.5,,1.1,67.1,10.8,
170,완도,2023-09-09,24.4,19.8,30.1,,.9,73,10.7,
170,완도,2023-09-10,25.1,21.4,30.2,,1.2,79.4,5.8,
170,완도,2023-09-11,25.4,21.2,30.9,,1,78,8.2,
170,완도,2023-09-12,25.4,21.5,30.1,,1.2,77.4,5.6,
170,완도,2023-09-13,24.9,22.4,27.8,36.8,1.2,89.5,.1,
170,완도,2023-09-14,22.6,21.6,23.7,20.7,.8,95.4,0,
170,완도,2023-09-15,25.4,22.7,29.4,.5,2,92.3,6.5,
170,완도,2023-09-16,24.7,23.5,25.6,33.7,1,98,.5,
170,완도,2023-09-17,25.3,22.6,28.7,1.4,1.3,87.9,2.4,
170,완도,2023-09-18,25.7,22.6,30.3,,1.2,81.6,10,
170,완도,2023-09-19,24.3,21.3,28.6,,.9,82.9,8.2,
170,완도,2023-09-20,25.3,21.2,28.8,3.7,3.3,88.1,.2,
170,완도,2023-09-21,22.3,20.8,25.2,1.8,3.7,83.3,1.6,
170,완도,2023-09-22,21.9,18.4,27,,.9,81,6.7,
170,완도,2023-09-23,21.6,17.8,25.8,,1.8,70,4.9,
170,완도,2023-09-24,23.5,21.3,26.6,,3.4,64.4,10.1,
170,완도,2023-09-25,23.6,19.6,27.1,0,2,76.1,3.8,
170,완도,2023-09-26,25,22.9,29.1,,2.1,81.4,5.4,
170,완도,2023-09-27,24.2,22.1,28,,2.5,78.5,6,
170,완도,2023-09-28,24.1,20.9,28.8,,1.8,74.1,8,
170,완도,2023-09-29,22.9,19.1,28.3,,1.1,71.4,9.6,
170,완도,2023-09-30,19.9,16.8,24.6,2.2,1.3,76.8,4.7,
172,고창,2023-05-20,19.4,15.7,26.5,,2.6,73.3,10.6,26.47
172,고창,2023-05-21,16.6,13.5,20.6,0,2.6,75.9,3.5,17.56
172,고창,2023-05-22,15.5,12.6,20.7,.1,2.1,76.9,3.5,11.03
172,고창,2023-05-23,17.5,10.8,24.4,,2.4,60.8,12.7,30.26
172,고창,2023-05-24,18.6,11.6,25.2,,1.8,59.9,5,19.06
172,고창,2023-05-25,19.8,15.1,26.6,,2.3,49.8,6.4,24.59
172,고창,2023-05-26,20.8,15.3,24.6,0,1.9,59.4,1.5,12.89
172,고창,2023-05-27,22.8,21.1,26.9,0,3.8,64.4,1.4,12.28
172,고창,2023-05-28,22.5,20,25.1,4,3.9,80.3,0,5.78
172,고창,2023-05-29,20.7,19.9,22.4,74.3,2.8,89.1,0,2.62
172,고창,2023-05-30,22,19.9,26,1.1,2.4,79.8,1.3,14.25
172,고창,2023-05-31,21.9,18.3,27.7,1.1,2.2,70.9,9.5,25.89
172,고창,2023-06-01,19.9,16.5,22.8,.6,2.1,76.4,.1,9.89
172,고창,2023-06-02,20.6,17.7,24.8,.4,3.3,75.3,8.5,25.76
172,고창,2023-06-03,20,14.5,25.9,,2.6,63.6,13.2,31.06
172,고창,2023-06-04,20.5,14.6,25.8,,2,60.8,9.9,25.8
172,고창,2023-06-05,20.2,16.7,24.6,,1.8,66.5,4.3,15.75
172,고창,2023-06-06,19.7,15.7,25.9,,2.5,68.8,11.9,29.15
172,고창,2023-06-07,20.9,15.4,27.2,,2.6,68.3,9.2,24.06
172,고창,2023-06-08,21.9,17.6,28.5,0,2.9,64.5,6,22.68
172,고창,2023-06-09,24.1,18.7,30.4,.2,2.4,56,9.5,27.99
172,고창,2023-06-10,23.3,18.7,31.5,.5,3.7,62,4.6,18.62
172,고창,2023-06-11,22.6,19.3,27.8,.1,2.6,71,5.5,18.93
172,고창,2023-06-12,21.9,18.3,27.6,0,2.1,70.5,8.4,27.43
172,고창,2023-06-13,21.8,17.5,27.3,,2.2,65,12.4,27.38
172,고창,2023-06-14,21,16.7,27.2,,1.9,66.4,11.9,29.56
172,고창,2023-06-15,21.1,15.6,26.9,,2.4,65,13.1,29.81
172,고창,2023-06-16,22.1,15.5,28.7,,2,65.5,13.1,30.29
172,고창,2023-06-17,22.2,17.2,30,,1.8,62.8,7.7,22.71
172,고창,2023-06-18,23.1,18.8,29.5,,2.1,60.1,9.9,28.38
172,고창,2023-06-19,24,17.6,32.6,,2.3,64.1,9.9,25.19
172,고창,2023-06-20,23.2,19.6,28.3,2.8,2.6,63.6,3.5,12.48
172,고창,2023-06-21,21.6,20,23.8,0,3.7,78.4,0,6.34
172,고창,2023-06-22,21.9,19,26,,2.6,73.1,4.2,16.62
172,고창,2023-06-23,24.1,17.6,29.8,,2.1,66.5,10.4,27.84
172,고창,2023-06-24,25.2,21.1,31.4,,2.3,61.8,6.7,21.84
172,고창,2023-06-25,23.4,19.8,28.8,3.2,3.7,68.1,2.2,13.86
172,고창,2023-06-26,24.6,21.7,26.5,25.8,5,82.6,0,5.58
172,고창,2023-06-27,26.2,22.7,30.3,,3.9,74.8,6.6,22.54
172,고창,2023-07-14,,25.2,26.9,,,,,
172,고창,2023-07-15,24.9,23.1,26.3,84.7,4.9,94.9,0,
172,고창,2023-07-16,24.5,22.8,27.8,12.8,2.7,91.3,.4,
172,고창,2023-07-17,26.2,23,31.9,81.1,3.4,87.8,5.1,
172,고창,2023-07-18,,23.4,25.1,,,,,
172,고창,2023-07-19,25.6,22.7,30.1,,2.8,86.3,,
172,고창,2023-07-20,25.6,21.5,31.1,,1.5,86.3,7.3,22.73
172,고창,2023-07-21,27.2,21.3,33.7,,2,72.6,9.1,26.4
172,고창,2023-07-22,24.6,21.6,26.5,17.6,4.9,86,.4,3.59
172,고창,2023-07-23,25.9,24,27.6,108.5,3.9,92.4,0,3.49
172,고창,2023-07-24,26,22.3,29.6,37,2.9,88.9,2.7,14.75
172,고창,2023-07-25,27.4,24.4,30.8,14.7,2.8,82.3,3.3,17.21
172,고창,2023-07-26,27,23.7,31.2,.6,2.4,84.6,4.4,16.5
172,고창,2023-07-27,27.3,23.4,33,0,1.9,82.9,6.3,21.01
172,고창,2023-07-28,27.6,24.1,33.2,,2.1,81.1,3.9,18.93
172,고창,2023-07-29,28.2,23.9,34.2,.5,2,78.4,9.5,24.9
172,고창,2023-07-30,26.9,22.9,33.4,15.2,2,84.4,8.6,23.38
172,고창,2023-07-31,27.5,22.9,33.3,4.3,1.6,82.9,11.3,27.55
172,고창,2023-08-01,28.9,23.9,35.3,,1.3,80.5,11.2,26.49
172,고창,2023-08-02,28.7,24.7,33.9,,1.5,79.9,11,26.03
172,고창,2023-08-03,29.1,23.7,35.3,,1.4,75.8,10.1,26.49
172,고창,2023-08-04,29,24.1,34.8,,1.5,77.4,9.2,21.46
172,고창,2023-08-05,28.9,24.1,34.8,,2,78.6,13,27.78
172,고창,2023-08-06,28.5,24.5,34.6,2.6,2.2,80.1,11.6,26.64
172,고창,2023-08-07,27.7,24.6,33.7,7.9,1.8,87,8.5,22.45
172,고창,2023-08-08,28.8,24.4,34.8,7.8,2,81.6,11.8,26.97
172,고창,2023-08-09,26.6,24.1,29.8,0,5,86.1,1.3,10.78
172,고창,2023-08-10,23.3,22.1,24.1,23.7,6.9,90.3,0,7.24
172,고창,2023-08-11,26.3,23.5,30.5,0,3.5,80.8,4.2,18.28
172,고창,2023-08-12,26.4,22.5,31,0,2.2,79.1,7.4,19.28
172,고창,2023-08-13,27.3,22.1,32.9,,1.7,79.6,10.2,24.11
172,고창,2023-08-14,27.4,23.6,32.8,,1.7,83.3,7,20.92
172,고창,2023-08-15,26.8,23,31.5,,2,83.6,8.4,20.8
172,고창,2023-08-16,26.7,23.2,31.8,,1.9,81.3,10.9,25.83
172,고창,2023-08-17,26.4,21.2,31.4,,1.7,82.3,9.6,21.66
172,고창,2023-08-18,26.9,22.8,32.9,.4,2,80.5,9.2,23.91
172,고창,2023-08-19,27.5,24.7,31.7,,1.9,80.6,10.4,21.85
172,고창,2023-08-20,27.7,23.4,33.5,,1.7,77.1,11.1,23.76
172,고창,2023-08-21,28.4,23.5,34,,3,75.5,10.4,23.81
172,고창,2023-08-22,27.6,24.5,33.6,12.2,3.7,80.8,6,20.03
172,고창,2023-08-23,24.9,22.9,28.7,76.2,2.4,93.6,.1,4.51
172,고창,2023-08-24,25.4,23.3,28.6,.6,1.7,89.9,1,10.19
172,고창,2023-08-25,25.8,21.8,30,,2.7,82.3,10.8,25.73
172,고창,2023-08-26,24.6,19.5,30.8,0,2.1,81.1,10.6,23.59
172,고창,2023-08-27,25.9,20.5,32.5,,1.4,79.1,7.6,21.38
172,고창,2023-08-28,27,24.5,30.8,3.3,3.8,78.9,3.5,13.83
172,고창,2023-08-29,25.1,23,27.5,16.7,3.1,91.8,0,5.39
172,고창,2023-08-30,21,18.4,23.1,12.9,1.6,93.3,0,4.63
172,고창,2023-08-31,22.1,18.4,27.1,,2,85.6,5.9,19.41
172,고창,2023-09-01,23.3,18.5,29.4,,2.8,82.1,10.2,23.57
172,고창,2023-09-02,24.2,20.1,27.8,0,2,86.1,1.9,14.43
172,고창,2023-09-03,26.9,23.1,32,0,2.2,81,5.7,19.19
172,고창,2023-09-04,26.6,22.4,32,,1.8,82.9,8.8,23.2
172,고창,2023-09-05,26.3,22.8,31.9,,1.5,82.1,6.4,19.13
172,고창,2023-09-06,25.7,20.8,31.3,,1.8,81.9,10.6,22.06
172,고창,2023-09-07,24.5,19.7,30.6,,1.7,68.9,12.2,25.34
172,고창,2023-09-08,22.9,16.8,29.1,,1.7,72.1,12.1,24.98
172,고창,2023-09-09,23.1,17.1,29.6,,1.6,78.3,10.8,23.7
172,고창,2023-09-10,23.7,19.2,28.8,,1.5,81.5,8.4,18.61
172,고창,2023-09-11,24.2,19.2,30.6,,1.6,76.4,10.3,23.17
172,고창,2023-09-12,23.2,18.6,28.7,,1.2,79.5,1.4,13.55
172,고창,2023-09-13,20.8,19.5,22.7,34.3,2.8,91.8,0,4.07
172,고창,2023-09-14,22.1,19.6,25.5,9.8,1.9,91.8,.7,9.51
172,고창,2023-09-15,23.7,21.3,27.9,57.9,2.1,93,.6,7.93
172,고창,2023-09-16,24.1,22.3,29.1,34.7,2.6,92.1,.9,6.5
172,고창,2023-09-17,24.1,21.7,29,0,1.1,90.3,3.4,14.01
172,고창,2023-09-18,24,20,29.3,,1.7,86,10.4,21.89
172,고창,2023-09-19,23,19.3,29.3,,1.2,83.3,5.7,17.23
172,고창,2023-09-20,23.4,19.9,26.7,20,3.4,91.5,0,2.89
172,고창,2023-09-21,19.9,17.4,23.6,3.1,2.9,90.6,0,6.96
172,고창,2023-09-22,18.7,14,24.9,,2.4,83.3,8.1,19.76
172,고창,2023-09-23,19,14.1,25.8,,1.9,81.9,3.1,12.87
172,고창,2023-09-24,20.7,14.1,28,,1.8,71.8,9,19.33
172,고창,2023-09-25,21.7,18,27.1,1.4,1.7,79,1.3,11.69
172,고창,2023-09-26,22.8,20,25.3,3,2.9,87.3,.2,5.68
172,고창,2023-09-27,21.5,19.8,24.7,1.4,1.6,93.8,.1,6.75
172,고창,2023-09-28,21.5,18.3,26.5,1.2,1.5,86.4,6.9,17
172,고창,2023-09-29,19.5,15.8,25.1,,1.2,82.5,2,14.68
172,고창,2023-09-30,18.2,14.8,23.1,7.5,1.9,83.4,7.6,17.94
174,순천,2023-05-20,19.3,12.4,25.9,,1.7,81.8,7.1,
174,순천,2023-05-21,19.2,14.9,25.6,,3.6,74.8,10.5,
174,순천,2023-05-22,15.6,11.5,19.3,.8,1.6,78.3,.8,
174,순천,2023-05-23,16.3,9.3,25.5,0,1.6,77.3,10,
174,순천,2023-05-24,17.2,9.5,24.1,,1.2,71.4,5.6,
174,순천,2023-05-25,18.2,13.5,24.1,,1.5,69.9,8.2,
174,순천,2023-05-26,18.9,12.2,24.3,0,1.3,81.9,1.3,
174,순천,2023-05-27,21,19,24.4,.4,2.2,82.1,1.8,
174,순천,2023-05-28,21.1,19.1,23.7,6.9,1.4,95.9,.2,
174,순천,2023-05-29,21.5,20.1,23.1,18.6,.7,99.1,0,
174,순천,2023-05-30,19.4,18.4,21.5,10.4,1.2,95.6,0,
174,순천,2023-05-31,19.9,13.5,26.2,5.7,1.6,75.6,11.1,
174,순천,2023-06-01,16.5,12.9,18.8,7.4,.5,97.6,0,
174,순천,2023-06-02,22.3,17.4,28.4,2.5,2.8,70.3,11.1,
174,순천,2023-06-03,20.3,13.2,27.6,,2.4,66.6,12.3,
174,순천,2023-06-04,19.6,11.4,27.3,,1.7,60.8,9,
174,순천,2023-06-05,19.8,15.4,24.4,,2.3,67.9,2.3,
174,순천,2023-06-06,20.2,14.6,27.1,,1.4,77.9,6.6,
174,순천,2023-06-07,21,13.3,28.9,,1.3,76.4,10.3,
174,순천,2023-06-08,20.5,16.6,26.5,,1.4,81.4,6.8,
174,순천,2023-06-09,21.7,14.6,30.3,,1.6,75.9,9.2,
174,순천,2023-06-10,21.8,17.8,26.7,,2.1,80.4,7.3,
174,순천,2023-06-11,22.7,19.1,28.5,,1.8,79.9,6.7,
174,순천,2023-06-12,22.2,16.4,30.2,0,1.2,80.5,7.3,
174,순천,2023-06-13,22.1,16.8,29,,1.4,71.1,10.1,
174,순천,2023-06-14,20,15.1,28.1,4.7,1.4,81.8,4.4,
174,순천,2023-06-15,20.5,13.8,28.5,,1.2,78.3,8.6,
174,순천,2023-06-16,22.1,13.5,30.7,,1.1,70.6,12.8,
174,순천,2023-06-17,23,16.3,30.4,,1.2,72.9,8,
174,순천,2023-06-18,24.6,19.2,32.7,,1.6,69.3,8.5,
174,순천,2023-06-19,23.8,16.8,31.1,,1.6,74.8,9.4,
174,순천,2023-06-20,22.2,19,27.4,10,2.1,73.6,4.6,
174,순천,2023-06-21,21.2,19.3,23.4,6.5,1.8,93.8,.1,
174,순천,2023-06-22,22.3,19.3,27.4,,3,74.8,6.7,
174,순천,2023-06-23,22.8,17.2,30.6,,1.9,76.6,11.3,
174,순천,2023-06-24,22.3,17.8,28.5,,1.6,81.5,6,
174,순천,2023-06-25,20.7,18.5,24.7,17.1,1.5,92.1,.1,
174,순천,2023-06-26,23.6,20.2,26.8,38.3,1.7,95.5,.2,
174,순천,2023-06-27,24.6,20.1,30,75.9,1.9,89.9,1.4,
174,순천,2023-06-28,,20.3,24.5,106.2,.5,,0,
174,순천,2023-06-29,23.7,22,25,11.5,1.6,97.8,0,
174,순천,2023-06-30,23.7,22.3,26,22.1,1.1,94.5,.2,
174,순천,2023-07-01,23.6,21.3,27,.8,1.2,95.1,.3,
174,순천,2023-07-02,24.9,21.1,30.3,,1.2,88.5,6,
174,순천,2023-07-03,25.6,22.5,30.6,0,1.7,86.4,3.7,
174,순천,2023-07-04,22.6,21.9,23.6,34.5,1.2,98.8,0,
174,순천,2023-07-05,24.4,19.3,29.8,34.3,1.8,84.6,8.4,
174,순천,2023-07-06,24.3,17.4,32.4,,1.1,82,6.7,
174,순천,2023-07-07,21.7,20.6,23.1,57.9,1.1,99,0,
174,순천,2023-07-08,23.6,20.5,27.2,1,.7,96,.7,
174,순천,2023-07-09,24.8,23,26.5,.1,1,97,0,
174,순천,2023-07-10,25.6,21.1,28.9,3.7,1.8,91,4.7,
174,순천,2023-07-11,24.2,22,26.7,27.1,1.1,97.9,0,
174,순천,2023-07-12,24.5,22.2,28,34,1,97.5,0,
174,순천,2023-07-13,25.2,24,27.9,2,1.1,94.1,0,
174,순천,2023-07-14,24.9,24.3,25.9,35.8,2.3,94.8,0,
174,순천,2023-07-15,24.9,21.1,27.1,30.9,2,91.6,0,
174,순천,2023-07-16,23.3,20.9,28.9,57.4,1,97,1.3,
174,순천,2023-07-17,24.6,22.5,30.4,88.8,.9,96.5,1.4,
174,순천,2023-07-18,24.1,22.8,26.1,93.1,1.1,99,0,
174,순천,2023-07-19,25.1,23.2,29.4,2,1.4,92.3,2.1,
174,순천,2023-07-20,25.7,22.2,31.6,,1.1,86.6,5.3,
174,순천,2023-07-21,24.8,21.2,31.1,,1.5,87.1,7.9,
174,순천,2023-07-22,23,20.7,25.9,3.5,1.2,96.5,0,
174,순천,2023-07-23,25.8,24.4,28,15.8,1.7,92,.1,
174,순천,2023-07-24,24.9,23.2,28.3,69.7,1.3,96,.6,
174,순천,2023-07-25,25.9,23,29.8,0,1.2,89.6,2.3,
174,순천,2023-07-26,25.3,22.4,30.5,6.3,1,94.6,2.8,
174,순천,2023-07-27,26.4,23,32.2,0,1,87.9,6.7,
174,순천,2023-07-28,25.6,22.2,30.6,,.8,88.6,.8,
174,순천,2023-07-29,27.3,21.6,33.2,0,1,82,10.6,
174,순천,2023-07-30,26.4,22,31.5,,1.3,84.1,8.6,
174,순천,2023-07-31,26.8,21,33.7,0,.9,82.4,8.7,
174,순천,2023-08-01,27.3,21.7,33.8,,1.1,81,11.4,
174,순천,2023-08-02,27.9,21.5,34.4,,.9,79.8,10,
174,순천,2023-08-03,27.4,22.9,33.6,,1.4,79.1,11.9,
174,순천,2023-08-04,26.8,21.8,32.4,,1.1,83.9,6.6,
174,순천,2023-08-05,28.2,21.5,35.6,,.9,81.8,9.2,
174,순천,2023-08-06,28.5,23.8,34.5,,1.2,81.6,10.4,
174,순천,2023-08-07,27.1,23.2,35,13.2,1.2,86.5,6.4,
174,순천,2023-08-08,28,22.5,34.6,,1,82.6,9.5,
174,순천,2023-08-09,24.5,22.9,28,23.9,1.1,98.1,0,
174,순천,2023-08-10,22.9,20.5,25,75.2,3.6,92,.8,
174,순천,2023-08-11,25.3,20.2,30.4,,1.5,83.9,8.4,
174,순천,2023-08-12,25.3,20.6,31.2,0,1.5,83.8,8.9,
174,순천,2023-08-13,25.7,21,31.5,,1,85,6.8,
174,순천,2023-08-14,26.6,22,32.2,,.9,83.6,7.7,
174,순천,2023-08-15,26.6,22.8,32.8,0,1.2,85.3,6.1,
174,순천,2023-08-16,26.5,23.6,32,,1.1,87.3,5,
174,순천,2023-08-17,25.7,21.9,31.4,,1.2,87,6.6,
174,순천,2023-08-18,25.9,21.7,30.7,0,1.2,86.3,3.6,
174,순천,2023-08-19,26.6,22.8,31.6,,1.2,87.4,3.1,
174,순천,2023-08-20,27.2,23.5,32.7,,1.2,84.4,9.8,
174,순천,2023-08-21,26.6,22.5,31.5,,1.3,85.5,7.1,
174,순천,2023-08-22,26.2,24.2,30.6,15.9,1.6,89.5,2.4,
174,순천,2023-08-23,25.7,23.6,29.6,32.2,1.9,91.9,1.9,
174,순천,2023-08-24,24.2,22.5,28.4,48.8,.7,99.3,.6,
174,순천,2023-08-25,24.8,20.1,30.8,,1.4,82,9.1,
174,순천,2023-08-26,24.5,18.5,30.8,,1,81.5,11.3,
174,순천,2023-08-27,25.4,20.1,30.8,0,1.1,82.1,8.8,
174,순천,2023-08-28,25,22.8,26.9,15.7,2,88.9,1.2,
174,순천,2023-08-29,25.9,23.7,28.4,37.8,1.9,92.1,.7,
174,순천,2023-08-30,22.4,21,24.9,63.1,1.7,98.4,0,
174,순천,2023-08-31,24,20.7,28.3,0,2.2,85.8,7.1,
174,순천,2023-09-01,24.6,20.5,30.9,,1.3,86.6,5.1,
174,순천,2023-09-02,23.6,20.7,26.9,5.1,.9,91,1.4,
174,순천,2023-09-03,25.1,22,30.3,17.9,1,88.4,6.1,
174,순천,2023-09-04,24.1,21.5,31.7,4.5,1,92.3,4.8,
174,순천,2023-09-05,24.7,20.7,30.6,,.7,87.3,7,
174,순천,2023-09-06,24.1,19.3,31.3,0,.8,85.8,7.5,
174,순천,2023-09-07,22.5,16.6,29.3,,1,79.1,10.2,
174,순천,2023-09-08,21.3,14.3,29.3,,.7,79.3,10.1,
174,순천,2023-09-09,22.5,15.8,30.7,,.8,80.6,10.8,
174,순천,2023-09-10,22.3,18.3,28.7,,.6,85.3,5.2,
174,순천,2023-09-11,23.2,17.8,30.1,,.9,85.4,6.3,
174,순천,2023-09-12,23.4,19.2,29.4,,.8,85.3,4.4,
174,순천,2023-09-13,23.1,20.9,26.1,16.5,.5,92.9,.1,
174,순천,2023-09-14,21.9,20.1,24,16.6,1,98.9,0,
174,순천,2023-09-15,22.8,20.8,26.2,24.1,.8,95.1,0,
174,순천,2023-09-16,22.6,21,25.5,60.6,.7,99.5,.1,
174,순천,2023-09-17,23.8,21.1,28.7,6.8,1.2,88.8,1.7,
174,순천,2023-09-18,23.7,19.8,29.9,,1.1,87,7.8,
174,순천,2023-09-19,22.1,18,28.3,,1.3,87.3,6.2,
174,순천,2023-09-20,21.7,17.6,25.5,61.6,1,97.4,0,
174,순천,2023-09-21,21,18.4,24.9,1.5,2.1,95.3,.1,
174,순천,2023-09-22,20.1,15,26.7,,1.5,85.9,8.4,
174,순천,2023-09-23,18.2,13.5,25.5,,.8,83.4,4.7,
174,순천,2023-09-24,18.2,11.6,26.2,,1.3,78.6,10.6,
174,순천,2023-09-25,19.6,14.1,25.4,,.5,88.9,.8,
174,순천,2023-09-26,21.7,19.5,25.2,.2,.9,93.9,.3,
174,순천,2023-09-27,21.6,18.7,25.5,0,1.5,88.9,2.1,
174,순천,2023-09-28,21.1,16.4,27.2,,1.8,83.9,8.6,
174,순천,2023-09-29,20.3,14.8,27.8,,1.2,79.5,9.2,
174,순천,2023-09-30,18.1,14.4,22.8,2.1,2.3,82.5,4.9,
177,홍성,2023-05-20,19.2,15.3,25.6,,2.5,76.3,12.9,27.7
177,홍성,2023-05-21,17.1,14.9,21.4,0,2.6,80.1,5.7,18.44
177,홍성,2023-05-22,17.5,14.6,23,0,1.6,75.1,5.1,15.91
177,홍성,2023-05-23,18.7,12.2,25.6,,1.4,64.3,12.3,25.72
177,홍성,2023-05-24,19.3,11.6,26,,1.6,55,7.1,19.04
177,홍성,2023-05-25,20,12.7,26.8,,1.6,51.8,11.1,27.68
177,홍성,2023-05-26,20.8,14.4,26.6,.3,1.3,65.6,9.1,23.64
177,홍성,2023-05-27,20.1,18.6,21.5,9.4,.7,93.5,0,3.9
177,홍성,2023-05-28,20.1,18.3,21.3,69.2,2.3,97,0,3.07
177,홍성,2023-05-29,21.2,18.8,23.5,12.6,1.3,94.6,0,9.14
177,홍성,2023-05-30,23.1,18.9,28.7,0,1.6,77.3,5.7,20.57
177,홍성,2023-05-31,21.9,19.3,26.8,,1.1,75.3,6.1,19.96
177,홍성,2023-06-01,21.9,18.7,26.7,,1.2,74.6,4.4,15.28
177,홍성,2023-06-02,20.2,16.5,25.4,,1.7,79.5,7.3,20.61
177,홍성,2023-06-03,21.7,14.6,27.6,,2.1,54.9,13.4,29.94
177,홍성,2023-06-04,21.8,16.1,28,,2.4,63.9,11,24.78
177,홍성,2023-06-05,21.1,17.4,25.8,,2.3,70.5,10.8,24.91
177,홍성,2023-06-06,20.2,15.7,26.4,,1.6,75.4,11,24.72
177,홍성,2023-06-07,21,18.2,25.2,,2.3,77.9,7.2,19.81
177,홍성,2023-06-08,21,18.2,24.8,.1,2.4,80.1,3.6,14.83
177,홍성,2023-06-09,23.4,18.9,28.6,1.2,1.8,66.5,11.3,26.7
177,홍성,2023-06-10,23.3,19.5,28.7,0,1.8,68.6,6.1,18.21
177,홍성,2023-06-11,22.7,18.4,28.3,0,1.4,74.4,9.8,23.8
177,홍성,2023-06-12,22.1,16.8,27.7,,1.3,72.6,8.4,23.08
177,홍성,2023-06-13,21.9,17.9,26.8,,1.8,71.1,12.7,27.68
177,홍성,2023-06-14,21.1,16.6,27.7,,1.3,75.4,9.1,23.54
177,홍성,2023-06-15,21.4,15.7,27.2,0,1.4,74.5,11.5,22.83
177,홍성,2023-06-16,22.8,16,29.5,,1.5,72.6,13.1,27.78
177,홍성,2023-06-17,23.2,17.2,30,,1.4,69.1,10.4,25.47
177,홍성,2023-06-18,24.2,18.5,30.9,,1.2,63.4,11,26.19
177,홍성,2023-06-19,25.2,18.2,32.8,,1.6,65.3,11.1,24.44
177,홍성,2023-06-20,22.5,19.8,26,18.3,1,78.9,1.4,8.12
177,홍성,2023-06-21,21.1,19.6,24.6,12.3,1.2,94.9,.9,6.76
177,홍성,2023-06-22,22.6,19,26.8,,2.1,82.1,9.4,24.6
177,홍성,2023-06-23,24,19.7,30.1,,1.1,82.5,5.4,18.66
177,홍성,2023-06-24,25.3,20.4,30.8,,1.4,78.3,12.7,27.57
177,홍성,2023-06-25,26,20.3,32,,1.3,73.1,9.7,23.35
177,홍성,2023-06-26,24.1,21.7,26.4,20.4,2.5,95.5,.1,6.32
177,홍성,2023-06-27,25.3,21.8,30.1,1.8,2.7,80.5,10.8,26.25
177,홍성,2023-06-28,24.4,21.8,27.6,0,1.7,92.1,1.2,7.54
177,홍성,2023-06-29,24.1,23.3,25.1,45.7,1.9,98.5,0,1.42
177,홍성,2023-06-30,24.9,22.9,27.9,.5,1.5,93.4,3.5,13.19
177,홍성,2023-07-01,26.4,22.4,32.3,,1.2,85.5,8,22.6
177,홍성,2023-07-02,25.6,22.4,30,,1.3,90.9,5.9,17.45
177,홍성,2023-07-03,27.2,22,33.1,,1.5,81.8,9.2,23.75
177,홍성,2023-07-04,24.9,24,26.2,60.3,1.6,99,0,3.04
177,홍성,2023-07-05,24.5,22.8,27.4,26.5,3.4,87,8.5,21.33
177,홍성,2023-07-06,26.3,21.8,30.5,,2.3,73.6,8.9,23.73
177,홍성,2023-07-07,22.8,20.6,26,2.2,1.5,96,.2,7.04
177,홍성,2023-07-08,24.4,20.5,29.8,0,1.2,93.4,3.4,13.46
177,홍성,2023-07-09,25.8,23.1,28.9,2.6,1.7,94.8,2.4,9.41
177,홍성,2023-07-10,26.7,23.1,30.8,7.5,2.2,84.9,10.4,24.63
177,홍성,2023-07-11,25.1,23.5,26.9,3.7,1.8,94.9,.1,7.09
177,홍성,2023-07-12,26.3,24.2,29.1,.1,1.9,92.1,4.9,17.04
177,홍성,2023-07-13,25.5,24.9,26.3,23.1,1.3,98.9,0,1.99
177,홍성,2023-07-14,24.8,24.1,25.7,182.2,3.3,99,0,1.48
177,홍성,2023-07-15,23.9,22.5,25.3,63.5,2.2,97.8,0,3.35
177,홍성,2023-07-16,24.9,22.6,27.7,.1,1.5,94.9,.8,8.28
177,홍성,2023-07-17,25.3,22.6,28.8,10.9,1.5,94.8,2.6,14.3
177,홍성,2023-07-18,24.2,23.4,25.6,18.5,1.2,98.6,1.1,4.41
177,홍성,2023-07-19,25.7,21.7,31.3,,1.2,88.5,10,25.13
177,홍성,2023-07-20,26.2,21.4,31.4,,1.2,87.8,8,19.04
177,홍성,2023-07-21,27.6,21.5,34.2,.1,1,81.5,11.8,25.86
177,홍성,2023-07-22,25.2,23.1,29.2,16.3,1.7,90.4,3.6,8.74
177,홍성,2023-07-23,25,24.5,25.6,126.6,1.5,98.6,0,1.4
177,홍성,2023-07-24,26.5,24.3,29.9,1.1,1.6,91.3,5.9,17.2
177,홍성,2023-07-25,27.2,25.1,29.7,.2,1.9,89.3,4.6,16.53
177,홍성,2023-07-26,28.1,24.6,31.8,0,1.9,84.1,11.3,23.86
177,홍성,2023-07-27,27.1,22.8,32.4,.9,.9,90.4,9.9,19.56
177,홍성,2023-07-28,28.8,23.6,33.6,0,1.2,79.3,11.7,25.16
177,홍성,2023-07-29,28.7,24.2,34.1,,1.1,79.5,10.8,24.66
177,홍성,2023-07-30,28.5,23.8,33.3,15.8,1.4,82.9,12.3,26.07
177,홍성,2023-07-31,27.5,24.5,31.7,,1.4,86.6,7.7,19.21
177,홍성,2023-08-01,28.4,23.3,34.4,,.8,85.3,11.8,24.5
177,홍성,2023-08-02,28.4,24.2,34.2,,1.2,79.8,11.1,24.96
177,홍성,2023-08-03,28.5,22.8,34.4,,1.2,77.1,12.3,24.53
177,홍성,2023-08-04,29.1,24.1,34.4,,.9,80.4,11.2,23.44
177,홍성,2023-08-05,28.6,24.8,33.7,,1,82.9,9.9,20.68
177,홍성,2023-08-06,28.1,23.4,34.4,,1.2,87.1,10.2,23.12
177,홍성,2023-08-07,28.5,24.8,34.2,,1.1,88.5,8.2,18.57
177,홍성,2023-08-08,29.8,25.8,33.7,,1.7,80.4,12.2,24.77
177,홍성,2023-08-09,27.7,24.6,30.9,.7,2.5,85.9,5,15.06
177,홍성,2023-08-10,22.9,22.1,24.6,76.6,4,97.5,0,2.98
177,홍성,2023-08-11,25.3,22.5,27.3,30.6,2.6,94.4,0,6.7
177,홍성,2023-08-12,25.5,22.1,29.7,5.3,1.5,92.9,3.4,13.7
177,홍성,2023-08-13,26.8,23.4,31.8,,1,84.1,8.3,19.14
177,홍성,2023-08-14,27.3,22.8,33.3,,1,85.4,9.1,21.55
177,홍성,2023-08-15,27,23.4,31.9,,1.1,88.8,7.9,18.79
177,홍성,2023-08-16,26.6,22.5,31.8,,1.6,82.8,10.6,24.7
177,홍성,2023-08-17,26.2,21.3,31.9,,1.1,84.1,11.6,23.09
177,홍성,2023-08-18,27.5,23.4,32.8,0,.9,82,8.3,19.09
177,홍성,2023-08-19,27.5,23.9,32.2,,1.2,81.4,10.2,21.87
177,홍성,2023-08-20,27.4,23,32.4,,1,85.9,6.6,19.31
177,홍성,2023-08-21,28.1,23.6,33.2,3,1.4,83.8,8.8,21.07
177,홍성,2023-08-22,27.9,25.3,32.6,1.7,2,86.3,5.7,15.2
177,홍성,2023-08-23,24.6,22.7,27.4,39.8,1.1,99,.5,4.04
177,홍성,2023-08-24,26.2,23.9,30.4,4.1,1.4,92.6,4.3,15.56
177,홍성,2023-08-25,26.2,22.2,30.4,0,1.8,82.9,10,22.17
177,홍성,2023-08-26,24.1,20.4,29.9,,.9,88.9,7.7,18.27
177,홍성,2023-08-27,25.1,19.6,30.3,1.9,.7,90.9,3.2,14.64
177,홍성,2023-08-28,24.6,22.2,27.4,6.6,1.1,95.4,.1,4.96
177,홍성,2023-08-29,24.4,21.8,26.8,21.2,1.8,95.8,0,3.72
177,홍성,2023-08-30,22,20.7,24.1,7.7,.4,98.4,0,3.39
177,홍성,2023-08-31,22.6,18.7,27.1,0,1.1,89.8,6,14.94
177,홍성,2023-09-01,22.9,17.6,29.3,,1.2,77.9,9.3,22.19
177,홍성,2023-09-02,23.9,17.4,30,0,1.2,85,11.6,23.49
177,홍성,2023-09-03,25.9,22.6,31.7,3.7,.5,92.1,5.6,15.3
177,홍성,2023-09-04,26.3,23.5,28.9,.3,.9,94.6,1.2,9.82
177,홍성,2023-09-05,26.7,23.5,30.8,,1,87.4,7.2,17.95
177,홍성,2023-09-06,26,21.5,31.1,,1.2,86.1,11.5,22.74
177,홍성,2023-09-07,24.8,20.2,30.1,,1.4,71.9,12.1,23.55
177,홍성,2023-09-08,22.9,17.4,28.7,,1.2,76.1,12,23.2
177,홍성,2023-09-09,23.9,17.8,29.8,,.9,81.4,8.4,18.04
177,홍성,2023-09-10,23.8,18.8,29.5,,.8,81.6,7.4,15.08
177,홍성,2023-09-11,23.9,19.9,29.3,,.9,81.5,7.9,16.79
177,홍성,2023-09-12,23.9,19.4,29.4,,1,82.4,8.9,16.62
177,홍성,2023-09-13,20.6,19.4,22.7,37.4,1,98.6,0,2.17
177,홍성,2023-09-14,22.5,19.8,25.5,1.1,2.1,95.1,1.2,10.56
177,홍성,2023-09-15,22.6,21,24.2,18.3,1.2,98.8,.1,4.98
177,홍성,2023-09-16,23.9,22.1,27.8,29.2,.8,96.9,.4,6.43
177,홍성,2023-09-17,24.3,21.9,28.8,,.9,92.4,6.5,14.56
177,홍성,2023-09-18,24.2,20.3,28.4,1.3,1.4,87.5,9.2,17.54
177,홍성,2023-09-19,23.7,19.4,28.5,,1.1,90.3,5.8,12.92
177,홍성,2023-09-20,21,19.3,22.7,117.1,2.4,99,0,.62
177,홍성,2023-09-21,19.3,15.9,21.9,.3,2.2,89.6,1.1,9.12
177,홍성,2023-09-22,18.6,13,24.8,,1.1,82.4,10.6,19.79
177,홍성,2023-09-23,19.4,14.2,25.4,,1.1,85.5,5.7,13.13
177,홍성,2023-09-24,20.5,14.6,25.5,0,1.7,75.3,9.3,18.26
177,홍성,2023-09-25,21.3,18.1,25.8,7.8,.8,82.8,2,11.15
177,홍성,2023-09-26,21.4,18.8,24.1,49.3,.9,98.8,0,3.03
177,홍성,2023-09-27,22.4,20.7,24.7,1.6,1.6,93.1,.5,7.5
177,홍성,2023-09-28,22.3,18.4,26.9,,1.5,86.5,8.2,15.55
177,홍성,2023-09-29,20,16.9,24.4,,.8,82.3,.1,9.3
177,홍성,2023-09-30,19.2,16,22.7,1.9,2,85.1,6.5,13.9
181,서청주,2023-05-20,20.4,14,27.5,,2.3,70.6,10.6,27.19
181,서청주,2023-05-21,18.8,15.6,24.7,,2.7,68.8,5.7,20.35
181,서청주,2023-05-22,18,13.6,23.6,2.1,1.6,67.5,4,15.93
181,서청주,2023-05-23,18.3,10.8,25.8,,1.5,63.6,11.3,31.09
181,서청주,2023-05-24,19.5,11.6,27.1,,1.4,58.9,7.2,22.37
181,서청주,2023-05-25,20.6,13.6,27.7,,1.7,51.3,10.1,28.91
181,서청주,2023-05-26,21.1,14.4,26.8,.3,1.5,62.1,8.3,26.57
181,서청주,2023-05-27,19.6,17.9,20.8,7,1.5,89,0,4.81
181,서청주,2023-05-28,20.2,18.5,21.9,66,1.4,94.4,0,4.34
181,서청주,2023-05-29,20.7,18.2,22.9,25.8,.7,94.9,.6,5.53
181,서청주,2023-05-30,21.7,16.7,26.5,,2,73.8,5.8,23.89
181,서청주,2023-05-31,21.7,14.1,28.5,,1.7,61.5,13,31.97
181,서청주,2023-06-01,22.4,17.7,28,0,1.4,73,2.6,18.6
181,서청주,2023-06-02,21,17.7,24.8,0,2.3,75.6,8.8,26.46
181,서청주,2023-06-03,21.2,15.5,27.2,,2.2,61.8,13,32.37
181,서청주,2023-06-04,21.8,13.9,28.5,,2.2,58,12,30.8
181,서청주,2023-06-05,21.4,16,27.1,,2.5,65.6,10.4,28.02
181,서청주,2023-06-06,20.8,15.3,27.5,,1.6,69.8,10.9,28.78
181,서청주,2023-06-07,21.7,16.8,26.2,,1.9,72,5.4,20.55
181,서청주,2023-06-08,22.2,18.6,26.2,0,2.3,73.3,5.5,21.33
181,서청주,2023-06-09,23.3,18.7,30.2,0,2,61.6,10.9,30.24
181,서청주,2023-06-10,23.5,19,30.8,0,1.7,65.3,6.9,25.04
181,서청주,2023-06-11,23.1,18.3,29.2,,2.1,73.6,7.6,24.94
181,서청주,2023-06-12,22.6,17.2,28.8,,1.4,70.3,8.7,25.19
181,서청주,2023-06-13,22.5,17.5,28.4,,1.9,69,9.2,25.74
181,서청주,2023-06-14,21.9,16.3,27.7,,1.4,67.5,9.2,26.29
181,서청주,2023-06-15,22.2,15.8,28.6,,1.5,68.3,10,26.24
181,서청주,2023-06-16,23.4,16.1,30.8,,1.6,66.9,13,30.95
181,서청주,2023-06-17,23.9,16.7,31.8,,1.4,60.9,10.8,28.59
181,서청주,2023-06-18,25.3,18.8,33.2,,1.3,59.4,11.4,29.2
181,서청주,2023-06-19,26.4,18.7,32.6,,2,63.4,11.2,28.26
181,서청주,2023-06-20,23.3,19.9,27.2,8.8,2.1,65.6,1.8,13.22
181,서청주,2023-06-21,20.9,19.3,22.9,14.3,1.6,92.3,0,5.5
181,서청주,2023-06-22,22.9,19.3,27.7,.4,2.7,76.4,7.3,24.19
181,서청주,2023-06-23,24.8,19,30.6,,1.4,72,11.5,29.68
181,서청주,2023-06-24,26.2,20.3,32.9,.2,1.1,71.3,8.7,27.09
181,서청주,2023-06-25,26,20,31.3,0,2.1,66.1,8.6,25.16
181,서청주,2023-06-26,23.9,21.3,26.8,34.1,1.8,90.8,.2,6.35
181,서청주,2023-06-27,26.2,23.1,31.1,2.2,2.9,74.5,9,27.84
181,서청주,2023-06-28,24.1,20.1,27.7,1.1,2,81.5,3.2,14.62
181,서청주,2023-06-29,24.7,23.4,26,47.1,1.9,92,0,2.97
181,서청주,2023-06-30,25.1,23.4,28,1.8,2,88.5,.9,12.27
181,서청주,2023-07-01,27.3,23,33.9,,1.1,78.6,8.9,26.67
181,서청주,2023-07-02,27.1,23.4,31,,1.3,80,6.1,21.78
181,서청주,2023-07-03,27.6,22.8,34.3,,1.6,74.9,9.8,28.7
181,서청주,2023-07-04,24.5,23.4,28.2,33.4,1.7,91.1,.5,8.52
181,서청주,2023-07-05,24.6,21,29.4,22.6,3.2,80.6,6,20.15
181,서청주,2023-07-06,25.5,19.8,32,,1.6,74,8.1,25.86
181,서청주,2023-07-07,21.8,19.2,26.3,32.1,1.3,90.4,0,5.15
181,서청주,2023-07-08,24.6,19.7,30.3,1.5,1.4,85.6,3.5,18.85
181,서청주,2023-07-09,26,22.3,30.7,0,1.9,86.1,2.4,13.83
181,서청주,2023-07-10,26,20.9,31.5,34,2.5,79.9,7.8,23.35
181,서청주,2023-07-11,23.9,22.2,26.5,22.4,1.3,91.5,0,6.69
181,서청주,2023-07-12,26.7,23.3,30.8,0,1.8,83.4,5.2,22.28
181,서청주,2023-07-13,25.2,24.2,26.6,21.3,1.3,93,0,3.94
181,서청주,2023-07-14,24.5,23.9,25.8,175.1,3.2,95.1,0,2.05
181,서청주,2023-07-15,23,21.4,24.5,231.9,2,95.8,0,2.33
181,서청주,2023-07-16,24,21.8,27.8,1.6,1.2,91.6,1.3,9.97
181,서청주,2023-07-17,25.7,23.1,31.2,5.1,1.7,87.9,3.5,18.09
181,서청주,2023-07-18,23.3,22.7,24.6,66.4,1.2,95.6,0,4.21
181,서청주,2023-07-19,25.7,21.3,31.8,,1.4,80.3,8.9,27.05
181,서청주,2023-07-20,26,20.9,32,,1.3,80.9,7.9,23.5
181,서청주,2023-07-21,27.4,21.4,34.2,,1,76.9,10.4,28.41
181,서청주,2023-07-22,25.3,22.2,29.5,.9,2,82,4.9,15.32
181,서청주,2023-07-23,24.7,23.5,25.6,26.8,1.3,92.4,0,3.73
181,서청주,2023-07-24,26,23.7,30.1,6.2,1.3,86.4,4.2,16.07
181,서청주,2023-07-25,25.3,22.9,29.2,3,1.7,90,1.7,14.52
181,서청주,2023-07-26,25.2,22.4,31.7,21.2,1.1,89,5.1,18.07
181,서청주,2023-07-27,26.4,22.6,33.4,12.7,1.3,84.5,8.4,26.14
181,서청주,2023-07-28,27.9,22.4,34.3,,1.1,80.3,9.5,26.98
181,서청주,2023-07-29,28.8,24.1,34.8,,1,76.6,11.3,28.08
181,서청주,2023-07-30,27.5,23.7,34.1,2.4,1.2,81.1,7.7,20.63
181,서청주,2023-07-31,27.7,24.3,32,,1.3,80.8,6.8,20.7
181,서청주,2023-08-01,29,23.4,35.8,,1.5,77,11.9,26.91
181,서청주,2023-08-02,28.2,23.8,33.8,,1.3,78.4,7.7,22.69
181,서청주,2023-08-03,28,22.2,34.6,,.9,74.6,9.5,23.91
181,서청주,2023-08-04,29,24,34.5,,1,75.3,10,24.48
181,서청주,2023-08-05,29,24.5,34.3,,1.2,73.6,10.5,24.65
181,서청주,2023-08-06,29.1,23.6,35.4,,1.4,74.8,10.7,25.42
181,서청주,2023-08-07,28.6,24.6,35.6,3.1,1.6,79.3,6.1,18.49
181,서청주,2023-08-08,28.7,24.3,34.4,2.8,2.1,77.9,8.3,23.23
181,서청주,2023-08-09,26,22.5,30.2,25.9,3,82.1,1.4,12.21
181,서청주,2023-08-10,21.5,21,22.8,109.5,5.4,93.9,0,2.52
181,서청주,2023-08-11,24.8,21.3,29,2.2,2.6,85.5,.1,13.48
181,서청주,2023-08-12,24.1,20.9,28.6,3.5,1.5,86.5,3.5,15.52
181,서청주,2023-08-13,26.3,22.2,31.9,,1.1,82,4.9,20.89
181,서청주,2023-08-14,27.6,22.8,33.5,,.9,78.3,8.4,23.96
181,서청주,2023-08-15,27.3,22.8,32.1,,1.6,78.3,9.7,25.6
181,서청주,2023-08-16,26.3,23.1,31.5,,1.2,80.4,6.7,20.41
181,서청주,2023-08-17,25.9,21.4,32.1,4.1,1.2,84.3,5.4,20.67
181,서청주,2023-08-18,26.8,23.1,33.5,9.7,.9,82.4,8.4,21.28
181,서청주,2023-08-19,27.2,22.5,33.1,,1.2,79.6,8.5,23.83
181,서청주,2023-08-20,27.4,23.1,33,1.6,1.2,78.9,9.2,25.15
181,서청주,2023-08-21,27.9,23.7,33.5,,1.1,79.8,6.8,21.86
181,서청주,2023-08-22,26.4,23.2,31.9,4.1,1.4,83.1,3.9,13.43
181,서청주,2023-08-23,26,23.7,30.6,16.6,1.5,87.6,1.5,12.8
181,서청주,2023-08-24,24.9,23.2,29.9,36.6,1.6,93.5,1.3,10.87
181,서청주,2023-08-25,25.2,21.2,30.7,,2,79.4,8.4,21.94
181,서청주,2023-08-26,24,19.6,29.8,,1,80.9,8.2,22.36
181,서청주,2023-08-27,24.9,19.8,30.6,,1.3,80.3,3.9,17.33
181,서청주,2023-08-28,25.2,22.2,27.9,0,2.3,79,.1,9.35
181,서청주,2023-08-29,23.9,20.9,27.5,15.7,2,87.6,0,5.89
181,서청주,2023-08-30,21,20,22.5,22.2,.7,95.4,0,5.02
181,서청주,2023-08-31,21.9,18.2,27.3,,.7,84.5,4,16.37
181,서청주,2023-09-01,21.8,16.6,28.5,,1.2,79.5,7.7,22.29
181,서청주,2023-09-02,23.3,16.3,31.6,,1.4,78,9.9,24.69
181,서청주,2023-09-03,26,21.1,31.9,.9,.9,80.4,6.7,19
181,서청주,2023-09-04,26.4,23,30.7,,1.7,83.3,2.8,17.02
181,서청주,2023-09-05,25.2,21.6,30.4,,1.1,81.3,4.4,16.79
181,서청주,2023-09-06,24.8,19.7,30.2,,2.3,75.6,11.6,25.16
181,서청주,2023-09-07,22.6,16.7,29.1,,1.7,73.8,11.9,25.87
181,서청주,2023-09-08,21.5,15.7,28.2,,1.3,72.8,11.9,25.81
181,서청주,2023-09-09,22.8,15.8,30.9,,.7,74.9,10.8,24.34
181,서청주,2023-09-10,23.1,17.1,30.7,,.9,76.9,8.3,22.45
181,서청주,2023-09-11,23.7,19.2,29.7,,.9,74.1,8.6,21.58
181,서청주,2023-09-12,23.7,19.3,29,,.9,75.4,9.1,18.79
181,서청주,2023-09-13,20.1,18.8,21.8,37.5,1.5,94.8,0,3.95
181,서청주,2023-09-14,21.4,18.6,24.9,4.1,2,89.1,.1,9.58
181,서청주,2023-09-15,21.4,19.8,24.1,12,1.4,93.5,0,6.38
181,서청주,2023-09-16,22.4,20.6,26.9,58,1.1,93.4,1.5,8.97
181,서청주,2023-09-17,23.8,20.7,28.4,.8,.8,87,3.3,15.69
181,서청주,2023-09-18,23.5,19.4,28.2,,1,85.4,5.2,15.86
181,서청주,2023-09-19,22.2,18.4,26.7,,.7,88.3,2.5,13.53
181,서청주,2023-09-20,20.1,18.8,21.6,76.1,2.5,95.4,0,1.68
181,서청주,2023-09-21,18.5,15,22.2,.3,2.5,83.9,.1,8.87
181,서청주,2023-09-22,17.7,13.2,25.6,,1.1,82.6,7.1,18.66
181,서청주,2023-09-23,18.9,12.8,25.6,,1.4,78.8,7.1,16.91
181,서청주,2023-09-24,19.8,13.1,25.8,,2.1,68.3,8.7,20.95
181,서청주,2023-09-25,21.1,17.1,26.7,3.6,1.3,77.5,3.4,15.47
181,서청주,2023-09-26,20.5,19.2,22.7,44.4,.8,95.8,0,2.64
181,서청주,2023-09-27,21.7,20.4,24.4,3.4,1.2,90.6,.2,5.26
181,서청주,2023-09-28,21.4,17.8,27,,1.5,82.6,5.5,15.16
181,서청주,2023-09-29,19.6,16.5,25,,.6,83.6,.7,11.95
181,서청주,2023-09-30,18.5,15.1,23.1,2.9,1.4,81.1,5.9,15.98
184,제주,2023-05-20,19.3,17,23.2,,2.8,82.1,7.4,24.73
184,제주,2023-05-21,17.7,15.9,21.2,,3.2,85.4,5.2,18.64
184,제주,2023-05-22,17.1,15,21.1,.3,2.3,80.1,.8,7.41
184,제주,2023-05-23,18.7,14.1,23.3,,2.4,64.6,12.5,27.91
184,제주,2023-05-24,18.2,15.2,21.1,0,2,77,4.6,13.91
184,제주,2023-05-25,21.4,17.5,26.3,,2.4,57.6,10.6,26.49
184,제주,2023-05-26,22.1,18,26.7,,1.9,75,5.7,21.96
184,제주,2023-05-27,23.4,20.7,26.4,,2.3,71.3,.3,10.05
184,제주,2023-05-28,24.2,21.3,26.9,,2.2,79.1,7.8,23.79
184,제주,2023-05-29,24.3,21,29.9,6.4,2.5,86.1,3,15.85
184,제주,2023-05-30,21,19.6,23.6,32.8,2.7,96.9,0,4.81
184,제주,2023-05-31,20.5,18.4,24.4,10.2,4.2,86.1,6.5,20.27
184,제주,2023-06-01,20.7,19.6,25,16.4,2.4,94.3,2.8,10.37
184,제주,2023-06-02,21.4,19.1,25.4,4.5,2.5,87.4,7.1,21.08
184,제주,2023-06-03,21.3,17.7,24.6,,2.9,71,11.9,29.05
184,제주,2023-06-04,23.1,18.7,28,0,2.3,49.4,4.5,20.39
184,제주,2023-06-05,20.1,17.2,22.5,1.3,2.1,66,0,4.92
184,제주,2023-06-06,18.5,16.7,22.3,22.8,2.8,91.5,4.1,10.54
184,제주,2023-06-07,19.8,15.8,23.4,,2.5,82.6,9.9,24.87
184,제주,2023-06-08,21.2,19.1,26.2,.2,2.1,84.6,4,17.48
184,제주,2023-06-09,22.3,18.6,26.5,,2.4,80.5,10.3,25.64
184,제주,2023-06-10,23.8,19.8,30,,2.8,80.5,9.6,26.26
184,제주,2023-06-11,21.9,19.5,25.3,,2.4,89.9,5,18.74
184,제주,2023-06-12,22.2,20,25.2,,2.2,90.4,5.8,19.45
184,제주,2023-06-13,21.5,19.9,25,0,2,85.5,2.7,11.58
184,제주,2023-06-14,22.7,19.9,26.5,,2.2,70.5,8.9,5.91
184,제주,2023-06-15,22.3,19.2,26.1,,2.4,68.8,12,27.35
184,제주,2023-06-16,22.3,18.7,26,,2.1,60.1,10.7,24.77
184,제주,2023-06-17,23,19.3,27.1,,2.5,69.8,9.4,26.25
184,제주,2023-06-18,23.4,21.9,26.4,0,2,65.4,.4,12.37
184,제주,2023-06-19,24.4,19.4,29.9,,3.4,65.8,10.6,25.38
184,제주,2023-06-20,24.8,22.3,27.4,3.9,3.4,77.3,3.1,10.75
184,제주,2023-06-21,22.3,21.5,23.8,.2,4.2,86.6,0,4.6
184,제주,2023-06-22,23.3,20.7,27.3,,3.9,71,8,23.24
184,제주,2023-06-23,23.5,20.8,26,,2.4,72.1,10.3,26.94
184,제주,2023-06-24,25.3,22.3,29.8,0,3.2,65.9,5.3,19.71
184,제주,2023-06-25,23,21.4,25.4,80.9,2.7,87.1,0,2.42
184,제주,2023-06-26,28.5,21.9,31,0,5.2,68.6,1.6,15.89
184,제주,2023-06-27,27.3,25.8,29.3,13.1,4.9,79,1,8.93
184,제주,2023-06-28,28.6,27,31.2,0,6,72.6,7.7,25.08
184,제주,2023-06-29,28.1,25.2,31.4,.9,5.5,74.6,3.5,18.06
184,제주,2023-06-30,25.8,24.2,28,68.8,4.2,86.5,0,1.5
184,제주,2023-07-01,25.4,23.5,28.4,.8,2.4,82.5,2,13.96
184,제주,2023-07-02,26,24.2,28.7,5.6,2,83.3,4.6,20.62
184,제주,2023-07-03,25.1,24,26.7,40.5,1.8,89.9,0,4.01
184,제주,2023-07-04,27.1,23.9,31.9,,1.5,81.9,.4,14.48
184,제주,2023-07-05,26.6,23.6,30.4,34.5,4.2,75.1,7.4,21.15
184,제주,2023-07-06,24.9,21.8,27.5,,2.3,75.3,11.4,27.59
184,제주,2023-07-07,27.1,24,31.5,.7,2.4,78,0,9.38
184,제주,2023-07-08,26.2,24.9,29.5,43.5,2.5,87,.1,4.48
184,제주,2023-07-09,29.5,25.4,33,15.2,3.3,72,.4,11.31
184,제주,2023-07-10,29.1,25.7,37.3,,3.8,73.5,7.9,23.95
184,제주,2023-07-11,30.2,25.5,33.6,0,4.8,65.6,8.3,25.59
184,제주,2023-07-12,30.2,27,35.1,,5.5,67.4,12,27.61
184,제주,2023-07-13,29.7,26.3,32.5,,4.4,66.9,.1,12.01
184,제주,2023-07-14,30.4,29.1,32.9,,7.9,61.3,3.3,18.06
184,제주,2023-07-15,30.8,28.4,33.5,.4,6.2,65.1,6.9,22.59
184,제주,2023-07-16,28.2,26.4,32.1,11.8,2.2,81.6,5.2,16.32
184,제주,2023-07-17,27.8,26,31.4,20.2,1.8,82.4,1.7,11.24
184,제주,2023-07-18,27.5,25.7,30.9,38.2,3,83.5,1.6,10.32
184,제주,2023-07-19,25.4,24,27.8,.3,3.1,85.1,1.4,10.61
184,제주,2023-07-20,26,25,27.6,0,1.8,83.6,0,8.76
184,제주,2023-07-21,27.6,24.8,30.5,,1.9,70.3,1.2,11.31
184,제주,2023-07-22,26.7,23.9,29.6,52,1.7,79.1,.3,5.75
184,제주,2023-07-23,29.3,27.3,31.8,0,2.8,68.6,.2,10.76
184,제주,2023-07-24,27.6,26.1,30.4,3.1,2.2,79.4,0,7.03
184,제주,2023-07-25,27.4,25.7,29.5,.1,1.4,77.1,.1,9.41
184,제주,2023-07-26,29.3,26.4,33,3,2,73.3,10,24.77
184,제주,2023-07-27,30,26.4,34,0,2.8,68.6,9.6,24.72
184,제주,2023-07-28,28.9,26.9,32.1,3.3,2.6,74.6,2,12.4
184,제주,2023-07-29,30.5,28,34.9,,3.4,62,7,21.34
184,제주,2023-07-30,30,26.5,34.1,,2.5,64.1,9,22.26
184,제주,2023-07-31,29.7,27,32.7,0,3.1,67.8,10.5,23.7
184,제주,2023-08-01,29,27.2,31.1,,3.7,79.3,10.5,24.97
184,제주,2023-08-02,30.2,27.6,33.8,,3.7,71.8,10.2,24.57
184,제주,2023-08-03,31,27.9,34.8,0,3.3,67.8,12.2,27.3
184,제주,2023-08-04,30.7,28.4,34.2,0,3.4,69.4,10.7,24.58
184,제주,2023-08-05,30.2,27.6,33.3,.4,3.2,72,11.2,26.2
184,제주,2023-08-06,30,28,32.8,0,2.8,74.4,7.4,20.62
184,제주,2023-08-07,30.5,28.6,33.1,0,3.2,72.4,7.9,23.01
184,제주,2023-08-08,29.7,27.9,32.5,,3.9,74.9,3.4,15.02
184,제주,2023-08-09,27.3,26.3,29,1.3,7.1,83,0,2.32
184,제주,2023-08-10,27.8,25.9,31,.9,6,76.5,6.3,17.2
184,제주,2023-08-11,29.6,26.6,34.1,.4,4,64.6,10.8,24.36
184,제주,2023-08-12,29.7,27.2,33.3,,2.7,66.6,9.1,22.69
184,제주,2023-08-13,29.2,26.3,32.6,,3,65.3,8.7,21.9
184,제주,2023-08-14,28.9,26.4,32.3,,3.4,69.9,12.1,24.67
184,제주,2023-08-15,29.4,27,32,,2.8,69.9,10.9,24.32
184,제주,2023-08-16,29.6,27.8,33,,2.6,67.9,8.1,21.85
184,제주,2023-08-17,28.3,26.1,31.5,.9,2.4,70.8,6.8,16.2
184,제주,2023-08-18,28.3,26.1,31.2,34.7,3,77.5,9.7,22.61
184,제주,2023-08-19,29,27,32.1,.1,2,76.3,7.9,23.21
184,제주,2023-08-20,29.6,26.7,33.1,,2.5,73,8.6,22.09
184,제주,2023-08-21,30.2,27,33.4,,2.3,68.8,10.9,23.02
184,제주,2023-08-22,29.5,26.5,33.2,7.5,2.1,71.4,5.6,17.25
184,제주,2023-08-23,26.8,25.2,28.8,58.2,1.8,85.5,0,1.5
184,제주,2023-08-24,27,25.5,29.9,18.5,2.9,81.4,2,9.54
184,제주,2023-08-25,28,24.6,31.8,,2.6,65,10.7,25.62
184,제주,2023-08-26,27.2,23.7,30.2,,2.6,67,11,24.68
184,제주,2023-08-27,28.5,24.4,32.6,,3.1,71.8,10.8,23.38
184,제주,2023-08-28,29.6,26.4,33.7,4.1,2.9,69.5,8.3,19.67
184,제주,2023-08-29,28,25.9,32.7,6.3,1.9,82.3,3.5,13.64
184,제주,2023-08-30,23.9,22.1,26,47.7,2.3,87,0,1.38
184,제주,2023-08-31,24.6,21.6,27.8,1.5,2.2,71.4,7.6,20.45
184,제주,2023-09-01,25,23,26.9,2.4,2.1,83,1.1,7.83
184,제주,2023-09-02,27.4,24.6,31,.1,2.2,72.6,7.3,19.31
184,제주,2023-09-03,28.2,24.8,33.3,,2.5,68.1,8.4,22.36
184,제주,2023-09-04,26.7,24.8,28.7,,3.2,78.9,9.8,21.68
184,제주,2023-09-05,26.9,25.1,28.9,.8,2.6,67.6,7.5,20.2
184,제주,2023-09-06,26.9,24.2,29.9,,2.6,65.5,11.7,23.67
184,제주,2023-09-07,25.8,23.8,28.4,.3,2.9,63.3,10.4,23.59
184,제주,2023-09-08,25.1,22.8,28,0,2.8,60,11.2,23.35
184,제주,2023-09-09,24.9,21.6,28.2,,2.7,60.4,11.4,23.72
184,제주,2023-09-10,24.9,21.5,28.2,,2.7,63.1,5.8,16.64
184,제주,2023-09-11,25.7,21.9,29.3,,2.6,63.3,9.6,22.05
184,제주,2023-09-12,25.8,22.8,29.5,1.6,2.4,69.6,4.7,16.43
184,제주,2023-09-13,27.1,23.5,32.4,4.6,2.4,69,5.4,16.58
184,제주,2023-09-14,24.3,23.3,26,.4,2.4,79,.2,5.56
184,제주,2023-09-15,27.4,23.3,30.5,,2.2,72.3,10.3,21.34
184,제주,2023-09-16,25.6,23.6,27.3,43,1.7,82.5,1.5,6.51
184,제주,2023-09-17,24.3,22.2,26.9,25,1.8,83.4,1.3,8.1
184,제주,2023-09-18,25.7,22.6,29.2,,2.2,75,7.8,19.37
184,제주,2023-09-19,25.9,22.6,29.4,,2.5,71.3,7,17.54
184,제주,2023-09-20,27.5,24,31.7,0,3.8,68,.4,9.89
184,제주,2023-09-21,24,22.8,26.2,.5,4.9,72.9,2.3,11.91
184,제주,2023-09-22,23.9,22.6,25.5,.2,2.3,73.8,.7,7.57
184,제주,2023-09-23,24.4,22.8,26.7,.7,3.7,66,2.7,12.51
184,제주,2023-09-24,24.2,23,26.2,0,4.7,69.9,3.2,12.82
184,제주,2023-09-25,25.1,22.9,27.5,0,3.6,76,4.4,15.6
184,제주,2023-09-26,26,23,29.3,,3.1,72.1,8.9,17.23
184,제주,2023-09-27,25.8,23.5,28.6,0,3.3,70.5,9.1,19.14
184,제주,2023-09-28,25.3,23.3,28.5,.2,2.9,70.8,7,15.61
184,제주,2023-09-29,24,21.1,27.6,,2.2,64.8,9.5,19.35
184,제주,2023-09-30,20.9,18.2,23.5,4.7,2.6,70.5,2,6.45
185,고산,2023-05-20,17.6,15.4,20.7,,3.4,89.4,4.5,19.52
185,고산,2023-05-21,16.2,14.7,19.3,,4.9,89.6,.8,14.44
185,고산,2023-05-22,16,14.8,19.2,.8,6.4,83.4,.7,8.39
185,고산,2023-05-23,16.4,14.5,19.3,,4.6,79.8,12.5,29.08
185,고산,2023-05-24,17.7,14.2,20.1,,2.7,74.4,2.4,13
185,고산,2023-05-25,19.8,16.5,23.5,,4.5,60.5,11.8,28.18
185,고산,2023-05-26,21.6,18.4,25.5,,5.2,81.8,5.2,21.26
185,고산,2023-05-27,21.2,20.7,23.1,,7.7,85.8,0,11.06
185,고산,2023-05-28,21.4,20.3,23.2,.4,8.1,95.1,2.1,18.33
185,고산,2023-05-29,20.8,19.9,22.4,7,5.4,99,0,12.61
185,고산,2023-05-30,20.4,19.1,22.3,31.7,1.7,98.1,0,5.02
185,고산,2023-05-31,20.3,17.7,23.7,17.6,2.9,84.8,4.4,18.61
185,고산,2023-06-01,21.4,19.2,23.2,65.6,2.1,92.5,.7,5.95
185,고산,2023-06-02,19,17.8,22.3,.4,6.2,93.9,8,24.46
185,고산,2023-06-03,18.4,17,19.9,,5.9,83,10.9,28.92
185,고산,2023-06-04,19.8,17.7,23,0,3.7,67.4,1.2,15.92
185,고산,2023-06-05,18,15,20,24.4,4.5,72.9,0,4.51
185,고산,2023-06-06,17.4,15.3,19.4,38.6,3.6,93.4,4.8,15.91
185,고산,2023-06-07,18.3,16.2,20.5,,3.8,89.3,6.1,23.05
185,고산,2023-06-08,20,18.3,23.2,.3,3.6,90,7.3,20.48
185,고산,2023-06-09,20.2,18.1,22.7,,4.7,91.4,9,25.01
185,고산,2023-06-10,22.1,18.6,26.4,,4.8,83.3,11.7,29.11
185,고산,2023-06-11,21.6,20.1,24.3,0,2.7,90.1,3.9,18.19
185,고산,2023-06-12,20.8,19.6,24.1,,2.7,92,5.6,19.67
185,고산,2023-06-13,20,18.8,22.6,,2.9,92.5,2.5,16.48
185,고산,2023-06-14,21,19,24.4,,3.7,81.9,9.5,25.44
185,고산,2023-06-15,20.6,18.4,22.9,,4,80.6,12.7,28.38
185,고산,2023-06-16,20.6,18.4,24.1,,2.8,78.1,8.8,24.38
185,고산,2023-06-17,22.4,18.3,26.7,,3,74.9,8.5,26.27
185,고산,2023-06-18,21.5,19.6,24.1,2,2.3,79.6,0,10.9
185,고산,2023-06-19,22.6,18.7,27.5,,3.4,78.3,9.8,25.54
185,고산,2023-06-20,23.1,21.2,25.4,6.9,6,89,1.9,8.49
185,고산,2023-06-21,21.2,20,22.9,0,8.4,94.6,0,7.36
185,고산,2023-06-22,21.5,19.4,25,,5.5,88.9,5,21.04
185,고산,2023-06-23,21.5,19.4,24.6,,2.7,87.6,10.3,27.3
185,고산,2023-06-24,23.4,20.2,27.8,0,4.8,81,5.4,20.23
185,고산,2023-06-25,21.8,20,23.4,61.8,5.8,97.8,0,3.18
185,고산,2023-06-26,23,22.7,23.5,.2,8.5,99.8,0,7.47
185,고산,2023-06-27,23,22.8,23.2,6.2,7.8,100,0,4.61
185,고산,2023-06-28,23.5,22.9,24,.1,6.5,99.6,0,10.92
185,고산,2023-06-29,23.7,23.1,24.5,.1,8.5,98.9,0,9.18
185,고산,2023-06-30,23.2,22.4,23.8,65.7,4.9,99.8,0,3.28
185,고산,2023-07-01,23.8,22.1,26.3,3.3,1.5,94,3.8,19.04
185,고산,2023-07-02,25.1,22.7,28.2,.4,3.4,93.5,2.7,16.17
185,고산,2023-07-03,23.9,23.5,24.4,10.9,3.2,99.5,0,4.56
185,고산,2023-07-04,25.2,23.1,27.8,,5.1,96.4,1.5,14.93
185,고산,2023-07-05,24.5,22.8,27.2,26.4,6.3,92.4,8.3,24.98
185,고산,2023-07-06,24.3,21.6,26.7,,4.4,89.3,8.4,25.45
185,고산,2023-07-07,24.9,23.4,25.6,1.4,5.6,98.8,0,5.35
185,고산,2023-07-08,24.3,23.7,24.9,56.2,6.1,100,0,3.21
185,고산,2023-07-09,25,23.8,26.7,.6,4.8,96.8,.3,9.97
185,고산,2023-07-10,25.3,24.1,27.1,0,5.9,95.9,1.5,12.67
185,고산,2023-07-11,25.5,24.3,26.9,.1,6.5,96.4,.1,10.29
185,고산,2023-07-12,25.8,25.2,26.6,,6.3,95.3,0,6.95
185,고산,2023-07-13,25.9,25,27,0,8,95,0,7.21
185,고산,2023-07-14,26.3,25.8,27.4,,9.9,93.1,3.5,19.83
185,고산,2023-07-15,26.6,25.7,28.2,0,8,94.6,3.1,19.62
185,고산,2023-07-16,26.7,25.8,28.6,.4,7.1,95.8,4.8,18.17
185,고산,2023-07-17,26.4,24.5,29.3,15.2,5.5,93.4,.3,14.73
185,고산,2023-07-18,25.5,23.5,27.8,15.3,7.7,97.1,1.1,12.84
185,고산,2023-07-19,24,23.1,25.5,,6.6,93.3,1.5,14.53
185,고산,2023-07-20,24.7,23.7,26.6,0,2.2,90.9,.1,8.6
185,고산,2023-07-21,25.6,23.4,28.4,4.4,5,86.9,2.4,14.61
185,고산,2023-07-22,25.8,22.2,27.3,9.5,7.7,94.9,0,7.81
185,고산,2023-07-23,26.6,25.7,28.4,.3,7.9,95.9,.8,12.33
185,고산,2023-07-24,25.4,24.2,26.6,4.9,6,95.8,0,6.09
185,고산,2023-07-25,26,24,27.9,1,4.6,91.1,.9,9.7
185,고산,2023-07-26,27.3,23.4,30.3,3,5,87.9,7.3,22.04
185,고산,2023-07-27,27.8,23.4,30.4,,5.5,86.6,7.9,22.41
185,고산,2023-07-28,26.4,24,29.1,16.9,4.7,92.3,1.2,8.97
185,고산,2023-07-29,27.5,25.5,30.6,,4.9,85,5.6,20.71
185,고산,2023-07-30,27.8,24.8,30.9,,4.6,83.8,11.1,26.03
185,고산,2023-07-31,27.5,24.2,31.6,.6,3.1,79.3,8.3,20.99
185,고산,2023-08-01,28.3,25.4,31.8,,3,80.1,11.6,25.96
185,고산,2023-08-02,29.8,26.1,33.5,,3.7,68.3,12.7,27.66
185,고산,2023-08-03,29.4,26.8,32.8,,5.1,74,12.8,27.74
185,고산,2023-08-04,28.8,25.9,31.9,2.5,5.2,80,11.7,26.25
185,고산,2023-08-05,28.7,27.1,30.8,0,3.8,79.8,8.6,17.94
185,고산,2023-08-06,28.7,26.4,31.8,,5.8,80.1,12.7,27.19
185,고산,2023-08-07,28.5,26.9,31.4,,5.9,82.6,12.6,27.29
185,고산,2023-08-08,28.7,26.9,31.6,,5.9,79.5,10.3,24.97
185,고산,2023-08-09,26.9,25.3,28.1,0,8.7,84,0,5.16
185,고산,2023-08-10,26.8,25,29,1.7,14.2,83.3,9.4,24.81
185,고산,2023-08-11,27.3,26,29.1,,6.3,76.5,9.7,24.74
185,고산,2023-08-12,27.7,25.7,30,.1,3.2,78.8,10.6,24.84
185,고산,2023-08-13,27.2,24.9,29.7,,3.3,80.9,11.3,25.1
185,고산,2023-08-14,26.9,24.6,31.3,2.6,3.3,79.8,6,13.88
185,고산,2023-08-15,27.4,24.4,29.9,0,3.6,81.4,8.1,19.93
185,고산,2023-08-16,27.5,26.3,29.7,,4.6,78,9.5,24.05
185,고산,2023-08-17,27,24.4,29.7,,3.3,80.9,9.2,23.47
185,고산,2023-08-18,26.7,23.9,29.5,10.3,3.6,82.4,7,14.71
185,고산,2023-08-19,27.8,25.4,30.6,,3.5,82.1,12.2,25.55
185,고산,2023-08-20,27.7,25,30.2,,3.6,83.1,11.8,26.19
185,고산,2023-08-21,28.1,25.7,30.9,,6.3,83.5,10,23.09
185,고산,2023-08-22,27,24.5,29.5,21.4,7.7,91.6,5.9,19.2
185,고산,2023-08-23,26.1,23.5,27.5,49.6,6.3,93.5,0,3.87
185,고산,2023-08-24,26.1,24.6,29.3,12,4.6,87.9,3.4,12.54
185,고산,2023-08-25,26.5,24.3,28.9,,3.8,75.1,11.7,24.84
185,고산,2023-08-26,25.9,23.4,28.9,,3.5,76.3,10.6,24.42
185,고산,2023-08-27,26.9,23.2,30.2,,3.3,75.5,11.6,25.02
185,고산,2023-08-28,27.1,25,30.2,7.1,7.6,86,7.5,18.79
185,고산,2023-08-29,27.2,24.9,29.8,15.4,5.5,90.4,4.9,17.58
185,고산,2023-08-30,24.3,22.5,27,80.9,5.3,88.3,.2,6.65
185,고산,2023-08-31,24.4,22.3,25.7,,5.7,75.9,9.7,20.82
185,고산,2023-09-01,25.3,23.1,27.1,6.5,4.4,88,2.5,12.87
185,고산,2023-09-02,26.3,23.7,29.7,4.4,4.8,84.9,7,19.12
185,고산,2023-09-03,26.8,23.2,29.9,19.9,4.3,84.8,8.9,22.24
185,고산,2023-09-04,26.7,24.1,30.5,,3.2,81.4,10.7,21.59
185,고산,2023-09-05,26.6,24.8,29.5,,3.7,70.4,7.6,20.33
185,고산,2023-09-06,26.6,24.4,29.4,,3.8,73.1,11.9,24.46
185,고산,2023-09-07,26.2,23.3,30.1,,2.6,65.4,11.7,24.56
185,고산,2023-09-08,24.7,22.3,27.2,,3.2,65.9,11.4,24.13
185,고산,2023-09-09,24.6,22.1,26.8,,,69.3,6.2,16.46
185,고산,2023-09-10,25.4,21.8,28.8,,,65,9.7,22.76
185,고산,2023-09-11,25.7,22.8,28.9,,,70.9,10.6,23.26
185,고산,2023-09-12,25.7,23.1,28.3,,2.5,78,2.1,11.44
185,고산,2023-09-13,26.1,23.1,29.8,15.5,4,82.6,3.5,16.28
185,고산,2023-09-14,23.6,23,24.8,2.7,4.1,89.9,0,3.56
185,고산,2023-09-15,26.9,24.7,29.1,.2,4.3,85.6,9.4,21.63
185,고산,2023-09-16,25.6,23.7,28.5,10.7,4.5,91.6,2.4,9.29
185,고산,2023-09-17,25.3,23.4,28.6,4.9,3.5,87.6,3.8,14.77
185,고산,2023-09-18,25.1,23.2,28,,2.9,84.8,10.1,21.89
185,고산,2023-09-19,25.5,23,28.9,,2.1,79.3,9.9,20.82
185,고산,2023-09-20,26.2,23.1,28.8,.6,9,87.4,1,11.12
185,고산,2023-09-21,23.3,22.2,25,0,10.8,77,7.4,19.89
185,고산,2023-09-22,22.4,21.7,23.7,0,5.2,79.3,4.8,16.44
185,고산,2023-09-23,23.4,21.9,26,,3.9,72.5,4.6,14.73
185,고산,2023-09-24,24,20.7,28,,3.4,67.1,4.8,15.61
185,고산,2023-09-25,24.2,20.8,28,,2.9,78.8,4.2,14.87
185,고산,2023-09-26,24.5,22.4,28.4,.2,4.5,83.3,7.5,17.69
185,고산,2023-09-27,24,22.3,27,,5.5,81.1,9.2,19.32
185,고산,2023-09-28,23.7,22.6,25.7,0,5.6,77.6,8.1,17.87
185,고산,2023-09-29,22.6,21.1,24.9,,4,74.6,11,20.79
185,고산,2023-09-30,19.9,16.2,22.5,10.5,5,81.1,1.4,4.35
188,성산,2023-05-20,18.4,14.9,21.4,,2.4,81.9,8.2,
188,성산,2023-05-21,17.2,13.3,21.2,,1.9,85.9,8.5,
188,성산,2023-05-22,17.1,14.3,20.2,.3,2.4,66.8,.8,
188,성산,2023-05-23,18.8,13.8,24.3,,2.5,66.6,12.4,
188,성산,2023-05-24,18.1,13.2,22.2,,1.6,73.3,4.9,
188,성산,2023-05-25,19.6,15.7,22.9,,2.1,73.8,10.3,
188,성산,2023-05-26,21.1,18.1,24.8,,2.4,87.1,4.9,
188,성산,2023-05-27,21.1,20.4,22.4,.3,3.3,90.5,.6,
188,성산,2023-05-28,21.7,20.5,24.6,.4,4.5,95,0,
188,성산,2023-05-29,22.6,21,26.3,1.2,4.3,93.4,.1,
188,성산,2023-05-30,20.1,18.9,21.6,36.4,2,97.4,0,
188,성산,2023-05-31,19.7,18.2,22.4,12.3,3.4,90.3,4.8,
188,성산,2023-06-01,20.6,19.5,22.6,62.2,1.2,96.5,0,
188,성산,2023-06-02,22.3,19.2,27.2,.3,3.4,78,9.2,
188,성산,2023-06-03,21.3,16.9,26.2,,3,64.1,13.3,
188,성산,2023-06-04,22.9,19.2,28,,2.4,37.9,5.2,
188,성산,2023-06-05,19.7,16.1,22.3,2.3,2.5,65.1,0,
188,성산,2023-06-06,18.4,16,22.3,33.5,2.4,90.6,3.5,
188,성산,2023-06-07,19.8,13.9,24.9,,2.5,82.9,9.4,
188,성산,2023-06-08,20.2,17.9,23.2,.7,1.6,90.1,2.2,
188,성산,2023-06-09,21.3,16.3,25.7,,3.1,85.6,10.4,
188,성산,2023-06-10,21.9,17.5,25.6,,2.1,86.8,6.4,
188,성산,2023-06-11,22.7,20.1,26.4,0,1.7,88.1,4.7,
188,성산,2023-06-12,22.2,19.3,25.5,.4,1.8,89.4,5.4,
188,성산,2023-06-13,22.3,20.2,25.9,,1.5,85.8,5.1,
188,성산,2023-06-14,22.3,17.8,27.7,,1.5,73.1,8,
188,성산,2023-06-15,21.8,17.5,27.1,,1.9,73,7.2,
188,성산,2023-06-16,21.7,17.3,25.6,,2,77.4,10.5,
188,성산,2023-06-17,22.3,15.9,26.8,,1.9,80.8,9.5,
188,성산,2023-06-18,22.7,19,26.3,.1,1.7,81,1.3,
188,성산,2023-06-19,22.5,16.5,26.1,,2.3,79.4,9.5,
188,성산,2023-06-20,23.3,22.5,24.1,40.9,4,92.9,.1,
188,성산,2023-06-21,22.5,20.4,25.2,,2.3,88.5,1.8,
188,성산,2023-06-22,22.6,18.7,28.2,,2.2,77.1,6.6,
188,성산,2023-06-23,22.6,17.5,27.1,,1.7,79,11,
188,성산,2023-06-24,23.9,20.6,26.1,,3.7,84.4,3.2,
188,성산,2023-06-25,22.6,21.2,23.8,71.5,4.6,95.4,0,
188,성산,2023-06-26,24.1,23.2,24.9,.2,4.5,96,0,
188,성산,2023-06-27,24,23.3,24.6,2.2,5,97.5,0,
188,성산,2023-06-28,25.4,23.4,28.9,.1,5.4,93.3,2.6,
188,성산,2023-06-29,25.1,23.4,26.1,1.1,5.7,95,0,
188,성산,2023-06-30,24.3,23.3,25.4,50,2.7,96.9,0,
188,성산,2023-07-01,24,22.8,26.6,5.1,.8,94.4,1.6,
188,성산,2023-07-02,24.9,23.5,26.7,8.3,2,94.8,.3,
188,성산,2023-07-03,24.3,23.2,25.8,72.8,.9,96.9,0,
188,성산,2023-07-04,24.2,23.3,25.2,,1.3,97.8,0,
188,성산,2023-07-05,25.4,22,29,36.9,2.2,89.3,8.3,
188,성산,2023-07-06,24.4,20.1,28.1,,2.6,87.4,11.3,
188,성산,2023-07-07,25.3,23.3,26,2.8,2.3,97.6,0,
188,성산,2023-07-08,25.3,24.3,26.2,69.7,3.5,97,0,
188,성산,2023-07-09,26.2,23.3,29,0,3.3,91,0,
188,성산,2023-07-10,26.7,23.7,30.4,0,4.5,89.5,2.2,
188,성산,2023-07-11,26.8,23.5,29.1,.9,4.8,91.3,1.8,
188,성산,2023-07-12,27.9,26.2,30.6,,6.5,86,8.4,
188,성산,2023-07-13,27.3,26,29.4,0,5.9,89.1,.2,
188,성산,2023-07-14,27.1,25.4,28.1,,5.9,90.6,0,
188,성산,2023-07-15,27,26,30.6,3,5.3,94.1,1.3,
188,성산,2023-07-16,27.1,26.1,29.3,4.6,4.4,94.3,2.5,
188,성산,2023-07-17,27.1,25.4,30.2,7.2,2.6,91.1,1.7,
188,성산,2023-07-18,26.9,24.6,29.4,7,4.4,92.3,2.4,
188,성산,2023-07-19,25.8,23.8,29.2,,2.4,86.1,8,
188,성산,2023-07-20,25.4,24.1,27.3,,1.3,89.3,0,
188,성산,2023-07-21,26.5,24.2,29.4,3,1.7,89.4,1.9,
188,성산,2023-07-22,25.9,22,27.6,45.5,4.2,94.8,0,
188,성산,2023-07-23,26.8,26,29,,3.8,94.1,.1,
188,성산,2023-07-24,26.2,24.1,28.9,8.7,3.5,91.9,1.1,
188,성산,2023-07-25,26.3,23.6,30.1,41.8,1.7,91,1.3,
188,성산,2023-07-26,28.2,25.7,31.1,.6,1.6,89.6,6.3,
188,성산,2023-07-27,28.9,26.8,31.5,,2.5,88,9.3,
188,성산,2023-07-28,27.6,26,31.3,1.1,2.1,87.9,3,
188,성산,2023-07-29,28.6,25.9,31.4,,2.1,87.5,7.4,
188,성산,2023-07-30,28.7,26.4,31.6,11,2.6,85.1,8.3,
188,성산,2023-07-31,27.6,24.2,30.8,14.2,2,86.8,9.9,
188,성산,2023-08-01,28.2,26,31.1,,2.6,87,8,
188,성산,2023-08-02,29,26.4,31.5,,2.3,88.1,9.9,
188,성산,2023-08-03,29.8,26.9,32.2,,3.3,80.9,10.7,
188,성산,2023-08-04,29.3,26.7,31.6,7.2,3.6,83.6,7.8,
188,성산,2023-08-05,29.2,27.1,31.8,.9,2.9,80.6,11.4,
188,성산,2023-08-06,28.9,27,31.3,,3.8,84,6.8,
188,성산,2023-08-07,29.6,28.1,31.7,,4.2,80.6,7,
188,성산,2023-08-08,29.2,28,31.1,,5.1,81,4.8,
188,성산,2023-08-09,27,24.9,28.8,27.5,6.9,87.9,0,
188,성산,2023-08-10,26.6,24.6,29.8,22.9,5.2,81.3,9.4,
188,성산,2023-08-11,27.7,22.8,32,,2.6,77,11.7,
188,성산,2023-08-12,27,23.1,30.7,3.7,1.7,81.3,7.4,
188,성산,2023-08-13,27.4,24,31.1,,1.7,83.1,10.9,
188,성산,2023-08-14,27.3,23.8,30.4,,2.3,84,10.6,
188,성산,2023-08-15,27.8,25.8,30.3,,2.6,79.5,7.9,
188,성산,2023-08-16,27,24.1,31.2,1.5,1.4,84.9,2.7,
188,성산,2023-08-17,27.2,23.8,30.3,,2.1,83.9,7.2,
188,성산,2023-08-18,27.4,25.1,30.4,0,2.7,85.4,7.7,
188,성산,2023-08-19,27.7,25.5,30.5,20.6,1.8,88,5,
188,성산,2023-08-20,28.2,24.4,31.7,,1.5,85,12,
188,성산,2023-08-21,29,25.8,32,,2.9,83,11.1,
188,성산,2023-08-22,28.6,27.2,30.8,.6,4.2,83.4,5.8,
188,성산,2023-08-23,27.9,25.7,31.1,11.4,3.8,87.9,4,
188,성산,2023-08-24,26.4,23.1,29.6,3.1,1.9,87.6,1.7,
188,성산,2023-08-25,26.1,22.4,30.6,,2.1,77.4,7.4,
188,성산,2023-08-26,26.3,22.9,30.3,,2.2,77.3,12.2,
188,성산,2023-08-27,27.8,23.4,30.7,,2.3,83.1,8.3,
188,성산,2023-08-28,28.7,26.2,31,10.7,5.5,82.3,7.2,
188,성산,2023-08-29,27.8,25.6,31,5.2,3.9,88.6,4.5,
188,성산,2023-08-30,24.4,21.9,26.8,64.4,2,93.4,.3,
188,성산,2023-08-31,24.6,21.8,28,0,2.5,77.6,3.9,
188,성산,2023-09-01,25.4,23.5,27.5,37.4,3,90.6,0,
188,성산,2023-09-02,27.9,24.3,30.8,.2,3,81.8,7.9,
188,성산,2023-09-03,28.3,25.5,31.3,0,2.7,81.5,8.9,
188,성산,2023-09-04,27.2,24.8,30,,2.7,86.1,9.1,
188,성산,2023-09-05,26.7,24.4,29.1,,2.8,75.8,8.1,
188,성산,2023-09-06,26.5,22.4,29.6,.1,2.3,74.6,11.8,
188,성산,2023-09-07,26.4,24.1,28.3,,3.7,67.3,10.3,
188,성산,2023-09-08,25,22,28.2,,3,71.3,9.9,
188,성산,2023-09-09,24.8,21.5,28.7,,2.3,72,11,
188,성산,2023-09-10,24.8,21,28.6,,2.1,75.9,6.6,
188,성산,2023-09-11,25.7,22.3,29.3,.2,2,79.9,8.1,
188,성산,2023-09-12,26.7,22.8,30,,1.8,80.4,5.7,
188,성산,2023-09-13,27,23.9,30.4,,1.7,80.9,5.3,
188,성산,2023-09-14,25.6,23.6,27.1,0,2.5,83,0,
188,성산,2023-09-15,28.4,26.3,31.6,,3.2,83,9.8,
188,성산,2023-09-16,27,25.3,31.2,10.5,2,87.9,5.9,
188,성산,2023-09-17,25.2,21.4,29,137.9,2.4,88.9,2.7,
188,성산,2023-09-18,25.3,22.5,28.6,,1.6,85.6,5.4,
188,성산,2023-09-19,25.2,21.4,29.3,,1.1,79.9,8.9,
188,성산,2023-09-20,26.6,23.7,28.8,20.6,4.4,86.4,.1,
188,성산,2023-09-21,23.5,21.8,26,,4,78.5,7.5,
188,성산,2023-09-22,22.6,21.7,24.2,5.4,2.1,88.3,0,
188,성산,2023-09-23,24.1,21.5,26.2,,3.9,73,3.8,
188,성산,2023-09-24,24.9,23.9,27,,5.5,69.8,3.5,
188,성산,2023-09-25,25.2,22.9,28,0,3.2,80.8,6.4,
188,성산,2023-09-26,25.1,22.3,29,0,2,81.9,5.7,
188,성산,2023-09-27,24.4,21.5,28.3,,2,79.6,5.8,
188,성산,2023-09-28,24.1,21.3,27.6,0,2.2,76.9,5.9,
188,성산,2023-09-29,23.1,19.5,27.9,,1.7,73.8,8.3,
188,성산,2023-09-30,19.6,16.2,21.6,7.1,1.6,84.9,0,
189,서귀포,2023-05-20,18.9,16.8,21,,1.2,81.8,9.3,
189,서귀포,2023-05-21,18,14.7,21.8,,1.3,87,10.6,
189,서귀포,2023-05-22,18.2,16,22.2,.4,.8,75.3,.7,
189,서귀포,2023-05-23,18.6,14.4,22,,1.2,72.8,12.3,
189,서귀포,2023-05-24,19.2,15,22.7,0,1.1,61.1,4.3,
189,서귀포,2023-05-25,20.5,17.8,24.1,,1.4,64.1,10.7,
189,서귀포,2023-05-26,21.7,19.8,24.4,,.9,85.8,3.8,
189,서귀포,2023-05-27,21.9,20.7,22.8,.5,1,89.9,0,
189,서귀포,2023-05-28,21.8,20.9,23.6,5.8,1.6,98.5,0,
189,서귀포,2023-05-29,22,20.7,24.3,4.9,1.7,99,0,
189,서귀포,2023-05-30,20.8,19,23.6,50.2,1.5,98.4,0,
189,서귀포,2023-05-31,20.5,18.1,24.6,18.2,3.6,84.9,5.2,
189,서귀포,2023-06-01,21.7,20.4,23,95.6,1.3,97.1,.2,
189,서귀포,2023-06-02,23.6,21.1,26.6,.1,1.3,82.5,9,
189,서귀포,2023-06-03,21.8,18.7,25.3,,1.5,65.3,12.6,
189,서귀포,2023-06-04,22.7,19.8,25.9,0,.8,57.6,2.5,
189,서귀포,2023-06-05,20.3,16.1,22.9,17.3,1.1,68.4,0,
189,서귀포,2023-06-06,18.7,16.1,21.5,40.7,1.6,94.1,.6,
189,서귀포,2023-06-07,19.7,15.7,22.6,,1.6,85.3,10.5,
189,서귀포,2023-06-08,20.5,19.1,23.5,.1,.9,92.3,.8,
189,서귀포,2023-06-09,21.4,18.6,23.6,,1.6,86.9,9.7,
189,서귀포,2023-06-10,22.6,18.9,26.4,,1,83.1,11,
189,서귀포,2023-06-11,22.8,20.5,25.4,,.8,90.8,6.7,
189,서귀포,2023-06-12,23,21.3,25,,1,91,5.4,
189,서귀포,2023-06-13,22.5,21.4,24.7,,1,89.8,4.3,
189,서귀포,2023-06-14,22.9,21,26,,1.1,78.4,8.7,
189,서귀포,2023-06-15,22.6,20,25.6,,1.5,75,11.5,
189,서귀포,2023-06-16,22.1,19.1,25.3,,1.2,74.3,9,
189,서귀포,2023-06-17,22.9,19.1,26.6,,1.3,78.5,9.2,
189,서귀포,2023-06-18,22.9,20.8,25.9,2.3,1,84.6,1.5,
189,서귀포,2023-06-19,23.5,19.6,27.2,,1.5,77.1,11.4,
189,서귀포,2023-06-20,23.1,21.8,24.3,41,1.8,95.6,.1,
189,서귀포,2023-06-21,23.5,21,27.3,,1.5,89,5,
189,서귀포,2023-06-22,23.1,20.3,27.7,,1.1,79,6.9,
189,서귀포,2023-06-23,23.4,20.1,26.2,,1.4,76.6,10.8,
189,서귀포,2023-06-24,23.9,22.1,26.6,0,1.9,73.6,6.3,
189,서귀포,2023-06-25,22.4,20.3,24.1,146.1,1.6,99,0,
189,서귀포,2023-06-26,23.9,23.5,24.3,.6,2.4,99,0,
189,서귀포,2023-06-27,23.7,23.3,24,6.2,2.2,99,0,
189,서귀포,2023-06-28,24.4,23.5,25.3,.8,1.9,99,0,
189,서귀포,2023-06-29,24.5,24.2,25.1,.5,1.9,99,0,
189,서귀포,2023-06-30,24.2,23.2,25.1,67.2,1.5,99,,
189,서귀포,2023-07-01,23.9,22.1,27.5,6.1,1.2,99,2.5,
189,서귀포,2023-07-02,25,23.7,27.1,4.4,1.1,98.8,3.2,
189,서귀포,2023-07-03,24.7,23.6,25.9,11.7,1.2,99,0,
189,서귀포,2023-07-04,24.8,23.6,26,.5,.7,99,0,
189,서귀포,2023-07-05,26.3,23.1,31,32.4,1.7,89.1,8.3,
189,서귀포,2023-07-06,24.8,21.1,27.6,,1.2,91.3,10,
189,서귀포,2023-07-07,25.4,24.6,26.2,2.8,1,97,0,
189,서귀포,2023-07-08,24.8,23.9,26.1,85.2,1.5,98.4,.1,
189,서귀포,2023-07-09,26.1,24.9,28.1,.6,1.3,91,.1,
189,서귀포,2023-07-10,26,25.1,27.8,.7,1.4,93.4,.1,
189,서귀포,2023-07-11,26.2,25.1,27.8,1.3,1.8,94.1,.7,
189,서귀포,2023-07-12,26.2,25.7,28.1,.8,1.4,94.1,.3,
189,서귀포,2023-07-13,26.5,26,27.3,,1.7,92.8,0,
189,서귀포,2023-07-14,26.2,25.6,26.8,0,1.9,94.1,0,
189,서귀포,2023-07-15,26.4,25,27.8,0,2.4,95.3,0,
189,서귀포,2023-07-16,26.7,24.9,27.9,17.6,2,96,.2,
189,서귀포,2023-07-17,26.6,24.7,29.5,5,1.1,92.3,1.7,
189,서귀포,2023-07-18,25.9,24.4,27.6,11.3,2.5,95.5,.1,
189,서귀포,2023-07-19,25.9,23.5,28.6,0,1.1,86,5.3,
189,서귀포,2023-07-20,25.6,24.2,26.5,0,.7,84.6,0,
189,서귀포,2023-07-21,26.1,24.6,28.6,.6,1.5,86.4,1,
189,서귀포,2023-07-22,25.8,21.2,27.7,112.1,1.9,94.8,0,
189,서귀포,2023-07-23,26.8,26.3,27.9,,2.2,95,0,
189,서귀포,2023-07-24,25.7,24.3,27.2,21.5,1.6,92,0,
189,서귀포,2023-07-25,26.4,23.9,28.5,12.2,.8,88.6,.5,
189,서귀포,2023-07-26,27.9,24.4,30.4,16.7,1.1,87.1,10.4,
189,서귀포,2023-07-27,28,26.1,30.4,,1.3,87.4,8,
189,서귀포,2023-07-28,26.9,24,29.1,30.6,1.4,89.1,1,
189,서귀포,2023-07-29,28.1,26.8,30.8,,1.4,83.6,5.7,
189,서귀포,2023-07-30,27.9,25,30.4,1.3,1.2,82.5,10.5,
189,서귀포,2023-07-31,28.7,25.7,31.6,3.4,1.6,72.5,8.9,
189,서귀포,2023-08-01,29.6,26.7,32.8,,2,67.9,11.9,
189,서귀포,2023-08-02,30.2,27.9,32.3,,2,68.1,12.5,
189,서귀포,2023-08-03,29.4,27.9,31.3,,1.7,77.5,10.1,
189,서귀포,2023-08-04,28.6,27,30.8,2.2,1.8,83.4,7.5,
189,서귀포,2023-08-05,30,27,33.8,1.6,2.3,71.6,11.2,
189,서귀포,2023-08-06,30.4,27.2,34.1,,2.2,69.9,12.4,
189,서귀포,2023-08-07,30.6,28.1,34,,3.3,69.6,12.5,
189,서귀포,2023-08-08,30,28,32.8,,3.8,70.6,11.1,
189,서귀포,2023-08-09,27.4,25.9,29,8.6,4.1,80.9,0,
189,서귀포,2023-08-10,28,25.3,32.8,.4,2.8,71.9,10.4,
189,서귀포,2023-08-11,27.7,24.8,30.6,,1.9,72.9,12,
189,서귀포,2023-08-12,27.5,25.7,30.2,.8,1.5,77.3,7,
189,서귀포,2023-08-13,27.2,24.8,29.9,,1.3,75.8,7.9,
189,서귀포,2023-08-14,28,25.2,30.5,0,1.9,71.5,11,
189,서귀포,2023-08-15,27.6,26.1,30.1,,1.7,76.8,8.8,
189,서귀포,2023-08-16,27.8,26.1,30.9,,1.3,80.1,6.8,
189,서귀포,2023-08-17,27,24.9,30.3,0,1.4,76.4,6.1,
189,서귀포,2023-08-18,27.5,25,30.7,1.2,.9,77.1,5.5,
189,서귀포,2023-08-19,28.1,25.9,30.7,,1,79.3,10.3,
189,서귀포,2023-08-20,28.4,26.4,30.9,,1.2,77.6,11.5,
189,서귀포,2023-08-21,28.6,26.9,31.3,0,1.6,80.4,7.6,
189,서귀포,2023-08-22,27.7,25,30.1,23.7,2.4,85.6,3.5,
189,서귀포,2023-08-23,27.1,25.2,29.5,29.5,2.5,89.6,.9,
189,서귀포,2023-08-24,26.1,24.3,28.8,13,1.7,82.9,2.4,
189,서귀포,2023-08-25,26.7,23.6,29.6,,1.1,72.8,11.1,
189,서귀포,2023-08-26,26.2,23.3,29.4,,1.4,69.8,10.8,
189,서귀포,2023-08-27,27.7,24.3,30.4,0,1.5,73.1,11.4,
189,서귀포,2023-08-28,28.1,24.7,31,32.2,2.3,82.8,5.8,
189,서귀포,2023-08-29,27.2,25.2,30.7,22,1.9,89.1,3.7,
189,서귀포,2023-08-30,25.5,24.4,27.7,75.6,1,92.3,.8,
189,서귀포,2023-08-31,26,23.7,28.3,8.1,.9,85.1,6.4,
189,서귀포,2023-09-01,26.2,24.4,29.4,15.4,1.8,83.4,1,
189,서귀포,2023-09-02,26.7,23.8,30.3,15.9,1.6,83,6.2,
189,서귀포,2023-09-03,27.4,24.8,30.4,21.8,1.3,81.8,8.3,
189,서귀포,2023-09-04,28.2,25.6,31.7,,2.1,68.6,10.9,
189,서귀포,2023-09-05,27.4,25.6,30.4,,2.3,65.9,9.6,
189,서귀포,2023-09-06,27.4,24.1,31.2,,1.5,65.8,11.1,
189,서귀포,2023-09-07,26.3,24.4,29.5,0,2.6,65.1,11.2,
189,서귀포,2023-09-08,25.6,23,29.8,,2.6,58.1,10.8,
189,서귀포,2023-09-09,25.2,22.5,28.2,,1.4,63.9,7.6,
189,서귀포,2023-09-10,25.2,21.9,28.5,,1.5,64.9,8.8,
189,서귀포,2023-09-11,26,23.1,29.3,,1.4,70.4,9.8,
189,서귀포,2023-09-12,26.6,23.8,29.5,,1.3,75,7.1,
189,서귀포,2023-09-13,26.9,25.2,29.1,0,1.1,77.6,4.2,
189,서귀포,2023-09-14,25.8,23.5,28,1.6,1.7,80.9,.6,
189,서귀포,2023-09-15,27.5,24.6,30.2,.6,1.4,81.8,11.3,
189,서귀포,2023-09-16,26.3,24.2,29,37.4,1.3,90,4.8,
189,서귀포,2023-09-17,25.5,23.6,27.8,17.7,1.3,88.9,4.2,
189,서귀포,2023-09-18,25.9,23.1,29.7,.4,.9,82.5,9.4,
189,서귀포,2023-09-19,25.7,22.8,29.1,,1.3,71.3,10.2,
189,서귀포,2023-09-20,26.4,24.1,30.1,7.4,3,86.4,.7,
189,서귀포,2023-09-21,25.2,23.3,29.1,,1.7,68.5,8.3,
189,서귀포,2023-09-22,24.2,22,26.3,3.6,1.1,78.3,.3,
189,서귀포,2023-09-23,24,22.3,27.3,,2.7,67.5,5.7,
189,서귀포,2023-09-24,24.4,22.7,27.1,,3.4,68.5,7,
189,서귀포,2023-09-25,25.2,23.2,28.1,,1.7,75.8,7.1,
189,서귀포,2023-09-26,25.8,23.4,29,,1.7,77.4,10.8,
189,서귀포,2023-09-27,25.5,22.8,29.3,,.9,76.6,10.6,
189,서귀포,2023-09-28,25.5,23.8,28.1,,.8,74.1,8.8,
189,서귀포,2023-09-29,24.3,22.3,27.2,,1.3,74.1,10.9,
189,서귀포,2023-09-30,21.4,18.9,23.4,4.6,.9,78.5,.4,
192,진주,2023-05-20,18.3,12.3,26.3,,.8,80,9.9,26.73
192,진주,2023-05-21,20.5,13.8,27.6,,.8,78.1,10.4,26.25
192,진주,2023-05-22,16.1,11.9,19.5,.2,.4,78.5,0,7.16
192,진주,2023-05-23,16.2,9.9,25.7,0,.9,80,8.9,23.1
192,진주,2023-05-24,18.1,11.3,25.3,,.8,71.1,7.7,21.95
192,진주,2023-05-25,19.2,14.8,25.2,,1,65,9.3,26.78
192,진주,2023-05-26,19.6,13.8,24.8,0,.6,77.9,1.2,12.34
192,진주,2023-05-27,21.9,18.6,25.7,.3,1.1,79,4.2,19.5
192,진주,2023-05-28,21.4,20.2,22.8,3,1.1,93.4,0,4.59
192,진주,2023-05-29,21.6,19.6,24,30.7,1,95.8,0,3.76
192,진주,2023-05-30,20.1,18.2,23.6,2.8,.8,91.1,.1,10.02
192,진주,2023-05-31,20.1,13.3,27.5,0,1,69.5,11.3,28.69
192,진주,2023-06-01,16.1,12.3,17.7,34.4,.3,92.4,0,4.17
192,진주,2023-06-02,22.7,16.7,32.2,.7,1,73.5,10.5,28.19
192,진주,2023-06-03,21,14.3,29.3,,.8,75.8,12.2,28.02
192,진주,2023-06-04,21.4,14,28.8,,.8,63.8,10.3,26.67
192,진주,2023-06-05,20.9,15.3,27.1,,.5,69.5,4.5,16.87
192,진주,2023-06-06,20.6,16.1,27.1,,.9,76.5,10.2,27.01
192,진주,2023-06-07,21.9,15,28.3,,.9,74.8,10.7,24.35
192,진주,2023-06-08,21.9,18,26.9,,1.2,75.8,7.8,23.37
192,진주,2023-06-09,22.5,17.2,28.9,,1.1,77,11.4,27.48
192,진주,2023-06-10,22.8,18.8,27.4,,1.2,79.5,11.2,27.88
192,진주,2023-06-11,23.5,20.1,29.2,,.9,80.4,7.2,22.6
192,진주,2023-06-12,23.9,19.5,29.5,,1,77.6,10,26.22
192,진주,2023-06-13,23.5,19.2,28.7,,.9,77.6,8.6,22.93
192,진주,2023-06-14,21.1,16.5,28.4,.6,.8,80.8,4.8,17.7
192,진주,2023-06-15,20.6,15.3,26.8,0,.8,83.9,5,16.6
192,진주,2023-06-16,23.9,18.2,31.4,,1,69,12.6,29.51
192,진주,2023-06-17,23.8,16.5,31.1,,.9,71.3,10,25.69
192,진주,2023-06-18,25.1,19.5,32.7,,1,69.4,10.9,28.21
192,진주,2023-06-19,24.9,17.7,32.5,,1.3,70.8,11.5,26.98
192,진주,2023-06-20,23,17.6,29.7,8.1,1.1,71.4,6.5,19.46
192,진주,2023-06-21,21.3,19.6,23.6,15.9,.6,94.4,0,5.31
192,진주,2023-06-22,23.6,18.2,29.7,,1,73.4,10.3,26.99
192,진주,2023-06-23,23.1,16.9,30.5,,1,76.1,12.1,27.49
192,진주,2023-06-24,23.2,18.5,29.5,,.8,79.5,7.8,22.79
192,진주,2023-06-25,21.9,18.7,27.5,26.7,.8,87,.5,13.91
192,진주,2023-06-26,23.8,20.6,26.3,43.1,1.3,93.6,0,6.21
192,진주,2023-06-27,25.3,19.7,29.8,105.1,1.7,87.4,6,21.86
192,진주,2023-06-28,22.8,19.2,27.7,41.3,1.2,88.1,4.7,19.46
192,진주,2023-06-29,24.9,23.3,26.5,5.4,1.2,91.6,.1,5.93
192,진주,2023-06-30,24.5,22.7,26.6,22,.8,92.1,0,6.45
192,진주,2023-07-01,24.2,21.7,28.7,,.6,90,3.5,11.71
192,진주,2023-07-02,25.2,22.1,31,,.8,85.8,6.3,20.49
192,진주,2023-07-03,26.1,22.3,30.3,,.8,86.3,4.5,17.78
192,진주,2023-07-04,23.6,22.8,24.7,30.1,.5,94.5,0,4.23
192,진주,2023-07-05,26.7,21.2,31.6,17.5,1.5,79.4,9.7,25.23
192,진주,2023-07-06,25,19.7,31.6,,.9,80.9,7.2,23.12
192,진주,2023-07-07,22,20.2,24.8,59.6,.6,94.4,0,3.28
192,진주,2023-07-08,23.1,20.3,25.5,.2,.5,94.9,0,6.73
192,진주,2023-07-09,25.4,23.2,27.4,.1,.9,91.8,.4,8.91
192,진주,2023-07-10,26.4,24.5,29.7,0,1.4,86.8,6.9,20.27
192,진주,2023-07-11,25.4,23.3,29.2,36.7,1,91.1,.2,7.62
192,진주,2023-07-12,25,22.5,27.9,25.2,1.1,92.5,2.4,10.78
192,진주,2023-07-13,26.4,24.7,28.5,2.7,1,89.5,0,7.96
192,진주,2023-07-14,25.8,25.1,26.7,19.8,1.6,90.6,0,2.92
192,진주,2023-07-15,26.4,22.7,29.5,5.9,1.5,86,.6,9.18
192,진주,2023-07-16,23.3,22.2,26.8,33,.7,95.5,.3,6.81
192,진주,2023-07-17,25.5,22.7,30.9,57.4,.5,94.8,1.3,13.9
192,진주,2023-07-18,24.2,23.1,25.8,112.3,.6,98.3,0,2.97
192,진주,2023-07-19,25.2,22.2,30,.2,.7,89.9,4.8,17.46
192,진주,2023-07-20,25.6,21.8,32.6,,.7,86.8,6.5,21.61
192,진주,2023-07-21,25.5,20.7,31.7,,.6,85.5,5.8,18.45
192,진주,2023-07-22,23.9,19.6,27.3,0,.4,88.9,0,9
192,진주,2023-07-23,26.6,23.6,29.2,17.4,1.1,89.9,.1,12.45
192,진주,2023-07-24,25.3,24.1,29.2,79.3,.9,94.4,.8,7.08
192,진주,2023-07-25,26.4,24,31.1,2.4,.8,88.6,5.8,18.2
192,진주,2023-07-26,26.8,24.2,32,4.7,.6,90.6,6.2,19.95
192,진주,2023-07-27,27.9,24.7,33.3,,.8,82.4,9.2,25.18
192,진주,2023-07-28,27.2,23.7,31.7,,.5,86.3,3.3,16.65
192,진주,2023-07-29,28,22.8,34.7,,.6,79.1,10.7,26.22
192,진주,2023-07-30,27.7,23.4,33.3,,.8,79.5,12.1,25.92
192,진주,2023-07-31,28,22.7,35.1,,.8,79,11.8,26.65
192,진주,2023-08-01,27.9,23.5,34.4,,.8,79.1,11.1,24.47
192,진주,2023-08-02,28.3,22.2,35.6,,.8,76.3,12.6,26.78
192,진주,2023-08-03,28.9,23.7,34.7,,.8,77.1,12.1,27.73
192,진주,2023-08-04,28.6,24,34.3,,.7,78.1,10.2,22.7
192,진주,2023-08-05,29.4,23.2,36.7,,.7,76.6,11.7,25.9
192,진주,2023-08-06,29,24.6,34.5,,.7,80,7.8,18.08
192,진주,2023-08-07,30.1,25,36,,1.1,74.6,8.6,21.69
192,진주,2023-08-08,30.1,24.7,35.3,,1.5,71.8,10.6,22.93
192,진주,2023-08-09,26,24.7,28,52.1,1.5,88.3,0,3.56
192,진주,2023-08-10,24.7,23.1,28.5,100,2.5,86.9,2,8.47
192,진주,2023-08-11,26.6,21.5,31.4,,1.2,79.5,9.2,23.48
192,진주,2023-08-12,27.3,23.5,32.7,0,.7,80.1,10.6,24.38
192,진주,2023-08-13,26.9,22.6,32.5,,.7,81.9,10.4,23.72
192,진주,2023-08-14,27.8,23.7,33.5,,.8,78.9,9.6,22.7
192,진주,2023-08-15,27.6,22.6,33.9,,1,78,9.3,23.67
192,진주,2023-08-16,27.6,25.4,31.5,,1,83.6,6.7,19.51
192,진주,2023-08-17,26.4,22.7,31.1,8.7,.7,86.5,3.7,14.33
192,진주,2023-08-18,26.9,23.7,31.5,.7,.7,85.6,3.4,14.45
192,진주,2023-08-19,26.9,24.3,31.5,8.4,.8,90.5,4.9,14.82
192,진주,2023-08-20,28.2,24.6,33.1,,.8,84.5,10.7,24.02
192,진주,2023-08-21,27.8,24.7,32.4,,.8,85,10.5,24.31
192,진주,2023-08-22,28.1,24.6,32,,1,83.3,8.6,22.85
192,진주,2023-08-23,27.6,24.2,32.1,22.7,1.1,83.8,7.7,22.23
192,진주,2023-08-24,25.6,24.3,30.3,113.1,1,94.3,.8,8.05
192,진주,2023-08-25,26.4,21.7,31.5,,.9,82.6,10.2,24.43
192,진주,2023-08-26,26.2,21.1,32.2,,.7,80.1,11.8,25.08
192,진주,2023-08-27,26.6,22.5,31.3,0,.8,83.4,8.4,18.92
192,진주,2023-08-28,25.7,23,29.3,14.8,.8,88.6,3.6,11.01
192,진주,2023-08-29,26.2,24.2,29.6,17.3,.9,92.4,1.1,10.17
192,진주,2023-08-30,25.2,23.7,27.8,80.5,.6,95.3,.5,5.03
192,진주,2023-08-31,24.7,22.2,29.4,21.3,.9,89.6,3.7,14.93
192,진주,2023-09-01,25.5,22.5,30.5,.1,1,85.4,4.7,17.39
192,진주,2023-09-02,24,21.5,26.3,4.2,.6,91.1,.6,8.35
192,진주,2023-09-03,26.3,23.2,31,,.6,86.6,6,16.91
192,진주,2023-09-04,26.4,22.2,32.5,,.7,83.4,8.4,18.57
192,진주,2023-09-05,26.1,21.7,31.1,,1,74.5,10.1,20.53
192,진주,2023-09-06,25.5,19.6,31.8,,1,73.4,10.1,22.74
192,진주,2023-09-07,24,18.7,30.2,,1.2,70.4,10.7,23.7
192,진주,2023-09-08,22.8,16.7,29.4,,.9,74.3,9.9,22.2
192,진주,2023-09-09,23.5,17.5,30.3,,.8,78.8,10.8,23.75
192,진주,2023-09-10,23.9,18.8,30.2,,.7,78.6,9,20.69
192,진주,2023-09-11,24.8,19.7,30.2,,.7,80.1,6.7,16.24
192,진주,2023-09-12,25.1,22,30.6,,.7,81.8,6.8,17.95
192,진주,2023-09-13,24.7,21.8,27.7,30.4,.6,87.3,.3,7.25
192,진주,2023-09-14,23.7,22.6,25.7,47.3,.6,94,0,5.41
192,진주,2023-09-15,23.5,21.6,26.3,12.9,.6,92.1,.1,6.29
192,진주,2023-09-16,23.5,23,24.3,79.3,.4,96.9,0,1.97
192,진주,2023-09-17,24.5,22.5,28,63.8,.6,91.1,1.3,8.85
192,진주,2023-09-18,25.3,22.2,30.3,,.7,86.6,7.3,17.45
192,진주,2023-09-19,24.1,20.8,29.4,,.6,86.9,6.8,16.19
192,진주,2023-09-20,22.9,19.7,26.1,30.4,.7,93.8,0,2.81
192,진주,2023-09-21,21,19.1,26.2,5.2,.9,94,0,5.75
192,진주,2023-09-22,21.8,19,27.2,,.7,84,7.1,18.11
192,진주,2023-09-23,20.2,16.4,26.1,,1,78,5.7,15.43
192,진주,2023-09-24,21.4,16.3,26.4,,1.5,67.9,10.1,20.34
192,진주,2023-09-25,21.9,16.3,26.1,0,.5,79.1,1.8,10.61
192,진주,2023-09-26,22.2,20.5,25.2,3.8,.4,92.9,.3,6.06
192,진주,2023-09-27,23.5,20.4,28.7,,.5,87.1,4.1,13.92
192,진주,2023-09-28,22.6,18.1,29.4,,.6,80.9,9.4,19.71
192,진주,2023-09-29,21.9,15.5,28.6,,.6,79.1,9.8,19.64
192,진주,2023-09-30,19.5,16.1,24.2,1,.7,84,5.1,13.19
201,강화,2023-05-20,17.4,14,22.6,,2.4,84.5,9.9,
201,강화,2023-05-21,15.3,13.2,18.3,1.2,3,93,5.6,
201,강화,2023-05-22,17.6,12.7,24.4,1.9,1.7,70.8,8.8,
201,강화,2023-05-23,17.3,10.1,24,,2,64.5,12.1,
201,강화,2023-05-24,16.9,11.3,22.1,,1.5,62.5,5.2,
201,강화,2023-05-25,17.3,10.2,23.8,0,1.9,61.4,9.9,
201,강화,2023-05-26,18.4,13.3,23.1,.2,1.8,65.5,10,
201,강화,2023-05-27,17.6,14.4,18.8,53.8,.8,96.9,0,
201,강화,2023-05-28,17.9,17.3,19.5,24,1.9,100,0,
201,강화,2023-05-29,21.4,17.6,27.4,.2,1.7,89.3,6.5,
201,강화,2023-05-30,21.6,17.3,26.2,,1.6,74.3,3.7,
201,강화,2023-05-31,20,16.3,24.7,,2.1,78.3,4.9,
201,강화,2023-06-01,19.9,16.2,24.3,,1.2,82.3,4.8,
201,강화,2023-06-02,18.3,14.8,22.1,,2.2,91,5.2,
201,강화,2023-06-03,21.3,16.2,26.3,,2.8,58,12.2,
201,강화,2023-06-04,19.2,13.5,25.3,,2.5,83,9.8,
201,강화,2023-06-05,18.5,14.3,23.1,,2.7,87.5,9.7,
201,강화,2023-06-06,18.6,15.5,22.2,.4,2.2,89.5,4.8,
201,강화,2023-06-07,18.7,17,21.7,.5,1.7,93.9,.2,
201,강화,2023-06-08,18.5,17,21.7,26.5,2.3,95.8,.5,
201,강화,2023-06-09,19.5,15.8,24.7,,1.6,85.5,10.7,
201,강화,2023-06-10,20.5,16.9,25.6,11.5,1.9,87.1,4,
201,강화,2023-06-11,20.6,16.1,25.9,,1.5,81.8,7.6,
201,강화,2023-06-12,19.1,15.6,23.9,0,1.4,88.6,5.1,
201,강화,2023-06-13,19.2,15.9,23,0,2.3,89.3,8.8,
201,강화,2023-06-14,19.4,14.5,24.1,,1.8,87.3,9.2,
201,강화,2023-06-15,20.6,16.5,25.2,,2,84.3,8.4,
201,강화,2023-06-16,20.5,15.9,24.7,,2.3,83.4,11.9,
201,강화,2023-06-17,20.8,14.5,26.6,,2.1,85,10,
201,강화,2023-06-18,22.3,17.6,28.1,,1.5,76,10.8,
201,강화,2023-06-19,24.5,18.6,31.2,,1.7,73.8,10.5,
201,강화,2023-06-20,21.2,18.7,23.8,16,.9,85.8,0,
201,강화,2023-06-21,19.7,18.4,21.8,14.2,1.4,97.4,0,
201,강화,2023-06-22,20.8,17.5,24.3,1.7,1.8,90.9,5.2,
201,강화,2023-06-23,21.6,17.9,26.7,,1.2,91.8,6.1,
201,강화,2023-06-24,23.6,19.4,27.9,,1.6,83.5,11.2,
201,강화,2023-06-25,24.9,18.6,30.6,,1.2,80.1,8.4,
201,강화,2023-06-26,22.6,20.6,24.3,42.2,3,96.3,0,
201,강화,2023-06-27,22.4,20,25.6,2.7,3,89.9,3.5,
201,강화,2023-06-28,22.9,20.8,26.6,.1,1.5,96.9,2.2,
201,강화,2023-06-29,22.7,21.7,24.4,50.5,2,100,0,
201,강화,2023-06-30,23.5,21,26.8,2.1,1.8,94.6,4.6,
201,강화,2023-07-01,24.7,19.9,28.7,,2,89,11.7,
201,강화,2023-07-02,23.4,20.8,27.6,,1.8,95.3,3.2,
201,강화,2023-07-03,25.7,20.7,31.4,,1.1,86.8,8.9,
201,강화,2023-07-04,24.2,22.9,26.3,66.7,2.2,99,0,
201,강화,2023-07-05,23,21.1,25.4,1.1,4.2,94.3,2.7,
201,강화,2023-07-06,24.9,21.5,28.9,,2.6,86,8.5,
201,강화,2023-07-07,24.5,20.5,31.2,,1.4,81.3,8.8,
201,강화,2023-07-08,23.5,20.2,28.4,,1.6,90.1,1.1,
201,강화,2023-07-09,24.3,20.7,25.9,3.3,1.4,95.5,2,
201,강화,2023-07-10,24.7,22.7,28.5,,2,91,7,
201,강화,2023-07-11,22.9,21,24.8,38.8,1.2,99.6,0,
201,강화,2023-07-12,24.3,21.8,27.6,.6,1.3,95.8,3,
201,강화,2023-07-13,24.2,23,25.6,118.1,1.2,99.8,0,
201,강화,2023-07-14,23.9,23.5,24.9,19.6,3.3,100,0,
201,강화,2023-07-15,23.8,23,25,.7,3.3,98.4,0,
201,강화,2023-07-16,23.5,22.6,25.3,1.8,2.3,98.3,0,
201,강화,2023-07-17,23,21.9,25.1,1.5,1.1,99.4,.1,
201,강화,2023-07-18,24.3,21.9,27.7,,.8,93.1,.7,
201,강화,2023-07-19,25,20.8,30.5,,1.5,90,9.3,
201,강화,2023-07-20,24.7,21,29.3,,1.4,88.6,9.5,
201,강화,2023-07-21,25.8,20.2,31.6,,1.1,79.9,12.1,
201,강화,2023-07-22,25.8,22.6,31.1,38.7,1.9,84.4,4.9,
201,강화,2023-07-23,24.7,23.6,25.5,65.8,2.4,99.8,0,
201,강화,2023-07-24,24.7,22.4,28,.8,1.6,95.6,6.1,
201,강화,2023-07-25,24.9,23,27.3,11,1.8,96.8,.8,
201,강화,2023-07-26,25.7,23.5,28.8,12.7,1.9,96,3.9,
201,강화,2023-07-27,26.4,23.4,30.4,,1.4,88.6,10.3,
201,강화,2023-07-28,27,22.9,31.6,,1.6,85,11.6,
201,강화,2023-07-29,26.2,23.4,30.5,0,1.5,86.9,4.1,
201,강화,2023-07-30,27.2,22.4,32.3,,1.4,80.9,11.6,
201,강화,2023-07-31,26.5,22.8,31.3,,1.6,87.8,7.4,
201,강화,2023-08-01,27.8,23.6,31.9,,1.2,86.1,10.6,
201,강화,2023-08-02,26.1,23.2,30.1,,1.7,88.1,9.5,
201,강화,2023-08-03,26.5,22.6,30.3,,1.8,86.8,8.8,
201,강화,2023-08-04,27,23.3,31.5,,1.6,83.3,11.5,
201,강화,2023-08-05,27.1,22.7,31.8,,1.6,86.3,9.8,
201,강화,2023-08-06,28.1,23.9,32,,.9,85,5,
201,강화,2023-08-07,28.1,25.5,32.6,,2.3,75.6,8.9,
201,강화,2023-08-08,28.5,23.9,33.2,,2.6,69.5,12,
201,강화,2023-08-09,27.1,24.2,31.4,,2.8,74.8,4.9,
201,강화,2023-08-10,23,21.7,25.5,39.6,3.1,90.1,0,
201,강화,2023-08-11,22.5,20.6,25.1,47.5,2.3,98.1,0,
201,강화,2023-08-12,22.8,21.7,24.8,21,1.2,98.6,0,
201,강화,2023-08-13,25.3,22.1,30.4,,1.2,88.5,4,
201,강화,2023-08-14,26,22.6,30.6,,1.6,86.8,8.9,
201,강화,2023-08-15,26.2,22.6,30.4,,1.3,86.5,6.1,
201,강화,2023-08-16,24.8,21.6,29.4,,1.7,88.6,9.2,
201,강화,2023-08-17,25.4,21.7,29.6,,1.4,85.8,10.4,
201,강화,2023-08-18,26,22.2,30.5,,1.3,87.4,9.9,
201,강화,2023-08-19,25.7,22.2,29.7,,1.7,86.6,11.8,
201,강화,2023-08-20,25.1,21.6,29.3,0,.9,93.1,2.1,
201,강화,2023-08-21,27.3,23.3,31.4,0,2.1,81.4,6.1,
201,강화,2023-08-22,25.7,23.8,28.5,14.5,2.6,93,.4,
201,강화,2023-08-23,24,22,26,21.6,1.8,99.1,0,
201,강화,2023-08-24,23.3,21.2,26.2,3.4,2,96.8,0,
201,강화,2023-08-25,25,21.8,28.3,,2.2,89.1,7.5,
201,강화,2023-08-26,23.5,20,28.2,,1.2,88.4,8.4,
201,강화,2023-08-27,23.9,20.4,27.2,,.9,86.3,0,
201,강화,2023-08-28,21.4,19.4,24.1,14.2,2.7,99.1,0,
201,강화,2023-08-29,23,20.4,25.3,39,1.7,96.8,0,
201,강화,2023-08-30,21.4,18.8,25.4,.3,.9,93.3,1.3,
201,강화,2023-08-31,22.1,18.9,27.4,,1.1,84.9,7.3,
201,강화,2023-09-01,22.3,15.5,27.8,,1.3,76.6,11.7,
201,강화,2023-09-02,21.9,16.6,28.2,,1,82.9,11.4,
201,강화,2023-09-03,24.3,19.4,28.4,,.9,90.4,1.1,
201,강화,2023-09-04,24.9,22.8,28.8,.4,.9,93.3,1.3,
201,강화,2023-09-05,26.1,22.6,30.8,,1.5,84.3,9.1,
201,강화,2023-09-06,25.7,21.2,30.5,,1.6,77.9,11.5,
201,강화,2023-09-07,23.9,18.5,29.5,,1.8,69.5,11.7,
201,강화,2023-09-08,22.7,16.5,28.5,,1.4,74.8,11.6,
201,강화,2023-09-09,22.9,17.5,29.4,,1.2,77.1,9.3,
201,강화,2023-09-10,22.7,18.5,28.2,,1.3,79.4,6.8,
201,강화,2023-09-11,23.6,19,27.9,,1.9,77.3,10.3,
201,강화,2023-09-12,23.6,19.1,29.1,,1.1,83.4,6.1,
201,강화,2023-09-13,20.9,18.4,23.9,11.1,1,95,0,
201,강화,2023-09-14,22.8,18.4,27.3,,2.2,76.8,5.8,
201,강화,2023-09-15,21.2,19.3,23.4,7.2,1.9,92.9,0,
201,강화,2023-09-16,23,20.8,27.4,12.9,.7,94.5,1.4,
201,강화,2023-09-17,22.9,20.5,26.2,8.7,1.2,94.4,6.1,
201,강화,2023-09-18,22.9,19.3,26.8,2.6,1.5,90,8.6,
201,강화,2023-09-19,22.7,19,26.4,,1.6,94.9,2.9,
201,강화,2023-09-20,20.3,17.5,22.5,13.1,2.2,95.1,0,
201,강화,2023-09-21,18.1,14.6,22.2,0,2.1,80.9,1.1,
201,강화,2023-09-22,18.7,12.5,25.3,,1.3,83.1,9.4,
201,강화,2023-09-23,19.8,14.4,25.9,,1.5,78,10.7,
201,강화,2023-09-24,19.9,15.6,25,,2.1,68.1,8.5,
201,강화,2023-09-25,19.1,15.8,23.2,.6,1.3,82.8,.1,
201,강화,2023-09-26,19.2,17.4,20.7,17.6,1.8,100,0,
201,강화,2023-09-27,21,19,24.5,.7,1.5,92.8,1.7,
201,강화,2023-09-28,21.5,17.4,25.4,,2.2,81.4,7.3,
201,강화,2023-09-29,19.6,14.3,25.2,,1.4,71.5,6.3,
201,강화,2023-09-30,18.9,14.7,23.5,6.4,1.9,85.5,3.9,
202,양평,2023-05-20,20.6,14.2,27.7,,1.5,66.1,9,
202,양평,2023-05-21,19,15.7,23,.1,1.7,60.8,5.4,
202,양평,2023-05-22,18.8,14.9,25.1,,1.5,60.3,6.6,
202,양평,2023-05-23,18.6,10.7,26.2,,1.2,54.6,12.2,
202,양평,2023-05-24,18.9,11.8,24.7,,1.1,58.6,6.6,
202,양평,2023-05-25,20.5,13.9,27.2,,1.4,52,10.4,
202,양평,2023-05-26,20.3,14.2,26.7,.3,1.2,60,10.6,
202,양평,2023-05-27,18,16.3,19.5,15.7,.6,88.9,0,
202,양평,2023-05-28,19.2,17.9,20.3,39.4,.5,97.1,0,
202,양평,2023-05-29,22.1,18.9,26.8,10.7,1,86.4,2.8,
202,양평,2023-05-30,22.5,18.9,27.7,,1.4,72.3,2.9,
202,양평,2023-05-31,21.3,16.1,27.4,,1.4,61.6,9.5,
202,양평,2023-06-01,22,17.7,26.2,,1,69.4,1.9,
202,양평,2023-06-02,21.7,17.8,25.4,,1.7,68.5,9.5,
202,양평,2023-06-03,22,16.2,28.2,,1.8,58.3,11.1,
202,양평,2023-06-04,21.3,13.8,28.1,,1.6,53.5,12.1,
202,양평,2023-06-05,20.6,14.4,26.4,,1.8,62,10.9,
202,양평,2023-06-06,20.4,15.1,26.3,.1,1.4,66.5,7.6,
202,양평,2023-06-07,20.4,18.2,23.8,,1.3,76.1,.2,
202,양평,2023-06-08,20.8,17.2,23.5,.6,1.3,77.4,4,
202,양평,2023-06-09,22,17.4,27.8,7,1.4,67.8,11,
202,양평,2023-06-10,22.1,17,28,0,1.7,66.8,7.9,
202,양평,2023-06-11,20.9,17.4,26.7,1.4,1.3,80.1,6.9,
202,양평,2023-06-12,22.1,17.9,27.3,,1.3,74,5.4,
202,양평,2023-06-13,22.1,18.1,28.2,,1.3,66.6,10.3,
202,양평,2023-06-14,21.1,15.5,26.4,0,1.3,69.6,9.6,
202,양평,2023-06-15,22.2,16.2,28.2,0,1.4,68.4,9.7,
202,양평,2023-06-16,23.6,17.2,30.6,,1.4,64.8,12.2,
202,양평,2023-06-17,24.4,16.7,31.2,,1.4,55.9,10.9,
202,양평,2023-06-18,25.4,18.8,32.5,,1,63.1,11.4,
202,양평,2023-06-19,26.9,20.4,33.3,,1.3,64.6,10.6,
202,양평,2023-06-20,23.5,20.4,25.6,1.5,1.1,69.9,.2,
202,양평,2023-06-21,20.4,18.5,23.1,36.5,1.1,91.1,.1,
202,양평,2023-06-22,22.1,19,27.4,.8,1.4,77.5,4.7,
202,양평,2023-06-23,23.3,19.7,28.9,,.9,76.8,6.6,
202,양평,2023-06-24,25.2,19,31.4,,1,69.5,12.6,
202,양평,2023-06-25,26.4,21.2,31,,1.2,69,8.4,
202,양평,2023-06-26,23.4,20.7,26,47.6,1.2,88.6,0,
202,양평,2023-06-27,24.9,22.2,29.1,5.9,1.4,75,4.9,
202,양평,2023-06-28,25.6,22.2,29.2,,1.3,74.5,6.7,
202,양평,2023-06-29,24,22.7,25.2,59.2,1,93,0,
202,양평,2023-06-30,25.5,23,29.7,.5,.9,85.3,2.3,
202,양평,2023-07-01,27.6,22.6,33.5,,1.2,72.5,11,
202,양평,2023-07-02,26.2,21.9,30.9,,1,78.8,3.6,
202,양평,2023-07-03,26.9,21.6,32.9,,1,74,10,
202,양평,2023-07-04,24.7,22.1,29.7,43,1.7,84.8,3.6,
202,양평,2023-07-05,24.2,20.8,28,31.5,2.5,79,4.3,
202,양평,2023-07-06,26.2,20.5,32.1,,1.3,70.9,9.5,
202,양평,2023-07-07,24.2,20.9,29,,1.8,73.5,5.7,
202,양평,2023-07-08,24.4,19.5,28.8,,1.3,80,3,
202,양평,2023-07-09,24.1,20.8,27.4,36.9,1.3,85.1,1.1,
202,양평,2023-07-10,25.7,21.9,30.5,42.8,1.1,81.8,4.5,
202,양평,2023-07-11,22.1,20.1,25.4,92.5,.9,94.4,0,
202,양평,2023-07-12,24.5,20.7,28.9,.1,.8,86.9,1.3,
202,양평,2023-07-13,24.6,23.5,25.4,44.4,.9,94.3,0,
202,양평,2023-07-14,24.4,23.2,25.4,114.5,1.1,95.8,0,
202,양평,2023-07-15,23.8,22.5,24.7,7.1,1.3,92.8,0,
202,양평,2023-07-16,23.6,22.2,26.5,.4,.7,90.6,0,
202,양평,2023-07-17,24.1,22,28.3,8.4,.7,91.8,.4,
202,양평,2023-07-18,23.3,22.2,25.2,34.1,.8,94.8,.4,
202,양평,2023-07-19,25.7,21,32,,.9,80.4,9.6,
202,양평,2023-07-20,26.3,22.5,32.4,,.9,82,6.8,
202,양평,2023-07-21,27.5,22.8,33.2,,1.1,75.8,9.5,
202,양평,2023-07-22,26.4,22.9,31.5,2.2,1.9,76,6.8,
202,양평,2023-07-23,24.3,23.5,25.5,38.1,.8,94.3,0,
202,양평,2023-07-24,25.9,23.6,30,2.8,.8,85.9,3.1,
202,양평,2023-07-25,26.7,23.4,31.9,0,1.1,81.8,4,
202,양평,2023-07-26,25.3,23.5,31.1,27.5,1.1,87.9,3.4,
202,양평,2023-07-27,27.2,23.4,32.5,,1.1,81.3,8.4,
202,양평,2023-07-28,28.4,24,33.3,,1.1,77.4,7.8,
202,양평,2023-07-29,28.5,24.3,34.2,,1.2,74.6,9.3,
202,양평,2023-07-30,28.3,23.2,34.4,,1.1,73.4,11.3,
202,양평,2023-07-31,28.2,25.1,33,0,1.3,75.9,5,
202,양평,2023-08-01,28.2,23.6,33.1,,1,77,11.2,
202,양평,2023-08-02,28.4,24.5,33.8,,1.2,75.5,8.4,
202,양평,2023-08-03,27.8,22.4,33.8,,1.1,72.3,11.6,
202,양평,2023-08-04,28.5,24,34.1,,1.1,74.1,8.9,
202,양평,2023-08-05,29.4,24.8,34.9,,1.2,71.8,11.9,
202,양평,2023-08-06,29.4,24.7,34.1,,1.4,70.6,8.7,
202,양평,2023-08-07,29.6,26.1,34.5,0,1.4,69.5,6.9,
202,양평,2023-08-08,29.3,24.2,34.7,,1.7,63.9,9.8,
202,양평,2023-08-09,27.1,23.5,31.6,.5,1.6,70.8,2.5,
202,양평,2023-08-10,22.1,20.5,24,49.7,2.2,89.5,0,
202,양평,2023-08-11,23.6,20.9,26.4,14.2,1.5,89.5,0,
202,양평,2023-08-12,22.7,21.1,25.9,2.7,1.1,91,.3,
202,양평,2023-08-13,25.5,21.2,30.4,,.7,82.8,2,
202,양평,2023-08-14,27.7,23,33,,1,77.5,10.7,
202,양평,2023-08-15,27.1,22.7,32.2,,1.2,74.4,8.6,
202,양평,2023-08-16,26.7,22.1,31.7,,1.2,72.3,9.4,
202,양평,2023-08-17,26.9,23.2,31.3,,1.2,77,9.9,
202,양평,2023-08-18,28.4,23.7,33.2,,1,73.1,9.8,
202,양평,2023-08-19,28.6,25.5,33.1,,1.2,72.8,8.8,
202,양평,2023-08-20,27.8,24.8,32.9,,1,75.5,4.7,
202,양평,2023-08-21,27.8,24.1,32.6,,1.2,78.1,5.3,
202,양평,2023-08-22,27.7,25.1,31.1,.2,1.7,79.5,4.4,
202,양평,2023-08-23,24.7,22.8,29,73,1.2,92.3,.4,
202,양평,2023-08-24,23.7,21.9,26.2,32.3,.8,93.6,.2,
202,양평,2023-08-25,25.8,22.4,30.9,.7,1.2,80.5,6.6,
202,양평,2023-08-26,24.9,21.7,30,,1.1,77.6,8.8,
202,양평,2023-08-27,24.6,20.7,28.8,0,.8,82.5,3.5,
202,양평,2023-08-28,23.3,21.2,25.8,2.5,1.3,82.6,0,
202,양평,2023-08-29,23.7,21.7,26,21.8,1.1,90.5,0,
202,양평,2023-08-30,21.5,20.2,24.5,10.1,.8,91.9,0,
202,양평,2023-08-31,22.3,19.9,27.2,,.8,82.6,6.1,
202,양평,2023-09-01,22.1,18.3,29.2,,.9,81.9,7.3,
202,양평,2023-09-02,22.6,17.9,29.3,,.8,78.8,8.4,
202,양평,2023-09-03,24.3,20.9,29.2,3.7,.9,85.3,2.8,
202,양평,2023-09-04,25.7,22.8,30.4,2.2,.8,85.6,1.6,
202,양평,2023-09-05,26.1,22.9,31.2,,.8,79.8,6.9,
202,양평,2023-09-06,26,21.6,31.8,,1.2,69.4,9.7,
202,양평,2023-09-07,23.5,17.7,30.6,,1.1,66.9,11.8,
202,양평,2023-09-08,22.7,16.8,29.8,,.9,72.6,11.8,
202,양평,2023-09-09,23.7,18,30.5,,.9,74.5,11.2,
202,양평,2023-09-10,24.5,19.5,30.3,,1.1,76.5,10.3,
202,양평,2023-09-11,24.7,20.9,29.7,,1.1,75.5,6.6,
202,양평,2023-09-12,23.9,20,28.9,,.9,78,9.2,
202,양평,2023-09-13,21,18.9,22.9,34.9,.8,91.8,0,
202,양평,2023-09-14,22.4,18.7,26.3,.8,1.2,77.8,0,
202,양평,2023-09-15,21.2,19.2,23,4.8,1.1,90.4,0,
202,양평,2023-09-16,23,21.2,26.4,16,.7,91.8,.1,
202,양평,2023-09-17,24,22,27.7,7.4,.7,89.3,3.8,
202,양평,2023-09-18,23.9,20.3,28.8,0,.8,85.6,3.6,
202,양평,2023-09-19,22.3,18.7,26.5,,.8,86.8,3,
202,양평,2023-09-20,20.6,18.5,22.2,26,1.3,86,0,
202,양평,2023-09-21,19.6,15.4,22.4,,1.4,70.6,1.4,
202,양평,2023-09-22,18.3,13.7,25.9,,.9,77.6,8.1,
202,양평,2023-09-23,19.9,13.7,26.6,,1.1,70.5,8.6,
202,양평,2023-09-24,20.2,14.9,25.8,,1.3,64.4,9.1,
202,양평,2023-09-25,20.5,16.2,25.3,2.8,.8,75.3,3.3,
202,양평,2023-09-26,19.9,18.6,21.1,17.3,.8,96.1,0,
202,양평,2023-09-27,21,19.7,23.6,16,.8,93.5,0,
202,양평,2023-09-28,21.9,18.7,26.6,,1,79.1,7.8,
202,양평,2023-09-29,19.8,17,25.6,,.8,76.8,5.5,
202,양평,2023-09-30,18.6,16.3,21.5,1.5,.9,82.8,2.3,
203,이천,2023-05-20,20.4,13.2,28.2,,1.5,72.1,9,
203,이천,2023-05-21,18.6,15.4,23.2,,1.8,68.8,5.2,
203,이천,2023-05-22,18.3,13.3,25,8.1,1,69.4,5.6,
203,이천,2023-05-23,18.3,10.9,25.8,,.9,65.4,9.6,
203,이천,2023-05-24,19,11,25.3,,.7,63.8,4.2,
203,이천,2023-05-25,21.1,13.8,27.7,,1.1,50.5,9.6,
203,이천,2023-05-26,20.9,13.4,27.4,.3,1.1,61.3,10,
203,이천,2023-05-27,18.3,16.8,20.1,18.9,.5,93.6,0,
203,이천,2023-05-28,19.4,17.9,20.8,35.8,1.2,99.6,0,
203,이천,2023-05-29,21.9,19.1,26.4,9.9,.6,90,2.2,
203,이천,2023-05-30,21.6,18.1,28.4,15.6,1,86.8,3.5,
203,이천,2023-05-31,22,15.4,28.1,,1.2,66.6,9.7,
203,이천,2023-06-01,22.1,17.9,26.1,,.7,77.9,.9,
203,이천,2023-06-02,21.2,17.7,25.6,,1.5,76.9,6.4,
203,이천,2023-06-03,22.1,15.4,28.7,,1.6,59,10.9,
203,이천,2023-06-04,21.8,14,28.5,,1.5,58.9,9.9,
203,이천,2023-06-05,20.9,14.4,26.6,,1.7,67.1,9.5,
203,이천,2023-06-06,20.4,14.4,27.3,.2,1.1,70.9,6.8,
203,이천,2023-06-07,21,18.5,24.9,,.8,78,.2,
203,이천,2023-06-08,21.4,17.1,24.9,0,.9,78.1,1.8,
203,이천,2023-06-09,22.5,18.4,28.2,6.7,1.2,69.8,10,
203,이천,2023-06-10,22.5,17,29,,1.1,73,7.5,
203,이천,2023-06-11,20.9,17.8,26.2,6.9,.8,85.4,7,
203,이천,2023-06-12,22.3,17,28.2,,.8,76.8,5.9,
203,이천,2023-06-13,22.4,18,28,,1.3,69.6,9.9,
203,이천,2023-06-14,21.4,15,28.3,,.9,72.9,8,
203,이천,2023-06-15,21.6,15.8,27.7,1.3,1.1,75.1,8,
203,이천,2023-06-16,23.7,16.9,30.6,,1.3,68.8,11.2,
203,이천,2023-06-17,24.2,15.7,32.1,,1.1,62,9.6,
203,이천,2023-06-18,25.7,18.3,32.6,,.9,59.3,11.3,
203,이천,2023-06-19,27.2,19.8,33.7,,1.1,65.5,8.9,
203,이천,2023-06-20,23.3,19.6,26.9,6.4,.8,67.5,.6,
203,이천,2023-06-21,20.2,18,22.7,46.4,.8,99.1,.1,
203,이천,2023-06-22,22.3,19.3,27.3,.5,1.1,82.3,3.8,
203,이천,2023-06-23,23.7,18.6,29.7,,.5,80.4,7.5,
203,이천,2023-06-24,25.3,18.9,31.4,,.6,77.8,11.1,
203,이천,2023-06-25,26.5,20.4,32.2,,1.1,70.9,7.4,
203,이천,2023-06-26,23.9,20.8,25.8,41,1.4,94,0,
203,이천,2023-06-27,25.7,21.6,29.7,4,1.7,78,7.7,
203,이천,2023-06-28,25.7,21.2,30.1,.2,1.4,79.3,5.3,
203,이천,2023-06-29,24.3,23.4,25.3,41.8,1.2,99,0,
203,이천,2023-06-30,26.1,23.5,29.9,.6,1,88.5,1.7,
203,이천,2023-07-01,27.7,22.9,33.4,,1,79.5,10.5,
203,이천,2023-07-02,26.3,22.1,31.2,,.7,82.5,4.5,
203,이천,2023-07-03,27.9,22.3,34,,.8,77.3,10,
203,이천,2023-07-04,24.8,21.9,30.5,39.5,1.6,92.1,1.9,
203,이천,2023-07-05,24.3,21.6,28,30.9,2.3,85.4,5.3,
203,이천,2023-07-06,26.5,20.5,32.5,,1.4,73.9,8.2,
203,이천,2023-07-07,24,21,29.2,0,1.4,80.9,2.8,
203,이천,2023-07-08,24.4,20.2,29.2,1.1,.9,87.8,1.2,
203,이천,2023-07-09,23.9,20.6,29.2,18.8,.8,94.6,.9,
203,이천,2023-07-10,26.3,21.9,31.4,1.9,1.2,83.8,4.1,
203,이천,2023-07-11,22.2,20.4,25.6,66.9,.7,98.5,0,
203,이천,2023-07-12,25.3,20.9,29.7,.1,.4,92.4,1,
203,이천,2023-07-13,24.9,24.2,26.2,39.4,.8,99.9,0,
203,이천,2023-07-14,24.9,23.6,26.3,120.9,1.9,99.6,0,
203,이천,2023-07-15,23.8,22.8,24.8,30.4,1.5,97.5,0,
203,이천,2023-07-16,24.2,22.2,27.3,.1,1,93.8,.1,
203,이천,2023-07-17,25,22.9,29.1,28,.7,94,.4,
203,이천,2023-07-18,23.4,21.7,24.7,33.6,.7,100,.2,
203,이천,2023-07-19,25.9,20.8,32,,.8,84,8.5,
203,이천,2023-07-20,26.9,21.7,32.8,,.7,83,8,
203,이천,2023-07-21,27.7,22.9,33.8,,.6,80,8.1,
203,이천,2023-07-22,26.3,22.6,32.1,1,1.5,83.3,5.1,
203,이천,2023-07-23,24.8,23.7,25.7,23.1,1,99.8,0,
203,이천,2023-07-24,26.6,24.2,31.2,13.7,.9,89.4,3.8,
203,이천,2023-07-25,27.4,23.9,32.2,,1.1,84.3,5.8,
203,이천,2023-07-26,25.5,23.2,31.4,2.5,.8,93,3,
203,이천,2023-07-27,27.6,23,33.3,,.8,83.9,6.4,
203,이천,2023-07-28,28.7,24.2,34,,.7,81,7.6,
203,이천,2023-07-29,28.7,24.3,34.8,,.7,79,8.1,
203,이천,2023-07-30,28.4,22.9,34.7,,.9,77.6,9.9,
203,이천,2023-07-31,27.8,24.2,33.5,95.3,.8,87.6,5.7,
203,이천,2023-08-01,28.4,23.2,34.2,,.5,84.4,9.2,
203,이천,2023-08-02,28.6,24.8,33.9,,.7,78.9,7.2,
203,이천,2023-08-03,28,22.1,33.7,,.8,76.9,10.6,
203,이천,2023-08-04,28.9,24.2,34.5,,.7,79.3,9,
203,이천,2023-08-05,29.6,24.6,35.1,,.7,76.6,8.9,
203,이천,2023-08-06,29.1,24.4,35.6,.1,.6,79.1,8.5,
203,이천,2023-08-07,28.8,25.1,34.8,23.6,.9,81.6,8.1,
203,이천,2023-08-08,29,23.7,34.8,,1.1,73.4,10.3,
203,이천,2023-08-09,26.5,22.5,31.4,2.6,1.3,80.9,3.4,
203,이천,2023-08-10,21.6,20.8,22.6,91.8,1.5,99,0,
203,이천,2023-08-11,24.8,21.6,27,15,2.1,90,0,
203,이천,2023-08-12,23,21.1,27.1,.9,.8,93,.8,
203,이천,2023-08-13,25.9,21.2,31.7,,.4,88.6,3.7,
203,이천,2023-08-14,27.8,23.3,33.5,,.5,83.4,9.6,
203,이천,2023-08-15,27.4,22.3,32.7,,.9,77.4,8.9,
203,이천,2023-08-16,26.9,21.4,32.4,,.9,75.1,8.2,
203,이천,2023-08-17,26.8,22.1,32.4,,.6,83.3,6.5,
203,이천,2023-08-18,28.3,23.3,33.6,,.8,79.6,6.6,
203,이천,2023-08-19,28.8,25,34.1,,.8,76.1,8.7,
203,이천,2023-08-20,28.1,23.9,33.8,0,.7,77.5,5.5,
203,이천,2023-08-21,28.3,24,33.9,,.9,80.9,4.4,
203,이천,2023-08-22,27.3,24.8,31.4,5.9,1.4,87,2.4,
203,이천,2023-08-23,25.5,22.9,30.6,46.8,1,94.8,1.2,
203,이천,2023-08-24,24.2,21.8,28,30.8,.7,97.6,.7,
203,이천,2023-08-25,26,22.4,30.7,2.2,1.5,83.8,8,
203,이천,2023-08-26,24.6,21.1,30.3,,.5,84.8,6.5,
203,이천,2023-08-27,24.7,20.2,29.3,.1,.5,87.5,2.9,
203,이천,2023-08-28,23.1,21.4,25,.7,.9,89.8,0,
203,이천,2023-08-29,23.9,21.6,28.1,22.4,1.4,95.6,0,
203,이천,2023-08-30,21.7,20.2,24.6,11,.3,97.8,0,
203,이천,2023-08-31,22.5,19.2,27.6,,.4,87.4,4.4,
203,이천,2023-09-01,21.9,18.5,29.3,,.5,87.4,6.4,
203,이천,2023-09-02,22.8,17.2,30.2,,.5,82.3,8.6,
203,이천,2023-09-03,25.1,21.6,30.5,7.8,.6,89.6,3.3,
203,이천,2023-09-04,26,22.9,30.2,1.1,.5,90.9,1.7,
203,이천,2023-09-05,26.4,22.8,31.8,,.5,83.1,6.7,
203,이천,2023-09-06,25.6,21.3,31.8,,.7,77.9,9,
203,이천,2023-09-07,23.3,17,30.5,,.6,72.4,9.9,
203,이천,2023-09-08,22.3,15.5,29.5,,.5,74.5,9.9,
203,이천,2023-09-09,23.7,17.1,31.1,,.6,80,9.1,
203,이천,2023-09-10,24.3,18.5,31.4,,.5,80.5,7.1,
203,이천,2023-09-11,24.6,20.5,29.9,,.6,79,4.3,
203,이천,2023-09-12,24.1,19.3,30.5,0,.5,80.1,7.7,
203,이천,2023-09-13,20.6,18.7,22.7,33.6,.6,99.3,0,
203,이천,2023-09-14,21.6,18.7,25.2,1.7,.6,89.4,0,
203,이천,2023-09-15,21,18.9,23.6,15.4,.6,98.5,0,
203,이천,2023-09-16,23.1,21.2,26.5,6.9,.5,96.8,0,
203,이천,2023-09-17,24.6,21.6,28.7,,.5,89,1.5,
203,이천,2023-09-18,24.1,20.9,29.8,.1,.8,87.1,3,
203,이천,2023-09-19,22.6,18,27.8,,.7,89.1,2.9,
203,이천,2023-09-20,19.8,17.9,21.5,62.2,1.1,98,0,
203,이천,2023-09-21,18.9,14.8,22.3,,1.1,78.3,.3,
203,이천,2023-09-22,17.8,12.5,25.4,,.5,86.5,6.7,
203,이천,2023-09-23,18.8,12.6,25.8,,.6,81.3,6.5,
203,이천,2023-09-24,19.8,13.5,25.9,,1.1,71,7.2,
203,이천,2023-09-25,20.7,16.2,26.4,1.7,.6,80.8,3.1,
203,이천,2023-09-26,19.9,18.8,20.7,25.3,.9,100,0,
203,이천,2023-09-27,21.1,20.1,23.2,11,.8,97.4,0,
203,이천,2023-09-28,22,18.7,27.4,,1,84.1,6.6,
203,이천,2023-09-29,20.1,16.4,25.4,,.6,81.3,4.3,
203,이천,2023-09-30,18.8,15.4,22.7,1.1,1,84.6,3.9,
211,인제,2023-05-20,19.8,11.3,26.9,,2.1,65.1,8.6,
211,인제,2023-05-21,19.6,16.3,23.6,,3.1,53.6,6.3,
211,인제,2023-05-22,17.3,10.4,23.8,,1.8,52.9,8,
211,인제,2023-05-23,16,7.3,25.2,,1.3,54.4,8.8,
211,인제,2023-05-24,17.4,8.5,26.4,,1,54.1,9.3,
211,인제,2023-05-25,19.3,11.1,26.9,,1,53.6,10.6,
211,인제,2023-05-26,19.2,12.9,25.5,1.1,1.1,65.8,10.7,
211,인제,2023-05-27,17.7,13,22.8,18.4,.8,86.3,1.1,
211,인제,2023-05-28,18.7,17.2,20,23.2,.7,96.8,0,
211,인제,2023-05-29,21.6,17.4,28.4,4.1,.9,79.9,6.1,
211,인제,2023-05-30,19.6,13.9,26.4,,1.7,69.9,5.9,
211,인제,2023-05-31,19.5,11.8,28,,1.3,66,9.3,
211,인제,2023-06-01,20.3,16.4,25.5,,.8,73.6,2.5,
211,인제,2023-06-02,20.6,15.9,26.7,,1.4,70.1,6.9,
211,인제,2023-06-03,20.5,13.8,28.1,,1.5,55.8,10,
211,인제,2023-06-04,19.4,11.3,27.4,,1.2,61.9,9.5,
211,인제,2023-06-05,20.3,11,26.5,,1.8,61.4,8.7,
211,인제,2023-06-06,19.7,13.8,24.9,,1.6,66.4,5.4,
211,인제,2023-06-07,21.8,16.4,27.5,,2.1,66.9,7.5,
211,인제,2023-06-08,20.6,15.9,26.8,.3,1.2,75.5,1.8,
211,인제,2023-06-09,20,14.9,27,13.1,1.4,68.9,8.8,
211,인제,2023-06-10,19.7,15.2,28.5,9,1.2,75.8,6.4,
211,인제,2023-06-11,20.5,15.7,27.6,9.6,1.2,79,6.3,
211,인제,2023-06-12,20.8,16.9,27,,1.3,77,4.9,
211,인제,2023-06-13,20.9,15.4,27.6,,1.4,71.3,5.8,
211,인제,2023-06-14,19.3,14.7,27.4,0,1.6,77.1,7.7,
211,인제,2023-06-15,19.8,15.6,26.8,,1,76.3,3.1,
211,인제,2023-06-16,23.3,16.2,30.6,,1.4,71.3,11.1,
211,인제,2023-06-17,24.1,16.4,32,,1.2,66.5,11.2,
211,인제,2023-06-18,24.8,17.5,33.5,,1.1,67.5,10,
211,인제,2023-06-19,24.6,18.9,32.6,,1.8,66.9,10.5,
211,인제,2023-06-20,21.4,18.5,24.9,.7,1.7,76.6,0,
211,인제,2023-06-21,19.3,17.3,22.3,15.3,1.3,87.6,0,
211,인제,2023-06-22,20.2,16.4,25.6,,.9,80,1.8,
211,인제,2023-06-23,22.8,18.6,30.1,,1.1,70.6,7.3,
211,인제,2023-06-24,23.9,16.2,31.9,,1.3,70,11.8,
211,인제,2023-06-25,25.7,19.5,34,,1,68.3,8.5,
211,인제,2023-06-26,21.5,19.5,23.6,80.7,.8,94,0,
211,인제,2023-06-27,24.1,20.6,27.9,31.5,2.6,75.8,3.8,
211,인제,2023-06-28,25.1,20.4,30.4,,1.4,76.3,6.4,
211,인제,2023-06-29,21.6,19.4,25,44.5,.8,94.6,0,
211,인제,2023-06-30,23.3,19.7,29.8,24.3,1.1,84,4.6,
211,인제,2023-07-01,25.7,19.7,33.7,,1.3,76,9.1,
211,인제,2023-07-02,25.8,21.1,31.7,,.9,80.9,5.4,
211,인제,2023-07-03,26.8,22.1,34.3,,1.3,76.5,8.2,
211,인제,2023-07-04,26,22.4,32.5,25.1,1.3,78.5,5.4,
211,인제,2023-07-05,25.1,22.8,29.1,32.9,3.4,74.5,4.8,
211,인제,2023-07-06,26,22.8,31.1,,1.9,73.1,5,
211,인제,2023-07-07,25,19.7,32,,.9,73.6,6.1,
211,인제,2023-07-08,23.7,17.8,29.6,,1.5,75.8,8.2,
211,인제,2023-07-09,22.5,20.8,26.2,12.7,.8,89.5,2,
211,인제,2023-07-10,24.9,21.6,29.9,19.1,1.1,83.8,4.9,
211,인제,2023-07-11,23,20.7,27.8,14.8,1.1,89.6,1.4,
211,인제,2023-07-12,24.8,20.9,29.6,.3,1,83.6,6.2,
211,인제,2023-07-13,23.8,22.1,28.7,52.4,.6,93.1,0,
211,인제,2023-07-14,24.4,21.7,26.4,24.7,2.3,92.1,0,
211,인제,2023-07-15,24.2,21.9,25.8,9.3,1.8,85.8,0,
211,인제,2023-07-16,24.5,22.6,27.8,.1,2.4,83.3,.6,
211,인제,2023-07-17,24.5,22,28.1,.2,1.2,87.8,.6,
211,인제,2023-07-18,24,22.7,26.6,2.9,.9,91.1,0,
211,인제,2023-07-19,25.6,20.2,32.7,,.9,77.8,10.6,
211,인제,2023-07-20,25.4,21.6,32.8,.1,1.1,82,6.7,
211,인제,2023-07-21,25.6,22.7,33.8,1.1,1.1,84.5,5.7,
211,인제,2023-07-22,26.6,22,33.7,1.1,1.1,75.6,8.1,
211,인제,2023-07-23,24.5,22.8,26.7,8.3,1.5,90.3,0,
211,인제,2023-07-24,25.8,23.4,30.4,27.5,1.2,86.8,3.2,
211,인제,2023-07-25,26.6,23.2,31.5,.7,1.1,82.1,7.3,
211,인제,2023-07-26,25.7,23.4,31,11.6,1.3,84.9,3.9,
211,인제,2023-07-27,26.8,23.1,32.7,,1,79.8,8.5,
211,인제,2023-07-28,27.4,23.5,33.6,,.9,79.5,8,
211,인제,2023-07-29,27.5,23.7,33.7,.2,.9,79.9,7.7,
211,인제,2023-07-30,27.2,22.9,33.7,,.8,76.9,9.6,
211,인제,2023-07-31,26.9,23.7,33.2,0,.8,82.4,4.4,
211,인제,2023-08-01,27.7,23.6,34,,1.1,76.8,9.1,
211,인제,2023-08-02,28,23.4,33.5,,1.1,76.5,8.7,
211,인제,2023-08-03,27.5,22.3,32.9,,1.5,74.6,10.3,
211,인제,2023-08-04,27.5,22.8,33.5,,1.1,77.5,8.2,
211,인제,2023-08-05,28.4,23.7,34.9,,1.1,73,10.6,
211,인제,2023-08-06,28,23.6,34.7,.8,1.4,77.5,6.9,
211,인제,2023-08-07,26.4,23.3,31.1,.6,2.3,75.3,4.3,
211,인제,2023-08-08,25.5,22.6,30.5,,2.6,71.8,10,
211,인제,2023-08-09,23.8,21.7,27,7,2.4,78,.3,
211,인제,2023-08-10,21.6,20.7,22.7,67.1,2.5,91.8,0,
211,인제,2023-08-11,22.7,20.8,26,.5,1.1,86.4,.3,
211,인제,2023-08-12,22.8,20.6,27.2,3.2,.1,90,.1,
211,인제,2023-08-13,25.2,21.4,30.1,,.6,81.5,1,
211,인제,2023-08-14,26.1,21.7,33.6,,1.1,77.3,9.6,
211,인제,2023-08-15,25.1,21.3,31.1,,1.6,74.9,8.2,
211,인제,2023-08-16,25.3,20.4,32.4,,1,75.5,8.4,
211,인제,2023-08-17,25.9,20.9,32.2,,.5,78.3,7.3,
211,인제,2023-08-18,27,21.6,35.2,,.8,72.5,9.8,
211,인제,2023-08-19,26.8,22.4,34.1,,.6,76,7.3,
211,인제,2023-08-20,26.7,22.7,32.7,,.6,77.8,2,
211,인제,2023-08-21,27.6,23.7,33.8,0,.6,79.1,7.7,
211,인제,2023-08-22,27.1,24.6,31.4,15.6,1.3,81,3.3,
211,인제,2023-08-23,24.2,20.8,31.1,64.4,.3,92.3,.8,
211,인제,2023-08-24,22.7,20.7,25.6,9.9,.7,91,.2,
211,인제,2023-08-25,25.1,20.8,30.5,7.4,1.2,80.4,7.6,
211,인제,2023-08-26,24.2,20.2,30.1,,.8,78.1,7.8,
211,인제,2023-08-27,23.1,18.9,29.3,,1.2,78.1,3.2,
211,인제,2023-08-28,21.1,19.8,22.2,4,1.2,89.5,0,
211,인제,2023-08-29,22.9,20.5,25.5,25.6,.9,93.3,0,
211,인제,2023-08-30,21.5,19.3,25.2,13.7,1,90.9,0,
211,인제,2023-08-31,21.7,19,27.1,,.6,85.9,4.4,
211,인제,2023-09-01,22.1,17.7,28.9,,.9,77.3,7.7,
211,인제,2023-09-02,22.2,17.5,30.2,,1.1,78.3,7.7,
211,인제,2023-09-03,22,18.3,26.2,3.9,1,87.3,.9,
211,인제,2023-09-04,24.6,21.1,30.3,.1,1.1,82.3,2.5,
211,인제,2023-09-05,25.1,21.3,31.4,,1,79.3,5.8,
211,인제,2023-09-06,23.4,19.2,30.2,,1.6,77.4,8.1,
211,인제,2023-09-07,22.1,16.8,30.1,,1,70.6,9.6,
211,인제,2023-09-08,21,14.8,29.8,,1,76.4,9.1,
211,인제,2023-09-09,22.1,17.2,31.2,,1.2,74.6,9.4,
211,인제,2023-09-10,23,17.7,31.3,,1.4,74.1,9.1,
211,인제,2023-09-11,23,17.8,29.7,,1.1,78.1,8.3,
211,인제,2023-09-12,23.1,19.6,30,,.9,76.3,7.3,
211,인제,2023-09-13,19.4,18,21,41.4,.9,93.8,0,
211,인제,2023-09-14,20.3,17.9,23.8,1.2,1.6,83.9,.5,
211,인제,2023-09-15,20.2,19.2,21.9,7.3,.9,91.3,0,
211,인제,2023-09-16,21.7,19.5,26.1,23.6,.6,93.1,.2,
211,인제,2023-09-17,23.1,20.6,28.3,12,.8,87,4.7,
211,인제,2023-09-18,23.5,20.8,29,1.2,.9,86.9,4.6,
211,인제,2023-09-19,22.5,19.6,27.1,,1.1,84.3,3.8,
211,인제,2023-09-20,19.3,17,21.3,16.8,1.6,90.9,0,
211,인제,2023-09-21,17.6,13.2,22,,2.3,74.4,1.2,
211,인제,2023-09-22,16.8,12.9,25.1,,1,81.3,6.9,
211,인제,2023-09-23,17.6,13.5,24.9,0,1.5,82.4,5.2,
211,인제,2023-09-24,17.6,12.9,24.2,,1.3,73.3,8.9,
211,인제,2023-09-25,19.3,15,26.1,4.1,1.2,77.3,4.6,
211,인제,2023-09-26,18.8,17.3,21.3,9.9,.7,94.5,0,
211,인제,2023-09-27,19.7,18.3,21.5,4.9,.5,95.6,0,
211,인제,2023-09-28,21,17,25.7,,1.1,83.6,5.1,
211,인제,2023-09-29,18.4,14.9,24.4,,.7,79.9,5,
211,인제,2023-09-30,17,14.1,21.7,2.4,1.3,85.1,2.6,
212,홍천,2023-05-20,20.1,12.1,27.6,,1.5,65,7.7,
212,홍천,2023-05-21,19.1,15.8,23.7,0,1.6,58.3,6,
212,홍천,2023-05-22,18.3,13,25.4,,1.1,54.1,7,
212,홍천,2023-05-23,17.1,8.1,26.2,,1.1,53.8,11.9,
212,홍천,2023-05-24,18,9.2,26.5,,1.1,56,9.4,
212,홍천,2023-05-25,20.6,12.6,27.6,,1.2,47.6,9.9,
212,홍천,2023-05-26,19.8,14,26.5,.2,1.3,61.5,10.3,
212,홍천,2023-05-27,17.5,14.5,20,15.4,.6,87.5,0,
212,홍천,2023-05-28,19,17.5,20.1,37.1,.4,97.8,0,
212,홍천,2023-05-29,22.4,18.9,28.5,7.5,.7,79.6,5,
212,홍천,2023-05-30,21.9,16.8,28.3,,1.5,64.5,5.3,
212,홍천,2023-05-31,20.6,14.3,28.1,,1.2,60.6,9.8,
212,홍천,2023-06-01,21.2,16.4,26.1,,.8,70.5,2.7,
212,홍천,2023-06-02,21.2,16.8,26.6,,1.3,68.9,9.4,
212,홍천,2023-06-03,21.5,14.8,28,,1.5,55.3,11.6,
212,홍천,2023-06-04,20.4,12.1,28.2,,1.4,55.3,11.5,
212,홍천,2023-06-05,20.2,12.3,27.3,,1.4,61.8,8.6,
212,홍천,2023-06-06,20,13.6,26.1,,1.3,66.8,8.4,
212,홍천,2023-06-07,21.1,17.7,26.6,,1.2,70.5,7.5,
212,홍천,2023-06-08,20.5,16.5,26.7,2.4,1,78.6,6,
212,홍천,2023-06-09,20.7,15.1,27.6,22,.9,69.4,9.7,
212,홍천,2023-06-10,20.7,15.5,29.1,5,1.2,72.4,7,
212,홍천,2023-06-11,20.6,16.6,26.7,.2,.7,81,6.5,
212,홍천,2023-06-12,21.6,17.4,27.2,,1,74.6,5.3,
212,홍천,2023-06-13,21.8,17.4,28,,1.3,68,7.5,
212,홍천,2023-06-14,20.1,15.5,28.1,,1.3,73.6,7.1,
212,홍천,2023-06-15,21.1,15.8,27.8,0,1,71.5,8.4,
212,홍천,2023-06-16,23.3,16.6,30.6,,1.1,67.9,12.2,
212,홍천,2023-06-17,23.8,16.3,31.8,,1,63.1,9.2,
212,홍천,2023-06-18,25.4,18.2,33.6,,.9,62.8,11.9,
212,홍천,2023-06-19,26.5,18.6,34.1,,1.2,61.3,10.4,
212,홍천,2023-06-20,22.9,20.3,25.9,.2,1.3,72.9,0,
212,홍천,2023-06-21,19.6,17.7,22,24.6,1,92.5,0,
212,홍천,2023-06-22,20.8,17.7,26.1,8.2,1,82.1,2.9,
212,홍천,2023-06-23,23,18.7,29.1,,1,74.1,8.6,
212,홍천,2023-06-24,24.5,17.2,31.2,,1,68.4,13,
212,홍천,2023-06-25,26,19.5,33.2,,.8,71.4,8.6,
212,홍천,2023-06-26,23,19.8,26,37.7,1.1,90.1,0,
212,홍천,2023-06-27,24.3,21.3,29.3,10.7,1.3,77.4,5.8,
212,홍천,2023-06-28,25.4,20.6,30.5,,1.1,74.8,7.6,
212,홍천,2023-06-29,23.3,21.4,25.2,48.1,.6,94.3,0,
212,홍천,2023-06-30,24.8,21.1,29.8,5.8,1,83.5,4.1,
212,홍천,2023-07-01,27,22,33.9,,1.2,71.8,10.7,
212,홍천,2023-07-02,25.9,21.8,31.3,,.8,79.6,5.4,
212,홍천,2023-07-03,27.1,22.3,34,,1,75.8,8.6,
212,홍천,2023-07-04,25.7,22.6,32.7,33.7,.9,80.5,4.3,
212,홍천,2023-07-05,24.5,20.8,29.1,22.1,1.9,78.1,6.5,
212,홍천,2023-07-06,26.2,20.3,31.8,,1,71.8,7.3,
212,홍천,2023-07-07,24.5,19.6,30.9,,.8,71.8,5.3,
212,홍천,2023-07-08,24.4,17.8,31.1,,1,76.4,4,
212,홍천,2023-07-09,23.5,20,28.1,25.4,.8,86.4,2.5,
212,홍천,2023-07-10,25.3,21.5,30.7,10,1,82.5,5.4,
212,홍천,2023-07-11,22.3,20.5,25.2,77.9,.6,93.8,0,
212,홍천,2023-07-12,24.6,20.7,28.7,.3,.6,85.8,1.3,
212,홍천,2023-07-13,23.9,22.9,25.5,44.3,.7,95.9,0,
212,홍천,2023-07-14,24.4,22.2,26.2,44.9,.8,94.8,0,
212,홍천,2023-07-15,23.9,22.6,25.4,10.9,.5,91.4,0,
212,홍천,2023-07-16,23.7,21.7,26.7,.4,.6,88.5,0,
212,홍천,2023-07-17,24,22.1,28.3,9.2,.4,92.5,.7,
212,홍천,2023-07-18,23.2,22.5,25.4,62.3,.4,95.9,.7,
212,홍천,2023-07-19,26,21.5,32.5,,.8,77.8,9.3,
212,홍천,2023-07-20,26.4,21.9,32.2,,.9,80.8,8,
212,홍천,2023-07-21,26.3,23,33.8,59.8,1,82.9,7.8,
212,홍천,2023-07-22,26.3,22.2,33.2,.2,1,77,8,
212,홍천,2023-07-23,24.5,23.2,26.1,6.5,.8,92,0,
212,홍천,2023-07-24,25.8,23.2,30.8,20.4,.6,86.4,4.4,
212,홍천,2023-07-25,26.8,23.4,31.9,.6,.9,81.4,5.9,
212,홍천,2023-07-26,24.9,22.9,32,22,.7,88.8,4.2,
212,홍천,2023-07-27,26.7,22.3,33.2,,.8,81.5,7.3,
212,홍천,2023-07-28,27.9,23.6,33.9,,1,79.6,8.1,
212,홍천,2023-07-29,27.9,23.6,34.7,0,1.1,77.3,7.8,
212,홍천,2023-07-30,28.2,22.7,34.5,,.9,73.3,11,
212,홍천,2023-07-31,27.4,24,33.3,1.1,.9,78,6.2,
212,홍천,2023-08-01,27.8,23.3,34.2,,.9,77.5,8.1,
212,홍천,2023-08-02,27.7,23.6,33.3,,.9,78.4,5.3,
212,홍천,2023-08-03,27.3,22,33.2,,1,75,8.8,
212,홍천,2023-08-04,27.9,23.2,34.3,,1,76,7.8,
212,홍천,2023-08-05,28.9,23.9,35.3,,1.1,73,10.1,
212,홍천,2023-08-06,27.9,23.3,36.8,0,1,77.8,8.9,
212,홍천,2023-08-07,28.6,24.5,34.6,,1.7,70.8,10.6,
212,홍천,2023-08-08,27.8,22.4,34.5,,1.7,67,11.6,
212,홍천,2023-08-09,25.2,21.6,31.4,5.8,1.5,76.6,2.8,
212,홍천,2023-08-10,21.5,20.7,22.7,57,.9,92.9,0,
212,홍천,2023-08-11,22.5,20.7,25.3,6.6,1.3,90.5,0,
212,홍천,2023-08-12,23.4,21.4,27.9,1.3,.8,86.4,.4,
212,홍천,2023-08-13,25.5,21.9,30.6,,.6,83.1,2.6,
212,홍천,2023-08-14,27.4,22.4,33.4,,1.1,72.5,10.5,
212,홍천,2023-08-15,26.3,21.2,32.6,,1.2,72.3,9.4,
212,홍천,2023-08-16,26.1,20.2,32.3,,.8,71.8,11.2,
212,홍천,2023-08-17,26.4,22.7,31.8,.9,.9,78.4,7.8,
212,홍천,2023-08-18,27.2,23.2,33.7,1.4,1.1,78.5,9.1,
212,홍천,2023-08-19,27.9,23.8,33.5,.4,1,78.1,8.7,
212,홍천,2023-08-20,27.3,24.5,32.4,,.8,76.4,3.4,
212,홍천,2023-08-21,27.6,23.7,33.2,0,.9,78.5,6.2,
212,홍천,2023-08-22,27.2,23.3,31.6,1,.9,80.9,3.7,
212,홍천,2023-08-23,24.6,21.6,30.1,23.6,.9,89.6,.1,
212,홍천,2023-08-24,23,20.8,26.8,7.1,.8,91,.2,
212,홍천,2023-08-25,25.7,22,31.3,2.9,.9,80,7.4,
212,홍천,2023-08-26,25,21.3,30.3,,1,76.3,8.3,
212,홍천,2023-08-27,23.9,20,29.8,0,.9,78,3.4,
212,홍천,2023-08-28,22.2,20.1,24.3,1.6,1,85.5,0,
212,홍천,2023-08-29,23.6,21.3,28.1,20.6,.8,89.9,0,
212,홍천,2023-08-30,21.2,19.2,24.3,14.4,.3,92.9,0,
212,홍천,2023-08-31,22,19,27.2,,.5,82.5,5.6,
212,홍천,2023-09-01,21.7,17.7,29,,.9,79.5,8,
212,홍천,2023-09-02,22.4,17.2,29.8,,.9,78.9,7.9,
212,홍천,2023-09-03,23.4,19.5,28.7,3.1,.8,84.1,2.4,
212,홍천,2023-09-04,25.5,21.7,30.8,.1,.7,80.5,2.3,
212,홍천,2023-09-05,25.6,21.9,32.1,0,.6,75.8,6.5,
212,홍천,2023-09-06,24.9,20.1,31.6,,1.2,70.5,11,
212,홍천,2023-09-07,22.7,17.4,31.4,,1,70,11.3,
212,홍천,2023-09-08,21.6,15.5,29.6,,.8,74.4,10.2,
212,홍천,2023-09-09,23,17.3,30.5,,.8,75.4,10,
212,홍천,2023-09-10,23.9,18.3,31,,.8,75.5,8.5,
212,홍천,2023-09-11,23.9,19.8,29.8,,.9,76.1,7.8,
212,홍천,2023-09-12,23.7,20.2,30,,.8,79.3,6.5,
212,홍천,2023-09-13,20,18.1,22.2,47.7,.8,94.1,0,
212,홍천,2023-09-14,21.3,18.1,25.8,2,.8,81.3,.6,
212,홍천,2023-09-15,20.4,18.7,22.3,8.5,.4,93,0,
212,홍천,2023-09-16,22.5,20.1,26.2,13.1,.6,92.1,.3,
212,홍천,2023-09-17,23.7,21.4,27.9,8.2,.4,88.1,2.2,
212,홍천,2023-09-18,24,20.8,29.3,7.5,.6,84.1,4.9,
212,홍천,2023-09-19,22.2,18.5,26.6,,.6,85.1,2.3,
212,홍천,2023-09-20,19.7,17.4,21.5,27.7,.9,92.1,0,
212,홍천,2023-09-21,18.6,14.7,22.9,,1,72.9,1.7,
212,홍천,2023-09-22,17.1,13.5,24.6,,.9,79.5,7,
212,홍천,2023-09-23,18.4,12.9,27.1,,1.2,77.9,6.5,
212,홍천,2023-09-24,18.8,13.1,26.2,,1.1,67.6,7.9,
212,홍천,2023-09-25,19.9,15,25.9,4.4,.7,77.5,4.3,
212,홍천,2023-09-26,19.1,17.7,20.5,17.4,.8,95.8,0,
212,홍천,2023-09-27,20.3,18.5,22.9,12.1,.6,93.6,0,
212,홍천,2023-09-28,21.1,17.3,26.4,,.8,81.4,7.1,
212,홍천,2023-09-29,19,15.6,25,,.7,79.8,4.9,
212,홍천,2023-09-30,17.6,15,22.1,2.2,.8,85.5,1.9,
216,태백,2023-05-20,17.6,7.2,25.5,,1.5,64.8,10.5,
216,태백,2023-05-21,18.3,14.8,23.7,,2.1,47.1,7.2,
216,태백,2023-05-22,13,7.7,17.5,,1.7,64.8,2.9,
216,태백,2023-05-23,10.9,3.9,19.7,.3,1.1,67.8,9,
216,태백,2023-05-24,13.7,2.6,22.6,,.9,54.8,9.3,
216,태백,2023-05-25,16,7.8,23.9,,.8,56.8,7.6,
216,태백,2023-05-26,18.1,12.9,24.1,,1.4,55.3,10.3,
216,태백,2023-05-27,16.9,12.3,21.5,.3,.7,80.9,.7,
216,태백,2023-05-28,17.3,15.2,20.3,4.5,1.6,89.5,0,
216,태백,2023-05-29,16.5,13.6,18,17.2,.6,95.6,.2,
216,태백,2023-05-30,13.3,10.3,18.3,,1.2,89.4,.7,
216,태백,2023-05-31,15.9,7.4,23.8,,1.4,59.1,12,
216,태백,2023-06-01,18.8,10.9,26.4,,1,61.5,5.7,
216,태백,2023-06-02,19.8,13.5,25.7,,1.7,60.5,11.3,
216,태백,2023-06-03,18,11.2,24.9,,1.3,53.3,11.9,
216,태백,2023-06-04,18.5,10.1,24.9,,1.4,47.1,12,
216,태백,2023-06-05,18.6,10.9,25.2,,1.5,54.6,12.5,
216,태백,2023-06-06,19.1,13.3,26.5,0,1.3,57.8,9.4,
216,태백,2023-06-07,19.4,13.2,25.1,,1.7,63.8,11.3,
216,태백,2023-06-08,20.1,14.1,26.9,1.5,2,56.5,6.2,
216,태백,2023-06-09,17.8,11.9,24.7,1.8,1.2,63.5,10.7,
216,태백,2023-06-10,18.2,11.2,26.1,2.4,1.1,69.4,5.3,
216,태백,2023-06-11,18.2,13.3,26.4,2.1,1.3,81.3,7.5,
216,태백,2023-06-12,17.3,12.9,22.9,1.1,1.5,85.5,6.4,
216,태백,2023-06-13,18.1,13.5,25.1,.7,1.1,75.4,8.5,
216,태백,2023-06-14,15.6,11.5,23.7,17.7,1.1,86.5,4.7,
216,태백,2023-06-15,15.2,10.9,22,4.9,1,88,6,
216,태백,2023-06-16,20.9,12.2,29,,.8,72.1,12.2,
216,태백,2023-06-17,23.8,15,32.8,,.8,59.4,11.8,
216,태백,2023-06-18,22.1,16,29.4,,1.3,65.6,10.9,
216,태백,2023-06-19,20,14.7,27.5,,1.6,75.9,10.6,
216,태백,2023-06-20,17.8,12.2,23.8,,1,73.3,4.2,
216,태백,2023-06-21,17.4,14.2,22.4,37.8,1.2,91.8,.6,
216,태백,2023-06-22,18.3,14.5,24.5,0,.9,79.4,5.2,
216,태백,2023-06-23,17.6,12.8,23.5,,1.9,83,11.9,
216,태백,2023-06-24,20,11.5,28.2,,1.2,75.8,12.3,
216,태백,2023-06-25,21.8,15.7,28.5,,.8,74.5,8.1,
216,태백,2023-06-26,20.2,16.9,23.4,55.3,1.2,90.9,.4,
216,태백,2023-06-27,22.8,19.4,26.9,49.3,2.1,70.4,10.7,
216,태백,2023-06-28,23.5,18.8,28.2,,2.3,64.5,10,
216,태백,2023-06-29,22.3,20.2,24.5,73.2,1.4,83.3,.4,
216,태백,2023-06-30,19.6,17.8,23.2,7.2,1.2,94.1,.3,
216,태백,2023-07-01,23.3,16.3,31.5,,.9,72.8,11.1,
216,태백,2023-07-02,23.5,18.1,31.2,,.9,74.8,7.3,
216,태백,2023-07-03,22.8,17.4,30.4,,1.1,81.8,9.3,
216,태백,2023-07-04,22.2,18.8,27.8,9,2,83.5,4.1,
216,태백,2023-07-05,22.7,20,26.3,30.1,2.3,71.9,8,
216,태백,2023-07-06,23.9,18.1,28.2,,1.8,66.3,2.7,
216,태백,2023-07-07,19,16.1,24.1,6.4,1,83.8,.2,
216,태백,2023-07-08,20.2,17.6,25.5,,.8,90.4,1.6,
216,태백,2023-07-09,22.6,19.3,28,10.5,1.2,83.3,2.9,
216,태백,2023-07-10,23.2,18.9,28,8.7,1.3,78,5.8,
216,태백,2023-07-11,22,18.6,27.3,25.9,1.5,82.9,2.9,
216,태백,2023-07-12,23.2,19.2,28.3,0,.8,79.4,3.8,
216,태백,2023-07-13,21.7,20.2,24.2,9.6,.8,93,0,
216,태백,2023-07-14,23,20.7,24.7,49.8,3.7,87,0,
216,태백,2023-07-15,21.5,19.6,23.4,84.8,1.6,88.4,.5,
216,태백,2023-07-16,23.1,20.5,27.5,0,2,77.3,2,
216,태백,2023-07-17,24.2,21.4,29.1,.3,1.5,79.1,5,
216,태백,2023-07-18,21,19,23.2,7.2,1.4,88.4,0,
216,태백,2023-07-19,21.4,16.8,27.5,,1.4,82.6,10.3,
216,태백,2023-07-20,22.5,16.1,30.2,,1,82.4,8.7,
216,태백,2023-07-21,22.9,17.9,30,,1,83.8,9.6,
216,태백,2023-07-22,22.8,17,28.8,,1.8,74.9,7.8,
216,태백,2023-07-23,24.3,22.5,26.3,.6,3.5,75.4,0,
216,태백,2023-07-24,23.3,20.5,27,18,1.2,85.1,.5,
216,태백,2023-07-25,23.2,20.5,28.2,1.9,1.3,82,3.7,
216,태백,2023-07-26,23.9,20.9,30.2,0,1.5,79.6,3.8,
216,태백,2023-07-27,24.7,19.2,31.6,,.9,77,9.8,
216,태백,2023-07-28,25.4,19.7,32.1,,1,76.3,11.1,
216,태백,2023-07-29,25.6,19.4,33.3,,.8,72.4,11.1,
216,태백,2023-07-30,24,19,31.1,4.4,.7,83.3,8.5,
216,태백,2023-07-31,24.5,20,31,,1,82.5,8.2,
216,태백,2023-08-01,24.6,17.7,31.8,,.6,75.6,10,
216,태백,2023-08-02,25.9,19.6,31.9,,.8,74.6,9,
216,태백,2023-08-03,26.1,22,31.6,,1.3,65.9,9.5,
216,태백,2023-08-04,26.1,22.1,31.3,,1,72.6,6.6,
216,태백,2023-08-05,26.3,20.8,33.3,,.7,76.5,7.2,
216,태백,2023-08-06,24.5,20.7,30,0,1.1,86.4,5.4,
216,태백,2023-08-07,22.4,20,26.6,.4,1.6,92.4,.8,
216,태백,2023-08-08,20.3,18.1,22.3,.3,1.7,95.8,0,
216,태백,2023-08-09,19,18.1,19.7,17,1.7,97.1,0,
216,태백,2023-08-10,19.2,18.1,22.4,182.3,3.2,95,0,
216,태백,2023-08-11,22.1,18.7,28.1,1,2.5,79.4,7.1,
216,태백,2023-08-12,22,18.6,28,.1,1.1,86,1.4,
216,태백,2023-08-13,22,18.3,28.4,0,1,87.4,4.3,
216,태백,2023-08-14,22.6,19.4,28.1,0,1.4,83.6,6.8,
216,태백,2023-08-15,20.5,18.8,24.9,.1,2.1,90.6,4.5,
216,태백,2023-08-16,21.9,17.6,28.3,,1.3,85.5,6.5,
216,태백,2023-08-17,22.3,19.5,28.9,0,1,87.8,2.6,
216,태백,2023-08-18,23.2,19.1,29.4,0,1.1,83.1,7.6,
216,태백,2023-08-19,24.3,21.8,29.1,,1.1,86.6,1.6,
216,태백,2023-08-20,22.9,20.9,28.6,16.2,.9,92.8,2.6,
216,태백,2023-08-21,24.2,19.7,31.1,,1.1,82.4,8.6,
216,태백,2023-08-22,25.2,20.5,30.1,,2.1,73.9,8,
216,태백,2023-08-23,23.7,18.3,30.5,13.1,1.9,79.6,6.3,
216,태백,2023-08-24,20.4,18.3,22.5,30.5,.4,96.8,0,
216,태백,2023-08-25,22,17.6,28.5,29.9,.9,82.1,5.7,
216,태백,2023-08-26,20.9,15.3,28.4,,.8,81.9,7.1,
216,태백,2023-08-27,20.3,15.8,25.3,,1.1,82,6.5,
216,태백,2023-08-28,20,17.5,23.2,,.8,86.8,.8,
216,태백,2023-08-29,23.5,21,26.5,2.7,2.7,81.9,2,
216,태백,2023-08-30,21.1,18.6,23.9,53.4,1.2,95,0,
216,태백,2023-08-31,20.5,17,26.9,9.9,1,86.1,3.4,
216,태백,2023-09-01,19,12,27.6,,.6,75.3,7.9,
216,태백,2023-09-02,19.3,12.5,25.9,,1,83.4,7,
216,태백,2023-09-03,20.5,18,26.5,1,.9,89.9,1.8,
216,태백,2023-09-04,21.1,17.7,24.8,,1.2,88.5,1.4,
216,태백,2023-09-05,20.4,16.1,24.6,,1.6,82.4,3.2,
216,태백,2023-09-06,19.1,15,24.4,,2,83.4,5.4,
216,태백,2023-09-07,18.1,13.1,24.2,,1.9,78.6,9.4,
216,태백,2023-09-08,18.6,12,25.6,,1.4,77.9,8.2,
216,태백,2023-09-09,17,8.1,26.2,,1.2,75.6,9.6,
216,태백,2023-09-10,19.1,12,26.6,,1.3,84.1,9.2,
216,태백,2023-09-11,20.2,16.7,26.3,,1,85.4,3.8,
216,태백,2023-09-12,21,17.2,27.6,.7,.7,83.1,4.5,
216,태백,2023-09-13,17.9,16.2,19.7,34.4,.9,97.3,0,
216,태백,2023-09-14,17.5,16.1,19.2,10.2,.9,97.1,0,
216,태백,2023-09-15,18.4,17.2,19.8,22.8,.7,97.8,0,
216,태백,2023-09-16,20.6,18.2,26,6,.9,94.1,1.2,
216,태백,2023-09-17,20.8,19,26.1,3.2,1.1,89.8,3,
216,태백,2023-09-18,20.8,17.2,28.1,14.7,1.1,85.1,7,
216,태백,2023-09-19,20.8,16.5,26.5,,1.2,71.4,7.3,
216,태백,2023-09-20,16.5,15.4,18.2,90.7,1.5,94.4,0,
216,태백,2023-09-21,13.8,11.2,17.2,8.6,2.1,88.6,1.2,
216,태백,2023-09-22,14.6,9.3,22.3,,.9,84.9,7.3,
216,태백,2023-09-23,14.9,8.9,20.9,.6,1.6,84.5,6.6,
216,태백,2023-09-24,14.8,13,18.8,,1.7,78.5,6.5,
216,태백,2023-09-25,16.2,13.2,22.5,5.9,.7,86.5,3.3,
216,태백,2023-09-26,16.7,15.3,18,25.3,.3,98.5,0,
216,태백,2023-09-27,18.1,16.5,20.3,.6,.4,96.4,0,
216,태백,2023-09-28,18.7,14.2,24.9,,1.1,75.8,8,
216,태백,2023-09-29,15.2,10.9,20.9,,.7,85.4,1.1,
216,태백,2023-09-30,15.4,11.3,21.6,4.2,1,72,5.9,
217,정선군,2023-05-20,19.5,11.1,28.2,,1.6,63.9,8.2,
217,정선군,2023-05-21,18.8,15.5,23.8,,1.9,55.1,6.5,
217,정선군,2023-05-22,16.2,10.1,23.5,,1.4,56.5,4.2,
217,정선군,2023-05-23,13.6,7.6,24.4,.7,1.2,72.3,6.3,
217,정선군,2023-05-24,16,6.7,25.4,,1,59.6,8.4,
217,정선군,2023-05-25,19,9.2,27.7,,1,53.4,9.7,
217,정선군,2023-05-26,20.4,14.6,27.2,,1.4,51.4,10.2,
217,정선군,2023-05-27,17.8,12.9,22.2,1.6,.6,81.9,1,
217,정선군,2023-05-28,18.1,16.4,19.4,17.4,2.1,93.5,0,
217,정선군,2023-05-29,19.5,16.6,25.6,19.4,.5,87,1.6,
217,정선군,2023-05-30,18.7,12.7,24.3,,1.5,71,2.7,
217,정선군,2023-05-31,18.4,9.9,27.4,,1,64,9.7,
217,정선군,2023-06-01,19.6,13.2,26.6,,.7,71,2.7,
217,정선군,2023-06-02,20.8,15.1,26.8,,1.8,63.9,8.8,
217,정선군,2023-06-03,20,12.9,27,,1.8,55.4,8.7,
217,정선군,2023-06-04,19.2,10,27.5,,1.7,56.3,10.6,
217,정선군,2023-06-05,19.6,10.2,27.5,,1.9,59.9,9.1,
217,정선군,2023-06-06,20.1,12.4,27.7,,1.7,62.6,9,
217,정선군,2023-06-07,20.2,14.2,26,,1.5,71.9,8,
217,정선군,2023-06-08,22,16.1,28.9,0,1.8,64.5,7.3,
217,정선군,2023-06-09,20.3,14.3,28.3,4.8,1.5,62.3,10.8,
217,정선군,2023-06-10,19.8,12.8,29.7,2.7,.9,70,5.2,
217,정선군,2023-06-11,19.7,15.5,29.5,19,1.1,80.1,6,
217,정선군,2023-06-12,20.7,16,29,,1.1,71.9,6.3,
217,정선군,2023-06-13,20.5,15.5,27.3,0,1.2,70.4,4.6,
217,정선군,2023-06-14,19.1,13.7,28.3,0,1.3,73.8,6.2,
217,정선군,2023-06-15,18.5,15.6,26.4,13.1,1,81.8,4.1,
217,정선군,2023-06-16,22.4,16.3,31.7,,1.2,74.3,9.5,
217,정선군,2023-06-17,24.1,16.4,34.2,,.9,67.4,9.8,
217,정선군,2023-06-18,24.1,17,32.9,,1,67.5,8,
217,정선군,2023-06-19,24.2,16.8,32.4,,1.5,64.8,10.4,
217,정선군,2023-06-20,21.5,16.1,28.2,.1,1.1,68.9,1.2,
217,정선군,2023-06-21,19.3,17.1,21.5,33.1,.7,90.9,0,
217,정선군,2023-06-22,20.8,17.7,25.8,3.3,1,78.8,3.3,
217,정선군,2023-06-23,22.3,17.2,29.4,,.9,69,6.3,
217,정선군,2023-06-24,23.1,15.3,32.9,,1,68.8,9.1,
217,정선군,2023-06-25,24.7,17.2,33.3,,.8,71.6,6.3,
217,정선군,2023-06-26,20.8,18.4,22.9,93.2,.6,91.8,0,
217,정선군,2023-06-27,24.5,20.2,29.1,12.3,2.5,72.9,5.9,
217,정선군,2023-07-01,26,20.5,34.5,,1.1,74.6,0,
217,정선군,2023-07-02,25.9,20.6,33.1,,1,79.1,0,
217,정선군,2023-07-04,25,21.6,31.8,16.4,1,78.9,3.5,
217,정선군,2023-07-05,24.4,20.2,29.7,23.5,2.1,73.8,6.4,
217,정선군,2023-07-06,25.5,19.7,33.3,,1.4,70.5,4.5,
217,정선군,2023-07-07,21.8,18.2,27.2,0,.9,78.9,.6,
217,정선군,2023-07-08,23.4,16.9,32,,1.2,76.3,1.8,
217,정선군,2023-07-09,23.3,20.3,30.6,29.7,.8,84.6,1.7,
217,정선군,2023-07-10,25.7,20.4,31.7,1.1,1.4,75.6,6.4,
217,정선군,2023-07-11,22.1,19.2,27.9,55.6,1,87.3,.7,
217,정선군,2023-07-12,24.8,19.7,30.2,0,.8,81.5,2.6,
217,정선군,2023-07-13,23.4,21.9,25.5,15.6,.2,91.9,0,
217,정선군,2023-07-14,23.6,21.9,25,122.5,1.4,92.5,0,
217,정선군,2023-07-15,22.6,21.1,24.1,63.1,.7,91.6,0,
217,정선군,2023-07-16,23.9,21.1,28.2,.1,1.2,81.3,1.6,
217,정선군,2023-07-17,24.9,21.4,29.1,3.9,.7,85.8,1,
217,정선군,2023-07-18,22.6,20.2,25.1,14.7,.5,92.4,0,
217,정선군,2023-07-19,25.2,20.1,33.9,,.8,76.9,8.9,
217,정선군,2023-07-20,24.4,19.7,33.4,19,1.1,81.1,6.3,
217,정선군,2023-07-21,24.9,20.7,34.9,1.1,1.3,81.9,5.4,
217,정선군,2023-07-22,25.9,20.7,33.2,,1.5,73.1,6.8,
217,정선군,2023-07-23,25.2,22.2,30.5,3,1,82.3,.4,
217,정선군,2023-07-24,25.1,22,29.8,7.2,.9,84,.9,
217,정선군,2023-07-25,25.4,21.7,31.8,0,.8,82,3.7,
217,정선군,2023-07-26,25.4,22.3,33.3,1.1,.9,81,4.4,
217,정선군,2023-07-27,27.2,21.9,34.3,,1.1,75.9,9.2,
217,정선군,2023-07-28,28.2,21.7,36.1,,1.1,73.3,9.5,
217,정선군,2023-07-29,27.8,22.8,36.1,,1.4,73.1,9.1,
217,정선군,2023-07-30,27.1,21.7,36.2,.6,1.3,74.9,7.4,
217,정선군,2023-07-31,27.3,23.4,36.3,,1.1,76,4.3,
217,정선군,2023-08-01,28,22.7,35.9,,1.3,72.6,8.3,
217,정선군,2023-08-02,28,23.3,35.4,,1.2,75.6,9,
217,정선군,2023-08-03,28,22.4,34.8,,1.5,70.1,11,
217,정선군,2023-08-04,27.4,21.3,35.2,,1.2,75,7.8,
217,정선군,2023-08-05,29.2,22.5,37.5,,1.1,69.9,11.6,
217,정선군,2023-08-06,28.2,23,36.9,.2,1.4,75.6,6.9,
217,정선군,2023-08-07,27,23.7,31.7,,1.6,74.3,3.9,
217,정선군,2023-08-08,25.8,22.2,31,,1.9,70.8,4.5,
217,정선군,2023-08-09,22.8,20.6,27.6,16.7,1.9,81,0,
217,정선군,2023-08-10,21.4,20.4,22.6,38.1,2,88.3,0,
217,정선군,2023-08-11,24.4,20,31.4,4.6,1.4,78,5,
217,정선군,2023-08-12,23.6,21,28.3,2.5,.6,84.9,1.7,
217,정선군,2023-08-13,25.7,21.6,31.9,0,.7,78.3,3.1,
217,정선군,2023-08-14,26.1,21.8,33.6,,1.1,74.3,7.4,
217,정선군,2023-08-15,24.6,20.7,30.4,,1.7,73.6,7.2,
217,정선군,2023-08-16,25.5,18.5,33.7,,.9,73.3,8.2,
217,정선군,2023-08-17,25.8,21.4,32.5,,1.1,76.5,5.1,
217,정선군,2023-08-18,27.3,22.5,35.7,,1.3,71.6,7.7,
217,정선군,2023-08-19,27.8,22.8,34.9,5.2,1.1,77.1,7.2,
217,정선군,2023-08-20,26.4,23.2,35,34,1,81,3.7,
217,정선군,2023-08-21,26.8,22.9,34.4,0,1,79.4,7.5,
217,정선군,2023-08-22,27.2,21.5,33.9,,1.3,76.4,7.6,
217,정선군,2023-08-23,26,20.1,33.1,22.3,1.2,76.9,4.2,
217,정선군,2023-08-24,22,19.9,25,50.3,.5,91.1,0,
217,정선군,2023-08-25,24.8,20.2,31.2,13.9,1.1,78.6,7.1,
217,정선군,2023-08-26,24.3,19.1,32.6,,1.1,74.1,8.6,
217,정선군,2023-08-27,22.8,18.7,28.6,,1.1,74.9,3.1,
217,정선군,2023-08-28,22.5,18.9,26,,1.2,80,.2,
217,정선군,2023-08-29,24.1,20.7,28.1,16.5,.8,86.8,0,
217,정선군,2023-08-30,21.6,19.6,24.2,50.8,.7,90.9,0,
217,정선군,2023-08-31,22.2,18.7,28.4,.1,.8,79.8,3.3,
217,정선군,2023-09-01,22,16.8,31.3,,1.1,75.1,7.5,
217,정선군,2023-09-02,22,16.4,31.1,,1.4,76.4,6.2,
217,정선군,2023-09-03,23.8,19.9,30.4,.3,.9,81.6,2.3,
217,정선군,2023-09-04,24.5,20.4,31.2,,1.3,77.3,3.3,
217,정선군,2023-09-05,24.3,19.6,30.6,,1.3,74.1,4.4,
217,정선군,2023-09-06,22.3,17.3,29.6,,1.7,74.9,5.3,
217,정선군,2023-09-07,20.8,14.1,29,,1.7,70.3,9.6,
217,정선군,2023-09-08,20.2,13.5,30.8,,1.3,74.6,7.7,
217,정선군,2023-09-09,20.8,13.9,32.4,,1,70.9,8.2,
217,정선군,2023-09-10,22.8,16.3,33.2,,1.3,69.3,7.1,
217,정선군,2023-09-11,23.8,18.4,32.6,,.8,74.3,6.2,
217,정선군,2023-09-12,23.7,19.4,32.2,,1.1,74.4,6.9,
217,정선군,2023-09-13,20.1,17.9,22.6,40,.7,90,0,
217,정선군,2023-09-14,19.9,17.5,23.1,3.8,.9,86.9,0,
217,정선군,2023-09-15,20.6,18.9,23.1,12.6,.4,90.5,0,
217,정선군,2023-09-16,23,20.1,29.6,9.3,.6,87.6,1.7,
217,정선군,2023-09-17,23.8,21,29.2,.3,.7,82.8,3.3,
217,정선군,2023-09-18,23.5,19.7,30.8,19.6,.9,80.6,6.1,
217,정선군,2023-09-19,22.6,17.7,28.4,,1.1,75.9,6.4,
217,정선군,2023-09-20,19,17.3,20.7,53.3,.9,89.5,0,
217,정선군,2023-09-21,16.8,12.2,21.7,.1,1.5,76.8,1.4,
217,정선군,2023-09-22,17.1,12.2,26.6,,1.4,75.3,7.2,
217,정선군,2023-09-23,17.4,13.4,25,,1.5,77.8,4.3,
217,정선군,2023-09-24,17,11.7,23,,1.4,72,7,
217,정선군,2023-09-25,18.9,13.2,27.1,3,.8,75.1,5.6,
217,정선군,2023-09-26,18.7,17.1,20.2,24,.2,91.5,0,
217,정선군,2023-09-27,19.8,18.4,21.3,5.4,.1,92.9,0,
217,정선군,2023-09-28,20.4,15.1,27.9,0,.9,79.4,8,
217,정선군,2023-09-29,18,14.2,25.1,,1,80.3,4.1,
217,정선군,2023-09-30,16.8,13.1,22.3,3.8,1,80.1,1.5,
221,제천,2023-05-20,19.2,10.5,26.6,,1.5,69,9.4,
221,제천,2023-05-21,17.9,14.9,22.1,,2.1,66.3,5.9,
221,제천,2023-05-22,17,13.8,22.9,0,.9,62.6,3.5,
221,제천,2023-05-23,15.7,7.7,24.4,,1.2,62.3,12.1,
221,제천,2023-05-24,17.4,8.2,25.2,,.9,61.5,7.7,
221,제천,2023-05-25,19.7,10.7,26.4,,1.1,52,11.4,
221,제천,2023-05-26,19.7,13.8,25.6,0,1.2,59.6,10.5,
221,제천,2023-05-27,17.6,13.9,20,1.9,.6,89.4,0,
221,제천,2023-05-28,18.4,17.2,19.7,39.4,.4,100,0,
221,제천,2023-05-29,20,17.4,23.9,19.7,.7,93.1,2,
221,제천,2023-05-30,20.3,16.2,25.1,,1.7,74.4,4,
221,제천,2023-05-31,19.8,13,26.6,,1,59,12.1,
221,제천,2023-06-01,20.5,14.8,26.4,,.8,68.8,3.5,
221,제천,2023-06-02,21.2,16.9,26.8,,1.7,73.6,8.4,
221,제천,2023-06-03,20.5,14.5,27.1,,1.8,60.8,10.9,
221,제천,2023-06-04,19.3,10.8,27.3,,1.6,59.3,12.5,
221,제천,2023-06-05,19.3,11.6,25.6,,1.9,66,12.5,
221,제천,2023-06-06,19.5,13,26.1,,1.3,70.8,11.1,
221,제천,2023-06-07,19.3,16.5,23.5,,1.3,78.8,.8,
221,제천,2023-06-08,21.6,16,27.7,.6,1.2,74.8,6.8,
221,제천,2023-06-09,21.4,16.1,27.3,.8,1.5,63.8,11.2,
221,제천,2023-06-10,20.1,15,29.3,8.9,1,74.5,6.5,
221,제천,2023-06-11,19.8,15.2,27.3,3.4,1,87.8,8.2,
221,제천,2023-06-12,21.1,17,27.3,.2,1.1,75.5,7.1,
221,제천,2023-06-13,20.8,15.8,27.5,,1.3,73.5,11.6,
221,제천,2023-06-14,19.8,13.5,27.1,6.2,1.2,76.6,11.6,
221,제천,2023-06-15,18.8,15.2,24.3,0,.9,86.3,5.9,
221,제천,2023-06-16,22.1,15.7,29.4,,1.2,77.1,10.3,
221,제천,2023-06-17,23.1,14.9,31.5,,1,68.9,11.6,
221,제천,2023-06-18,25,17.5,32.8,,.7,64.1,12.5,
221,제천,2023-06-19,25.8,18.9,32.5,,1.3,61.6,9.4,
221,제천,2023-06-20,21.8,17.3,27.1,.2,1.1,69.1,1.6,
221,제천,2023-06-21,19.2,17.1,21.1,26.7,1.1,98.5,0,
221,제천,2023-06-22,20.6,17.6,25.7,1.3,1.6,85.6,2.9,
221,제천,2023-06-23,22.4,16.8,28.4,,.9,76.8,6.6,
221,제천,2023-06-24,24.1,16.4,31.5,,.8,69.9,13.5,
221,제천,2023-06-25,24.5,18.4,30.3,,.8,75,7.1,
221,제천,2023-06-26,21.4,19,23.1,123.6,.8,95.9,0,
221,제천,2023-06-27,24.2,21.1,28.2,14,1.9,80.4,7.8,
221,제천,2023-06-28,24.3,20,28.5,,1.5,80.5,6.8,
221,제천,2023-06-29,23.3,22.4,25,40.8,.6,97.3,0,
221,제천,2023-06-30,24.1,22.1,26.1,4.6,.8,94.4,.4,
221,제천,2023-07-01,25.3,20.8,31.2,,1,83.3,9.7,
221,제천,2023-07-02,24.9,20.5,29.8,,.7,87.9,4.7,
221,제천,2023-07-03,25.8,21.1,32.7,,.8,79.5,9.7,
221,제천,2023-07-04,23.8,20.7,29.1,27.4,1,88.9,3.8,
221,제천,2023-07-05,23.3,21.1,26.6,30.3,2.5,87.5,6,
221,제천,2023-07-06,24.4,18.7,30.7,,1.1,80.3,8.9,
221,제천,2023-07-07,21.6,19.1,26.5,1.4,1,88.5,.5,
221,제천,2023-07-08,23.5,18.9,29.2,.2,.8,88.1,3.3,
221,제천,2023-07-09,23.3,21.2,28.7,41.8,.7,94.9,.6,
221,제천,2023-07-10,24.7,21,29.9,7.2,1.1,88.4,5.1,
221,제천,2023-07-11,22.4,20.2,24.8,56.2,.6,96.9,.1,
221,제천,2023-07-12,24.6,20.7,28.6,,.7,89.3,2.5,
221,제천,2023-07-13,23.6,22.7,25,42.9,.5,99.3,0,
221,제천,2023-07-14,23.3,22.3,24.4,200.7,.9,100,0,
221,제천,2023-07-15,22.1,20.7,23,130.4,.8,99.8,0,
221,제천,2023-07-16,23.1,20.7,27.1,.1,.7,93.1,1.7,
221,제천,2023-07-17,24.4,21.2,28.6,3.5,.9,91.4,1.7,
221,제천,2023-07-18,22.6,20.6,24.6,14.2,.7,98.6,0,
221,제천,2023-07-19,24.4,19.4,30.3,,.9,84.6,9.4,
221,제천,2023-07-20,25.6,21.2,30.9,,.9,85.9,7.5,
221,제천,2023-07-21,25.4,22,33,0,1,86.5,8.8,
221,제천,2023-07-22,24.5,20.8,29.5,.4,1.4,84.1,6.9,
221,제천,2023-07-23,24.2,22.6,26.2,5.8,.4,96.3,0,
221,제천,2023-07-24,24.8,22.5,29.2,2.9,.8,91.4,3.1,
221,제천,2023-07-25,24.7,22.3,28.9,1.7,.8,92.1,2.1,
221,제천,2023-07-26,24.9,22.2,31.1,1.7,.7,91.1,4.7,
221,제천,2023-07-27,26.3,22.2,31.9,,.9,84.9,9.6,
221,제천,2023-07-28,27.3,22.7,33.1,,.8,82.1,11.6,
221,제천,2023-07-29,27.2,22.4,33.6,,.8,81.4,11.3,
221,제천,2023-07-30,27.3,22.3,34,,1,80.1,10,
221,제천,2023-07-31,25.5,22.8,32.6,36.5,.8,90.8,4.9,
221,제천,2023-08-01,26.5,22.2,32.4,,.9,86.4,8.7,
221,제천,2023-08-02,26.8,22.9,32.1,,.8,86.6,6.8,
221,제천,2023-08-03,26.2,21.1,32.2,,1,80.9,10.7,
221,제천,2023-08-04,26.7,22.4,32.6,,.8,84,7.7,
221,제천,2023-08-05,27.8,23.1,33.8,,.7,81.5,10.8,
221,제천,2023-08-06,27.7,23,34.3,,1.1,81.9,10.8,
221,제천,2023-08-07,27.3,23.5,32.6,,2,77.6,10.5,
221,제천,2023-08-08,26.7,22.2,32,,2.3,75.4,10.2,
221,제천,2023-08-09,23.9,21.3,27.6,18.2,2.8,84.3,1.1,
221,제천,2023-08-10,21.1,20,22.5,66.4,1.9,97.1,0,
221,제천,2023-08-11,23.3,20.1,29.1,21.4,1.4,91.5,2.8,
221,제천,2023-08-12,22.8,21.3,25.4,.7,.6,91.8,0,
221,제천,2023-08-13,24.5,20,30.5,,.5,87.8,1.9,
221,제천,2023-08-14,26.4,21.5,32.4,,1,80.1,9.8,
221,제천,2023-08-15,25.1,20.2,31.7,,1.3,79.5,9.2,
221,제천,2023-08-16,25,19.6,30.8,,.8,82.8,9.6,
221,제천,2023-08-17,25.6,22.3,30.3,,.8,85.6,5.8,
221,제천,2023-08-18,25.9,21.4,31.9,.2,.8,84.4,6.9,
221,제천,2023-08-19,26.9,22.8,31.5,,.6,84.9,6.9,
221,제천,2023-08-20,27.1,22.9,32.6,0,.9,84.4,6.6,
221,제천,2023-08-21,26.5,22.5,32.2,,.9,83.4,6.3,
221,제천,2023-08-22,26.4,21.5,31.6,.2,.9,82.9,6.7,
221,제천,2023-08-23,25.5,21.1,31.7,34,1.3,87,2.6,
221,제천,2023-08-24,23.1,20.7,26.6,35.8,1.4,96.5,.4,
221,제천,2023-08-25,24.6,20.7,29.1,3.3,1.6,83.3,8.4,
221,제천,2023-08-26,24,19.4,29.8,,.8,83.1,9,
221,제천,2023-08-27,24.1,19.1,28.9,,1.2,78.4,5.6,
221,제천,2023-08-28,23.8,20.7,26.8,0,2,76.1,0,
221,제천,2023-08-29,24.1,21.2,27,11.7,1.2,91.6,0,
221,제천,2023-08-30,20.3,18.9,22.2,49,.7,99,0,
221,제천,2023-08-31,20.8,16.9,26,,.5,88.4,4,
221,제천,2023-09-01,21.2,16.2,28.3,,.9,85.8,9.2,
221,제천,2023-09-02,22.2,15.5,30,.2,.9,82.4,9,
221,제천,2023-09-03,24.2,20.6,29.8,.6,.8,86.8,4.6,
221,제천,2023-09-04,25.1,21.3,30.7,,1.2,82.8,4,
221,제천,2023-09-05,24.3,20.5,29.3,,.9,80,4.7,
221,제천,2023-09-06,23.1,17.5,29.2,,1.3,78.9,11.1,
221,제천,2023-09-07,21.1,14.5,29.2,,1.2,74.5,11.9,
221,제천,2023-09-08,20.3,13.2,28.1,,.7,77.6,11.8,
221,제천,2023-09-09,21.1,15.1,29.5,,.6,80.9,11.2,
221,제천,2023-09-10,22.6,15.7,30,,.6,78.9,10.7,
221,제천,2023-09-11,23.1,18.3,29.4,,.8,80.6,10.6,
221,제천,2023-09-12,23.2,18.9,29.7,,.6,82.6,9.1,
221,제천,2023-09-13,20.5,19,22.5,28.6,.7,97.1,0,
221,제천,2023-09-14,20.8,18.4,24.4,2.8,1.4,88.3,.1,
221,제천,2023-09-15,20.8,19.2,22.5,14.6,.8,96.9,0,
221,제천,2023-09-16,22.3,20.4,26.1,25.4,.5,97.5,1,
221,제천,2023-09-17,23.2,20.8,27.5,30.6,.6,90.9,2.6,
221,제천,2023-09-18,22.8,18.6,29,20.3,.8,87,8,
221,제천,2023-09-19,21,16.7,25.3,,.7,90,3.4,
221,제천,2023-09-20,19.3,17.9,20.8,69.2,1.7,97.5,0,
221,제천,2023-09-21,17.9,13.6,21.8,,1.5,80,1,
221,제천,2023-09-22,16.6,12.2,23.6,,.8,85.8,7.9,
221,제천,2023-09-23,17.4,11.5,25.2,,1.4,83,6.7,
221,제천,2023-09-24,18,12.2,23.8,,2,69.5,9.4,
221,제천,2023-09-25,19.6,15.4,25.8,1.5,1,79.4,5.4,
221,제천,2023-09-26,18.8,17.9,19.6,31.4,.7,100,0,
221,제천,2023-09-27,19.9,18.9,21.9,6.9,1,98.4,0,
221,제천,2023-09-28,20.3,16.2,25.2,,1.2,87.8,6.2,
221,제천,2023-09-29,18.2,14.7,24.3,,.7,85.1,4.7,
221,제천,2023-09-30,16.7,13.8,22,2.5,.9,89.1,4,
226,보은,2023-05-20,19.4,11.4,26.9,,1.3,71.3,11,
226,보은,2023-05-21,18.3,14.5,23.1,,1.6,72.3,5.9,
226,보은,2023-05-22,16.4,12.7,21.2,5.3,1.1,73.4,2.9,
226,보은,2023-05-23,16.2,9.2,24.3,,1,69.5,10.8,
226,보은,2023-05-24,17.5,9,26,,.8,64.4,6.4,
226,보은,2023-05-25,19.7,13.2,26.5,,.9,56.4,7,
226,보은,2023-05-26,20.2,14.2,25.5,0,1,63.3,8.3,
226,보은,2023-05-27,19.5,17.7,21.5,.7,.5,87.6,0,
226,보은,2023-05-28,19.4,18,20.8,35.4,.8,97.3,0,
226,보은,2023-05-29,19.9,17.1,21.9,32.4,.8,96,0,
226,보은,2023-05-30,19.4,14.5,23.6,0,1.5,81.5,4,
226,보은,2023-05-31,19.4,12.1,25.7,,1.5,66,12.6,
226,보은,2023-06-01,20.2,14.5,25.7,,.9,74,4.1,
226,보은,2023-06-02,21.2,16.6,25.9,0,1.6,74.5,7.6,
226,보은,2023-06-03,19.8,13.9,26.9,,1.5,65,9.7,
226,보은,2023-06-04,20.6,12.5,27.8,,1.3,59.6,11.7,
226,보은,2023-06-05,20,13.8,26,,1.5,68.1,9.6,
226,보은,2023-06-06,20.3,14,26.5,,1.3,70.9,11.9,
226,보은,2023-06-07,20.5,15.5,25.8,,.9,76.9,5.4,
226,보은,2023-06-08,21.9,16.9,28.2,,1.3,75.1,7.3,
226,보은,2023-06-09,22.1,16.3,28.1,.3,1.3,64.6,9.9,
226,보은,2023-06-10,20.8,15.5,29.4,6.1,1.3,76.8,6.6,
226,보은,2023-06-11,21,16.3,27.5,17.1,1.2,83.8,6.2,
226,보은,2023-06-12,22.3,18.4,27.9,,1,74.3,9.5,
226,보은,2023-06-13,21.5,16.2,27.8,,1.2,73.5,9.6,
226,보은,2023-06-14,19.9,15.3,27,3.6,1.1,79,8.1,
226,보은,2023-06-15,19.7,14.5,26.3,,.9,83,6.7,
226,보은,2023-06-16,22.2,14.8,29.6,,.9,72.9,12.8,
226,보은,2023-06-17,23.2,15.6,30.5,,.9,69.4,10.2,
226,보은,2023-06-18,24.2,16.9,32.1,,.8,66.3,11.5,
226,보은,2023-06-19,25,17.9,30.6,,1.7,64.5,10.9,
226,보은,2023-06-20,22.2,18.6,24.8,2,2.4,67.3,3.2,
226,보은,2023-06-21,20.4,19,23,4,1.5,90.8,.2,
226,보은,2023-06-22,22.1,18.9,26.8,.9,1.7,77.5,5.9,
226,보은,2023-06-23,23.5,18,29.8,,.9,73.3,10,
226,보은,2023-06-24,24.4,18.3,30.6,,1.2,74,12,
226,보은,2023-06-25,24.3,18.3,29.4,0,1.7,71.8,7.6,
226,보은,2023-06-26,23,20.6,25.1,72.6,1.7,92.8,0,
226,보은,2023-06-27,25.3,22.7,29.9,4,1.5,76.5,7.2,
226,보은,2023-06-28,23.1,18.6,27.3,4.3,1.1,85.1,3.7,
226,보은,2023-06-29,23.9,22,25.5,38.6,1.2,94.4,0,
226,보은,2023-06-30,23.7,22.6,26.5,15.8,.7,95.9,.6,
226,보은,2023-07-01,25.7,22,31.6,,.8,83.4,8.6,
226,보은,2023-07-02,26,22,30.8,,.9,83.1,7.5,
226,보은,2023-07-03,26,21.6,31.8,,1.2,77,10.2,
226,보은,2023-07-04,23.4,21.1,27.1,84.4,1.7,91.9,.7,
226,보은,2023-07-05,23.8,20.1,28,23.1,2.2,83.5,5.2,
226,보은,2023-07-06,24.2,18.5,31.7,,.7,77.1,5.8,
226,보은,2023-07-07,20.5,18.1,25,95.2,1.2,92.5,0,
226,보은,2023-07-08,22.8,18.7,28.5,4.2,.5,93.1,2.3,
226,보은,2023-07-09,25.6,22.5,29.5,.1,1.2,87.8,1.5,
226,보은,2023-07-10,25,20.8,30.8,43.2,1.3,83.8,7.7,
226,보은,2023-07-11,23.1,21.6,25.1,33.7,.8,95,0,
226,보은,2023-07-12,25.1,22,30,21.5,.8,89.9,4,
226,보은,2023-07-13,24.8,23.6,26.2,14.4,1.4,94.1,0,
226,보은,2023-07-14,24,23.2,25.2,211.4,2,97.3,0,
226,보은,2023-07-15,22.7,20.9,24.4,117.6,1.1,98.9,0,
226,보은,2023-07-16,23.4,20.9,27.6,2.8,.5,94.1,1.5,
226,보은,2023-07-17,24.7,22.7,30.6,23.8,.9,91.9,2.1,
226,보은,2023-07-18,22.8,21.9,24.3,61.1,.6,98.9,.2,
226,보은,2023-07-19,24.9,21.1,30.5,,.8,84.9,8.8,
226,보은,2023-07-20,25.3,21.2,31.1,,.8,85.8,8.5,
226,보은,2023-07-21,26.1,21.8,32.2,,1.1,82,8.3,
226,보은,2023-07-22,25,22.4,28.3,,2.5,78.3,5.7,
226,보은,2023-07-23,25,23.6,27.1,12.2,1,90.3,0,
226,보은,2023-07-24,25.1,23.4,29.2,11,.8,88.1,3.4,
226,보은,2023-07-25,24.5,22.9,27.9,6,.8,93.3,1.8,
226,보은,2023-07-26,24.6,22.1,31.4,30.7,1,90.5,4.8,
226,보은,2023-07-27,26.4,21.7,32.5,,.8,85.3,7.6,
226,보은,2023-07-28,27.4,23.3,33.1,.2,.8,83.9,9,
226,보은,2023-07-29,27.9,23.9,33.6,.1,.7,81,9.5,
226,보은,2023-07-30,27.2,23.7,33,.2,.9,82.3,7.4,
226,보은,2023-07-31,27.1,22.7,31.4,,.8,83.4,8.3,
226,보은,2023-08-01,27.8,23.4,32.9,0,.9,80.8,12,
226,보은,2023-08-02,27.8,22.8,33.6,,.7,82.4,8.3,
226,보은,2023-08-03,28,22.7,33.7,0,.8,78.3,11.7,
226,보은,2023-08-04,28.6,23.8,33.9,,.8,78,9.9,
226,보은,2023-08-05,28.7,24.2,34.5,,.9,77.4,12.1,
226,보은,2023-08-06,29.2,23.7,34.2,,1.2,74.4,11.3,
226,보은,2023-08-07,28.7,25.1,34.1,,1.3,75.4,8,
226,보은,2023-08-08,28.3,23.5,33.8,,1.4,74.4,7.3,
226,보은,2023-08-09,25.5,23.1,28.2,35.5,1,84.9,0,
226,보은,2023-08-10,21.4,20.4,23.2,65.9,3.5,95.4,0,
226,보은,2023-08-11,24.4,21.1,29.9,2.4,1.5,86.9,2.9,
226,보은,2023-08-12,23.6,20.4,27.6,.5,.6,89.6,1.1,
226,보은,2023-08-13,25.6,21.8,30.8,,.7,85.4,5.2,
226,보은,2023-08-14,26.4,22,31.5,,.8,83,9.7,
226,보은,2023-08-15,26.9,23.4,32,,1,79.9,9.6,
226,보은,2023-08-16,26.4,23.3,31.5,,.9,80.8,9.5,
226,보은,2023-08-17,25.5,22.1,29.2,,1.2,84.6,6.7,
226,보은,2023-08-18,25.7,21.8,31.6,,1.3,84,7.3,
226,보은,2023-08-19,26.8,22.6,32.1,0,.6,84,4.9,
226,보은,2023-08-20,26.1,23.3,33,21,.8,87.3,7.1,
226,보은,2023-08-21,25.8,23,31.5,11.6,1,90.3,8,
226,보은,2023-08-22,26.6,22.8,31.4,0,1.4,83.4,7.6,
226,보은,2023-08-23,25.7,23,31.3,13.3,1.2,90.8,5.1,
226,보은,2023-08-24,25.1,23.6,27.4,27.3,1.6,92.5,.3,
226,보은,2023-08-25,25.2,21,30,,1.3,80.3,8.7,
226,보은,2023-08-26,23.6,19.5,30.3,,.6,85.1,8,
226,보은,2023-08-27,24.8,19.6,29.3,,1.1,77.9,7.6,
226,보은,2023-08-28,25.1,22.4,27.7,0,2.2,80.3,1.4,
226,보은,2023-08-29,24.8,21.6,27.1,12.1,2.7,89,.1,
226,보은,2023-08-30,20.9,19.8,22.3,53.3,.5,97.1,0,
226,보은,2023-08-31,21.6,17.6,26.2,,.6,86.6,3.6,
226,보은,2023-09-01,21.3,17.2,28.9,,.8,84.9,8.4,
226,보은,2023-09-02,22.2,15.9,29.5,.4,1.1,84.3,6.2,
226,보은,2023-09-03,25,21,29.6,.1,1.3,84,8.1,
226,보은,2023-09-04,25.7,22.2,30.3,,.9,82.9,3.8,
226,보은,2023-09-05,24.6,21,29.2,,.9,81.3,5.6,
226,보은,2023-09-06,23.5,18.9,29.9,,.7,80.5,8.7,
226,보은,2023-09-07,21.8,16.5,28.6,,1.1,77.6,11.2,
226,보은,2023-09-08,20.9,14.5,28.2,,.6,78.3,11.1,
226,보은,2023-09-09,22.1,15.4,30,,.7,81.3,10.2,
226,보은,2023-09-10,21.9,16.8,29.1,,.9,81.5,8.8,
226,보은,2023-09-11,23.3,18.2,29.7,,.7,79.5,8.9,
226,보은,2023-09-12,23.1,19.1,29.1,,.7,82.9,6.3,
226,보은,2023-09-13,21.1,19.3,23.4,19.8,.8,95.3,0,
226,보은,2023-09-14,21.3,19.4,23.7,6.7,.7,93.3,0,
226,보은,2023-09-15,21.6,20.2,23,10.3,.9,93.8,0,
226,보은,2023-09-16,22.4,20.9,25.9,47.3,1.1,95.5,.2,
226,보은,2023-09-17,23.7,21.2,27.5,,.7,90.4,2.2,
226,보은,2023-09-18,23.7,20.4,29.1,,.8,86.3,6,
226,보은,2023-09-19,22.2,18.7,26.8,,.6,88.5,3.7,
226,보은,2023-09-20,20.3,19.2,22,97.6,.9,97.4,0,
226,보은,2023-09-21,18.7,16.6,20.8,4.7,.8,95.3,0,
226,보은,2023-09-22,18.4,13.6,24.3,,1,83.1,8.4,
226,보은,2023-09-23,17.5,12.1,24,,.8,83.4,6.8,
226,보은,2023-09-24,18.6,12.3,24.2,,1.3,72.1,8.6,
226,보은,2023-09-25,20.3,16.5,25.1,1.5,1.1,81.6,3.5,
226,보은,2023-09-26,19.4,18.7,20.5,42.9,.6,98.4,0,
226,보은,2023-09-27,20.7,19.5,24.5,7.5,.7,96.5,1,
226,보은,2023-09-28,20.7,17,25.7,,.9,87.3,6.4,
226,보은,2023-09-29,19.3,16.3,23.7,,.6,85.6,.6,
226,보은,2023-09-30,17.9,14.8,23.1,4.4,.9,85,4.6,
232,천안,2023-05-20,20,12.8,27.5,,1.4,73.8,10,
232,천안,2023-05-21,18.3,14.9,23.3,,1.4,71.8,5.8,
232,천안,2023-05-22,17.7,12.9,23,1.7,1,71.3,4.5,
232,천안,2023-05-23,17.6,9.3,25.1,,1.1,65.8,12,
232,천안,2023-05-24,18.6,9.6,25.8,,.9,62.9,6.7,
232,천안,2023-05-25,19.6,12.2,26.9,,1.2,57,10.4,
232,천안,2023-05-26,20.2,13.3,25.9,.4,1.1,64.8,7.7,
232,천안,2023-05-27,18.9,17.2,20.6,7.5,1,96.8,0,
232,천안,2023-05-28,19.7,17.9,21.2,35.5,.7,99,0,
232,천안,2023-05-29,20.6,19.4,22.5,19.1,.7,99,0,
232,천안,2023-05-30,21.6,16.8,25.8,0,1.8,80.9,4.5,
232,천안,2023-05-31,20.9,13.6,27.5,,1.5,62.6,11.7,
232,천안,2023-06-01,21.5,16.2,26.4,,.9,78.6,2.7,
232,천안,2023-06-02,20.2,16.6,23.9,,1.4,82,8.9,
232,천안,2023-06-03,20.8,14.3,27.2,,1.5,60.9,12.7,
232,천안,2023-06-04,20.7,12.3,27.5,,1.3,59.3,11.7,
232,천안,2023-06-05,20.2,13.1,26.5,,1.7,70.6,10.8,
232,천안,2023-06-06,19.8,13.9,27.1,,1.1,74.5,10.2,
232,천안,2023-06-07,21,16.3,25.6,,1,80.1,3.1,
232,천안,2023-06-08,21.4,17.6,25,0,1.2,83.3,3.8,
232,천안,2023-06-09,22.4,17.6,28.6,.1,1.3,63.4,9.9,
232,천안,2023-06-10,22.7,16.6,29.6,,1.3,69.1,6.4,
232,천안,2023-06-11,22.2,17.2,27.7,0,1.2,77.4,7.6,
232,천안,2023-06-12,21.9,16,29.2,0,.9,71.4,7,
232,천안,2023-06-13,21.6,17,28,,1.3,72.4,10.7,
232,천안,2023-06-14,20.8,14.8,27.2,0,1,72.5,8.1,
232,천안,2023-06-15,21.3,14.7,26.9,0,1,71.3,8.4,
232,천안,2023-06-16,22.4,14.6,29.8,,1.1,70.5,12.6,
232,천안,2023-06-17,23,14.5,30.9,,1.1,59.4,10.9,
232,천안,2023-06-18,24.2,16.9,32.2,,1,63.8,11.4,
232,천안,2023-06-19,26.1,17.9,33,,1.6,68.6,11.7,
232,천안,2023-06-20,23.1,19.3,26.5,8.9,1.8,66.4,1.2,
232,천안,2023-06-21,20.5,19.1,22.8,17.9,1.3,99,.1,
232,천안,2023-06-22,22.4,19.4,26.9,2,1.7,82.5,7.3,
232,천안,2023-06-23,23.8,18.9,29.6,,.9,78.6,9.6,
232,천안,2023-06-24,25.3,19.1,31.5,,1,74.4,9,
232,천안,2023-06-25,26,19.3,31.5,,2,68.1,9.5,
232,천안,2023-06-26,23.8,21.1,26.3,53.5,1.5,94.9,0,
232,천안,2023-06-27,25.5,21.6,29.6,1.1,1.5,79.4,8.2,
232,천안,2023-06-28,24.3,20.4,27.9,0,1.3,85.6,3.9,
232,천안,2023-06-29,24.2,23.2,25.5,92.9,1.1,98.6,0,
232,천안,2023-06-30,24.9,23.3,28,2.5,.6,95,.6,
232,천안,2023-07-01,26.4,22.5,32.2,,.8,84.9,6.8,
232,천안,2023-07-02,25.9,22.1,30.4,,.8,88,4.6,
232,천안,2023-07-03,27.4,22.2,33,,.9,78.8,10.6,
232,천안,2023-07-04,24.1,22.7,27.7,69.2,1.7,97.4,.1,
232,천안,2023-07-05,23.8,20.9,27.7,13,2.2,89.8,5.1,
232,천안,2023-07-06,25.2,20.1,31.6,,1,76.9,9,
232,천안,2023-07-07,21.5,19.3,26.5,13.8,1.6,95.5,.3,
232,천안,2023-07-08,24.1,19.9,29.5,.4,1.1,92.1,4.1,
232,천안,2023-07-09,25,22.3,28.8,4.7,1.2,95.3,2,
232,천안,2023-07-10,25.8,21.2,30.7,15.5,1.6,86.6,7.7,
232,천안,2023-07-11,23.7,22.1,26,11.6,1,98.3,0,
232,천안,2023-07-12,26.2,22.7,29.9,.1,.7,91.5,3.3,
232,천안,2023-07-13,25,24.3,26.1,35.1,1.3,99,0,
232,천안,2023-07-14,24.7,23.9,25.7,165.3,1.8,99,0,
232,천안,2023-07-15,23.1,22,24.2,158.2,.8,99,0,
232,천안,2023-07-16,24,22,27,.7,.8,97.4,.8,
232,천안,2023-07-17,25.3,23,29.4,4.6,.9,94.4,2.4,
232,천안,2023-07-18,23.7,22.7,25,25.9,1,99,.1,
232,천안,2023-07-19,25.1,20.9,32,0,.8,,7.9,
232,천안,2023-07-20,25.4,20.2,31.3,,.7,81.4,10.4,
232,천안,2023-07-21,27.2,21,33.6,,.8,76.1,11.9,
232,천안,2023-07-22,25.5,22.7,29.6,.1,2,79.9,4.7,
232,천안,2023-07-23,24.9,24.1,25.6,46.8,1.1,91.4,0,
232,천안,2023-07-24,25.8,23.9,29.8,.8,.9,88,4.3,
232,천안,2023-07-25,25.7,23.5,28.7,.5,1,88.3,1.2,
232,천안,2023-07-26,25.9,22.7,31.4,6.8,1.2,87.3,6.3,
232,천안,2023-07-27,26.9,22.2,32.2,1.8,.9,81.4,10.1,
232,천안,2023-07-28,27.8,23.3,33.4,,.9,80,10.8,
232,천안,2023-07-29,28.1,23.6,33.4,,.8,79.6,10.3,
232,천안,2023-07-30,27.4,23.3,33.7,,.9,79.8,8.6,
232,천안,2023-07-31,27.5,24.2,31.7,,.8,80.8,6.5,
232,천안,2023-08-01,28.3,23.2,33.8,,.7,79,10.7,
232,천안,2023-08-02,27.8,23.6,33.5,,.8,77.1,9.7,
232,천안,2023-08-03,27.9,21.7,33.6,,.9,74.8,11.6,
232,천안,2023-08-04,28.8,23.9,34.2,,.7,74.4,10.2,
232,천안,2023-08-05,28.8,24.2,34.1,,.9,72.5,10.6,
232,천안,2023-08-06,29.1,23.3,35,,.9,74.4,10.2,
232,천안,2023-08-07,28.2,25.5,34.9,0,1.5,80.9,8.2,
232,천안,2023-08-08,29.4,24.4,34.2,0,2,71,10.5,
232,천안,2023-08-09,26.8,23.4,30.9,10.5,2.7,76.5,4.4,
232,천안,2023-08-10,22,21,23.6,122.3,2.6,92.3,0,
232,천안,2023-08-11,24.8,21.4,29,7.4,1.3,86.3,.1,
232,천안,2023-08-12,24.1,21.6,28.1,1.1,1.2,85.6,3.6,
232,천안,2023-08-13,26.1,22.8,30.8,,.8,83.3,3.8,
232,천안,2023-08-14,27.3,22.5,33,,.9,78.3,10.3,
232,천안,2023-08-15,27.5,22.8,32.7,,1.1,77.1,10.1,
232,천안,2023-08-16,25.9,23.1,31.4,4,.9,83.3,6.3,
232,천안,2023-08-17,26.1,21,31.4,.5,.9,83,6.1,
232,천안,2023-08-18,27.1,23.2,33,,.9,80.4,8,
232,천안,2023-08-19,27.2,22.9,32.8,,.9,76.4,8.4,
232,천안,2023-08-20,27.3,23.5,32.6,0,.8,76.6,9.2,
232,천안,2023-08-21,27.5,23.4,33.1,,1.1,79.8,6.5,
232,천안,2023-08-22,26.4,23.2,31.1,12,1.2,84,4.1,
232,천안,2023-08-23,25.9,23.9,30.8,5.5,1.3,88.9,1.6,
232,천안,2023-08-24,25.4,23.5,30.2,20.1,1.2,92.4,1.1,
232,천안,2023-08-25,25.4,21.6,30.3,,1.4,81,9.1,
232,천안,2023-08-26,24,20.7,29.8,,.8,84.4,7.9,
232,천안,2023-08-27,25.1,19.6,29.8,0,.9,80.5,3.6,
232,천안,2023-08-28,25.5,23,27.8,0,2.4,76.9,0,
232,천안,2023-08-29,24.4,20.9,27.1,2.3,1.6,87.8,0,
232,천안,2023-08-30,21.4,20.7,23.2,10.8,.5,96.3,0,
232,천안,2023-08-31,22.1,18.7,27.2,,.5,85.1,4.3,
232,천안,2023-09-01,22.1,17.3,29.4,,.9,81.9,8.3,
232,천안,2023-09-02,23.8,16.9,30.4,,.8,74.9,11.2,
232,천안,2023-09-03,26.1,22,31.2,.3,1.2,81.9,7.4,
232,천안,2023-09-04,26.7,23.3,30.8,0,.9,83.4,2.9,
232,천안,2023-09-05,25.6,21.7,30.6,,1,78.9,4.8,
232,천안,2023-09-06,25.2,20.3,30.8,,1.3,75.4,10.9,
232,천안,2023-09-07,23.2,16.6,29.8,,1.2,69.3,11.9,
232,천안,2023-09-08,21.8,15.4,28.9,,.9,72.4,11.9,
232,천안,2023-09-09,23.2,16.3,30.2,,.7,76.8,9.6,
232,천안,2023-09-10,23.6,17.6,30.4,,.8,74.9,8.4,
232,천안,2023-09-11,24,19.2,29.9,,.8,75.3,9.4,
232,천안,2023-09-12,23.7,19.2,29.4,,.7,76.3,9.6,
232,천안,2023-09-13,20.6,19.4,21.9,32.3,.6,94.8,0,
232,천안,2023-09-14,22.2,19.4,24.7,4.4,1.5,88.1,.3,
232,천안,2023-09-15,22,20.4,24.4,10.7,1.5,94.4,0,
232,천안,2023-09-16,23.1,21.8,26.4,26,1.1,95.1,1.2,
232,천안,2023-09-17,24.1,21.6,28.3,,.7,88.1,2.8,
232,천안,2023-09-18,23.8,20.1,27.9,,.8,86.1,5.3,
232,천안,2023-09-19,22.2,18.9,27.1,,.6,88.1,2.2,
232,천안,2023-09-20,20.8,19.6,22.2,61.7,2.5,93,0,
232,천안,2023-09-21,18.9,14.6,22.5,.1,1.3,82,.5,
232,천안,2023-09-22,17.6,12.9,24.6,,.7,83,8.2,
232,천안,2023-09-23,19.4,13.3,25.4,,1.1,76.6,7.6,
232,천안,2023-09-24,20.2,15,25,,2.6,64.4,9.2,
232,천안,2023-09-25,21,17.5,25.9,4.8,1.3,76.9,4.2,
232,천안,2023-09-26,20.5,19.1,21.7,34.8,1.3,96.3,0,
232,천안,2023-09-27,21.2,20.1,23.9,2.8,1.2,95.1,0,
232,천안,2023-09-28,21.4,17.8,26.5,,.9,85.5,5.3,
232,천안,2023-09-29,19.2,16.2,24.3,,.6,82.4,.9,
232,천안,2023-09-30,18.5,15.6,23.1,2.2,1,84,5.1,
235,보령,2023-05-20,17.5,15.1,22.6,,2.6,82.6,9.7,
235,보령,2023-05-21,16,14.3,19.1,0,1.9,85.4,4.1,
235,보령,2023-05-22,15.9,13.3,19.9,0,.9,81,3.8,
235,보령,2023-05-23,17.6,11.9,23.2,,1.2,69.9,11.3,
235,보령,2023-05-24,17.8,12,22.9,,1.3,62.8,5.5,
235,보령,2023-05-25,19.6,13.6,26.2,,.8,54.4,8.9,
235,보령,2023-05-26,20.4,16.1,24.6,0,1.2,64.1,9.5,
235,보령,2023-05-27,21.2,18.6,22.8,7.1,1.3,80.4,0,
235,보령,2023-05-28,20,18.9,22.5,102.4,3.3,95.9,0,
235,보령,2023-05-29,19.2,18.1,21.2,25.3,.7,96.8,0,
235,보령,2023-05-30,21.8,17.7,28.6,,.8,84.4,7.7,
235,보령,2023-05-31,21.4,18.4,26.6,,.4,80.3,6.6,
235,보령,2023-06-01,20.5,17.6,24.5,,.8,81.9,3.2,
235,보령,2023-06-02,19.4,15.6,24.7,,.5,83,6.5,
235,보령,2023-06-03,20.1,14.1,27.4,,.4,67.4,11.7,
235,보령,2023-06-04,19.6,15.2,23.9,,1.7,81.8,11.4,
235,보령,2023-06-05,20.1,17.1,24,,1.4,81.1,10.2,
235,보령,2023-06-06,19.5,15.6,24.8,,.6,76,10.8,
235,보령,2023-06-07,19.7,17.5,22,,3,82,6.2,
235,보령,2023-06-08,20.6,18.3,24.3,.4,2.9,78,3.8,
235,보령,2023-06-09,21,18.5,25.5,.1,2,83.3,7.5,
235,보령,2023-06-10,23.5,18.7,29.8,,2,65.9,6.7,
235,보령,2023-06-11,21.9,17.7,26.4,,.9,76.9,9.2,
235,보령,2023-06-12,20.7,16.9,25.6,,.6,78.4,7.9,
235,보령,2023-06-13,20.4,16.1,24.7,,1,79.4,11.7,
235,보령,2023-06-14,20.2,16.6,26,,.6,79.8,10,
235,보령,2023-06-15,20.1,15.6,25.6,,.6,78.5,11.8,
235,보령,2023-06-16,21.4,15.6,27.6,,.7,75.1,11.5,
235,보령,2023-06-17,22.4,17.7,28.1,,.5,72.6,10.3,
235,보령,2023-06-18,22.5,18.7,28.1,,.7,71,8.3,
235,보령,2023-06-19,23.8,17.9,32.4,,.8,66.4,10.5,
235,보령,2023-06-20,22.9,19.6,28,13.1,.7,75.1,1,
235,보령,2023-06-21,20.8,19.1,24.8,5.5,1.1,93.8,1.4,
235,보령,2023-06-22,21.2,18.3,25.7,,.8,85.8,8.5,
235,보령,2023-06-23,23.3,19.9,28.3,,.9,82.6,9.7,
235,보령,2023-06-24,24.6,19.6,31,.2,.5,76.9,11.1,
235,보령,2023-06-25,25.3,21,29.7,.1,1.2,74.1,8.5,
235,보령,2023-06-26,23.7,22.4,24.9,21.6,4.7,94.3,0,
235,보령,2023-06-27,23.7,21.6,27,,3.1,89.5,9.1,
235,보령,2023-06-28,23.9,21.5,25.9,1,3,88.5,1.3,
235,보령,2023-06-29,24.2,22.4,25.8,48.3,3.8,93.9,0,
235,보령,2023-06-30,23.2,22.1,26.2,4.8,2.2,97,.5,
235,보령,2023-07-01,24.8,22.3,30.8,,1.3,89.9,7,
235,보령,2023-07-02,25.3,21.8,32.4,,.9,85.1,5.4,
235,보령,2023-07-03,26.3,23,31.5,,1.4,85.3,8.5,
235,보령,2023-07-04,25,24,25.9,51.6,2.2,93.5,0,
235,보령,2023-07-05,23.7,22.2,26.1,16.6,3.2,88.6,4.2,
235,보령,2023-07-06,25.6,22.7,30.3,,3.5,74.8,7.2,
235,보령,2023-07-07,23.3,20.8,26.5,31.4,1.2,86.9,0,
235,보령,2023-07-08,24.3,22.6,27.7,,2,94.1,4.2,
235,보령,2023-07-09,26.2,24.5,30,0,3.5,87.6,1.5,
235,보령,2023-07-10,26.1,23.5,28.8,.5,3.1,80.6,8.3,
235,보령,2023-07-11,24.9,23.2,26.5,28,3.2,93.1,.3,
235,보령,2023-07-12,24.6,23.9,26.1,,2,97.8,0,
235,보령,2023-07-13,25.7,24.2,26.8,30.1,3.3,93.8,0,
235,보령,2023-07-14,24.2,23.6,25.8,178.9,7.5,97.8,0,
235,보령,2023-07-15,23.4,21.9,24.8,227.4,4.2,97.8,0,
235,보령,2023-07-16,24.5,23.4,27.2,1.4,2,92.5,.7,
235,보령,2023-07-17,25.1,22.5,28.1,43.5,1.3,91,4.1,
235,보령,2023-07-18,23.9,22.7,25.8,52,1,94,.3,
235,보령,2023-07-19,25.2,21.6,30.2,,.7,87,11.3,
235,보령,2023-07-20,24.5,21.1,29.8,,.6,87.8,6.5,
235,보령,2023-07-21,27.2,21.9,32.8,0,1,80.8,11.1,
235,보령,2023-07-22,26.3,23.8,29.3,14.7,2.2,73.1,2.6,
235,보령,2023-07-23,25.4,24.2,27.4,84.2,3.8,92.1,0,
235,보령,2023-07-24,26.1,23.9,29.4,.7,1.8,86.4,1.5,
235,보령,2023-07-25,26.5,24.8,29.5,.9,2.4,87.4,1,
235,보령,2023-07-26,27.4,23.7,31.4,10.2,1.9,79.9,10.4,
235,보령,2023-07-27,27.6,23.7,32,,1.1,81.1,11,
235,보령,2023-07-28,28.6,23.8,33.6,0,.9,76.5,10.1,
235,보령,2023-07-29,28.7,25,33.1,,.8,76.9,10.8,
235,보령,2023-07-30,28.5,25.4,31.9,0,1.2,75.3,11.2,
235,보령,2023-07-31,27.6,24.3,32,.1,1,80.6,7.4,
235,보령,2023-08-01,28.6,24.1,33.7,,.8,79.4,10.9,
235,보령,2023-08-02,28.2,24.5,33.4,,.6,78.1,9.8,
235,보령,2023-08-03,28.7,23.3,34.4,,.7,70.3,11.4,
235,보령,2023-08-04,29,25.2,34.1,,.7,72.5,10.5,
235,보령,2023-08-05,28.8,25.3,34.1,,.8,75.1,10.8,
235,보령,2023-08-06,29,24.6,34,,1,75.3,10.8,
235,보령,2023-08-07,29.2,25.4,34.4,0,.8,78.9,9.7,
235,보령,2023-08-08,30.9,26.1,35.2,,1.2,68.3,10,
235,보령,2023-08-09,29,25.1,32.1,.1,2.8,67.4,5.4,
235,보령,2023-08-10,22.8,22,25.1,40,2.9,93,0,
235,보령,2023-08-11,25.1,22.1,27.1,16.4,3.1,89.6,0,
235,보령,2023-08-12,25.4,21.9,28.9,11.1,1.9,86.9,4.3,
235,보령,2023-08-13,27,23.5,31.5,,1.2,78.6,9.8,
235,보령,2023-08-14,27.3,24.2,31.8,,1.1,79.5,9.3,
235,보령,2023-08-15,27.1,24.1,31.7,,.7,80.9,9.2,
235,보령,2023-08-16,26.3,23.6,30.7,,.7,81.8,10,
235,보령,2023-08-17,26.1,22.1,30.6,,.9,78.6,11.1,
235,보령,2023-08-18,26.8,23,31.2,,.6,78.5,10.8,
235,보령,2023-08-19,27.3,24.2,32.4,,.7,76.4,9.4,
235,보령,2023-08-20,27.2,23.4,32.6,,.4,78.3,9.3,
235,보령,2023-08-21,28.4,23.8,32.9,,1.7,74,10.2,
235,보령,2023-08-22,28.2,26.1,32.4,.3,3.2,74.9,6.1,
235,보령,2023-08-23,24.9,22.9,28.8,16.9,1.2,93.1,0,
235,보령,2023-08-24,25.3,23.2,30,3.9,.6,89,3.9,
235,보령,2023-08-25,25.7,22.2,30.3,,.5,82.4,10,
235,보령,2023-08-26,24.9,21.8,29.9,,.8,81.9,9.9,
235,보령,2023-08-27,25.8,21.2,30.6,0,1.2,79.4,4.1,
235,보령,2023-08-28,27.1,24.3,29.8,.4,1.9,72.3,.1,
235,보령,2023-08-29,24.3,21.4,28.3,8.3,2.2,89.5,0,
235,보령,2023-08-30,22,21.1,23.7,10.4,.4,97,0,
235,보령,2023-08-31,22.9,19.8,27.9,,.7,84,7.4,
235,보령,2023-09-01,23.5,18.5,29.9,,1.4,70.8,10.5,
235,보령,2023-09-02,25,18.9,31.1,0,1.2,73.5,9.9,
235,보령,2023-09-03,27,23.3,32.2,.2,.9,78.8,8.5,
235,보령,2023-09-04,27.1,24.7,30.5,,1.1,83.1,2.5,
235,보령,2023-09-05,27.3,24.3,32.1,,1.1,72.9,5,
235,보령,2023-09-06,25.9,22.3,31.2,1.1,.8,82.3,9,
235,보령,2023-09-07,26.3,21.4,31.7,,1.6,55.3,10.7,
235,보령,2023-09-08,24.2,19,29.5,,1.1,61.3,10.7,
235,보령,2023-09-09,23.7,17.9,28.5,,.7,74.4,10.5,
235,보령,2023-09-10,23.9,20.3,28.7,,.7,75,7.8,
235,보령,2023-09-11,24.3,20.1,30,,.6,70.1,10.2,
235,보령,2023-09-12,23.8,19.5,28.7,,.7,78.9,5.7,
235,보령,2023-09-13,20.4,18.9,23.2,36.4,1,93.5,0,
235,보령,2023-09-14,23.1,19.7,26.6,3.8,1.3,85.6,2.1,
235,보령,2023-09-15,23.3,21.5,25.9,11,.7,93.1,0,
235,보령,2023-09-16,23.7,22.6,26.9,43.8,.8,94.8,.8,
235,보령,2023-09-17,24.2,21.9,28.2,,.7,88.6,7.9,
235,보령,2023-09-18,23.6,20.7,27.6,,1.3,87.8,8.5,
235,보령,2023-09-19,23.2,20.1,27.2,,1.1,84.9,6.9,
235,보령,2023-09-20,21.5,20.1,24.5,157.3,2.6,87.4,0,
235,보령,2023-09-21,19.4,16.9,22.4,0,2.4,82.8,.2,
235,보령,2023-09-22,19.4,15,25,,1.3,75.4,10.3,
235,보령,2023-09-23,20.9,16,26.4,,1.4,70,5,
235,보령,2023-09-24,22.3,17.5,26.6,0,1.8,55.6,9.2,
235,보령,2023-09-25,21.8,18.9,26.3,3.5,1.1,71.5,1.1,
235,보령,2023-09-26,22.1,18.9,24.5,26.8,2.7,92.9,.1,
235,보령,2023-09-27,21.8,19.5,24.4,0,.6,90.5,.3,
235,보령,2023-09-28,21.9,18.4,26.3,,.4,85.3,9.6,
235,보령,2023-09-29,20,17.4,24.3,0,.4,77.8,1.1,
235,보령,2023-09-30,18.7,15.4,22.8,4.5,1,82.6,5.5,
236,부여,2023-05-20,19.2,13.5,26.8,,1.6,78,10.9,
236,부여,2023-05-21,17.7,15.4,22.5,,2.1,76.8,5.8,
236,부여,2023-05-22,16.9,14.1,23,0,.8,77,3.2,
236,부여,2023-05-23,18.1,11.1,26,,1.2,69.5,11.9,
236,부여,2023-05-24,18.6,11.3,26.5,.3,.8,66.9,4.9,
236,부여,2023-05-25,19.7,13.1,27.6,,1.1,59.4,7.9,
236,부여,2023-05-26,21.1,15.2,26.9,0,1,63.5,8.2,
236,부여,2023-05-27,20.2,18.1,22.8,4,.7,91.4,.1,
236,부여,2023-05-28,20.4,18.4,22,70.1,1,96.1,0,
236,부여,2023-05-29,20.5,19.2,22.3,36.2,.8,93.8,0,
236,부여,2023-05-30,22.9,17.6,28,,1.5,77,6.4,
236,부여,2023-05-31,22.4,18.1,28.3,,1.3,67.5,9,
236,부여,2023-06-01,22,18.2,27,,1.2,78.1,2.6,
236,부여,2023-06-02,21.5,16.5,27.3,0,1.6,75.5,10.9,
236,부여,2023-06-03,21.4,14.9,28.9,,1.5,59.5,10.4,
236,부여,2023-06-04,21.4,15,29.5,,1.5,65.5,11,
236,부여,2023-06-05,21.1,17,26.9,,1.6,71.3,9.7,
236,부여,2023-06-06,20.5,14.6,27.5,,1.2,72.6,12.6,
236,부여,2023-06-07,21.1,16,25.9,,1.5,76.9,4.7,
236,부여,2023-06-08,21.5,18.5,27.1,.6,1.4,77.9,4.6,
236,부여,2023-06-09,22.8,18.7,29.3,.3,1.1,69,9.5,
236,부여,2023-06-10,23.1,18.5,30.2,,1.4,71.1,5.8,
236,부여,2023-06-11,23,17.8,28.7,0,1.3,74.3,8.8,
236,부여,2023-06-12,22.3,16.2,29.4,,.9,73.9,9.1,
236,부여,2023-06-13,21.9,17.2,28.9,,1.3,73.3,11.4,
236,부여,2023-06-14,21.3,16.1,28.2,,1.4,72.1,10.1,
236,부여,2023-06-15,21.3,15.5,28.6,,1,74.1,9.4,
236,부여,2023-06-16,23,15.6,31.2,,1,71.4,13.2,
236,부여,2023-06-17,24.4,18.1,31.8,,1.1,72.3,10.2,
236,부여,2023-06-18,24.8,19.1,32.4,,1.1,66,11.2,
236,부여,2023-06-19,25.6,18.1,34.6,,1.3,66.4,10.1,
236,부여,2023-06-20,23.5,19.6,27.3,.9,1.1,71.3,1.3,
236,부여,2023-06-21,21.7,19.7,25.2,4.7,1.2,91,.4,
236,부여,2023-06-22,22.3,18.6,27.8,,1.4,77.8,7.4,
236,부여,2023-06-23,24.6,18.7,31.4,,.9,74.5,8.3,
236,부여,2023-06-24,26,20.2,32.5,0,.9,74.4,8,
236,부여,2023-06-25,26.1,20.5,33.4,0,1.3,71.1,6.6,
236,부여,2023-06-26,24.1,21.5,26.7,40,2.3,93.5,0,
236,부여,2023-06-27,25.8,22,30.5,1.4,1.9,79.3,9.9,
236,부여,2023-06-28,23.9,20.3,26,0,1.4,87.4,.3,
236,부여,2023-06-29,24.5,22.8,25.6,60.7,1.8,94,0,
236,부여,2023-06-30,24.1,22.8,26.7,13.6,.9,95.4,.2,
236,부여,2023-07-01,26.4,22.6,32.6,,.8,84.5,7.3,
236,부여,2023-07-02,26.8,23,32.3,,.8,82.4,4.3,
236,부여,2023-07-03,27.5,23.4,32.8,,1.1,81.5,7.3,
236,부여,2023-07-04,24.6,23.8,25.7,71,1.2,97.1,0,
236,부여,2023-07-05,24.5,21.6,28.5,26.8,2.2,83,4.7,
236,부여,2023-07-06,25.7,20.1,31.8,,1,74.6,8.1,
236,부여,2023-07-07,21.7,19.7,25.5,64.3,1.1,94.3,0,
236,부여,2023-07-08,24,19.7,30,.3,.8,91.3,3.5,
236,부여,2023-07-09,26.3,23.4,30.1,0,1.4,88.5,2.4,
236,부여,2023-07-10,26.9,22.9,31.5,6.4,1.6,80,8.3,
236,부여,2023-07-11,24.2,22.1,26.7,46.9,1.1,93.6,.2,
236,부여,2023-07-12,26.3,23.9,30.2,0,1,89.3,2.4,
236,부여,2023-07-13,25.6,24.4,26.3,16.2,1.4,95.8,0,
236,부여,2023-07-14,25.1,23.9,25.9,272.5,3.5,96,0,
236,부여,2023-07-15,23.8,22.4,25.9,151.3,2,98,0,
236,부여,2023-07-16,24.6,22.5,27.8,1.4,.7,92.5,.4,
236,부여,2023-07-17,26.1,23.5,30.8,14.7,1.4,90.3,3.9,
236,부여,2023-07-18,23.6,22.9,25.2,89.1,.8,97.8,1.3,
236,부여,2023-07-19,26.2,20.9,32.7,,1,82.1,11.4,
236,부여,2023-07-20,26.2,22.1,32,,.5,85,6.7,
236,부여,2023-07-21,27.3,22.5,34.3,,.7,82,7.8,
236,부여,2023-07-22,24.6,22.2,29.3,8.3,1.3,90.4,3.4,
236,부여,2023-07-23,24.9,23.7,25.9,83.1,1.1,97,0,
236,부여,2023-07-24,26,23.9,30.1,3.1,.8,88.9,2.8,
236,부여,2023-07-25,25.3,23.3,29.7,19.7,1,93.8,1.3,
236,부여,2023-07-26,26,22.5,32.2,4.1,1.1,87.4,7.7,
236,부여,2023-07-27,27.5,22.8,33.3,,.7,82.5,9.4,
236,부여,2023-07-28,28.3,22.5,34,,.9,79.3,11.3,
236,부여,2023-07-29,28.9,24.6,34.4,1.1,.9,78.5,10,
236,부여,2023-07-30,28.2,24.7,34,,1,80.6,7.4,
236,부여,2023-07-31,27.8,24.1,32.6,,.9,81.1,4.9,
236,부여,2023-08-01,29.2,23.9,35,,.7,78.3,11.3,
236,부여,2023-08-02,29.1,25,34.7,,.9,78.8,8.1,
236,부여,2023-08-03,28.9,23.2,34.6,,.8,75.3,11,
236,부여,2023-08-04,29.7,24.8,35.5,,.8,76,9.9,
236,부여,2023-08-05,29.8,25.6,35.2,,1,73.9,10.7,
236,부여,2023-08-06,29.8,24.3,36.2,2.8,1.1,74.6,11.6,
236,부여,2023-08-07,29.6,24.7,35.8,,1,78.3,11.2,
236,부여,2023-08-08,29.7,25.9,35.4,0,1.6,77.1,11.8,
236,부여,2023-08-09,27.3,24,31.8,12,1.8,80.4,2.3,
236,부여,2023-08-10,22.5,21.5,24.1,164.1,2.6,94.1,0,
236,부여,2023-08-11,25.7,22.1,30.1,6.6,1.8,85.8,2.1,
236,부여,2023-08-12,24.8,21.1,28.5,15.4,.7,88.8,1.6,
236,부여,2023-08-13,26.7,22.6,31.9,,.5,82.9,6.6,
236,부여,2023-08-14,27.5,23.4,33.8,,1,81.5,8.9,
236,부여,2023-08-15,27.9,23.2,33.5,,1.2,79.9,9.2,
236,부여,2023-08-16,26.7,23.2,32,,1,80.1,10.4,
236,부여,2023-08-17,26.6,21.3,32.6,,.8,79.4,12,
236,부여,2023-08-18,28,23.3,33.5,0,.8,78.9,6.4,
236,부여,2023-08-19,28.5,24.6,32.9,0,.9,78,5.2,
236,부여,2023-08-20,28.1,24,33.9,,.7,79.6,7.3,
236,부여,2023-08-21,28.4,24.1,33.8,0,1,79.4,8.3,
236,부여,2023-08-22,26.1,23.8,32.1,54.6,1.2,89.6,3.4,
236,부여,2023-08-23,25.8,23.9,30.4,13,1,93,.4,
236,부여,2023-08-24,25.8,23.7,30.2,2.5,.7,92,1.4,
236,부여,2023-08-25,25.8,21.5,31.4,,.9,81.5,10,
236,부여,2023-08-26,24.7,20.6,31,,1.1,82.5,7.6,
236,부여,2023-08-27,25.8,20.9,31,,1,81,4,
236,부여,2023-08-28,26,23.5,30.1,1.9,1.5,83.3,.9,
236,부여,2023-08-29,24.5,21.6,28.4,9.8,1.5,92.8,.1,
236,부여,2023-08-30,21.7,20,23.5,17.9,.2,97,0,
236,부여,2023-08-31,22.7,20.2,28.5,,.6,86.3,6.4,
236,부여,2023-09-01,23.1,17.5,30.3,,1,79.8,9.6,
236,부여,2023-09-02,24.5,17.8,31,0,.9,77.6,8.2,
236,부여,2023-09-03,27.1,22.1,32.5,,.7,80.6,6.7,
236,부여,2023-09-04,27.3,23.9,32,,1.1,84.6,1.8,
236,부여,2023-09-05,26.8,23.3,31.4,,1.3,77.8,4.9,
236,부여,2023-09-06,26.4,21.4,32.5,,1.1,76.4,10.7,
236,부여,2023-09-07,24.9,19.9,31.1,,1.8,68.1,12,
236,부여,2023-09-08,23,17.6,30,,1,72.6,11.9,
236,부여,2023-09-09,23.2,16.5,30.5,,.6,80.3,9,
236,부여,2023-09-10,24.2,18.8,30.8,,.8,79.6,8.2,
236,부여,2023-09-11,24.4,19.4,30.7,,.7,76.5,9.7,
236,부여,2023-09-12,24,19.1,29.9,,.6,79.9,4.9,
236,부여,2023-09-13,20.5,19.4,22.3,31.8,.7,96.3,0,
236,부여,2023-09-14,22.5,19.7,26.9,4.7,1,90.3,1.6,
236,부여,2023-09-15,22.8,21.5,25.4,24.7,1,95.4,0,
236,부여,2023-09-16,23.4,22,27.4,51.5,.7,95.8,1,
236,부여,2023-09-17,24.7,21.7,28.7,.5,.6,87.5,4.4,
236,부여,2023-09-18,24.1,20.6,29.9,,.7,87.4,5.5,
236,부여,2023-09-19,22.9,19.7,27.9,,.3,88.1,3,
236,부여,2023-09-20,21.2,19.8,22.6,154.3,1.5,97.3,0,
236,부여,2023-09-21,19.3,15.8,22.8,.7,1.2,88.1,.2,
236,부여,2023-09-22,18.6,14.1,25.6,,.7,82.8,9.6,
236,부여,2023-09-23,19.4,13.7,25.8,,.9,82.6,4.8,
236,부여,2023-09-24,20.9,16.6,26,,2,67.5,9.4,
236,부여,2023-09-25,21.4,18.3,26.1,2.7,1.2,79.1,1.3,
236,부여,2023-09-26,21.5,19.8,23.7,26,1.1,96,0,
236,부여,2023-09-27,22.3,19.8,24.8,.2,1,88.6,.2,
236,부여,2023-09-28,22,16.8,27.9,,.8,83.4,7.1,
236,부여,2023-09-29,19.3,16.4,25.1,,.4,83.8,1.2,
236,부여,2023-09-30,18.4,14.9,24.3,5.9,.9,83.4,5.5,
238,금산,2023-05-20,19,11.3,27.1,,1.2,74.6,9.6,
238,금산,2023-05-21,17.7,13.2,24.1,,1.2,74.5,8.2,
238,금산,2023-05-22,16,13.4,21.6,0,.8,76.1,3,
238,금산,2023-05-23,17.1,10.4,24.4,1.2,1,69.5,9.4,
238,금산,2023-05-24,18.1,10,25,,.8,65,4.4,
238,금산,2023-05-25,19.4,14.4,26.6,,1,54.5,5.7,
238,금산,2023-05-26,19.9,13.6,26.2,0,.9,64,6,
238,금산,2023-05-27,20.8,17.1,24.4,.2,1,75.6,.7,
238,금산,2023-05-28,19.9,18,21.5,28.4,.6,96.9,0,
238,금산,2023-05-29,19.9,18.3,21,95,.5,98.4,0,
238,금산,2023-05-30,21.1,16.4,25.9,,1.3,79.6,3.8,
238,금산,2023-05-31,21.1,15.2,28.1,,1.1,64,11.1,
238,금산,2023-06-01,20.3,15.2,25.2,0,1,77.1,1.2,
238,금산,2023-06-02,21.5,17.7,27,0,1.4,75.6,7.9,
238,금산,2023-06-03,20.1,14,27.5,,1.2,64.6,11.2,
238,금산,2023-06-04,20.5,12.8,27.2,,1.1,57.6,10.9,
238,금산,2023-06-05,19.9,14.6,25.3,,1.3,67.1,9.3,
238,금산,2023-06-06,20.2,13.4,27.5,,1.2,67.1,12.4,
238,금산,2023-06-07,20.7,13.9,26.7,,1,73.9,7,
238,금산,2023-06-08,22,17.2,29.4,,1.2,72.9,7.3,
238,금산,2023-06-09,22.1,16.4,28.5,.7,1,63.8,9.3,
238,금산,2023-06-10,21.3,16,31.1,1.8,1.2,72.4,5,
238,금산,2023-06-11,21.8,15.7,29,,1.1,78.4,6.6,
238,금산,2023-06-12,23,17.1,29.2,,.9,68.3,9.3,
238,금산,2023-06-13,22.2,17,28.6,,1.1,66.8,12.1,
238,금산,2023-06-14,21.1,15,27.9,,1.1,66.4,11,
238,금산,2023-06-15,20.6,13.1,27.6,0,1,69.6,10.7,
238,금산,2023-06-16,22.9,14.8,31,,.9,68.4,11.4,
238,금산,2023-06-17,24.4,16.8,32.5,,1,65.5,10.5,
238,금산,2023-06-18,24.7,18.2,32.8,,.9,62.3,10.2,
238,금산,2023-06-19,25.6,17.6,33.1,,1.5,64.6,11.1,
238,금산,2023-06-20,23.8,19.9,27.7,.3,1.6,59,3.7,
238,금산,2023-06-21,21.4,19.6,24,5.1,.8,88.8,.4,
238,금산,2023-06-22,22.2,19.3,27.3,,1.5,73.8,7.4,
238,금산,2023-06-23,24.4,18.1,31.5,,.9,66.9,12.7,
238,금산,2023-06-24,25.7,18.9,32.7,,1.1,66.9,8.7,
238,금산,2023-06-25,24.8,18.9,31.5,0,1.7,67.6,7.1,
238,금산,2023-06-26,23.2,20.5,26.3,44.8,1.3,95.4,0,
238,금산,2023-06-27,25.9,22.4,30.9,13.8,1.8,75.8,9.6,
238,금산,2023-06-28,23.5,18.6,28.4,25.3,1.2,85.6,1.7,
238,금산,2023-06-29,24.1,21.3,27,80.9,1.2,93.4,0,
238,금산,2023-06-30,24.1,22.3,26.6,24.2,.7,94.8,.2,
238,금산,2023-07-01,26.7,22.9,32.4,,.7,80.1,7.1,
238,금산,2023-07-02,26.5,22.4,31.2,,.8,79.1,5.7,
238,금산,2023-07-03,27.1,22.8,32.2,,.8,79.3,7.1,
238,금산,2023-07-04,23.7,22.7,25.9,51.2,1,96,0,
238,금산,2023-07-05,23.8,20.3,27.7,22.7,1.7,83.5,6.2,
238,금산,2023-07-06,25.4,18.3,32,,1,69.5,8.5,
238,금산,2023-07-07,20.8,18.9,24.9,48.5,.9,93.8,0,
238,금산,2023-07-08,23.8,19.2,29.5,2.4,.7,90.4,2.9,
238,금산,2023-07-09,26.4,22,30.4,0,1.2,84.1,1.8,
238,금산,2023-07-10,26.6,22.6,31.7,,1.1,77.3,9.1,
238,금산,2023-07-11,22.8,21.5,26.2,45.7,.8,97.1,.3,
238,금산,2023-07-12,26,21.9,30.7,.6,.8,85.9,6,
238,금산,2023-07-13,24.8,23.8,25.5,20.9,1,95.1,0,
238,금산,2023-07-14,24.4,23.5,26.5,195.1,1.8,97.9,0,
238,금산,2023-07-15,24,20.9,27.3,31.3,1.8,91.5,0,
238,금산,2023-07-16,24.3,21,28.4,2.7,.6,91.8,.9,
238,금산,2023-07-17,24.9,22.6,31.5,36,1.1,91.8,3.4,
238,금산,2023-07-18,22.6,21.6,24.3,69.8,.5,99.6,0,
238,금산,2023-07-19,25.2,20.8,31.3,,.6,81.6,8.8,
238,금산,2023-07-20,25.5,21.4,31,,.7,83,7.4,
238,금산,2023-07-21,26.4,22.1,34.4,0,.9,79,7,
238,금산,2023-07-22,24.6,20.5,28.9,0,1.3,82.1,4.8,
238,금산,2023-07-23,25.6,23.5,28.3,22.7,1.5,86,0,
238,금산,2023-07-24,25.3,23.1,29.8,15.3,.8,88.8,3.3,
238,금산,2023-07-25,25,23.1,28.8,17.6,.8,91.1,2.6,
238,금산,2023-07-26,25.4,22.5,32.6,35.4,.7,88.5,3.2,
238,금산,2023-07-27,26.1,22.1,32.7,1.9,.7,87,5.4,
238,금산,2023-07-28,27.5,23.3,32.8,0,.8,81.3,8.8,
238,금산,2023-07-29,28,23.4,33.8,0,.8,79.3,8.9,
238,금산,2023-07-30,26.6,23.3,33.2,4.7,.9,86.4,6.9,
238,금산,2023-07-31,26.6,22.5,31.9,,.8,84.3,6.4,
238,금산,2023-08-01,28.3,23.4,34,,.8,78.3,9.2,
238,금산,2023-08-02,28.5,23.7,33.9,,.9,79.5,8.5,
238,금산,2023-08-03,28.7,23.6,34.1,,.8,75.6,9.2,
238,금산,2023-08-04,28.6,23.9,34,,.7,78.4,9.8,
238,금산,2023-08-05,28.9,24.6,34.7,,.8,77.5,8.2,
238,금산,2023-08-06,28.7,23.3,35.2,0,.9,76.6,8.8,
238,금산,2023-08-07,29.8,25.6,35,,1.3,70.8,10.2,
238,금산,2023-08-08,28.9,24,34.8,,1.6,73.1,9.4,
238,금산,2023-08-09,25.6,23,28.1,56.6,1.3,85.6,.3,
238,금산,2023-08-10,21.8,20.5,23.5,84.4,2.2,93.5,0,
238,금산,2023-08-11,25.4,21.3,30.3,.4,1.5,80.8,4.1,
238,금산,2023-08-12,24.4,21.4,28.8,8.6,.6,89.4,1.5,
238,금산,2023-08-13,25.7,21.6,31.1,,.7,85.4,2.2,
238,금산,2023-08-14,26.9,23.7,32.6,,.8,81,7.4,
238,금산,2023-08-15,26.7,22.2,32.5,,.8,81,7.9,
238,금산,2023-08-16,27,23.6,31.9,,.9,79.4,7.2,
238,금산,2023-08-17,25.8,21.4,31.2,0,.7,84.4,3.8,
238,금산,2023-08-18,26.7,22.9,32.5,.6,1,80.5,4.9,
238,금산,2023-08-19,26.8,23.6,33.4,1.4,.8,85.5,5.9,
238,금산,2023-08-20,27,24.3,32.5,1.4,.9,86.6,4.6,
238,금산,2023-08-21,27.6,23.8,34.2,,1.2,78.1,8.4,
238,금산,2023-08-22,27.3,22.6,33.4,,1.9,75.1,8.1,
238,금산,2023-08-23,27.4,24,33.4,17.6,1.5,80.3,5.3,
238,금산,2023-08-24,25.7,23.3,29.1,10.1,.9,89.1,.6,
238,금산,2023-08-25,25.4,20.7,30.5,,1.1,78.4,8.3,
238,금산,2023-08-26,24.1,19.4,30.7,,.8,80.1,8.8,
238,금산,2023-08-27,24.9,19.6,30.4,,.8,79.6,4.4,
238,금산,2023-08-28,25.7,22.4,29.1,0,1.4,78.9,1.1,
238,금산,2023-08-29,24.7,21.7,28.7,35.9,1.1,89.8,.1,
238,금산,2023-08-30,21.2,19.9,22.5,31.7,.6,97.9,0,
238,금산,2023-08-31,22,18.5,27,,.6,85.3,3,
238,금산,2023-09-01,21.4,16.7,29.3,,.7,82.4,8.8,
238,금산,2023-09-02,22.4,15.8,29.6,0,.7,85.3,4.4,
238,금산,2023-09-03,25.2,21.4,31.2,2.9,.8,86.3,4.3,
238,금산,2023-09-04,26.1,22.1,31.8,,.8,83.8,4.3,
238,금산,2023-09-05,25.2,20.4,30.6,,1.1,73,5.9,
238,금산,2023-09-06,24.1,18.3,30.8,,.9,76.5,11.2,
238,금산,2023-09-07,22.4,17.1,29.8,,1.1,74.1,10.3,
238,금산,2023-09-08,21.5,14.9,29.1,,.9,74.6,12.1,
238,금산,2023-09-09,22.2,16.2,30.1,,.7,78.8,9.4,
238,금산,2023-09-10,23.2,17.8,30.7,,.7,79.8,7.3,
238,금산,2023-09-11,23.9,19.7,29.7,,.7,78.9,7,
238,금산,2023-09-12,23.4,19.4,28.8,,.7,79.3,5.1,
238,금산,2023-09-13,20.8,19.1,22.8,12.2,.6,95.4,0,
238,금산,2023-09-14,21.6,19,25.3,7.7,.6,92.3,.1,
238,금산,2023-09-15,21.7,20.7,23.7,15.4,.7,98,0,
238,금산,2023-09-16,22.7,21.1,27.9,14.8,.8,95.9,1.2,
238,금산,2023-09-17,23,20.7,27.9,39,.6,92.3,1.3,
238,금산,2023-09-18,23.4,20.1,29.7,,.7,85.9,7.5,
238,금산,2023-09-19,22.1,18.6,27.6,,.6,85.8,5,
238,금산,2023-09-20,20.5,19.6,22.5,91.2,.9,98.5,0,
238,금산,2023-09-21,19.1,17.4,21.8,4.5,.8,94.6,0,
238,금산,2023-09-22,18.5,13.8,24.3,,.8,83.5,7.6,
238,금산,2023-09-23,17.5,12.5,24.4,,.9,83.6,5,
238,금산,2023-09-24,19.6,13.2,25,,1.4,68.5,9.8,
238,금산,2023-09-25,20.7,16.9,26.2,2.1,.8,80.6,3,
238,금산,2023-09-26,20.2,19.1,21.5,20.4,.6,99.3,0,
238,금산,2023-09-27,20.8,18.7,23.3,1.9,.6,92.8,0,
238,금산,2023-09-28,20.9,16.9,26.2,,.7,85.3,6.1,
238,금산,2023-09-29,18.9,15.6,24.7,,.6,82.6,.6,
238,금산,2023-09-30,18.1,14.5,23.5,6.4,.9,83.6,5.7,
239,세종,2023-05-20,20.1,14.5,27.1,,1.5,71.6,11.3,26.34
239,세종,2023-05-21,18.1,15.4,23.7,,1.5,72.9,5.2,18.31
239,세종,2023-05-22,17.2,13.9,22.8,.5,1.3,72.5,3.8,13.38
239,세종,2023-05-23,17.8,10.9,25,,1.5,64.9,10.4,26.77
239,세종,2023-05-24,19.3,11.6,26.5,,.9,58.4,5.2,20.23
239,세종,2023-05-25,20.4,14.2,26.8,,1.3,50.3,8.1,25.93
239,세종,2023-05-26,21.2,15.3,26.1,,1.4,59.3,8.8,23.64
239,세종,2023-05-27,19.9,18.4,21.6,6.3,.9,87.1,0,5.32
239,세종,2023-05-28,20,18,21.8,42.9,1.2,92.4,0,3.97
239,세종,2023-05-29,20.6,19.1,22.7,26,1,91.9,.2,5.78
239,세종,2023-05-30,21.5,17.5,26,,2.1,75.1,6.2,21.97
239,세종,2023-05-31,22,17.3,27.7,,1.9,58.6,10.8,28.47
239,세종,2023-06-01,21.7,17.3,26,,1,73.5,1.8,15.05
239,세종,2023-06-02,20.9,17,25.9,,1.6,75.4,7.5,23.18
239,세종,2023-06-03,21.1,14.9,26.9,,2.1,57.1,11.2,29.41
239,세종,2023-06-04,21.9,15.3,28.2,,1.5,54.1,11.6,28.63
239,세종,2023-06-05,20.9,16.3,26.4,,1.7,66.3,9,24.63
239,세종,2023-06-06,20.3,14.6,27.3,,1.4,68.1,11.3,27.75
239,세종,2023-06-07,21.3,16,26.1,,1.2,73.9,6.1,19.37
239,세종,2023-06-08,21.6,18.1,27.1,,1.5,75.1,4.9,20.16
239,세종,2023-06-09,23.1,18.6,29.5,,1.5,60.5,11.1,27.96
239,세종,2023-06-10,23.4,19,30.6,,1.5,63,6.4,22.61
239,세종,2023-06-11,22.8,17.9,29.4,,1.6,72.6,8,23.52
239,세종,2023-06-12,22.6,16.7,29,0,1.5,69.3,8.7,23.98
239,세종,2023-06-13,22.2,17.8,28.1,0,1.5,68.6,8.1,22.87
239,세종,2023-06-14,21.7,16.2,27.7,,1.4,69.4,8.9,24.58
239,세종,2023-06-15,21.8,15.5,27.9,,1.5,69.4,8.1,22.07
239,세종,2023-06-16,23.6,16.3,31.3,,1.5,63.8,12.8,28.99
239,세종,2023-06-17,24.1,17.3,31.6,,1.4,62.3,9.9,25.85
239,세종,2023-06-18,25.1,18.4,32.9,,1.5,56.8,10.5,26.6
239,세종,2023-06-19,26.2,19.1,33.3,,1.9,60.3,11.2,25.96
239,세종,2023-06-20,23.5,19.8,27.5,8.6,2.2,64.4,2.2,13.14
239,세종,2023-06-21,20.8,19.8,23.3,7.7,1.1,92.6,.2,4.51
239,세종,2023-06-22,22.5,19,27.7,,1.7,76.3,6.8,22.02
239,세종,2023-06-23,24.9,18.7,31.1,,1.3,69.5,11,27.35
239,세종,2023-06-24,26.2,20.7,32.2,,1.4,68.4,11.4,26.45
239,세종,2023-06-25,26.3,20.1,31.6,,2.1,61.9,8.2,21.82
239,세종,2023-06-26,23.8,21.3,26.2,46.4,1.8,91,0,6.86
239,세종,2023-06-27,25.5,22.1,30.5,7.1,1.7,75.8,8.7,25.57
239,세종,2023-06-28,23.6,19,26.7,1.9,1.3,83.8,2.8,13.21
239,세종,2023-06-29,24.3,23.2,25.1,31.9,1.4,91.9,0,2.4
239,세종,2023-06-30,24.3,23.1,27.2,9,1.2,91.6,.6,9.67
239,세종,2023-07-01,26.8,22.7,32.7,,.9,80.5,6.4,18.87
239,세종,2023-07-02,27,23.4,31.4,,1.2,79,5,19.45
239,세종,2023-07-03,27.7,23.5,33.3,,1.4,76.8,8.7,24.11
239,세종,2023-07-04,24.7,23.4,26.9,59.2,1.6,90.9,.1,5.1
239,세종,2023-07-05,24.5,22,28.5,18.8,2,79.5,7.3,21.59
239,세종,2023-07-06,25.7,20.2,31.2,,1.2,70.6,8.5,24.12
239,세종,2023-07-07,21.5,19.2,25.6,55.2,1.6,90.5,0,4.13
239,세종,2023-07-08,24.1,19.3,29.3,.8,1.2,86.8,1.8,14.22
239,세종,2023-07-09,26.1,23.4,30.4,.3,1.3,85.8,3.5,12.2
239,세종,2023-07-10,26.1,20.1,31,55.6,1.6,80.4,8.2,22.44
239,세종,2023-07-11,23.9,22.6,26.6,16.5,1,90.1,.2,7.76
239,세종,2023-07-12,26.2,23.8,30.5,6.2,1,86.3,4.7,17.17
239,세종,2023-07-13,25.1,24.3,26.3,18.2,1.1,94,0,3.83
239,세종,2023-07-14,24.5,23.2,25.3,182.7,2.6,94.9,0,2.11
239,세종,2023-07-15,22.8,21.4,24.5,283.7,1.5,96.3,0,1.88
239,세종,2023-07-16,24,21.6,27.7,1.4,1,91.6,1.1,9.2
239,세종,2023-07-17,25.2,23,30.3,10.4,1.2,88.9,3.7,17.95
239,세종,2023-07-18,23.2,22.4,24.5,100,1.3,95.8,.3,3.66
239,세종,2023-07-19,25.6,21.9,31.1,,1.3,80.8,8,23.53
239,세종,2023-07-20,26,21.1,31.9,,1.1,81.3,8.1,22.21
239,세종,2023-07-21,27.1,23.5,33.7,,1.2,80.4,6.5,22.46
239,세종,2023-07-22,25.4,23.2,28.9,.6,1.7,82.6,3.1,10.32
239,세종,2023-07-23,25,23.9,26.8,27.4,1.2,90.4,0,2.65
239,세종,2023-07-24,25.8,23.7,30.4,8,.9,87.6,3.1,14.81
239,세종,2023-07-25,25.3,22.9,29.3,7,1.2,89.1,1.5,13.07
239,세종,2023-07-26,25.2,22.9,31.9,13.4,1.3,89.1,6.9,20.63
239,세종,2023-07-27,27.1,23.1,33.4,0,1.3,81.9,8.2,24.19
239,세종,2023-07-28,28.6,23.6,34.1,,1.1,77.9,11.2,26.77
239,세종,2023-07-29,29.1,24.6,34.5,,1.2,74.4,10.1,24.71
239,세종,2023-07-30,27.5,24.3,33.7,1.1,1.3,81.4,7.6,18.81
239,세종,2023-07-31,27.5,24.1,31.8,,1.4,80.8,5.5,17.71
239,세종,2023-08-01,29.2,24.2,34.8,,1.1,76.6,10.7,23.22
239,세종,2023-08-02,28.8,24.9,34.1,,1.3,74.4,7.7,22.34
239,세종,2023-08-03,28.9,23.1,34.4,,1.2,71,10.7,24.32
239,세종,2023-08-04,29.5,25,35,,1.4,72.3,10.8,24.97
239,세종,2023-08-05,29.2,25.2,34.8,,1.6,70.8,9.5,22.07
239,세종,2023-08-06,29.2,24.1,35.9,0,1.3,73.5,9.1,21.86
239,세종,2023-08-07,29.5,24.7,35.4,,1.6,72.1,8.9,22.01
239,세종,2023-08-08,30.2,25.4,34.9,0,2.1,68.9,9.1,21.96
239,세종,2023-08-09,26.9,23.3,31.2,21.4,2.5,78.4,.9,11.06
239,세종,2023-08-10,21.6,20.8,23.3,162.9,3.6,94.8,0,2.46
239,세종,2023-08-11,25.1,21.2,29.5,4.8,2,84.5,.9,15.32
239,세종,2023-08-12,24.1,20.2,28.8,1.9,1.1,86.6,2.3,13.18
239,세종,2023-08-13,26.7,23.2,32.1,,1,83.5,4.6,18.56
239,세종,2023-08-14,27.7,23.6,33.9,,1.2,77,8.1,22.67
239,세종,2023-08-15,27.8,23.6,32.1,,1.7,76.8,9.6,22.78
239,세종,2023-08-16,26.6,23.7,31.6,0,1.3,79.3,4.6,16.86
239,세종,2023-08-17,26.7,21.5,32.7,,1.1,78.5,5.7,19.69
239,세종,2023-08-18,28,24.6,33.4,,1.4,74.6,8.1,22.27
239,세종,2023-08-19,28.1,24,33.6,0,1.5,75.3,8.6,21.9
239,세종,2023-08-20,28.1,24.4,33.3,,1.3,74.5,6.5,20.28
239,세종,2023-08-21,28.4,24.7,33.5,0,1.2,76.4,8,21.04
239,세종,2023-08-22,26.9,23.8,32.1,45.2,1.5,81.4,3.6,13.03
239,세종,2023-08-23,26.2,23.9,31,10.6,1.1,88.8,1.5,11.62
239,세종,2023-08-24,25.3,23.8,30.1,23.1,.8,92.6,1.4,9.85
239,세종,2023-08-25,25.6,22,30.4,,1.4,77.3,10,24.7
239,세종,2023-08-26,24.4,20.2,30.1,,1.2,78.6,6.8,20.31
239,세종,2023-08-27,26,20.9,30.8,,1.2,77.6,4.4,16.36
239,세종,2023-08-28,26.1,23.9,29.1,0,2.2,75.5,.2,8.64
239,세종,2023-08-29,24.4,21.4,27.7,7.1,1.3,89.1,0,4.73
239,세종,2023-08-30,21.4,20.2,23.1,24.6,.9,95.1,0,3.8
239,세종,2023-08-31,22.2,19.8,28,,1,84.4,4,16.12
239,세종,2023-09-01,22.6,18.3,29.5,,1.1,81.4,7.2,20.11
239,세종,2023-09-02,24.5,18.1,31.1,,1.3,75,9.3,22.67
239,세종,2023-09-03,26.9,22.4,32.1,.6,1.2,80.3,7.2,19.28
239,세종,2023-09-04,27.2,24.2,31,,1.3,79.6,2.2,14.31
239,세종,2023-09-05,26.3,23.4,31.6,,1.3,75.4,3.5,15.44
239,세종,2023-09-06,26,21.5,31.3,,1.3,71.5,9.3,20.63
239,세종,2023-09-07,24.7,20.2,30,,1.4,65.1,10.4,23.46
239,세종,2023-09-08,22.8,17.6,29.6,,1.1,67.5,10.3,23.31
239,세종,2023-09-09,24,18,30.9,,.9,72.5,9.8,22.16
239,세종,2023-09-10,24.7,19.4,31.2,,1.1,73.4,8.6,21.26
239,세종,2023-09-11,24.4,20.2,30.6,,1.2,73.3,8,19.32
239,세종,2023-09-12,24.1,19.9,29.5,,.9,75,5.4,15.33
239,세종,2023-09-13,20.7,19.5,22.4,29.7,1.3,93,0,3.39
239,세종,2023-09-14,22.1,19.5,25.8,5.2,1.5,87.8,.1,8.45
239,세종,2023-09-15,22.4,21.1,24.4,16.3,1.3,92.6,0,6.25
239,세종,2023-09-16,22.9,21.2,27.1,101.2,1.2,94.1,1.2,8.2
239,세종,2023-09-17,24.3,21.5,28.8,2.7,.9,87.1,2.2,11.74
239,세종,2023-09-18,23.6,20.9,28.6,,1.2,86,4.4,14.15
239,세종,2023-09-19,23,20.1,27.6,,.9,85.6,2.8,12.78
239,세종,2023-09-20,20.9,19.2,22.4,161.4,1.7,95.3,0,1.54
239,세종,2023-09-21,18.7,16.1,21.7,1.3,1.7,86,0,6.9
239,세종,2023-09-22,18.4,14.6,24.6,,1,81.8,7.2,17.89
239,세종,2023-09-23,19.5,14.8,25,,1.2,78.9,5.7,14.38
239,세종,2023-09-24,20.7,15.3,25,,2.1,65.1,8.8,18.95
239,세종,2023-09-25,21.5,18.3,26.3,4.7,1.3,75.8,2.6,12.76
239,세종,2023-09-26,20.6,19.4,22.1,46.1,1.2,96.3,0,2.39
239,세종,2023-09-27,22,20.5,24.9,.4,1.1,87,.6,7.95
239,세종,2023-09-28,22,18.4,27.2,,1.3,79.6,7.1,15.33
239,세종,2023-09-29,19.8,17,25.4,,1,81.5,1,11.09
239,세종,2023-09-30,18.4,14.2,23.1,3.5,1.4,81.9,5.7,15.19
243,부안,2023-05-20,19.4,15.7,25.7,,1.9,78.9,9.9,
243,부안,2023-05-21,17.1,14.6,21.4,,1.8,80.6,5.8,
243,부안,2023-05-22,16.4,13.1,21.1,.6,1.3,81.4,4.4,
243,부안,2023-05-23,17.5,12,24.8,,1.6,69.8,12.5,
243,부안,2023-05-24,18.5,13.1,25.1,0,1,70.4,4,
243,부안,2023-05-25,20.4,15.4,26.8,,1.5,57.3,7.7,
243,부안,2023-05-26,20.9,15.9,26.2,0,1,66.4,4.7,
243,부안,2023-05-27,23,20.5,27,.3,2.3,70.4,.6,
243,부안,2023-05-28,21.9,19.5,24.1,22.3,1.9,89.9,0,
243,부안,2023-05-29,20.2,19,22.3,61.7,1.2,96.5,0,
243,부안,2023-05-30,22.5,19.8,28,.5,1.5,85.5,4.1,
243,부안,2023-05-31,22.4,19.4,28.5,,1.6,77,8.8,
243,부안,2023-06-01,21.1,18.3,24.9,.1,1.2,80.6,1.2,
243,부안,2023-06-02,20,17.6,23.5,0,2.1,83.3,4.5,
243,부안,2023-06-03,20.2,15.3,26.8,,1.5,71.1,11.2,
243,부안,2023-06-04,20.9,15.4,26.8,,1.3,68.3,11.2,
243,부안,2023-06-05,20.3,17.3,24.7,,1.2,70.6,3.6,
243,부안,2023-06-06,19.8,16.5,25.8,,1.5,76.1,10.3,
243,부안,2023-06-07,21.4,16.2,26.6,,1.4,77.5,8.3,
243,부안,2023-06-08,21.5,18.1,28.4,0,1.9,75.4,5.9,
243,부안,2023-06-09,24.2,19.5,30,,1.8,60.3,10.4,
243,부안,2023-06-10,23.4,19.1,31,.9,2.3,67.9,5.5,
243,부안,2023-06-11,22.3,18.6,27,,1.7,79.3,10.1,
243,부안,2023-06-12,21.8,17.9,27.2,,1.6,78.9,8.5,
243,부안,2023-06-13,21.3,17.7,26.6,,1.6,75.9,12.6,
243,부안,2023-06-14,21.1,17.4,26.2,,1.4,77,11.1,
243,부안,2023-06-15,21.1,16,26.6,,1.5,75.8,12.6,
243,부안,2023-06-16,22.4,17.1,28,,1.4,74,11.9,
243,부안,2023-06-17,22.7,17.7,29.5,,1.3,72.4,8.4,
243,부안,2023-06-18,22.8,19.3,27.9,,1.7,70.4,10.7,
243,부안,2023-06-19,24.2,18.2,32.9,,1.6,69.4,9.7,
243,부안,2023-06-20,23.6,20,28.5,2.4,1.3,75.5,2.8,
243,부안,2023-06-21,21.8,20.2,23.4,0,1.9,89.6,.2,
243,부안,2023-06-22,22.4,19.5,25.9,0,2.1,78.8,7.7,
243,부안,2023-06-23,23.6,18.8,29.4,,1.3,79.4,9.3,
243,부안,2023-06-24,24.9,20.8,31.1,,1.5,74.3,9,
243,부안,2023-06-25,24.4,20.5,31,3.7,1.9,75.1,3.7,
243,부안,2023-06-26,24.7,21.6,26.9,18.8,3,89.6,0,
243,부안,2023-06-27,25.8,21.4,30.2,40.5,2.1,79.3,8.9,
243,부안,2023-06-28,23.6,20.1,27.1,117.3,2.8,88.5,2.5,
243,부안,2023-06-29,25,23.8,26.4,54.9,2.8,91.1,0,
243,부안,2023-06-30,24.5,23.2,26.3,8.6,1.9,92,0,
243,부안,2023-07-01,25,23.1,29.2,.7,1.3,89.8,5.4,
243,부안,2023-07-02,26.2,23.1,31.6,,1.2,83.4,4.9,
243,부안,2023-07-03,26.6,23,31,0,1.2,85.3,5.3,
243,부안,2023-07-04,24.9,23.5,25.9,57.9,2.2,92.1,0,
243,부안,2023-07-05,24.9,22.3,27.6,28.4,2.8,79.9,7.6,
243,부안,2023-07-06,26.5,21.8,32,,2.1,72.6,6.6,
243,부안,2023-07-07,22.7,20.4,24.7,39.5,1.8,92,0,
243,부안,2023-07-08,25.3,21.9,29.5,3.8,1.4,90.1,4.9,
243,부안,2023-07-09,27.3,24.7,30.7,0,2.5,85.9,1.2,
243,부안,2023-07-10,27.8,25.7,32,,2.3,76.1,9.6,
243,부안,2023-07-11,25.5,23.3,27.3,11.9,2.3,89.5,.1,
243,부안,2023-07-12,26.7,24.3,29.7,.2,1.8,87,5.8,
243,부안,2023-07-13,26,24.7,27.2,26.5,2.7,91.9,0,
243,부안,2023-07-14,25.3,24.5,26.5,194.5,5.1,93.3,0,
243,부안,2023-07-15,24.8,23.2,26.7,32.5,3.2,92.9,0,
243,부안,2023-07-16,25,23.2,28.3,2.3,1.5,88.5,1.1,
243,부안,2023-07-17,25.8,23.3,31.3,22.6,2,89.9,4.8,
243,부안,2023-07-18,23.7,23,24.7,69.2,1.9,96.9,0,
243,부안,2023-07-19,25.6,22.1,29.5,,1.7,84.8,11.7,
243,부안,2023-07-20,25.3,21.6,30.1,,1.1,86,8.4,
243,부안,2023-07-21,27.3,22.5,33,,1,81.6,9.8,
243,부안,2023-07-22,24.9,22.3,27.7,11.5,2.4,83.4,1,
243,부안,2023-07-23,25.6,24.4,27.2,104.3,2.4,92.1,0,
243,부안,2023-07-24,25.9,22.6,30.1,17.3,1.6,87.8,2.9,
243,부안,2023-07-25,26.1,23.8,30.9,20.5,1.3,89,1.6,
243,부안,2023-07-26,26.8,24.1,32.4,2,1.2,85.9,4.2,
243,부안,2023-07-27,27.3,23.2,32.2,0,.9,83,8,
243,부안,2023-07-28,28.4,24,33.6,,1.4,77.4,10.5,
243,부안,2023-07-29,28.9,24.5,34,,.9,75.5,11,
243,부안,2023-07-30,27.6,24,33,1.6,1.3,80.5,10.3,
243,부안,2023-07-31,28.3,23.8,33.4,,1.1,79.6,10.9,
243,부안,2023-08-01,28.8,24.9,34.5,,1,79,10.8,
243,부안,2023-08-02,28.7,25.2,33.8,,1,77.4,12.1,
243,부안,2023-08-03,29.3,24.5,35,,.9,71.1,11.2,
243,부안,2023-08-04,29.2,25.5,34.1,,1,74.8,9.9,
243,부안,2023-08-05,29.3,25.1,34.7,,1.1,75.1,12.4,
243,부안,2023-08-06,28.9,25.3,34,,1.5,75.3,12.3,
243,부안,2023-08-07,28.6,25.4,34.3,,1.4,80.8,11.1,
243,부안,2023-08-08,29.4,25.6,35.6,2.2,1.1,78.3,10.4,
243,부안,2023-08-09,27.1,23.8,31.6,20,2.7,82.4,2.8,
243,부안,2023-08-10,23.2,21.8,24.5,71.9,3.3,92.1,0,
243,부안,2023-08-11,26.1,23.3,30.6,5.1,1.9,82.3,3.3,
243,부안,2023-08-12,26.3,23.7,30.1,.1,1.1,81.4,3.5,
243,부안,2023-08-13,27.3,23.3,32.4,,1.1,79.8,9.3,
243,부안,2023-08-14,27.9,24.5,33.1,,1.1,81.5,8.5,
243,부안,2023-08-15,27.5,24,31.5,,1.6,81.3,6.7,
243,부안,2023-08-16,26.9,24.4,31.5,,1.4,81.3,10,
243,부안,2023-08-17,26.8,22.5,31.4,0,1.1,79.9,10.9,
243,부안,2023-08-18,27.4,23.8,31.8,,1.3,76.6,10.8,
243,부안,2023-08-19,27.7,25.3,31.3,,1.5,78,8.9,
243,부안,2023-08-20,27.8,24.1,32.6,,1.1,77.5,10.4,
243,부안,2023-08-21,29,24.7,34.5,,1.9,72.1,8.9,
243,부안,2023-08-22,27.7,24.7,33.1,4.1,2.1,80.9,3.5,
243,부안,2023-08-23,25.1,23.8,29.3,39.2,1.5,95,.1,
243,부안,2023-08-24,25.7,23.7,29,2.4,.8,90.8,1,
243,부안,2023-08-25,25.8,22.1,30.2,0,1.3,81.4,9.8,
243,부안,2023-08-26,25.2,21,30.9,,1.1,77.5,10.2,
243,부안,2023-08-27,26.2,21.9,31.7,,.8,81,6.6,
243,부안,2023-08-28,27.1,24.4,31.4,2.4,2.1,79,3.3,
243,부안,2023-08-29,25.2,23,28.5,3.7,1.7,91,.1,
243,부안,2023-08-30,21.5,19.3,23.3,17.4,.7,94.9,0,
243,부안,2023-08-31,22.8,19.3,27.9,,.9,83.9,5.8,
243,부안,2023-09-01,23.6,18.1,30.2,,1.2,78.8,10.3,
243,부안,2023-09-02,24.2,18.5,30,0,.9,83,5.4,
243,부안,2023-09-03,26.7,23,32.2,.5,1,83.3,5.2,
243,부안,2023-09-04,26.8,23.1,31.5,,1.1,84.5,5.7,
243,부안,2023-09-05,27,23.9,31.7,,1.2,78.8,6.9,
243,부안,2023-09-06,26,21.9,31.5,,1.1,80.8,10.4,
243,부안,2023-09-07,25.5,20.8,31.1,,1.1,64.4,10.7,
243,부안,2023-09-08,23.6,18.3,29.8,,1,70.3,10.7,
243,부안,2023-09-09,23.7,18.6,29.6,,1.1,77.9,9.8,
243,부안,2023-09-10,24.1,20.5,28.7,,1,78.4,7.6,
243,부안,2023-09-11,24.5,20.2,30.1,,.9,73,9.7,
243,부안,2023-09-12,24,20.3,28.7,,.8,78,3.6,
243,부안,2023-09-13,21.2,19.9,23.1,26.1,1,92.9,0,
243,부안,2023-09-14,22.8,19.9,25.7,8,.8,90.4,.2,
243,부안,2023-09-15,23.2,21.9,26.6,28.8,1.1,95.3,0,
243,부안,2023-09-16,23.6,22.4,28.3,50,1,95.3,1.8,
243,부안,2023-09-17,24.3,22.1,27.7,.6,.9,89.8,3.5,
243,부안,2023-09-18,24,20.7,29.3,,1,87.3,8.3,
243,부안,2023-09-19,23.5,20.2,28.6,,.8,85.5,5.8,
243,부안,2023-09-20,22.9,20.7,26.1,61.8,2,93.3,0,
243,부안,2023-09-21,20.2,17.4,23.3,2.6,1.5,89,.1,
243,부안,2023-09-22,19.4,14.3,25.4,,.8,82.3,8,
243,부안,2023-09-23,19.9,15.2,26.5,,.8,80.3,4.1,
243,부안,2023-09-24,21.5,14.7,27.8,,1.4,68,8.5,
243,부안,2023-09-25,21.8,18.6,26.7,1.3,1.2,78.1,.5,
243,부안,2023-09-26,22.4,20.2,26,2.6,1.4,92.5,.8,
243,부안,2023-09-27,22.5,21,25.4,.9,1.6,87.5,1.2,
243,부안,2023-09-28,22.1,19.1,26.2,.9,1,86.5,6.2,
243,부안,2023-09-29,19.9,16.3,24.6,,.7,84.3,.9,
243,부안,2023-09-30,19.2,15.6,23.2,7.1,1.2,80.8,8.6,
244,임실,2023-05-20,18.5,11.7,26.3,,.9,78.5,7.8,
244,임실,2023-05-21,17.3,13.9,24.4,,1,78.8,6.4,
244,임실,2023-05-22,15.3,11.7,20.5,.6,.8,80.5,2.3,
244,임실,2023-05-23,16.6,8.9,24.9,,1.4,67.4,11.7,
244,임실,2023-05-24,18.1,9.7,24.9,,1,61.4,6.1,
244,임실,2023-05-25,18.9,14.4,25.2,,1,60.3,4.8,
244,임실,2023-05-26,18.8,13.9,24.3,0,.8,71,1.1,
244,임실,2023-05-27,21.1,18.1,25.2,0,2.2,73.5,1,
244,임실,2023-05-28,20.5,18.2,22.3,13.2,1.3,95,0,
244,임실,2023-05-29,20.5,19.2,21.5,107.4,.8,97,0,
244,임실,2023-05-30,22.1,18.2,27.3,.7,1.2,80.4,4.9,
244,임실,2023-05-31,21.2,16.6,27.3,,1,69,12.1,
244,임실,2023-06-01,18,14.6,21,2.1,1,87.4,.1,
244,임실,2023-06-02,21.1,17.7,26.7,1.8,1.6,79,9.2,
244,임실,2023-06-03,19.9,14.4,26.8,,1.3,67.8,10.3,
244,임실,2023-06-04,19.6,12.3,27.4,,1,62.3,10.5,
244,임실,2023-06-05,19.1,15.2,24.5,,.9,73.4,4.1,
244,임실,2023-06-06,19.5,14.2,26.8,,1.2,72.4,11,
244,임실,2023-06-07,20.3,12.4,27.3,,1,74.1,9.9,
244,임실,2023-06-08,21.1,17.4,27.4,0,1.5,74.6,7.5,
244,임실,2023-06-09,22.6,17.1,28.7,,1,63.4,9.5,
244,임실,2023-06-10,21.6,16.9,30.6,0,1.5,74.9,6.1,
244,임실,2023-06-11,21.7,16.5,28.7,1.1,1.2,78.5,8.5,
244,임실,2023-06-12,22.8,18.3,29,,1,73.1,8.8,
244,임실,2023-06-13,21.3,16.8,27.6,,1.1,71.6,11.2,
244,임실,2023-06-14,20.2,15.2,27.5,,1.2,72.5,10.1,
244,임실,2023-06-15,20.3,13.7,26.9,,1.2,71,11.9,
244,임실,2023-06-16,22.6,14.3,30.2,,1,70.4,11.6,
244,임실,2023-06-17,22.9,16.1,31.3,,1.1,70.4,8.9,
244,임실,2023-06-18,23.6,17.2,31.3,,1.1,64.6,11.2,
244,임실,2023-06-19,24.5,16.4,32.5,,1.2,67,11,
244,임실,2023-06-20,23,18.3,27.8,1,1.4,67.5,4.9,
244,임실,2023-06-21,20.7,19.4,22.5,3.1,1.3,90.4,0,
244,임실,2023-06-22,20.9,18.3,26.1,0,1.4,80.4,3.6,
244,임실,2023-06-23,23.6,17,30.5,,1,71.1,9.7,
244,임실,2023-06-24,24.2,18.6,31.3,,1,72.9,7.4,
244,임실,2023-06-25,22.4,18.2,28.3,13.6,1.2,80.5,2.9,
244,임실,2023-06-26,23.1,20.3,25.7,67.3,1.5,95.3,0,
244,임실,2023-06-27,24.9,20.4,29.4,18.9,1.7,81.6,5.4,
244,임실,2023-06-28,22.3,18.8,25.3,38,1.5,90,.4,
244,임실,2023-06-29,23.9,22.9,25.1,33.8,2,93,0,
244,임실,2023-06-30,23.3,22.1,25.4,27.4,1.1,94.6,0,
244,임실,2023-07-01,25.5,21.8,30.9,25.7,.9,84.8,4.9,
244,임실,2023-07-02,26.6,23,31.8,,.9,80.5,6.9,
244,임실,2023-07-03,26.3,21.8,30.6,,1,80.4,6.6,
244,임실,2023-07-04,23.4,22.4,25.2,51.5,1.4,93.1,0,
244,임실,2023-07-05,23.5,19.8,27.8,30.8,1.5,86.1,4.7,
244,임실,2023-07-06,24.4,18.6,30.7,,.9,78.8,7.1,
244,임실,2023-07-07,21.8,20,23.5,29.3,1.1,92.9,0,
244,임실,2023-07-08,25.3,21.7,29.7,.1,1.4,87.1,2.4,
244,임실,2023-07-09,25.9,23.4,29.5,,1.6,88.1,1.7,
244,임실,2023-07-10,26.8,23.9,30.8,.5,1.9,79.1,7.5,
244,임실,2023-07-11,23.7,21.9,27.3,26.3,1.5,92.6,0,
244,임실,2023-07-12,25.7,22.5,29.8,3.4,1.5,87.6,4.8,
244,임실,2023-07-13,24.6,23.1,25.6,17,1.6,94.6,0,
244,임실,2023-07-14,24.6,23.6,25.3,128.5,3.1,94.5,0,
244,임실,2023-07-15,23.9,22.3,25.6,109.5,2.1,94.8,0,
244,임실,2023-07-16,23.3,21.3,27.3,20.2,1.4,94,1.2,
244,임실,2023-07-17,24.5,22.2,29.6,80.9,1.5,91.6,2.8,
244,임실,2023-07-18,23,22.4,24.1,87.3,.6,96.6,0,
244,임실,2023-07-19,25.2,21.8,30.6,1.3,1.2,83.8,7.9,
244,임실,2023-07-20,25.7,21.9,31.5,,.7,83.6,6.4,
244,임실,2023-07-21,26.1,22.6,32.4,,1,80.8,7.9,
244,임실,2023-07-22,23.3,20.2,25,2.3,1.5,88,1.9,
244,임실,2023-07-23,25.1,23.8,27.6,21.7,1.7,90.5,0,
244,임실,2023-07-24,24.6,21.9,27.8,52.9,1.3,91.8,.5,
244,임실,2023-07-25,25.1,22.9,28.2,6.6,1.1,90.8,2.1,
244,임실,2023-07-26,24.3,22,30.4,8,.8,91.3,3.2,
244,임실,2023-07-27,25.9,21.6,32.5,0,.7,85.9,4.8,
244,임실,2023-07-28,26.6,22.5,31.8,,1.1,82.1,11,
244,임실,2023-07-29,27,22.2,33.5,4.7,.8,80.9,10.1,
244,임실,2023-07-30,26.3,22.4,32.2,,.9,82.5,6.5,
244,임실,2023-07-31,26.7,22.1,32.7,,.8,79.4,9.8,
244,임실,2023-08-01,27.9,22.2,33.7,,.9,76.1,11.3,
244,임실,2023-08-02,27.7,23,33.6,,.9,79.9,10.3,
244,임실,2023-08-03,28.2,23.9,34.6,,.9,77.3,9.4,
244,임실,2023-08-04,28.1,22.8,33.6,,.8,77.1,10.2,
244,임실,2023-08-05,28.6,23.3,34.4,,1,76.9,10.4,
244,임실,2023-08-06,28.3,23.9,34.9,0,.9,78.3,9.5,
244,임실,2023-08-07,26.8,24.1,34.3,28.4,1,87.3,7,
244,임실,2023-08-08,28.3,23.1,34.5,0,.8,77,9.8,
244,임실,2023-08-09,25.6,23.2,29,13.9,1.4,84.4,.1,
244,임실,2023-08-10,22.1,21.3,24.2,104.4,2.4,94.5,0,
244,임실,2023-08-11,25,21.3,30,.5,1.8,83,5.1,
244,임실,2023-08-12,24.8,21.7,29.1,.1,.8,86,3.8,
244,임실,2023-08-13,25.6,21.1,30.8,,.6,83.8,3.1,
244,임실,2023-08-14,27.1,23.2,32.5,,.8,81,6.8,
244,임실,2023-08-15,26.8,23.9,32,0,1.1,82.4,7.4,
244,임실,2023-08-16,26.2,23.1,31.5,,1.1,81,7,
244,임실,2023-08-17,25.6,21.5,31.3,91,.9,83.4,7.4,
244,임실,2023-08-18,25.6,22,31.1,.3,.9,86.9,3.1,
244,임실,2023-08-19,26.7,24.2,32.5,1.1,.9,84.1,5.1,
244,임실,2023-08-20,27.1,23,33.2,,.9,82.3,7.7,
244,임실,2023-08-21,27.3,23.6,32.1,,1.7,78.4,8.5,
244,임실,2023-08-22,26.6,23.8,31.3,,1.8,81.1,6.2,
244,임실,2023-08-23,25.7,24,30.6,15.7,1.4,89.4,3.5,
244,임실,2023-08-24,24.7,23.2,27.7,9.8,1,94,.4,
244,임실,2023-08-25,24.5,19.9,30,,1.1,82.8,8.6,
244,임실,2023-08-26,23.9,18.9,30.9,,.8,80,8.9,
244,임실,2023-08-27,25.1,20.2,31,,.7,80.3,7.7,
244,임실,2023-08-28,25.5,22.3,28.8,.4,1.4,81,2.4,
244,임실,2023-08-29,24.4,21.8,27.9,41.5,1.6,93.5,.1,
244,임실,2023-08-30,21.5,20.4,22.5,21.1,.6,95.9,0,
244,임실,2023-08-31,23,19.8,27.4,,.9,82,7.5,
244,임실,2023-09-01,22.9,18.8,29.7,,1.1,74.8,8.3,
244,임실,2023-09-02,23,17.9,28.3,0,.7,85,.5,
244,임실,2023-09-03,25.5,20.8,31.1,0,1.1,81.9,7.2,
244,임실,2023-09-04,25.2,22,31,1.7,.8,85.4,4.6,
244,임실,2023-09-05,25.2,20.8,31.2,,.7,77,8.3,
244,임실,2023-09-06,24.5,19,30.9,0,1,75.8,10.7,
244,임실,2023-09-07,22.5,17,29.6,,.8,70.1,11.8,
244,임실,2023-09-08,21.5,14.7,29.2,,.7,75.3,11.6,
244,임실,2023-09-09,22.5,15.7,30,,.7,78,10.8,
244,임실,2023-09-10,22.9,18.5,29.3,,.7,82.1,5.5,
244,임실,2023-09-11,23.3,18.4,29.8,,.8,77.5,7.7,
244,임실,2023-09-12,23.1,18.4,29.3,,.9,77.8,6,
244,임실,2023-09-13,21.4,19.9,23.8,4.9,.7,93.4,0,
244,임실,2023-09-14,22.3,19.8,26.4,11.3,.8,90.9,.6,
244,임실,2023-09-15,22.8,21,26.6,39.1,.8,93.5,.9,
244,임실,2023-09-16,22.9,21.4,26.1,39.9,.8,93.5,.1,
244,임실,2023-09-17,23.8,20.7,27.4,.1,.9,87.3,2.3,
244,임실,2023-09-18,23.4,20.3,29.3,,.8,85,7.4,
244,임실,2023-09-19,22.7,19.2,28.5,,.7,82.5,6.6,
244,임실,2023-09-20,21.7,19.9,23.9,33.1,1.1,95.6,0,
244,임실,2023-09-21,20,18,23.4,2.2,1,92.9,0,
244,임실,2023-09-22,19.2,14.5,24.9,,.7,83,6.4,
244,임실,2023-09-23,18,12.9,25,,.7,81.8,4.5,
244,임실,2023-09-24,19.5,12.3,25.9,,1.3,70.9,8.9,
244,임실,2023-09-25,21.1,16.4,26.4,.2,.5,80.3,2.2,
244,임실,2023-09-26,20.7,19.8,21.8,4.6,.5,95.6,0,
244,임실,2023-09-27,21.1,19.7,23.7,1.5,.7,89.9,.1,
244,임실,2023-09-28,21,16.9,26.5,4.7,.8,85.9,5.3,
244,임실,2023-09-29,19,15.6,24.1,,.7,84,1.5,
244,임실,2023-09-30,17.9,14,23.4,8.3,.9,82.6,5.8,
245,정읍,2023-05-20,19.5,15.8,26.1,,1.3,75.8,10.1,
245,정읍,2023-05-21,17.2,14.3,22.6,,1.4,77.8,6.1,
245,정읍,2023-05-22,16.2,12.4,22.3,.5,.8,77.9,4.2,
245,정읍,2023-05-23,17.8,10.6,25.6,,1.3,62.1,12.5,
245,정읍,2023-05-24,18.7,12.1,25.8,,.9,63.9,5.2,
245,정읍,2023-05-25,19.9,15.3,27.3,,1.2,54.5,5.8,
245,정읍,2023-05-26,20.9,15.4,26.2,0,1,61.8,3,
245,정읍,2023-05-27,22.9,20.1,27.3,0,2.1,64.9,1.5,
245,정읍,2023-05-28,22,19.1,24.3,20,2,86.1,0,
245,정읍,2023-05-29,20.4,19.1,22.6,97,1.7,93.9,0,
245,정읍,2023-05-30,22.8,19.8,28.5,.7,1.1,82.6,3.7,
245,정읍,2023-05-31,23,19.1,29.1,0,.9,71,10.2,
245,정읍,2023-06-01,20.5,16.6,23.2,.4,.9,77.3,.5,
245,정읍,2023-06-02,20.6,17.4,25.6,1.4,1.5,79.4,8.1,
245,정읍,2023-06-03,20.5,14.1,26.6,,1.5,62.6,12.7,
245,정읍,2023-06-04,21.1,14,27.2,,1,59.8,11,
245,정읍,2023-06-05,20.3,16.7,25,,.9,68,4.2,
245,정읍,2023-06-06,20.1,15.6,27,,1.3,70.4,12.3,
245,정읍,2023-06-07,20.6,14.5,27.5,,1.1,76.3,11.5,
245,정읍,2023-06-08,21.7,17.8,29.2,.1,1.7,71.9,6.3,
245,정읍,2023-06-09,24.3,19.2,29.8,0,1.6,56.5,9.7,
245,정읍,2023-06-10,23.6,18.3,32.6,1.2,2.3,64.9,4.9,
245,정읍,2023-06-11,22.8,18.2,28.5,,1.1,75.4,7.2,
245,정읍,2023-06-12,22.3,17.7,29.3,,1,74.4,7.1,
245,정읍,2023-06-13,22.1,17.5,28.7,,1.1,70.6,12.7,
245,정읍,2023-06-14,21.3,16,27.8,,1.1,69.3,11.5,
245,정읍,2023-06-15,21.4,15.1,27.9,,1.2,70,12.7,
245,정읍,2023-06-16,22.9,15.6,31.1,,.9,69.1,12.4,
245,정읍,2023-06-17,23,17.3,30.8,,.9,67.4,8,
245,정읍,2023-06-18,23.9,18.2,31.1,,1.3,57.8,11.4,
245,정읍,2023-06-19,24.5,17.3,34.9,,1.2,63.3,10,
245,정읍,2023-06-20,24.3,19.5,28.5,.2,1.5,63,3.3,
245,정읍,2023-06-21,21.9,19.9,23.9,.5,1.6,81.9,0,
245,정읍,2023-06-22,21.8,19.2,26.8,.1,1.4,76.1,6.6,
245,정읍,2023-06-23,24.5,17.9,31.5,,1,70.1,10.1,
245,정읍,2023-06-24,25.4,20.2,32.3,,.9,67.1,8.5,
245,정읍,2023-06-25,23.6,19.6,29.6,6.1,1.3,72.4,3.7,
245,정읍,2023-06-26,25.1,21.9,27.4,15.8,3.2,83.3,.3,
245,정읍,2023-06-27,26.1,21.2,30.7,36.1,3.3,75.5,8.8,
245,정읍,2023-06-28,23.2,19.5,26.4,113.2,1.9,84.6,.4,
245,정읍,2023-06-29,25.4,24,27.1,48.5,3.2,83.5,0,
245,정읍,2023-06-30,24.2,23.1,25.7,7.2,1.3,89.5,0,
245,정읍,2023-07-01,25.3,22.8,30.4,1.2,.8,85.4,4.6,
245,정읍,2023-07-02,26.5,23.1,32.5,,1.1,80,7.1,
245,정읍,2023-07-03,27,22.8,31.9,,.8,79.5,4.8,
245,정읍,2023-07-04,25.2,23.4,26.7,49.9,1.7,84.5,0,
245,정읍,2023-07-05,25,21.8,28.3,33.4,2.2,76.5,7.8,
245,정읍,2023-07-06,26.4,22.2,32.3,,1.5,69.9,7.9,
245,정읍,2023-07-07,23.6,20.6,25.6,38.5,1.5,84.3,0,
245,정읍,2023-07-08,26.4,24.2,30.9,0,1.1,82.4,4.3,
245,정읍,2023-07-09,27.3,24.3,31.2,0,2.3,82.1,2.3,
245,정읍,2023-07-10,28.2,24.8,32,0,2.4,70.5,8.3,
245,정읍,2023-07-11,25.5,23,28.2,35.7,2.5,83.3,.3,
245,정읍,2023-07-12,26.8,23.8,29.8,.8,1.8,82.5,6,
245,정읍,2023-07-13,26.3,24.6,28,14.2,2.4,82.6,0,
245,정읍,2023-07-14,25.8,24.7,27,149.7,5.4,86.3,0,
245,정읍,2023-07-15,25,23.4,26.9,51.5,3.7,87.5,0,
245,정읍,2023-07-16,24.7,22.7,28,9.2,1.3,85.6,.9,
245,정읍,2023-07-17,26.1,23,31.9,41.5,1.9,83.4,5.4,
245,정읍,2023-07-18,23.7,23.2,24.7,75.7,1.2,94.9,0,
245,정읍,2023-07-19,25.5,22.4,31,2.4,1.5,82.3,9.4,
245,정읍,2023-07-20,25.7,21.4,31.2,,.9,82,7.9,
245,정읍,2023-07-21,27.7,22,34.2,,1.1,72.1,12,
245,정읍,2023-07-22,25.5,23,26.9,6.6,1.8,74.8,.3,
245,정읍,2023-07-23,26,24.2,28.6,63.5,2.3,83.5,.1,
245,정읍,2023-07-24,25.8,21.8,29.5,55.2,1.3,83.4,2.2,
245,정읍,2023-07-25,26.8,22.9,30.7,59.2,1.6,79.8,3.9,
245,정읍,2023-07-26,25.6,23.1,32.8,14.5,1,84,4.7,
245,정읍,2023-07-27,27.1,22.7,32.9,2.7,.8,82.4,6.4,
245,정읍,2023-07-28,28,23.7,33.2,,1.1,76.4,10,
245,정읍,2023-07-29,28.7,23.7,34.7,0,.9,72.4,9.3,
245,정읍,2023-07-30,27.7,23,34.5,0,.8,75.8,7.6,
245,정읍,2023-07-31,28,23.1,33.7,,1.4,78.3,10.3,
245,정읍,2023-08-01,28.9,24.6,35.4,,.8,74.6,9.4,
245,정읍,2023-08-02,28.9,24.9,34.1,0,.9,74.9,8.9,
245,정읍,2023-08-03,28.9,23.6,35,0,.7,73.1,8.4,
245,정읍,2023-08-04,29.1,24.2,34.8,,.8,72.4,8.1,
245,정읍,2023-08-05,29.3,24.6,34.9,,1.3,74,11.6,
245,정읍,2023-08-06,29.1,24.6,35.1,,1.3,73.5,11.5,
245,정읍,2023-08-07,28.2,25.1,34.7,15.9,1.1,82.1,8.8,
245,정읍,2023-08-08,29.5,24.3,34.8,,1.2,75.9,11.4,
245,정읍,2023-08-09,26.6,23.8,31,2.3,1.8,82.5,1.5,
245,정읍,2023-08-10,22.9,21.2,24.3,121.6,3.5,89.4,0,
245,정읍,2023-08-11,26,23.4,31.1,0,2.8,77.6,4.6,
245,정읍,2023-08-12,26,22.4,30.7,0,1.1,80,4.7,
245,정읍,2023-08-13,27.3,22.4,32.7,,.8,75.6,8.4,
245,정읍,2023-08-14,28,24.2,33.1,,1.3,77.1,9.1,
245,정읍,2023-08-15,27.3,23.4,32.1,,1.3,77.9,8.9,
245,정읍,2023-08-16,27,23.6,32.2,,1.1,76,10.6,
245,정읍,2023-08-17,27,21.6,32.7,,,75.3,,
245,정읍,2023-08-18,27.3,23.3,32.6,0,1.3,77,9,
245,정읍,2023-08-19,27.7,24.9,32.6,,1.2,76.5,9.7,
245,정읍,2023-08-20,28,23,33.9,,.9,71.1,10.1,
245,정읍,2023-08-21,29.2,24.2,34.3,,2,67,11.1,
245,정읍,2023-08-22,28.5,25.4,33.5,2.8,2.3,72.6,8.1,
245,정읍,2023-08-23,25.6,23.7,29.2,50.8,1.3,88.5,0,
245,정읍,2023-08-24,24.9,23.7,28.4,19.6,.6,90.3,.6,
245,정읍,2023-08-25,25.7,21.6,30.6,,1.7,78.1,8.9,
245,정읍,2023-08-26,24.7,20.3,30.7,,1.3,77.5,11.5,
245,정읍,2023-08-27,25.9,21,32.8,14.5,.8,79.4,7.3,
245,정읍,2023-08-28,27.1,23.5,30.4,.2,2.4,74.1,4.1,
245,정읍,2023-08-29,25.3,22.6,28.4,7,1.7,85.6,.1,
245,정읍,2023-08-30,21.4,19.1,23.2,25.5,.8,92.1,0,
245,정읍,2023-08-31,22.7,19.3,27.3,0,1,82.5,6.7,
245,정읍,2023-09-01,23.5,19.5,30.2,,1.4,77.3,9.7,
245,정읍,2023-09-02,23.6,19.3,29.1,3.1,.9,83.4,3.1,
245,정읍,2023-09-03,26.6,22.2,32.2,.3,.7,79.1,5.2,
245,정읍,2023-09-04,26.5,23,32,,1.1,80.3,6.9,
245,정읍,2023-09-05,26.4,22.9,31.5,,1.3,77.3,7.2,
245,정읍,2023-09-06,26,21,31.7,0,1.3,76.9,11.6,
245,정읍,2023-09-07,24.9,19.7,31.2,,1.4,61.9,11.9,
245,정읍,2023-09-08,23.3,17.1,29.3,,1.4,68,11.6,
245,정읍,2023-09-09,23.9,17.8,30.4,,1.2,71.4,10.8,
245,정읍,2023-09-10,24.2,20,30,,.9,74.1,7,
245,정읍,2023-09-11,24.3,20,30.7,,.9,71.1,10,
245,정읍,2023-09-12,24,19.5,29.8,,.9,72.6,5.8,
245,정읍,2023-09-13,20.9,19.8,22.7,18.7,1.1,90,0,
245,정읍,2023-09-14,22.1,19.8,24.6,16,.8,89.9,0,
245,정읍,2023-09-15,23.3,21.7,28.2,50,.9,91.1,.8,
245,정읍,2023-09-16,23.8,22.5,28.5,44.6,1,90.6,1.4,
245,정읍,2023-09-17,24.3,21.8,29.2,14.1,.8,86.1,3.9,
245,정읍,2023-09-18,24.5,21,29.9,,.8,79.6,11.2,
245,정읍,2023-09-19,23.8,19.9,29.1,,.8,79.1,8.1,
245,정읍,2023-09-20,23.2,21.1,26.4,36.1,2.1,87.4,0,
245,정읍,2023-09-21,19.7,17.6,21.9,2.7,1.6,87.8,0,
245,정읍,2023-09-22,19.1,15.6,24.8,,1.1,80.4,8.1,
245,정읍,2023-09-23,19.4,14.6,25.3,,1,76.8,4.2,
245,정읍,2023-09-24,20.8,14,27.9,,1.3,66,9,
245,정읍,2023-09-25,21.6,18,26.4,.7,1,77.3,.8,
245,정읍,2023-09-26,22.4,20,25,2.4,1.5,85.4,.1,
245,정읍,2023-09-27,22.3,20.1,25.9,0,1.8,82.1,.6,
245,정읍,2023-09-28,21.8,19.6,27,.2,1.2,79.5,6.3,
245,정읍,2023-09-29,19.9,16.9,25.3,,.8,78.9,2,
245,정읍,2023-09-30,18.6,14.9,23.6,9.9,1.2,78.3,6.6,
247,남원,2023-05-20,19.6,13.7,27,,1.8,72.5,9.5,
247,남원,2023-05-21,18.1,13.1,25.5,,1.3,76.9,8.2,
247,남원,2023-05-22,15.3,12.7,19.3,.1,1.1,80.5,1.7,
247,남원,2023-05-23,17.6,9.8,25.3,,1.7,63.6,12.2,
247,남원,2023-05-24,18.6,11.1,25.6,,1.9,60,4.5,
247,남원,2023-05-25,20,15.3,26.2,,1.6,57.6,3.2,
247,남원,2023-05-26,20.1,15,24.5,,1.2,68.3,1.1,
247,남원,2023-05-27,22,18,27,0,2.8,69.4,2.5,
247,남원,2023-05-28,22.2,20.2,23.6,1,1.5,86.3,0,
247,남원,2023-05-29,21.3,20.4,22,69.6,1.2,97.1,0,
247,남원,2023-05-30,22.4,19.4,27.1,.2,1.8,81.1,3.2,
247,남원,2023-05-31,22,17.5,28.1,.4,2.2,62.3,10.4,
247,남원,2023-06-01,18,15.8,20.8,5.6,.9,89.5,.1,
247,남원,2023-06-02,22.2,18.5,28.1,1.4,1.4,75.5,10.4,
247,남원,2023-06-03,20.9,15.8,27.9,,1.7,67.3,10.2,
247,남원,2023-06-04,20.6,13.4,28.3,,1.6,58,10.8,
247,남원,2023-06-05,19.9,16.1,24.8,,1.2,68.9,1.1,
247,남원,2023-06-06,20.9,15.3,28.4,,1.3,68.9,11,
247,남원,2023-06-07,21.5,14,28.1,,1.6,68,10.3,
247,남원,2023-06-08,22.4,17.8,28.9,,2.3,67.3,7.4,
247,남원,2023-06-09,23.6,17.3,30.2,.2,1.3,60.6,9.6,
247,남원,2023-06-10,22.9,18.4,31.1,0,1.9,68.9,8.3,
247,남원,2023-06-11,23.3,19,30,.4,1.3,75.8,5.2,
247,남원,2023-06-12,23.9,18.9,30.7,,1.2,71.6,9.8,
247,남원,2023-06-13,23.3,18.3,29.1,,1.3,64,9.4,
247,남원,2023-06-14,20.8,15.9,28.8,1.2,1.8,74.9,9.6,
247,남원,2023-06-15,21.5,14.9,28,,1.4,67.6,12.9,
247,남원,2023-06-16,24.1,15.3,31.7,,1.5,64.9,13.2,
247,남원,2023-06-17,24.8,18.4,32.4,,1.5,66.6,8.9,
247,남원,2023-06-18,25.4,19,33.5,,1.4,61.3,10.8,
247,남원,2023-06-19,26.6,18.9,33.5,,1.8,63,9.9,
247,남원,2023-06-20,24.6,20.1,29.5,2.2,2.4,60,4.7,
247,남원,2023-06-21,21.9,19.8,25,1.5,1.3,85.8,.6,
247,남원,2023-06-22,22,18.9,27.7,,1.4,74.9,5.6,
247,남원,2023-06-23,24.3,16.8,31.9,,1.7,70,11.2,
247,남원,2023-06-24,25.3,20.6,31.3,,1.5,68.9,6.7,
247,남원,2023-06-25,22.6,19.4,28.5,11.3,1.3,83.1,2.2,
247,남원,2023-06-26,24,20.8,27.3,100.3,1.5,93.5,0,
247,남원,2023-06-27,25.6,20.1,30.5,54,2.2,81.6,2.6,
247,남원,2023-06-28,23,18.7,27.4,,1.7,88.8,1.3,
247,남원,2023-06-29,,22.8,26.6,72.1,1.7,,0,
247,남원,2023-06-30,24,22.7,26,22.8,.9,95.9,0,
247,남원,2023-07-01,26.3,22.3,31.8,0,1.4,82.3,6.3,
247,남원,2023-07-02,27,22.7,33.3,,1.4,77.6,6.8,
247,남원,2023-07-03,27.2,22.2,31.8,,1.1,78.9,4,
247,남원,2023-07-04,23.9,22.6,25.9,49.6,1,94.3,0,
247,남원,2023-07-05,25.2,21.3,30,24.7,1.8,81.1,7.5,
247,남원,2023-07-06,25.5,19,32.8,,1.3,71.4,7.4,
247,남원,2023-07-07,22,20.6,23.9,45.3,1.8,91.4,0,
247,남원,2023-07-08,25.7,21.2,30.1,.3,1.4,85.8,3.8,
247,남원,2023-07-09,26.8,23.8,30.3,.1,1.5,86.3,.5,
247,남원,2023-07-10,28,24.6,32.7,1.4,1.9,76.8,6.8,
247,남원,2023-07-11,24.1,22.1,29.1,55.9,1.1,95,.5,
247,남원,2023-07-12,26,22.7,29.7,21.7,1.2,89.5,2.2,
247,남원,2023-07-13,25.9,23.6,27.8,12.6,1.9,87.1,0,
247,남원,2023-07-14,25.6,23.9,26.6,63.9,3.7,89.5,0,
247,남원,2023-07-15,25.4,22.9,27.6,94.1,2.5,89.6,0,
247,남원,2023-07-16,24.2,21.9,29.4,53,1,92.1,2.9,
247,남원,2023-07-17,25.1,22.7,31.6,78.9,1.5,90.9,4.2,
247,남원,2023-07-18,23.6,22.8,24.4,78,1.6,98,0,
247,남원,2023-07-19,26.7,22.6,31.9,.9,1.2,82.4,7.1,
247,남원,2023-07-20,27.2,23.1,32.9,,1.2,78.8,7.4,
247,남원,2023-07-21,26.6,22.5,33.6,,1.6,79,11.5,
247,남원,2023-07-22,24.2,21.5,26.8,1.2,1.7,83.4,1.5,
247,남원,2023-07-23,26.9,25.1,29.8,4.3,2.1,83.8,.2,
247,남원,2023-07-24,25.7,22.8,28.7,40.5,1.3,88.9,.5,
247,남원,2023-07-25,26,23.8,30.4,.6,1.4,86.6,2,
247,남원,2023-07-26,26.4,23.4,32.5,1.9,1.6,84.3,5.5,
247,남원,2023-07-27,27.6,22.7,33.9,,1.7,78.1,9.5,
247,남원,2023-07-28,27.4,23.5,32.6,,1.5,79.6,5.8,
247,남원,2023-07-29,28.2,23,34.7,,1.3,75.6,9.8,
247,남원,2023-07-30,26.9,23.3,32.8,0,1.2,82.8,6.3,
247,남원,2023-07-31,27.4,22.3,34.5,,1.6,77.8,10.1,
247,남원,2023-08-01,28.6,23.1,34.8,,1.5,75.1,7.9,
247,남원,2023-08-02,28.9,23.2,36.1,16.2,1.7,74.3,12.4,
247,남원,2023-08-03,28.9,24.2,34.9,,1.5,77.3,10.1,
247,남원,2023-08-04,28.9,23.9,34.3,,1.3,77.6,9.3,
247,남원,2023-08-05,29.7,24,36.1,,1.3,77.1,12,
247,남원,2023-08-06,30.4,25.3,35.9,,1.7,73.8,11.3,
247,남원,2023-08-07,29,25.8,37,,1.8,76,8.9,
247,남원,2023-08-08,30.4,25.3,35.8,,3,67.9,12.1,
247,남원,2023-08-09,26.4,24.1,28.8,19.2,3.2,82.4,.1,
247,남원,2023-08-10,22.7,21.6,24.1,84.6,2.4,95.5,0,
247,남원,2023-08-11,26.6,21.9,31.7,0,1.8,77.9,7,
247,남원,2023-08-12,26.1,23.3,31.5,0,1,80.9,4.8,
247,남원,2023-08-13,27,22.1,32.2,,1.2,77.5,4.7,
247,남원,2023-08-14,28.4,24.3,34.3,0,1.2,74.6,8.7,
247,남원,2023-08-15,28,23.3,33.9,,1.3,78,9.6,
247,남원,2023-08-16,28,25.3,32.8,,1.2,75.8,8.1,
247,남원,2023-08-17,26.5,22.8,32.8,4.5,1.2,82.4,5.3,
247,남원,2023-08-18,26.7,23.2,33.1,5.9,1,85.6,5.7,
247,남원,2023-08-19,28,23.9,34,8.5,1.1,84.3,7.6,
247,남원,2023-08-20,28.5,24.8,34,0,1.4,81.4,6.4,
247,남원,2023-08-21,28.3,24.2,33.7,,2,75.9,10.5,
247,남원,2023-08-22,27.2,23.7,33,0,2.3,79.1,5.8,
247,남원,2023-08-23,27,24,32,28.7,2,83.6,4,
247,남원,2023-08-24,25.1,23.8,28.5,18.3,1.1,94.8,.7,
247,남원,2023-08-25,25.7,21.6,31.1,,1.2,81.1,7.5,
247,남원,2023-08-26,24.8,19.2,32.2,,,79.9,,
247,남원,2023-08-27,26.3,20.6,32.4,,1.3,77.9,8.5,
247,남원,2023-08-28,26.7,23.7,30.1,.9,1.6,78.1,2.2,
247,남원,2023-08-29,25.8,23.2,28.6,15.3,1.6,90.1,0,
247,남원,2023-08-30,21.8,21.2,23.2,92.1,.6,98,0,
247,남원,2023-08-31,24.6,20.6,29.5,,1,79.6,6.4,
247,남원,2023-09-01,24.5,20.8,30.5,,1,75.9,7.5,
247,남원,2023-09-02,23.8,20.6,27.3,.1,1.3,83,1.4,
247,남원,2023-09-03,26,21.3,32,2.5,1.4,84.3,6.9,
247,남원,2023-09-04,25.6,22.8,32.2,1.7,1.2,87.9,6.4,
247,남원,2023-09-05,26.7,22.3,32.1,,2.1,71.8,9.4,
247,남원,2023-09-06,25.6,20.3,32,,1.9,71.1,10.4,
247,남원,2023-09-07,24.5,19.9,30.3,,2.7,60.4,12,
247,남원,2023-09-08,23.5,17.3,29.7,,1.8,69,12.1,
247,남원,2023-09-09,23.9,17.4,30.9,,1.4,73.4,9.7,
247,남원,2023-09-10,24,19.7,30.4,,1.6,75,8.1,
247,남원,2023-09-11,24.7,19.4,31.3,,1.4,72.8,10.6,
247,남원,2023-09-12,24.3,19.8,29.6,,1.2,76.3,2,
247,남원,2023-09-13,23,20.5,26,2,.9,87,0,
247,남원,2023-09-14,22.6,20.4,26.4,9.2,.9,93.4,.4,
247,남원,2023-09-15,23.4,21.2,28,31.6,1.6,90.6,1.4,
247,남원,2023-09-16,23.2,21.8,27.4,27.5,1.4,93.4,.1,
247,남원,2023-09-17,24.6,21.3,28.8,6,1.1,86.1,2,
247,남원,2023-09-18,24.9,21.4,30.6,,1.1,82.1,8.4,
247,남원,2023-09-19,23.9,21,29.1,,1,81.1,6.2,
247,남원,2023-09-20,22.9,20,26.6,12.6,1.8,90.1,0,
247,남원,2023-09-21,20.8,18.9,26,6.8,1,96.4,0,
247,남원,2023-09-22,20.7,16.5,26.4,,1.1,80.6,7.6,
247,남원,2023-09-23,19.8,14.3,25.5,,2.3,72,3.4,
247,남원,2023-09-24,21.7,19,26.4,,4.6,60,9.9,
247,남원,2023-09-25,22.5,19.6,26.9,0,2.4,71,2.1,
247,남원,2023-09-26,21.8,20.8,23.1,1.9,1.2,93.5,0,
247,남원,2023-09-27,22.1,20.4,25.3,.5,.8,87.5,.3,
247,남원,2023-09-28,21.7,17.8,27,.8,1.1,84.5,4.9,
247,남원,2023-09-29,20.3,15,26.6,,1.1,82.1,5.7,
247,남원,2023-09-30,18.6,15,24.1,3.9,1.1,81.3,6,
248,장수,2023-05-20,17.6,10,25.4,,1.3,79.4,9.9,
248,장수,2023-05-21,16.8,11.7,24.4,,1.4,77.8,8.8,
248,장수,2023-05-22,13.5,10.9,19.2,.4,.8,80.8,1.2,
248,장수,2023-05-23,15,7.9,22.8,0,1.2,71.3,8.2,
248,장수,2023-05-24,16.4,7.9,23.8,,1,65.1,5.7,
248,장수,2023-05-25,17.3,13,23.9,,1.1,65.8,4.2,
248,장수,2023-05-26,17.9,12.9,23.7,0,1.1,72.1,2.4,
248,장수,2023-05-27,20.2,16.5,24.6,,1.6,72.6,.3,
248,장수,2023-05-28,20.1,18,21.8,18.3,1.7,90.3,0,
248,장수,2023-05-29,20.1,18.9,21.4,104.9,1.1,98.6,0,
248,장수,2023-05-30,21.1,17.3,25.9,.6,1.4,79,5.1,
248,장수,2023-05-31,19.5,14.1,26.4,,1.1,70.9,12,
248,장수,2023-06-01,17.7,12.4,21.2,1.1,.9,84.3,.1,
248,장수,2023-06-02,20.7,15.5,26.3,1.2,2.1,74.9,10,
248,장수,2023-06-03,19.2,13.9,25.8,,1.8,67,10.8,
248,장수,2023-06-04,18.7,12,26,,1.4,59.8,10.4,
248,장수,2023-06-05,17.5,13,23.3,,1.2,74,3.6,
248,장수,2023-06-06,18.8,12.8,26.6,,1.4,72.3,10.9,
248,장수,2023-06-07,19.5,11.4,26.2,,1.3,74.5,11,
248,장수,2023-06-08,21.1,15.7,27,,1.9,65.6,8.1,
248,장수,2023-06-09,21.4,16.7,27.7,,1.5,62.1,10.6,
248,장수,2023-06-10,21.7,15.5,29.9,.2,1.8,69,6.5,
248,장수,2023-06-11,20.2,14.7,27.5,9,1.2,83.9,7.6,
248,장수,2023-06-12,21.8,17.4,27.5,,1.2,75.8,10.1,
248,장수,2023-06-13,20.5,15.6,26.3,,1.3,73.8,9.2,
248,장수,2023-06-14,18.6,13.2,26.4,0,1.1,79,8.8,
248,장수,2023-06-15,18.8,12,25.3,,1.2,75.5,8.6,
248,장수,2023-06-16,21.4,13.1,29.6,,1,71.9,11.4,
248,장수,2023-06-17,22.8,15.2,30.9,,1.1,72.3,9.3,
248,장수,2023-06-18,23.3,16.8,31.3,,1.4,69.5,11,
248,장수,2023-06-19,23.9,16.2,30.6,,1.4,70,10.8,
248,장수,2023-06-20,22.5,16.3,28,.6,1.4,61.5,5.6,
248,장수,2023-06-21,21,19.2,23.3,1.4,1.7,84.1,.4,
248,장수,2023-06-22,20.1,16.9,25.2,.1,1.3,80.3,5.1,
248,장수,2023-06-23,23.2,15.4,30.1,,1.3,70.3,11.8,
248,장수,2023-06-24,23.4,18.2,30.2,,1,73.6,5.3,
248,장수,2023-06-25,21.7,16.2,28.3,13.2,1,78.3,4,
248,장수,2023-06-26,22.8,19.9,25.5,162.1,1.7,92.9,0,
248,장수,2023-06-27,24.1,19.4,28.5,24.2,2.6,79.8,6.3,
248,장수,2023-06-28,22.1,18,25.3,51.1,1.5,88.3,.7,
248,장수,2023-06-29,23.9,22.8,25.1,35.7,2.2,87.9,0,
248,장수,2023-06-30,22.4,21.1,23.9,48.1,1.3,95.8,0,
248,장수,2023-07-01,25.1,21,30.5,,.9,83.3,5,
248,장수,2023-07-02,25.3,20.3,31.4,,.9,80.6,7.3,
248,장수,2023-07-03,25.1,20.8,30.8,,.9,82.9,5,
248,장수,2023-07-04,22.6,20.9,23.7,46.2,1.1,94.8,0,
248,장수,2023-07-05,23.5,20.4,27.4,33.4,2.1,79.8,6.7,
248,장수,2023-07-06,23.3,16.3,30.4,,1.2,74.5,7.2,
248,장수,2023-07-07,20.7,18.9,22.8,44.3,1,91.6,0,
248,장수,2023-07-08,25.5,21.8,29.8,.6,1.5,81.6,5.2,
248,장수,2023-07-09,25.6,21.5,28.7,0,1.7,84.6,1,
248,장수,2023-07-10,26.6,23.8,30.6,.7,2.5,75,7.2,
248,장수,2023-07-11,23.8,21.3,27,60.1,1.8,88.6,.3,
248,장수,2023-07-12,25.5,22.3,29.1,.8,1.5,84.9,5.1,
248,장수,2023-07-13,24.6,22.8,25.5,17.3,1.5,88.8,0,
248,장수,2023-07-14,24,22.9,24.9,163.3,2.9,92,0,
248,장수,2023-07-15,23.7,21.9,25.1,118.5,2.4,91.8,0,
248,장수,2023-07-16,23.5,20.3,27.2,21.2,1.6,89.1,2.9,
248,장수,2023-07-17,23.8,21.7,29.6,60.6,1.5,92.9,2.4,
248,장수,2023-07-18,22.1,21.2,23.3,94,1,100,0,
248,장수,2023-07-19,23.8,20.7,30.3,1.8,1.4,87.9,6.3,
248,장수,2023-07-20,25,20.7,31.5,,.9,84.8,7.3,
248,장수,2023-07-21,24.1,20.4,32.6,,1,89.8,8.2,
248,장수,2023-07-22,22.4,17.5,26.2,.6,1,85.4,2.5,
248,장수,2023-07-23,25.1,23.3,28.4,11.7,2.1,82.4,.2,
248,장수,2023-07-24,24.3,21.3,27.5,58.6,1.4,88.4,.4,
248,장수,2023-07-25,24.1,20.6,27.5,12.7,1.1,88.5,1.5,
248,장수,2023-07-26,23.8,20.4,30.6,12.6,1,89.8,4.2,
248,장수,2023-07-27,25,20.1,31.7,,.9,86.4,5.8,
248,장수,2023-07-28,25.8,20.6,31.8,0,1,82.4,11,
248,장수,2023-07-29,26.1,21,33.3,2.8,.9,81.1,8.7,
248,장수,2023-07-30,25.4,21.4,31.6,,.9,84,6,
248,장수,2023-07-31,25.3,21.3,31.6,0,1,82.8,7.6,
248,장수,2023-08-01,26.3,20.4,32.2,,.8,80,8.7,
248,장수,2023-08-02,25.8,20.4,32.4,0,.9,85.1,7.9,
248,장수,2023-08-03,26.9,21.5,33.4,,1.1,80.6,11.5,
248,장수,2023-08-04,26.6,22.4,31.9,,.7,83.9,5.9,
248,장수,2023-08-05,27.2,22,33.6,,1.1,82.6,9.6,
248,장수,2023-08-06,27.3,22.5,34,,.9,83,8.1,
248,장수,2023-08-07,26.4,23,33.2,0,1,86.6,6.2,
248,장수,2023-08-08,27.3,21.5,33.8,,1.3,76.9,8.3,
248,장수,2023-08-09,24.3,22.6,27.9,25,2.6,87.6,0,
248,장수,2023-08-10,21.4,20.6,23,135.8,3.6,91.6,.3,
248,장수,2023-08-11,24.3,20.5,29.4,4.3,1.8,82,4.1,
248,장수,2023-08-12,23.3,18.9,28.2,1.8,.8,87.9,2.7,
248,장수,2023-08-13,24.8,19.9,29.8,,.6,85.8,3.7,
248,장수,2023-08-14,24.9,21.6,31.2,.9,.8,87.6,6,
248,장수,2023-08-15,25.3,21.2,31.3,,1.3,84.8,7.9,
248,장수,2023-08-16,25.2,21.3,30.4,,.9,84,5.2,
248,장수,2023-08-17,25.2,20.9,30.5,0,1,84.9,6.6,
248,장수,2023-08-18,24.7,22.5,30.4,4,1.1,91.5,3,
248,장수,2023-08-19,25.8,22.7,31.6,1.2,.9,89.6,4,
248,장수,2023-08-20,27,23.8,32,0,1.1,84.5,8.1,
248,장수,2023-08-21,26.5,21.3,32.2,,1.4,79.5,10.8,
248,장수,2023-08-22,24.9,20.5,31.7,3.4,1.3,84.6,5.1,
248,장수,2023-08-23,25.7,22.7,30,13.9,1.1,85.3,3.4,
248,장수,2023-08-24,24.2,22.6,27.4,10.9,.5,95,.7,
248,장수,2023-08-25,23.3,18.5,28.7,.7,1.2,83.3,6.4,
248,장수,2023-08-26,22.6,17.1,30.4,,.9,83,8.2,
248,장수,2023-08-27,23.6,18,30.5,,.8,84.3,6.9,
248,장수,2023-08-28,24.7,21.1,27.8,.3,1.6,81,1.1,
248,장수,2023-08-29,24,22.2,26.7,39.6,1.3,92,.1,
248,장수,2023-08-30,20.9,20,22.6,54.4,1.2,100,0,
248,장수,2023-08-31,22.8,19.4,27.9,,1.7,83.4,5.2,
248,장수,2023-09-01,21.7,17.1,28,,1.4,82.3,7.2,
248,장수,2023-09-02,22.4,16.1,28.1,.2,.8,84.6,2,
248,장수,2023-09-03,24.1,19.3,30.7,16.3,1,87.3,5.8,
248,장수,2023-09-04,23.9,21.1,30.6,6.5,.6,92.8,4.1,
248,장수,2023-09-05,23.5,19.6,29.7,,1.1,84.9,8.2,
248,장수,2023-09-06,22.6,17.8,29.6,,1.3,81.4,9.6,
248,장수,2023-09-07,21,14.5,28.8,,.9,74.5,10.6,
248,장수,2023-09-08,19.8,12.8,28.1,,.8,80.5,10.5,
248,장수,2023-09-09,20.6,13.4,29.2,,.7,82.6,9.6,
248,장수,2023-09-10,21.5,15.5,28.4,,.7,81.1,8.8,
248,장수,2023-09-11,21.8,16.2,28.1,,.6,81,7.9,
248,장수,2023-09-12,21.9,17.5,28.9,,.9,80.9,6.2,
248,장수,2023-09-13,21.4,19.2,24.3,2.9,1.3,93.8,0,
248,장수,2023-09-14,21.5,19,25.1,14,.9,91.5,.6,
248,장수,2023-09-15,21.9,20,25.7,28.2,.9,94.1,.5,
248,장수,2023-09-16,22,19.8,26.6,34.7,.7,95.5,.4,
248,장수,2023-09-17,22.7,19.6,27,3.4,.9,88.8,1.2,
248,장수,2023-09-18,22.1,19.1,28.9,,.9,88.8,6.1,
248,장수,2023-09-19,21.4,18.2,26.9,,.9,85.4,7.2,
248,장수,2023-09-20,20.7,18.1,24,35.6,1,95,0,
248,장수,2023-09-21,19.1,17.4,23.8,4.5,2.1,97,0,
248,장수,2023-09-22,18.4,13.4,24.4,,1,85.9,5.9,
248,장수,2023-09-23,16.8,12.1,23.7,,1.1,82.1,4.4,
248,장수,2023-09-24,18,12.4,24.1,,1.6,72.5,9.3,
248,장수,2023-09-25,19.7,14.9,25.8,.3,.6,83.3,2.1,
248,장수,2023-09-26,20,18.7,21.9,8,.6,96.9,0,
248,장수,2023-09-27,20,18.6,21.8,.9,1,93.5,0,
248,장수,2023-09-28,19.1,14.5,24.9,.4,.9,88.3,4.4,
248,장수,2023-09-29,17.8,13.6,24.5,,.9,83.8,2.7,
248,장수,2023-09-30,16.6,12.8,22.6,9.7,1.2,85,5.2,
251,고창군,2023-05-20,19.6,15.3,26.6,,1.4,79.5,7.8,23.79
251,고창군,2023-05-21,16.8,12.8,21.4,0,1.5,81.6,5.2,17.31
251,고창군,2023-05-22,15.4,11.6,21.2,.4,1.1,82.6,3.4,10.5
251,고창군,2023-05-23,17.5,10.3,25.5,,1.4,67.4,12.1,28.81
251,고창군,2023-05-24,18.4,11.3,25.3,0,1.1,68.5,2.5,19.04
251,고창군,2023-05-25,19.7,15.4,27.3,,1.3,58.1,5.4,21.82
251,고창군,2023-05-26,20.5,15.1,24.6,0,.8,68.1,.1,10.76
251,고창군,2023-05-27,22.8,20.7,27.2,.1,2.5,71,2.3,12.48
251,고창군,2023-05-28,22.2,19.6,24.6,12.1,2.2,88,0,4.94
251,고창군,2023-05-29,20.5,19.6,21.8,66.9,1.3,96.5,0,2.75
251,고창군,2023-05-30,22.3,19.7,27,1,1.5,86.4,2.5,19.1
251,고창군,2023-05-31,22.4,17.7,29.1,.2,1.1,77,8,25.26
251,고창군,2023-06-01,20.1,16.1,22.5,.4,.9,81.1,0,9.12
251,고창군,2023-06-02,20.7,17.1,26.2,.6,2,82.1,7.8,24.44
251,고창군,2023-06-03,19.7,13.6,27,,1.5,68,12.5,30.13
251,고창군,2023-06-04,20.4,13.6,26.9,,1.2,69,8.7,26.15
251,고창군,2023-06-05,19.8,15.6,24.6,,1,74.8,4.2,15.85
251,고창군,2023-06-06,19.6,15,27.2,,1.5,76.1,10.3,28.16
251,고창군,2023-06-07,21,14.5,27.9,,1.2,76,6,23.55
251,고창군,2023-06-08,21.5,17.5,28.7,.6,1.9,75.1,4.6,21.33
251,고창군,2023-06-09,23.8,18.2,30.2,.3,1.5,65.8,8.3,26.34
251,고창군,2023-06-10,23.3,18.3,31.5,.4,2.2,69,3.8,18.83
251,고창군,2023-06-11,22.3,18.5,28.6,0,1.4,80.8,3.6,18.33
251,고창군,2023-06-12,22,16.7,29.4,,1.2,79.1,7.1,24.09
251,고창군,2023-06-13,21.6,16.7,28.4,0,1.3,73.9,9.7,26.39
251,고창군,2023-06-14,21.1,15.3,28.1,0,1.2,73.6,10.3,27.4
251,고창군,2023-06-15,20.9,15.1,27.3,,1.3,71.6,12,28.02
251,고창군,2023-06-16,21.9,14.8,30.4,,1.1,73.4,12.5,28.89
251,고창군,2023-06-17,22,16.5,31.1,,1,71.3,6.9,21.83
251,고창군,2023-06-18,23.5,17.7,31.9,,1.3,65.3,9.9,28.33
251,고창군,2023-06-19,24.1,16.7,33.4,,1.3,70.1,8.9,25.04
251,고창군,2023-06-20,23.1,19.2,28.8,2.2,1.2,74.1,2.2,12.72
251,고창군,2023-06-21,21.8,19.6,23.5,.6,1.7,86.6,.7,6.5
251,고창군,2023-06-22,21.6,18.5,27.4,.1,1.5,81.3,5.9,20.9
251,고창군,2023-06-23,24,17.2,31.3,,1.2,75.5,10.3,27.25
251,고창군,2023-06-24,24.6,20.2,31.6,,1.2,71.3,6.7,22.17
251,고창군,2023-06-25,23.2,19.1,28.7,4.1,1.6,76.4,.3,13.66
251,고창군,2023-06-26,24.6,21.5,26.5,19.6,2.2,89,0,5.52
251,고창군,2023-06-27,26.2,20.5,31.1,,2.3,82,5.3,21.98
251,고창군,2023-06-28,23,19.7,26.1,69.6,2.1,87.8,0,6.94
251,고창군,2023-06-29,24.9,23.5,27.1,12.4,2.6,90,0,4.77
251,고창군,2023-06-30,23.8,22.7,25.5,11.6,.8,93.8,0,3.85
251,고창군,2023-07-01,24.9,22.3,30.5,3.1,.9,89.4,3.1,14.64
251,고창군,2023-07-02,26.1,22.7,31.7,,1.1,84.3,4,18.88
251,고창군,2023-07-03,26.7,23,31,,1.3,83.9,.9,16.54
251,고창군,2023-07-04,25,23.3,26.1,14.8,2.2,86.4,0,5.4
251,고창군,2023-07-05,24.8,21.2,28.8,25.9,2.1,80.5,7,21.29
251,고창군,2023-07-06,26.5,20.2,32.9,,1.1,72.9,6.9,24.96
251,고창군,2023-07-07,24,21.2,25.1,27.3,1.9,87,0,3.09
251,고창군,2023-07-08,26.7,24.1,31.4,.1,1.2,84.9,2.5,18.37
251,고창군,2023-07-09,27.5,24.8,31.7,.2,1.9,86.5,2.2,12.07
251,고창군,2023-07-10,27.7,24,32.2,1.5,2.3,77.5,6.2,21.36
251,고창군,2023-07-11,24.9,22.3,27.7,15.1,1.6,90.5,0,4.36
251,고창군,2023-07-12,26.1,23.8,29.4,2.9,1.1,90.1,1.2,9.84
251,고창군,2023-07-13,25.9,24.7,27.2,8.8,2.5,90.4,0,3.44
251,고창군,2023-07-14,25.3,24.2,26.7,103,3.9,91.8,0,1.47
251,고창군,2023-07-15,24.8,23.2,26.1,67.5,2.6,93.1,0,2.82
251,고창군,2023-07-16,24.5,22.4,28,10.7,.9,89.9,.8,9.66
251,고창군,2023-07-17,26.1,23,31.7,40.6,1.6,87.6,4.7,20.3
251,고창군,2023-07-18,23.9,23.2,25,48.2,1.5,95.3,0,4.62
251,고창군,2023-07-19,25.6,22.5,31.5,.2,1.6,84.3,6.1,21.53
251,고창군,2023-07-20,25.2,20.9,31.6,,.8,86.3,4.6,19.69
251,고창군,2023-07-21,27.2,21.6,33.3,,1.3,74.4,9.9,26.37
251,고창군,2023-07-22,25.1,21.9,27.1,16.6,2.6,81.3,0,3.26
251,고창군,2023-07-23,25.8,24.2,27.7,72.3,2.8,88.9,0,3.82
251,고창군,2023-07-24,25.6,22.1,29.7,41.4,1.4,87.4,1.9,14.82
251,고창군,2023-07-25,27,23.9,30.7,16.7,1.4,82.8,2.9,16.95
251,고창군,2023-07-26,26.6,23,32.5,4,1.5,83.8,5.1,20.18
251,고창군,2023-07-27,27.8,23,33.2,,1,80,5.5,19.45
251,고창군,2023-07-28,27.7,24,32.9,,1.2,78.6,4.9,19.7
251,고창군,2023-07-29,28.4,23.8,34.4,5.3,1.2,75.9,8.6,23.63
251,고창군,2023-07-30,27.2,23.3,33.7,0,1,81.6,7.7,22.17
251,고창군,2023-07-31,28.3,23.1,33.4,,1.2,77.6,8.2,20.53
251,고창군,2023-08-01,29,24.1,35.5,1.2,.7,78.6,8.7,24.18
251,고창군,2023-08-02,28.6,24.7,34.5,0,.9,79.3,8.4,21.3
251,고창군,2023-08-03,29,23.7,35.5,,.9,74,8.7,23.83
251,고창군,2023-08-04,29.1,24.1,35,,.8,75.1,7,20.31
251,고창군,2023-08-05,29.3,24.1,35.4,,1.5,74.5,11.6,27.25
251,고창군,2023-08-06,29.1,24.7,35.3,.5,1.6,77.6,10.3,24.68
251,고창군,2023-08-07,28.4,25,35,,1.1,82.3,7.8,22.45
251,고창군,2023-08-08,29.5,24.3,36,,1.3,75.4,10.3,25.29
251,고창군,2023-08-09,27.3,24.1,32,.5,2.4,80.1,0,10.17
251,고창군,2023-08-10,23.2,21.6,24.6,52.6,4,88,.1,5.25
251,고창군,2023-08-11,26,23.1,31.2,0,1.8,81.5,2.9,16.99
251,고창군,2023-08-12,25.9,22.4,30.8,.1,.9,81.1,4.2,15.29
251,고창군,2023-08-13,27.4,22.5,33.6,,.9,76.8,8.4,23.89
251,고창군,2023-08-14,27.3,23.7,33.5,8.5,1,81.6,4.5,17.84
251,고창군,2023-08-15,27.1,22.7,32.4,,1.1,80.9,7.3,21.44
251,고창군,2023-08-16,26.9,23.1,32.6,,1.1,78,9.7,24.85
251,고창군,2023-08-17,26.7,21.2,32.9,,1,77.9,8.3,23.75
251,고창군,2023-08-18,27.3,22.6,33.1,.6,1.1,77.9,7.2,20.76
251,고창군,2023-08-19,27.7,24.7,32.7,,1,80,7.1,20.48
251,고창군,2023-08-20,27.8,23.2,34.1,,.9,77,7.9,22.1
251,고창군,2023-08-21,28.8,23.6,33.7,,1.9,73,9.7,23.93
251,고창군,2023-08-22,28,25.1,33,11.9,2.8,78.1,5.4,20.19
251,고창군,2023-08-23,24.9,22.7,28.7,84.6,1.3,91.3,0,3.82
251,고창군,2023-08-24,25.2,23.2,28.7,2.5,.6,90.6,.2,7.07
251,고창군,2023-08-25,25.9,21.3,31.1,,1.4,80.1,7.4,21.93
251,고창군,2023-08-26,24.9,19.7,31.1,,1.5,77.9,9.4,23.34
251,고창군,2023-08-27,26,20.7,32.4,,.8,79.6,5.2,17.29
251,고창군,2023-08-28,27.2,23.8,30.7,1,2.2,77.1,1.9,13.84
251,고창군,2023-08-29,25.3,23.2,28,13.9,1.8,90,0,4.78
251,고창군,2023-08-30,21.5,19.2,23.7,12.1,.8,92,0,4.75
251,고창군,2023-08-31,22.7,18.7,27.6,.2,1.3,81.4,4.4,19.64
251,고창군,2023-09-01,23.7,18.8,30.3,,1.6,78.6,9.2,22.58
251,고창군,2023-09-02,23.9,19.7,27.2,1.6,1,85,1.2,11.57
251,고창군,2023-09-03,27,23,32.1,,1.1,79.3,5.2,17.66
251,고창군,2023-09-04,26.9,22.8,32.7,,1,82.4,5.8,18.21
251,고창군,2023-09-05,26.5,22.5,31.8,,1.2,80.8,6,20.07
251,고창군,2023-09-06,26.1,21.1,32.2,,1.3,79,10.7,23.7
251,고창군,2023-09-07,25.5,20.1,31.4,,1.1,62.4,10.7,24.27
251,고창군,2023-09-08,23.6,17.6,30,,1.5,66.9,10.9,24.24
251,고창군,2023-09-09,23.9,17.7,30.9,,.9,74.6,10.5,23.4
251,고창군,2023-09-10,24.1,19.5,29.7,,.8,76.5,6,17.42
251,고창군,2023-09-11,24.3,19.4,31.2,,.9,73.1,9.7,21.58
251,고창군,2023-09-12,23.4,18.5,29,,.7,77.6,2.4,14.31
251,고창군,2023-09-13,21,19.8,23.1,23.1,1.9,88.1,0,4.41
251,고창군,2023-09-14,21.8,19.7,24.9,11.5,1.2,90.9,0,7.2
251,고창군,2023-09-15,23.6,21.6,27.7,55.3,1,92,.4,7.03
251,고창군,2023-09-16,24.1,22.7,29.2,40.3,.9,91.1,1,6
251,고창군,2023-09-17,24.3,21.6,29.2,9.4,.6,88.9,2.5,13.43
251,고창군,2023-09-18,24.2,20.2,30.2,,.9,82.6,9.2,21.08
251,고창군,2023-09-19,23.5,20,29.3,,.7,81.4,6.7,17.55
251,고창군,2023-09-20,23.2,20.3,26.1,32.9,1.8,90.3,0,2.53
251,고창군,2023-09-21,19.6,17.2,23.5,2.7,1.7,90.3,0,5.31
251,고창군,2023-09-22,18.9,14.8,25.3,,1.2,81,6.7,19.09
251,고창군,2023-09-23,19.5,14.6,24.9,,1.1,77.4,1.2,12
251,고창군,2023-09-24,21,14.1,28.1,,1.6,68.5,8.7,19.02
251,고창군,2023-09-25,21.8,18.5,27.5,1.1,1.4,77.9,.9,10.92
251,고창군,2023-09-26,22.6,20,25.7,3.8,1.4,87.3,.2,5.39
251,고창군,2023-09-27,21.8,19.6,25.2,1,1.2,90.1,.5,9.39
251,고창군,2023-09-28,21.2,18.1,26.6,.3,.9,86.1,4.8,13.87
251,고창군,2023-09-29,19.6,15.3,24.7,,.8,80.9,2.7,13.62
251,고창군,2023-09-30,18.4,15.3,23.8,7.5,1.1,81.6,6.4,16.08
252,영광군,2023-05-20,18.8,15.5,25.8,,1.7,80.8,10.3,27.68
252,영광군,2023-05-21,16.2,13.1,20.1,,1.4,84.4,1.1,14.22
252,영광군,2023-05-22,15.6,12.3,20.3,.2,1.2,82.3,2.8,11.64
252,영광군,2023-05-23,17,10.4,24,,1.4,69,12.5,30.19
252,영광군,2023-05-24,18.7,11.8,24.6,,1.2,65.8,4.1,20.11
252,영광군,2023-05-25,19.1,15,26.5,,1.1,62.9,5.7,22.19
252,영광군,2023-05-26,20.6,14.6,24.5,,1.2,68.9,.9,12.61
252,영광군,2023-05-27,22.8,20.7,27.5,.1,3.1,72.6,1.5,12.81
252,영광군,2023-05-28,22.4,20.2,24.8,4.5,3,87.4,0,5.67
252,영광군,2023-05-29,20.3,19.6,22,64.7,1.7,95.4,0,2.28
252,영광군,2023-05-30,21.6,19.7,25.3,1.9,1.5,86.4,.3,11.44
252,영광군,2023-05-31,21.5,18,26.5,.9,1.2,79.9,8,24.27
252,영광군,2023-06-01,19.9,16.3,22.3,1.9,1.4,86.4,.1,9.85
252,영광군,2023-06-02,20.1,17.5,24.1,.4,2.1,83.8,7.2,24.93
252,영광군,2023-06-03,20.2,15,26,,1.6,68.5,13,31.09
252,영광군,2023-06-04,20.3,14.3,25,,1.5,70.9,8.4,25.1
252,영광군,2023-06-05,20,16.4,24.5,,1.1,72.4,2.8,15.55
252,영광군,2023-06-06,19.4,15.6,25.3,,1.4,77.1,11.3,28.18
252,영광군,2023-06-07,20.6,15.1,26.3,,1.9,76.9,7.4,23.79
252,영광군,2023-06-08,22.2,18.1,29.1,0,2.3,71.9,6.5,22.23
252,영광군,2023-06-09,23.5,18.7,30.2,0,1.8,68.8,9.2,28.26
252,영광군,2023-06-10,23,18.7,31.9,0,2.5,68.1,5,20.2
252,영광군,2023-06-11,22.2,18.9,26.7,0,1.4,80.3,4.5,18.54
252,영광군,2023-06-12,22,18.5,27.2,,1.3,77.5,8.1,26.79
252,영광군,2023-06-13,21.8,17.5,28.2,,1.2,74.6,9.5,26.18
252,영광군,2023-06-14,21,16.7,26.9,,1.2,75.3,10.7,27.45
252,영광군,2023-06-15,20.9,16.1,26.2,,1.3,72.9,,
252,영광군,2023-06-16,21.9,15.6,28.2,,1,77.3,10.7,29.54
252,영광군,2023-06-17,22.3,17.1,29.2,,1.2,74.4,7.1,22.64
252,영광군,2023-06-18,23.1,18.8,29.1,,1.3,69,9.3,27.92
252,영광군,2023-06-19,24.3,17.8,32.2,,1.6,72.5,8.4,25.84
252,영광군,2023-06-20,23,19.4,28.2,3.1,1.9,73.8,3.4,12.1
252,영광군,2023-06-21,21.4,19.5,23.2,.7,2.1,89.8,.4,6.78
252,영광군,2023-06-22,21.7,18.7,26.1,.2,1.1,82.3,2.2,18.19
252,영광군,2023-06-23,23.7,18.1,29.3,,1.1,78.6,9.5,27.73
252,영광군,2023-06-24,24.9,21.5,31.1,,1.7,72,6.3,23.93
252,영광군,2023-06-25,22.9,19.7,28,2.1,2.3,79.6,1.2,13.1
252,영광군,2023-06-26,24.1,21.5,25.7,19.6,3.6,92.9,0,4.86
252,영광군,2023-06-27,24.9,20,30.2,41.1,2.8,84.8,3.7,20.45
252,영광군,2023-06-28,23,19.6,25.3,43.5,2.6,90.9,0,7.88
252,영광군,2023-06-29,25,23.6,26.4,11.8,3.4,90.5,0,4.55
252,영광군,2023-06-30,23.9,22.6,25.5,12.1,1.7,92.1,0,5.17
252,영광군,2023-07-01,24.4,22.1,30.2,2.7,1,88.4,3.1,16.39
252,영광군,2023-07-02,25.8,22.2,30.7,,,85.8,3.6,20.05
252,영광군,2023-07-03,26.7,23.6,31.2,,1.7,84.1,1.3,17.53
252,영광군,2023-07-04,24.7,23,25.8,13,2.6,90,0,7.42
252,영광군,2023-07-05,24.9,22.5,28.2,31.1,2.4,81.4,6.4,22.82
252,영광군,2023-07-06,26.3,22,32.7,,2.4,74.9,8,26.17
252,영광군,2023-07-07,23.8,21.1,25.7,27,2.5,89.4,0,2.06
252,영광군,2023-07-08,26.5,24,30.9,,1.9,84.8,3.1,21.04
252,영광군,2023-07-09,27.1,25.1,31.3,.3,2.8,86,1.9,13.56
252,영광군,2023-07-10,27.3,23.6,32,1.8,2.6,79.1,7.3,23.44
252,영광군,2023-07-11,25,22.3,27.3,25.9,2.6,91.5,0,3.39
252,영광군,2023-07-12,,24.2,28.2,.3,2.2,,0,5.1
252,영광군,2023-07-13,26.2,24.6,27.2,17.6,3.1,89.9,0,2.52
252,영광군,2023-07-14,25.6,24.5,26.6,88.3,5.3,89.9,0,2.68
252,영광군,2023-07-15,24.6,23.1,25.7,72.1,3.3,93,0,2.34
252,영광군,2023-07-16,24.1,22.6,27.3,12.1,1.8,90.9,.2,8.43
252,영광군,2023-07-17,26,22.7,32.4,51.7,2.2,88.3,4.9,21.32
252,영광군,2023-07-18,24.3,23.5,25.4,39.8,.9,95.5,0,4.19
252,영광군,2023-07-19,25.3,22.5,29.1,.3,1.4,85.3,7.6,22.82
252,영광군,2023-07-20,25.3,21.2,30,,.9,84.6,5.6,22.54
252,영광군,2023-07-21,27.3,21.1,33.3,,1.7,72.1,9.3,26.27
252,영광군,2023-07-22,24.2,21.6,26.3,24.1,2.9,87.5,0,2.81
252,영광군,2023-07-23,25.8,23.6,27.6,69.5,2.8,90.6,0,2.83
252,영광군,2023-07-24,25.5,21.8,29.9,31.3,2.1,89,1.8,14.3
252,영광군,2023-07-25,27.4,24.2,31.8,2.5,1.8,81.8,3.3,18.7
252,영광군,2023-07-26,26.1,23.6,31.5,18.6,1.4,89.1,4.2,14.81
252,영광군,2023-07-27,26.9,23.2,32.7,1,1,87.5,4.7,19.02
252,영광군,2023-07-28,27.5,24,33,,1.3,81.6,2.6,17.94
252,영광군,2023-07-29,28,24,34.3,2.4,1.1,80,8.5,24.53
252,영광군,2023-07-30,27.4,23.3,33.7,2.5,1,82,8.7,24.54
252,영광군,2023-07-31,27.5,23.3,32.8,2.2,1,81.6,9.9,25.69
252,영광군,2023-08-01,28.7,24.2,34,,.8,81.8,9,23.09
252,영광군,2023-08-02,28.5,24.7,33.8,,.9,79.6,11.1,25.42
252,영광군,2023-08-03,29.1,24.2,35.3,,.8,75.6,9.1,26.37
252,영광군,2023-08-04,29,24.7,34,,.9,77.1,9,21.79
252,영광군,2023-08-05,28.9,24.5,34.7,,1.4,78.3,11.8,26.59
252,영광군,2023-08-06,28.9,24.7,33.8,,1.4,77.3,11.5,26.7
252,영광군,2023-08-07,28.3,25.1,33.5,1.2,1.1,82.5,9.3,25.37
252,영광군,2023-08-08,29.1,24.9,34.7,1.5,1.3,78.9,11.2,28.03
252,영광군,2023-08-09,27.4,25,31.1,.1,1.2,82.5,1.8,11.34
252,영광군,2023-08-10,23.9,22.7,25.3,11.3,3.3,87,0,7.13
252,영광군,2023-08-11,26.5,23.5,31.3,,2,80.8,4,19.04
252,영광군,2023-08-12,26.7,23,31.5,,1.4,79.9,7.8,19.87
252,영광군,2023-08-13,27.6,22.8,33.4,,1.1,78.4,10.5,25.2
252,영광군,2023-08-14,27.6,24.1,32.5,,1,81.3,5.4,18.45
252,영광군,2023-08-15,27.3,23.6,31.8,,1.3,81.1,8.6,21.21
252,영광군,2023-08-16,26.8,23.5,32,,1.1,81.4,8.9,22.65
252,영광군,2023-08-17,26.8,22.1,32.2,,1,79.8,10.1,24.65
252,영광군,2023-08-18,27.6,23.5,32.7,,1.2,76,10.1,25.17
252,영광군,2023-08-19,27.7,24.8,32,,1.3,76.3,11.2,24.85
252,영광군,2023-08-20,28.1,23.8,33.7,,.9,75,11.3,26.37
252,영광군,2023-08-21,28.8,24.1,34.1,,2.2,74.3,6.9,19.75
252,영광군,2023-08-22,28,24.5,33.6,30.3,2.7,80.4,3.6,16.23
252,영광군,2023-08-23,24.9,23.2,29,75,1.6,93.1,0,4.51
252,영광군,2023-08-24,25.7,23.3,29.1,2.4,.9,88.3,1.7,12.77
252,영광군,2023-08-25,26.1,22.3,30.3,,1.2,80.1,9.9,23.61
252,영광군,2023-08-26,24.8,20.8,30.6,,1.4,82,9.4,23.53
252,영광군,2023-08-27,26,21,32.3,,1,80.3,7.8,22.23
252,영광군,2023-08-28,27,23.9,31,3.3,2.2,81.6,2,14.34
252,영광군,2023-08-29,25.3,23.2,28.4,7.3,1.7,89.9,0,5.28
252,영광군,2023-08-30,21.2,19,23.2,10.7,.8,92.1,0,4.3
252,영광군,2023-08-31,22.5,18.7,27,,1.5,84.8,5.8,20.17
252,영광군,2023-09-01,23.6,18.6,30.2,,1.5,78.5,10.4,24.06
252,영광군,2023-09-02,24.1,20.1,28.5,1.7,1,85.3,2,13.42
252,영광군,2023-09-03,26.8,23.1,32.3,3.2,1.2,83.3,5.9,19.79
252,영광군,2023-09-04,26.7,22.9,32.2,,1.1,82,8.5,21.62
252,영광군,2023-09-05,26.5,23.5,31.3,,1,82.6,6.8,19.31
252,영광군,2023-09-06,26,21.3,31.3,,1.3,80.1,11.6,24.32
252,영광군,2023-09-07,25.3,20.8,31.3,,.8,69.3,11.8,24.92
252,영광군,2023-09-08,23.3,17.8,29.4,,.9,70.6,11.7,24.76
252,영광군,2023-09-09,23.9,18.3,29.6,,.9,75.6,10.8,23.19
252,영광군,2023-09-10,24.2,19.7,29.3,,.8,78.9,7.6,19.37
252,영광군,2023-09-11,24.5,19.7,30.5,,.9,74.6,9,21.45
252,영광군,2023-09-12,23.7,19.7,28.6,,.9,77.5,1,13.03
252,영광군,2023-09-13,21.2,19.7,22.9,28.2,1.1,90,0,3.7
252,영광군,2023-09-14,22.4,19.8,26.2,8.7,1,89.8,.9,10.44
252,영광군,2023-09-15,,,28.3,56.4,1,93,1,8.72
252,영광군,2023-09-16,24.2,22.7,28.2,26.9,.9,92.4,.9,5.73
252,영광군,2023-09-17,24.7,22,29.2,.3,.9,86,7.6,18.75
252,영광군,2023-09-18,24.5,20.6,30,,1,83.9,10.7,23.81
252,영광군,2023-09-19,23.2,20.1,28.7,,.6,82.8,5.1,15.19
252,영광군,2023-09-20,23.5,20.2,26.7,25.9,2.3,91.1,0,2.18
252,영광군,2023-09-21,20.4,17.7,23.7,2.3,1.8,87.8,.3,8.26
252,영광군,2023-09-22,19.3,14.8,24.7,,1.3,82.3,9.2,20.52
252,영광군,2023-09-23,19.7,14.8,25.6,,.8,79.6,2.4,12.06
252,영광군,2023-09-24,20.6,14.5,27.3,,.8,72.9,8.9,18.09
252,영광군,2023-09-25,21.5,18.2,26.7,.4,.9,79.4,1.1,10.47
252,영광군,2023-09-26,22.9,20,26.1,4.3,1.7,87.4,.4,8.07
252,영광군,2023-09-27,22.4,20.7,25.8,1.7,1,88,1.5,10.63
252,영광군,2023-09-28,22.2,19.1,26.2,.6,.9,83.5,8.2,18.01
252,영광군,2023-09-29,20,17.2,25.2,,1,79.4,3.2,14.73
252,영광군,2023-09-30,18.4,15.3,22.7,5.4,1,81.6,7.7,17.26
253,김해시,2023-05-20,18.2,13.3,24.3,,1.7,78.5,12.5,28.32
253,김해시,2023-05-21,21.6,14.1,27.7,,1.4,72.5,12.4,26.64
253,김해시,2023-05-22,17.6,14.3,20.8,.3,1,66.4,.3,7.2
253,김해시,2023-05-23,18,12.1,25.1,,1.5,65,11.4,26.56
253,김해시,2023-05-24,18.4,13,25,,1.4,69.4,8.1,22.73
253,김해시,2023-05-25,19,14.7,25.1,,1.8,65.8,9.3,28.51
253,김해시,2023-05-26,19.7,16.6,24,.1,1.5,82.4,1.8,12.6
253,김해시,2023-05-27,22,18.6,26,,1.6,79.1,2.8,15.93
253,김해시,2023-05-28,20.7,19.5,21.9,6.5,1.3,96.1,0,3.2
253,김해시,2023-05-29,20.7,18.7,22.2,72.5,1,100,0,2.21
253,김해시,2023-05-30,19.8,17.6,23,.9,1.1,87.1,.3,10.97
253,김해시,2023-05-31,20.6,16.2,26.9,0,1.9,57.9,10.3,28.17
253,김해시,2023-06-01,17.1,14.3,20.1,2.8,.7,87,.1,5.37
253,김해시,2023-06-02,23,17.7,32.8,.7,1.9,74.1,11.7,29.55
253,김해시,2023-06-03,21.5,16.6,27.3,,1.5,69.9,11.8,27.16
253,김해시,2023-06-04,22.6,16.1,29.4,,1.2,56,10.2,26.24
253,김해시,2023-06-05,22.6,18.5,27.1,,.9,57.4,3,14.83
253,김해시,2023-06-06,20.8,17.4,25.4,,1.8,73,10.5,26.75
253,김해시,2023-06-07,22.3,16.1,28,,1.4,71.3,9.9,24.11
253,김해시,2023-06-08,21.5,18,27.1,,1.9,74.9,8.1,22.14
253,김해시,2023-06-09,22.3,17,27.7,,1.9,78.4,12.4,28.04
253,김해시,2023-06-10,23,18.5,27.7,,2,77.3,11,27.54
253,김해시,2023-06-11,22.2,19.5,27.6,.4,1.5,89.4,5.4,17.84
253,김해시,2023-06-12,23.9,20.5,28.4,,1.6,81.1,8.2,24.29
253,김해시,2023-06-13,23.3,20.2,27.4,,1.7,80.8,6.4,20.64
253,김해시,2023-06-14,22.1,17.2,27.8,3.2,1.6,81.5,4.8,19.76
253,김해시,2023-06-15,20.9,16.1,27.5,0,1.9,82.9,9.3,23.6
253,김해시,2023-06-16,24.4,18.5,31.1,,1.7,71.1,12.4,28.94
253,김해시,2023-06-17,24.7,19,30.7,,1.6,66.1,10.4,26.07
253,김해시,2023-06-18,24.9,20.4,32.1,,1.5,69,11.3,26.87
253,김해시,2023-06-19,25.3,20,32,,.9,66.5,11.7,26.9
253,김해시,2023-06-20,23.4,19.6,30.1,1.2,1.7,66.9,8.3,22.82
253,김해시,2023-06-21,21.2,18.8,23.7,17.6,1.8,98.3,0,4.61
253,김해시,2023-06-22,24,20.8,28.1,,1.2,79,5.1,20.37
253,김해시,2023-06-23,23.7,20.1,29.5,,1.8,75.5,9.2,22.64
253,김해시,2023-06-24,23.1,18.8,29.4,,1.5,79.6,0,.84
253,김해시,2023-06-25,22.1,19.3,26.9,28.2,1.1,87.8,.6,13.82
253,김해시,2023-06-26,23.5,21.2,25,13.6,2.2,99.6,0,2.52
253,김해시,2023-06-27,24.9,20.5,29.5,22.8,3.2,91.1,3.2,18.28
253,김해시,2023-06-28,23.1,19.2,27.6,27.9,1.3,91.9,1,12.91
253,김해시,2023-06-29,24.9,22.7,27.9,5,1.9,96.3,0,5.89
253,김해시,2023-06-30,24,22.7,27,8.4,1.5,96.4,.1,5.44
253,김해시,2023-07-01,23.9,21.4,28.6,,1.3,90.8,3.2,14.13
253,김해시,2023-07-02,25.6,20.6,31.9,,1.5,86.1,7.2,22.78
253,김해시,2023-07-03,26.1,22.5,30.2,,1.4,87.3,5.1,18.96
253,김해시,2023-07-04,24.3,22.6,28.2,7.8,1.4,93.3,.9,9.89
253,김해시,2023-07-05,27,22.8,31.6,24.8,2.5,81.1,7.3,21.53
253,김해시,2023-07-06,25.2,21.1,31.2,,1.3,83.6,5.5,20.73
253,김해시,2023-07-07,22.2,19.9,25.9,64.8,.9,94.5,0,4.17
253,김해시,2023-07-08,22.6,20.3,24.2,5.2,.8,100,0,3.14
253,김해시,2023-07-09,24.8,22.4,29.4,3,1.4,96.9,1.1,10.88
253,김해시,2023-07-10,26.8,23.3,30.5,.3,2.1,89,6.2,20.36
253,김해시,2023-07-11,25.2,22.7,29.9,25.5,1.7,95,.5,5.98
253,김해시,2023-07-12,25.3,22.7,27.7,23.3,1.4,94.9,.5,8.33
253,김해시,2023-07-13,25.6,23.8,27.6,9.2,1.3,98,0,5.22
253,김해시,2023-07-14,26,24.4,27.2,12.8,3.1,92.3,0,2.63
253,김해시,2023-07-15,26.7,23.8,28.6,5.8,4.1,90.4,.1,9.47
253,김해시,2023-07-16,23.7,22,26,130.9,1.2,100,0,5.08
253,김해시,2023-07-17,26.8,23.7,32.2,10.5,1.5,93.9,3.6,19.29
253,김해시,2023-07-18,24.8,24.2,27.2,108.9,1.8,99.8,0,3.97
253,김해시,2023-07-19,24.2,22.3,26.7,3.8,1,97,2.6,9.43
253,김해시,2023-07-20,25,21.4,30.4,,1.3,90.6,5.5,20.95
253,김해시,2023-07-21,26.1,22.2,31.6,,1.1,80.5,8.4,23.95
253,김해시,2023-07-22,24.9,21.6,28.8,.1,1.2,83.5,1.9,11.88
253,김해시,2023-07-23,26.6,24.6,30.3,5.1,2.4,95.1,.7,13.4
253,김해시,2023-07-24,26,24.4,31.3,4.6,2,97.8,2.2,13.77
253,김해시,2023-07-25,26.6,24.2,31.5,2.5,1.4,91.8,6.7,19.12
253,김해시,2023-07-26,28.1,24.5,32.3,,1.2,87.6,9.2,24.51
253,김해시,2023-07-27,28.9,24.6,33.8,,1.3,81.9,10.8,25.71
253,김해시,2023-07-28,29.4,25.1,34,,1,78.9,10.6,23.22
253,김해시,2023-07-29,29.5,25.1,34.3,,1.2,78.3,12.6,26.66
253,김해시,2023-07-30,28.7,24.7,33.5,,1.3,78,12,26.84
253,김해시,2023-07-31,28.8,24.3,34.9,,1.3,73.9,11.6,24.94
253,김해시,2023-08-01,29.4,24.8,34.3,,1.3,70.8,11.8,25.83
253,김해시,2023-08-02,29.2,24.3,34.4,,1.5,76.3,11.1,23.83
253,김해시,2023-08-03,29.9,25.4,35.2,,1.4,74.6,11.9,26.24
253,김해시,2023-08-04,30,25.5,35.6,,1.1,75.5,10.4,22.69
253,김해시,2023-08-05,30,25.5,35.2,,1.2,75.8,10.9,23.86
253,김해시,2023-08-06,30.7,26.5,35.3,,1.5,69.1,8.5,21.67
253,김해시,2023-08-07,30.3,26.4,36,,1.2,73,10.5,23.88
253,김해시,2023-08-08,29.4,26.2,34.4,,1.1,73.9,9.8,23.73
253,김해시,2023-08-09,26,24.9,27.5,44.8,1.6,89.8,0,2.82
253,김해시,2023-08-10,25,23.8,26.8,151.4,3.4,92,0,4.1
253,김해시,2023-08-11,27.3,23.3,31.2,,2.1,80.5,10,22.65
253,김해시,2023-08-12,27.3,24.5,31.7,.2,1.6,82,8.1,23.1
253,김해시,2023-08-13,27.1,22.1,32.6,,1.1,79.8,9.3,23.52
253,김해시,2023-08-14,27.9,23.9,34,,.8,74,4.8,18.04
253,김해시,2023-08-15,27.6,23.8,33,,1.4,74.4,6.2,18.09
253,김해시,2023-08-16,26.3,24.6,30.1,,1.4,84.5,1,11.85
253,김해시,2023-08-17,26.4,23.9,30.1,0,1.1,82.5,2.2,11.9
253,김해시,2023-08-18,26.9,24.6,30.6,.1,.6,83.5,.7,7.95
253,김해시,2023-08-19,26.3,24.9,29,16.3,1,97.1,.4,6.51
253,김해시,2023-08-20,28.6,25.6,33.2,.7,1,88.5,9.2,23.72
253,김해시,2023-08-21,28.3,24.4,33.1,,1,82.3,11.6,24.24
253,김해시,2023-08-22,28.1,24.8,33.2,0,1.4,85.4,6.7,18.94
253,김해시,2023-08-23,28.5,25.4,32.9,4.6,2,85.3,8,20.25
253,김해시,2023-08-24,25.4,22.9,29.4,85.1,2.9,97.6,.2,6.35
253,김해시,2023-08-25,27,23.4,32.4,.9,.6,82.4,7.2,18.87
253,김해시,2023-08-26,27.6,23.4,32.8,,1,75.6,10.4,23.42
253,김해시,2023-08-27,27.2,22.8,32.4,,.8,75.5,8.1,18.83
253,김해시,2023-08-28,27.2,24,31.8,,1.1,78.6,3.9,16.34
253,김해시,2023-08-29,26.7,25.5,29,6.8,2.7,90.9,.4,5.51
253,김해시,2023-08-30,26.3,24.4,27.9,18.5,1.5,95.9,0,3.42
253,김해시,2023-08-31,26.4,24.4,31.9,17.6,.9,89.6,4.2,14.2
253,김해시,2023-09-01,24.4,23.5,25.9,39.4,.7,99.1,0,4.87
253,김해시,2023-09-02,24.3,22.6,30.7,22.7,.6,97.1,1.4,10.04
253,김해시,2023-09-03,26.5,22.6,32.8,,.8,86.8,7.2,20.45
253,김해시,2023-09-04,27.5,23,33.3,,.4,78.8,7.3,17.37
253,김해시,2023-09-05,26.5,22.9,32.4,,.8,65.1,10.5,22.61
253,김해시,2023-09-06,26.4,22.2,32.3,,.8,69.3,8.4,19.12
253,김해시,2023-09-07,25.1,20.7,30.7,,1,67,9.6,21.06
253,김해시,2023-09-08,24.5,20.9,31.5,,.8,66.3,8.9,19.94
253,김해시,2023-09-09,23.8,18.3,31.6,,.8,71.6,10.6,23.12
253,김해시,2023-09-10,24.9,19,31.8,,.8,73.4,8.6,19.98
253,김해시,2023-09-11,25.1,20.7,31.9,,.8,80.8,8.9,19.15
253,김해시,2023-09-12,26,22.4,31.3,,.6,82.6,4.3,15.97
253,김해시,2023-09-13,26.2,23,30.2,0,1,82.3,.5,10
253,김해시,2023-09-14,23.5,22,26.2,34.3,.3,96,0,4.4
253,김해시,2023-09-15,24.4,22.6,27.4,2.7,.3,92.9,.4,6.12
253,김해시,2023-09-16,23.6,22.2,25.4,39.8,.4,99.9,.2,2.82
253,김해시,2023-09-17,24,22,27.5,54.5,.6,97,.6,5.67
253,김해시,2023-09-18,25.4,22,30.8,.3,1,89.1,8,18.91
253,김해시,2023-09-19,25.3,21.7,30.9,,.7,83.5,9.1,18.71
253,김해시,2023-09-20,23.8,20.9,26.7,16.8,1.2,93.4,0,4.76
253,김해시,2023-09-21,21.7,19,26,25.3,.8,85.5,0,5.53
253,김해시,2023-09-22,21.9,18.4,28,,.8,76.9,5.5,14.95
253,김해시,2023-09-23,20.9,16.2,27.8,,.5,73.9,5.2,15.43
253,김해시,2023-09-24,22.5,19.3,28.3,,1,64,8.1,18.81
253,김해시,2023-09-25,22.9,18.8,28.6,0,.8,75.3,2.6,10.9
253,김해시,2023-09-26,22.4,21.3,24.4,1.5,.3,92.8,0,3.3
253,김해시,2023-09-27,24.5,21.4,29.3,,.6,81.3,2.8,11.3
253,김해시,2023-09-28,24.4,20.9,29.9,,1.1,72.3,8.9,18.69
253,김해시,2023-09-29,23.2,18.5,30.4,,1.2,71.4,8.2,19.43
253,김해시,2023-09-30,20.1,15.9,24.9,.8,1.1,76.5,3,8.34
254,순창군,2023-05-20,19.6,15,27.7,,1.5,78.5,7.2,24.64
254,순창군,2023-05-21,17.9,13.8,24.7,,1.9,79,7.3,24.22
254,순창군,2023-05-22,15.6,12.3,20.8,.1,.9,79.9,1.8,7.86
254,순창군,2023-05-23,17.4,9.8,25.1,,1.8,65.3,11.7,28.9
254,순창군,2023-05-24,18.9,10.9,25.6,,1.4,61.9,5.8,20.42
254,순창군,2023-05-25,19.8,15.3,27.1,,1.3,60.8,5.2,21.38
254,순창군,2023-05-26,20.1,14.5,24.3,,1.3,68.6,1.3,12.3
254,순창군,2023-05-27,21.9,18.9,25.8,.6,1.9,74.8,1.4,11.5
254,순창군,2023-05-28,22,19.4,24.6,3.4,1.3,89.8,0,5.61
254,순창군,2023-05-29,21.2,20.6,23.2,61.1,2,97.4,0,2.92
254,순창군,2023-05-30,22,19.6,26.6,.5,1.5,84.3,2,17.03
254,순창군,2023-05-31,22.2,17.4,29.2,2.1,1.3,69.9,12.2,29.94
254,순창군,2023-06-01,17.8,15.6,20.3,6.5,.8,92.4,.1,6.67
254,순창군,2023-06-02,21.9,17.2,27.3,.6,2.1,74.8,9.3,27.07
254,순창군,2023-06-03,20.5,14.2,27.3,,2.2,65.4,12.9,30.49
254,순창군,2023-06-04,20.4,12.7,27.7,,1.7,60.9,10.3,26.74
254,순창군,2023-06-05,20,16.4,24.7,,1.4,70.4,1.3,15.52
254,순창군,2023-06-06,20.7,15.2,28.3,,1.6,71.3,11,28.46
254,순창군,2023-06-07,21.2,13.7,28.1,,2,69.5,9.6,23.52
254,순창군,2023-06-08,22,17.5,28.6,,2.1,73,5.5,22.42
254,순창군,2023-06-09,24.2,18.4,31.3,0,1.5,63.5,9.5,27.69
254,순창군,2023-06-10,22.9,18.9,30.6,0,1.9,73,7.1,23.82
254,순창군,2023-06-11,23,19.1,29.5,18.2,1.2,79.4,5.1,18.2
254,순창군,2023-06-12,23.2,18.5,30.5,,1.2,75.5,7.8,26.39
254,순창군,2023-06-13,22.4,17.3,28.6,,1.4,71.9,9.4,25.32
254,순창군,2023-06-14,20.9,15.5,28.6,,1.3,74.6,9.5,24.65
254,순창군,2023-06-15,21.1,14.6,28.1,,1.6,71.1,11.5,29.23
254,순창군,2023-06-16,23.4,14.8,32.1,,1.3,67.3,13.1,30.37
254,순창군,2023-06-17,24.2,17.9,32.6,,1.4,71.5,8.4,24.31
254,순창군,2023-06-18,24.7,18.6,33,,1.4,63.8,10.1,28.25
254,순창군,2023-06-19,25.6,17.4,34,,1.4,64.6,10,26.67
254,순창군,2023-06-20,23.8,19.5,29.3,7.4,1.7,69.5,4.2,15.29
254,순창군,2023-06-21,21.8,20.4,24,.8,1.6,90.3,.2,6.57
254,순창군,2023-06-22,21.9,18.8,26.9,0,2.1,77.6,4.8,18.2
254,순창군,2023-06-23,24.2,16.8,32.7,,1.5,72,11.1,28.88
254,순창군,2023-06-24,24.8,19.6,30.8,,1.3,71.3,7.3,24.03
254,순창군,2023-06-25,22.4,19,28.2,9.8,1.4,84.4,2,14.28
254,순창군,2023-06-26,24,20.8,26.7,69.7,1.6,94.1,0,5.18
254,순창군,2023-06-27,25.7,19.9,30,72.8,3,82,4.3,18.66
254,순창군,2023-06-28,22.2,18.7,24.8,97.5,1.4,92.9,.2,9.14
254,순창군,2023-06-29,24.6,23,26.3,74.8,1.8,92.5,0,3.31
254,순창군,2023-06-30,23.7,22.7,25.3,25.6,1.4,95.4,0,4.09
254,순창군,2023-07-01,25.7,22.6,31.8,.6,1.5,86.9,5.6,19.56
254,순창군,2023-07-02,27.1,22.5,32.8,,1.2,78.5,7.2,23.82
254,순창군,2023-07-03,27.1,22.8,32.3,,1.2,81.1,3.9,19.5
254,순창군,2023-07-04,24,22.8,25.9,41.3,1.3,92.5,0,3.63
254,순창군,2023-07-05,25.2,21,30.4,26.4,2.5,81.3,7.4,22.92
254,순창군,2023-07-06,25.3,19.5,33,,1,78.4,6.2,23.67
254,순창군,2023-07-07,22.3,20.6,23.9,55.2,1,95,0,2.54
254,순창군,2023-07-08,25.6,22.4,30.8,.7,1.3,89,3.7,16.71
254,순창군,2023-07-09,26.5,23.9,30.5,0,1.4,89.1,1,8.59
254,순창군,2023-07-10,27.9,23.3,32.8,1.3,1.9,76.1,6.7,22.23
254,순창군,2023-07-11,23.6,22.3,27.7,69.5,1.1,96.4,0,3.53
254,순창군,2023-07-12,25.3,22.7,29.4,3.4,1.2,94.5,1.1,9.76
254,순창군,2023-07-13,25.7,24.4,27.6,17.1,1.3,92,0,4.3
254,순창군,2023-07-14,25.3,24.2,26.4,73.3,2,93.8,0,.95
254,순창군,2023-07-15,25.1,22.5,27.3,68,2.5,92,0,2.36
254,순창군,2023-07-16,23.9,21.6,28.7,38.4,1,95.1,1.5,9.35
254,순창군,2023-07-17,24.6,22.5,30.2,129.8,1.4,94.4,4,16.63
254,순창군,2023-07-18,23.7,22.7,25.4,101.9,.9,98.8,0,3.37
254,순창군,2023-07-19,26.4,23,31.6,,1.2,82.8,7,22.08
254,순창군,2023-07-20,27,23.4,33.1,0,1.2,79.8,8.3,24.41
254,순창군,2023-07-21,27,22.7,33.6,,1.4,78.3,9.7,26.61
254,순창군,2023-07-22,23.7,21.2,26.1,4.6,1.4,89.6,.2,4.11
254,순창군,2023-07-23,26.2,24.5,29.4,16.9,1.5,86.8,0,6.31
254,순창군,2023-07-24,25.3,21.8,29.9,76.9,1.2,91.3,1.1,11.5
254,순창군,2023-07-25,26,23.4,30.6,7.5,1.1,86.4,2.2,13.02
254,순창군,2023-07-26,25.2,22.2,31.4,5.4,1.2,90.8,4.1,16.47
254,순창군,2023-07-27,26.7,21.7,33.8,,1,84.1,6.9,22.79
254,순창군,2023-07-28,27.4,23.4,32.5,,1.1,82.5,5.3,19.09
254,순창군,2023-07-29,28.6,23.1,35.2,,.9,76.3,10,24.57
254,순창군,2023-07-30,27.5,22.9,33.8,,1.2,78.5,9.3,24.15
254,순창군,2023-07-31,28.3,22.9,34.8,0,1.1,77.5,9.7,26.37
254,순창군,2023-08-01,29.1,23.8,35.5,,1,75.5,11.1,26.37
254,순창군,2023-08-02,29.4,24.6,36.6,4,1.2,76.8,10.4,25.91
254,순창군,2023-08-03,28.7,24.3,35.8,,1.2,78.5,8.1,24.69
254,순창군,2023-08-04,29,23.6,35.1,,1.3,76.1,11.2,26.06
254,순창군,2023-08-05,29.5,23.9,36.5,,1.5,75.4,11.7,26.47
254,순창군,2023-08-06,29.7,24.7,36.7,2.2,1.4,76.9,9.9,24.66
254,순창군,2023-08-07,27.5,24.8,36,3.6,1.2,87.3,6.9,20.76
254,순창군,2023-08-08,29.9,23.8,36.8,,1.4,72.4,11.2,26.85
254,순창군,2023-08-09,27.1,24.7,29.5,3.7,2.1,78.5,.3,6.41
254,순창군,2023-08-10,23.3,22,25.4,86.9,4.2,90.1,0,4.15
254,순창군,2023-08-11,26.2,22.1,31.1,0,1.7,79.4,4.8,20.58
254,순창군,2023-08-12,26,22.4,30.8,.1,1.1,83.3,4.8,18.83
254,순창군,2023-08-13,27.4,22.7,33.8,0,.9,80,7,22.84
254,순창군,2023-08-14,28.1,24.2,34.5,4,1.2,80.5,8,21.73
254,순창군,2023-08-15,27.8,24.3,33.2,,1.6,80.5,6.9,21.47
254,순창군,2023-08-16,27.2,22.9,32.8,,1.3,78,8.7,24.49
254,순창군,2023-08-17,26.3,21.7,33.3,1.9,1,83.1,6.5,19.77
254,순창군,2023-08-18,26.8,22.6,33.7,15.2,1.1,85.4,6.3,21.95
254,순창군,2023-08-19,27.8,24,33.5,31.1,1.2,85.3,6.6,22.04
254,순창군,2023-08-20,28.1,24.4,34,,1.2,81.8,7.7,22.14
254,순창군,2023-08-21,28.1,24.1,34,,1.7,77.9,8.2,21.9
254,순창군,2023-08-22,27.7,23.5,32.2,,1.9,78.9,6.5,19.26
254,순창군,2023-08-23,25.4,23.7,30.3,76.6,1.2,93,.8,9.09
254,순창군,2023-08-24,25.1,23.8,29.3,7.1,1,95.3,.7,7.68
254,순창군,2023-08-25,25.7,21.1,31.4,,1.9,81.9,9.1,23.78
254,순창군,2023-08-26,24.7,19.3,32.1,,1.2,80.8,8.3,22.45
254,순창군,2023-08-27,26.1,20.5,32.9,,.9,79.6,8.2,22.55
254,순창군,2023-08-28,26.4,23.2,29.5,4.2,1.9,81.4,2.2,12.66
254,순창군,2023-08-29,25.5,23.4,29.6,44.6,1.7,92.5,.1,6.66
254,순창군,2023-08-30,22.1,20.7,23.6,19.3,.8,97.3,0,3.51
254,순창군,2023-08-31,23.7,20.1,28.6,,1.4,81.8,7.8,21.71
254,순창군,2023-09-01,23.9,19.1,31.2,,1,78.5,7.6,18.59
254,순창군,2023-09-02,23.5,19.4,28.6,.8,,87.3,.8,10.47
254,순창군,2023-09-03,26.3,21.7,32,,,81.8,6.8,19.2
254,순창군,2023-09-04,26,22.5,33,0,1,86.3,5.9,19.36
254,순창군,2023-09-05,26.6,21.7,33.4,,1.1,74.3,8,21.48
254,순창군,2023-09-06,25,20,32.3,0,1,80.1,9.1,20.25
254,순창군,2023-09-07,24.8,18.8,31.5,,1.3,62.4,11.7,25.3
254,순창군,2023-09-08,23.1,16.5,30.7,,1,69.8,11.8,24.76
254,순창군,2023-09-09,23.5,16.8,31.8,,.9,77.1,11.3,24.49
254,순창군,2023-09-10,23.8,19.6,30.5,,.8,77.6,5.9,16.89
254,순창군,2023-09-11,24,18.4,30.9,,1.1,78.1,8.7,20.71
254,순창군,2023-09-12,23.7,19.1,29.3,,.8,79.4,2.1,14.51
254,순창군,2023-09-13,22.6,20.3,25.9,16.5,1,89.6,0,7.26
254,순창군,2023-09-14,22.3,20.3,25.9,11.5,.9,94.6,.3,6.51
254,순창군,2023-09-15,23.4,21.3,28.5,37.2,.9,93.3,1.3,8.39
254,순창군,2023-09-16,23.1,21.6,27.3,27,.8,97.1,.3,4.37
254,순창군,2023-09-17,24.7,21.7,29.1,0,1.1,86.4,3.2,15.07
254,순창군,2023-09-18,24.6,21.1,30.5,,1.2,83.1,7.2,19.24
254,순창군,2023-09-19,23.3,19.5,29.7,,.4,83.4,5.9,16.61
254,순창군,2023-09-20,22.6,20.1,26.3,20.9,1.1,94.9,0,2.45
254,순창군,2023-09-21,20.8,18,24.5,2.1,1.8,89.3,0,5.38
254,순창군,2023-09-22,19.6,15.3,26.6,,1.2,81.4,6.9,18.8
254,순창군,2023-09-23,19.5,13.6,25.9,,1.2,73,3.6,13.04
254,순창군,2023-09-24,21.6,16.4,27.8,,1.6,61.8,10.4,21.54
254,순창군,2023-09-25,21.7,17.2,26.8,.1,.8,79.6,1.7,12.3
254,순창군,2023-09-26,22.2,20.7,24.1,1.1,.8,91.1,0,3.63
254,순창군,2023-09-27,22.2,19.5,25.5,2.8,1.6,87.6,1.1,9.76
254,순창군,2023-09-28,21.7,17.6,27.1,,1.2,83.4,5.1,13.9
254,순창군,2023-09-29,20,15.8,26.8,,.9,81.1,3,13.84
254,순창군,2023-09-30,18.4,14.9,23.6,3,1.6,79.5,5.8,15.8
255,북창원,2023-05-20,19.7,13.8,26.5,,.9,73.8,12.8,28.07
255,북창원,2023-05-21,22.4,15.5,29.5,,1,69.3,12.4,26.35
255,북창원,2023-05-22,18.4,14.8,21.7,.1,1.1,66,.2,7.02
255,북창원,2023-05-23,18.9,13.3,25.6,,1.4,61.6,12,27.25
255,북창원,2023-05-24,19.6,13.2,26.7,,.9,65.4,8.1,21.76
255,북창원,2023-05-25,20.8,16.7,26.6,,1.1,60.6,8.5,27.12
255,북창원,2023-05-26,21.4,18.1,25.8,0,.8,73.4,1.1,11.45
255,북창원,2023-05-27,23.6,20.3,27.9,0,1.3,74,5.1,19.31
255,북창원,2023-05-28,22.1,20.6,23.3,1.4,1.5,90.9,0,4.87
255,북창원,2023-05-29,21.7,19.6,23.6,62.5,.9,99.8,0,2.71
255,북창원,2023-05-30,21.3,19.4,24.2,1.9,1.4,82.1,.1,11.02
255,북창원,2023-05-31,21.6,17.3,27.5,0,2,59.8,10.3,27.52
255,북창원,2023-06-01,17.6,15.7,19.2,4.6,.8,87.6,.1,4.44
255,북창원,2023-06-02,24,18.3,31.5,1.9,1.7,72.6,11.3,28.43
255,북창원,2023-06-03,22.7,17.9,29.2,,1.1,72.4,11.7,26.17
255,북창원,2023-06-04,23.3,16.8,29.8,,1,54.1,10.2,25.54
255,북창원,2023-06-05,23.2,19.6,28.1,,1,57.5,3.5,16.87
255,북창원,2023-06-06,22.1,19.2,27.7,,.9,69.6,8.2,22.67
255,북창원,2023-06-07,23.2,17.6,29.3,,.8,70.9,9.8,23.26
255,북창원,2023-06-08,22.7,19.2,28.4,,1.1,73,7.7,21.33
255,북창원,2023-06-09,23.5,18.9,30.1,,1,73.9,11.9,27.65
255,북창원,2023-06-10,24.3,20.3,29.1,0,1.2,74.1,10.7,25.72
255,북창원,2023-06-11,23.6,21,28.7,.2,1,84.3,3.9,13.5
255,북창원,2023-06-12,24.6,22,29.5,.8,1,78.6,6.1,16.84
255,북창원,2023-06-13,24.2,21,29.5,1,1,77,5.3,17.75
255,북창원,2023-06-14,22.4,17.5,29.1,11.5,1.2,83,3.7,17.21
255,북창원,2023-06-15,21.7,17.1,28,0,1.2,82.4,8.4,24.72
255,북창원,2023-06-16,24.8,19.4,31.6,,1.1,69.8,10.8,26.71
255,북창원,2023-06-17,25.4,19.6,32.7,,.9,64.5,10.4,25.09
255,북창원,2023-06-18,26.2,21.3,33.6,,1.1,67.1,10.4,26.41
255,북창원,2023-06-19,26.2,20.4,32.7,,1.7,64.8,11.5,26.05
255,북창원,2023-06-20,24.3,20.7,30.8,1.2,1.4,67.3,8.1,20.96
255,북창원,2023-06-21,22.3,19.8,25.4,11.4,1.1,94.1,0,4.02
255,북창원,2023-06-22,25.3,21.3,29.9,,1.2,70.3,6.9,21.25
255,북창원,2023-06-23,24.9,21.1,30.2,,1.2,71.1,10.8,22.92
255,북창원,2023-06-24,23.7,19.8,29.3,,1,78.4,7.2,21.73
255,북창원,2023-06-25,23.1,21.1,27.6,19.7,.8,87,.7,12.81
255,북창원,2023-06-26,24.8,21.8,26.6,14.9,2,95.6,0,5.55
255,북창원,2023-06-27,25.9,21.3,30.2,35.5,2.1,89.5,5.2,20.07
255,북창원,2023-06-28,24.4,20.2,29.7,26.5,1,87.6,4.4,19.25
255,북창원,2023-06-29,25.8,24.5,28,9.4,1.7,92.8,0,7.02
255,북창원,2023-06-30,25.2,23.6,27.8,15.2,1.2,93.1,0,6.97
255,북창원,2023-07-01,24.9,22.9,30.2,,.8,88.9,3.4,14.28
255,북창원,2023-07-02,26.7,22.3,34,,.9,82.1,6.9,22.06
255,북창원,2023-07-03,26.7,23.1,31,,1.2,86.1,3.7,15.49
255,북창원,2023-07-04,25,23.6,28.1,11.2,.9,92,.6,7.56
255,북창원,2023-07-05,27.6,24.3,32.5,21.4,1.6,78.4,6.6,19.39
255,북창원,2023-07-06,26.8,22.2,33.5,,.8,76,6.2,21.02
255,북창원,2023-07-07,23.2,20.7,26.7,61.1,.9,94.1,0,3.91
255,북창원,2023-07-08,23.6,21.5,26.1,3.1,.5,99.4,0,4.31
255,북창원,2023-07-09,25.9,23.3,28.8,1,.9,93.1,.4,8.04
255,북창원,2023-07-10,27.6,25,31.4,1,1,85.4,3.1,15.2
255,북창원,2023-07-11,26.4,23.4,30.5,10.6,1.1,91.5,.5,7.2
255,북창원,2023-07-12,25.8,23.6,28.1,22.5,.9,94.9,.2,6.21
255,북창원,2023-07-13,27,25.3,28.7,8.6,1.3,91.4,0,6.79
255,북창원,2023-07-14,26.1,25.7,28,55.6,3.3,96.5,0,3.13
255,북창원,2023-07-15,27.7,24.8,30.5,28.5,2.4,88.4,.3,12.69
255,북창원,2023-07-16,24.5,23.2,26.4,105.3,.7,99.9,0,4.98
255,북창원,2023-07-17,27.3,24,31.3,23.4,1.2,90.6,.5,13.52
255,북창원,2023-07-18,25.7,24.7,28.3,47.8,.9,98.5,0,5.4
255,북창원,2023-07-19,25.2,22.9,29.5,.3,.8,91.8,3.2,9.81
255,북창원,2023-07-20,26.3,22.1,33.3,,.9,85.3,4.8,19.87
255,북창원,2023-07-21,26.5,23.2,31.4,,1,81.5,6.4,19.69
255,북창원,2023-07-22,25.7,22,29.7,.2,.9,84.3,1.7,11.23
255,북창원,2023-07-23,27.6,25.3,30.9,7.8,1.6,87.5,.3,10.32
255,북창원,2023-07-24,27.6,25.4,33.2,5.6,1.6,88.5,2.2,13.61
255,북창원,2023-07-25,27.5,25.4,31.7,1.1,.9,85.6,4.5,16.07
255,북창원,2023-07-26,29,25.5,33.4,,1.1,82.4,7.2,21.99
255,북창원,2023-07-27,29.9,25.3,35.2,,.9,76.8,8.6,21.96
255,북창원,2023-07-28,30.1,26.2,35,,.8,75.1,8.2,19.16
255,북창원,2023-07-29,30.4,25.9,36.1,,.9,73.8,12.5,25.8
255,북창원,2023-07-30,29.6,25.8,34.7,,.9,72.5,9.5,20.21
255,북창원,2023-07-31,29.6,24.9,35.6,,1,70.5,10.9,24.34
255,북창원,2023-08-01,29.9,25.2,35.2,,1.2,69.6,10.6,22.61
255,북창원,2023-08-02,30.4,24.9,36.2,,1.1,71.6,11.7,25.14
255,북창원,2023-08-03,31.1,26.3,36.1,,1,69.6,11.8,25.82
255,북창원,2023-08-04,30.7,26.5,35.9,,.9,70.8,10.3,21.68
255,북창원,2023-08-05,30.7,26.4,36.1,,1.1,74.1,10.2,21.59
255,북창원,2023-08-06,31.3,27.2,35.9,,1.8,68.9,5.1,17.66
255,북창원,2023-08-07,31.2,27.5,36.4,,2.4,68.8,10.2,23.16
255,북창원,2023-08-08,30.1,26.8,34.7,,2.2,70.8,10.2,23.64
255,북창원,2023-08-09,26.5,25.2,28.6,77.5,2.3,88.8,0,2.78
255,북창원,2023-08-10,25.6,23.8,27.7,261.1,2.5,89,0,5.17
255,북창원,2023-08-11,28.2,23.4,32.5,,1.4,74.6,11,25.07
255,북창원,2023-08-12,28.6,25.4,33.9,,.8,74,7.4,19.07
255,북창원,2023-08-13,28.1,23.8,32.8,,.8,77.4,7.5,20.02
255,북창원,2023-08-14,28.7,25.2,33.6,,1.3,72,7,19.43
255,북창원,2023-08-15,28.4,24.2,34.3,,1.6,73.6,10.7,24.27
255,북창원,2023-08-16,27.9,26.3,31.4,,.7,81.5,.7,10.75
255,북창원,2023-08-17,27.8,25.8,30.2,,.7,80.4,2.1,9.85
255,북창원,2023-08-18,27.8,25.7,30.9,,1.2,80.9,1.1,10.78
255,북창원,2023-08-19,26.8,25.3,28.8,20.4,.9,95.5,0,5.49
255,북창원,2023-08-20,29.3,26.4,34.7,,.8,82.8,7.9,21.15
255,북창원,2023-08-21,29.1,25.4,34,,1,78.5,11,23.03
255,북창원,2023-08-22,29.5,26.4,33.8,,1.2,77.1,6.5,18.81
255,북창원,2023-08-23,29.1,26.1,33.9,9,1.1,81.6,6.4,17.85
255,북창원,2023-08-24,26.3,24.1,30.3,78.2,1.5,95.9,.1,6.15
255,북창원,2023-08-25,27.2,23.7,32.5,8.3,.9,81.9,6.4,15.78
255,북창원,2023-08-26,28,23.8,33.2,,.9,76.1,9.6,20.98
255,북창원,2023-08-27,27.8,23.4,32.9,,1.4,77.3,4,14.63
255,북창원,2023-08-28,27.8,24.2,30.8,,1.9,76.9,2.7,10.74
255,북창원,2023-08-29,27.6,26.2,29.7,55.8,1.4,87.5,.4,5.55
255,북창원,2023-08-30,26.3,25.3,27.7,15.9,.8,96,0,2.3
255,북창원,2023-08-31,26.6,23.6,30.6,2.7,1.1,87.6,2.6,14.84
255,북창원,2023-09-01,25.4,24.4,27.6,14.5,.9,96.3,0,4.92
255,북창원,2023-09-02,25,23.6,30.5,16.2,.8,94.3,1.3,8.06
255,북창원,2023-09-03,26.9,23.6,31.9,,.6,86.6,4.5,14.29
255,북창원,2023-09-04,28,23.7,33,0,1.4,78.3,8.4,20.04
255,북창원,2023-09-05,27.3,23.8,32.6,,2.4,63.5,9.8,21.1
255,북창원,2023-09-06,27.1,23.7,31.8,,2.3,65.5,9.4,20.29
255,북창원,2023-09-07,25.5,21.1,30.4,,2.5,63.8,9.9,20.88
255,북창원,2023-09-08,24.7,20.5,30.2,,1.9,65.5,9,20.87
255,북창원,2023-09-09,24.1,19.1,30.3,,.9,74.1,10.2,21.86
255,북창원,2023-09-10,25.2,19.6,31.6,,.8,74,9.5,20.79
255,북창원,2023-09-11,26.3,21.7,31.4,,.9,77.3,8.9,18.92
255,북창원,2023-09-12,26.6,23.4,31.2,,.6,77.6,2.9,13.14
255,북창원,2023-09-13,26.5,23.6,29.7,0,1,82.1,.7,8.35
255,북창원,2023-09-14,24.4,23,26.5,39.1,1.1,94,0,4.5
255,북창원,2023-09-15,24.8,22.9,27.2,2.8,1.6,93.3,.6,6.42
255,북창원,2023-09-16,24,22.6,25.3,117,.8,99.9,.1,2.62
255,북창원,2023-09-17,25,23,28,42.9,.7,93.1,.1,5.88
255,북창원,2023-09-18,26.2,22.9,31.7,.7,.9,87.4,5.8,15.15
255,북창원,2023-09-19,26,22.9,30.8,,.8,81.5,8.1,16.93
255,북창원,2023-09-20,24.7,22,28.3,29.6,1.3,91.1,0,4.51
255,북창원,2023-09-21,22,19.5,26.2,29.2,1.7,91.4,0,5.15
255,북창원,2023-09-22,22.2,18.7,27.7,,1.1,79.3,5.3,14.7
255,북창원,2023-09-23,21.8,17.7,27.3,,1.9,70,5.9,15.9
255,북창원,2023-09-24,22.8,19.1,28,,2.3,63.1,9,20.24
255,북창원,2023-09-25,23.6,19.4,28.1,,2,72,2.2,12.83
255,북창원,2023-09-26,23.3,21.8,25.1,.9,.7,90.6,0,3.72
255,북창원,2023-09-27,25.2,22,30.2,,.9,79.9,3.1,12.53
255,북창원,2023-09-28,24.7,21.2,29.5,,1.5,72.1,8.6,18.52
255,북창원,2023-09-29,23.8,18.6,29.8,,1,69.6,9.1,19.32
255,북창원,2023-09-30,20.5,17.3,24.5,1.8,1.3,79.5,3.5,10.45
257,양산시,2023-05-20,19.9,13.6,26.2,,2.1,72.9,11,27.63
257,양산시,2023-05-21,21.9,15.3,29,,2.1,74.8,11,25.9
257,양산시,2023-05-22,17.8,13.2,22.6,.1,1.1,73.6,0,6.58
257,양산시,2023-05-23,18.4,11.6,26,0,1.7,64.9,9.1,24.95
257,양산시,2023-05-24,19.1,11.9,26.4,,1.3,66.6,6.9,20.73
257,양산시,2023-05-25,19.8,14.1,26.5,,1.7,57.4,9.1,27.12
257,양산시,2023-05-26,20.8,16.5,25.2,.1,1.8,79.8,2,13.36
257,양산시,2023-05-27,22.8,18.9,27,,2.1,77.1,5.1,19.45
257,양산시,2023-05-28,21.5,20.4,22.5,4,2.7,95,0,3.48
257,양산시,2023-05-29,21.2,19.2,22.9,84.4,2.7,99.4,0,2.08
257,양산시,2023-05-30,20.7,18.9,23.1,0,2.2,83.5,.1,8.89
257,양산시,2023-05-31,21.6,16.9,27.3,,2.6,55.9,9,27.17
257,양산시,2023-06-01,17.3,13.6,21.1,5.3,.6,87.4,0,5.33
257,양산시,2023-06-02,24.5,18.6,33.5,1.4,1.7,70.1,10.8,28.38
257,양산시,2023-06-03,22.1,15.7,28.9,,1.9,67.3,10.7,27.64
257,양산시,2023-06-04,22.3,15.2,30.5,,1.6,61.4,9.2,26.41
257,양산시,2023-06-05,22.4,18.4,28.4,,1.6,62.4,1.2,14.26
257,양산시,2023-06-06,21.8,18,26.8,,2.2,71.4,8.9,26.18
257,양산시,2023-06-07,22.8,16.6,28.9,,2.2,71.9,7.5,22.08
257,양산시,2023-06-08,22.7,18.5,28.3,,2,71.5,6.3,20.55
257,양산시,2023-06-09,22.8,17.2,29.1,,2.2,78,10.9,27.57
257,양산시,2023-06-10,24,18.9,29.6,,2,74.3,10.6,26.52
257,양산시,2023-06-11,23.4,19.7,29,.4,1.7,82.9,3.9,17.76
257,양산시,2023-06-12,23.8,20,30.1,0,1.2,82.8,4.1,17.78
257,양산시,2023-06-13,24.2,20.9,29.4,,1.7,77.5,5.2,20.42
257,양산시,2023-06-14,23,19,30,1.5,1.5,78,,
257,양산시,2023-06-15,21.8,16.5,28.2,,1.3,78.3,7.4,22.43
257,양산시,2023-06-16,24.8,18.2,32.2,,2,70.1,10.4,27.25
257,양산시,2023-06-17,25.4,19.9,31.6,,2.6,65.6,9.2,26.19
257,양산시,2023-06-18,26.4,21.5,34,,1.7,63.5,9,25.33
257,양산시,2023-06-19,26.1,20.8,32.4,,2.5,62.8,9.5,26.73
257,양산시,2023-06-20,24.4,20.4,31.7,.6,2.6,64.9,7.4,22.75
257,양산시,2023-06-21,22,19.5,24.9,12.5,1.5,96,0,3.86
257,양산시,2023-06-22,24.6,21.8,29.8,0,1.4,78.3,3.4,17.19
257,양산시,2023-06-23,24.3,19.9,30.2,,1.4,73.4,5.3,18.54
257,양산시,2023-06-24,24.2,19.1,31.3,,1.2,74.4,6.4,22.67
257,양산시,2023-06-25,23.5,19.6,28.6,23.8,1.1,81.5,.9,13.59
257,양산시,2023-06-26,24.4,21.7,25.7,17.6,2.9,98.4,0,3.58
257,양산시,2023-06-27,25.7,21.6,30.5,11.4,4.1,88.6,4.4,19.85
257,양산시,2023-06-28,24.2,20.9,28.5,31.7,2.6,88.6,2.6,16.91
257,양산시,2023-06-29,25.6,23.9,28.6,5.2,3.2,94.9,.1,6.32
257,양산시,2023-06-30,24.9,23.5,27.6,11.4,2.7,92.4,.1,6.11
257,양산시,2023-07-01,25.4,22.3,30.6,,1.8,82.4,2.2,15.33
257,양산시,2023-07-02,26.3,21.8,33.2,,2,83.5,6.2,22.08
257,양산시,2023-07-03,27.3,22.5,32.3,,1.3,79.8,2.9,15.99
257,양산시,2023-07-04,25.4,23.1,30.4,4.1,.9,88.9,.6,9.71
257,양산시,2023-07-05,27.6,23.2,33.6,22.4,3,79.6,6.3,21.5
257,양산시,2023-07-06,26.5,21.8,33.4,,2,77.6,3.9,19.2
257,양산시,2023-07-07,22.9,19.9,26.4,56.5,1.9,92.1,0,3.95
257,양산시,2023-07-08,23.1,20.9,24.7,3.1,.7,99.3,0,3.31
257,양산시,2023-07-09,25.9,22.6,30.4,.2,1.8,92.5,1.4,12.09
257,양산시,2023-07-10,27.6,24.4,31.8,0,2.9,84.9,4.6,19.96
257,양산시,2023-07-11,25.7,22.9,30.1,44,2.4,94.6,.7,7.33
257,양산시,2023-07-12,26.4,23.5,29.6,22.6,2.4,91,1.3,11.11
257,양산시,2023-07-13,26.5,24.8,28.4,6.5,2.4,94.5,0,6.09
257,양산시,2023-07-14,25.9,24.9,26.7,18,4.8,96.1,0,5.02
257,양산시,2023-07-15,26.6,23.9,28.5,5.1,3.7,93.3,0,6.34
257,양산시,2023-07-16,24.3,22.9,26.4,137.1,1.1,99.5,0,5.17
257,양산시,2023-07-17,27.1,23.7,31.5,11.8,2.4,93,4.5,20.81
257,양산시,2023-07-18,25.6,24.5,28.7,117,1.3,98.3,0,4.94
257,양산시,2023-07-19,25.8,23.3,29.5,,1.5,87.1,2.5,13.48
257,양산시,2023-07-20,26.2,22.5,32.5,,1.5,86.5,5.8,21.53
257,양산시,2023-07-21,27.1,23.1,33.1,,1.6,77.8,7.3,22.75
257,양산시,2023-07-22,25.9,22.7,29.5,.5,1.8,82.4,1.8,12.31
257,양산시,2023-07-23,27.4,24.5,31.3,4.1,3,92.8,1.4,15.31
257,양산시,2023-07-24,26.9,24.9,31.9,18.7,3,95.8,3.1,16.1
257,양산시,2023-07-25,27.4,24.7,31.8,2.6,2,87.8,5.6,17.79
257,양산시,2023-07-26,28.7,24.8,33.3,,1.8,82.9,8.8,24.58
257,양산시,2023-07-27,29.5,25.1,35.4,,1.4,76.1,10.5,25.63
257,양산시,2023-07-28,29.9,25.5,35.6,,1.2,76.1,9.7,24.05
257,양산시,2023-07-29,30.3,24.8,36.5,,1.1,71.6,11,26.21
257,양산시,2023-07-30,29.5,24.6,35.2,,1.5,71.6,10.7,26.24
257,양산시,2023-07-31,29.3,24.2,36.3,,1.2,70.5,9.1,21.57
257,양산시,2023-08-01,29.9,24.9,35.6,,1.5,66.8,10.1,25.25
257,양산시,2023-08-02,29.9,24.4,36,,1.3,71.5,9.1,21.93
257,양산시,2023-08-03,31,25.8,36.9,,1.6,68.1,10.7,25.01
257,양산시,2023-08-04,30.8,25.5,37.4,,1.4,70.3,10,22.84
257,양산시,2023-08-05,31,25.7,37,,1.6,70.4,10.6,25.19
257,양산시,2023-08-06,31.3,27.3,36.9,,2.3,66,7.2,20.2
257,양산시,2023-08-07,30.8,27.8,36,,3,69.5,7.8,20.69
257,양산시,2023-08-08,29.1,26.8,34.2,,3.9,72.3,7.2,23.54
257,양산시,2023-08-09,25.4,24.3,26.8,70,3.9,92.1,0,2.34
257,양산시,2023-08-10,26,24.3,27.7,229.3,4.4,89.4,0,4.54
257,양산시,2023-08-11,27.4,22.6,32.3,,2.2,77.9,10.2,24.63
257,양산시,2023-08-12,27.9,23.6,33.1,.1,1.2,75.1,8,23.19
257,양산시,2023-08-13,27.8,22,34.1,,1.4,74.3,7.3,20.06
257,양산시,2023-08-14,28.5,24.9,33.4,,2.2,71.8,5.4,18.35
257,양산시,2023-08-15,28.7,25.4,33.9,,2.7,67.1,9.7,24.61
257,양산시,2023-08-16,27.3,24.9,31.1,0,1.4,78.4,.8,12.58
257,양산시,2023-08-17,26.8,24.7,30.2,,1.9,79.8,1.5,10.37
257,양산시,2023-08-18,26.8,24.4,30.6,2.5,2.1,86.3,1.9,9.66
257,양산시,2023-08-19,27.3,25.4,30.1,17,1.2,93.8,.4,7.68
257,양산시,2023-08-20,29.5,26.1,35.1,5.2,1.5,83.4,9.8,23.89
257,양산시,2023-08-21,29.2,25.2,34.6,,1.4,78,10.6,23.42
257,양산시,2023-08-22,29,24.9,33.7,,2,78,9,23.83
257,양산시,2023-08-23,29.3,25.5,33.8,29.2,1.9,78.9,9.8,23.92
257,양산시,2023-08-24,26.3,24,31,112.8,1.5,97,.3,6.83
257,양산시,2023-08-25,27.7,24,33.1,6,1.7,79.6,8.8,22.44
257,양산시,2023-08-26,27.6,23.6,33.7,,1.4,75.9,8.6,21.02
257,양산시,2023-08-27,27.9,24.2,33.1,,2.6,73.3,8.2,20.85
257,양산시,2023-08-28,27.3,25.6,30.7,,2.3,79.4,2.2,11.61
257,양산시,2023-08-29,27.3,24.8,31.5,18.7,2.4,89,1.7,9.47
257,양산시,2023-08-30,27.1,24.6,29.5,24.6,.8,90.1,0,4.92
257,양산시,2023-08-31,27.3,24.6,32.4,16,1.5,89.1,4.2,16.36
257,양산시,2023-09-01,24.9,24,26.8,27.8,1.1,98.1,0,4.39
257,양산시,2023-09-02,24.9,23,30.9,25.1,1.3,93.8,1.5,10.22
257,양산시,2023-09-03,27.1,22.6,33.1,,1.4,81.9,6.2,17.61
257,양산시,2023-09-04,27.8,24.2,32.4,0,2.4,75.9,7.8,18.32
257,양산시,2023-09-05,27,23.6,31.7,,3.1,66.9,9.1,20.09
257,양산시,2023-09-06,27.1,24.6,31,,3.3,68.6,7.7,19.62
257,양산시,2023-09-07,25.4,22.3,30.2,,2.9,67,5.9,16.1
257,양산시,2023-09-08,25.2,21.4,30.4,,2.2,65.5,7.9,19.51
257,양산시,2023-09-09,24,18.2,31.2,,1.6,72.5,10.3,23.24
257,양산시,2023-09-10,25.1,19.2,31.1,,1.6,73.9,7.5,17.85
257,양산시,2023-09-11,26.1,20.7,32.2,,1.2,75.6,9.5,22.1
257,양산시,2023-09-12,26.2,22.2,32.2,,.9,77.4,4.1,15.72
257,양산시,2023-09-13,26.5,23.5,31.1,.9,1.5,80.4,.2,9.22
257,양산시,2023-09-14,24.1,22,26.4,42.7,2.6,88.3,0,4.76
257,양산시,2023-09-15,25.1,23.7,28.4,1.2,2.4,87.1,1.2,8.42
257,양산시,2023-09-16,24.1,23,26.3,49.2,.9,98,.1,2.75
257,양산시,2023-09-17,24.3,22.5,27.4,108.3,.9,97.8,.2,4.69
257,양산시,2023-09-18,25.7,22.2,31.4,.7,1.3,85.8,7.8,19.31
257,양산시,2023-09-19,25.7,21.9,31.9,0,1.7,80,8.1,18.37
257,양산시,2023-09-20,23.9,21,27,38.8,1.6,90.5,0,4.67
257,양산시,2023-09-21,21.8,19.5,27,41.1,3.5,82,0,6.43
257,양산시,2023-09-22,22.3,19,27.7,,2,72,5.4,15.08
257,양산시,2023-09-23,21.3,16,27.6,,2.2,70.1,5.5,15.86
257,양산시,2023-09-24,22.9,20.3,27.4,,3,63.1,6.3,16.89
257,양산시,2023-09-25,24,20.9,28.4,,2.7,70.4,2.7,13.67
257,양산시,2023-09-26,23,21.9,25.2,1.7,1.5,90.6,0,3.39
257,양산시,2023-09-27,25.3,21.9,30.9,,1.3,80.8,4.6,14.88
257,양산시,2023-09-28,24.7,20.1,30.4,,1.4,73,8.6,19.2
257,양산시,2023-09-29,23.1,17.2,30.6,,1,71.3,8.7,19.34
257,양산시,2023-09-30,20.6,17.8,24.9,.8,1.5,79.8,2.4,7.97
258,보성군,2023-05-20,19.7,14.8,25.2,,2.7,83.6,9.5,27.81
258,보성군,2023-05-21,20,15.9,25.8,,4,76.1,11,28.66
258,보성군,2023-05-22,17.4,15.2,20.2,.7,3,72.9,.8,8.56
258,보성군,2023-05-23,18,12.3,25.3,0,3.2,76.3,9.7,22.7
258,보성군,2023-05-24,18.5,12.2,23.8,,2,74.9,5.6,20.04
258,보성군,2023-05-25,,15.2,24.5,,2.3,,8.6,26.67
258,보성군,2023-05-26,20.6,15.8,25.4,,2.3,81.8,2.3,16.3
258,보성군,2023-05-27,22.3,20.3,26.3,0,3.3,83.3,1.5,14.19
258,보성군,2023-05-28,22.1,21.1,24.5,4.3,2.4,94.6,0,6.04
258,보성군,2023-05-29,22.6,20.9,24.6,3.7,1.9,95.9,0,6.05
258,보성군,2023-05-30,20.1,18.6,21.7,21.6,2.5,97.3,0,4.48
258,보성군,2023-05-31,20.9,16.1,26.1,2.7,2.9,75,11.5,30.08
258,보성군,2023-06-01,18.2,16,19.6,14.1,1.2,94.6,0,4.81
258,보성군,2023-06-02,23.8,18.3,30.7,.3,3,70.8,11.5,29.69
258,보성군,2023-06-03,22.8,17,29.7,,4.2,61.6,13,29.95
258,보성군,2023-06-04,22.9,16.7,28.8,,3.3,51.8,9.5,25.49
258,보성군,2023-06-05,22.2,19,26.1,0,3.3,63.1,.4,15.04
258,보성군,2023-06-06,21.1,17.9,26.2,,2.4,75,9.8,27.54
258,보성군,2023-06-07,21.5,16.2,28.1,,2.9,76.1,11.8,26.74
258,보성군,2023-06-08,21.4,18.3,25.6,,1.9,81.6,7.7,23.38
258,보성군,2023-06-09,22.3,18.1,27.8,,2.2,82.6,9.7,27.31
258,보성군,2023-06-10,23.1,19.5,26.7,,2.8,83.3,6.8,22.27
258,보성군,2023-06-11,23.5,20.5,28.1,,2.3,82.4,6.5,20.7
258,보성군,2023-06-12,23.7,19.2,28.5,,2.3,78.9,10.9,27.91
258,보성군,2023-06-13,23.4,19.1,28.7,,2.7,75.5,11.3,25.42
258,보성군,2023-06-14,22.9,18.8,28.5,0,2.9,71.5,9.1,22.44
258,보성군,2023-06-15,22.6,17.1,29.7,,2.7,72.4,11.5,28.66
258,보성군,2023-06-16,23.1,16.8,29.8,,2.4,67,12.6,30.24
258,보성군,2023-06-17,24,18.7,29.5,,2.4,69.5,9.5,24.46
258,보성군,2023-06-18,25,21,30,,2.7,69.6,8.9,24.67
258,보성군,2023-06-19,24.4,19.7,30.1,,2.5,75.3,10.4,25.49
258,보성군,2023-06-20,22.2,18.9,27.4,30.3,2.9,83.3,4.9,14.39
258,보성군,2023-06-21,22.5,20.8,25.1,3.4,2.6,89.5,.2,7.02
258,보성군,2023-06-22,24,20.4,28.5,,3.5,71.5,9.9,27.66
258,보성군,2023-06-23,24.1,19.6,29.6,,2.8,74.4,11.2,27.36
258,보성군,2023-06-24,23.4,19.9,27.9,,2.3,81.1,6.4,22.73
258,보성군,2023-06-25,21.5,19.9,22.9,23.3,2.8,94.1,0,5.55
258,보성군,2023-06-26,24.8,21.4,27.6,44,4,94.4,0,7.67
258,보성군,2023-06-27,25.2,21.4,29,61,2.7,90.6,2.5,17.64
258,보성군,2023-06-28,22.1,19.4,24.1,139,1.9,94.4,0,9.18
258,보성군,2023-06-29,24.7,23,26.7,31.5,2.2,96.6,.1,4.11
258,보성군,2023-06-30,24,22.9,26.2,27.1,1.5,96.8,0,5.73
258,보성군,2023-07-01,24.2,22.9,26.7,,1.4,94.5,0,7.47
258,보성군,2023-07-02,24.9,22,30,,1.4,89.8,4.3,19.23
258,보성군,2023-07-03,25.4,23.4,29.2,1.2,1.8,92.1,2.1,14.47
258,보성군,2023-07-04,23.5,23,23.9,22,2.1,98.4,0,2.23
258,보성군,2023-07-05,25.9,21.9,30.7,25,2.7,83.5,8.3,24.68
258,보성군,2023-07-06,24.8,19.8,30.8,,1.6,85.4,9.5,26.67
258,보성군,2023-07-07,23,22.2,24.4,70.4,1.8,96.9,0,2.23
258,보성군,2023-07-08,24.3,22.1,27.6,2.8,1.1,95.9,.9,8.42
258,보성군,2023-07-09,25.4,23.9,27.7,5,1,97,.2,5.5
258,보성군,2023-07-10,26.4,22.3,29.8,17,1.8,90.3,2.7,14.85
258,보성군,2023-07-11,26,24.7,27.3,.2,2.2,94.3,0,4.76
258,보성군,2023-07-12,25.5,23.2,28.3,78.2,1,95.9,0,6.44
258,보성군,2023-07-13,26.4,25.1,29.2,.8,1.5,93.1,0,5.43
258,보성군,2023-07-14,26.8,25.5,27.5,4.7,5.5,87,0,3.12
258,보성군,2023-07-15,26.2,21.5,29.2,54,4.4,88.8,.1,9.04
258,보성군,2023-07-16,24.4,21.6,28,63.6,1.4,96,.9,11.37
258,보성군,2023-07-17,26,24.3,30.3,25.7,1.4,96.3,0,12.29
258,보성군,2023-07-18,25.1,23.7,26.6,122.1,1.9,99.5,0,4.49
258,보성군,2023-07-19,25.6,23.8,28.5,,1.2,93.1,.6,11.36
258,보성군,2023-07-20,25.8,23,29.8,,1.8,89.6,5.9,19.63
258,보성군,2023-07-21,25.7,22.3,30.4,,1.7,87,2.4,17.77
258,보성군,2023-07-22,24.3,22.6,26,13.3,2,95.5,0,3.79
258,보성군,2023-07-23,26.5,25,29.7,16.9,2.1,95.8,.3,7.79
258,보성군,2023-07-24,25.8,24.1,27.4,15.3,1.8,95.8,.1,7.04
258,보성군,2023-07-25,26.6,23.8,29.5,0,1.4,90.6,2.3,15.18
258,보성군,2023-07-26,26.9,23.7,31.1,4.9,1.7,89.8,4.9,18.2
258,보성군,2023-07-27,27.8,24.7,32.5,,1.7,87.3,8.5,25.23
258,보성군,2023-07-28,27.3,24,31.8,,1.3,87.8,2.6,15.75
258,보성군,2023-07-29,28.4,23.4,33.3,,1.2,82.3,13,28.01
258,보성군,2023-07-30,27.2,23.3,32.1,10.1,1.5,87.5,8.5,20.57
258,보성군,2023-07-31,28.1,23.3,33.5,,1.7,82.4,11.8,27.27
258,보성군,2023-08-01,28.5,24,33.8,,2,81,12.8,26.62
258,보성군,2023-08-02,28.6,24,34.3,,1.8,80.8,12.8,28.14
258,보성군,2023-08-03,28.8,24.4,34.2,,1.8,78.8,12.8,28.34
258,보성군,2023-08-04,28.6,24.3,34.1,,1.7,80.6,10.1,26.11
258,보성군,2023-08-05,29.2,24.2,35.2,,1.9,80.9,12.2,27.26
258,보성군,2023-08-06,29.9,25.4,35.7,,2.4,79.9,10.8,25.43
258,보성군,2023-08-07,29.2,25.3,35.7,.5,2.1,84.5,8.6,21.16
258,보성군,2023-08-08,29.8,24.9,36.4,,2.2,79.4,10.9,25.96
258,보성군,2023-08-09,26.8,25.1,29.7,17.8,2.1,86.5,0,4.42
258,보성군,2023-08-10,25.1,22,27.2,27.4,7,83.9,1.7,12.17
258,보성군,2023-08-11,26.4,21.1,30.8,,2.1,85.4,10.4,26.16
258,보성군,2023-08-12,26.8,22.3,31.9,0,2.1,84.1,8.6,23.43
258,보성군,2023-08-13,27.3,22.9,31.9,,1.8,84.4,9.7,23.67
258,보성군,2023-08-14,27.9,23.9,32.8,,1.7,83.4,11.4,25.09
258,보성군,2023-08-15,27.9,24.1,33.1,0,1.7,85,8.7,24.12
258,보성군,2023-08-16,27.5,24.5,32,0,2.1,85.8,6.7,20.14
258,보성군,2023-08-17,26.8,23.2,30.9,,1.9,87.4,6.2,19.35
258,보성군,2023-08-18,27.3,23.6,31.3,,1.7,84.6,4.7,18.26
258,보성군,2023-08-19,28.3,24.6,32.8,0,1.9,83.9,6.4,19.56
258,보성군,2023-08-20,28.5,24.3,33,,1.7,83.8,12,26.09
258,보성군,2023-08-21,28.2,24.7,32.5,,2,86.1,9.7,24.43
258,보성군,2023-08-22,28,25.4,31.4,1.1,2.7,86.4,4,16.73
258,보성군,2023-08-23,27.6,24.8,31.1,23.9,2.8,88.5,3.2,13.8
258,보성군,2023-08-24,26.3,23.8,29.5,12.7,1.6,93.6,.5,8.31
258,보성군,2023-08-25,26.7,22.5,31.7,,2.3,82.4,11.1,25.52
258,보성군,2023-08-26,26.2,21.5,31.9,,1.9,81.8,12,24.82
258,보성군,2023-08-27,26.9,22.5,32.3,,2,84.4,8.7,21.4
258,보성군,2023-08-28,26.4,22.5,29.6,20.4,3.3,89.8,1.4,11.24
258,보성군,2023-08-29,27.7,25.5,31.3,12.2,2.6,90.5,2.5,14.79
258,보성군,2023-08-30,23.6,21.9,26.8,46.1,2.5,96.9,.1,6.13
258,보성군,2023-08-31,25.7,21.8,30.2,,2.2,81.6,6.9,20.18
258,보성군,2023-09-01,26.1,22.2,31.8,0,2.3,85.4,6.9,21.67
258,보성군,2023-09-02,24.9,23,28.1,13.3,1.6,92.6,.5,9.37
258,보성군,2023-09-03,26.7,23.8,31.2,5.6,1.7,88.5,7.2,19.31
258,보성군,2023-09-04,26.8,22.9,32.4,,2,85.8,9.1,21.99
258,보성군,2023-09-05,26.4,22.6,31.6,,1.7,79.5,9.1,20.59
258,보성군,2023-09-06,25.5,21.5,31.8,0,2.1,84.6,9.8,23
258,보성군,2023-09-07,24.4,20.2,30.6,,2,74.4,11.7,24.78
258,보성군,2023-09-08,23.5,17.6,30,,1.8,77,10.9,23.76
258,보성군,2023-09-09,24,18.6,30.4,,1.9,82.4,11.6,24.45
258,보성군,2023-09-10,24.2,20.7,29.8,,1.5,85.4,5.2,18.15
258,보성군,2023-09-11,25.5,21,30.9,,1.9,81.6,9.9,23.55
258,보성군,2023-09-12,24.9,21.3,31.1,,1.6,86.1,4.4,17.2
258,보성군,2023-09-13,24.7,23.1,27.7,18.1,1.4,93.3,0,5.86
258,보성군,2023-09-14,23,21.6,24.8,13.4,1.4,96.9,0,4.08
258,보성군,2023-09-15,24.7,22.2,27.9,18.6,2,93.3,.4,8.67
258,보성군,2023-09-16,24.6,23.3,26.9,41.9,1.3,97.9,.1,4.83
258,보성군,2023-09-17,25.4,22.8,29.8,14.9,1.5,89.4,2.5,14.33
258,보성군,2023-09-18,25.5,21.7,30.4,,2.2,87,10.2,22.43
258,보성군,2023-09-19,23.7,20.4,28.7,,2.2,86.3,7.6,16.2
258,보성군,2023-09-20,24.2,19.7,27.7,26.3,2.5,93.9,0,2.98
258,보성군,2023-09-21,23.1,20.1,26.5,.4,3.3,89.5,.1,8.31
258,보성군,2023-09-22,22,18.6,26.9,.6,1.9,87.1,6,18.18
258,보성군,2023-09-23,20.8,16.6,26.3,,2.4,76.5,6.4,15.76
258,보성군,2023-09-24,21.3,15.7,26.6,,2.8,70.5,11.2,20.8
258,보성군,2023-09-25,21.9,17.3,26.7,0,1.4,83.5,1.4,10.03
258,보성군,2023-09-26,23.6,20.9,27.7,1.2,1.3,90,.5,8.47
258,보성군,2023-09-27,23.5,21,26.6,,2.2,84.1,3.2,11.08
258,보성군,2023-09-28,23.7,19.6,28.7,,2.5,79,8.7,19.24
258,보성군,2023-09-29,22.3,16.3,28.3,,2,77.1,10.3,20.9
258,보성군,2023-09-30,19.7,16.7,24.5,2,2.6,79.5,5,14.8
259,강진군,2023-05-20,20.2,15.4,26.4,,1.6,78.9,8.9,26.81
259,강진군,2023-05-21,18.7,15.2,24.1,,2.1,79,8.5,25.16
259,강진군,2023-05-22,16.6,12.9,20.2,1,1.4,77,1.4,9.76
259,강진군,2023-05-23,18.2,11,26.6,,1.5,71.3,12.2,29.51
259,강진군,2023-05-24,18.3,11.9,24.2,,1.2,74.3,5.5,19.67
259,강진군,2023-05-25,19.5,15.1,25.5,,1.4,65,8.2,24.58
259,강진군,2023-05-26,21.1,15.3,26,,1.4,77,3.7,17.04
259,강진군,2023-05-27,22.8,20.9,26.5,,2.7,77.4,1.6,13.43
259,강진군,2023-05-28,22.4,20.8,25.4,.9,1.3,93.6,.4,9.5
259,강진군,2023-05-29,21.5,20.4,22.5,9.7,1.5,99.9,0,3.34
259,강진군,2023-05-30,20,18.6,21.6,49.5,1.6,88,0,4.61
259,강진군,2023-05-31,21,16.8,26.8,5.4,2.2,69.4,10.4,28.28
259,강진군,2023-06-01,18.8,16.7,20.3,7.3,1.1,88.6,0,4.92
259,강진군,2023-06-02,22.7,18.2,29.8,.8,2.2,75.4,9.9,27.41
259,강진군,2023-06-03,22.2,16,28.6,,2.4,61.9,12,29.27
259,강진군,2023-06-04,21.5,15,27.7,,1.5,59.1,8.4,23.77
259,강진군,2023-06-05,21.5,18,25.5,0,1.7,64.1,.3,12.61
259,강진군,2023-06-06,21.1,17.1,27.3,0,1.5,73.3,7.8,25.23
259,강진군,2023-06-07,20.8,14.4,27.4,,1.2,77.4,11.4,25.5
259,강진군,2023-06-08,21.9,18.5,27.1,,1.5,77.9,7.4,22.53
259,강진군,2023-06-09,22.6,18.3,29.5,,1.5,80.3,9.2,25.92
259,강진군,2023-06-10,23.7,19.1,27.8,,2.1,76.9,9.1,25.11
259,강진군,2023-06-11,23.8,20.9,28.7,.2,1.7,81.8,5.5,20.3
259,강진군,2023-06-12,23.2,19.1,29.5,,1.4,79.4,5.9,21.65
259,강진군,2023-06-13,23.7,18.8,30.2,,1.4,69.5,9.6,24.57
259,강진군,2023-06-14,23.3,17.2,29.5,,1.6,67.5,10.5,25.52
259,강진군,2023-06-15,22.8,16.5,29.5,,1.7,67,12.5,29.63
259,강진군,2023-06-16,22.6,15.3,30.9,,1.2,70.3,11.4,28.91
259,강진군,2023-06-17,23.6,16.3,31,,1.1,67,8.1,24.52
259,강진군,2023-06-18,24.4,19.1,31.5,,1.3,64.5,7,21.83
259,강진군,2023-06-19,24.2,17.7,30.9,,1.7,72.4,9.6,26.7
259,강진군,2023-06-20,22.3,19.5,26.9,12.2,2.3,81.5,3.6,10.25
259,강진군,2023-06-21,22.2,21.2,23.9,1.6,1.5,91.6,0,5.36
259,강진군,2023-06-22,23.3,19.8,27.6,,2.3,76.5,5.7,21.08
259,강진군,2023-06-23,24,18.1,30.5,,1.4,76.1,10.9,27.49
259,강진군,2023-06-24,24,21.6,28.6,,2.3,74.6,5.9,18.7
259,강진군,2023-06-25,21.7,20.9,22.7,24.6,2.2,94,0,2.88
259,강진군,2023-06-26,24.5,21.4,26.5,15.1,1.9,94.1,0,
259,강진군,2023-06-27,24.9,23.5,27.5,30.7,1.9,91,.1,6.47
259,강진군,2023-06-28,22.4,20.2,24.9,7.3,1.4,87.5,0,5.01
259,강진군,2023-06-29,24.7,22.9,25.8,37.1,1.6,86,0,3.27
259,강진군,2023-06-30,23.6,22.4,26.8,34.6,1.2,89.4,0,4.67
259,강진군,2023-07-01,25,22.5,30,,1.2,85,3.8,19.4
259,강진군,2023-07-02,25.2,22.4,30.2,,1.3,87.3,3.6,18.44
259,강진군,2023-07-03,25,23.8,27.3,6.3,1.1,92.6,0,6.05
259,강진군,2023-07-04,23.9,22.6,24.3,11.1,1.5,95.9,0,2.59
259,강진군,2023-07-05,25.8,20.8,30.8,33.8,2.3,81.4,7.8,24.38
259,강진군,2023-07-06,24.9,19.6,31.5,,1.1,84.3,9.2,26.69
259,강진군,2023-07-07,24.2,22.5,25.5,39.1,1,96,0,2.61
259,강진군,2023-07-08,24.8,23.2,27.3,3.3,.8,95.3,0,5.98
259,강진군,2023-07-09,25.8,23.9,28.2,.9,1.1,94.6,.1,7.41
259,강진군,2023-07-10,26.7,21.6,30.2,22.9,1.4,89.3,3.7,16.7
259,강진군,2023-07-11,26.1,24.9,27.4,2.4,1.3,94.8,0,3.8
259,강진군,2023-07-12,25.9,23.6,27.9,24.5,1.3,95.4,.4,5.59
259,강진군,2023-07-13,26.6,25.8,28.4,.5,1.5,89.4,0,5.35
259,강진군,2023-07-14,26.6,25.4,27.9,4.8,2.7,89.3,0,2.66
259,강진군,2023-07-15,25.8,21.2,29.3,54.6,2.4,92.5,0,5.2
259,강진군,2023-07-16,24.2,21.6,30,160.7,1,95.6,.9,10.75
259,강진군,2023-07-17,25.6,23.2,30.5,45.2,.9,95.8,1.3,13.23
259,강진군,2023-07-18,25.3,23.9,28.1,71.2,1.1,98.1,0,5.53
259,강진군,2023-07-19,25.6,23.7,30.5,,1.2,89.1,1.1,12.35
259,강진군,2023-07-20,25.9,22.5,29.8,,.9,87.1,1.5,14.99
259,강진군,2023-07-21,26.3,23.2,30.3,,1.7,82.4,3,19.79
259,강진군,2023-07-22,24.2,21.8,25.5,23.4,1.4,96.8,0,2.72
259,강진군,2023-07-23,26.3,25.1,30.2,24.2,1.2,94.5,.5,8.93
259,강진군,2023-07-24,25.7,23.7,28.9,33.7,1.2,95,.2,7.35
259,강진군,2023-07-25,27.1,23.8,30.4,0,1.2,85.3,4.8,19.33
259,강진군,2023-07-26,28,25.6,32.2,0,1.3,86.1,6.1,18.83
259,강진군,2023-07-27,28.6,25.2,32.8,,1.6,82.1,7.4,21.67
259,강진군,2023-07-28,27.8,24.4,32,,1.5,83.8,3.4,16.97
259,강진군,2023-07-29,28.7,25.1,34.1,,1.2,79.3,9.6,24
259,강진군,2023-07-30,28.1,23.6,32.6,,1.4,80.9,9.3,22.56
259,강진군,2023-07-31,28.9,24,34.2,,1.1,79.4,10.9,26.82
259,강진군,2023-08-01,29.1,24.4,34.9,,1.4,78.1,12,27.67
259,강진군,2023-08-02,29.4,24,35.3,,1.2,76.6,12.2,27.9
259,강진군,2023-08-03,29.2,24.4,34.5,,1.5,75.4,10.6,25.06
259,강진군,2023-08-04,28.8,24.6,33.6,,1.4,78.6,6.4,18.95
259,강진군,2023-08-05,30.3,24.3,36.6,,1.1,75.5,9.7,24.12
259,강진군,2023-08-06,30.5,25.6,36,,1.4,75.4,11,26.04
259,강진군,2023-08-07,28.3,25.7,36,31.1,1.1,87.5,6.5,15.57
259,강진군,2023-08-08,29.8,24.8,36.2,,1.2,80.1,8.8,24.06
259,강진군,2023-08-09,27.2,25.1,30.5,15.3,1.8,85.1,0,6.23
259,강진군,2023-08-10,25,22.4,28.6,67.2,3.7,86,1.5,12.89
259,강진군,2023-08-11,27.1,22.3,31.9,,1.4,81,6.5,22.75
259,강진군,2023-08-12,26.8,21.6,33.1,,1.2,81,6.9,21.15
259,강진군,2023-08-13,27.5,22.5,32.3,,1.1,80.9,11.3,24.92
259,강진군,2023-08-14,28.1,23.4,32.9,0,1.3,78.6,10.3,25.17
259,강진군,2023-08-15,29.2,25.6,34.3,,1.4,76.4,8.2,21.97
259,강진군,2023-08-16,28.3,24.1,34.1,,1.2,76.1,8.7,21.99
259,강진군,2023-08-17,27.2,22.8,32.3,,1.2,82.3,9.1,23.26
259,강진군,2023-08-18,27.8,23.6,32.9,0,1.2,81.1,6.6,19.95
259,강진군,2023-08-19,28,24,33.6,0,1.1,80.9,5,15.78
259,강진군,2023-08-20,28.2,23.2,33.9,,1,79.6,11,25.62
259,강진군,2023-08-21,28.3,24.4,33,,1.5,81.4,6,19.33
259,강진군,2023-08-22,29.1,26.2,32.3,.1,2,78.6,5.1,18.79
259,강진군,2023-08-23,25.9,24.1,29.8,56.7,1,95.9,0,6.18
259,강진군,2023-08-24,26,24.3,28.9,5.9,1.2,92.4,.7,8.37
259,강진군,2023-08-25,26.6,22,32.8,,1.5,79.1,10.7,25.12
259,강진군,2023-08-26,26.3,20.4,32.3,,1.1,79.1,10.8,24.22
259,강진군,2023-08-27,26.9,22,32,,1.1,81.8,7.4,19.19
259,강진군,2023-08-28,27,23.5,31,59.4,2.6,86.8,3.6,15.77
259,강진군,2023-08-29,27.2,24.4,31.1,35.2,1.5,89.8,1.7,11.27
259,강진군,2023-08-30,22.6,20.9,24.9,78.3,1.2,95,0,4.61
259,강진군,2023-08-31,25.2,20.7,31.2,,1.6,75.6,10.8,25.24
259,강진군,2023-09-01,26.3,21.2,32.6,,1.1,82.5,6.6,21.07
259,강진군,2023-09-02,25.3,23.1,28.5,11,1.2,91.3,.2,10.09
259,강진군,2023-09-03,27.2,24,31.4,.5,1.4,84.8,6.8,18.79
259,강진군,2023-09-04,26.5,22.8,33.1,23.1,1,86.9,7.2,20.16
259,강진군,2023-09-05,26.2,22.3,33,,.8,85.9,5.9,17.12
259,강진군,2023-09-06,25.5,22.2,32.9,.3,.9,88,5.3,18.24
259,강진군,2023-09-07,24.6,20.1,31.1,,.9,76.5,10.2,24.28
259,강진군,2023-09-08,23.4,17.2,30.6,,.9,74.4,10.3,23.69
259,강진군,2023-09-09,24.4,18.3,31.4,,.9,76.6,8.5,20.98
259,강진군,2023-09-10,24.9,20.4,31.1,,.8,81.6,4.8,17.59
259,강진군,2023-09-11,25.6,20.5,32.1,,1,77.3,8.4,21.04
259,강진군,2023-09-12,25.2,20.4,31.2,0,.9,78.4,5.2,18.26
259,강진군,2023-09-13,24.7,21.8,27.8,14.1,.9,88.4,0,7.26
259,강진군,2023-09-14,22.4,21.1,24.3,14,.7,96.1,0,5.18
259,강진군,2023-09-15,25.1,22.3,29.1,17.8,1.5,90,1.8,13.35
259,강진군,2023-09-16,24.1,23,25.8,29.6,.7,98.9,0,4.04
259,강진군,2023-09-17,25.5,22.6,30.4,4.6,.8,89.1,1.9,13.98
259,강진군,2023-09-18,25.6,21.9,32,,1.1,83.4,8.4,20.03
259,강진군,2023-09-19,23.6,20.4,29.8,,.8,84.9,4.9,14.27
259,강진군,2023-09-20,24.6,19.9,28.1,5.3,1.5,90.8,0,3.69
259,강진군,2023-09-21,21.7,19.8,25.5,0,2.4,87.4,.4,7.54
259,강진군,2023-09-22,21.4,16.8,28.7,,1,80.9,8,19.51
259,강진군,2023-09-23,20.7,15.9,26.9,,1.1,74.8,5.2,15.33
259,강진군,2023-09-24,21.7,15.4,27.3,,1.8,68,10.4,20.51
259,강진군,2023-09-25,22.9,18.2,27.5,,1.2,77,1.1,11.2
259,강진군,2023-09-26,24.8,22.3,28.6,0,1.7,80.9,2.8,10.45
259,강진군,2023-09-27,24.2,21.8,27.8,0,2,79.3,3,8.71
259,강진군,2023-09-28,24,20.9,28.5,,1.5,76.6,6.6,15.77
259,강진군,2023-09-29,22.5,16.9,29.4,,1.1,74.9,9,20.16
259,강진군,2023-09-30,19.5,16.3,24.4,4.1,1.4,77.1,4.8,15.47
260,장흥,2023-05-20,19.6,14.3,25.5,,1.5,80.9,7.8,
260,장흥,2023-05-21,18.6,15.6,23.8,,1.7,79.5,8.3,
260,장흥,2023-05-22,16.4,12.8,20,1,1.3,77.9,1.1,
260,장흥,2023-05-23,17.3,10.4,25.9,,1.6,73.5,12.1,
260,장흥,2023-05-24,17.7,11.1,23.8,,1.3,76.3,6.5,
260,장흥,2023-05-25,18.9,14.7,23.7,,1.6,70.6,9,
260,장흥,2023-05-26,20.4,14.8,24.8,0,1.5,80.8,3.6,
260,장흥,2023-05-27,21.4,20.1,24.1,.3,3.4,85.3,2,
260,장흥,2023-05-28,21.7,20.4,24.5,1.3,2.2,96.5,.7,
260,장흥,2023-05-29,22,20.6,23.1,7.1,1.2,99,0,
260,장흥,2023-05-30,19.8,18.4,21.2,45.9,1.7,98.3,0,
260,장흥,2023-05-31,20.9,15.4,26.1,5.5,2.1,73,11.1,
260,장흥,2023-06-01,18.2,16,19.7,8.5,.6,98.3,0,
260,장흥,2023-06-02,22.8,18,29.5,.4,2.5,71.9,11,
260,장흥,2023-06-03,21.4,14.9,28.6,,1.9,65.5,13.1,
260,장흥,2023-06-04,20.5,13.9,27.4,,1,65.5,9.3,
260,장흥,2023-06-05,20.5,17.4,25.1,0,1.1,69.5,.4,
260,장흥,2023-06-06,20.5,16.9,26.6,0,1.2,73.8,9.5,
260,장흥,2023-06-07,20.9,14.3,28.1,,1.2,75.3,11.8,
260,장흥,2023-06-08,20.9,17.9,25.5,0,1.7,83.4,7.9,
260,장흥,2023-06-09,22.3,17.6,28,,2,82.3,9.8,
260,장흥,2023-06-10,22.8,19.7,26.5,0,2.5,82.1,9.7,
260,장흥,2023-06-11,23.2,20.2,27.7,0,1.8,83.8,6.6,
260,장흥,2023-06-12,23,18.5,28.9,,1.1,80.8,8,
260,장흥,2023-06-13,23.1,18.8,29.5,,1.2,74.6,10.9,
260,장흥,2023-06-14,22.2,16.8,29.1,,1.3,72.6,9.4,
260,장흥,2023-06-15,22.6,16,29.3,,1.3,64.4,13.2,
260,장흥,2023-06-16,22.4,15,29.8,,1.3,70.8,12,
260,장흥,2023-06-17,23.1,16.9,30.3,,1.2,70.5,8.7,
260,장흥,2023-06-18,24.2,19.2,31.1,0,1,62.4,8.6,
260,장흥,2023-06-19,23.7,17.6,29.7,,1.6,75.9,10.1,
260,장흥,2023-06-20,22.1,20,26.9,11.3,1.6,81.1,4.8,
260,장흥,2023-06-21,22,20.6,23.8,1.6,1,94.3,0,
260,장흥,2023-06-22,23,19.7,27.9,0,2.1,77.8,8.6,
260,장흥,2023-06-23,23.2,17.7,29.3,,1.6,78.1,11.7,
260,장흥,2023-06-24,23.2,20,27.4,,1.6,78.4,7.3,
260,장흥,2023-06-25,21.6,19.6,23.9,22.4,1.3,94.1,0,
260,장흥,2023-06-26,24.8,21.3,27.2,23.3,1.9,97.5,0,
260,장흥,2023-06-27,25.3,21.3,29.5,38.2,1.5,91.5,2.3,
260,장흥,2023-06-28,22,20,24.3,43.8,1.3,97.6,0,
260,장흥,2023-06-29,24.5,22.6,26.1,38.7,1.4,99,0,
260,장흥,2023-06-30,23.7,22.5,26.8,30.9,1,97.8,.1,
260,장흥,2023-07-01,24.6,22.5,29.1,,1.3,90.9,4.8,
260,장흥,2023-07-02,24.8,21.8,29.9,,1.6,91.1,4.9,
260,장흥,2023-07-03,25.1,23.7,28.4,1,1.6,95.5,1.2,
260,장흥,2023-07-04,23.7,22.7,24.3,17.3,2,97.8,0,
260,장흥,2023-07-05,25.1,20.4,29.5,31.5,1.8,86.1,7.1,
260,장흥,2023-07-06,24.4,19.4,30.4,,1.9,86.5,10,
260,장흥,2023-07-07,23.8,22.9,24.7,39.8,1.4,98.6,0,
260,장흥,2023-07-08,24.7,22.7,28.1,1.8,1.2,97,.7,
260,장흥,2023-07-09,25.5,23.8,28.3,1.7,1.2,97.9,.1,
260,장흥,2023-07-10,26.1,21.6,29.8,32.3,1.8,94.8,4.7,
260,장흥,2023-07-11,26.2,25,27.8,.1,1.3,96.5,0,
260,장흥,2023-07-12,25.9,23.1,27.9,32.7,.8,97,.2,
260,장흥,2023-07-13,26.5,25.3,28.3,.8,1.5,92.8,0,
260,장흥,2023-07-14,27,25.7,27.6,6.6,3.2,86.4,0,
260,장흥,2023-07-15,25.8,20.9,28.6,75,2.3,91.4,0,
260,장흥,2023-07-16,24.1,21.2,30,130.7,.9,96.8,1.7,
260,장흥,2023-07-17,25.5,23.1,30.2,25,1.1,95.9,1.5,
260,장흥,2023-07-18,25.2,23.7,27.5,71.2,1.3,99,.4,
260,장흥,2023-07-19,24.9,22.7,28.9,,1.1,96.6,1.7,
260,장흥,2023-07-20,25.3,22.1,29.8,,.9,91.6,3.5,
260,장흥,2023-07-21,25.5,22.3,29.5,,1.7,84.4,4.8,
260,장흥,2023-07-22,24.6,21.6,26.6,26.6,1.9,97.6,0,
260,장흥,2023-07-23,26.4,24.8,29.2,27,2.2,96.5,.7,
260,장흥,2023-07-24,25.3,23.2,28.2,48.1,1.3,98.3,0,
260,장흥,2023-07-25,26.2,23.9,29,.6,1.7,93.9,4,
260,장흥,2023-07-26,26.9,24.8,30.8,5.4,1.4,93.8,7.2,
260,장흥,2023-07-27,27.5,24.3,31.5,,1.5,87.4,9.1,
260,장흥,2023-07-28,26.9,23.3,31.6,,1.3,87.6,5.8,
260,장흥,2023-07-29,27.8,23.4,32.7,0,1.3,82.1,12.8,
260,장흥,2023-07-30,27.1,22.4,31.5,,1.5,84.6,12.5,
260,장흥,2023-07-31,27.7,22.7,34.2,0,.8,82.5,10.8,
260,장흥,2023-08-01,28.2,23,33.4,,1.3,80,11.5,
260,장흥,2023-08-02,28.2,22.8,34.8,0,1.2,81.4,12.8,
260,장흥,2023-08-03,28.3,23.2,33.8,,1.3,79.1,12.9,
260,장흥,2023-08-04,28,23.3,32.9,,1.4,82.3,11.3,
260,장흥,2023-08-05,29,23.3,35.9,,1,79.6,10.8,
260,장흥,2023-08-06,29.6,25,35.1,,1.1,80.3,11.8,
260,장흥,2023-08-07,28.4,25.2,35.8,2.6,.7,87.9,7.9,
260,장흥,2023-08-08,29.6,24.5,35.7,,1.3,80,9.5,
260,장흥,2023-08-09,26.5,24.5,29.9,23.7,1.7,90.8,.3,
260,장흥,2023-08-10,24.5,21.7,27.8,69.7,2.7,89.3,2,
260,장흥,2023-08-11,26.5,21.4,31.7,,1,83.3,8.7,
260,장흥,2023-08-12,26.3,21.7,31.7,,.5,82.1,7.6,
260,장흥,2023-08-13,26.4,21.7,31.4,,1.3,84.5,10.2,
260,장흥,2023-08-14,27.1,22.5,32.4,,1,84.9,10.8,
260,장흥,2023-08-15,28.2,24.1,33.4,,.8,82.4,8.7,
260,장흥,2023-08-16,26.9,23.3,33.4,8.5,.7,87.4,5.8,
260,장흥,2023-08-17,26,21.9,31,0,1.2,90,8.3,
260,장흥,2023-08-18,27,23,31.5,,1,85.6,6.2,
260,장흥,2023-08-19,27.3,23.4,32.4,0,.7,86.3,3.4,
260,장흥,2023-08-20,27.3,22.7,32.6,,1.1,85.5,9.5,
260,장흥,2023-08-21,27.8,23.7,31.5,,2.1,84.5,9.9,
260,장흥,2023-08-22,28.2,26.8,31.1,1,3.2,83.4,5.4,
260,장흥,2023-08-23,25.7,23.9,29.5,107.8,2,97,.5,
260,장흥,2023-08-24,25.7,23.1,29.3,8.7,.8,96.5,1.2,
260,장흥,2023-08-25,25.1,21.5,31.7,0,.9,85.3,9.6,
260,장흥,2023-08-26,25.6,19.9,31.7,,1,83.8,10.8,
260,장흥,2023-08-27,26.2,21,31.7,,.9,86,9.3,
260,장흥,2023-08-28,27,23.2,30.8,32.2,2.7,87.5,4.5,
260,장흥,2023-08-29,27,24.4,32,23.7,2,92.4,3.1,
260,장흥,2023-08-30,22.4,20.4,24.6,78.3,1.2,98.3,0,
260,장흥,2023-08-31,24.7,20.6,30.2,,1.3,80.5,10.7,
260,장흥,2023-09-01,25.9,21,32.6,,1,85.6,6.4,
260,장흥,2023-09-02,24.6,22.9,28.6,7.8,.8,94.1,.6,
260,장흥,2023-09-03,26.2,22.4,31,15.6,1.2,87.5,9.3,
260,장흥,2023-09-04,26,21.4,32.2,1.7,.6,86.8,6,
260,장흥,2023-09-05,26,21.5,32,,.4,84.1,7.7,
260,장흥,2023-09-06,24.8,20.8,32,6.7,.7,89.1,6.6,
260,장흥,2023-09-07,23.9,19,30.1,,.6,79.1,10.1,
260,장흥,2023-09-08,22.6,16.4,29.6,,.6,79.6,10.5,
260,장흥,2023-09-09,23.4,16.9,30.6,,.5,81.8,11.2,
260,장흥,2023-09-10,23.6,19.5,29.7,,.8,85.8,6.4,
260,장흥,2023-09-11,24.5,19.9,31.2,,.5,82.6,7.7,
260,장흥,2023-09-12,24.2,19.4,30.7,,.7,83.4,5.4,
260,장흥,2023-09-13,24.3,21.6,27.4,34.2,.6,90.9,0,
260,장흥,2023-09-14,22.2,20.9,24.4,16.9,.7,98.4,0,
260,장흥,2023-09-15,24.7,21.7,29.6,21.6,1.2,90.9,3.2,
260,장흥,2023-09-16,23.9,21.9,25.4,38.8,.9,98.6,.2,
260,장흥,2023-09-17,25.1,22,30.1,.2,.9,87.6,3.7,
260,장흥,2023-09-18,25,20.5,31.3,,.8,83.9,9.1,
260,장흥,2023-09-19,23,19.5,29.1,,.6,87.3,5.6,
260,장흥,2023-09-20,24.2,18.9,28.2,5.5,1.8,91.6,.1,
260,장흥,2023-09-21,21.5,20,26,.3,1.8,91.8,0,
260,장흥,2023-09-22,21.3,16.8,27.6,,.9,84,7.2,
260,장흥,2023-09-23,20.4,15.1,26.5,,1.1,73.3,6.2,
260,장흥,2023-09-24,21.5,15.6,26.7,0,1.9,65.6,10.7,
260,장흥,2023-09-25,22.1,17.8,27.1,,.8,80.5,1.9,
260,장흥,2023-09-26,24,20.7,27.6,0,.8,85.3,2.2,
260,장흥,2023-09-27,23.7,20.3,27.2,,.9,82.3,3,
260,장흥,2023-09-28,22.9,18.6,27.9,0,1.3,80.9,8,
260,장흥,2023-09-29,21.5,15.9,28.8,0,.9,77.6,10.1,
260,장흥,2023-09-30,18.8,15.5,23.6,3.6,1.4,85.6,5.6,
261,해남,2023-05-20,18.4,13.2,24.6,,1.6,86.4,10.9,
261,해남,2023-05-21,17.2,14.5,22.1,,2,88,4.7,
261,해남,2023-05-22,16,12.7,19.9,1.1,1.4,83.6,.6,
261,해남,2023-05-23,17.5,10.7,25.1,,1.8,76.3,12.2,
261,해남,2023-05-24,18.2,11.1,24,,1.1,75.6,6.9,
261,해남,2023-05-25,19.7,15,24.8,,2.2,67.3,9.6,
261,해남,2023-05-26,21.5,15.7,25.9,0,1.8,76.3,4.2,
261,해남,2023-05-27,22.3,20.3,26.3,.1,3.6,82,2.1,
261,해남,2023-05-28,22.9,20.4,26.1,1.1,3.2,91.8,1,
261,해남,2023-05-29,20.8,19.9,22.5,6.8,2.7,98.8,0,
261,해남,2023-05-30,19.9,18.7,21,40.4,2.2,96.8,0,
261,해남,2023-05-31,20.9,17,25.9,2.5,2.8,76,10.4,
261,해남,2023-06-01,19.6,16.9,20.7,4.6,1.7,88.9,0,
261,해남,2023-06-02,21.7,18,26.9,1.5,2.7,83.6,10,
261,해남,2023-06-03,21.2,15.4,26.1,,2.2,68.6,13.5,
261,해남,2023-06-04,20.4,14.3,26,,1.6,66.5,9.7,
261,해남,2023-06-05,20.2,17.6,24.1,0,1.2,73.6,.2,
261,해남,2023-06-06,19.9,16.1,26.2,0,1.6,79.9,8,
261,해남,2023-06-07,19.7,14.2,25.7,,1.6,83.1,10.3,
261,해남,2023-06-08,21.8,18.2,26.5,,2.2,82.3,10.7,
261,해남,2023-06-09,22.5,19.5,28.8,.1,1.9,82,9.9,
261,해남,2023-06-10,23.3,19.5,27.3,0,2.6,79.5,9.8,
261,해남,2023-06-11,23.3,20.7,27.9,0,1.9,85.6,5.3,
261,해남,2023-06-12,,18.6,29.1,,.8,,1.6,
261,해남,2023-06-17,,20.2,30.2,,1.6,,2.5,
261,해남,2023-06-18,23.2,18.7,28.9,,1.2,73.9,7.9,
261,해남,2023-06-19,23.6,17,29.5,,2.4,76.8,11,
261,해남,2023-06-20,21.8,20,25.6,19.6,3.7,84.6,4.3,
261,해남,2023-06-21,21.8,20.7,23.6,1.9,1.6,96.1,0,
261,해남,2023-06-22,22.6,19.8,27.2,.1,2.3,83.8,9.8,
261,해남,2023-06-23,23.7,19,30.4,,1.5,80.8,9.1,
261,해남,2023-06-24,23.4,21.3,27,,3.1,76.1,6,
261,해남,2023-06-25,21.9,21.3,23.1,28.9,3.1,93.1,0,
261,해남,2023-06-26,24.7,21.9,26.1,5.4,5,97.4,0,
261,해남,2023-06-27,24.4,22.7,26.3,10.5,3.8,97.6,.1,
261,해남,2023-06-28,23.5,21.3,24.5,2.4,2.6,99,0,
261,해남,2023-06-29,24.5,23.6,25.6,44.8,4.1,98.6,0,
261,해남,2023-06-30,23.5,22.2,26.4,33.9,2.1,98,0,
261,해남,2023-07-01,24.3,22.1,30.1,,1.3,92.1,3.6,
261,해남,2023-07-02,24.9,20.8,29.5,0,1.5,89.9,4,
261,해남,2023-07-03,24.9,23.7,27.9,44.2,1.8,95.8,.8,
261,해남,2023-07-04,24.1,22.6,25,8.6,3.1,96.8,0,
261,해남,2023-07-05,24.8,20.8,29.1,22.9,2.5,89.5,7.3,
261,해남,2023-07-06,25.3,20.3,31.8,,1.7,86.6,10.9,
261,해남,2023-07-07,24.9,22.1,26.4,26.7,2.8,96,0,
261,해남,2023-07-08,25.4,24.3,27.2,5,.8,97.3,.3,
261,해남,2023-07-09,26,25,27.9,.4,2.3,95.4,.1,
261,해남,2023-07-10,26.9,23.1,29.9,6.1,2.4,87.6,6.6,
261,해남,2023-07-11,26.1,25.3,27.1,3.4,3.5,92.8,0,
261,해남,2023-07-12,26,23.9,27.5,14.6,3.2,91.6,.6,
261,해남,2023-07-13,26.9,26.2,27.9,.2,4.2,86.8,0,
261,해남,2023-07-14,26.7,25.7,27.4,7.5,7.2,87.9,0,
261,해남,2023-07-15,25.6,22.4,27.7,35.8,5.5,92,0,
261,해남,2023-07-16,24.1,21.6,28.7,166.4,1,96.4,.9,
261,해남,2023-07-17,26.7,22.9,32.2,11,1.2,89.3,2.1,
261,해남,2023-07-18,25.2,23.3,29.3,33.2,2.4,95.4,.6,
261,해남,2023-07-19,24.9,22.5,29.5,.6,1.4,90.1,1.6,
261,해남,2023-07-20,24.8,22.1,29,,.8,91.3,2.1,
261,해남,2023-07-21,25.6,21.8,28.7,,2.7,83.5,5.7,
261,해남,2023-07-22,24.5,21.7,25.9,37.9,2.5,91.8,0,
261,해남,2023-07-23,26.9,25.1,29.4,37.9,2.8,88.5,.7,
261,해남,2023-07-24,25.9,24,29.3,63.6,2.3,92.5,.4,
261,해남,2023-07-25,27.2,23.7,31.3,,1.7,84.5,5.3,
261,해남,2023-07-26,27.9,24.9,31.5,0,2.1,87.4,10.6,
261,해남,2023-07-27,28.3,25.7,32.1,,2.5,82.6,10.9,
261,해남,2023-07-28,27.6,24.7,31.2,0,1.9,86.6,6.1,
261,해남,2023-07-29,28.4,24.7,32.6,,2,81.5,10.5,
261,해남,2023-07-30,27.7,23.6,32.5,,2.3,84,12,
261,해남,2023-07-31,27.7,23.9,33.5,0,.9,85.1,9.6,
261,해남,2023-08-01,28.1,23.4,34,,1.4,82.9,12.4,
261,해남,2023-08-02,28.8,23.3,35.5,,.9,78.4,12.9,
261,해남,2023-08-03,28.6,23.7,33.8,,1.7,79.3,13.1,
261,해남,2023-08-04,28.6,24.2,32.9,,1.7,80.6,10.8,
261,해남,2023-08-05,29.1,23.9,36,,1.1,78.9,11.9,
261,해남,2023-08-06,28.8,24.6,35.2,,.9,84.1,9.2,
261,해남,2023-08-07,27.7,24.2,35,37.8,1,89.3,10.6,
261,해남,2023-08-08,29.1,24.6,35.5,0,.9,84.3,9,
261,해남,2023-08-09,27,24.9,30.4,4.6,1.9,86.4,.4,
261,해남,2023-08-10,24.9,21.6,28.1,16.7,3.9,85.4,3.2,
261,해남,2023-08-11,26.2,21.5,31.3,,1.8,85.3,9.1,
261,해남,2023-08-12,26.1,20.7,31.4,,1,84.8,10.5,
261,해남,2023-08-13,27.3,22.2,32.7,0,1.1,81.6,10.7,
261,해남,2023-08-14,27.7,23.4,33.3,,1.4,79.6,9.5,
261,해남,2023-08-15,27.7,24.2,32.5,,1.5,82.8,9.8,
261,해남,2023-08-16,27.5,23.7,33.4,,1.2,80.5,8.7,
261,해남,2023-08-17,26.7,22.2,33.5,0,1,83.4,8.3,
261,해남,2023-08-18,26.1,22.7,32.4,9.3,.6,89.1,6,
261,해남,2023-08-19,27.2,23.2,32.7,,1.1,82.9,10.3,
261,해남,2023-08-20,27.4,22.5,33,,1.1,82.1,11.6,
261,해남,2023-08-21,28.1,23.6,32.7,,2.5,84.4,8.9,
261,해남,2023-08-22,28.5,25.9,33,7,2.3,81.8,8,
261,해남,2023-08-23,25.3,22.4,29.1,46.6,1.1,95.6,.4,
261,해남,2023-08-24,25.2,22.6,28.6,2.9,1.1,93.8,1.4,
261,해남,2023-08-25,25.3,20.8,31.3,0,1.2,82.6,10.9,
261,해남,2023-08-26,25,19.3,32,,1,82.4,10.7,
261,해남,2023-08-27,26.5,20.8,31.8,6.7,1.4,83.3,9.1,
261,해남,2023-08-28,27,24.8,30.4,29.6,3.3,87.1,5.2,
261,해남,2023-08-29,27,23.9,31.9,18.9,2,86.3,2,
261,해남,2023-08-30,22.6,19.9,25.9,19.7,1.5,89.8,.2,
261,해남,2023-08-31,24.1,20,29.4,,1.8,78.8,11.2,
261,해남,2023-09-01,25.1,20.1,30.9,0,1.1,86.1,8.1,
261,해남,2023-09-02,25.3,23.4,28.9,.1,1.7,89.9,1.7,
261,해남,2023-09-03,27.1,23.5,31.6,,2.3,83.1,10.4,
261,해남,2023-09-04,26.6,22.6,32.6,,1.3,84,8.4,
261,해남,2023-09-05,26.1,22.1,31.2,0,.9,86.8,7.2,
261,해남,2023-09-06,25.4,21.9,32.4,0,1.1,86.1,8.9,
261,해남,2023-09-07,24,19,31.2,,.8,79,11,
261,해남,2023-09-08,22.8,16.7,30.2,,.7,76.9,11,
261,해남,2023-09-09,23.5,17,30.4,,.8,79.3,10.2,
261,해남,2023-09-10,24.1,19.7,31.1,,.7,83.6,8.6,
261,해남,2023-09-11,24.7,19.1,31.6,,.8,80,9.2,
261,해남,2023-09-12,24.7,19.5,31.1,0,.6,81.8,6.4,
261,해남,2023-09-13,24,21.3,27.7,33.9,1.4,90.6,.1,
261,해남,2023-09-14,22.3,20.7,24.5,15.3,.7,94.9,.2,
261,해남,2023-09-15,25.2,22.4,30,15.8,2.5,89.9,5.7,
261,해남,2023-09-16,23.9,22.4,25.8,45.2,.7,94.9,.1,
261,해남,2023-09-17,25.2,22.6,30.6,,.6,87.3,3.6,
261,해남,2023-09-18,24.6,20.5,31,,.9,85.8,10.2,
261,해남,2023-09-19,22.9,18.9,29,,.4,85.4,6.7,
261,해남,2023-09-20,24.9,19.6,28.3,8.4,3.2,90.9,0,
261,해남,2023-09-21,21.4,19,25.1,.2,2.9,86,.3,
261,해남,2023-09-22,20.1,15.4,26.8,0,1,85.4,9.1,
261,해남,2023-09-23,19.8,14.6,26.3,,1,81.6,5.6,
261,해남,2023-09-24,22,15.6,26.8,,2.6,67.5,10.6,
261,해남,2023-09-25,23.3,19.6,28.2,0,2.2,75.5,3.3,
261,해남,2023-09-26,24.5,22,28.7,.7,1.6,84,6.8,
261,해남,2023-09-27,23.4,21.2,28.2,.7,1.6,85.3,4.6,
261,해남,2023-09-28,23,19.4,28,0,1.4,82.4,8.2,
261,해남,2023-09-29,21.7,15.8,28.4,0,1,76.4,8.7,
261,해남,2023-09-30,18.9,16.1,23.2,4.4,1.5,82.1,5.8,
262,고흥,2023-05-20,18.3,13.3,23.8,,1,82.9,6.1,
262,고흥,2023-05-21,18.3,13.9,23.9,,2,78.3,10.2,
262,고흥,2023-05-22,15.7,12,19.4,.6,.6,76.6,.9,
262,고흥,2023-05-23,15.8,10.4,23.9,.9,1,79,10.9,
262,고흥,2023-05-24,17,10.3,24,,.8,74.3,5.7,
262,고흥,2023-05-25,18.4,13.9,23.6,,1.2,69.5,8.9,
262,고흥,2023-05-26,19.8,14.6,24.8,,1,81.9,3,
262,고흥,2023-05-27,21.6,19.2,25.1,0,2.2,78.3,3.5,
262,고흥,2023-05-28,21.5,20.5,23.3,.2,2.3,90.4,.6,
262,고흥,2023-05-29,21.4,20.1,22.7,3.4,1.3,95,0,
262,고흥,2023-05-30,18.7,17.6,20.3,71.5,1.2,95.6,0,
262,고흥,2023-05-31,18.9,14.1,23.6,1.5,1.6,75.4,10.6,
262,고흥,2023-06-01,17.3,14,18.4,.6,.5,90.9,0,
262,고흥,2023-06-02,22.5,17.6,29.3,9.5,1.8,72.4,11.1,
262,고흥,2023-06-03,20.4,13.5,27.4,,1.3,67.9,11.2,
262,고흥,2023-06-04,20.3,12.9,27.2,,1.4,58.9,8.1,
262,고흥,2023-06-05,20.6,16.9,24.1,0,1.5,62,.1,
262,고흥,2023-06-06,19.2,15.8,24.9,0,1.2,77.4,7.7,
262,고흥,2023-06-07,19.7,13.4,26.5,,1.2,76.3,10.7,
262,고흥,2023-06-08,19.8,16.1,24.7,,.8,81.9,5.3,
262,고흥,2023-06-09,21,15.7,27.2,,1.2,80.8,9.1,
262,고흥,2023-06-10,21.2,16.8,25.3,.6,1.4,84.3,8,
262,고흥,2023-06-11,22.2,18.4,27,0,1.2,82.8,6.9,
262,고흥,2023-06-12,22.2,17.7,27.2,,1,79.3,7.7,
262,고흥,2023-06-13,21.3,17.5,28.3,,1,81.3,7.4,
262,고흥,2023-06-14,21.4,15.8,27.8,,1.1,72.6,10.3,
262,고흥,2023-06-15,20.6,15.3,27.7,,1.1,76.1,10.1,
262,고흥,2023-06-16,21.2,14.1,28.5,,1.1,68.4,10.9,
262,고흥,2023-06-17,22.1,15.9,28.7,,1.1,66.4,9,
262,고흥,2023-06-18,23.4,18.7,29.1,,1.1,68.3,7.1,
262,고흥,2023-06-19,22.6,18.1,28.6,,1.6,77,9.5,
262,고흥,2023-06-20,21.1,18.3,24,18.8,1.8,80.9,4.7,
262,고흥,2023-06-21,21.7,19.8,24,3.9,1.6,91,0,
262,고흥,2023-06-22,22.4,17.9,27.1,,2.3,74.9,9.4,
262,고흥,2023-06-23,22.4,17.7,28.1,,1.4,78,10.3,
262,고흥,2023-06-24,21.6,18.6,25.5,,1.5,81.3,5.4,
262,고흥,2023-06-25,20.5,18.7,22.2,25.9,1,92.8,0,
262,고흥,2023-06-26,23.5,20.7,24.7,30.6,2.2,94,.2,
262,고흥,2023-06-27,23.8,22.8,26.4,41.8,1.9,93,.7,
262,고흥,2023-06-28,21.4,18.9,24,85.5,1.1,94.1,0,
262,고흥,2023-06-29,24.2,22.4,25.8,29.5,1.8,92.8,.1,
262,고흥,2023-06-30,22.9,22,24.3,21.2,1.3,95,0,
262,고흥,2023-07-01,22.8,21.1,25.8,,1,92.9,0,
262,고흥,2023-07-02,23.6,20.5,28.8,,.8,89.4,0,
262,고흥,2023-07-03,23.8,22.1,27.4,7,.9,92,0,
262,고흥,2023-07-04,22.5,21.6,23.1,18,1,98.5,0,
262,고흥,2023-07-05,24.6,20.4,28.9,32.8,1.9,84.5,7.9,
262,고흥,2023-07-06,23.9,18.3,30,,1,83.1,9.8,
262,고흥,2023-07-07,22.4,21.6,23.2,33.9,.9,96.6,0,
262,고흥,2023-07-08,23.4,21.6,25.8,11.8,.6,96.9,.2,
262,고흥,2023-07-09,24.6,22.8,27,5.5,1,94.5,.4,
262,고흥,2023-07-10,25.5,21.5,28.4,10.4,1.3,89.3,2.5,
262,고흥,2023-07-11,25.2,24,27,.1,1.6,91.4,.1,
262,고흥,2023-07-12,25.4,22.8,27.7,11,1.2,91,.7,
262,고흥,2023-07-13,25.5,23.3,27.8,2.9,1.1,89.3,0,
262,고흥,2023-07-14,25.7,24.7,27.1,1.6,2.1,83.6,0,
262,고흥,2023-07-15,25.3,21.1,28.1,6.8,2.3,86.9,.3,
262,고흥,2023-07-16,23.3,21.2,25.7,59.2,.7,97.5,.7,
262,고흥,2023-07-17,25.5,23.4,28.7,40,1.3,93.3,1.2,
262,고흥,2023-07-18,24.5,22.5,26.4,91.4,1.6,94.6,.1,
262,고흥,2023-07-19,23.9,21.8,27.2,,.8,92.5,1.5,
262,고흥,2023-07-20,24.2,21.2,28,,.7,89.5,4.4,
262,고흥,2023-07-21,23.5,19.8,27.2,,1.1,88.3,3.1,
262,고흥,2023-07-22,24.1,21.9,27,13.4,1.4,90.1,0,
262,고흥,2023-07-23,26.3,24.4,27.6,25.6,2.6,88.6,.2,
262,고흥,2023-07-24,25.1,23.2,28,36.6,1.4,93.6,.5,
262,고흥,2023-07-25,25.4,22.3,29.2,0,1.1,88.5,4.1,
262,고흥,2023-07-26,26.3,23.8,30.2,6.6,1,89.3,7.1,
262,고흥,2023-07-27,26.6,23.3,31.1,,.9,85.8,7.5,
262,고흥,2023-07-28,26,22.6,30.3,,.7,86,5.1,
262,고흥,2023-07-29,27,22.3,31.9,,.7,81.9,10.8,
262,고흥,2023-07-30,26.4,22.1,31.1,,.9,83.6,9.3,
262,고흥,2023-07-31,26.8,22.8,32.4,,.6,82.5,10.1,
262,고흥,2023-08-01,26.5,22.3,31.6,,.8,83.3,9.6,
262,고흥,2023-08-02,27.1,22.3,33.4,,.7,82.9,10.9,
262,고흥,2023-08-03,27.3,22.7,32.5,,.8,79.3,11.3,
262,고흥,2023-08-04,27.3,23.1,31.8,,.9,79.9,9.6,
262,고흥,2023-08-05,28.4,22.7,34.1,,.7,76.8,10.4,
262,고흥,2023-08-06,28.2,24.3,33.8,,1.1,78.6,10.1,
262,고흥,2023-08-07,28.4,24.2,34.6,5.2,1.1,79.8,7.9,
262,고흥,2023-08-08,29,24.8,33.9,,1.4,73.4,10.9,
262,고흥,2023-08-09,25.6,23.9,28,27.1,2.3,85.1,.1,
262,고흥,2023-08-10,24.2,21.4,26.5,47.7,2.9,83.4,1.7,
262,고흥,2023-08-11,25.5,20.6,29.6,,1.3,82.3,9.2,
262,고흥,2023-08-12,25.7,20.8,30.4,,1,80.6,9.2,
262,고흥,2023-08-13,25.6,21.9,30.6,,.8,84.4,8.9,
262,고흥,2023-08-14,26,21.7,31.3,,.6,83.6,7.5,
262,고흥,2023-08-15,26.3,22.5,31.4,5.4,1,83.9,9.9,
262,고흥,2023-08-16,26.3,23.6,30.5,,.8,88.5,4.9,
262,고흥,2023-08-17,25.3,22.1,29.4,0,.9,87.8,5.2,
262,고흥,2023-08-18,25.2,22.1,30.1,0,.7,86.3,3.7,
262,고흥,2023-08-19,26.9,22.9,31.4,2.5,.7,83.8,5.8,
262,고흥,2023-08-20,26.4,22.3,31.6,0,.7,84.8,9.3,
262,고흥,2023-08-21,26.4,22.6,31.3,,1.1,84.3,8.4,
262,고흥,2023-08-22,27.6,24.2,30,0,2.2,77.4,5.2,
262,고흥,2023-08-23,26.9,24.7,29.9,12.3,1.7,84.3,2.6,
262,고흥,2023-08-24,25.3,23.3,28.7,14,1.1,90.5,1,
262,고흥,2023-08-25,25.3,21.1,30.3,,1,81,9.5,
262,고흥,2023-08-26,24.9,19.1,30.4,,.7,82.3,10.7,
262,고흥,2023-08-27,25.7,20.8,30.5,0,1,83.5,9,
262,고흥,2023-08-28,26,22,28.8,27.1,1.7,84.5,3.2,
262,고흥,2023-08-29,26.3,24.1,30.2,10.1,2.3,87.9,3.8,
262,고흥,2023-08-30,23.7,21.6,25.9,70.6,1,94.9,.3,
262,고흥,2023-08-31,24.4,21.2,29.6,.2,.7,85.1,6.8,
262,고흥,2023-09-01,24.8,21.5,30,7,1.1,87.4,6.4,
262,고흥,2023-09-02,23.6,22.2,27.3,3.7,.8,93,2,
262,고흥,2023-09-03,25.1,22.5,29.5,1.9,.9,88.8,6.5,
262,고흥,2023-09-04,25.4,21.9,31.2,11.4,.8,87.4,9.4,
262,고흥,2023-09-05,25.1,21.8,30.3,,.7,81.1,9.5,
262,고흥,2023-09-06,24.3,20,30.7,,.7,80.4,8.4,
262,고흥,2023-09-07,23.4,18.7,29,,1,70.9,10.8,
262,고흥,2023-09-08,22.6,17.5,28.7,,1,73,10.4,
262,고흥,2023-09-09,23,17.4,29.9,,.7,77.8,9.6,
262,고흥,2023-09-10,22.4,18.5,28.2,,.5,83.5,6.1,
262,고흥,2023-09-11,24,19.3,29.5,0,.7,83.3,6.7,
262,고흥,2023-09-12,23.7,20.1,29,0,.4,87,3.4,
262,고흥,2023-09-13,23.4,21.3,26,24.5,.6,92.1,.2,
262,고흥,2023-09-14,21.9,20.4,23.5,13.5,.5,96.6,0,
262,고흥,2023-09-15,23.4,21.8,27.9,9.4,1.1,93.4,3,
262,고흥,2023-09-16,23.7,22.5,26.1,30.1,.5,97.4,.5,
262,고흥,2023-09-17,24.3,22.1,28,11.5,.6,89.1,2.9,
262,고흥,2023-09-18,24.4,21.3,29.7,,.8,85.6,8.7,
262,고흥,2023-09-19,22.1,18.8,27.6,,.6,86.6,6.7,
262,고흥,2023-09-20,23.6,19,26.9,4,2,90,0,
262,고흥,2023-09-21,21.5,19.2,25,1.5,1.7,89.1,.2,
262,고흥,2023-09-22,21,18.7,26.1,0,.7,88.9,4,
262,고흥,2023-09-23,20.4,16.1,24.9,,1.1,72.9,6.6,
262,고흥,2023-09-24,21.6,19,25.6,,1.9,62.1,10.3,
262,고흥,2023-09-25,22.8,18.5,28.4,0,1,76.3,2.3,
262,고흥,2023-09-26,25,21.8,29.8,.2,1.1,83,3.3,
262,고흥,2023-09-27,24.6,21.1,28.4,,1.2,79.6,4.4,
262,고흥,2023-09-28,24.1,19.6,29.3,,1.5,78.5,7.9,
262,고흥,2023-09-29,22.2,16.7,29.8,,.7,77.1,10,
262,고흥,2023-09-30,20.4,17.5,24.9,2.3,1.1,78.5,5.8,
263,의령군,2023-05-20,19.8,12,28.3,,1.4,75.1,9.5,27.73
263,의령군,2023-05-21,21.4,13.5,29.8,,1.8,70,10.8,27.01
263,의령군,2023-05-22,16.4,12.1,19.9,0,1,76.3,0,6.75
263,의령군,2023-05-23,17.9,10.1,27.1,,1.8,68.5,7.9,25.84
263,의령군,2023-05-24,18.9,10.2,27.3,,1.3,64.4,7.4,23.36
263,의령군,2023-05-25,20.2,15,27.4,,1.6,57,7.7,24.66
263,의령군,2023-05-26,20.4,15.5,24.6,,1.2,72.1,.6,11.37
263,의령군,2023-05-27,23,18.7,27.6,0,2.2,73.5,3.6,19.64
263,의령군,2023-05-28,22.4,20.9,23.4,3.8,2.5,88.8,0,5.63
263,의령군,2023-05-29,22.3,19.8,24.6,48.2,1.7,93.8,0,2.7
263,의령군,2023-05-30,21.5,18.5,25.5,0,1.5,85.6,.5,11.32
263,의령군,2023-05-31,21,14.7,28.6,.3,1.7,68.8,9.4,28.3
263,의령군,2023-06-01,16.2,13.1,17.7,18.9,.6,92.3,0,4.19
263,의령군,2023-06-02,23.1,17.3,31.7,10.9,1.4,71.8,8.4,26.48
263,의령군,2023-06-03,21.9,15.1,30.3,,1.4,65.3,10.2,26.02
263,의령군,2023-06-04,22.6,15.8,30.3,,1.8,53.6,10,27.54
263,의령군,2023-06-05,20.9,15.7,27.7,,1.3,68.6,1.4,15.95
263,의령군,2023-06-06,22.1,16.3,28.8,,1.5,71.6,8.6,26.75
263,의령군,2023-06-07,22.9,15.1,29.7,,1.5,71.4,8.4,22.89
263,의령군,2023-06-08,22.8,17.7,28.2,,1.9,69.3,7.2,23.22
263,의령군,2023-06-09,23.8,17.2,30.3,,2,70.6,10,25.68
263,의령군,2023-06-10,24.3,19.5,29.9,0,2,74.1,10,27.31
263,의령군,2023-06-11,24.5,21,29.6,0,1.7,75.9,5.9,21.17
263,의령군,2023-06-12,24.7,19.3,30.7,.9,1.1,73.3,7.9,24.63
263,의령군,2023-06-13,23.3,19.5,29.6,4.2,1,79.8,5.3,19.7
263,의령군,2023-06-14,21,17.7,29.7,4.1,1,84,5.1,19.92
263,의령군,2023-06-15,21.5,17.1,27.7,,1.3,79.3,4.9,19.18
263,의령군,2023-06-16,24.6,17.9,32.2,,1.4,66,8.6,26.62
263,의령군,2023-06-17,25.4,17.5,33.1,,1.5,65.3,10.1,26
263,의령군,2023-06-18,26.7,20,33.8,,1.1,64.6,9.4,27.28
263,의령군,2023-06-19,26,18.5,33,,1.6,66,11.6,27.06
263,의령군,2023-06-20,23.8,18.2,29.9,4.5,1.7,66.6,6.8,19.74
263,의령군,2023-06-21,21.9,19.9,24.2,10.9,1.1,90.8,0,4.48
263,의령군,2023-06-22,24.7,19.3,30.2,,2.1,69.1,7.7,25.05
263,의령군,2023-06-23,24.6,17.9,31.7,,1.3,69.6,9.9,26.9
263,의령군,2023-06-24,24.3,19,31.1,,1,74.4,7.5,24.01
263,의령군,2023-06-25,22.6,18.8,28,21.6,1,83.9,.6,13.14
263,의령군,2023-06-26,24.8,21.2,28,38.3,2.3,87.9,0,7.27
263,의령군,2023-06-27,27.1,21.5,32.1,17.3,4.1,77.1,6.4,24.09
263,의령군,2023-06-28,23.9,19.9,28.5,23.9,1.8,91.3,1.7,14.26
263,의령군,2023-06-29,25.9,24,28.5,24.7,2.5,86.5,.6,6.66
263,의령군,2023-06-30,25.4,24,27.7,17.2,2.3,87,.1,7.88
263,의령군,2023-07-01,25.6,23.1,31.4,.7,.9,84.9,3.8,14.74
263,의령군,2023-07-02,26.7,22.8,33,,1.4,80.5,5.5,21.21
263,의령군,2023-07-03,27,22.5,32.1,,1.2,84.5,4.4,19.36
263,의령군,2023-07-04,24.9,23.9,27,12.9,.8,96.1,0,6.35
263,의령군,2023-07-05,27.1,21.5,31.6,24.4,2.7,83.8,8.6,27.08
263,의령군,2023-07-06,26.8,19.8,33.6,,1.1,,6.8,23.55
263,의령군,2023-07-07,22.5,20.5,25.2,37.9,1.1,90.3,0,3.49
263,의령군,2023-07-08,23.4,20.5,25.9,.6,.5,91.9,0,5.77
263,의령군,2023-07-09,26.5,23.9,29.2,,1,84.6,.2,8.51
263,의령군,2023-07-10,28.2,25.7,31.7,.7,2.3,73.9,5.6,20.29
263,의령군,2023-07-11,26.4,23.8,30.2,44,2.1,84.8,.4,7.88
263,의령군,2023-07-12,26.5,23.8,29.6,20,1.8,84.5,2.2,15.68
263,의령군,2023-07-13,27.1,25.3,29.2,3.9,1.8,86.5,0,7.19
263,의령군,2023-07-14,26.9,25.6,28.1,23.8,4.3,88.3,0,3.47
263,의령군,2023-07-15,27.7,23.4,30.4,7.5,4.9,83.4,.6,12.23
263,의령군,2023-07-16,24.3,22.8,26.6,22.3,1.1,96.8,.1,5.93
263,의령군,2023-07-17,26.4,23.3,31.2,29.1,1.1,94.1,1.5,15.22
263,의령군,2023-07-18,25.1,,,114.6,.6,100,0,2.82
263,의령군,2023-07-19,,,,,1.3,,5.1,20.62
263,의령군,2023-07-20,26.9,22.5,34.3,,1.1,,5,21.15
263,의령군,2023-07-21,26.5,21.2,32.5,,1.1,80.1,6.6,22.86
263,의령군,2023-07-22,24.5,19.9,28.9,.4,.7,85.6,.6,10.69
263,의령군,2023-07-23,26.9,23.6,30.5,7.1,2.1,84.9,.7,13.9
263,의령군,2023-07-24,25.9,24.8,31.1,62.7,1.4,91.1,1.3,10.22
263,의령군,2023-07-25,26.1,24,31.3,21.2,1.1,89,4.8,16.62
263,의령군,2023-07-26,27.5,24.5,32.7,2.6,1.1,86.3,4,17.2
263,의령군,2023-07-27,28.6,23.9,34.4,.7,.8,79,8.5,24.35
263,의령군,2023-07-28,28,23.8,34,,1,80.1,6.4,19.37
263,의령군,2023-07-29,28.8,22.9,35.8,,1,79.4,8.8,24.21
263,의령군,2023-07-30,28.3,23.6,33.9,,1.3,76.4,7.9,22.36
263,의령군,2023-07-31,28.5,22.8,35.3,,1,76.5,10.9,25.99
263,의령군,2023-08-01,28.4,22.9,35.3,,1.2,76.6,10.4,25.66
263,의령군,2023-08-02,29.1,22.2,36.4,,1,71.9,11.3,26.15
263,의령군,2023-08-03,29.5,23.7,35.8,,1.3,74.4,10.8,25.59
263,의령군,2023-08-04,29.1,23.9,35.4,,1.2,75.1,8.8,21.59
263,의령군,2023-08-05,30.5,23.4,37.6,,1.2,73.9,11.3,27.33
263,의령군,2023-08-06,29.7,24.7,36,,1.2,76.5,6.1,19.29
263,의령군,2023-08-07,30,24.7,36.3,0,1.8,72.3,9.7,23.43
263,의령군,2023-08-08,30,25,35.9,,2.1,69.8,9.1,23.74
263,의령군,2023-08-09,26.1,25.1,27.8,54,2.5,84.6,0,3.02
263,의령군,2023-08-10,25,23,28.6,98.2,3.9,83.3,1.3,7.86
263,의령군,2023-08-11,27.1,22.1,32.4,,2.2,73.4,9.3,23.46
263,의령군,2023-08-12,27.5,23.4,33.7,0,.8,76.8,7.4,22.39
263,의령군,2023-08-13,27.5,22,33.6,,.7,75.1,10.1,24.61
263,의령군,2023-08-14,28,23.9,33.8,,1,76.1,8.9,23.84
263,의령군,2023-08-15,28.1,22,34,,1.7,73.8,10.1,25.47
263,의령군,2023-08-16,28.3,24.7,33.3,,1.4,78,3.8,17.75
263,의령군,2023-08-17,27.9,24.8,32.8,.4,1.2,80.1,2.6,16.59
263,의령군,2023-08-18,27.2,23.6,31.8,,1.2,81.4,.9,14.05
263,의령군,2023-08-19,26.6,24.3,31.1,4.4,.9,88.1,1,9.46
263,의령군,2023-08-20,29.2,25,35.1,,1.3,78.4,7.3,22.87
263,의령군,2023-08-21,28.8,24.9,34.1,,1.5,76.9,7.8,22.87
263,의령군,2023-08-22,28.1,23.9,33.7,,1.7,76.5,7,22.34
263,의령군,2023-08-23,28.5,23.8,34.5,10.8,1.7,75.4,7.5,21.63
263,의령군,2023-08-24,26.1,24.8,31.7,106.4,1.7,90.4,.5,7.86
263,의령군,2023-08-25,27.7,23.2,33.8,,1.4,72.8,10.4,26.3
263,의령군,2023-08-26,26.6,21.1,34.2,,1,76,8.3,22.88
263,의령군,2023-08-27,26.7,22.2,33.9,0,1,78.3,6,19.44
263,의령군,2023-08-28,26.5,22.5,31.4,0,1.2,80.6,3.5,13.25
263,의령군,2023-08-29,25.9,23.5,30.2,50.2,1.1,89.8,.4,7.47
263,의령군,2023-08-30,25.6,24.7,27.4,91.6,.7,92,0,4.3
263,의령군,2023-08-31,24.9,21.9,28.5,23.6,1.3,86.5,.6,11.85
263,의령군,2023-09-01,26.4,23.4,31.5,,1.3,81.3,2.2,14.92
263,의령군,2023-09-02,25.1,21.8,28.8,7.9,1.1,88.3,.1,9.33
263,의령군,2023-09-03,26.6,23.3,32.5,0,.8,85,2.9,16.46
263,의령군,2023-09-04,27.3,23.4,33,,1.3,80.5,8,21.01
263,의령군,2023-09-05,26,21.5,32,,1.5,73.8,10.1,21.35
263,의령군,2023-09-06,25.3,19,32,,1.5,73.3,9.9,22.83
263,의령군,2023-09-07,23.9,18,30.7,,2,74.4,10.5,23.81
263,의령군,2023-09-08,23.1,17.3,30.2,,1.3,76.1,8.9,22.97
263,의령군,2023-09-09,23.3,16.5,31.4,,1.2,75.8,10.4,23.47
263,의령군,2023-09-10,23.7,18.6,31.2,,1,79.6,6.6,20.34
263,의령군,2023-09-11,25.2,19.9,31.3,,.9,76.6,5.4,17.1
263,의령군,2023-09-12,25.5,21.4,31.7,,.9,77.6,3.3,16.01
263,의령군,2023-09-13,24.8,22.2,28.2,11.4,.7,83.8,0,7.21
263,의령군,2023-09-14,23.9,22.8,25.6,11.9,1,87.1,0,4.07
263,의령군,2023-09-15,24,22.1,26.7,9.5,.8,86.4,0,6.34
263,의령군,2023-09-16,23.9,23.5,25,56.6,.5,90.4,0,2.06
263,의령군,2023-09-17,25.3,22.5,28.8,63.1,.9,84.1,.7,9.3
263,의령군,2023-09-18,26,22.5,31.9,,1.2,79.6,7.3,19.03
263,의령군,2023-09-19,24.6,20.5,31.1,,.9,77,8.6,18.03
263,의령군,2023-09-20,22.7,19.6,26.4,44.8,.8,89.4,0,2.97
263,의령군,2023-09-21,21.2,19.3,26.9,7.6,1.8,86.9,0,6.44
263,의령군,2023-09-22,21.5,18.1,27.5,.2,1.2,80.3,6.4,18.18
263,의령군,2023-09-23,20.4,16.7,26.8,,1.5,77,4.4,15.49
263,의령군,2023-09-24,21.5,16.3,27.6,,2.2,67.6,9.6,20.2
263,의령군,2023-09-25,21.9,17.4,28,0,1.1,78.1,2.5,12.39
263,의령군,2023-09-26,22.4,20.5,25.1,5.6,.4,89.3,0,4.61
263,의령군,2023-09-27,24.5,21.3,28.3,,1.1,74.4,3.7,12.62
263,의령군,2023-09-28,23.3,18.2,30.5,,1.1,74.6,8.9,18.19
263,의령군,2023-09-29,21.5,16.2,29.3,,1,74.3,6,17.6
263,의령군,2023-09-30,19.5,15.8,24.9,.9,1.2,81.1,4.5,12.56
264,함양군,2023-05-20,20.4,12.7,28.6,,1.8,72.9,9.3,25.6
264,함양군,2023-05-21,20.2,14.6,27.4,,2.9,69.5,11.3,27.31
264,함양군,2023-05-22,14.9,10.5,19.5,,.6,80.6,.6,6.62
264,함양군,2023-05-23,17.5,8.2,26.5,,1.5,72.3,11.8,29.75
264,함양군,2023-05-24,17.8,9.4,26.7,,1,66.3,6.3,21.97
264,함양군,2023-05-25,19.1,13.9,26.5,,1.1,64.4,5.1,19.14
264,함양군,2023-05-26,18.7,13.6,23.8,,.8,72.3,.8,12.05
264,함양군,2023-05-27,21,16.2,26.9,,1.3,72.1,1.1,13.59
264,함양군,2023-05-28,21.3,18.1,24.4,.5,.6,83.9,0,5.5
264,함양군,2023-05-29,21.1,19.4,22.5,62.7,.6,93.5,0,2.55
264,함양군,2023-05-30,21.5,18.3,27,1.3,1.4,79,2.8,18.2
264,함양군,2023-05-31,20.5,14.8,27.3,.3,1.4,67.3,11.5,30.14
264,함양군,2023-06-01,17,13.4,19.6,3.1,.5,85.8,0,7.26
264,함양군,2023-06-02,23.7,17.5,30.2,.2,2,62.1,11,29.42
264,함양군,2023-06-03,21.1,13.8,29,,1.6,59,12.4,29.79
264,함양군,2023-06-04,21.6,14.5,28.9,,1.9,49.1,9.6,28.32
264,함양군,2023-06-05,20.4,16.1,25,,1.9,61.4,2.3,17.48
264,함양군,2023-06-06,21.6,14.6,29.5,,1.6,67.1,10.5,28.57
264,함양군,2023-06-07,22.1,14.1,29.2,,1.7,65.4,8.6,24.4
264,함양군,2023-06-08,21.7,16.7,28.5,,1.3,69.6,5.7,21.71
264,함양군,2023-06-09,23.3,15.4,31.5,,1.5,60.9,10.5,29.5
264,함양군,2023-06-10,21.8,16.3,29.8,0,1.5,71.8,7.4,22.93
264,함양군,2023-06-11,22.6,17.2,28.7,1.1,1,77.9,4.8,17.96
264,함양군,2023-06-12,24.3,18.7,31.3,,1.2,65.9,9.3,28.04
264,함양군,2023-06-13,23.3,17.5,30.3,,1.3,60.8,11.3,28.07
264,함양군,2023-06-14,20.3,14.9,29.7,5.6,1.3,75,6.6,22.28
264,함양군,2023-06-15,21.5,16.4,28.9,,1.2,70.3,5.4,22.1
264,함양군,2023-06-16,23.6,14.3,33,,.9,65.6,11.3,29.88
264,함양군,2023-06-17,25.6,17.9,34,,1.5,63.1,9.1,25.72
264,함양군,2023-06-18,25.9,19.1,34.5,,.9,58.6,9.6,28.2
264,함양군,2023-06-19,25.5,17.7,32.5,,1.4,62.5,10.1,27.43
264,함양군,2023-06-20,23,17.1,28.6,.9,2.1,62.3,5.8,17.45
264,함양군,2023-06-21,22.3,19.5,26.3,.5,2.1,78.8,.2,8.22
264,함양군,2023-06-22,23.2,19.6,28.4,,3.1,65.4,5,20.73
264,함양군,2023-06-23,24.2,16.1,32.5,,1.5,65.1,9.9,27.85
264,함양군,2023-06-24,24.5,18.7,30.9,,1.4,67.6,7.4,26.01
264,함양군,2023-06-25,22.5,18.8,27.1,14.7,1.4,78,1.4,14.16
264,함양군,2023-06-26,23.6,20.5,27.5,66.6,.7,89.6,.1,7.23
264,함양군,2023-06-27,26.1,20.9,31.5,24.2,2.4,76.6,5.1,19.86
264,함양군,2023-06-28,23.2,18.6,28.7,41.7,1.3,94.8,2.7,17.73
264,함양군,2023-06-29,24.4,22.4,26.8,52.3,.7,98.5,0,6.02
264,함양군,2023-06-30,24.1,22.5,27.3,31,.6,98.4,0,6.32
264,함양군,2023-07-01,25.9,22,31.5,,.9,91.9,,20.08
264,함양군,2023-07-02,26.8,22.3,34,,.8,88.4,,23.26
264,함양군,2023-07-03,26.9,23.1,31.9,,1.3,88.4,,21.59
264,함양군,2023-07-04,23.6,22.8,24.8,31.2,1.2,98.6,0,4.76
264,함양군,2023-07-05,25.1,21.3,30.2,21.6,2.4,85.8,6.5,22.56
264,함양군,2023-07-06,25.2,18.1,34.1,,.9,82,7.3,25.26
264,함양군,2023-07-07,21.2,19.6,23.3,44.4,.7,99.6,0,3.2
264,함양군,2023-07-08,24,20,29.8,,.4,95,1.8,13.72
264,함양군,2023-07-09,26.6,22.7,31.7,,.7,91.4,1.4,14.7
264,함양군,2023-07-10,27.4,23.5,33.8,1.2,1.2,85.9,6.9,22.47
264,함양군,2023-07-11,23.8,21.9,29.8,15.4,.7,98,.9,7.78
264,함양군,2023-07-12,26.2,21.8,32,6.3,1,93.4,3.3,17.46
264,함양군,2023-07-13,25.6,24.2,27.8,7.4,.5,98.6,0,6.28
264,함양군,2023-07-14,24.8,23.9,26.9,45.3,.6,100,0,3.33
264,함양군,2023-07-15,24.6,22.6,27.1,65.2,.9,100,0,3.68
264,함양군,2023-07-16,23.8,21.4,28.5,46.4,.7,99,1.6,10.56
264,함양군,2023-07-17,25.5,22.3,31.7,22.5,.7,96,2.9,15.05
264,함양군,2023-07-18,23.3,21.9,24.7,79.9,.7,100,0,4.36
264,함양군,2023-07-19,26,21.6,32.1,1.2,.6,91.1,5.3,22.17
264,함양군,2023-07-20,27.3,21.9,33.8,,.6,85.5,7.9,24.53
264,함양군,2023-07-21,26.5,21.4,32.3,,1.5,87,8.3,24.44
264,함양군,2023-07-22,23.8,19.3,26.8,,1.2,94.8,.6,9.51
264,함양군,2023-07-23,25.9,23,29.9,4,.6,96.4,.1,8.5
264,함양군,2023-07-24,25.2,23.1,28.5,35,.7,97.5,.9,10.43
264,함양군,2023-07-25,25.9,23.7,30.4,4.8,.6,95.4,1.4,13.89
264,함양군,2023-07-26,25.5,22.8,32.5,40.9,.5,94.6,3.3,16.12
264,함양군,2023-07-27,26.1,22.7,33.3,.7,.8,92.3,5,20.62
264,함양군,2023-07-28,27,22.8,33.7,,.7,89.8,5.8,19.96
264,함양군,2023-07-29,27.9,23.3,35.2,,.4,87.8,8.3,24.59
264,함양군,2023-07-30,27.6,23.4,34.2,,.9,85.5,7.6,24.99
264,함양군,2023-07-31,28,21.8,35.3,,.6,82,10.8,27.18
264,함양군,2023-08-01,28,23,34.3,,.9,83.9,10,24.88
264,함양군,2023-08-02,28.5,21.6,36.4,,.6,80.8,10.8,27.02
264,함양군,2023-08-03,28.3,23.8,35.2,,.6,85.4,6.4,21.13
264,함양군,2023-08-04,28.6,23.4,34.8,,.6,84,9.1,22.94
264,함양군,2023-08-05,29.5,24,37.1,,.5,83,8.9,25.58
264,함양군,2023-08-06,29.3,24.9,34.9,,.9,84.9,9.6,26.33
264,함양군,2023-08-07,29.6,25.3,35.8,,.6,82,7.7,22.13
264,함양군,2023-08-08,29.3,24.1,35.3,,1.1,80.5,8.9,22.62
264,함양군,2023-08-09,25.6,24,28.3,63.7,1.1,95.4,0,3.21
264,함양군,2023-08-10,23.8,22.5,26.2,89.4,3.1,92.5,1.2,7.29
264,함양군,2023-08-11,26.3,20.7,33,,1,82.8,8.1,22.34
264,함양군,2023-08-12,26.3,22.5,32,0,.7,83,5.6,21.68
264,함양군,2023-08-13,26.9,21.5,33.6,,.4,85.6,5.4,21.39
264,함양군,2023-08-14,27.4,23.7,33,,.8,83.5,7.7,20.2
264,함양군,2023-08-15,28,22.7,34.7,,.8,82.1,8.1,23.11
264,함양군,2023-08-16,27.5,23.3,33.2,,.9,85.1,6,18.54
264,함양군,2023-08-17,27.1,23.5,32.2,,1.1,86.6,4.9,17.87
264,함양군,2023-08-18,27.2,23.8,32.9,.5,.9,86.4,4.9,19.89
264,함양군,2023-08-19,27.7,24.5,32.8,,.9,87,5.2,19.84
264,함양군,2023-08-20,27.9,24.6,33.7,4.4,.7,90,4.5,16.6
264,함양군,2023-08-21,27.8,23.4,33.7,,1,84.1,8.6,21.77
264,함양군,2023-08-22,26.7,22.6,32.2,0,1,86.3,3.7,14.44
264,함양군,2023-08-23,,24.1,31.4,57.7,1.4,,4.2,16.78
264,함양군,2023-08-24,,,26.7,28.2,.7,,0,3.88
264,함양군,2023-08-25,26.1,21.2,31.6,,2,79.1,10.6,25.64
264,함양군,2023-08-26,24.9,18.5,32.5,,.5,80.4,10.6,24.72
264,함양군,2023-08-27,25.7,19.7,32,,1.1,78.9,8.1,21.06
264,함양군,2023-08-28,25.3,23.4,27.5,2.7,1.7,85.9,.4,6.87
264,함양군,2023-08-29,25.7,24.2,28.6,27,1.1,93.3,.5,6.97
264,함양군,2023-08-30,23.5,21.6,25.7,129.5,.8,95.4,0,2.93
264,함양군,2023-08-31,25.1,21,30.2,3,.6,86.5,4.4,18.41
264,함양군,2023-09-01,24.7,19.3,31.2,,.7,82.1,6.8,19.83
264,함양군,2023-09-02,23.5,18.6,29.2,2.7,.7,88.3,2,14.91
264,함양군,2023-09-03,26.1,22.5,31.9,.8,.6,88.3,4.4,15.39
264,함양군,2023-09-04,25.8,22.8,32,,.6,89.9,3.4,15.48
264,함양군,2023-09-05,25.7,21,32,,.7,79.4,9.6,22.05
264,함양군,2023-09-06,24.4,18.7,31.4,,.6,81.6,9.4,20.94
264,함양군,2023-09-07,22.7,17.3,29.7,,.9,74.4,10.8,23.98
264,함양군,2023-09-08,22.1,15.2,29.7,,.6,78.1,10.6,23.38
264,함양군,2023-09-09,22.6,15.9,31.9,,.6,76.6,9.2,23.02
264,함양군,2023-09-10,23.1,17.9,30.6,,.9,74.3,8.6,22.18
264,함양군,2023-09-11,23.8,17.7,31.2,,1,74.8,9,21.77
264,함양군,2023-09-12,23.9,19.4,30.3,,.5,78.9,3.2,14.7
264,함양군,2023-09-13,23.5,20.8,26.7,4,.4,87.4,0,6.21
264,함양군,2023-09-14,22.6,21.3,24.9,16.6,.6,90.8,0,4.46
264,함양군,2023-09-15,22.9,21.3,25.4,26.9,.7,89.8,0,6.13
264,함양군,2023-09-16,23.3,21.8,27.3,33.8,.7,89.9,.4,5.5
264,함양군,2023-09-17,24.5,21.5,28.8,2.1,.6,84.9,1,12.15
264,함양군,2023-09-18,25.2,20.6,31.7,,.7,77.9,8.2,18.77
264,함양군,2023-09-19,23.2,19.4,30.3,,.5,79.6,7.6,18.21
264,함양군,2023-09-20,21,19.5,22.7,14.3,.5,93,0,2.56
264,함양군,2023-09-21,20.6,19.1,22.1,10.6,.7,91.6,0,5.74
264,함양군,2023-09-22,21.4,16.7,28.7,,.6,77.5,8.1,20.42
264,함양군,2023-09-23,18.5,14.5,25.2,,.8,80.6,4.9,14.57
264,함양군,2023-09-24,19.3,13.3,25.3,,.9,77.6,8.6,19.45
264,함양군,2023-09-25,20.8,16,26.5,,.5,83,1.6,12.08
264,함양군,2023-09-26,20.9,19.9,22.2,1.7,.2,91.6,0,2.7
264,함양군,2023-09-27,22.4,19.7,26.8,,1.5,79.9,1.4,8.71
264,함양군,2023-09-28,22,17,28.2,,1.7,76.8,7,17.43
264,함양군,2023-09-29,20.5,14,28.4,,.2,73.5,6.6,17.77
264,함양군,2023-09-30,19.1,15.2,25.7,4.1,1,76.4,5.7,15.96
266,광양시,2023-05-20,19.6,14.1,25.6,,1.3,78.5,12.3,27.78
266,광양시,2023-05-21,21,15.1,27.8,,2.1,70,12.3,28.01
266,광양시,2023-05-22,17.4,14.2,20,.4,1.2,66,.6,7.67
266,광양시,2023-05-23,17.7,12.4,24.7,0,1.4,70.8,10.9,25.35
266,광양시,2023-05-24,19.2,13.3,24.5,,1.1,65.5,6.1,20.45
266,광양시,2023-05-25,19.8,16.2,24.9,,1.3,63.3,8.9,26.91
266,광양시,2023-05-26,20.6,16,25,0,1.1,73.8,1.7,13.4
266,광양시,2023-05-27,21.8,19.5,25.4,.2,1.5,79.8,2.1,14.77
266,광양시,2023-05-28,21.4,20.5,22.8,11,1.5,95.3,0,4.82
266,광양시,2023-05-29,21.6,19.5,22.9,11.6,1.8,97.9,0,4.16
266,광양시,2023-05-30,19.5,18.4,21.5,8.3,1.8,94.9,0,5.7
266,광양시,2023-05-31,20.9,16.9,25.9,.1,2.4,61.4,10.5,28.51
266,광양시,2023-06-01,17.8,15.5,18.8,14.4,.8,85.3,0,4.35
266,광양시,2023-06-02,23.4,18.2,30.5,1,1.5,71.9,11.4,29.01
266,광양시,2023-06-03,22,16,28.5,,1.6,62.8,10.7,25.48
266,광양시,2023-06-04,22.7,16.8,28.4,,1.9,46.8,9.3,25.52
266,광양시,2023-06-05,22,19.1,26.1,,1.7,57.9,1.2,16.75
266,광양시,2023-06-06,21.2,17.6,26.6,0,1.5,72.1,9.3,26.74
266,광양시,2023-06-07,22.2,16.3,28.7,,1.4,70.6,11.6,24.54
266,광양시,2023-06-08,21.8,18,26.9,,1.5,75.4,7.3,22.29
266,광양시,2023-06-09,22.1,17.3,28.6,,1.4,78,8,24.76
266,광양시,2023-06-10,23,19.1,27.5,0,1.7,78.3,7.2,21.44
266,광양시,2023-06-11,23.6,20.9,28.7,.4,1.5,78.4,5.5,19.42
266,광양시,2023-06-12,24.1,19.5,29.4,,1.3,75.9,9.7,25.1
266,광양시,2023-06-13,23.8,19.9,29,,1.3,75.5,9.7,23.92
266,광양시,2023-06-14,23.2,18.3,29,,1.4,69.5,8.5,23.19
266,광양시,2023-06-15,21.8,17.4,27.2,2,1.3,79,10.1,23.68
266,광양시,2023-06-16,24,17.7,30.9,,1.3,64.5,12.5,29.46
266,광양시,2023-06-17,24.5,19.1,31.1,,1.3,66.6,9.7,24.47
266,광양시,2023-06-18,25.9,21,31.9,,1.2,63.9,9.6,25.93
266,광양시,2023-06-19,25.3,20.4,31.7,,1.7,68.6,11,26.02
266,광양시,2023-06-20,23.4,20.2,28.2,20.4,2.9,70.4,6.3,17.87
266,광양시,2023-06-21,21.6,19.5,23.7,9.2,1.7,92.3,.1,4.96
266,광양시,2023-06-22,24,19,29.1,,2.4,69.8,11.2,28.99
266,광양시,2023-06-23,24,18.8,29.8,,1.5,70.5,11.6,26.57
266,광양시,2023-06-24,23.5,19.7,29.1,,1.5,76.9,6.9,22.86
266,광양시,2023-06-25,21.3,19.8,24.2,28.2,2,90.9,.1,9.24
266,광양시,2023-06-26,23.5,20.7,25.1,34.8,1.7,97.4,0,3.15
266,광양시,2023-06-27,25.1,20.3,30.4,83.6,2.3,89.3,4.8,21.65
266,광양시,2023-06-28,22.2,18.9,24.9,47.5,1.4,91,.4,9.81
266,광양시,2023-06-29,24.2,22.6,25.6,10.9,1.3,96.5,0,3.3
266,광양시,2023-06-30,24,22.6,25.7,31.7,1.5,95,.1,6.31
266,광양시,2023-07-01,23.7,21.8,27.2,0,.8,94,.2,7.55
266,광양시,2023-07-02,25,21.8,30.5,,1,87,4.9,18.63
266,광양시,2023-07-03,26.1,23.2,29.8,.2,1.3,83.9,3.3,18.34
266,광양시,2023-07-04,23.2,22.6,24.3,35.8,1.4,96.3,0,2.13
266,광양시,2023-07-05,26.2,23,31.2,20.7,1.8,81.6,7.5,23.62
266,광양시,2023-07-06,25.5,20.5,31.9,,1.2,77.4,7.3,22.37
266,광양시,2023-07-07,22.3,21,24.1,58.1,1.4,93.8,0,2.61
266,광양시,2023-07-08,23.5,20.9,26.1,1.7,.5,95.5,.1,6.29
266,광양시,2023-07-09,25.1,23.5,26.4,4.8,.8,95.4,0,4.66
266,광양시,2023-07-10,26.4,23.4,30,.3,1.5,88.8,4.3,16.4
266,광양시,2023-07-11,24.7,22.8,26.9,12.2,1,95.3,0,3.72
266,광양시,2023-07-12,24.6,22.6,26.8,154.6,.9,98.6,0,1.59
266,광양시,2023-07-13,26,24.6,28.2,.8,1,95.8,0,5.66
266,광양시,2023-07-14,25.3,24.5,26.5,15.8,2.1,96.4,0,2.64
266,광양시,2023-07-15,25.5,21.7,28.5,5,2.5,93.9,0,8.09
266,광양시,2023-07-16,23.4,21.5,26.5,75.9,.6,99.4,.1,6.55
266,광양시,2023-07-17,25.7,23.4,29.8,115.8,.9,96.4,.3,11.9
266,광양시,2023-07-18,24.4,23.7,25.2,136.6,1.2,100,0,2.21
266,광양시,2023-07-19,25.7,24,28.6,0,1,90.8,1,12.69
266,광양시,2023-07-20,26.4,22.9,31,,1,87.6,6.2,20.53
266,광양시,2023-07-21,26.1,22.8,30.6,,1.7,84.5,8.3,22.76
266,광양시,2023-07-22,24.2,22.2,25.7,3.5,1.6,90.5,.2,5.97
266,광양시,2023-07-23,26.8,24.9,29.8,20.7,1.8,94,.5,12.09
266,광양시,2023-07-24,25.7,24.5,28.3,61.7,1.1,97.8,.3,6.83
266,광양시,2023-07-25,26.7,24,30.5,19.1,.9,90.3,2.9,14.44
266,광양시,2023-07-26,27,23.7,31.9,,.9,91.3,4.2,16.24
266,광양시,2023-07-27,28.1,23.9,33.1,,1.2,83.6,8.6,26.3
266,광양시,2023-07-28,27.7,24.4,31.9,,.8,82.6,1.3,15.52
266,광양시,2023-07-29,29.2,23.8,34.7,,1,75.3,12.3,26.59
266,광양시,2023-07-30,28.3,24.6,33,,1.1,78.8,8.4,20.23
266,광양시,2023-07-31,29,23.6,34.4,,1,74.4,11.8,25.88
266,광양시,2023-08-01,29.1,25.4,33.7,,1.8,75.3,12,26.35
266,광양시,2023-08-02,29.8,24.1,35.7,,1.2,70.1,12.4,27.28
266,광양시,2023-08-03,30,25.3,34.8,,1.2,71.4,11.6,25.57
266,광양시,2023-08-04,29.5,25.2,34.6,,1.2,72.1,9.3,22.25
266,광양시,2023-08-05,30.6,24.9,36.1,,1.1,70.4,12,26.46
266,광양시,2023-08-06,30.5,27.2,34.3,,2.1,70.8,9.8,22.69
266,광양시,2023-08-07,30.5,26.9,35.8,0,1.9,72.5,8.9,22.71
266,광양시,2023-08-08,30.7,27.3,35.2,,2.9,69.6,11,24.96
266,광양시,2023-08-09,26.1,24.5,28.3,37.3,4.1,86.8,0,3.54
266,광양시,2023-08-10,24,22.2,26.1,76.6,3.4,89.9,.4,6.99
266,광양시,2023-08-11,26.6,22.2,31,,1.6,80.8,9.6,24.45
266,광양시,2023-08-12,27.9,23.8,33.3,0,1,77,9.1,22.8
266,광양시,2023-08-13,27.5,24,32.2,,1.1,79.9,6.9,20.36
266,광양시,2023-08-14,28.3,24.2,32.7,,1.3,78.4,11,25.57
266,광양시,2023-08-15,27.5,24.5,33.3,4.2,1.3,80.3,7.8,20.33
266,광양시,2023-08-16,27.6,25.3,31.3,0,1.2,85.9,2.2,13.97
266,광양시,2023-08-17,27.2,24.5,31.3,.3,1.2,84.1,5,17.04
266,광양시,2023-08-18,27,24.1,31.5,,1.1,83.4,1.5,12.85
266,광양시,2023-08-19,28.2,25.6,32.4,,1.5,82.1,3.3,16.01
266,광양시,2023-08-20,29.2,25.8,33.8,,1.3,79.5,11.4,25.33
266,광양시,2023-08-21,28.7,25.4,32.9,,1.2,80.6,8.1,21.36
266,광양시,2023-08-22,28.4,26.6,32.3,.8,1.6,80.1,4,17.33
266,광양시,2023-08-23,27.6,25.8,30.7,16.5,2,88.4,2.7,11.91
266,광양시,2023-08-24,25.5,23.8,28.3,39.8,1.2,96.1,.1,4.53
266,광양시,2023-08-25,26.4,22,31.7,,1.6,80.3,9.4,23.6
266,광양시,2023-08-26,26.8,21.7,32.2,,1.1,76.6,10.4,22.78
266,광양시,2023-08-27,27,23.4,31,,1.4,80.1,6.6,15.49
266,광양시,2023-08-28,26.1,24.4,27.3,5,2.4,86.3,1,7.35
266,광양시,2023-08-29,26.9,24.9,30.3,30.4,2.1,89.6,.9,9.39
266,광양시,2023-08-30,25.1,23.2,27.8,157.6,1,95.4,.2,6.25
266,광양시,2023-08-31,25.6,22.4,30,2.7,1,86.3,4.7,18.29
266,광양시,2023-09-01,26.1,23.1,30.9,.2,1.5,83.3,6.4,20.35
266,광양시,2023-09-02,24.4,22.4,28.6,8.3,1.2,87.9,1.3,9.47
266,광양시,2023-09-03,26.5,23.4,31.1,12.9,1.1,86.3,4.3,16.6
266,광양시,2023-09-04,27.4,23.4,32.2,,1.4,80.6,8.5,19.94
266,광양시,2023-09-05,27.1,23.4,31.1,,1.9,69.3,9.4,20.53
266,광양시,2023-09-06,26.2,21.6,31.9,,1.6,70.9,8,20.87
266,광양시,2023-09-07,25.2,21.4,29.9,,2.2,60.1,10.7,24.36
266,광양시,2023-09-08,24.4,19.7,29.4,,1.5,65,10.5,23.66
266,광양시,2023-09-09,24.9,19.8,30.4,,1,72.8,10.5,23.35
266,광양시,2023-09-10,25,20.8,30.4,,1.2,72,10.5,23.51
266,광양시,2023-09-11,25.5,21.7,30.9,,1,77,5.3,17.42
266,광양시,2023-09-12,25.9,22.4,31.5,,.7,80,4.8,16.79
266,광양시,2023-09-13,25.2,22.9,27.1,26.7,1,84.6,.1,6.35
266,광양시,2023-09-14,23.1,22.1,25.3,22.2,1,94.8,0,4
266,광양시,2023-09-15,23.9,21.6,26.7,6.2,2,89.3,.2,8.87
266,광양시,2023-09-16,23.6,22.9,24.4,45,1,96.1,.1,2.54
266,광양시,2023-09-17,25,22.5,28.4,15.8,.9,90.5,1.8,11.81
266,광양시,2023-09-18,26.1,22.3,31.3,0,1.1,82.5,10.5,22.12
266,광양시,2023-09-19,24.5,20.8,29.9,,.9,80.4,8.3,16.74
266,광양시,2023-09-20,23.5,21,26.4,33.5,1.4,93,0,2.31
266,광양시,2023-09-21,21.6,19.8,24.9,6.6,1.3,95.8,0,4.76
266,광양시,2023-09-22,22.1,19.3,27.4,,1,83.3,4.2,15.35
266,광양시,2023-09-23,21.4,18,24.9,,2.2,69.8,5,14.47
266,광양시,2023-09-24,22.2,19.9,26.2,,3.4,60.6,10.5,21.19
266,광양시,2023-09-25,22.8,20.2,25.7,,2.2,71.3,.4,9.33
266,광양시,2023-09-26,23.6,21.3,26.9,.7,.8,84.8,.1,7.58
266,광양시,2023-09-27,23.6,21.1,27,,1.1,79.6,3,11.53
266,광양시,2023-09-28,23.9,20.4,29.5,,2.1,71.6,9.8,20.28
266,광양시,2023-09-29,23.1,17.2,29.4,,1,70.3,9.1,19.91
266,광양시,2023-09-30,20.1,16.1,24.9,3.4,1.4,78.3,3.6,12.81
268,진도군,2023-05-20,17.8,14,24.6,,1.8,86.6,11.9,
268,진도군,2023-05-21,15.6,13.5,18.9,,1.9,91.1,.5,
268,진도군,2023-05-22,15.2,11.9,19.5,.8,1.9,86.9,.8,
268,진도군,2023-05-23,16.4,10.2,22.7,,1.7,77.3,12.4,
268,진도군,2023-05-24,16.6,9.9,22.8,0,1.4,75.6,5,
268,진도군,2023-05-25,18.8,14,23.7,,1.9,69,8.7,
268,진도군,2023-05-26,20.9,15.9,24.9,,1.9,77,4.7,
268,진도군,2023-05-27,21.5,20.1,25.2,0,2.6,83,1,
268,진도군,2023-05-28,22.2,20.4,24.2,1.1,3.6,91.8,0,
268,진도군,2023-05-29,20.6,19.3,22.4,4.7,2.5,98.6,0,
268,진도군,2023-05-30,19.5,18.1,21.3,16,1.8,94.4,0,
268,진도군,2023-05-31,20.4,16.9,25,1.8,2.2,72.6,8.5,
268,진도군,2023-06-01,19.7,17,22.8,3.9,1.2,88.4,0,
268,진도군,2023-06-02,20,17.4,23.6,.1,3.5,88.1,8.5,
268,진도군,2023-06-03,19.5,15,24.2,,3,73.5,11.7,
268,진도군,2023-06-04,19.9,13.6,24.9,,1.3,66.1,8.7,
268,진도군,2023-06-05,19.8,17.2,23.1,0,1.5,68.9,.2,
268,진도군,2023-06-06,18.5,15.1,23.5,0,2.1,81.4,8.6,
268,진도군,2023-06-07,19.1,13.2,24.6,,2,83.8,10.6,
268,진도군,2023-06-08,21,18.2,25.2,,2.4,80.8,10,
268,진도군,2023-06-09,21.7,18.7,27.8,0,2.3,82.6,9.8,
268,진도군,2023-06-10,22.2,19,26.9,0,2.4,79.3,8.8,
268,진도군,2023-06-11,22.5,18.8,27.4,,1.4,84.5,3.8,
268,진도군,2023-06-12,20.8,17.5,26.6,,1.5,87.9,7.2,
268,진도군,2023-06-13,21.2,16.1,26.7,,1.6,80,10.4,
268,진도군,2023-06-14,21.5,16.3,27.6,,1.7,77.3,11,
268,진도군,2023-06-15,20.9,15.9,26.3,,1.8,77.1,12.3,
268,진도군,2023-06-16,21,14.3,28.8,,1.5,77.6,11.4,
268,진도군,2023-06-17,21.6,14.1,29.9,,1.4,68.6,9.4,
268,진도군,2023-06-18,21.8,17.8,26.9,,1.5,74.8,5.2,
268,진도군,2023-06-19,23.2,17.6,27.7,,2.1,75.5,11.2,
268,진도군,2023-06-20,21.5,18.5,24.3,14.7,2.7,87,1.8,
268,진도군,2023-06-21,21.2,19.8,23,.7,2,94.5,.3,
268,진도군,2023-06-22,21.6,17.8,25.5,,1.9,85,10.4,
268,진도군,2023-06-23,22.8,17.8,28.9,,1.7,81.4,9.1,
268,진도군,2023-06-24,22.8,19.2,26.7,,1.8,76.4,5.6,
268,진도군,2023-06-25,22,20.4,22.6,21.5,2.5,89,0,
268,진도군,2023-06-26,23.9,21.7,24.4,17.3,4.4,97.9,0,
268,진도군,2023-06-27,24.7,23.1,27.9,2.9,3.3,93,1.1,
268,진도군,2023-06-28,24,22.9,24.9,0,2.8,95.1,0,
268,진도군,2023-06-29,24.4,23.4,26.4,24.5,3.9,94.1,.1,
268,진도군,2023-06-30,23.4,21.9,25.4,47.9,2.3,95.5,0,
268,진도군,2023-07-01,24.1,21.7,28.4,,1.3,88.1,4,
268,진도군,2023-07-02,23.9,20.5,28.7,0,1.5,91.6,2.8,
268,진도군,2023-07-03,24.1,22.9,27,54.7,1.8,94.6,.1,
268,진도군,2023-07-04,24.3,22.3,25.6,6.7,3.1,94.9,0,
268,진도군,2023-07-05,24,20.3,27.5,23.2,2.4,87.6,8.5,
268,진도군,2023-07-06,24.5,19.9,29,,1.9,85.4,9.8,
268,진도군,2023-07-07,24.6,21.9,26.6,26.2,2.6,91,0,
268,진도군,2023-07-08,25.1,23.9,27.6,6,1.1,94,.7,
268,진도군,2023-07-09,26.1,24.2,28.6,.1,2,92,.7,
268,진도군,2023-07-10,26.4,22.7,29.9,2.5,2.6,85.9,5.8,
268,진도군,2023-07-11,25.8,24.7,26.6,4.9,3.3,93.4,0,
268,진도군,2023-07-12,25.7,22.7,27.1,35.7,2.8,92.5,.1,
268,진도군,2023-07-13,26.4,25.9,27.4,.8,4.5,88.9,0,
268,진도군,2023-07-14,26.3,25.9,27.1,.4,6.5,88.5,0,
268,진도군,2023-07-15,25.2,22.3,26.4,37,4.6,93.6,0,
268,진도군,2023-07-16,23.9,22.1,29,108.5,1.3,95.8,.7,
268,진도군,2023-07-17,26.7,22.6,30.8,18.8,1.9,89,1.6,
268,진도군,2023-07-18,24.9,22.9,27.3,29.2,2.2,94.9,0,
268,진도군,2023-07-19,24.3,21.8,28.4,.4,1.8,91.6,3.2,
268,진도군,2023-07-20,24.2,21.1,27.9,,1,91.6,1.2,
268,진도군,2023-07-21,25.5,21.7,28.9,,1.7,83.9,4.2,
268,진도군,2023-07-22,24.9,21.7,26.5,56.7,3,89.9,0,
268,진도군,2023-07-23,26.8,25,28.1,35.1,4,90.6,0,
268,진도군,2023-07-24,25.7,24,27.9,56.2,2.3,93.3,0,
268,진도군,2023-07-25,26.8,23.8,30.3,,2.2,84.6,5.4,
268,진도군,2023-07-26,28.3,25.6,31.8,,2.3,84.1,9.7,
268,진도군,2023-07-27,28.5,26.2,31.7,,2.5,80,10,
268,진도군,2023-07-28,26.8,24.2,30.4,4.6,1.8,87.8,4.4,
268,진도군,2023-07-29,28.2,24.6,31.9,,1.9,81.3,4.7,
268,진도군,2023-07-30,28,23.6,31.9,,2,80.5,12,
268,진도군,2023-07-31,27.7,24,32.3,,1.2,82.3,9.7,
268,진도군,2023-08-01,27.9,23.6,33.2,,1.4,80.9,12.6,
268,진도군,2023-08-02,28.4,23.3,34.3,,1.2,77.8,12.1,
268,진도군,2023-08-03,28.8,23.8,33.7,,1.6,76,12.5,
268,진도군,2023-08-04,28.5,24.4,32.7,,1.5,79.5,8.6,
268,진도군,2023-08-05,28.6,24,34.1,,2,78.4,12,
268,진도군,2023-08-06,27.9,24.4,32.7,,2.1,83.3,9.9,
268,진도군,2023-08-07,27.6,24.4,32.7,,1.9,84.8,10.2,
268,진도군,2023-08-08,28.6,24.7,34.7,.7,1.7,81.8,8.7,
268,진도군,2023-08-09,27.2,24.8,31.7,.1,3.2,83.1,.9,
268,진도군,2023-08-10,25.3,22,28.1,.3,4.4,81.6,7.3,
268,진도군,2023-08-11,26.2,21.8,31.4,0,1.6,81.3,5.9,
268,진도군,2023-08-12,26.3,20.5,32.1,,1.3,80.4,8.3,
268,진도군,2023-08-13,27.1,22.9,31.5,,1.8,81.8,10.9,
268,진도군,2023-08-14,27.3,22.5,32.7,,1.2,78.1,9.8,
268,진도군,2023-08-15,27,23.9,31.9,,1.7,83.8,9,
268,진도군,2023-08-16,27.4,24.3,32.3,,1.7,81.5,11.4,
268,진도군,2023-08-17,26.9,21.9,32.5,,1.4,80.5,9,
268,진도군,2023-08-18,27,22.7,31.6,,1.4,80.1,7.5,
268,진도군,2023-08-19,26.8,23.2,32.4,,1.4,78.6,9.9,
268,진도군,2023-08-20,27.6,22.1,33.3,,1.2,77.4,10.6,
268,진도군,2023-08-21,28.5,24,32.9,0,2.1,81,7.3,
268,진도군,2023-08-22,28,,31.5,13.6,2.1,84.5,3.7,
268,진도군,2023-08-23,24.6,22.9,28.2,92.9,1.4,95.3,0,
268,진도군,2023-08-24,24.8,22.5,28.2,0,1.2,92.4,2.1,
268,진도군,2023-08-25,25,20.4,30.1,,1.4,84.1,11.6,
268,진도군,2023-08-26,24.8,20,30.5,,1.5,82.1,11.2,
268,진도군,2023-08-27,26,20.9,31.3,,1.1,83,8.8,
268,진도군,2023-08-28,27.1,24,30.2,31.1,2.3,86.3,4.7,
268,진도군,2023-08-29,25.9,23.5,30.2,24.3,1.9,90.5,1,
268,진도군,2023-08-30,22.3,19.9,25.6,1.9,2.2,86.9,0,
268,진도군,2023-08-31,23.6,19.9,26.7,.4,2.5,81.8,8.9,
268,진도군,2023-09-01,24.6,20.6,29.2,0,2.4,79.1,6.7,
268,진도군,2023-09-02,25,22.1,29,5.2,1.6,89.3,1.3,
268,진도군,2023-09-03,26.9,23.2,30.6,,1.9,83.4,10.4,
268,진도군,2023-09-04,26.2,21.8,31.5,,1.2,83.5,8.3,
268,진도군,2023-09-05,25.7,22.7,29.9,,1.1,87.4,5.9,
268,진도군,2023-09-06,25.7,21.3,30.8,,1.4,85.1,11.2,
268,진도군,2023-09-07,24.4,19.6,30,,1.3,77.5,11,
268,진도군,2023-09-08,22.8,17.1,28.6,,1.2,78,11,
268,진도군,2023-09-09,23.3,17.3,29.1,,1.2,78.3,9.9,
268,진도군,2023-09-10,23.6,19.2,28.9,,.9,81.3,7,
268,진도군,2023-09-11,24.1,18.7,29.9,,1.2,80.3,9.6,
268,진도군,2023-09-12,24.5,20,30.2,0,1,78.6,6.2,
268,진도군,2023-09-13,23.1,21.1,26.7,26.5,2.3,87.4,.1,
268,진도군,2023-09-14,22.2,20.6,24.1,15.2,1.3,93.3,0,
268,진도군,2023-09-15,25.5,22.2,30.2,21.4,1.9,87.9,5,
268,진도군,2023-09-16,24.2,22.3,27.9,41.9,1.2,94.8,.4,
268,진도군,2023-09-17,24.1,20.8,29.1,.3,1,88.4,4.8,
268,진도군,2023-09-18,24,20,29.6,,1,84.9,10,
268,진도군,2023-09-19,23.2,19.3,29.3,,1,86.5,7.4,
268,진도군,2023-09-20,25,20.5,27.8,5.2,3.6,87.3,0,
268,진도군,2023-09-21,21.3,18.1,23.2,.6,3.7,82.6,0,
268,진도군,2023-09-22,20.5,16.6,25.2,,2,80.4,10.6,
268,진도군,2023-09-23,19.8,15.7,25.9,,1.3,78.6,2.7,
268,진도군,2023-09-24,21.2,15.4,26.5,,1.6,71.4,9.1,
268,진도군,2023-09-25,23.2,18.1,27.2,0,1.3,76.1,2.2,
268,진도군,2023-09-26,24,20.8,27.4,2.3,2,83.3,7.4,
268,진도군,2023-09-27,22.8,20,26.4,,1.2,85.8,5.2,
268,진도군,2023-09-28,22.8,20,26.4,.1,1.6,82.4,7.9,
268,진도군,2023-09-29,21.4,17.5,26.5,0,1.6,78.9,8.5,
268,진도군,2023-09-30,18.9,15.3,22.1,7.6,2.1,82.4,5.1,
271,봉화,2023-05-20,17.7,8.5,25.4,,1.2,71.5,12.3,
271,봉화,2023-05-21,19.2,15.1,24.5,,1.7,56,7.6,
271,봉화,2023-05-22,14.7,9.5,20.3,1.3,.9,75.5,.7,
271,봉화,2023-05-23,12.7,6.1,22.4,.7,1.1,78.1,8.3,
271,봉화,2023-05-24,15,4.7,23.5,,1,63,8.3,
271,봉화,2023-05-25,17.8,9.3,25.6,,1.3,55.5,10.5,
271,봉화,2023-05-26,18.8,13.5,24.8,.2,1.2,65.1,9.7,
271,봉화,2023-05-27,18.1,12.8,22.6,0,.8,85.4,.1,
271,봉화,2023-05-28,18.4,17.1,19.3,22.5,.3,96.1,0,
271,봉화,2023-05-29,19,16.9,20.9,22.3,.7,95.6,0,
271,봉화,2023-05-30,17.8,12.6,22.9,,1.9,76.5,6.5,
271,봉화,2023-05-31,17,9,24.7,,1.5,62.8,11.7,
271,봉화,2023-06-01,17.9,10.9,24.3,,1.1,73,4.1,
271,봉화,2023-06-02,20.3,14.2,26.6,,1.5,69.8,9.7,
271,봉화,2023-06-03,19,12.8,26.5,,1.5,63.9,10.9,
271,봉화,2023-06-04,18.5,9.5,26.8,,1.6,59.5,11.9,
271,봉화,2023-06-05,18.9,10.5,26,,1.3,64.5,12.2,
271,봉화,2023-06-06,19.5,13.4,26.9,,1.4,67.9,10.4,
271,봉화,2023-06-07,18.8,11.9,24.7,,1,77.9,5.8,
271,봉화,2023-06-08,20.6,15.4,27.9,0,1.6,71.1,8.4,
271,봉화,2023-06-09,19.9,13.7,26.7,0,1.4,65.3,9.3,
271,봉화,2023-06-10,19.6,12.6,27.5,3.9,1.2,72.5,5.8,
271,봉화,2023-06-11,20.2,14.9,26.8,0,1.3,78.4,7.6,
271,봉화,2023-06-12,20.8,15.8,27.2,0,1.4,73.5,9.3,
271,봉화,2023-06-13,18.4,15.1,26.1,5.5,1,85.6,5.4,
271,봉화,2023-06-14,17.6,12.3,25.8,3.1,1,85.4,6.9,
271,봉화,2023-06-15,17,13.8,23.5,0,1,87.5,4.9,
271,봉화,2023-06-16,20.8,14,28.8,,1.1,78.3,10.7,
271,봉화,2023-06-17,23.3,15.4,31.9,,1.2,68.8,10.7,
271,봉화,2023-06-18,23.7,16.9,31.7,,1.3,68.1,11.7,
271,봉화,2023-06-19,22.2,15.7,29.5,,1.8,68.9,10.9,
271,봉화,2023-06-20,20.2,14.3,25.2,0,1.3,71.3,5.1,
271,봉화,2023-06-21,19,16.4,20.9,28.6,.6,95,0,
271,봉화,2023-06-22,20.2,17.2,24.9,0,1,84.4,2.2,
271,봉화,2023-06-23,21.1,15.1,27.8,,1.2,75.5,6.6,
271,봉화,2023-06-24,21.8,15.1,29,,.9,75,8.9,
271,봉화,2023-06-25,22.4,16.4,28.8,,.9,75,5.5,
271,봉화,2023-06-26,20.8,18.2,23.4,117.5,.5,96.1,0,
271,봉화,2023-06-27,23.7,19.7,27.9,6,1.7,76.8,8.9,
271,봉화,2023-06-28,22.7,18.8,27.7,1.1,1.3,82.6,7.4,
271,봉화,2023-06-29,22.5,19.4,24.6,85.3,1,92.9,0,
271,봉화,2023-06-30,22,19.6,24.5,50.6,.8,94.9,.1,
271,봉화,2023-07-01,23.8,19.5,29.1,,.9,82.9,10.6,
271,봉화,2023-07-02,24.1,19.7,30.3,,.9,83.4,7.2,
271,봉화,2023-07-03,24.3,18.6,30.8,,1.1,77.3,9.7,
271,봉화,2023-07-04,22.8,19.7,26.9,30.7,.6,87,4,
271,봉화,2023-07-05,23.2,19.2,26.6,53.1,1.7,81.3,7.4,
271,봉화,2023-07-06,23.5,18.4,29.9,,1,78.6,7.1,
271,봉화,2023-07-07,20.1,18,24,20.3,.7,89.3,0,
271,봉화,2023-07-08,22.7,18.1,28.6,1.2,.8,84.8,5.1,
271,봉화,2023-07-09,22.8,20.3,27,29,.8,89.9,.9,
271,봉화,2023-07-10,23.1,19.5,28.3,14.2,1,88.5,6.5,
271,봉화,2023-07-11,21.6,19.2,25.3,22.7,.7,94,.3,
271,봉화,2023-07-12,23.5,19.8,27.9,0,1,89,2.2,
271,봉화,2023-07-13,22.8,21.2,24.1,24.3,.3,96.8,0,
271,봉화,2023-07-14,23.3,22.2,24.2,131,1.3,95,0,
271,봉화,2023-07-15,21.8,19.8,24,170.1,.9,97.5,0,
271,봉화,2023-07-16,22.6,20,26.4,.3,.8,92.3,1,
271,봉화,2023-07-17,24.4,21.6,28.8,1.7,.9,88.4,2.3,
271,봉화,2023-07-18,22.2,20.6,24.5,18,.6,95.8,0,
271,봉화,2023-07-19,23.7,18.5,29.8,,1,84,9.7,
271,봉화,2023-07-20,23.4,21,29.6,.4,.9,86.9,5.5,
271,봉화,2023-07-21,23.9,20.2,30.6,,.9,86.1,6,
271,봉화,2023-07-22,23.2,17.8,28.7,,.9,81,6.8,
271,봉화,2023-07-23,24.5,22.2,27.1,1.3,.7,87.4,.1,
271,봉화,2023-07-24,24.4,22.5,28.1,4.5,.8,88.8,2,
271,봉화,2023-07-25,23.7,21.4,28.2,.8,1,89.8,2.5,
271,봉화,2023-07-26,23.7,21.6,28.9,3.5,1,90,3.5,
271,봉화,2023-07-27,25.1,20.9,30.5,,1,84.8,8.7,
271,봉화,2023-07-28,25.7,21.6,31.6,,.8,82.4,9.7,
271,봉화,2023-07-29,25.8,21,32.2,,.8,78.4,11,
271,봉화,2023-07-30,25.5,20.5,31.9,.1,1,82,7.8,
271,봉화,2023-07-31,24.5,22.2,30.5,24.7,1,90.5,3.9,
271,봉화,2023-08-01,25.1,20,31.3,,.8,82.3,10.6,
271,봉화,2023-08-02,25.9,21.1,31.2,,.9,85.1,8.7,
271,봉화,2023-08-03,26.1,21.1,31.8,,1,80,10.7,
271,봉화,2023-08-04,25.7,21.6,31.7,,.9,83.9,6.1,
271,봉화,2023-08-05,26.9,21.4,33.1,,1,78.4,10.9,
271,봉화,2023-08-06,26.5,22.3,32.6,,1.1,79.9,8,
271,봉화,2023-08-07,26,21.7,31.4,,1.6,77.4,10.2,
271,봉화,2023-08-08,25.9,22,29.8,,1.7,74.1,10.2,
271,봉화,2023-08-09,24,21.8,26.8,12,1.5,82.4,.1,
271,봉화,2023-08-10,22.4,20.4,25.4,73.5,2.9,87.8,0,
271,봉화,2023-08-11,23.5,20.5,28.8,.3,1,83,4.2,
271,봉화,2023-08-12,23.5,20.4,27.7,0,.7,84.1,3,
271,봉화,2023-08-13,23.7,18.8,29.4,.4,.8,83.1,8,
271,봉화,2023-08-14,24,20.4,29.8,0,1.1,82.9,6.1,
271,봉화,2023-08-15,23.8,18.5,30.4,,1.4,77.5,10,
271,봉화,2023-08-16,24.4,18.6,30.3,.7,.9,78,8.9,
271,봉화,2023-08-17,24.5,21.7,28.6,.5,.7,85,3.2,
271,봉화,2023-08-18,25.1,21.7,30.7,,.9,79.5,4.7,
271,봉화,2023-08-19,26,23.1,30.7,,.7,82,4.7,
271,봉화,2023-08-20,24.6,22.3,30.2,68.4,1,89.3,3.7,
271,봉화,2023-08-21,25.3,22,30.6,,.7,86,7.5,
271,봉화,2023-08-22,25.3,21.5,29.9,,.8,86.1,3.3,
271,봉화,2023-08-23,25.1,21,30.1,2.6,.8,82.6,4.6,
271,봉화,2023-08-24,22.6,20.8,26.3,21.3,.7,93.8,.1,
271,봉화,2023-08-25,23.2,18.8,29,63.3,1.1,84.9,7,
271,봉화,2023-08-26,22.5,17.9,29.7,,.9,85.9,6.7,
271,봉화,2023-08-27,23,18.2,28.3,,1,77.8,7.2,
271,봉화,2023-08-28,23.2,19.7,26.9,,1.1,79.5,3.2,
271,봉화,2023-08-29,23.8,20.5,27.3,3.8,.7,90.4,.9,
271,봉화,2023-08-30,22.5,19.9,25.1,94.4,.9,96,.1,
271,봉화,2023-08-31,21.8,19,26,20.4,.8,87.9,2,
271,봉화,2023-09-01,20.8,16.8,27.6,,.8,82,8.1,
271,봉화,2023-09-02,21.9,16,28.2,,1.2,78.9,10.7,
271,봉화,2023-09-03,23.3,20.4,27.8,0,1,84.9,3.8,
271,봉화,2023-09-04,23.5,19.3,28.6,,.9,82.4,5,
271,봉화,2023-09-05,22.7,18.6,28,,1.1,77.9,4.8,
271,봉화,2023-09-06,21.3,16.3,27.8,,1.2,77.3,8.9,
271,봉화,2023-09-07,19.5,11.9,27,,1.6,72,10.9,
271,봉화,2023-09-08,19.5,13,26.9,,.9,79.1,9.3,
271,봉화,2023-09-09,19.9,13.4,27.7,,1,77.3,10.8,
271,봉화,2023-09-10,21.2,15.9,28.1,,1.1,80,8.3,
271,봉화,2023-09-11,21.4,16,28.2,,.9,81.1,9.6,
271,봉화,2023-09-12,22.6,18.5,28.6,3,.8,81.5,6.7,
271,봉화,2023-09-13,21.2,18.9,24.8,16.7,.7,92.6,0,
271,봉화,2023-09-14,20.8,18.7,24.3,5.9,.7,88.9,.1,
271,봉화,2023-09-15,20.8,19.3,22.6,14.7,.6,95.5,0,
271,봉화,2023-09-16,22.4,20.5,26.1,4.6,.5,92.4,.8,
271,봉화,2023-09-17,22.6,21,26.4,1.3,.7,90.3,1.7,
271,봉화,2023-09-18,22.4,19,27.7,12.5,1.2,85.3,7.6,
271,봉화,2023-09-19,21.1,17.1,26.4,,1.2,83.3,5.7,
271,봉화,2023-09-20,19.2,18.2,21.7,84.3,.9,94.1,0,
271,봉화,2023-09-21,18.4,15.8,21.3,1.4,1.5,75.6,.3,
271,봉화,2023-09-22,17.3,12.8,23.2,,1,80.6,9.6,
271,봉화,2023-09-23,17,12.5,23.8,,1.2,82.3,5.7,
271,봉화,2023-09-24,17.5,13.9,22.1,,1.6,69.5,7.6,
271,봉화,2023-09-25,18.8,14.2,23.4,7,.8,82.1,2.2,
271,봉화,2023-09-26,18.7,17.7,19.5,29.8,.2,97.6,0,
271,봉화,2023-09-27,20,18.7,21.7,2.1,.3,97.1,0,
271,봉화,2023-09-28,19.8,15.5,25.5,,.9,86.3,5.4,
271,봉화,2023-09-29,17.3,14.1,22,,.6,89.4,.2,
271,봉화,2023-09-30,16.4,12.7,21.8,4,1,87.1,5.7,
272,영주,2023-05-20,19.4,9.6,27.2,,2.6,68.5,11.7,
272,영주,2023-05-21,19.7,17.2,23.7,,5.1,56.1,6.4,
272,영주,2023-05-22,17.2,12.3,21.5,,1.7,63.5,3.4,
272,영주,2023-05-23,15.4,8.3,24.4,0,1.5,66.1,8.5,
272,영주,2023-05-24,16.6,7.1,25.1,,1.5,60.5,8.1,
272,영주,2023-05-25,20.1,11.3,26.8,,1.7,50.3,10.6,
272,영주,2023-05-26,20.9,14.7,27.2,0,1.9,54.6,9.1,
272,영주,2023-05-27,18.9,14.8,22.2,.8,.8,85.9,0,
272,영주,2023-05-28,18.4,17.5,19.2,21.7,.7,100,0,
272,영주,2023-05-29,19.6,17.9,22,21.9,.5,98.6,0,
272,영주,2023-05-30,18.4,13,23.9,,1.6,82.1,.8,
272,영주,2023-05-31,18.5,10.5,25.9,,1.6,61.3,12.2,
272,영주,2023-06-01,19,12.6,25.1,,1.2,71.8,4.7,
272,영주,2023-06-02,21.9,17.1,27.2,,3.1,67.4,11.3,
272,영주,2023-06-03,21.1,14.2,27,,2.7,57.6,12.3,
272,영주,2023-06-04,20.8,12.9,27.2,,3.2,50.5,13,
272,영주,2023-06-05,21.1,13.1,26.5,,3.1,56.5,11.4,
272,영주,2023-06-06,21.4,16.1,27.7,,3.3,60.3,11.1,
272,영주,2023-06-07,21.2,17.7,26,,3.4,70,6.9,
272,영주,2023-06-08,20.7,15.8,28.6,24.6,1.8,77.6,5.7,
272,영주,2023-06-09,21.3,15.7,27.4,.1,2.2,65.5,12.2,
272,영주,2023-06-10,20.7,15.1,28.3,1.5,1.2,75.1,6.1,
272,영주,2023-06-11,20.9,16.6,28,7,1.6,85.3,6.6,
272,영주,2023-06-12,20.4,17.3,27,6.5,1.4,87.3,6.1,
272,영주,2023-06-13,19.1,15.3,25.2,38.4,1.3,87.6,2,
272,영주,2023-06-14,19.2,13.6,26,8.9,1.6,81,7,
272,영주,2023-06-15,17.1,13.3,23,11.2,1.1,92.8,4.6,
272,영주,2023-06-16,21.9,14.4,29.2,,2.1,75.3,9.5,
272,영주,2023-06-17,24.5,15.8,31.5,,2.2,64.9,11.6,
272,영주,2023-06-18,25.1,18.3,32.2,,1.2,67.1,11.6,
272,영주,2023-06-19,24.2,18.2,31.2,,1.6,67.1,11.2,
272,영주,2023-06-20,20.9,16.1,25.2,0,1.2,75.1,4.6,
272,영주,2023-06-21,18.8,16.3,20.8,51.2,.5,99.8,0,
272,영주,2023-06-22,21.2,17.9,26.4,3.8,2.9,81.6,4.4,
272,영주,2023-06-23,22.4,15.4,29,,1.2,79.1,9.2,
272,영주,2023-06-24,23.8,17.7,29.8,,1.3,75.9,11.2,
272,영주,2023-06-25,24.1,18.1,30,,1.3,76.4,7.6,
272,영주,2023-06-26,21,18.9,22.6,85.8,.6,99.4,0,
272,영주,2023-06-27,24.7,21.5,28.7,26.7,2.7,78.6,8.2,
272,영주,2023-06-28,24.1,19.4,28.8,.7,1.8,80.6,6.6,
272,영주,2023-06-29,22.7,20.3,23.7,122,.8,99.8,0,
272,영주,2023-06-30,22.7,21.8,24.2,94.8,.7,100,0,
272,영주,2023-07-01,24.7,21,30.1,,1.1,86.9,8.7,
272,영주,2023-07-02,25.3,20.8,31.8,,1.3,86.9,6.3,
272,영주,2023-07-03,25.5,20,31.8,,1.3,79,10.4,
272,영주,2023-07-04,23.1,21,26.5,42.1,1,94.6,.2,
272,영주,2023-07-05,23.6,19.8,26.8,42.5,3.5,82.8,4.7,
272,영주,2023-07-06,24.2,18.2,31.3,,1.5,79.1,9.1,
272,영주,2023-07-07,20.5,17.9,24.6,30.9,1,91,0,
272,영주,2023-07-08,23.4,18.3,27.8,2.6,.8,88.9,2.8,
272,영주,2023-07-09,23.4,21,27.2,10.9,.8,96.1,.9,
272,영주,2023-07-10,23.8,19.8,30.1,30.4,1,90.5,4.7,
272,영주,2023-07-11,22.7,20.3,24.3,17.7,.9,99,0,
272,영주,2023-07-12,24.3,20.9,29.4,.3,1,91.8,1.8,
272,영주,2023-07-13,23.5,21.8,24.8,45.2,.7,100,0,
272,영주,2023-07-14,23.7,22.7,24.6,123.3,1.9,100,0,
272,영주,2023-07-15,22,20.2,23.5,161.6,1.1,100,0,
272,영주,2023-07-16,23,20,26.8,.9,.4,97.6,.5,
272,영주,2023-07-17,25,22,30.5,4.3,1.3,93.4,2.6,
272,영주,2023-07-18,22.9,21.6,24.6,21.3,.7,99.9,0,
272,영주,2023-07-19,25,19.6,30.7,,1.1,86.9,11.6,
272,영주,2023-07-20,25.9,20.9,32.1,,1.3,83.1,8.8,
272,영주,2023-07-21,25.8,20.6,32.1,,1.2,85.3,11.2,
272,영주,2023-07-22,24.8,21,29.6,,1.1,81,6.5,
272,영주,2023-07-23,24.9,23.2,27.9,5.9,.8,95.9,0,
272,영주,2023-07-24,25.1,22.7,29.3,17.6,1.2,92.9,.8,
272,영주,2023-07-25,24.7,22.5,29.4,3.4,1,94,2.2,
272,영주,2023-07-26,23.9,22.3,28.7,54.7,1,97,1.3,
272,영주,2023-07-27,25.4,21.5,30.6,,.9,92.9,3.3,
272,영주,2023-07-28,26.9,22.3,32.9,,1.4,86.9,9.4,
272,영주,2023-07-29,27.1,22.5,33.4,,1.2,84.3,10.9,
272,영주,2023-07-30,27.8,22.1,33.6,,1.3,78.1,12,
272,영주,2023-07-31,26.7,22.7,32.5,1.1,1.2,86.3,6.5,
272,영주,2023-08-01,26.9,21.7,32.9,,1.3,79.9,12.5,
272,영주,2023-08-02,27.5,22.2,33.6,,1.4,80.8,9.2,
272,영주,2023-08-03,27.8,21.9,33.4,,2,78.3,12.5,
272,영주,2023-08-04,27.7,22.8,33.8,,1.6,81.4,8.5,
272,영주,2023-08-05,28.4,22.7,34.7,,1.6,76.9,11.9,
272,영주,2023-08-06,27.4,23.1,34.8,.4,1.5,83.6,10.1,
272,영주,2023-08-07,26.5,23.1,34.6,0,1.5,88.4,5.6,
272,영주,2023-08-08,27.6,23.2,33.8,0,1.3,78,7.8,
272,영주,2023-08-09,24.8,22.9,29.4,23.6,1.2,91.1,.2,
272,영주,2023-08-10,21.8,20.3,24.1,108.8,2.3,99,0,
272,영주,2023-08-11,24,20.5,29.8,.6,1.7,90.6,3.7,
272,영주,2023-08-12,24.1,21.1,28.7,.1,1.1,87.9,.5,
272,영주,2023-08-13,25.1,20.1,29.5,,.9,85.6,3.1,
272,영주,2023-08-14,25.6,21.1,31.7,.4,1.2,84.9,7.9,
272,영주,2023-08-15,26.1,21.2,32.7,,1,79.9,11.1,
272,영주,2023-08-16,25.6,20.1,31,0,1.2,80.4,8.6,
272,영주,2023-08-17,24.9,22.3,28.9,,.9,88.6,2.6,
272,영주,2023-08-18,25.6,21.9,32.2,2.8,.8,87.6,4.6,
272,영주,2023-08-19,26.4,23.5,31.7,3,.8,88.9,5.6,
272,영주,2023-08-20,25.8,22.9,31.8,1.5,1.2,92.6,3.5,
272,영주,2023-08-21,25.8,22.5,31.8,,1.1,89.5,4.5,
272,영주,2023-08-22,26.2,22.2,31.5,,1,85.9,2.6,
272,영주,2023-08-23,26,23,31,1.1,.8,90.3,1.4,
272,영주,2023-08-24,22.7,21.9,23.8,61.1,.8,100,0,
272,영주,2023-08-25,24.8,21,29.9,10.1,2.5,81.4,8.7,
272,영주,2023-08-26,23.5,18.1,30.5,,1.2,83.9,8.8,
272,영주,2023-08-27,24.1,19,29.5,,1.2,79.8,7.6,
272,영주,2023-08-28,24.1,20.9,28,0,1.1,84.3,.4,
272,영주,2023-08-29,24,22.5,25.8,37.5,.7,98,.2,
272,영주,2023-08-30,21.6,20,24.2,65.5,1.7,98.8,0,
272,영주,2023-08-31,22.2,18.7,26.2,1.7,1.2,87.9,2.2,
272,영주,2023-09-01,21.2,16.5,28.2,,1.2,86,8.8,
272,영주,2023-09-02,23,15.6,29.4,,1.4,78.5,10.4,
272,영주,2023-09-03,24.7,19.8,30.4,0,1.1,83.8,5.9,
272,영주,2023-09-04,25.3,20.4,30.9,,1.1,80.9,4,
272,영주,2023-09-05,23.9,19.7,30.1,,1.1,83.9,4.2,
272,영주,2023-09-06,23.1,17.7,30.3,,1.4,76.9,9.4,
272,영주,2023-09-07,20.7,12.8,29.4,,1.8,71.8,11.3,
272,영주,2023-09-08,20.7,13.3,28.4,,1.4,78,11.1,
272,영주,2023-09-09,21.8,16.6,28.4,,1.3,81.3,11.2,
272,영주,2023-09-10,21.7,16,28.9,,1.3,83.4,8.4,
272,영주,2023-09-11,22.5,17.2,29.3,,1.3,84.9,8.3,
272,영주,2023-09-12,23.4,19.1,30,,1.3,84,6.3,
272,영주,2023-09-13,21.8,19.9,24.4,38,1,98,0,
272,영주,2023-09-14,21.4,19.2,24.9,17.5,.7,94.6,.1,
272,영주,2023-09-15,21.1,19.7,23.1,9,.8,98.9,0,
272,영주,2023-09-16,22.4,20.7,25.7,15.9,.7,97.8,.5,
272,영주,2023-09-17,23.2,21.4,26.4,35,.8,94.4,.9,
272,영주,2023-09-18,23.1,19.2,28.9,.6,1.1,89.3,5,
272,영주,2023-09-19,22.6,17.9,27.6,,2.6,78.9,7.1,
272,영주,2023-09-20,19.7,18.6,21.7,102,.8,99.4,0,
272,영주,2023-09-21,18.6,15.9,21.3,.2,1.3,91.6,.1,
272,영주,2023-09-22,18.4,14.2,24.1,,1.3,83.8,10,
272,영주,2023-09-23,18,12.3,25.7,,1.5,79.9,7.5,
272,영주,2023-09-24,17.8,11.6,24.2,,2.1,74.3,9.7,
272,영주,2023-09-25,19.9,15.3,24.8,8.9,1.1,82.6,2.4,
272,영주,2023-09-26,18.8,17.9,19.2,39.9,.2,100,0,
272,영주,2023-09-27,20.2,18.8,22.2,1.7,.7,99.5,0,
272,영주,2023-09-28,21.5,17.2,25.5,,3.1,77.4,7,
272,영주,2023-09-29,17.8,14,23,,1.2,90,1.5,
272,영주,2023-09-30,18.1,13.7,22.7,2.2,2.2,78.8,6.7,
273,문경,2023-05-20,19.9,11.2,27.7,,2,68.9,11.7,
273,문경,2023-05-21,19.8,16.5,24.4,,2.5,58,9,
273,문경,2023-05-22,17.3,13.5,21.5,.2,1.4,66.4,3.1,
273,문경,2023-05-23,16.9,10.2,25,,1.3,63.1,9.9,
273,문경,2023-05-24,17.5,8.6,25.3,,1.2,58.4,8.5,
273,문경,2023-05-25,21.1,13.3,27.5,,1.6,49,8.6,
273,문경,2023-05-26,21.4,16.4,26.5,0,1.3,54.5,5.9,
273,문경,2023-05-27,19.5,16.8,21.7,.6,.6,85.4,0,
273,문경,2023-05-28,19,17.9,20,27.4,.6,98.9,0,
273,문경,2023-05-29,20,18.5,21.8,32.6,.5,98.9,0,
273,문경,2023-05-30,19.1,14.2,24,0,1.4,84.1,.7,
273,문경,2023-05-31,19,11,26,,1.3,63.4,12.2,
273,문경,2023-06-01,19.1,13,25.6,,1,72.5,3.9,
273,문경,2023-06-02,22.1,17.7,27.4,,2,69.1,8.5,
273,문경,2023-06-03,22,15.6,27.2,,2.7,52.5,11.2,
273,문경,2023-06-04,21.4,14,28,,1.8,50.8,11.9,
273,문경,2023-06-05,21.9,15.9,26.8,,1.9,57.9,11.5,
273,문경,2023-06-06,21.3,15.4,27.7,,1.8,64.1,11.2,
273,문경,2023-06-07,21.5,16.3,26.4,,1.3,71.6,7.2,
273,문경,2023-06-08,22.1,17,28.8,,1.3,75.8,6.7,
273,문경,2023-06-09,22.1,16.4,28.4,.5,1.6,63.8,11.1,
273,문경,2023-06-10,20.6,15,30,.8,1.3,77.3,5.9,
273,문경,2023-06-11,21.1,16.9,28.9,3.6,1,87.1,5.8,
273,문경,2023-06-12,22.6,16.6,28.6,,1,75.1,7.7,
273,문경,2023-06-13,21.8,16.4,28.8,,1.3,72.4,5.5,
273,문경,2023-06-14,19.6,14.8,26.9,7.9,1.1,83.9,7.2,
273,문경,2023-06-15,19.4,15.5,24.8,3.2,.6,88,4.4,
273,문경,2023-06-16,22.8,14.6,30.4,,1.2,71.8,11.2,
273,문경,2023-06-17,25.8,16.9,32.3,,1.9,51.8,11,
273,문경,2023-06-18,26.5,21.6,32.7,,1.9,55,11.5,
273,문경,2023-06-19,24.5,18.4,31.9,,1.7,65.5,11.4,
273,문경,2023-06-20,21.5,17.1,25.7,.8,1.6,74.8,3.9,
273,문경,2023-06-21,19.4,17.2,21.6,36.2,.5,96.9,0,
273,문경,2023-06-22,22.2,19.5,26.7,.6,2.1,76.3,3.1,
273,문경,2023-06-23,23.6,17.6,30,,1.2,75.6,10.5,
273,문경,2023-06-24,24.4,18,30.5,,1.2,74.3,12.3,
273,문경,2023-06-25,23.9,18.3,29.6,0,1.3,76.3,7.8,
273,문경,2023-06-26,21.6,19.9,23.1,105,.6,98.9,0,
273,문경,2023-06-27,25.6,22.4,30.3,6.9,1.6,77.3,11.1,
273,문경,2023-06-28,24.1,18.5,29.2,2.1,1.3,83.1,6.3,
273,문경,2023-06-29,23.6,21.2,25.1,39.8,1,98.1,0,
273,문경,2023-06-30,24.4,23.1,26.3,23.6,1,96.6,.1,
273,문경,2023-07-01,25.8,22.4,31.1,,1,84.9,8,
273,문경,2023-07-02,26.6,22.2,31.8,,1.1,80,7.9,
273,문경,2023-07-03,26.3,21.3,32.2,,1.1,79,9.7,
273,문경,2023-07-04,23.8,22.3,26.5,79.3,1.2,91.1,0,
273,문경,2023-07-05,23.7,20.1,28.7,25.9,1.8,85.1,4.4,
273,문경,2023-07-06,24.6,18.6,32.3,,1.1,77.4,7.2,
273,문경,2023-07-07,20.4,16.9,25,80.6,1.1,92.3,0,
273,문경,2023-07-08,23,18.2,28.8,3.4,.6,91.3,2.5,
273,문경,2023-07-09,24.2,22.4,28.6,2.6,.7,94.8,.5,
273,문경,2023-07-10,24.8,20.9,30.5,51.1,.9,87.5,5.4,
273,문경,2023-07-11,23.2,21.3,25.3,41,.8,96,.1,
273,문경,2023-07-12,25.3,21.7,30.2,.3,.6,91,2.6,
273,문경,2023-07-13,24.3,23.2,25.6,24.6,.8,99.9,0,
273,문경,2023-07-14,24.1,23.8,24.5,189.8,1.5,99.9,0,
273,문경,2023-07-15,23,21.6,24.3,126.6,.6,99.4,0,
273,문경,2023-07-16,23.9,21.3,27.6,1.8,.5,96.4,.3,
273,문경,2023-07-17,25.9,23.1,31.7,8.1,1.1,92.3,2.5,
273,문경,2023-07-18,23.1,22.2,24.9,45.1,.6,99.9,0,
273,문경,2023-07-19,25.3,20.9,31.2,,1.2,87,9.5,
273,문경,2023-07-20,26.3,21.7,32.4,,1.1,83.9,10,
273,문경,2023-07-21,26.4,21.6,32.2,,1.1,82.6,10.8,
273,문경,2023-07-22,24.7,20.2,29,,1.4,82.6,5.3,
273,문경,2023-07-23,25.3,23.4,28,19.6,.5,94.5,0,
273,문경,2023-07-24,25.5,23.9,29,10.9,.9,93.5,.8,
273,문경,2023-07-25,25.5,23.2,30.1,3.8,.9,92.6,2.2,
273,문경,2023-07-26,25.1,22.3,31.6,13.6,1.2,93.5,4,
273,문경,2023-07-27,26.1,22,32.2,,.9,90.8,4.7,
273,문경,2023-07-28,26.9,23.8,33.4,,.9,87.8,6.6,
273,문경,2023-07-29,27.9,22.9,33.8,,1,83.1,9.9,
273,문경,2023-07-30,28,23,34.1,,1.1,81.6,11.4,
273,문경,2023-07-31,27.9,23.6,33.2,,1.3,79.6,11.4,
273,문경,2023-08-01,27.7,23.2,33.3,,1,83.8,10.8,
273,문경,2023-08-02,27.9,23.1,33.2,,1,85.3,7,
273,문경,2023-08-03,28.5,23,34.3,,1.2,75.8,11.4,
273,문경,2023-08-04,28.5,23.9,34.5,,.9,80.8,8.7,
273,문경,2023-08-05,29.5,24.3,34.8,,1.1,75,10.8,
273,문경,2023-08-06,28.8,23.9,35.2,0,1.1,81.3,11.2,
273,문경,2023-08-07,27.9,24.3,34.4,,1.1,82.4,7.2,
273,문경,2023-08-08,28.4,23.7,34,,1.6,76.8,6.6,
273,문경,2023-08-09,25.4,23.2,29.4,29.5,1,88.1,0,
273,문경,2023-08-10,21.9,20.7,24.3,95.3,3.7,92.9,0,
273,문경,2023-08-11,24.8,21,30.8,.5,1.2,88.6,3.9,
273,문경,2023-08-12,24,21,27.6,.3,.7,89,1.7,
273,문경,2023-08-13,25.3,20.2,30.4,,1,86.6,4.5,
273,문경,2023-08-14,26.8,21.8,31.8,,1,81.5,11.3,
273,문경,2023-08-15,27.6,23,33.1,,1.3,75.6,11,
273,문경,2023-08-16,26.7,21.9,32.2,,1,79.6,7.1,
273,문경,2023-08-17,25.2,23.5,29.1,,.8,88.5,3.1,
273,문경,2023-08-18,25.8,22.6,32.1,1.1,.9,89.1,4.7,
273,문경,2023-08-19,26.9,23.9,32.4,1.9,.8,87.6,6.9,
273,문경,2023-08-20,26.4,22.4,33.4,34.7,1,90.1,4.6,
273,문경,2023-08-21,25.8,22.9,31.7,1.1,.8,92,3.8,
273,문경,2023-08-22,26.3,23,31.7,,.8,89.4,2.1,
273,문경,2023-08-23,26.5,24,31.8,1.2,.9,88,2.8,
273,문경,2023-08-24,23.8,22.8,25.2,24.7,.7,99.1,0,
273,문경,2023-08-25,25.7,21.3,30.5,1.2,1.6,78.9,9.7,
273,문경,2023-08-26,24.5,19.5,30.2,,1.4,79,11,
273,문경,2023-08-27,24.8,19.7,30,,1.2,82.4,7.7,
273,문경,2023-08-28,24.7,21.7,27.7,,1.3,83.3,.4,
273,문경,2023-08-29,24.7,23.3,26.9,37,.8,94.6,0,
273,문경,2023-08-30,21.7,19.9,24.1,35.6,1.2,96.3,0,
273,문경,2023-08-31,22.7,19.1,27.3,,1.1,83,4.9,
273,문경,2023-09-01,21.9,17.3,29.4,,1.2,82.9,9.2,
273,문경,2023-09-02,22.8,16.1,29.5,9.8,1.3,85.6,9.5,
273,문경,2023-09-03,25,21.2,29.6,.1,.6,87.4,6.5,
273,문경,2023-09-04,25.7,22,30.9,,.7,85,5.1,
273,문경,2023-09-05,24.6,20.5,29.8,,.8,82.8,5.7,
273,문경,2023-09-06,23.9,18.6,30.2,,1,78.8,10.7,
273,문경,2023-09-07,21.8,16.1,29.1,,1.2,76.9,11.7,
273,문경,2023-09-08,21.5,15.1,28.1,,1.2,79.4,11.7,
273,문경,2023-09-09,21.3,16.2,28.7,,1.4,82.9,10.8,
273,문경,2023-09-10,22.1,16.4,28.8,,1.2,83.6,11.6,
273,문경,2023-09-11,23.3,18,29.9,,.9,82.8,6.6,
273,문경,2023-09-12,23.9,20.1,29.7,,.9,84,8.1,
273,문경,2023-09-13,21.8,20.4,23.8,28.7,.6,95,0,
273,문경,2023-09-14,21.5,20,24,14.2,.2,96.3,0,
273,문경,2023-09-15,21.4,20.4,22.4,12.3,.4,98.5,0,
273,문경,2023-09-16,22.6,21,25.2,16.1,.5,97.4,0,
273,문경,2023-09-17,23.9,21.6,28.2,3.5,.6,93.8,.4,
273,문경,2023-09-18,24.3,20.4,30.3,1.1,.8,87.3,5.6,
273,문경,2023-09-19,22.7,18.1,27.4,,.8,83.8,6.3,
273,문경,2023-09-20,20.2,19.2,23.1,101.6,.7,98.4,0,
273,문경,2023-09-21,19,18.1,20.8,2.4,.6,93.9,0,
273,문경,2023-09-22,19.4,15.1,25.1,,.8,83.8,7.3,
273,문경,2023-09-23,18.3,13,25.4,,1.2,82.1,9.1,
273,문경,2023-09-24,18.5,12.7,25.7,,1.8,75.4,8.9,
273,문경,2023-09-25,20.1,16,25.1,3.9,.7,85.6,2.8,
273,문경,2023-09-26,19.3,18.7,20.1,58,.3,100,0,
273,문경,2023-09-27,20.8,19.6,23.2,4.2,.5,96.3,0,
273,문경,2023-09-28,21.3,17.5,26.1,,1.8,81.9,6.6,
273,문경,2023-09-29,19.7,15.4,24.8,,.8,82.8,1.8,
273,문경,2023-09-30,18.6,14.3,23.8,3.6,1.5,80.4,6.3,
276,청송군,2023-05-20,18.4,9.1,28.4,,1.4,71.6,10,27.85
276,청송군,2023-05-21,20.1,13.4,27.3,,2.5,57.6,10.7,25.24
276,청송군,2023-05-22,14.8,8.7,20.8,.3,.9,75.6,2.7,9.84
276,청송군,2023-05-23,13.9,6.8,24.2,1.8,1.3,76.3,7.3,23.05
276,청송군,2023-05-24,15.7,6.9,25.5,,1.4,63.6,6.6,22.06
276,청송군,2023-05-25,18.2,10.2,26.7,,1.6,58.3,8.4,27.33
276,청송군,2023-05-26,20.1,12.9,27.5,,1.5,57,6.7,23.4
276,청송군,2023-05-27,20.8,15.4,25.7,0,1.1,70.6,1.5,12.76
276,청송군,2023-05-28,19.6,17.8,20.8,23.1,.7,89.5,0,3.84
276,청송군,2023-05-29,19.1,16.3,21,49.4,.7,91.9,0,4
276,청송군,2023-05-30,17.2,12.9,20.5,0,1.3,83,.1,8.24
276,청송군,2023-05-31,17.1,10.4,24.6,,1.7,61.9,11.7,30.51
276,청송군,2023-06-01,17,9.2,24.9,,.7,71.9,2.4,13.98
276,청송군,2023-06-02,21.3,14.8,29,5.6,2,66.1,11.1,28.03
276,청송군,2023-06-03,19.8,11.8,28.4,,2,58.9,11.6,28.79
276,청송군,2023-06-04,20.1,10.7,28.7,,2,48.9,13,30.81
276,청송군,2023-06-05,20,11.2,28.4,,1.9,60.6,11.2,26.1
276,청송군,2023-06-06,20.6,13,28.9,,1.6,62,11.3,28.62
276,청송군,2023-06-07,20.4,12.8,26.9,,1.7,69.4,9.2,22.14
276,청송군,2023-06-08,21.8,16.3,30.6,,1.3,63.6,6.3,23.14
276,청송군,2023-06-09,21.4,13.9,29.3,,1.8,61,10,27.96
276,청송군,2023-06-10,20.3,12.5,31.3,0,1.2,69.9,7.1,23.16
276,청송군,2023-06-11,21,14.8,28.3,27.2,1.5,77.3,5.4,20.03
276,청송군,2023-06-12,21.1,17.1,27.9,,2,84.1,8.2,23.97
276,청송군,2023-06-13,21.5,15.5,29.7,.2,1.3,79.6,8.9,23.94
276,청송군,2023-06-14,19.2,15.2,27.7,16.4,1.6,87.6,5.2,19.21
276,청송군,2023-06-15,18,14.4,26.9,0,1.2,85.5,6.6,21.65
276,청송군,2023-06-16,21.9,14.2,30.9,,1.4,78.4,11.1,28.48
276,청송군,2023-06-17,23.8,15.9,33.1,,1.4,71.4,10.3,28.93
276,청송군,2023-06-18,23.7,17.2,33.2,,1.2,71.1,11.6,27.68
276,청송군,2023-06-19,22.1,14.8,30,,1.6,70.1,11.4,27.83
276,청송군,2023-06-20,20.5,14.5,26.2,,2,74.3,6.5,19.84
276,청송군,2023-06-21,20.3,17.1,22.7,9.3,.8,93.9,0,4.77
276,청송군,2023-06-22,21.9,17.6,27.8,,1.6,81.4,3.5,17.54
276,청송군,2023-06-23,22.2,16.2,30.1,,1.7,77.1,8.5,26.36
276,청송군,2023-06-24,22.8,15.9,31.4,,1.6,72.6,10.9,29.4
276,청송군,2023-06-25,22.9,15.3,30.2,.1,1.5,75.8,7.2,21.26
276,청송군,2023-06-26,23.6,19.9,27.9,25.5,1.6,90.4,.2,9.54
276,청송군,2023-06-27,25.7,21.8,30.7,30.8,2.3,76.4,8.4,25.27
276,청송군,2023-06-28,24.3,19.1,29.5,6.3,2.1,78.5,7.9,25.15
276,청송군,2023-06-29,24.4,20.8,29.3,8.5,1.4,87.9,1.1,9.14
276,청송군,2023-06-30,22.6,21,24.3,38.3,1.3,92.5,0,5.14
276,청송군,2023-07-01,24.8,20,32.1,,1.1,77.4,10.3,28.7
276,청송군,2023-07-02,25.3,20.1,32.9,,1.3,75.8,7,22.79
276,청송군,2023-07-03,24.5,17.9,32.8,,1.6,73,10.1,27.28
276,청송군,2023-07-04,24.1,19.4,28.7,6.7,1.4,82.1,2.9,13.4
276,청송군,2023-07-05,24.9,19.5,29.3,6.8,3,75.4,7.6,22.88
276,청송군,2023-07-06,24.2,18.1,33,,1.4,70.3,6.6,23.69
276,청송군,2023-07-07,20,16.6,24.4,63.8,1.2,87,0,4.09
276,청송군,2023-07-08,22.8,18.3,28.8,,1.5,80.5,2.9,16.86
276,청송군,2023-07-09,24.7,19.7,31.9,15.8,1.2,81,4.9,20.07
276,청송군,2023-07-10,25.7,20.8,32.6,.6,1.1,79.9,6.3,21.25
276,청송군,2023-07-11,23,21.2,29,36.3,.9,89.6,.4,7.35
276,청송군,2023-07-12,25.3,20.4,30.7,0,1,82,3.5,17.24
276,청송군,2023-07-13,24.3,22.9,26.7,9,1,90.5,0,5.04
276,청송군,2023-07-14,24.5,23,26.9,25.7,2.3,88.5,0,5.98
276,청송군,2023-07-15,24.4,21.8,27.6,42.3,1.3,88.3,0,6.02
276,청송군,2023-07-16,24.5,21.2,30.5,.2,1.1,84,1.6,15.12
276,청송군,2023-07-17,25.5,21.6,32.6,9,1.3,81.5,4.4,18.67
276,청송군,2023-07-18,22.4,20.5,25.4,94.4,.9,91,0,3.99
276,청송군,2023-07-19,24.2,20.1,30.9,,1.5,79.6,9.7,26.99
276,청송군,2023-07-20,25.3,20.6,33.2,,1,76.9,7.4,23.43
276,청송군,2023-07-21,23.9,18.5,32.1,,1.4,80.3,6.1,21.26
276,청송군,2023-07-22,23.9,16.8,30.2,,1.4,77,6.4,19.34
276,청송군,2023-07-23,25.9,22.7,29.3,0,1.5,77.1,.1,8.31
276,청송군,2023-07-24,26,22.5,31,3.7,1.2,80.8,1.8,13.75
276,청송군,2023-07-25,25,21.8,32.3,5.9,1.1,82.4,3.7,15.17
276,청송군,2023-07-26,25.8,21.6,33.7,7.8,1.2,78.4,5.2,19.26
276,청송군,2023-07-27,26.5,21.1,34,,1.2,75.3,10.5,27.07
276,청송군,2023-07-28,27.9,22.5,33.9,,.9,75,9.6,21.73
276,청송군,2023-07-29,27.8,23.3,35.9,,1,74.3,9.8,26.97
276,청송군,2023-07-30,27.5,22.1,34.4,,.9,74.3,8.5,22.98
276,청송군,2023-07-31,26.7,23.1,34.2,39,1,79.1,4.9,19.33
276,청송군,2023-08-01,27.5,21.9,34.5,,1.1,74.1,9.7,24.29
276,청송군,2023-08-02,27.4,21.4,34.7,,1.1,73.8,10.4,24.4
276,청송군,2023-08-03,28.6,23.1,35.8,,1.5,71.9,11.2,25.88
276,청송군,2023-08-04,28.2,23,34.8,,1,75.9,8.5,20.34
276,청송군,2023-08-05,29.1,23.2,36.2,,1,71.5,11,26.43
276,청송군,2023-08-06,28.4,23.2,34.7,,1.6,71.8,11,25.49
276,청송군,2023-08-07,27.9,23,33.6,,1.8,75.3,9.2,23.42
276,청송군,2023-08-08,27.1,23.1,32.2,,1.7,81.1,4.5,17.48
276,청송군,2023-08-09,24.9,23.7,27,11.1,1.6,90.1,0,4.12
276,청송군,2023-08-10,23.5,21.8,25.7,97.4,2.6,94.8,0,3.21
276,청송군,2023-08-11,25.9,20.3,32.5,,1.6,78.9,11.2,25.38
276,청송군,2023-08-12,25.2,20.7,31.5,,1.1,82.5,6.2,21.64
276,청송군,2023-08-13,25.8,20.4,33.2,,1.2,81.6,7.2,22.43
276,청송군,2023-08-14,25.3,21.6,31.8,0,1.1,83.5,6.2,19.27
276,청송군,2023-08-15,26.2,21.4,33.6,,1.4,79.1,10.1,24.31
276,청송군,2023-08-16,25.6,20.4,33.4,,1.8,78.5,9.4,24.93
276,청송군,2023-08-17,24.6,21.5,28.9,1.3,.9,87.6,2,10.66
276,청송군,2023-08-18,24.1,21.7,30.5,50,.8,92.5,1.3,10.74
276,청송군,2023-08-19,26,22.5,31.3,,.9,89.9,2.5,14.85
276,청송군,2023-08-20,26.3,22.7,33.8,35.5,1.4,89.9,5.6,20.41
276,청송군,2023-08-21,26.9,22.6,34.2,,.9,87,7.2,20.35
276,청송군,2023-08-22,27,22.1,33.6,,1.2,83.9,8,20.46
276,청송군,2023-08-23,26.7,21,33.5,36.5,1.4,84.6,10.2,24.07
276,청송군,2023-08-24,24.2,21.7,28.3,19.8,1.4,95.9,1,9.88
276,청송군,2023-08-25,25.4,19.6,31.6,3.2,1.9,82.8,9.3,22.88
276,청송군,2023-08-26,23.4,18.7,31.4,,1.3,88.3,7.6,22.5
276,청송군,2023-08-27,23.7,18.9,30.7,,1.2,87.4,5.7,20.63
276,청송군,2023-08-28,24.3,20.7,28.2,,1.2,88.8,1.3,11.45
276,청송군,2023-08-29,25.4,21,29.9,.1,1.8,91,2.5,10.26
276,청송군,2023-08-30,23.9,21.7,25.3,21.1,1.3,99.6,0,3.22
276,청송군,2023-08-31,22.9,20.9,26.5,38.5,1.2,94.9,1.6,12.37
276,청송군,2023-09-01,23.8,20,30.4,.1,.7,85.9,6.5,17.87
276,청송군,2023-09-02,22.9,19.2,29.3,0,1.1,90.5,2,14.43
276,청송군,2023-09-03,24,21.6,31.1,26.6,.8,94.8,4.3,15.42
276,청송군,2023-09-04,24.6,21.3,30.5,,1.3,88.8,5.7,17.86
276,청송군,2023-09-05,23.8,19.2,29.9,,1.5,76.9,10.6,23.17
276,청송군,2023-09-06,22.2,17.3,29.5,,1.3,84,6.7,17.45
276,청송군,2023-09-07,20.9,15.1,28.2,,1.7,81.6,10.5,24.59
276,청송군,2023-09-08,20.5,15.1,28.3,,1.4,83.6,8.8,22.49
276,청송군,2023-09-09,20.9,15.4,29.1,,1.2,85.8,9.2,23.26
276,청송군,2023-09-10,21.2,15.7,29.7,,1.2,86.1,7.4,21.19
276,청송군,2023-09-11,23,17,31.4,,1.3,84.4,9.2,21.64
276,청송군,2023-09-12,23.6,19.2,30.1,,.8,87.5,5.1,16.61
276,청송군,2023-09-13,22.9,20.8,27.6,.6,.8,93.1,0,7.36
276,청송군,2023-09-14,21.7,19.8,25.5,9.4,.9,95.5,0,6.75
276,청송군,2023-09-15,21.1,20.4,22.4,33.6,.8,100,0,3.04
276,청송군,2023-09-16,22.4,20.1,25.8,9.1,.9,97.1,.1,6.31
276,청송군,2023-09-17,23.7,21.3,29.2,9.9,.9,92.6,1.8,11
276,청송군,2023-09-18,24.4,20.8,31.3,1.3,.9,89.6,7.3,16.96
276,청송군,2023-09-19,22.6,18.4,28.1,,1.3,84.6,7.5,17.92
276,청송군,2023-09-20,20.2,18.9,23.3,97.3,.7,98.4,0,3.18
276,청송군,2023-09-21,18.6,16.7,20.8,7.6,1.6,90.9,0,7.85
276,청송군,2023-09-22,18,13.8,25.7,,1,86.1,6.9,17.66
276,청송군,2023-09-23,18.2,13.3,24.4,,1.7,82.6,6.8,17.43
276,청송군,2023-09-24,18.2,13.1,23.9,,2,79.5,7.2,17.14
276,청송군,2023-09-25,19.3,15.5,24.3,2.2,1.1,90.8,.9,9.93
276,청송군,2023-09-26,19.6,18.5,20.6,25.6,.6,100,0,2.34
276,청송군,2023-09-27,21.2,19.3,24.1,1.4,.6,95.5,.1,5.51
276,청송군,2023-09-28,21.2,15.5,27.3,,1.9,86,7.8,17.39
276,청송군,2023-09-29,18.5,14.8,23.8,,.7,92.1,.3,9.99
276,청송군,2023-09-30,17.5,13.5,23.8,3.4,1.4,87.1,6.7,16.21
277,영덕,2023-05-20,16.7,10.1,20.7,,1.8,79.1,12.6,
277,영덕,2023-05-21,21.8,17.2,27.7,,2.3,55.1,10.6,
277,영덕,2023-05-22,16.6,14,19.7,0,1.5,68.1,2.2,
277,영덕,2023-05-23,15.5,9.7,22,,1.6,64,10.3,
277,영덕,2023-05-24,15.2,8.2,22.3,,1.8,76.6,8.4,
277,영덕,2023-05-25,16.6,11.1,22,,2,72,10.1,
277,영덕,2023-05-26,19.8,14.6,23.7,,2,64.5,6.7,
277,영덕,2023-05-27,21.6,17.4,26.4,0,1.3,73.5,.2,
277,영덕,2023-05-28,19.6,17,21.4,9.1,1.2,93,0,
277,영덕,2023-05-29,17.6,16.7,18.7,31.6,1.6,99.6,0,
277,영덕,2023-05-30,16.5,13.6,19.8,.5,2.9,93,.9,
277,영덕,2023-05-31,16.6,11.7,22.2,,1.7,78.8,13.3,
277,영덕,2023-06-01,18,10.6,25.7,0,1.8,74,3.7,
277,영덕,2023-06-02,20.8,16.8,26.7,,2.2,72.3,12.3,
277,영덕,2023-06-03,19.8,13.7,25.3,,1.5,65.4,12.4,
277,영덕,2023-06-04,24.1,18.8,29.2,,3.3,37.1,13.6,
277,영덕,2023-06-05,24,19,29.3,,3,46.6,12.6,
277,영덕,2023-06-06,22,17.9,27.2,,3,59.4,11.6,
277,영덕,2023-06-07,23.1,17.1,27.7,,1.9,62.6,9.8,
277,영덕,2023-06-08,22.5,17.9,28.8,,2.2,67.8,7.3,
277,영덕,2023-06-09,20.2,15.6,27.6,,1.6,75,10.1,
277,영덕,2023-06-10,20.6,14.4,27.6,,2,77.5,5.9,
277,영덕,2023-06-11,20.2,17.7,25.4,20.4,1.7,86,8,
277,영덕,2023-06-12,19.2,16.5,24.2,,2.3,87.4,8.4,
277,영덕,2023-06-13,20.3,15.9,24.6,,1.8,84.9,11.9,
277,영덕,2023-06-14,19,16.5,23.6,9.3,2.1,89,5.8,
277,영덕,2023-06-15,18.9,14.3,24.2,0,1.6,88.3,10.2,
277,영덕,2023-06-16,23.4,16.4,29.5,,2.2,69,13.6,
277,영덕,2023-06-17,27.1,20.2,33.5,,2.6,53.8,12,
277,영덕,2023-06-18,25,20.7,30,,3,62.6,11.6,
277,영덕,2023-06-19,21.3,17.9,24.9,,3.7,84.5,10.7,
277,영덕,2023-06-20,20.2,17.2,24.5,,1.5,83.6,4.9,
277,영덕,2023-06-21,20,18,24,8.7,1.1,93.5,.8,
277,영덕,2023-06-22,20.3,17.2,24.3,0,1.5,87.3,5.6,
277,영덕,2023-06-23,20.3,17.4,24.2,,3.1,83.3,11.3,
277,영덕,2023-06-24,20.2,15.9,24.7,,1.6,83.5,9.9,
277,영덕,2023-06-25,21.1,16.8,25.7,,1.7,86.5,7.3,
277,영덕,2023-06-26,23.1,19.9,26.4,24.3,1.2,92.8,.1,
277,영덕,2023-06-27,26.1,22.5,31.4,16.6,2.5,75.9,8.9,
277,영덕,2023-06-28,25.6,19.9,30.6,4.8,2.4,72,9.4,
277,영덕,2023-06-29,25.3,23.6,28.5,5.2,1.6,85,1.3,
277,영덕,2023-06-30,20.3,19.2,24.3,24.1,1.6,97.6,0,
277,영덕,2023-07-01,22.3,19.9,27.2,,1.4,86.9,7.9,
277,영덕,2023-07-02,25.9,20.3,32.5,,2.1,74.1,8.9,
277,영덕,2023-07-03,22.7,18.8,27.5,,1.3,90.5,6.8,
277,영덕,2023-07-04,22.9,21.7,26.4,4.4,1.5,94.1,.5,
277,영덕,2023-07-05,25.8,21.8,29,5.2,2.7,73.9,6.4,
277,영덕,2023-07-06,27.3,23.4,31.8,,3.5,53.8,5.2,
277,영덕,2023-07-07,21.1,17.2,25.9,55.7,1.3,85,0,
277,영덕,2023-07-08,21.1,18.9,23.4,,1.5,90.9,2.6,
277,영덕,2023-07-09,22.7,19.2,28.6,17.1,1.5,89.8,7.3,
277,영덕,2023-07-10,26.3,21.3,30.9,2.4,1.4,84.8,7.4,
277,영덕,2023-07-11,24.6,21.3,28.1,16.7,2,86.4,.2,
277,영덕,2023-07-12,25.4,21.6,31,,1.2,83.3,2.4,
277,영덕,2023-07-13,24.4,22.1,27.6,12.2,1.2,94.8,0,
277,영덕,2023-07-14,25,23.1,27.5,16.4,2.4,88.5,0,
277,영덕,2023-07-15,24.8,22,27.3,17.3,1.5,87.8,0,
277,영덕,2023-07-16,24.9,21.5,29.8,.2,1.4,87.5,1.3,
277,영덕,2023-07-17,26.3,22.6,32.9,1.7,1.5,85,6.3,
277,영덕,2023-07-18,22.3,20.1,24.9,95,1.2,98,0,
277,영덕,2023-07-19,21.9,19.7,24.9,.1,1.6,92.4,3.5,
277,영덕,2023-07-20,22.6,18.5,27.7,,1.2,89.9,9.6,
277,영덕,2023-07-21,22.4,20,26.9,,1,92.6,4.2,
277,영덕,2023-07-22,23.4,19.3,26.7,,1.4,89.4,5.4,
277,영덕,2023-07-23,25.8,23.4,28.4,0,1.4,84.4,.2,
277,영덕,2023-07-24,26.6,23.5,30.6,6.9,1.4,85.9,3.7,
277,영덕,2023-07-25,26,23.1,32.4,8.2,1.7,83.6,7.1,
277,영덕,2023-07-26,26.5,23,31.9,.8,1.6,80.4,6.8,
277,영덕,2023-07-27,27.5,21.7,33.5,,1.8,76.4,12.8,
277,영덕,2023-07-28,27.8,23.7,32.7,,2,79,12.2,
277,영덕,2023-07-29,27.8,23.7,32.6,,1.7,79.1,12.1,
277,영덕,2023-07-30,27.2,22.9,31.9,,1.4,81.1,12.2,
277,영덕,2023-07-31,27,23.3,32.4,,1.9,79.5,9.7,
277,영덕,2023-08-01,26.3,21.7,30.7,,1.6,82.5,12.3,
277,영덕,2023-08-02,27.7,22.6,33.1,,1.7,79.9,10.8,
277,영덕,2023-08-03,29.1,25.1,35,,2,74.3,11.8,
277,영덕,2023-08-04,29.3,24.1,35.3,,1.8,74.3,10.8,
277,영덕,2023-08-05,28.2,24.1,33.1,,1.9,77,12.6,
277,영덕,2023-08-06,26.8,23,30.8,,2.1,85.5,12,
277,영덕,2023-08-07,26.9,24.6,30.6,,4.3,80.5,10.6,
277,영덕,2023-08-08,25.5,23,29.5,,5,79.4,5.2,
277,영덕,2023-08-09,23.8,22.3,25.2,10.5,5.5,86.8,0,
277,영덕,2023-08-10,23.5,21.5,25.7,156.7,5.6,93.4,.3,
277,영덕,2023-08-11,25.7,22,31.6,,2.1,81.4,12.2,
277,영덕,2023-08-12,24.9,21.5,30.3,0,1.5,86.5,6.1,
277,영덕,2023-08-13,24.1,22.6,27.3,,2.1,88.3,5.9,
277,영덕,2023-08-14,24.6,21.7,27.9,,3.1,85.1,9,
277,영덕,2023-08-15,23.7,21.2,25.9,0,5.1,85.9,8.3,
277,영덕,2023-08-16,23.2,19.5,27,,2.1,87.6,9.8,
277,영덕,2023-08-17,24.1,21.7,28.2,,1.4,87.6,3.8,
277,영덕,2023-08-18,23.4,22.2,26.7,7.3,1.7,94.4,.4,
277,영덕,2023-08-19,25.2,22.6,30.5,.7,1.2,92.8,4.5,
277,영덕,2023-08-20,25.2,22.6,28.6,0,1.9,89.9,5.1,
277,영덕,2023-08-21,26.2,21.7,30.4,,1.5,87.8,10.4,
277,영덕,2023-08-22,27,22.9,31.9,,1.7,83,11.5,
277,영덕,2023-08-23,25.8,21.9,30.3,.5,2.2,83.4,11.8,
277,영덕,2023-08-24,22.6,21.1,24.7,15.1,1.2,96.8,0,
277,영덕,2023-08-25,26.3,22.1,31.5,1.3,1.5,78.8,8.7,
277,영덕,2023-08-26,24.6,20.9,28.9,,1.5,77.5,11.8,
277,영덕,2023-08-27,23.5,19.6,26.8,0,2.8,80,7.2,
277,영덕,2023-08-28,24,21,26.5,,2.6,84.4,.4,
277,영덕,2023-08-29,25.8,22,30.1,0,1.8,86.6,3.2,
277,영덕,2023-08-30,25,23.6,26.2,4.3,.8,93.3,0,
277,영덕,2023-08-31,22.4,21.3,25.3,20.2,.8,96.1,.2,
277,영덕,2023-09-01,22.7,19.9,26.7,,1.2,88.3,5.9,
277,영덕,2023-09-02,23.2,18.5,26.9,,1.8,85.8,5.4,
277,영덕,2023-09-03,23.7,21.7,27.6,.4,1.7,89.1,3.8,
277,영덕,2023-09-04,24.3,21.6,27.5,0,2.9,86.4,3.8,
277,영덕,2023-09-05,24,21.3,27.6,,3.8,79.9,11,
277,영덕,2023-09-06,23.4,20.2,27.3,0,4,80.5,9.2,
277,영덕,2023-09-07,22.4,18.9,25.8,,4.2,75.8,10.7,
277,영덕,2023-09-08,21.6,17.9,25.3,,2.5,78.9,9.7,
277,영덕,2023-09-09,20.8,15.8,26.1,,1.8,81.8,11.3,
277,영덕,2023-09-10,21.2,16.8,26,,1.5,83.6,8.8,
277,영덕,2023-09-11,22.3,18,27,,1.5,84.9,7.3,
277,영덕,2023-09-12,24,19.9,29.4,,1.4,84.6,5,
277,영덕,2023-09-13,22.8,21.2,26.7,1.7,2.3,87.4,0,
277,영덕,2023-09-14,21.6,20,23.6,7.2,2.7,90.6,0,
277,영덕,2023-09-15,21.1,20.6,22,44.4,1.6,99.3,0,
277,영덕,2023-09-16,22.6,20,27.5,5.5,.9,95,2.6,
277,영덕,2023-09-17,23.3,21.6,27.9,13.2,1.5,93.3,3.1,
277,영덕,2023-09-18,24.4,21.5,28.6,2.9,1.4,90.1,8.4,
277,영덕,2023-09-19,24.4,20.1,28.9,,1.9,71.8,8.1,
277,영덕,2023-09-20,21,19.2,23.5,115.3,1.7,91.1,0,
277,영덕,2023-09-21,18.9,16.1,21.2,10.3,4.4,80.3,0,
277,영덕,2023-09-22,18.5,14.5,23.2,,1.5,79.9,9.6,
277,영덕,2023-09-23,20.1,14.6,23.7,,3.2,74.9,6.8,
277,영덕,2023-09-24,21,18.2,23,,4.4,63.3,6.5,
277,영덕,2023-09-25,20.1,17.8,23.8,3.4,1.5,82.4,1.3,
277,영덕,2023-09-26,19.7,18.8,20.4,25.8,.4,99.3,0,
277,영덕,2023-09-27,21.4,19.9,24.5,.7,.7,94.5,0,
277,영덕,2023-09-28,22.5,17.1,27.8,,2.5,76.4,10.6,
277,영덕,2023-09-29,20,16.9,24.6,,1.5,80.5,2.2,
277,영덕,2023-09-30,19.4,15.4,24.1,1.8,2.4,73.6,6,
278,의성,2023-05-20,19.8,9.8,28.2,,1,67.5,11.8,
278,의성,2023-05-21,19.8,13.1,27.4,,1.6,65,9.8,
278,의성,2023-05-22,16.4,11.4,21.2,.1,.7,75.1,2.1,
278,의성,2023-05-23,16.8,8.8,25.7,,1.1,64.1,10.9,
278,의성,2023-05-24,17.5,7.4,26.2,,.7,61.6,5.8,
278,의성,2023-05-25,20.7,12.9,28.8,,1,51.6,7.1,
278,의성,2023-05-26,21.4,15.1,27.4,,1,57.4,6.5,
278,의성,2023-05-27,22.1,17.4,26,0,1,71.5,.4,
278,의성,2023-05-28,20.7,19.1,22.4,18.1,.5,95.3,0,
278,의성,2023-05-29,20.2,16.1,21.8,51.4,.5,99.3,0,
278,의성,2023-05-30,18.9,14.7,24.3,0,1.1,82.4,.2,
278,의성,2023-05-31,19.4,11.6,27.8,,1,63.4,12.7,
278,의성,2023-06-01,18.4,11.5,24.7,.5,.7,72.4,1.3,
278,의성,2023-06-02,22.4,16.5,29.6,1.9,1.3,72.9,8.8,
278,의성,2023-06-03,21,13.9,29.1,,1.5,64,11.4,
278,의성,2023-06-04,21.1,11.5,29.5,,1.5,55.4,12.8,
278,의성,2023-06-05,21.2,12.7,28.6,,1.5,65.3,10.8,
278,의성,2023-06-06,21.2,14,29.2,,1.2,68.4,11.2,
278,의성,2023-06-07,21.1,14,27.8,,1,75.8,5.6,
278,의성,2023-06-08,22.5,16.8,30.8,0,1.1,72,6.7,
278,의성,2023-06-09,22.1,15.6,29.7,,1.3,63.5,11.2,
278,의성,2023-06-10,20.9,14,32.5,19.2,1,75.5,6.2,
278,의성,2023-06-11,22.1,17,29.7,21.6,1.1,82.3,6.3,
278,의성,2023-06-12,22.5,18,29.5,,1,78.9,7.3,
278,의성,2023-06-13,22.6,16.7,29.8,,1,72.4,7.8,
278,의성,2023-06-14,20.3,14.7,29.1,29.2,1,79.4,7.6,
278,의성,2023-06-15,19.1,14.9,26.9,1.6,.8,84.8,4.9,
278,의성,2023-06-16,22.2,14.3,31.3,,.9,77.6,10.5,
278,의성,2023-06-17,24.5,15.7,33.4,,1,70,10.2,
278,의성,2023-06-18,24.8,18.4,34,,.9,69.3,8.6,
278,의성,2023-06-19,23.8,16.5,32.7,,1.2,67.8,10.8,
278,의성,2023-06-20,22.4,16,28.7,,1.1,68.1,4.4,
278,의성,2023-06-21,20.6,18,23.1,22.1,.5,96.8,0,
278,의성,2023-06-22,22.4,18.6,28,0,1.2,82.8,1.7,
278,의성,2023-06-23,24,16.2,31,,.9,70.5,11.7,
278,의성,2023-06-24,24.8,17.7,32.1,,.9,70.8,10,
278,의성,2023-06-25,24.4,17.6,31.2,0,.9,73.4,3.9,
278,의성,2023-06-26,23.9,20.7,27.5,32.3,.7,94.4,0,
278,의성,2023-06-27,26.7,23.4,31.9,22.7,1.4,78.8,7.9,
278,의성,2023-06-28,24.6,20.5,29.7,10.6,1.3,84.5,3.7,
278,의성,2023-06-29,24.9,22.3,28.3,11.2,.8,93.3,0,
278,의성,2023-06-30,23.9,22.8,25,33.7,.6,98.5,0,
278,의성,2023-07-01,25.5,21.2,31.6,,.7,81.4,7.9,
278,의성,2023-07-02,26.6,20.6,33.2,,.7,82.5,4.7,
278,의성,2023-07-03,26.3,20.5,34,,1,74.9,9.1,
278,의성,2023-07-04,24.6,21.8,29,14.7,.7,88.9,1.2,
278,의성,2023-07-05,25.6,20.8,29.9,11.6,2,80.1,6.8,
278,의성,2023-07-06,25.1,18.6,32.8,,.8,76.1,6.2,
278,의성,2023-07-07,20.8,18,25,51.4,.8,92.5,0,
278,의성,2023-07-08,24,18.7,30.3,0,.8,85.8,2.9,
278,의성,2023-07-09,25.9,22,31.9,0,.9,86,2.2,
278,의성,2023-07-10,26.8,23,33.2,2.2,.9,85,6.3,
278,의성,2023-07-11,23.7,22.3,28.8,49.1,.7,97.5,.1,
278,의성,2023-07-12,25.8,22,31.7,1.7,.7,86.8,2.4,
278,의성,2023-07-13,25.1,23.6,27.3,8.5,.4,98.3,0,
278,의성,2023-07-14,25,23.9,25.8,54.8,1.2,97.8,0,
278,의성,2023-07-15,24.7,22,27.3,73.3,.8,96.4,0,
278,의성,2023-07-16,24.4,21.8,27.9,1.3,.8,94,.4,
278,의성,2023-07-17,25.7,22.8,33.1,51.4,.9,89.6,3.5,
278,의성,2023-07-18,23,21.9,25.8,96,.6,98.9,0,
278,의성,2023-07-19,25.9,20.6,32.3,,.8,83.5,10.9,
278,의성,2023-07-20,26.6,22.2,33.1,,.7,83.9,7.6,
278,의성,2023-07-21,26,22.5,33.9,0,.9,88.1,6.6,
278,의성,2023-07-22,24.9,19.4,30.7,,1,82.9,6.4,
278,의성,2023-07-23,26.3,23.5,29.7,0,.7,88.1,0,
278,의성,2023-07-24,26.5,24.1,31.6,16.4,.9,88.8,2.2,
278,의성,2023-07-25,25.3,23,32,5,.7,93.6,2.4,
278,의성,2023-07-26,25.6,22.1,33.2,20.2,.8,89.9,4,
278,의성,2023-07-27,26.8,21.6,33.6,,.8,83.3,9.2,
278,의성,2023-07-28,28.3,23,34.9,,.8,81.4,9.8,
278,의성,2023-07-29,28.5,23.1,35.7,,.8,79,10.8,
278,의성,2023-07-30,28.8,23.1,35.5,,.8,77.1,11.2,
278,의성,2023-07-31,28.1,22.9,33.9,,.8,80.1,9.4,
278,의성,2023-08-01,28.6,23.4,35,,.8,77.1,11.6,
278,의성,2023-08-02,28.7,23,35.1,0,.8,79.5,10.2,
278,의성,2023-08-03,29.9,24.8,36.1,.2,1.1,76.8,10.5,
278,의성,2023-08-04,29.3,24.6,35.6,,.9,80.4,9.4,
278,의성,2023-08-05,29.7,24,36.7,,.9,77.5,11,
278,의성,2023-08-06,29.6,24.3,37.1,,.8,76.4,8.3,
278,의성,2023-08-07,29.6,23.8,36.2,,1.3,74,9.4,
278,의성,2023-08-08,29.1,24.4,34.5,,1.6,74.8,8.2,
278,의성,2023-08-09,26,23.6,29.3,25.9,1.5,87.6,0,
278,의성,2023-08-10,23.1,21.8,25.8,97.7,2.5,96.5,0,
278,의성,2023-08-11,26.6,21.4,32.9,,1.2,77.5,8.8,
278,의성,2023-08-12,25.4,22.2,30,,.7,83,1.4,
278,의성,2023-08-13,26.5,21.3,32.6,,.7,81.1,5.9,
278,의성,2023-08-14,26.8,22.3,32.4,0,.8,78.3,7.1,
278,의성,2023-08-15,27.1,21.6,33.2,,.7,75.9,10.6,
278,의성,2023-08-16,27.1,22.2,33.4,1.7,.9,76.4,6.3,
278,의성,2023-08-17,25.6,23.2,29.7,,.6,89.1,1.5,
278,의성,2023-08-18,25.2,22.8,30.8,24.5,.5,95.4,1.3,
278,의성,2023-08-19,27.2,23.3,33,,.7,86.9,5.7,
278,의성,2023-08-20,27.5,24.3,34.4,1,.7,89.3,3.7,
278,의성,2023-08-21,28,24.3,34.2,,.9,82.9,6.7,
278,의성,2023-08-22,27.6,22.7,34.6,,1,82.3,6.5,
278,의성,2023-08-23,28.1,22.3,34.3,1,1,78.1,7,
278,의성,2023-08-24,26,23.8,30.9,42.9,.7,90.9,.3,
278,의성,2023-08-25,26.2,21,32.6,11.1,1.4,79.3,10,
278,의성,2023-08-26,25,18.8,32.1,,.8,83.3,8.7,
278,의성,2023-08-27,25.3,20,31.4,0,.9,80,5.9,
278,의성,2023-08-28,25.5,21.9,29.4,,.8,84.8,1.5,
278,의성,2023-08-29,25.7,21.9,29.7,5.8,.8,90.1,.9,
278,의성,2023-08-30,23.5,21.4,25.5,74.3,.5,99.8,0,
278,의성,2023-08-31,23.9,21,27.9,35.5,.6,88.5,1.2,
278,의성,2023-09-01,24.1,19.6,29.7,,.7,85.3,5.8,
278,의성,2023-09-02,23.8,18.5,30.5,0,.7,85.1,2.7,
278,의성,2023-09-03,25.9,22.2,32.1,.3,.8,84.1,5,
278,의성,2023-09-04,26,21.5,32.2,0,1,80.6,7,
278,의성,2023-09-05,25.2,20.6,31,,1.2,72.1,6.9,
278,의성,2023-09-06,24,17.9,31.3,,1.1,76.3,9,
278,의성,2023-09-07,22.1,15.3,30.3,,1.3,74.6,10.3,
278,의성,2023-09-08,21.8,15.3,29.6,,.8,77.8,10.7,
278,의성,2023-09-09,21.9,15.3,30.2,,.7,78,10.7,
278,의성,2023-09-10,22.9,16.2,30.2,,.7,81.1,8.8,
278,의성,2023-09-11,23.7,18.9,31.3,,.8,79.9,10,
278,의성,2023-09-12,24.7,19.7,31.1,,.6,82,3.9,
278,의성,2023-09-13,23.7,21.7,27.4,31.8,.5,90.9,0,
278,의성,2023-09-14,22.3,20.8,25,11.3,.6,96.3,0,
278,의성,2023-09-15,22,21,23.4,34.5,.4,99.9,0,
278,의성,2023-09-16,23.1,21,27,20.5,.5,96.1,.7,
278,의성,2023-09-17,24.5,21.9,29.1,4.1,.5,91.3,1.5,
278,의성,2023-09-18,25.2,22.1,31.2,1,.7,87,7.1,
278,의성,2023-09-19,23.7,20.2,29,,.8,85,,
278,의성,2023-09-20,21,20,23.2,75.8,.6,99,0,
278,의성,2023-09-21,19.6,18.3,21.5,8.9,.8,92.5,0,
278,의성,2023-09-22,19.1,15.2,25.3,,.7,84.6,7.4,
278,의성,2023-09-23,18.6,13.4,26.1,,1,81.8,5.3,
278,의성,2023-09-24,19,13.2,26,,1.4,74.6,7.9,
278,의성,2023-09-25,20.7,16.3,26.2,1.7,.5,84.6,1.8,
278,의성,2023-09-26,20.3,19.4,21.2,29,.3,99.6,0,
278,의성,2023-09-27,22,20.2,26.3,.5,.4,92.8,.2,
278,의성,2023-09-28,21.9,16.6,28,,1.1,83.9,6.4,
278,의성,2023-09-29,19.2,15.5,24.8,,.5,89,.4,
278,의성,2023-09-30,18.4,14.8,24.5,3,.8,85.5,6,
279,구미,2023-05-20,21,12.8,28,,.7,65,11,
279,구미,2023-05-21,21.4,15.4,28.3,,1.2,57.4,11.2,
279,구미,2023-05-22,17.7,13.9,20.6,0,.5,61,1.9,
279,구미,2023-05-23,19,12.1,26.5,,.6,52.6,11.4,
279,구미,2023-05-24,19.8,11.5,27,,.5,51.9,8.1,
279,구미,2023-05-25,22.2,16.2,28.2,,.6,44.3,7.9,
279,구미,2023-05-26,21.6,16.8,27.2,0,.6,54.3,6.4,
279,구미,2023-05-27,23,19.5,26.5,0,.7,64.1,.8,
279,구미,2023-05-28,21,19,22.9,16.8,.3,88.3,0,
279,구미,2023-05-29,20.6,19.3,21.9,81.7,.3,95.1,0,
279,구미,2023-05-30,20.4,17.7,24.2,,.8,78.6,.1,
279,구미,2023-05-31,21.1,13.9,27.4,,.9,57.4,11.9,
279,구미,2023-06-01,19.7,14.6,23.8,0,.8,68.3,2.4,
279,구미,2023-06-02,23.1,18.3,29.6,.5,1,61.3,9.7,
279,구미,2023-06-03,23,18,28.9,,1,50.1,12.3,
279,구미,2023-06-04,23.7,17.9,29.5,,.8,40.5,11.2,
279,구미,2023-06-05,23.2,16.8,28.5,,.8,50.5,11.1,
279,구미,2023-06-06,22.9,17.2,29.4,,.8,56.3,11,
279,구미,2023-06-07,23,16.6,28.6,,.7,62.1,9.3,
279,구미,2023-06-08,22.2,18.1,29.5,1.7,.9,73,8,
279,구미,2023-06-09,23.4,17.2,30,,.9,59,11.9,
279,구미,2023-06-10,22.6,17.9,30.8,,.7,68.1,6.8,
279,구미,2023-06-11,22.5,19,29.2,7.1,.6,74.5,6.5,
279,구미,2023-06-12,23.3,18.2,30.1,0,.7,67.9,8.5,
279,구미,2023-06-13,23.6,17.8,29.8,,.6,63.4,11,
279,구미,2023-06-14,20.6,16.9,27,8.8,.6,77.5,7.3,
279,구미,2023-06-15,20.8,16.2,28.1,8.9,.6,80.4,6.9,
279,구미,2023-06-16,24.2,16.7,31.4,,.6,65.5,12.5,
279,구미,2023-06-17,26.5,19,33.3,,.8,54.9,10.5,
279,구미,2023-06-18,26.9,22.2,33.4,,.7,51.4,10,
279,구미,2023-06-19,25.6,19.3,32.7,,.8,57.4,11.4,
279,구미,2023-06-20,23.3,18.1,28.1,0,.9,62.8,5.3,
279,구미,2023-06-21,21.3,19,24.9,7.1,.8,88,.2,
279,구미,2023-06-22,23.5,18.7,29,0,1,70.1,6,
279,구미,2023-06-23,25.6,19,31.7,,1,59.4,12.1,
279,구미,2023-06-24,25.7,19.4,32.7,,.7,61.6,10.1,
279,구미,2023-06-25,24.7,20.1,30.5,0,.7,69.4,4.2,
279,구미,2023-06-26,24,21.1,26.9,47,.8,87.8,0,
279,구미,2023-06-27,27.4,23.2,32.9,15.3,.7,72.3,8.2,
279,구미,2023-06-28,24.3,19.7,29.2,19.2,.7,80,4.5,
279,구미,2023-06-29,24.9,22.2,27.5,17.9,.8,86.5,.3,
279,구미,2023-06-30,24.3,23.6,25.5,30.8,.4,93.3,.1,
279,구미,2023-07-01,26,22.6,32,,.6,76,7,
279,구미,2023-07-02,27.4,22.4,33.2,,.7,73.5,7,
279,구미,2023-07-03,27.4,22.7,32.7,,.7,70.5,8.9,
279,구미,2023-07-04,24.7,23.2,26.8,13,.9,82.4,.1,
279,구미,2023-07-05,25.7,21.2,30,17.8,1.5,73.9,8.7,
279,구미,2023-07-06,25.7,19.3,33.3,,.6,69.1,6.8,
279,구미,2023-07-07,21.5,18.4,25.1,33.8,.7,86.4,0,
279,구미,2023-07-08,23.7,19.1,28.5,,.4,82.9,.6,
279,구미,2023-07-09,26.4,22.9,30.7,,.7,81.9,2.6,
279,구미,2023-07-10,27.4,23.3,32.5,0,.6,78,5.2,
279,구미,2023-07-11,24.6,22.3,29.1,18.1,.5,89.3,.4,
279,구미,2023-07-12,26,21.9,30.8,4.6,.6,86.1,3.3,
279,구미,2023-07-13,25.8,24.7,26.7,4.3,.7,88.8,0,
279,구미,2023-07-14,25.6,24.6,26.6,51.2,1.3,85.4,0,
279,구미,2023-07-15,24.7,21.5,27.8,63.9,1,89.3,0,
279,구미,2023-07-16,24.3,21.6,27.4,3.6,.7,89,1.5,
279,구미,2023-07-17,25.9,23,32.2,88.6,.8,86.5,3.4,
279,구미,2023-07-18,23.1,22.2,24.7,93.7,.4,95.8,0,
279,구미,2023-07-19,26.2,21.3,32.4,.1,.6,77.3,11.5,
279,구미,2023-07-20,27.1,22.3,32.8,,.6,75.1,9.3,
279,구미,2023-07-21,27.2,22.8,33.2,,.8,74.3,7.9,
279,구미,2023-07-22,25.6,22,28.4,0,1.2,72.9,3.2,
279,구미,2023-07-23,27,25.6,29.2,1.6,1.3,78.6,0,
279,구미,2023-07-24,25.5,24.1,29.8,17.2,.7,88.6,.7,
279,구미,2023-07-25,24.8,22.5,31.2,39.8,.6,88.8,3.1,
279,구미,2023-07-26,24.8,21.6,32.3,30,.5,86.6,3.1,
279,구미,2023-07-27,26,21.5,32.8,0,.5,82,4.9,
279,구미,2023-07-28,27.9,22.7,34.6,,.4,76.1,10.2,
279,구미,2023-07-29,28.4,23.5,34.9,,.5,76,10,
279,구미,2023-07-30,29,24.1,34.9,,.7,70.5,11.4,
279,구미,2023-07-31,28.9,23.7,34.3,,.6,72.3,10.4,
279,구미,2023-08-01,28.8,24.5,34.1,,.7,72.6,10.6,
279,구미,2023-08-02,28.8,23.6,35.1,0,.7,72.1,10.6,
279,구미,2023-08-03,29.6,25,35.8,,.7,72.5,9.6,
279,구미,2023-08-04,29.3,25,34.4,,.7,73.9,9.3,
279,구미,2023-08-05,29.8,24.9,36.2,,.8,73.5,10.3,
279,구미,2023-08-06,29.3,25.5,35.7,1.2,.7,75.1,9.4,
279,구미,2023-08-07,29.3,24.8,35.5,0,.7,73,8.1,
279,구미,2023-08-08,29.4,25.5,34.4,0,.9,70.6,4.5,
279,구미,2023-08-09,25.8,23.7,28.5,44,.5,85,0,
279,구미,2023-08-10,22.7,21.5,24.3,121.3,1.3,88.4,0,
279,구미,2023-08-11,27,21.1,32.4,,1.1,69.5,11.7,
279,구미,2023-08-12,25.4,22.6,29.9,.1,.7,79.9,2.3,
279,구미,2023-08-13,26.8,21.7,32.6,0,.6,76,6.3,
279,구미,2023-08-14,27.6,23.4,32.7,,.6,70.6,8.6,
279,구미,2023-08-15,28.1,23.6,33.5,,.7,72.1,10,
279,구미,2023-08-16,28.1,24.5,33.2,23.3,.7,74.5,5.4,
279,구미,2023-08-17,25.8,23.4,29.1,.7,.6,83.6,1.4,
279,구미,2023-08-18,25.7,23.2,30.5,9.1,.5,85.5,1.6,
279,구미,2023-08-19,27.3,24,33,,.5,82.1,6.7,
279,구미,2023-08-20,27.3,24.4,34.4,.3,.7,81.5,5.8,
279,구미,2023-08-21,28.4,24,33.4,,.8,73.1,7.7,
279,구미,2023-08-22,28.6,24.3,33.3,,1.1,71.4,6.9,
279,구미,2023-08-23,28.6,25.1,33.2,3.9,1.3,70.8,4.8,
279,구미,2023-08-24,24.8,23.7,28.3,97.3,.7,93.6,.1,
279,구미,2023-08-25,26.5,22.2,32,3.1,.9,73.5,10.8,
279,구미,2023-08-26,25.5,20.6,31.8,,.8,74.9,10.9,
279,구미,2023-08-27,25.7,21,31.7,0,.8,74.6,8,
279,구미,2023-08-28,25.6,22.6,28.9,,.7,77.6,.9,
279,구미,2023-08-29,26.1,24.6,28,8.7,1.1,84.8,.5,
279,구미,2023-08-30,22.2,21,25.5,166.8,.6,95.8,0,
279,구미,2023-08-31,24.3,20.8,29.5,18.5,.6,79.1,5.3,
279,구미,2023-09-01,23.5,19.4,29.6,,.7,76.4,6.3,
279,구미,2023-09-02,23.4,17.6,30.3,6.7,.6,81.5,3.6,
279,구미,2023-09-03,25.4,22.3,30,.3,.5,84.8,2.8,
279,구미,2023-09-04,26.4,22.8,32.2,,.6,77.8,6.5,
279,구미,2023-09-05,25.4,21.7,31.4,,.8,70.1,8.6,
279,구미,2023-09-06,25.1,19.5,31.3,,.8,67.4,10.6,
279,구미,2023-09-07,23.7,17.6,30.7,,.8,65.4,10.7,
279,구미,2023-09-08,22.5,17,29.1,,.8,70.9,10.5,
279,구미,2023-09-09,22.2,17.2,30.2,,.7,70.3,11,
279,구미,2023-09-10,23,17.3,30.4,,.7,71.8,10.7,
279,구미,2023-09-11,24.6,19.8,30.9,,.7,72.3,10.4,
279,구미,2023-09-12,25.1,21.2,30.2,,.6,74.9,4.1,
279,구미,2023-09-13,23.9,22.3,26.4,9.9,.4,85.6,0,
279,구미,2023-09-14,22.3,21,23.7,35.2,.3,92.1,0,
279,구미,2023-09-15,22.1,21.2,23.1,36,.2,92.4,0,
279,구미,2023-09-16,23.2,22.2,26.8,22.5,.5,91.8,.2,
279,구미,2023-09-17,24.8,22.2,28.7,.6,.7,84.3,1.7,
279,구미,2023-09-18,25.2,22.2,30.4,0,.5,80.6,5.3,
279,구미,2023-09-19,24.2,19.9,28.9,,.7,75.9,6.9,
279,구미,2023-09-20,21.5,20.3,23.6,73.8,.7,89.9,0,
279,구미,2023-09-21,19.7,18.2,22,6.5,.5,85.5,0,
279,구미,2023-09-22,20.1,16.8,26,,.5,77.5,7.3,
279,구미,2023-09-23,19.3,15,26.2,,.7,74.9,5.1,
279,구미,2023-09-24,19.9,14.7,26.2,,.9,67.4,8,
279,구미,2023-09-25,21,17.1,25.8,.9,.5,75.8,2.1,
279,구미,2023-09-26,20.3,19.6,20.9,21.2,.3,93.3,0,
279,구미,2023-09-27,22.4,20.4,27.7,,.6,82,1.6,
279,구미,2023-09-28,22.6,18.5,28.5,0,.9,73.9,7.9,
279,구미,2023-09-29,20.8,16.3,26.4,0,.5,74.9,3.6,
279,구미,2023-09-30,19.5,14.9,25.2,5.4,1,73.4,6.7,
281,영천,2023-05-20,19,10.4,27.1,,1,70.4,12.4,
281,영천,2023-05-21,22.2,16.7,29.3,,2.4,57.9,11.3,
281,영천,2023-05-22,16.2,11.1,19,.5,1,75.9,1.3,
281,영천,2023-05-23,16.7,9.3,24.4,0,1.2,64.4,10.6,
281,영천,2023-05-24,17.3,8.4,24.9,,1.3,58.8,8.7,
281,영천,2023-05-25,19.9,13.1,27.4,,1.3,49.1,8.2,
281,영천,2023-05-26,20.9,14.8,26,,1.4,60.1,4.9,
281,영천,2023-05-27,22.4,17.8,27.5,,1.3,68.1,1.4,
281,영천,2023-05-28,20.9,18.9,22.6,20.8,.7,91.6,0,
281,영천,2023-05-29,19.5,18.1,21.4,75.5,.9,99.9,0,
281,영천,2023-05-30,18.6,16.6,21.9,,1.8,86.1,1.9,
281,영천,2023-05-31,19,14.1,24.8,,1.9,67.1,12.2,
281,영천,2023-06-01,17.1,11.4,20.9,.1,.7,84.1,.8,
281,영천,2023-06-02,22.6,18.1,30,.4,2,68.4,10,
281,영천,2023-06-03,22.1,14.8,29.1,,1.7,55.9,10.6,
281,영천,2023-06-04,22.6,15.4,29.3,,2,50.1,11.3,
281,영천,2023-06-05,22.8,15.5,28.2,,1.8,54.5,7.6,
281,영천,2023-06-06,22.8,17.7,28.9,,1.7,58.1,10,
281,영천,2023-06-07,22.7,15.9,28.3,,1.5,65.6,7.8,
281,영천,2023-06-08,22.8,17.9,28.2,,1.4,63.9,8.4,
281,영천,2023-06-09,23,16.2,30.1,,1.4,62.5,11.6,
281,영천,2023-06-10,23,15.9,30.4,0,1.5,70.5,6.8,
281,영천,2023-06-11,23.4,18.5,28.8,,1.4,71.3,6.6,
281,영천,2023-06-12,21.8,17.8,26.9,3.3,1.8,81,9.2,
281,영천,2023-06-13,22.5,18.4,28.8,.1,1,79.1,7.1,
281,영천,2023-06-14,20,16,28.7,45.3,1.3,84,6.5,
281,영천,2023-06-15,19.1,15.2,27.1,38.9,1.1,85.5,7,
281,영천,2023-06-16,23.2,14.6,30.9,,1.3,73.4,11.3,
281,영천,2023-06-17,25.7,17.5,33,,1.3,65.4,11.2,
281,영천,2023-06-18,25.2,20.3,31.8,,1.5,60.8,10.6,
281,영천,2023-06-19,22.6,17.3,28.6,,2.1,72.6,11.8,
281,영천,2023-06-20,21.7,17.9,26.1,,2.5,73.5,6.4,
281,영천,2023-06-21,21.1,18.4,23.3,10.4,1.1,93.5,0,
281,영천,2023-06-22,22.9,18.3,28,3.9,1.8,75.8,4.7,
281,영천,2023-06-23,22.9,18.4,28.7,,1.9,73.1,11.5,
281,영천,2023-06-24,22.6,17.5,28.9,,1.8,75.6,10.1,
281,영천,2023-06-25,23.1,18.1,29.4,1,1.3,77.6,4.2,
281,영천,2023-06-26,23.5,20.4,26.5,29.7,1,92.9,.1,
281,영천,2023-06-27,26.9,22.8,32.7,43.1,2.1,76.5,7.4,
281,영천,2023-06-28,24.1,19.5,29.3,23.2,2.1,80.5,5.6,
281,영천,2023-06-29,25.4,23.5,28.6,4,1.5,86,.8,
281,영천,2023-06-30,22.8,20.8,25.5,44.2,1.2,97.5,0,
281,영천,2023-07-01,24.2,20.2,29.6,,1.1,82.6,8,
281,영천,2023-07-02,26.5,20.8,32.7,,1.2,77.3,7.1,
281,영천,2023-07-03,25.1,20,30.6,,1.8,80.6,9.4,
281,영천,2023-07-04,24.8,22.1,28.8,4.9,1.2,87.1,2.6,
281,영천,2023-07-05,25.9,21,30.4,7.3,2.1,78.3,8.6,
281,영천,2023-07-06,25.7,19.2,32.3,,1.1,75.1,5.5,
281,영천,2023-07-07,21,17.8,24.9,37,1,92.9,0,
281,영천,2023-07-08,22.5,19.4,26.7,0,1.3,86.4,1.4,
281,영천,2023-07-09,26.4,21.4,30.7,,1.1,79.8,3.7,
281,영천,2023-07-10,27.5,22.4,31.5,,1.5,78.1,7.1,
281,영천,2023-07-11,24.2,22.4,29.7,32.6,1.1,93.8,.1,
281,영천,2023-07-12,26.4,22.2,30.7,0,1.3,84.4,4.4,
281,영천,2023-07-13,25.4,23.8,27.1,1.3,.8,93.6,0,
281,영천,2023-07-14,25.2,23.8,27.3,33.8,1.7,90.9,0,
281,영천,2023-07-15,26.3,22.5,29.6,8.9,2.2,83.4,.2,
281,영천,2023-07-16,24.3,21.9,27.8,3.5,.9,91.1,.7,
281,영천,2023-07-17,26.2,22.4,31,12.1,1.3,85.9,4.8,
281,영천,2023-07-18,23,21.7,24.6,81.9,1,99.8,0,
281,영천,2023-07-19,24,21.3,28.2,,1.3,86.4,6.9,
281,영천,2023-07-20,25.6,19.9,32,,1.1,82.1,8.4,
281,영천,2023-07-21,25,22,29.2,,1.8,85.6,5.2,
281,영천,2023-07-22,24.8,19.7,28.8,0,1.3,80.8,5,
281,영천,2023-07-23,26.6,23.3,29.6,0,1.2,80.6,0,
281,영천,2023-07-24,26.3,23.8,30.7,4.2,1.2,86.5,1.6,
281,영천,2023-07-25,26.1,23.2,32,.3,1.3,85.6,4.5,
281,영천,2023-07-26,26.1,22,33.1,6.3,1.3,84.1,5,
281,영천,2023-07-27,26.8,21.2,33.6,,.9,82.5,8.3,
281,영천,2023-07-28,28.5,23.2,34.6,,.9,79.1,10.3,
281,영천,2023-07-29,29.2,23.6,35.5,,1,71.3,11.3,
281,영천,2023-07-30,28.3,23.4,34,0,1,76.4,10.2,
281,영천,2023-07-31,28.1,22.5,34.5,,1.3,75,11.8,
281,영천,2023-08-01,28.1,22.8,34.1,,1.1,73.5,11.9,
281,영천,2023-08-02,27.9,21.9,34.8,,1,75,9.8,
281,영천,2023-08-03,29.8,24,35.9,,1.2,71.3,9.9,
281,영천,2023-08-04,29.3,23.7,35.1,,1,74.9,9.2,
281,영천,2023-08-05,29.6,24.4,35.7,,1.1,75.3,7.3,
281,영천,2023-08-06,28.7,23.9,33.9,,1.7,75.6,10.1,
281,영천,2023-08-07,28.6,24.8,34,,2,74.4,9.5,
281,영천,2023-08-08,27.5,24.7,32.5,,1.8,75.9,4.1,
281,영천,2023-08-09,25.5,24.5,27.1,25.2,1.1,90,0,
281,영천,2023-08-10,24.5,23.4,26.1,111.6,3.4,88.9,0,
281,영천,2023-08-11,26.5,22.2,31.7,,1.7,71.3,11,
281,영천,2023-08-12,26.1,21.8,32,,1,77.6,4.4,
281,영천,2023-08-13,25.8,21.8,31.6,,1.5,80.1,7,
281,영천,2023-08-14,25.5,22.4,30.5,,1.4,81.9,6.3,
281,영천,2023-08-15,25.4,22.3,31.4,,1.5,81,10.3,
281,영천,2023-08-16,25.5,21.8,32.5,0,1.6,80.8,6.6,
281,영천,2023-08-17,25,23.2,27.9,,1.4,81.8,1.5,
281,영천,2023-08-18,24.4,23,27.7,22.3,.8,93.1,.1,
281,영천,2023-08-19,26.2,23.4,30.4,1.3,.7,90.3,3,
281,영천,2023-08-20,27.2,24.6,32.5,3.4,1.2,87.5,6.8,
281,영천,2023-08-21,28.1,24.5,33.5,,1,78.4,9.4,
281,영천,2023-08-22,27.7,22.8,33.4,,1.3,76.6,9.5,
281,영천,2023-08-23,27.4,22,33.7,0,1.4,75.6,9.7,
281,영천,2023-08-24,24.2,22,27.6,24.8,1.9,93.3,.1,
281,영천,2023-08-25,26,21.5,31.9,7.5,1.4,79.4,7.8,
281,영천,2023-08-26,24.8,19.3,31.4,,1.1,78,11.5,
281,영천,2023-08-27,24,20,29.9,4.2,1.4,87.1,6.2,
281,영천,2023-08-28,24.6,21.2,28.2,0,1.7,87.3,1.8,
281,영천,2023-08-29,25.6,22.5,28.8,1.6,.9,90,1.7,
281,영천,2023-08-30,24.4,22.2,25.7,28.1,.7,99.4,0,
281,영천,2023-08-31,23.1,20.8,25.4,37.1,1,93.1,.3,
281,영천,2023-09-01,24.6,22.2,29.3,.1,1.1,85.3,4.9,
281,영천,2023-09-02,24.2,21.2,28.6,1.1,1.4,84.5,2.3,
281,영천,2023-09-03,25.2,22.1,30.3,0,1.1,85.5,4.9,
281,영천,2023-09-04,25.2,21,29.7,,1.4,82.3,6.4,
281,영천,2023-09-05,24.9,20.4,30.1,,1.5,72.6,10.2,
281,영천,2023-09-06,23.8,18.8,29.8,,1.4,77.5,8.3,
281,영천,2023-09-07,22.2,16.3,28.2,,1.7,74.3,10.5,
281,영천,2023-09-08,21.8,16.8,27.9,,1.3,76,7.6,
281,영천,2023-09-09,21.5,15.3,28.4,,1.1,77,10.3,
281,영천,2023-09-10,22.2,15.9,29.3,,1.1,77.4,9.9,
281,영천,2023-09-11,23.9,18.4,31.1,,1.1,79.1,8,
281,영천,2023-09-12,24.8,20.8,30,,.9,81,3.6,
281,영천,2023-09-13,23.8,21.4,27.1,.7,1.3,89.3,0,
281,영천,2023-09-14,22.1,20.8,24.7,6.4,1,92.4,0,
281,영천,2023-09-15,22.3,20.8,24.7,11.9,.6,97.1,0,
281,영천,2023-09-16,22.6,21.3,24.3,20.3,.6,98.9,0,
281,영천,2023-09-17,23.8,21.8,27.6,13.7,.6,91,2,
281,영천,2023-09-18,25.5,22,30.7,5.2,1,82.1,7.7,
281,영천,2023-09-19,24.3,20.6,29.1,,1.5,77.6,8.1,
281,영천,2023-09-20,21.3,19.8,24.7,43.6,1.3,93.1,0,
281,영천,2023-09-21,19.1,17.5,21.4,8.6,1.1,95.5,0,
281,영천,2023-09-22,19.4,15.2,24.4,,.8,80.6,7.6,
281,영천,2023-09-23,18.9,13.3,24.9,,1.5,77.8,5.8,
281,영천,2023-09-24,19.6,14.4,24.9,,2.4,70.8,8.4,
281,영천,2023-09-25,20.6,17.4,24.6,1.5,1.2,81,.7,
281,영천,2023-09-26,20.3,19.3,21.1,23.5,.8,99.6,0,
281,영천,2023-09-27,22.6,20.3,25.7,,1,87.4,.5,
281,영천,2023-09-28,22.4,17.4,28.1,,2,77.3,9.2,
281,영천,2023-09-29,20.7,15.1,26.2,,.9,82.5,5.4,
281,영천,2023-09-30,19,14.8,24.3,3.7,1.7,79.1,5.3,
283,경주시,2023-05-20,19.1,12.4,26.4,,2.2,71.5,11.8,28.29
283,경주시,2023-05-21,22.6,14.4,30.1,,2.5,57.5,11.6,26.8
283,경주시,2023-05-22,16.8,12.1,20.4,.7,1.7,70.1,0,5.14
283,경주시,2023-05-23,17.7,10.5,24.3,0,1.9,58.8,10.7,26.22
283,경주시,2023-05-24,17.8,9.3,25.6,,1.6,64.6,9.3,22.83
283,경주시,2023-05-25,19.8,13.1,27.1,,2.2,56.3,9.7,27.68
283,경주시,2023-05-26,20.5,15.2,27.1,.4,2.4,66.6,4.3,18.69
283,경주시,2023-05-27,23,17.9,28.7,,2.3,68,1.7,14.62
283,경주시,2023-05-28,21.9,19.6,23.7,2.3,2.7,82.9,0,4.98
283,경주시,2023-05-29,19.9,18.7,21.5,73,1.6,93.8,0,2.5
283,경주시,2023-05-30,18.2,16.5,20.2,0,2.6,88,0,7.68
283,경주시,2023-05-31,19.2,13.1,24.5,,1.9,67,11.8,29.5
283,경주시,2023-06-01,16.5,11.3,20.7,8.1,1.6,84.9,.9,8.97
283,경주시,2023-06-02,23.1,18.5,30.8,,2.5,69.5,11,28.05
283,경주시,2023-06-03,21.9,14.7,29.5,,2.1,62,12.6,29.24
283,경주시,2023-06-04,22.4,14.2,30.1,,2.5,52,11.2,28.48
283,경주시,2023-06-05,22.6,16,28.7,,2.1,58.5,8.4,21.9
283,경주시,2023-06-06,21.9,16.6,28.5,,2.3,67.1,10.1,26.97
283,경주시,2023-06-07,23.3,15.5,29.9,,1.9,63.9,8.3,21.52
283,경주시,2023-06-08,22.7,18.1,29,,3,63.5,6.6,20.66
283,경주시,2023-06-09,23.5,15.9,31.3,,2,61,12.5,28.87
283,경주시,2023-06-10,23.5,16.5,30.9,,2,68.9,12,26.66
283,경주시,2023-06-11,24,19.1,29.9,,2.2,71.6,7.4,22.98
283,경주시,2023-06-12,21.8,18,27.3,4.3,2,80.3,6.7,20.68
283,경주시,2023-06-13,23.4,19.4,29.3,.2,1.7,74.3,9.1,25.46
283,경주시,2023-06-14,20.8,16.9,28.9,8.1,1.7,79.9,3.8,18.6
283,경주시,2023-06-15,20.5,16.2,28.3,0,1.7,77.8,7,23.76
283,경주시,2023-06-16,24.7,16.5,32.7,,2,67.8,12.7,29.23
283,경주시,2023-06-17,26.8,18.2,35,,2.4,60.4,11.3,28.1
283,경주시,2023-06-18,25.7,20.9,32.5,,2.6,62.6,11.6,28.71
283,경주시,2023-06-19,23.3,20.4,27.6,,3.5,72.8,6.2,20.81
283,경주시,2023-06-20,21.8,17.1,27.9,0,1.9,72.9,6.6,21.41
283,경주시,2023-06-21,21.7,19.2,24.2,3.8,1.6,88.4,0,5.2
283,경주시,2023-06-22,24.2,19.3,29.8,,1.9,69.8,5.1,19.49
283,경주시,2023-06-23,24,19.8,30.3,,2.3,68.9,10.4,26.85
283,경주시,2023-06-24,23.2,18,29.5,,1.5,74.3,9.1,25.15
283,경주시,2023-06-25,23.4,18.2,29.8,2.5,1.3,76.1,3.1,17.99
283,경주시,2023-06-26,24.5,20.9,27.6,31.4,2.5,87.1,0,7.86
283,경주시,2023-06-27,27.6,23.8,32.7,11.6,4.1,74.9,8,23.33
283,경주시,2023-06-28,25.1,20.1,30.9,13.7,2.6,78.4,5,19.23
283,경주시,2023-06-29,25.8,22.1,30.9,15.2,2.4,83.8,1.7,9.33
283,경주시,2023-06-30,22.9,21.2,26.1,19.9,1.7,92.5,0,5.2
283,경주시,2023-07-01,24.8,21.1,31.5,,1.2,79.1,7.3,21.65
283,경주시,2023-07-02,26.9,20.1,34.3,,1.3,75.1,7.4,22.06
283,경주시,2023-07-03,26.3,21,31.7,,1.6,78.6,7.4,22.94
283,경주시,2023-07-04,25.2,23.1,29.2,1.8,1.8,84.6,.4,8.68
283,경주시,2023-07-05,27.2,21.7,32.5,8.4,3.4,72,9.1,24.97
283,경주시,2023-07-06,26.5,19.1,34.4,,1.8,69.8,6.8,24.63
283,경주시,2023-07-07,21.3,18.3,25.3,36,1.8,87.9,0,4.19
283,경주시,2023-07-08,22.6,19.6,26.6,0,1.3,87,1,7.94
283,경주시,2023-07-09,26.4,21.5,31.9,,1.6,83.5,4.2,18.01
283,경주시,2023-07-10,28,22.9,33.6,0,2.7,76.3,7.9,20.77
283,경주시,2023-07-11,25.2,22.8,31.3,16.4,2.3,86.8,2.5,10.86
283,경주시,2023-07-12,27.6,23,32.4,0,2.7,78.8,3.7,17.78
283,경주시,2023-07-13,26.4,24.2,28.2,1,1.4,87.4,0,6.74
283,경주시,2023-07-14,25.8,24.9,26.8,15,4.1,87.6,0,3.44
283,경주시,2023-07-15,27.8,25.2,30.4,3.5,3.9,74.3,.1,7.58
283,경주시,2023-07-16,24.4,22.6,27.7,20.1,2.2,91.3,.1,6.52
283,경주시,2023-07-17,27.6,23.3,33.5,18,2.6,80.4,8.1,24.17
283,경주시,2023-07-18,23.7,21.6,26.7,67.3,1.6,93.9,0,4.09
283,경주시,2023-07-19,24.5,21.5,29.3,0,1.4,83.9,6.8,21.08
283,경주시,2023-07-20,26.5,21,34,,1.1,77.9,8.7,25.17
283,경주시,2023-07-21,25.4,21,30.6,,1,83.5,3.8,13.04
283,경주시,2023-07-22,25.3,19.4,29.9,0,1.7,80.5,2.6,16.1
283,경주시,2023-07-23,27.3,25,30.9,.2,3.3,80.5,.3,10.35
283,경주시,2023-07-24,27.1,24.6,33.3,0,2.6,84.6,3.4,16.74
283,경주시,2023-07-25,27.8,23.5,33.6,0,2.4,77.5,8.1,22.79
283,경주시,2023-07-26,,23.6,34.4,,,,,
283,경주시,2023-07-27,,25.7,35.7,0,,,,
283,경주시,2023-07-28,29.4,23.6,35.9,,1.4,76.9,11.9,24.71
283,경주시,2023-07-29,29.6,23.9,36.8,,1.3,73.9,12.2,27.45
283,경주시,2023-07-30,29.2,23.3,35.7,,1.9,73.6,12.4,27.85
283,경주시,2023-07-31,28.5,22.6,36.2,,1.6,75.4,10.5,25.33
283,경주시,2023-08-01,28.6,22.7,35.2,,1.6,73.3,11.5,25.79
283,경주시,2023-08-02,28.9,22.3,35.5,,1.3,74.4,11,23.99
283,경주시,2023-08-03,30.4,24.7,37.8,,2,70.5,11.8,26.61
283,경주시,2023-08-04,29.9,23.7,36.7,,1.4,74.3,9,22.51
283,경주시,2023-08-05,30.1,24.5,37.3,,1.5,74,12.1,26.98
283,경주시,2023-08-06,29,24.1,34.3,,2.1,76.8,8.3,18.5
283,경주시,2023-08-07,28.3,25.2,32.2,,3.8,77.1,7.1,22.73
283,경주시,2023-08-08,26.4,24.5,30.3,,4.2,77.6,1.3,11.88
283,경주시,2023-08-09,24.4,23.7,24.8,29.7,3.9,87.6,0,2.35
283,경주시,2023-08-10,24.9,23.5,26.7,134.2,5.6,87.3,0,3.88
283,경주시,2023-08-11,27,20.9,33.5,,2.6,75.4,11.3,25.41
283,경주시,2023-08-12,26.6,22.1,33.8,0,1.3,80,6.2,20.72
283,경주시,2023-08-13,26.7,23.1,33.1,,1.9,79.9,8.7,24.11
283,경주시,2023-08-14,26.2,23.2,30.6,,2.4,80.9,4.5,19.18
283,경주시,2023-08-15,25.5,22.6,29.6,,3.4,78.5,6.6,20.43
283,경주시,2023-08-16,25.6,21.7,32,0,1.5,81.1,4.9,16.86
283,경주시,2023-08-17,25.1,22.9,28.4,,1.5,82.8,1.8,8.49
283,경주시,2023-08-18,24.7,24,25.7,7.9,1.4,92.4,0,5.01
283,경주시,2023-08-19,27.3,24.4,31,0,1.1,86.5,2.7,14.68
283,경주시,2023-08-20,27.9,25.4,32.2,,1.7,84.9,6,18.64
283,경주시,2023-08-21,29.1,25.2,34.4,,1.7,77.6,9.1,21.9
283,경주시,2023-08-22,28.6,23.4,34.5,,2.6,76.1,11.6,24.61
283,경주시,2023-08-23,28.5,22.8,35.2,2.6,2.4,74.8,11.3,25.81
283,경주시,2023-08-24,24.7,22.9,28.8,68.6,2,92.6,0,6.27
283,경주시,2023-08-25,26.8,23,33.4,2.6,1.7,78.5,6.1,19.79
283,경주시,2023-08-26,25.9,21.1,31.9,,1.7,76.6,10.6,23.28
283,경주시,2023-08-27,24.9,21.3,29.3,0,2.3,82.8,3.4,12.8
283,경주시,2023-08-28,24.9,23.1,27.3,,1.9,84.1,0,7.08
283,경주시,2023-08-29,26.5,23.6,30.5,.7,2.3,86.3,3,10.1
283,경주시,2023-08-30,25.7,24.6,28.1,4.5,1.3,91.1,.1,5.24
283,경주시,2023-08-31,24.9,22.2,28.6,4.2,1.6,85.1,2.2,13.54
283,경주시,2023-09-01,24.5,23.1,28.5,6,1.1,89.5,.5,8.81
283,경주시,2023-09-02,24.5,22.3,28.8,2.3,1.5,85.9,1.6,11.56
283,경주시,2023-09-03,25.8,22.2,30.9,0,1.6,83.4,4.6,17.35
283,경주시,2023-09-04,25.2,21.9,28.7,1.5,2.3,86.1,2.3,12.47
283,경주시,2023-09-05,25.3,22.8,28.9,,3.5,73.6,9.1,22.36
283,경주시,2023-09-06,24.7,21.5,28.5,,3.1,77.8,4.2,15.01
283,경주시,2023-09-07,23.2,19.4,27.3,,4,75,8.7,22.21
283,경주시,2023-09-08,22.7,17.9,27.5,0,2.4,74,8.9,22.26
283,경주시,2023-09-09,21.6,15.8,28.3,,1.7,74.6,10.9,23.95
283,경주시,2023-09-10,22.1,16.1,29.9,,1.5,79.4,7.8,19.86
283,경주시,2023-09-11,24.5,19,32.7,,1.3,76.6,9.9,22.54
283,경주시,2023-09-12,25.3,20.9,31.2,,1.1,79.8,3,15.16
283,경주시,2023-09-13,23.8,21.9,28.1,.6,1.8,87.9,0,6.31
283,경주시,2023-09-14,22.4,21.5,23.4,5,1.7,90.8,0,3.16
283,경주시,2023-09-15,23.1,21.8,24.9,3.1,1.5,92.5,0,4.85
283,경주시,2023-09-16,23.5,22.3,25,23.9,.6,93.9,.1,2.81
283,경주시,2023-09-17,24,21.4,28.8,15.7,1.5,90.8,1.5,8.71
283,경주시,2023-09-18,25.8,22,32.3,0,1.7,83.4,7,17.35
283,경주시,2023-09-19,24.5,20.4,30.6,,1.8,77.4,8.2,18.91
283,경주시,2023-09-20,22,19.8,25.3,11.7,1.5,89.8,0,4.19
283,경주시,2023-09-21,19.6,17.8,21.8,18.1,3.2,84.8,0,6.68
283,경주시,2023-09-22,20,15.6,25.6,,1.5,79.4,7.7,17.57
283,경주시,2023-09-23,19.1,13.7,25.1,0,2.2,76.6,7.4,16.92
283,경주시,2023-09-24,20.5,16.2,25,,2.9,72,7.8,18.29
283,경주시,2023-09-25,21.1,18.3,23.6,.5,1.7,82.3,0,5.02
283,경주시,2023-09-26,21.1,19.8,22.3,20.1,1.1,94.3,0,2.44
283,경주시,2023-09-27,23.6,20.7,28,.1,.9,85.6,2,10
283,경주시,2023-09-28,23,17.5,29.3,,2.2,76.5,9.8,18.61
283,경주시,2023-09-29,21.6,15.5,29,,1.5,78.5,6.4,16.62
283,경주시,2023-09-30,19,15.3,25.1,4.5,2,79.6,5.3,11.38
284,거창,2023-05-20,19.6,12.6,27.5,,1,75.3,9.5,
284,거창,2023-05-21,19.7,12.7,28.6,,1.6,68.9,11.7,
284,거창,2023-05-22,14.2,10.4,19.5,.9,.7,78.1,1.3,
284,거창,2023-05-23,16.9,7.9,25.8,0,1.1,65.1,12.5,
284,거창,2023-05-24,16.8,8.5,25.3,,1,64.4,7.5,
284,거창,2023-05-25,18.9,13,25.7,,1.2,62.6,5.8,
284,거창,2023-05-26,18.4,13.1,25.5,0,1.2,72.4,4.7,
284,거창,2023-05-27,20.5,16,25.8,0,1.5,77.3,1.3,
284,거창,2023-05-28,21,17.7,23.8,3.7,1,88.5,0,
284,거창,2023-05-29,20.1,18.5,22,99.1,.5,99,0,
284,거창,2023-05-30,20.4,17.4,24.7,0,1.2,83.4,2.3,
284,거창,2023-05-31,19.7,15,25.9,,1.3,69.8,12.3,
284,거창,2023-06-01,17,12.6,20,2.1,.5,89.6,.3,
284,거창,2023-06-02,22.2,16.7,29.7,.3,1.5,67.3,11,
284,거창,2023-06-03,20.5,13.4,27.9,,1.8,61.6,13.3,
284,거창,2023-06-04,20.6,13.4,28.5,,1.6,53.4,10.8,
284,거창,2023-06-05,19.6,13.6,25.3,,1.4,67.3,6.4,
284,거창,2023-06-06,20.6,14.2,28.7,,1.1,69.6,11.6,
284,거창,2023-06-07,21.2,12.9,28.5,,1.1,69.9,9.5,
284,거창,2023-06-08,21.4,16.4,27.9,,1.6,73.9,9,
284,거창,2023-06-09,22.1,15.1,30.4,,1.2,67.1,11.3,
284,거창,2023-06-10,21.5,15.7,28.9,0,1.8,75.3,8.4,
284,거창,2023-06-11,22.6,18.1,28.1,,1.4,75.3,8.7,
284,거창,2023-06-12,23.1,17.5,30,0,1.2,71.9,9,
284,거창,2023-06-13,22.5,,,6,1,69.5,,
284,거창,2023-06-14,18.9,14.3,27.7,11.5,1.2,82.1,7.4,
284,거창,2023-06-15,19.2,14.9,27.3,.5,1.1,84.1,6,
284,거창,2023-06-16,22.5,15.2,31.4,,.9,72.4,10.6,
284,거창,2023-06-17,24.6,16.4,33.1,,.8,70.5,10.5,
284,거창,2023-06-18,25.2,19.2,32.9,,1.1,65.3,11.1,
284,거창,2023-06-19,24.3,16.5,30.6,,1.4,66.9,11.6,
284,거창,2023-06-20,21.9,16,26.9,0,1.5,68.1,6.6,
284,거창,2023-06-21,21.1,19,25.6,4.2,.8,88.3,1,
284,거창,2023-06-22,21.9,16.5,28,,1.8,73.1,8.9,
284,거창,2023-06-23,23.4,15.5,31.3,,1.2,70.9,10.6,
284,거창,2023-06-24,23.9,18.2,30.3,,1.2,73.8,9.1,
284,거창,2023-06-25,22.2,18.3,27.1,7.3,1.4,82.9,4.3,
284,거창,2023-06-26,22.4,19.7,26.9,62.5,.8,96.3,.4,
284,거창,2023-06-27,25.8,20.7,31.2,7.1,1.9,76.4,10,
284,거창,2023-06-28,22.7,18.5,28.5,23.6,1.1,88.4,3.2,
284,거창,2023-06-29,24.2,21.5,26.8,22.4,1.2,93,.7,
284,거창,2023-06-30,23.9,22.2,27.6,32.7,1.1,91.6,0,
284,거창,2023-07-01,25.5,22.4,30.1,,1.2,86,7.9,
284,거창,2023-07-02,26.4,22.2,33.4,,.9,80.6,8.1,
284,거창,2023-07-03,25.9,22.3,30.7,,1.1,83.5,7,
284,거창,2023-07-04,23.1,22.4,24.2,25,.8,93.9,0,
284,거창,2023-07-05,24.8,19.9,30.1,21.3,1.9,77.8,9.8,
284,거창,2023-07-06,24.9,17.8,33.5,,.9,73.8,9.9,
284,거창,2023-07-07,20.5,18.9,23,54.4,.7,95.8,0,
284,거창,2023-07-08,23.6,19.5,28.3,.5,1,89.8,4.8,
284,거창,2023-07-09,25.7,22.5,30.6,,1.4,88.1,2.9,
284,거창,2023-07-10,26.6,22.4,32.3,.1,1.6,80,7.6,
284,거창,2023-07-11,23.3,21.6,29.8,22.6,.9,94.3,1.2,
284,거창,2023-07-12,25.6,21.7,30.9,.1,1,87,6.6,
284,거창,2023-07-13,24.9,23.8,26.8,4.9,.6,94.8,0,
284,거창,2023-07-14,24.2,23.4,25.6,75.5,.8,97.4,0,
284,거창,2023-07-15,24.4,22.8,26.2,51.3,1.3,94.4,0,
284,거창,2023-07-16,23.3,21.8,28.3,30,1.1,95.8,2,
284,거창,2023-07-17,25,22,30.3,35.7,1.2,89.8,4.4,
284,거창,2023-07-18,22.6,21.5,23.5,97.7,.7,99,0,
284,거창,2023-07-19,25.5,21.4,30.7,.1,1.1,84.8,9.1,
284,거창,2023-07-20,26.4,21.5,32.9,,.9,80.9,8.8,
284,거창,2023-07-21,25.8,20.5,31.7,,1.8,81.9,9.2,
284,거창,2023-07-22,23.1,19.1,25.7,,1.1,88,.4,
284,거창,2023-07-23,25.6,22.9,29.1,1.8,1.2,88,0,
284,거창,2023-07-24,24.8,23.3,27.7,29.4,.9,92,1,
284,거창,2023-07-25,24.8,22.9,29.9,22.2,1,91.3,2.9,
284,거창,2023-07-26,25.2,22.1,31.9,1.8,.9,89,4.6,
284,거창,2023-07-27,25.2,22.1,32.3,7.7,.9,87.9,6.4,
284,거창,2023-07-28,26,21.9,32.5,,.8,85.1,8.8,
284,거창,2023-07-29,26.5,21.8,34,,.9,80.8,9.5,
284,거창,2023-07-30,26.4,21.5,32.6,,1,81,10.3,
284,거창,2023-07-31,26.7,21.8,33.2,,.8,79.3,10.1,
284,거창,2023-08-01,26.7,22.3,32.6,,1.2,79.6,11.1,
284,거창,2023-08-02,26.9,21.7,34.1,,.9,81.8,8.1,
284,거창,2023-08-03,27.3,22.8,33.8,,.9,80.6,6.3,
284,거창,2023-08-04,27.3,22.5,33.5,,.9,82.3,9.2,
284,거창,2023-08-05,28,22.8,34.4,0,.9,80.5,9.8,
284,거창,2023-08-06,28.4,23.9,33.6,0,1.1,78.8,11.3,
284,거창,2023-08-07,28.4,23.6,34.9,,1.2,75.3,9.9,
284,거창,2023-08-08,28.1,23.1,33.7,,1.6,74.5,10.5,
284,거창,2023-08-09,24.7,23,27.6,55.2,1.4,90.3,0,
284,거창,2023-08-10,22.4,21.5,25.1,100.3,3.5,90.9,1.1,
284,거창,2023-08-11,25.4,21.5,30.7,,2.1,77.8,10,
284,거창,2023-08-12,24.9,22,31.1,.8,.9,83.3,5.7,
284,거창,2023-08-13,25.7,20.7,31.4,,.9,82.4,6.4,
284,거창,2023-08-14,26.1,22.9,31,,1.2,83,8.9,
284,거창,2023-08-15,27,22,33.5,,1.2,77.8,10.4,
284,거창,2023-08-16,26,21.3,31,0,1,82.8,6.3,
284,거창,2023-08-17,25.4,22.7,29.7,0,1.2,86,5.7,
284,거창,2023-08-18,25.3,21.9,30.7,.1,.9,85.3,3.6,
284,거창,2023-08-19,26.3,22.9,31.1,,1,86,5.8,
284,거창,2023-08-20,26.6,23.4,33,2.3,1,85.3,7.3,
284,거창,2023-08-21,27,22.7,32.3,,1.4,81.9,10.7,
284,거창,2023-08-22,26.5,22.2,32.1,0,1.4,81.8,6.4,
284,거창,2023-08-23,25.9,23.3,29.9,13.3,1.4,86.1,2.8,
284,거창,2023-08-24,24,22.4,26,36.1,.6,97.5,0,
284,거창,2023-08-25,24.4,20.1,30.7,,1,81.5,7.8,
284,거창,2023-08-26,23,18,31.1,,.9,79.9,10.9,
284,거창,2023-08-27,24.5,18.4,30.4,0,1,80.8,9.6,
284,거창,2023-08-28,24.5,22.1,26.9,2.9,1.1,85.6,.9,
284,거창,2023-08-29,24.2,22.9,26.6,28.4,.8,97.9,.2,
284,거창,2023-08-30,23,20.8,24.7,93.2,.7,97.9,0,
284,거창,2023-08-31,24,20.4,29,2.2,.9,84.6,4.8,
284,거창,2023-09-01,23,17.5,29.9,,1,79.9,6.9,
284,거창,2023-09-02,22.3,16.5,28,.4,.8,87.4,2.6,
284,거창,2023-09-03,24.7,21.9,30.4,0,.9,88,4.8,
284,거창,2023-09-04,25,21.5,30.4,0,.9,86.6,4.8,
284,거창,2023-09-05,24.4,20.3,30.4,,1.2,76.9,10.4,
284,거창,2023-09-06,23.3,17.3,29.9,,1,77.1,10,
284,거창,2023-09-07,21.3,14.9,28.5,,1.3,75,11.1,
284,거창,2023-09-08,20.6,14.3,28.2,,1.1,78.1,11,
284,거창,2023-09-09,20.9,14.5,29.8,,1.1,78.1,9.1,
284,거창,2023-09-10,21.2,15.3,28.9,,1.1,80.5,8.7,
284,거창,2023-09-11,22.6,16.7,29.6,,.9,80.6,10.1,
284,거창,2023-09-12,23.1,18.5,28.9,,.9,82.9,4.7,
284,거창,2023-09-13,22.7,20.3,25.8,3.3,.5,90.4,.2,
284,거창,2023-09-14,21.3,20.5,22.1,12.6,.5,98.1,0,
284,거창,2023-09-15,21.5,20.4,23.2,23.4,.4,97.3,0,
284,거창,2023-09-16,22.1,20.8,26.3,43.5,.7,96.1,.4,
284,거창,2023-09-17,23.6,21,27.6,.3,.9,89.1,2,
284,거창,2023-09-18,23.8,19.5,30.4,,.9,84.3,7.7,
284,거창,2023-09-19,21.9,17.8,28.9,,.7,82,8.5,
284,거창,2023-09-20,20,18.4,21.9,20.3,.5,96.9,0,
284,거창,2023-09-21,19.3,17.9,21.4,6.1,1.2,95.1,0,
284,거창,2023-09-22,19.9,15.9,26.6,.3,.7,83,7.8,
284,거창,2023-09-23,17.7,13.4,24.4,,1.1,80.8,5.5,
284,거창,2023-09-24,18.3,12,24.3,,1.3,75.1,10.4,
284,거창,2023-09-25,19.8,15.4,25,.6,.9,83,3.3,
284,거창,2023-09-26,19.7,19,20.6,8.6,.3,98.9,0,
284,거창,2023-09-27,21.5,19.2,26.2,0,1.3,85.8,2.4,
284,거창,2023-09-28,20.6,15.5,27.9,,1.1,83.3,7.9,
284,거창,2023-09-29,19,13.3,27.6,,.8,79.4,5.1,
284,거창,2023-09-30,17.5,13.5,24.8,6.2,1,82.6,5.7,
285,합천,2023-05-20,19.8,13.4,28.1,,.8,71.6,8.9,
285,합천,2023-05-21,21.4,13.5,30.6,,.9,62.5,10,
285,합천,2023-05-22,16.1,12.2,19.9,.1,.4,73.1,.7,
285,합천,2023-05-23,17.8,10.1,26.4,,1,64.9,10.7,
285,합천,2023-05-24,18.4,10.9,26.3,,.7,62,4.8,
285,합천,2023-05-25,20.3,14.3,26.9,,1,53.6,6.4,
285,합천,2023-05-26,20,15.5,25.4,,.8,65.9,1.5,
285,합천,2023-05-27,21.8,18,28,.1,1.1,72.9,2.5,
285,합천,2023-05-28,22.1,19.8,24.3,3.2,1.3,85.3,0,
285,합천,2023-05-29,20.9,19.1,22.9,74.9,.3,95.5,0,
285,합천,2023-05-30,21,17.9,25.5,0,1.2,79.3,.4,
285,합천,2023-05-31,20.9,15.7,27.6,0,.9,62.9,11.6,
285,합천,2023-06-01,16.7,13.4,19.3,3.6,.4,88.1,.1,
285,합천,2023-06-02,22.8,17.4,31.8,,.9,66.6,10,
285,합천,2023-06-03,21.6,14.5,30.1,,1,60.1,11.9,
285,합천,2023-06-04,22.6,14.9,31.1,,1.3,48.1,10.1,
285,합천,2023-06-05,20.7,15.3,26.4,,.9,63,2,
285,합천,2023-06-06,21.6,15.6,28.7,,.8,67.6,8.6,
285,합천,2023-06-07,22.7,15.6,28.4,,1.2,64.9,4.5,
285,합천,2023-06-08,22.6,18,28.5,,1.4,66.4,7.4,
285,합천,2023-06-09,23.8,16.7,31.3,,1.2,64.1,9.7,
285,합천,2023-06-10,23.4,18.4,30.2,,1.2,70.9,7.7,
285,합천,2023-06-11,24.4,20.7,29.4,,1.1,70.5,7.2,
285,합천,2023-06-12,23.6,18.6,30.9,5.8,.8,72.1,5.8,
285,합천,2023-06-13,22.7,18.2,29.2,,.8,76.5,7.9,
285,합천,2023-06-14,20.5,16.4,28.4,1.6,.7,81,4.6,
285,합천,2023-06-15,21.1,16.4,27.3,0,.7,77.1,5.6,
285,합천,2023-06-16,24.4,17,32.3,,.7,62.3,11.3,
285,합천,2023-06-17,25.3,17.3,33.5,,.8,63.4,9.9,
285,합천,2023-06-18,26.1,20.2,33.3,,.6,62.9,8.5,
285,합천,2023-06-19,25.4,18.2,32.3,,1.2,61.9,10.5,
285,합천,2023-06-20,23.4,18,28.8,3.2,.8,63.6,5.3,
285,합천,2023-06-21,21.1,19.3,23.4,9.3,.5,91.1,0,
285,합천,2023-06-22,24.1,17.9,29.9,,1.3,65.1,7.2,
285,합천,2023-06-23,24.1,17.3,31.6,,1,67.6,11.2,
285,합천,2023-06-24,24.8,19.3,30.8,,.9,68.6,7.3,
285,합천,2023-06-25,22.7,19.6,27.7,9.7,.8,80.1,.6,
285,합천,2023-06-26,23.7,20.4,27.4,57.2,1,90.1,.2,
285,합천,2023-06-27,26.4,21.7,32.2,18.7,1.6,77.1,5.8,
285,합천,2023-06-28,23.3,19.3,27.9,22.9,1.2,85.1,1.4,
285,합천,2023-06-29,25.1,22.9,27.8,36.8,1.1,87.3,.1,
285,합천,2023-06-30,24.3,22.8,27.2,27.5,.4,92.1,0,
285,합천,2023-07-01,25.4,22.8,30.2,0,.8,84.4,4.3,
285,합천,2023-07-02,26.6,22.7,33.1,,.9,77.1,5.5,
285,합천,2023-07-03,26.5,22.6,31.5,,.6,79.8,3.2,
285,합천,2023-07-04,23.8,22.7,25.4,21.3,.4,89.9,0,
285,합천,2023-07-05,26.5,21.3,31.7,15.1,1.4,72.3,8.9,
285,합천,2023-07-06,25.9,19.4,32.5,,1,72.5,6.5,
285,합천,2023-07-07,21.7,19.2,24.4,45.3,.5,90.8,0,
285,합천,2023-07-08,23.2,19.4,26.8,,.6,88.1,0,
285,합천,2023-07-09,25.5,23,28.2,,.7,87.9,0,
285,합천,2023-07-10,27.1,23.6,31.3,.6,1.1,81.3,6.5,
285,합천,2023-07-11,24.9,22.1,30.3,43.9,.6,88.5,.4,
285,합천,2023-07-12,26.1,22.7,30,5.1,1.2,85.5,5,
285,합천,2023-07-13,26.3,24.7,28,4,.9,86,0,
285,합천,2023-07-14,25.6,24.6,26.4,23.5,2.5,86.8,0,
285,합천,2023-07-15,25.8,22.4,28.7,38.3,1.9,85.5,0,
285,합천,2023-07-16,23.4,21.9,26,28.4,.3,92.9,.3,
285,합천,2023-07-17,25.2,22.5,30.9,28.2,.7,90.1,2.4,
285,합천,2023-07-18,23.3,22.1,24.1,120.9,.6,96,0,
285,합천,2023-07-19,25.9,22,31.4,,.8,80.9,8.3,
285,합천,2023-07-20,26.8,21.8,32.7,,.7,79.1,6.6,
285,합천,2023-07-21,26.5,21.4,32.7,,.7,78.9,4.8,
285,합천,2023-07-22,23.6,19,27.1,.3,.3,86.6,.1,
285,합천,2023-07-23,26.1,23.1,30,3.2,1,86.9,0,
285,합천,2023-07-24,25,23.9,27.2,44.4,.5,92,.4,
285,합천,2023-07-25,26.5,24,30.4,0,.8,83.4,3.1,
285,합천,2023-07-26,26.7,23.3,32.6,.4,.8,81.8,4.4,
285,합천,2023-07-27,27.4,22.7,33.8,,.5,77.4,7.2,
285,합천,2023-07-28,27.7,23.1,33.1,,.7,78.5,9.6,
285,합천,2023-07-29,28.5,22.9,35.2,,.6,74.6,11,
285,합천,2023-07-30,27.8,23.3,33.9,,.7,75.5,8.2,
285,합천,2023-07-31,28,22.2,34.3,,.5,75.4,9.7,
285,합천,2023-08-01,28,23.5,34.1,,.7,75.8,8.9,
285,합천,2023-08-02,28.3,22,35.1,,.7,72.6,10.9,
285,합천,2023-08-03,29.4,23.9,35.8,,.9,71.1,11.2,
285,합천,2023-08-04,28.7,23.6,34.5,,.8,75.1,9.8,
285,합천,2023-08-05,29.7,23,36.5,,.7,73.4,11.5,
285,합천,2023-08-06,29.5,25.2,35.2,,.6,74.1,8.2,
285,합천,2023-08-07,29.4,24.1,35.8,,1.2,72.4,9.2,
285,합천,2023-08-08,28.9,24,35,,1.3,72.1,7.3,
285,합천,2023-08-09,25.8,24.4,27.8,52.6,1.5,86.1,0,
285,합천,2023-08-10,24.6,22.7,27.6,87.6,2.4,82.4,.9,
285,합천,2023-08-11,26.6,22.1,32,,1.4,74.1,9.3,
285,합천,2023-08-12,27.1,23.3,32.5,0,.4,76.9,5.7,
285,합천,2023-08-13,27.1,22.4,32.6,,.6,78.3,7.9,
285,합천,2023-08-14,27.5,24.3,32.4,,.7,76.3,8.8,
285,합천,2023-08-15,27.6,22.4,33.5,,.8,75.4,8.4,
285,합천,2023-08-16,27.9,24.8,32.8,,.9,76.6,4.6,
285,합천,2023-08-17,26.3,23.2,30.6,37.5,.8,83.8,2.2,
285,합천,2023-08-18,25.7,23,30.3,.3,.8,85.6,1.5,
285,합천,2023-08-19,26.8,23.4,32,0,.6,84.9,4.8,
285,합천,2023-08-20,28.5,24.5,34.2,,.8,79.9,8.5,
285,합천,2023-08-21,28.4,25.1,33.4,,1,75.5,9.2,
285,합천,2023-08-22,27.6,24.3,32.7,0,1,78.6,5.9,
285,합천,2023-08-23,27.1,23.3,32.9,14.8,.6,82.3,3.8,
285,합천,2023-08-24,25.2,23.8,29.5,84.3,.6,92.8,.2,
285,합천,2023-08-25,26.7,22.3,32.4,,1,75.6,11.4,
285,합천,2023-08-26,25.2,20.6,32.1,,.4,75.3,9.6,
285,합천,2023-08-27,25.6,20.8,31.7,,1,79,6.9,
285,합천,2023-08-28,25.2,22.8,28.1,0,.6,84.8,1.8,
285,합천,2023-08-29,24.8,23.4,27.9,32.6,.4,94,.1,
285,합천,2023-08-30,24.2,22.5,26,170,.3,95,0,
285,합천,2023-08-31,24.1,21,28.5,23.3,.7,85,2.7,
285,합천,2023-09-01,24.2,19.8,30.6,,.5,78.9,6.4,
285,합천,2023-09-02,23.5,18.9,28.3,6.2,.4,85.6,.4,
285,합천,2023-09-03,25.8,22.8,31.2,.9,.6,83.5,4.8,
285,합천,2023-09-04,26.3,22.4,31.7,,.5,82,6.5,
285,합천,2023-09-05,25.8,21.5,31.5,,1.1,73.1,9.7,
285,합천,2023-09-06,25.1,19.7,31.3,,.9,73,10.7,
285,합천,2023-09-07,23.6,18.4,30.1,,1.1,68.4,10.4,
285,합천,2023-09-08,22.5,16.7,29.4,,.7,71.8,8.5,
285,합천,2023-09-09,22.5,17,30.8,,.5,72.4,9.8,
285,합천,2023-09-10,23.7,18.3,30,,.4,73,9.8,
285,합천,2023-09-11,24.9,19.6,31.3,,.5,72.8,9.7,
285,합천,2023-09-12,24.9,21.4,30.1,,.4,77.5,2.8,
285,합천,2023-09-13,24.6,22.2,27.7,7.5,.2,83.9,0,
285,합천,2023-09-14,23,22.3,24.5,13.5,.3,90.5,0,
285,합천,2023-09-15,22.7,21.6,24.2,15.5,.1,91.4,0,
285,합천,2023-09-16,23.1,22.5,24.5,37.7,.2,92.6,0,
285,합천,2023-09-17,24.7,22.5,28.2,5.8,.2,87,1.2,
285,합천,2023-09-18,25.6,22.6,31.5,0,.4,80.6,6,
285,합천,2023-09-19,23.9,20.6,29.6,,.4,77.5,6.9,
285,합천,2023-09-20,21.7,20,23.6,59.4,.3,90.4,0,
285,합천,2023-09-21,20.3,18.9,22.6,4.1,1.3,88.6,0,
285,합천,2023-09-22,21.1,18.1,26.7,,.7,77.6,7.6,
285,합천,2023-09-23,19.8,16.3,26.4,,.8,77.4,4.3,
285,합천,2023-09-24,20.3,15.1,26.5,,1.2,68.5,9.4,
285,합천,2023-09-25,21.4,17.2,26.6,.3,.5,77.9,1.7,
285,합천,2023-09-26,21.1,20.3,22.3,5.1,,91.8,0,
285,합천,2023-09-27,23.6,20.6,28.4,,.8,77,3.8,
285,합천,2023-09-28,22.8,18.5,29.9,,.6,77,7.5,
285,합천,2023-09-29,21.1,16,27.6,,.4,76.8,5.1,
285,합천,2023-09-30,19.5,16.4,24.5,4.3,.6,81.4,5.9,
288,밀양,2023-05-20,19.9,12.4,27.5,,.9,64,12,
288,밀양,2023-05-21,22.1,14.2,30.6,,.8,60.1,11.8,
288,밀양,2023-05-22,17.3,12.5,20.4,0,.5,63.6,.3,
288,밀양,2023-05-23,18.2,10.8,26.4,0,.9,53.4,10.7,
288,밀양,2023-05-24,19.4,11,27.6,,.9,55.6,7.9,
288,밀양,2023-05-25,20.9,15.7,27.3,,1.5,48,9.6,
288,밀양,2023-05-26,20.9,16.8,25.3,0,1,61.6,1.7,
288,밀양,2023-05-27,23,18.5,27.9,0,1.4,63.5,5.3,
288,밀양,2023-05-28,22,19.8,23.5,1.5,2,82,0,
288,밀양,2023-05-29,21.1,19.3,22.7,97,.7,92.3,0,
288,밀양,2023-05-30,21.1,18.6,26.6,.2,1.3,72.4,3.7,
288,밀양,2023-05-31,21.7,16.4,28.9,,1,51.1,11,
288,밀양,2023-06-01,16.3,13.7,19.3,61.8,.5,82.8,0,
288,밀양,2023-06-02,23.9,17.2,31.7,10.2,1.1,57.9,11.5,
288,밀양,2023-06-03,22.5,16,29.9,,.9,53.3,12,
288,밀양,2023-06-04,22.4,15,30.7,,.8,49.5,10.9,
288,밀양,2023-06-05,21.9,16.7,27.5,,.7,57.1,4,
288,밀양,2023-06-06,22,17,28.7,,1,62.8,10,
288,밀양,2023-06-07,23,16.1,30,,.8,61.3,9.9,
288,밀양,2023-06-08,22.6,18.4,29,,1.1,62.9,8.6,
288,밀양,2023-06-09,23.4,16.7,31.1,,1.2,63,11.9,
288,밀양,2023-06-10,24.5,18.5,29.9,,1.6,61.9,12,
288,밀양,2023-06-11,23.9,20,29.8,,1.5,68.8,7.3,
288,밀양,2023-06-12,23.6,19,31.2,12,1.2,72,8.8,
288,밀양,2023-06-13,22.6,19.1,29.6,2.2,.7,73,5.9,
288,밀양,2023-06-14,21.5,17.6,30.1,4.6,.8,72.6,4.7,
288,밀양,2023-06-15,21.3,16.5,27.1,7.1,.9,71,7.5,
288,밀양,2023-06-16,24.5,17.6,31.8,,.7,63.6,10.7,
288,밀양,2023-06-17,25.5,18.8,33.9,,.7,59.6,9.9,
288,밀양,2023-06-18,26.1,20.8,33.7,,.4,58.4,7.9,
288,밀양,2023-06-19,25.4,19.4,32.1,,1.1,57,11,
288,밀양,2023-06-20,24,18.2,30.5,.2,.7,56.9,7,
288,밀양,2023-06-21,21.6,19.8,23.7,9.1,.5,88,0,
288,밀양,2023-06-22,24.7,20.8,29.3,.5,.8,67.4,6.6,
288,밀양,2023-06-23,24.4,19.6,30.5,,.7,66.4,9.4,
288,밀양,2023-06-24,24.2,19.4,31.5,,.7,67.1,8.5,
288,밀양,2023-06-25,23.2,20.4,29.1,15.4,.6,75.3,1.1,
288,밀양,2023-06-26,24.8,21,28.7,66.6,1.7,83.4,.7,
288,밀양,2023-06-27,26.8,21.9,31,6.9,2.3,73.6,6.2,
288,밀양,2023-06-28,24.1,20.5,29.1,24.2,.9,78.6,5,
288,밀양,2023-06-29,25.7,24,28.7,40.7,1.7,81.1,.2,
288,밀양,2023-06-30,25.4,23.4,27.7,17.7,.9,82.8,0,
288,밀양,2023-07-01,25.7,23.2,30.8,0,1,73.6,3.5,
288,밀양,2023-07-02,27.2,23.3,33.7,,.7,71,7.1,
288,밀양,2023-07-03,27.1,22.9,31.9,,.7,72.8,5.1,
288,밀양,2023-07-04,25.2,23.7,29,4.3,.8,80.3,.5,
288,밀양,2023-07-05,27.3,22.6,32.3,20.6,1.7,68.6,10.1,
288,밀양,2023-07-06,26.6,20.3,34.1,,.7,66.1,6.5,
288,밀양,2023-07-07,22.1,19.6,25.3,47.8,.5,86.3,0,
288,밀양,2023-07-08,23.6,20.2,25.8,1.4,.5,86.8,0,
288,밀양,2023-07-09,26.5,23.3,30,0,1,80,.9,
288,밀양,2023-07-10,27.8,25.6,31.5,.4,1.5,73.9,4.9,
288,밀양,2023-07-11,25.3,22.7,30.3,55.1,.9,85.1,.1,
288,밀양,2023-07-12,26.5,23.4,30.1,4.8,1,79.8,2.4,
288,밀양,2023-07-13,27,25.2,28.8,4.1,1.1,80,0,
288,밀양,2023-07-14,26.7,25.5,27.9,28.4,2.4,79.5,.3,
288,밀양,2023-07-15,27.6,23.3,30.7,11.5,2.2,74,.8,
288,밀양,2023-07-16,23.9,22.4,25.4,50.2,.4,91.1,0,
288,밀양,2023-07-17,26.3,23,31.8,40.8,.5,84,3.2,
288,밀양,2023-07-18,25.1,24,26.3,87.8,.6,91.3,0,
288,밀양,2023-07-19,25.9,23.3,30.8,.1,.9,77.8,6.3,
288,밀양,2023-07-20,27.2,23.3,33.5,,.7,74.1,5.8,
288,밀양,2023-07-21,27,23.3,32.9,,.9,73.8,7.9,
288,밀양,2023-07-22,24.9,20.9,29.4,.6,.8,77.4,2.3,
288,밀양,2023-07-23,27.1,24.1,30.5,10.6,1.5,79.9,1.3,
288,밀양,2023-07-24,26.2,24.5,31.6,32,.9,85.8,2.7,
288,밀양,2023-07-25,27.3,23.4,32.3,14.7,.7,78.5,6,
288,밀양,2023-07-26,27.4,24.1,31.6,0,.5,78.3,3.2,
288,밀양,2023-07-27,28.4,23,35,,.7,72.4,10.7,
288,밀양,2023-07-28,29.2,24.8,35.1,,.7,71.9,11.3,
288,밀양,2023-07-29,29.4,24.5,36.6,,.7,66.9,11.7,
288,밀양,2023-07-30,29.2,24.3,35.5,0,1,64.9,10.9,
288,밀양,2023-07-31,28.9,23.7,35.9,,.8,69.5,9.4,
288,밀양,2023-08-01,28.9,24.3,35.7,,.8,66.6,11.3,
288,밀양,2023-08-02,29.6,23.1,36.2,,.9,63.5,11.3,
288,밀양,2023-08-03,29.8,24.8,36.9,,.8,66.1,10.4,
288,밀양,2023-08-04,30.2,24.8,35.7,,.8,66.1,10.3,
288,밀양,2023-08-05,30.8,25.1,37.8,,.9,66.5,11.5,
288,밀양,2023-08-06,30.5,25.5,36.1,,.8,63.9,6.8,
288,밀양,2023-08-07,30.3,26,36,,1.3,62.3,11.2,
288,밀양,2023-08-08,29.4,26.4,33.8,,1.7,62.8,8.6,
288,밀양,2023-08-09,26.2,24.7,27.9,50.5,1.8,77.9,0,
288,밀양,2023-08-10,25.1,23.5,26.5,111.1,1.8,80.1,.3,
288,밀양,2023-08-11,26.6,21.6,32.3,,1.1,70,11.4,
288,밀양,2023-08-12,27.6,23.2,33.7,0,.7,69.3,7.9,
288,밀양,2023-08-13,28,22.9,33.5,,.8,66.1,8.1,
288,밀양,2023-08-14,28.1,24,33.1,,1.3,63,8.4,
288,밀양,2023-08-15,28.8,24.1,34.2,,1.1,60.1,10.2,
288,밀양,2023-08-16,27.8,25.4,32.7,,1.3,69.5,3.5,
288,밀양,2023-08-17,27.5,25.3,31.1,,1,70,3.3,
288,밀양,2023-08-18,26.7,24.1,29.7,0,.7,75.5,1.7,
288,밀양,2023-08-19,26.3,24.2,30.2,36.5,.4,86.1,.4,
288,밀양,2023-08-20,28.8,25.6,35,.4,.7,76.9,6,
288,밀양,2023-08-21,29,24.8,34.5,,.9,70.6,10.5,
288,밀양,2023-08-22,28.7,24.5,34.1,0,1.1,70,9.9,
288,밀양,2023-08-23,28.2,24.1,34.5,27.1,1.1,75.3,9.2,
288,밀양,2023-08-24,26.2,23.8,30.5,89.1,1.6,85.3,.3,
288,밀양,2023-08-25,27.2,23.4,32.6,.2,.7,72.9,8.5,
288,밀양,2023-08-26,27.4,23,33.6,,.7,66,9.3,
288,밀양,2023-08-27,25.3,22.6,32.5,11.6,.6,77.9,5.2,
288,밀양,2023-08-28,26.5,22.1,31.1,,.6,74.9,3.9,
288,밀양,2023-08-29,25.9,23.3,28.9,23.1,1.2,86.9,.2,
288,밀양,2023-08-30,25.2,24.6,26.2,31.2,.3,90.9,0,
288,밀양,2023-08-31,25.6,22.6,29.1,1,.8,80.9,3.4,
288,밀양,2023-09-01,24.9,23.2,29.9,8.9,.6,85.8,.9,
288,밀양,2023-09-02,25.4,23.3,31.1,3.1,.7,80.4,3.1,
288,밀양,2023-09-03,26.4,23,33.4,.9,.6,78.9,6.9,
288,밀양,2023-09-05,26.9,23.4,31.6,,1.3,54.1,10.5,
288,밀양,2023-09-06,26.6,22.2,31.4,,1.6,57.6,10.6,
288,밀양,2023-09-07,25.2,21.7,30,,1.9,54.8,11.3,
288,밀양,2023-09-08,24.3,19.6,30,,1.1,59.5,9.8,
288,밀양,2023-09-09,23.6,17.5,30.7,,.9,64.3,11.2,
288,밀양,2023-09-10,24.3,17.5,31.1,,.9,65.5,11.1,
288,밀양,2023-09-11,25.6,20.5,32.2,,.8,69.3,8.7,
288,밀양,2023-09-12,25.8,22.2,31.1,,.6,71.9,4.1,
288,밀양,2023-09-13,25.1,22.8,29,0,.4,76.8,.2,
288,밀양,2023-09-14,23.4,22.1,25.1,26.3,.5,84.3,0,
288,밀양,2023-09-15,24.5,22.1,27.2,1.1,.3,82.4,.4,
288,밀양,2023-09-16,23.7,23.1,24.6,29.9,.1,91.4,.1,
288,밀양,2023-09-17,24.4,21.7,27.9,63.1,.6,84,1.1,
288,밀양,2023-09-18,25.9,22.3,31.8,0,.6,77,8,
288,밀양,2023-09-19,25.1,21.3,30.7,,.5,72.4,8.1,
288,밀양,2023-09-20,22.9,19.9,25.9,47.4,.5,84.4,0,
288,밀양,2023-09-21,21,18.6,24.3,18.1,1.1,78.4,0,
288,밀양,2023-09-22,21.5,17.1,26.9,,.4,71.4,8.7,
288,밀양,2023-09-23,20.9,16.5,26.5,,1,64.9,6.6,
288,밀양,2023-09-24,22.3,19.5,27,,1.6,55.3,10,
288,밀양,2023-09-25,22.9,19.6,27.6,0,.9,65.6,3,
288,밀양,2023-09-26,22.1,20.6,24.7,8.9,.3,88.4,.1,
288,밀양,2023-09-27,24.3,21.6,28.6,,.4,77.6,3.5,
288,밀양,2023-09-28,23.6,19,29.4,,.8,69.9,8.7,
288,밀양,2023-09-29,22.1,16.7,29.7,0,.5,67.9,7.6,
288,밀양,2023-09-30,19.4,16,24,2.6,.6,74.9,5.3,
289,산청,2023-05-20,19.6,12.8,27.7,,1.3,77.1,9.7,
289,산청,2023-05-21,21,13.8,28.9,,1.9,67.1,11.4,
289,산청,2023-05-22,15.5,11.4,18.4,0,1,72.4,.1,
289,산청,2023-05-23,16.7,9,26.6,0,1.4,75.3,9,
289,산청,2023-05-24,17.6,10,26.7,,.9,67.4,6.8,
289,산청,2023-05-25,19.2,14.2,26.4,,1.4,64.1,6.2,
289,산청,2023-05-26,18.8,14,22.4,0,.9,75.6,.9,
289,산청,2023-05-27,21,17.3,25.5,0,1.6,78.5,.7,
289,산청,2023-05-28,22,19.6,24.7,.9,1.7,88.4,.1,
289,산청,2023-05-29,21,19.1,22.7,47.2,.6,99.5,0,
289,산청,2023-05-30,20.9,18.4,26.4,0,1.2,85.6,2.4,
289,산청,2023-05-31,20.7,15.7,27.3,.8,1.2,67,11.2,
289,산청,2023-06-01,16.4,13.2,18.1,12,.6,94.1,.2,
289,산청,2023-06-02,23.6,17.2,30.9,.1,2,67.4,10.7,
289,산청,2023-06-03,21.7,14.3,29.3,,1.9,61.4,12,
289,산청,2023-06-04,22.6,16.9,28.9,,2,45,10.2,
289,산청,2023-06-05,20.4,16.1,26,,1.5,64.5,3.1,
289,산청,2023-06-06,21,15,28.8,,1.1,75,9.2,
289,산청,2023-06-07,21.7,14.3,28.4,,1,71.9,8.5,
289,산청,2023-06-08,21.7,17.6,27.3,,1.7,74.8,7.7,
289,산청,2023-06-09,22.8,16.1,30.9,,1.5,71.3,10.3,
289,산청,2023-06-10,22.8,17.3,28.5,,2,75.3,9.5,
289,산청,2023-06-11,23.5,20.3,28.4,0,1.9,77.5,6.1,
289,산청,2023-06-12,23.5,18.4,29.3,,1.1,76.8,7.4,
289,산청,2023-06-13,23,18.6,28.5,,1.1,77.9,10.4,
289,산청,2023-06-14,19.4,15.9,27.2,4,1.1,85.5,4.3,
289,산청,2023-06-15,20.9,16.6,26.9,0,1.2,80.9,6.6,
289,산청,2023-06-16,23.5,15.5,31.6,,1.1,70.9,11.9,
289,산청,2023-06-17,24.5,17.8,32.1,,1.2,72.9,9.6,
289,산청,2023-06-18,26.2,19.7,33.7,,1.2,66.6,10.5,
289,산청,2023-06-19,25.5,18.4,31.6,,1.2,67.8,10.9,
289,산청,2023-06-20,22.7,17.8,27.7,1,1.7,69.3,6.2,
289,산청,2023-06-21,21.2,19,23.9,6.8,1.8,91.4,0,
289,산청,2023-06-22,23.4,18,28.6,,2.6,68.5,8.1,
289,산청,2023-06-23,23.8,16.8,31.6,,1.7,70.4,11.8,
289,산청,2023-06-24,24,18.9,30,,1.4,75.6,8.4,
289,산청,2023-06-25,21.8,19.9,25.8,16.8,1.4,87.3,1,
289,산청,2023-06-26,23.2,20.2,27.2,66.6,1.6,95.5,.6,
289,산청,2023-06-27,25.5,18.9,30.6,63.6,1.5,85.6,3.8,
289,산청,2023-06-28,22.6,18.4,28.6,30.3,1.3,90.8,4.5,
289,산청,2023-06-29,24.2,22.2,27.3,48.6,1.5,94.9,.1,
289,산청,2023-06-30,24,22.9,26.9,9,1,94.9,0,
289,산청,2023-07-01,25.3,22.8,29.1,0,1.3,89.9,6.7,
289,산청,2023-07-02,26.2,22.1,32.6,,1.3,83.4,6.7,
289,산청,2023-07-03,26.5,22.6,31.1,,1.4,83,5.4,
289,산청,2023-07-04,23.1,22.3,24.8,32.1,2.3,94.5,0,
289,산청,2023-07-05,25.3,20.8,31.1,14.8,2.3,79.4,5.9,
289,산청,2023-07-06,24.9,18.5,32.3,,1,79.1,7.1,
289,산청,2023-07-07,21.2,19.1,23.4,47.8,1,95.3,0,
289,산청,2023-07-08,23.3,19.7,27.3,,.9,93.8,2.6,
289,산청,2023-07-09,25.5,23,29.1,,1.2,92.6,1.7,
289,산청,2023-07-10,26.5,23.8,30.2,1.6,1.4,87.3,6.5,
289,산청,2023-07-11,23.9,21.8,29.4,29.3,1,96.1,.5,
289,산청,2023-07-12,25.1,22.3,28.8,8.6,1.2,93.5,4,
289,산청,2023-07-13,25.4,24,27.7,16.5,1.4,94.1,0,
289,산청,2023-07-14,25.4,24.4,27.3,22.7,2.9,90,.1,
289,산청,2023-07-15,25.4,21.7,28.3,34.9,1.6,89.1,0,
289,산청,2023-07-16,22.9,21.6,25.1,39.2,.9,98.3,.5,
289,산청,2023-07-17,24.8,22.6,29.9,21.9,1.1,95,2.1,
289,산청,2023-07-18,23.2,22.3,24,151.4,.6,100,0,
289,산청,2023-07-19,25.5,21.7,31.3,.3,1,88.6,5.6,
289,산청,2023-07-20,26.9,22.7,33.6,,.9,82.3,7.7,
289,산청,2023-07-21,25.8,21.4,31.5,,1.4,84,7.1,
289,산청,2023-07-22,23.7,20.8,25.5,1.1,2.4,86.6,0,
289,산청,2023-07-23,26,24.3,28.5,3.4,1.8,90.6,0,
289,산청,2023-07-24,25,23.5,26.6,19.4,1.1,94.3,.3,
289,산청,2023-07-25,25.3,23.8,30.2,14.8,.8,94.3,2.1,
289,산청,2023-07-26,25.7,23.2,31.8,4.4,.9,91.8,4.1,
289,산청,2023-07-27,27.2,23.2,32.7,,.9,85.6,5.3,
289,산청,2023-07-28,26.8,23.4,31.9,,.9,85.9,5.7,
289,산청,2023-07-29,27.9,22.6,34.4,,1,80.1,9.9,
289,산청,2023-07-30,27.4,23.1,33.6,,1.1,80.6,9.4,
289,산청,2023-07-31,28,22.1,34.9,,.8,77,10.7,
289,산청,2023-08-01,27.8,23,34.2,,.9,78.1,11.4,
289,산청,2023-08-02,28.1,21.9,35,,.9,78.5,10.6,
289,산청,2023-08-03,29,23.9,34.9,,.9,78.1,10.2,
289,산청,2023-08-04,28.5,23.5,34.8,,1,79.1,9.7,
289,산청,2023-08-05,29.5,23.1,36.4,,.9,77.8,10.9,
289,산청,2023-08-06,29.3,25.1,35,,.8,79.5,8.7,
289,산청,2023-08-07,29.7,24.7,35.4,,1,76.4,7.8,
289,산청,2023-08-08,28.7,24.1,35.1,2.3,1,78,7.6,
289,산청,2023-08-09,25.3,23.8,27.9,60.5,1,93.3,0,
289,산청,2023-08-10,24.3,22.2,27.8,152.7,4,84.6,1.9,
289,산청,2023-08-11,26.1,20.3,31.5,,1.9,80.4,10.3,
289,산청,2023-08-12,26.8,22.7,32.3,0,1,80,7.6,
289,산청,2023-08-13,27.2,22.1,32.8,,1,80.5,8,
289,산청,2023-08-14,27.5,23.7,33.1,,.8,79.3,9.6,
289,산청,2023-08-15,27.8,23,34.5,0,1.1,80.3,8.3,
289,산청,2023-08-16,27.1,23.9,32.3,0,1.2,85.9,6,
289,산청,2023-08-17,25.9,23,31.1,7.7,1.2,87.9,3,
289,산청,2023-08-18,26.5,23.7,30.9,1.4,.9,86.9,4.7,
289,산청,2023-08-19,26.7,23.9,32.5,4.9,.7,90.4,5,
289,산청,2023-08-20,27.7,24.5,32.7,.7,.7,89.4,5.8,
289,산청,2023-08-21,28.2,25.4,32.6,,1.6,82.8,11.5,
289,산청,2023-08-22,27.7,25.2,32.3,.3,1.7,81.8,3.8,
289,산청,2023-08-23,26.6,24.3,30.1,50.4,2.2,89.5,2.8,
289,산청,2023-08-24,24.5,23.8,27.4,43.2,1.1,98.8,0,
289,산청,2023-08-25,25.6,21.2,32,,1,81.9,10,
289,산청,2023-08-26,24.6,19.6,31.9,,.9,81.3,10.2,
289,산청,2023-08-27,25.4,20.2,31.5,2.2,1,84.1,8.7,
289,산청,2023-08-28,25.1,23.1,27.4,7.4,1.3,90,.3,
289,산청,2023-08-29,25.1,24,27.6,45.8,2.2,97.1,0,
289,산청,2023-08-30,23.8,21.8,26.3,114.6,1,99,0,
289,산청,2023-08-31,24.8,21.3,30,9,.7,88,2.7,
289,산청,2023-09-01,24.7,20.4,30.8,,.7,85,6.3,
289,산청,2023-09-02,23.6,19.4,28.4,0,.9,87.1,1,
289,산청,2023-09-03,25.8,22.6,31.4,1.6,.8,87.4,6.4,
289,산청,2023-09-04,26.3,23.1,31.6,,.6,86.5,3.9,
289,산청,2023-09-05,25.5,21.4,31.5,,.8,79.5,9.7,
289,산청,2023-09-06,24.5,19.2,31.3,,1.1,78.8,10.2,
289,산청,2023-09-07,22.8,18.2,29.1,,1.2,76.1,10.5,
289,산청,2023-09-08,22,15.9,29.1,,.8,78.9,9.5,
289,산청,2023-09-09,22.3,16.7,30.5,,.9,80.4,9.3,
289,산청,2023-09-10,22.6,18,29.8,,.7,79.5,8.5,
289,산청,2023-09-11,23.3,17.8,29.7,,.8,81.5,8,
289,산청,2023-09-12,24,19.8,29.5,,.6,85,2.7,
289,산청,2023-09-13,23.2,21.2,26.3,7.7,.4,93.5,0,
289,산청,2023-09-14,22.5,21.7,23.9,17.4,.7,98.4,0,
289,산청,2023-09-15,22.4,21.1,24.5,32.3,.4,98,0,
289,산청,2023-09-16,22.9,21.9,25.4,36.1,.8,98.4,.1,
289,산청,2023-09-17,24.2,21.6,27.4,17.1,1.1,91.4,1.1,
289,산청,2023-09-18,24.6,21.6,29.2,.3,.7,88.8,5.9,
289,산청,2023-09-19,22.9,19.2,29.6,,.8,83.5,7.2,
289,산청,2023-09-20,20.8,19,23.7,48.1,.8,98.3,0,
289,산청,2023-09-21,20.4,18.7,22.6,4.2,.8,95.9,0,
289,산청,2023-09-22,20.9,17.7,27.3,,.7,85.8,7,
289,산청,2023-09-23,19,14.8,25.5,,1.1,82.1,4.3,
289,산청,2023-09-24,19.2,13.9,25.5,,1,78.1,8,
289,산청,2023-09-25,20.6,16.2,26.6,0,.6,84.5,2.4,
289,산청,2023-09-26,21.2,20.1,23.1,.1,.5,94.6,0,
289,산청,2023-09-27,23,19.8,27.3,,1.2,81.5,3.8,
289,산청,2023-09-28,22.4,17.5,28.5,,1.6,78.6,6.5,
289,산청,2023-09-29,20.1,13.7,28.8,,.7,78.6,7.2,
289,산청,2023-09-30,19.2,15.1,24.8,5.7,1.5,80.1,5.7,
294,거제,2023-05-20,18.1,12.7,23.7,,1.1,76,12.4,
294,거제,2023-05-21,20.1,14.6,25,,1.5,74.9,12.3,
294,거제,2023-05-22,17.3,14.2,21.3,.7,.8,73.6,.6,
294,거제,2023-05-23,17.5,12.5,23.8,,1,67.3,12.4,
294,거제,2023-05-24,18.2,11.5,24.8,,1,63.1,7.7,
294,거제,2023-05-25,18.6,14.8,24.2,,1.3,62.6,7.8,
294,거제,2023-05-26,20.2,16.2,24.9,0,1.4,78.5,3.7,
294,거제,2023-05-27,22,19.6,25.5,0,1.1,75.6,5,
294,거제,2023-05-28,20.9,20,21.5,27.6,1.4,91.1,0,
294,거제,2023-05-29,20.5,18.8,22,16.6,2,95.3,0,
294,거제,2023-05-30,18.2,17.4,18.9,34.2,1.8,94.3,0,
294,거제,2023-05-31,19.3,15.6,23.9,.1,2.1,69.3,10.9,
294,거제,2023-06-01,17.3,15.3,18.7,22.7,.7,92.9,0,
294,거제,2023-06-02,22.8,17.5,30.3,1.2,1.3,74.6,10,
294,거제,2023-06-03,20.5,15.9,25.4,,1.5,71.8,12.2,
294,거제,2023-06-04,21.4,16.2,27.2,,1.2,57.6,9,
294,거제,2023-06-05,22.2,18.2,26.8,,1.2,57.1,3.7,
294,거제,2023-06-06,19.9,17.3,24.6,0,1.7,74,6.2,
294,거제,2023-06-07,20.7,15.9,25.5,,2.1,73.9,12.1,
294,거제,2023-06-08,21.2,18.4,25.4,,1.3,77.3,4.3,
294,거제,2023-06-09,21.5,18.5,25.8,,2.7,79.4,12.2,
294,거제,2023-06-10,22.5,19.4,26.9,,1.4,77.6,8.8,
294,거제,2023-06-11,22,19.5,25.6,2.2,.9,89.3,.4,
294,거제,2023-06-12,23,20.6,26.5,2.4,1.4,84.3,8,
294,거제,2023-06-13,22.4,19.5,27.7,,1.3,78.6,7.6,
294,거제,2023-06-14,22.1,18.3,27.8,,.8,80,5.3,
294,거제,2023-06-15,20.9,17.1,25.5,,1.1,81,6.9,
294,거제,2023-06-16,22.9,17.8,28.5,,1.6,69.3,11.4,
294,거제,2023-06-17,23.4,17.8,27.7,,1.8,59.1,10.4,
294,거제,2023-06-18,25.3,20.8,30.3,,1.4,62.4,11.2,
294,거제,2023-06-19,23.1,18.6,28.4,,1.8,72.9,11.7,
294,거제,2023-06-20,22.2,20.3,26.8,2.9,2.6,73.8,6,
294,거제,2023-06-21,21.2,19.1,24.2,18.5,1.4,92.9,.4,
294,거제,2023-06-22,23.4,19.4,28.4,,1.6,74.5,11,
294,거제,2023-06-23,22.9,18.9,27.7,,1.6,74.3,12.4,
294,거제,2023-06-24,22.1,18.9,26.2,,1.8,79.3,6.5,
294,거제,2023-06-25,21.4,19.9,23.8,38.4,1.2,89.4,.1,
294,거제,2023-06-26,23.6,21,24.3,12.8,1.5,95.8,0,
294,거제,2023-06-27,23.1,20,24.5,75.1,2,93.6,0,
294,거제,2023-06-28,22.4,19.1,26.5,54.7,1.2,89.3,5,
294,거제,2023-06-29,23.9,22.7,24.6,26.1,1.7,96.5,0,
294,거제,2023-06-30,23.2,21.4,24.9,23.5,1.9,93.3,0,
294,거제,2023-07-01,23.2,20.8,27.8,.5,1.2,86.8,4.7,
294,거제,2023-07-02,24.6,20.9,29.3,,1.4,85.5,6.4,
294,거제,2023-07-03,24.5,22.9,27.2,.2,1,89.6,1,
294,거제,2023-07-04,23.9,21.7,25.5,6.5,.9,91.9,.5,
294,거제,2023-07-05,25.8,22.5,30,31.5,2.2,81.5,8.7,
294,거제,2023-07-06,24.6,20.7,30.2,,1.4,78.8,10.2,
294,거제,2023-07-07,22.3,20.1,25.2,43.8,.9,93,0,
294,거제,2023-07-08,22.2,20.7,24.5,27.3,.5,98.1,0,
294,거제,2023-07-09,24.6,21.9,26.9,7.5,1.1,92.1,.6,
294,거제,2023-07-10,25.4,23.5,28.7,.1,1.8,88.5,2.8,
294,거제,2023-07-11,25.1,23.8,27.7,9.9,1.6,92.8,.8,
294,거제,2023-07-12,24.4,21.9,26.7,91.2,1.6,94.3,.4,
294,거제,2023-07-13,25.4,23.9,26.3,3.1,1.8,93.3,0,
294,거제,2023-07-14,25.6,25,26.2,17.6,2.2,91.4,0,
294,거제,2023-07-15,25.4,22.5,26.4,18.1,2.9,92.8,0,
294,거제,2023-07-16,23.7,21.8,26.5,169.6,1.5,97,0,
294,거제,2023-07-17,25.7,23.7,27.3,12.2,1.4,92.9,0,
294,거제,2023-07-18,24.8,23.7,26.4,152.9,1.4,96.1,0,
294,거제,2023-07-19,23.2,20.6,26.1,2.1,1.2,92,2.8,
294,거제,2023-07-20,24.5,20.1,30.4,,.7,87.5,7.2,
294,거제,2023-07-21,25,21.7,29.7,,1.7,81,9,
294,거제,2023-07-22,25,22.8,27,3.5,1.2,85.8,.1,
294,거제,2023-07-23,26.8,25.5,27.5,1.7,1.9,86.8,0,
294,거제,2023-07-24,25.8,24.3,28.5,14.7,1.6,91.5,0,
294,거제,2023-07-25,25.9,24.2,28.8,22.8,1,88.6,3.5,
294,거제,2023-07-26,27,24.1,30.8,,1,84.8,7.7,
294,거제,2023-07-27,27.5,23.5,33.1,,.8,81,9.3,
294,거제,2023-07-28,27.2,23.6,31.3,,.6,80.4,6.2,
294,거제,2023-07-29,27.7,23.2,33.3,,.7,78,10.8,
294,거제,2023-07-30,27.4,23.7,32.6,,.9,76.3,9.3,
294,거제,2023-07-31,28,23.3,33.7,,.9,75.9,11.4,
294,거제,2023-08-01,28.2,25.1,32,,1.3,77,7.6,
294,거제,2023-08-02,28.8,24.2,34,,1,74.8,11.7,
294,거제,2023-08-03,28.7,24.4,33.8,,.8,71.8,10.5,
294,거제,2023-08-04,28.6,24.4,33.6,,.8,74.4,9.1,
294,거제,2023-08-05,29.2,24.4,33.7,,1.2,75.6,12.7,
294,거제,2023-08-06,29.6,26.9,33.7,,1.6,72.4,6.4,
294,거제,2023-08-07,29.8,26.2,34.5,,1.5,72.4,11.6,
294,거제,2023-08-08,29.1,26.2,33,,1.7,72,5.7,
294,거제,2023-08-09,25.6,24.5,27.4,96,1.8,89,0,
294,거제,2023-08-10,25.1,23.7,26.8,162.1,2.7,86.3,.8,
294,거제,2023-08-11,26.8,22.7,29.7,,1.8,77.6,9.7,
294,거제,2023-08-12,26.9,24,30.2,,1.3,77,9.5,
294,거제,2023-08-13,26.6,23.4,31.1,,1.5,78.4,9.7,
294,거제,2023-08-14,26.6,24,30.8,,1.3,78,6.3,
294,거제,2023-08-15,26.4,22.6,31.5,,1.3,77.6,10.4,
294,거제,2023-08-16,26.2,24.8,29.4,0,1.1,83.6,.6,
294,거제,2023-08-17,25.5,24.1,28.3,0,1.5,84.3,2.4,
294,거제,2023-08-18,26.6,24.2,30.2,0,1,82.1,2.9,
294,거제,2023-08-19,26.3,24.5,27.2,24.8,1.2,93,0,
294,거제,2023-08-20,28,24.7,31.2,,1.6,80.6,10.5,
294,거제,2023-08-21,27.1,24,31.3,,.7,82.5,9,
294,거제,2023-08-22,27.8,24.5,30.9,0,1.4,80.4,5.4,
294,거제,2023-08-23,27.9,24.8,31.2,7.3,1.7,79.9,7,
294,거제,2023-08-24,26,23.7,29.1,67.9,2.3,89.3,.1,
294,거제,2023-08-25,26.6,24,29.9,,1.8,78.9,10.6,
294,거제,2023-08-26,26.6,23.1,30.8,,1,79.1,12,
294,거제,2023-08-27,26.4,22.9,30.5,,1.6,79.3,7.8,
294,거제,2023-08-28,26.2,24.1,28.4,.2,1.6,82.6,1,
294,거제,2023-08-29,26.8,25,28.7,45.8,2.3,85.5,.3,
294,거제,2023-08-30,26,24.5,28,9.5,1.4,88.3,.1,
294,거제,2023-08-31,25.6,24.1,29.2,13.9,1,89.8,2.7,
294,거제,2023-09-01,23.8,23.2,24.9,133,.6,97.5,0,
294,거제,2023-09-02,23.6,22.6,25.2,14.2,.5,96.8,0,
294,거제,2023-09-03,25.4,21.9,30,,1,86.8,6.1,
294,거제,2023-09-04,26.1,22.3,30.3,,1.1,81.3,8.2,
294,거제,2023-09-05,25.6,21.6,30.5,,1.2,68.9,11.1,
294,거제,2023-09-06,25.5,21.7,29.9,,1.2,70.9,8.7,
294,거제,2023-09-07,24.3,20.1,29,,1.1,67.6,9.1,
294,거제,2023-09-08,23.5,19.6,27.8,,1.3,70.8,9.4,
294,거제,2023-09-09,23,18.3,28.1,,1.1,75.6,11.3,
294,거제,2023-09-10,23.8,19,28.8,,1.1,79.1,6.8,
294,거제,2023-09-11,24.2,21,28.7,0,.6,83.5,4.8,
294,거제,2023-09-12,24.7,21.6,29.3,,.5,82.6,2.2,
294,거제,2023-09-13,25.8,22.9,29.2,,1,84.9,.9,
294,거제,2023-09-14,23.7,23,25.7,10.2,1.3,91.1,0,
294,거제,2023-09-15,23.7,22.5,26.4,3,.8,93.8,0,
294,거제,2023-09-16,23.4,22.4,27.1,78.3,.7,97.9,.2,
294,거제,2023-09-17,24.2,22.6,27.1,36.2,1.2,90.1,.8,
294,거제,2023-09-18,24.6,20.7,29,40.8,1,87.8,5.6,
294,거제,2023-09-19,23.9,21.2,28.8,,.9,84.8,8.6,
294,거제,2023-09-20,24,20.3,27,41.4,1.4,89.5,0,
294,거제,2023-09-21,21.3,19.2,26.7,18,1.6,89.6,0,
294,거제,2023-09-22,21.1,17.9,25.7,0,1.1,79.6,4.2,
294,거제,2023-09-23,21,16.8,25.8,,1,70.5,5.7,
294,거제,2023-09-24,22.5,20.2,26.5,,1.6,63.8,6.2,
294,거제,2023-09-25,23,19.7,27.6,,1.1,75,2.5,
294,거제,2023-09-26,23,20.7,25.2,.5,.5,88.3,.2,
294,거제,2023-09-27,24.3,21.7,28,,1.2,77.4,3.7,
294,거제,2023-09-28,23.5,19.8,28.3,,1,77.3,9.9,
294,거제,2023-09-29,22.5,18.6,27.7,,.9,75.8,10.4,
294,거제,2023-09-30,19.4,17.1,22.5,1.6,.7,83.3,1.8,
295,남해,2023-05-20,18.7,14.6,24.1,,1.1,78.9,11.6,
295,남해,2023-05-21,20.9,14.9,26.7,,1.3,71.1,12.3,
295,남해,2023-05-22,17.5,14.5,20.8,.3,1,65.9,.8,
295,남해,2023-05-23,16.5,12.7,23.9,1.2,1.3,74.9,10.4,
295,남해,2023-05-24,18.1,12.8,24,,.9,67.4,5.9,
295,남해,2023-05-25,18.7,15.7,24.2,,1.1,63.6,8.8,
295,남해,2023-05-26,20,16,24.7,,1.2,80.4,3.2,
295,남해,2023-05-27,21.8,19.3,24.7,0,1.6,77.3,3.9,
295,남해,2023-05-28,21.8,20.7,23,8.8,1.9,91.4,0,
295,남해,2023-05-29,22.3,19.2,25.1,18.3,1.5,92.4,0,
295,남해,2023-05-30,19.1,18,20.4,16,.7,96.4,0,
295,남해,2023-05-31,20,16.1,25.3,.5,1.7,65.3,10.4,
295,남해,2023-06-01,17.2,15.8,18.2,2.7,.6,86.5,0,
295,남해,2023-06-02,23.3,17.7,30.6,.3,1.2,71.4,10.7,
295,남해,2023-06-03,22.2,17.1,27.3,,1.2,64.3,11.7,
295,남해,2023-06-04,23.1,16.4,28.2,,1.1,47.9,9.8,
295,남해,2023-06-05,22.3,18.4,26.6,,1.1,56.8,.6,
295,남해,2023-06-06,20.5,17.4,25.1,,1.1,71.9,9.5,
295,남해,2023-06-07,21.7,16.5,28.3,,1.1,69.5,11,
295,남해,2023-06-08,21,17.7,26.4,,.9,76,6.6,
295,남해,2023-06-09,21.5,17,27,,1.2,79.8,8.9,
295,남해,2023-06-10,22.1,18.4,26,0,1.2,81.1,7.6,
295,남해,2023-06-11,22.5,20.1,27.4,.3,.9,86.6,6.1,
295,남해,2023-06-12,23.3,20.2,27.6,.1,1,80.5,7.7,
295,남해,2023-06-13,22.6,19.2,27.3,,1,78.5,8.3,
295,남해,2023-06-14,22.3,19.1,27.9,,1.2,75.4,8.1,
295,남해,2023-06-15,21,18.6,24.9,.9,1.3,83.3,7.2,
295,남해,2023-06-16,22.8,18.3,29.5,,1.1,71.3,10.3,
295,남해,2023-06-17,23.6,18.7,29.7,,1,67.3,9.1,
295,남해,2023-06-18,24.5,20.3,30.6,,.9,68.5,10.3,
295,남해,2023-06-19,24.1,19.6,30.1,,1.3,71.4,10.5,
295,남해,2023-06-20,22.7,18.8,26.9,24.5,1.7,71.8,5.9,
295,남해,2023-06-21,21.4,19.7,23.4,13.6,.9,94.3,0,
295,남해,2023-06-22,24.3,19,28.9,,2,66.4,11.3,
295,남해,2023-06-23,23.1,19.1,28.1,,1.1,72.5,11.8,
295,남해,2023-06-24,22.4,19.5,27.3,,1.1,81.8,6,
295,남해,2023-06-25,21,19.2,22.2,61.6,1,93,0,
295,남해,2023-06-26,24,20.9,26.9,9.3,1.9,94.5,0,
295,남해,2023-06-27,24.4,20,28.2,129.3,2,90.8,2.5,
295,남해,2023-06-28,22.5,18.5,25.5,80.3,.8,90.1,1.1,
295,남해,2023-06-29,24.6,22.7,26.6,8.8,1.8,93.5,0,
295,남해,2023-06-30,24.2,22.7,26.1,33.2,1.6,91.8,0,
295,남해,2023-07-01,23.5,21.6,27.7,.2,.7,93.1,3,
295,남해,2023-07-02,24.3,21.3,29.8,,.7,88.4,5.3,
295,남해,2023-07-03,25,22.8,29,.4,.8,90.1,4.4,
295,남해,2023-07-04,23.6,22.8,24.8,15.6,.8,95.9,0,
295,남해,2023-07-05,26.5,22.4,30.4,26.1,2.6,77.4,8.3,
295,남해,2023-07-06,25.2,20.2,31.1,,.9,74.6,8.9,
295,남해,2023-07-07,22,20.5,24.3,46.5,.8,96.9,0,
295,남해,2023-07-08,22.5,20.5,25,11.4,.3,98.4,0,
295,남해,2023-07-09,25.1,22.5,28.4,6.5,.6,93.6,.2,
295,남해,2023-07-10,25.8,22.8,29.1,6.9,1.3,86.1,4.1,
295,남해,2023-07-11,26.2,24.6,28.3,5.5,1.6,88.3,.3,
295,남해,2023-07-12,24.6,22.2,27.2,149.4,.8,96.1,.1,
295,남해,2023-07-13,25.9,24.6,28.8,0,1.4,91.3,0,
295,남해,2023-07-14,26.3,25.1,27.1,21.7,2.3,88.3,0,
295,남해,2023-07-15,26.3,21.6,28.9,6.4,2.3,85.3,.1,
295,남해,2023-07-16,22.8,21.7,24,237.8,.5,98.8,0,
295,남해,2023-07-17,25.5,23,28.8,5.2,1,94.5,.1,
295,남해,2023-07-18,24.7,23.3,26.4,87.9,1.2,96.9,0,
295,남해,2023-07-19,24.9,23.3,27.6,.4,.8,91.9,.7,
295,남해,2023-07-20,25.1,21.7,29.9,,.6,87.6,7,
295,남해,2023-07-21,24.9,21.7,30.2,,1.1,84.1,6.2,
295,남해,2023-07-22,24.2,21.5,27.3,4.3,1,90.4,.1,
295,남해,2023-07-23,27,25.3,28.2,13.4,2.7,87.4,0,
295,남해,2023-07-24,25.9,23.7,28.4,17,1.7,91.3,.6,
295,남해,2023-07-25,25.9,23.4,29.7,4.7,.8,89.5,3.9,
295,남해,2023-07-26,26,22.7,30.5,42.5,.8,90.5,5.2,
295,남해,2023-07-27,27.1,23.4,32.4,,.9,82.4,8.6,
295,남해,2023-07-28,26.7,23.9,30.8,,.8,84.4,2.3,
295,남해,2023-07-29,27.7,23.1,32.9,,1,74.8,10.4,
295,남해,2023-07-30,27,23.3,32,,1,76.1,9.3,
295,남해,2023-07-31,27.9,23.4,33.5,,1,73.6,10.7,
295,남해,2023-08-01,27.7,24.2,33.3,,1.3,77.9,10.7,
295,남해,2023-08-02,28.1,23.9,34,,1.2,71.8,12.1,
295,남해,2023-08-03,28.3,24,33.7,,1,74.5,12,
295,남해,2023-08-04,28.3,24.1,33.7,,.9,74.9,10.5,
295,남해,2023-08-05,29.1,24.1,34.6,,.9,73.3,12.1,
295,남해,2023-08-06,28.6,25.9,33.5,,1.3,77.9,6.3,
295,남해,2023-08-07,29.3,25.7,35.1,,1.2,76.5,10.5,
295,남해,2023-08-08,29.1,25.5,33.8,,1.7,74.9,9.4,
295,남해,2023-08-09,25.2,24.4,27.3,73.3,2.1,93.3,0,
295,남해,2023-08-10,24.8,23.2,27.8,130.2,3.1,84.9,1.1,
295,남해,2023-08-11,26.9,23.4,30,,1.9,77.9,8.7,
295,남해,2023-08-12,26.9,23.1,31.7,,1,78.3,8.9,
295,남해,2023-08-13,26.5,23.7,30.9,,1,82,8.9,
295,남해,2023-08-14,26.9,23.2,31.8,,1,80.8,10.1,
295,남해,2023-08-15,27.3,24,32.5,0,1.4,77.9,9,
295,남해,2023-08-16,27.1,24.8,29.8,4.4,1.2,83.4,4.2,
295,남해,2023-08-17,26.2,24.2,29.9,12.5,.9,87.9,5.1,
295,남해,2023-08-18,26.3,23.5,29.6,0,.8,85.3,1.2,
295,남해,2023-08-19,26.6,24.8,29.9,23.4,.8,91.6,2.5,
295,남해,2023-08-20,27.7,24.5,32,,1.1,83.3,11.3,
295,남해,2023-08-21,27.3,24,31.5,,,83.8,9.2,
295,남해,2023-08-22,28.2,25.6,30.7,.3,,81.6,3.5,
295,남해,2023-08-23,28.2,26.3,31,4.5,,81.3,3,
295,남해,2023-08-24,26.5,24.3,29.3,56.4,,89.9,1.2,
295,남해,2023-08-25,26.8,22.8,31.8,,,76.1,10,
295,남해,2023-08-26,26,22.4,31.5,,,78.5,11.3,
295,남해,2023-08-27,26.9,23.7,31.5,,,80,8.8,
295,남해,2023-08-28,25.9,24.2,29.1,30.6,,87.1,1,
295,남해,2023-08-29,26.9,25,29.2,32.6,,87.8,1.3,
295,남해,2023-08-30,26.1,24.5,27.5,27.8,,90.6,.1,
295,남해,2023-08-31,25.1,22.8,28.6,8.2,,87.9,2.7,
295,남해,2023-09-01,25,23.4,27.4,8.9,1,89.5,.5,
295,남해,2023-09-02,23.8,22.3,26.4,10.4,1,93.1,.6,
295,남해,2023-09-03,26.1,24,30.3,0,1,87.1,5.6,
295,남해,2023-09-04,26.6,23.5,31.1,,1.2,84.3,7.5,
295,남해,2023-09-05,26.3,23.2,30.6,,1.5,72.8,10.2,
295,남해,2023-09-06,25.6,22,30.9,,1.7,71.8,10.1,
295,남해,2023-09-07,25.3,22,29.5,,2,64.8,10.8,
295,남해,2023-09-08,23.7,20.2,28.8,,1.4,69.9,9.8,
295,남해,2023-09-09,23.6,20.4,29,,1.3,75.6,11.2,
295,남해,2023-09-10,23.8,20.3,28.7,,1.2,80.9,8.4,
295,남해,2023-09-11,24.5,21.8,29.6,,1.2,83.5,5.4,
295,남해,2023-09-12,24.8,22,28.9,,1.2,80.6,3.9,
295,남해,2023-09-13,25.2,22.3,28.2,7.1,1.1,85.3,1.5,
295,남해,2023-09-14,23.5,22.2,25.7,36.2,.8,96.4,0,
295,남해,2023-09-15,23.5,22.2,24.9,4.4,1.5,94.8,0,
295,남해,2023-09-16,23.7,23.3,24.8,102.2,.9,97.9,0,
295,남해,2023-09-17,24.5,22.9,27.3,51.3,1.3,91.6,.7,
295,남해,2023-09-18,25,22.4,29.5,0,1,87.5,5.5,
295,남해,2023-09-19,23.7,20.6,28.1,,.9,84.8,6.3,
295,남해,2023-09-20,24.2,20.8,27.5,42.8,1.7,91.5,0,
295,남해,2023-09-21,21.8,20.1,26.6,15.3,2,94.6,0,
295,남해,2023-09-22,21.4,19.6,25.5,,1.2,85.9,5.3,
295,남해,2023-09-23,21.9,19.4,25.5,,1.9,71.3,5.4,
295,남해,2023-09-24,22,19.3,26.6,,2.6,66.1,10.6,
295,남해,2023-09-25,22,19.7,24.9,0,1.4,76.8,1.2,
295,남해,2023-09-26,23.5,21.1,26.6,.1,1.1,85.1,.9,
295,남해,2023-09-27,24.2,20.8,28.4,,1.9,74.8,5.4,
295,남해,2023-09-28,23.9,20.8,28.7,,1.7,71.4,8.8,
295,남해,2023-09-29,22.2,18.5,27.7,,1.4,75,10.4,
295,남해,2023-09-30,19.7,17.1,22.7,2.2,1,81.6,2.8,
296,북부산,2023-05-20,18.7,12.9,24,,2.3,71.8,11.6,28.46
296,북부산,2023-05-21,20.8,13.8,26.5,,1.8,74.5,11.6,26.75
296,북부산,2023-05-22,17.4,12.7,21.8,.5,1.2,67.5,.4,7.62
296,북부산,2023-05-23,17.7,11.5,24.3,,1.9,64.1,10.6,27.33
296,북부산,2023-05-24,18.2,10.8,24.7,,1.5,67.9,7.4,23.07
296,북부산,2023-05-25,19,14.3,24.1,,2.2,62.4,9.1,28.41
296,북부산,2023-05-26,20,16.7,23.8,,2.1,80.8,2.6,14.9
296,북부산,2023-05-27,22.1,18.6,25.9,,2.3,77.6,5.3,20.07
296,북부산,2023-05-28,21,20.4,21.9,5,2.5,90.9,0,2.81
296,북부산,2023-05-29,20.9,18.9,22.4,70,2.1,95.3,0,2.2
296,북부산,2023-05-30,20.1,18.4,23,1,2.3,83,.2,9.82
296,북부산,2023-05-31,21,15.4,26.5,,2.8,53.9,9.3,27.63
296,북부산,2023-06-01,17.3,13.6,20.4,7.5,1,84.1,0,6.22
296,북부산,2023-06-02,23.7,18.5,32,.5,1.7,68.1,10.5,28.55
296,북부산,2023-06-03,21,15.4,26.6,,2,69.3,11.3,28.55
296,북부산,2023-06-04,21.7,14.6,29.6,,1.6,59.9,10.3,26.36
296,북부산,2023-06-05,22,16.9,27.7,,1,61.3,2.3,15.14
296,북부산,2023-06-06,20.7,17.1,24.7,,1.8,70.9,9.5,26.29
296,북부산,2023-06-07,21.6,15.5,27.1,,1.8,72,9.3,23.86
296,북부산,2023-06-08,21.7,18.1,26.7,,1.5,73.4,7.4,21.35
296,북부산,2023-06-09,21.8,16.5,26.7,,2.1,79.4,11.8,28.41
296,북부산,2023-06-10,22.9,18,27.5,,2.1,75.8,10.9,27.37
296,북부산,2023-06-11,22.5,19.7,26.7,0,2,85.5,4.3,16.68
296,북부산,2023-06-12,24.1,20.7,28.3,,1.5,78.9,7.7,23.93
296,북부산,2023-06-13,23.6,20.4,27.3,,1.8,77.3,6.2,22.05
296,북부산,2023-06-14,22.3,18.7,27.7,0,1.4,77,4.4,18.85
296,북부산,2023-06-15,21.3,16.3,26.4,2.5,1.3,79,8.9,25.13
296,북부산,2023-06-16,23.8,17.5,29.9,,1.6,70.3,11.6,28.51
296,북부산,2023-06-17,23.6,17.6,29.3,,2.1,69.4,9.7,26.16
296,북부산,2023-06-18,25.1,19.9,31.6,,1.7,67.8,10.4,26.87
296,북부산,2023-06-19,25.4,19.7,31.3,,2.8,65.1,11,26.84
296,북부산,2023-06-20,24,20.4,30.1,1,2.8,64.5,8,23.81
296,북부산,2023-06-21,21.7,19.7,24.8,17.5,1.7,92.6,.1,5.31
296,북부산,2023-06-22,24.1,21,28.3,,1.3,76.9,5.2,19.53
296,북부산,2023-06-23,23.7,19.1,28.4,,1.5,74.5,8.1,21.63
296,북부산,2023-06-24,23.3,18.5,29.4,,1.4,75.3,7.3,22.97
296,북부산,2023-06-25,22.8,19,27.4,27,1.4,82.1,.8,14.22
296,북부산,2023-06-26,23.9,21.7,26,8.5,3.3,95.3,.1,6.56
296,북부산,2023-06-27,24.5,21.2,28.1,16,3.6,91.4,1.2,10.92
296,북부산,2023-06-28,23.5,20.4,28.3,34,2.1,87.1,3.8,18.37
296,북부산,2023-06-29,25,23.5,26.7,2.5,3,93.3,0,6.21
296,북부산,2023-06-30,24.5,23.2,26.7,8.5,2.6,91.1,.1,6.02
296,북부산,2023-07-01,24.6,21.4,28.6,,1.9,82.4,2.6,16.61
296,북부산,2023-07-02,25.2,20.7,30.5,,1.8,84.8,7.4,23.36
296,북부산,2023-07-03,26.1,22,30.5,,1.5,82.3,2.3,14.4
296,북부산,2023-07-04,24.8,22.4,29,5.5,1.3,88.6,.9,11.39
296,북부산,2023-07-05,27.1,22.8,33.2,28,2.9,77.5,7.8,24.21
296,북부산,2023-07-06,25.2,20.5,30.8,,1.2,80.9,5.3,20.56
296,북부산,2023-07-07,22.7,20.2,26,54.5,1.9,90.1,0,4.42
296,북부산,2023-07-08,23.1,20.7,25,7.5,.5,96,0,3.33
296,북부산,2023-07-09,25.2,22.9,28.7,0,1.5,92.3,.7,12.11
296,북부산,2023-07-10,26.5,23.7,30.1,.5,2.7,88,4.9,19.04
296,북부산,2023-07-11,25.1,23,29.4,33.5,1.9,93,.4,6.94
296,북부산,2023-07-12,25.3,23.1,27.6,32,1.9,92.1,.6,8
296,북부산,2023-07-13,25.8,24.7,27.5,11.5,2,93.9,0,6.74
296,북부산,2023-07-14,25.2,24.5,25.9,20.5,4.3,95.1,0,3.9
296,북부산,2023-07-15,25.9,24.6,28.4,6,3.6,92.8,.2,8.79
296,북부산,2023-07-16,24.1,22.6,25.9,153.5,1,96.9,0,5.09
296,북부산,2023-07-17,26.6,23.9,30.2,9,2,92.3,4.8,21.33
296,북부산,2023-07-18,25.3,24.3,28.1,78,2,95.5,0,5.47
296,북부산,2023-07-19,24.9,22.5,28.2,2,1.3,88.4,1.9,10.78
296,북부산,2023-07-20,25.1,21.9,30.1,,1.4,86.4,5,20.92
296,북부산,2023-07-21,26.6,22.1,32.3,,1.8,75.6,10.2,26.73
296,북부산,2023-07-22,25.6,21.7,28.9,.5,1.8,80.6,1.9,13.21
296,북부산,2023-07-23,26.8,24.6,29.4,6.5,3.5,92.1,2.2,17.53
296,북부산,2023-07-24,26.1,24.3,29.9,16.5,2.9,94.4,2.3,14.4
296,북부산,2023-07-25,26.7,24.2,30.4,12.5,1.7,88.4,6.9,18.73
296,북부산,2023-07-26,27.9,24.5,31.8,,1.7,83.9,9.7,25.61
296,북부산,2023-07-27,28.8,24.8,33.8,,1.5,77.5,11.1,26.72
296,북부산,2023-07-28,29.2,24.9,34.1,,1.4,77.3,10.1,24
296,북부산,2023-07-29,29.4,24.6,34.7,,1.6,72.3,11.6,27.13
296,북부산,2023-07-30,28.9,24.5,33.3,,1.9,73,11.2,27.42
296,북부산,2023-07-31,28.9,23.8,34.9,,1.5,72.5,10.5,23.95
296,북부산,2023-08-01,29.4,24.7,34.4,,2.2,67.1,11.1,26.86
296,북부산,2023-08-02,29.4,24,34.6,,1.7,70.8,10.4,23.87
296,북부산,2023-08-03,29.9,25,35,,1.7,70.6,11.3,26.64
296,북부산,2023-08-04,30,25.1,35.1,,1.7,71.6,10.7,24.71
296,북부산,2023-08-05,30.2,24.9,35.6,,1.6,70.1,9.6,23.46
296,북부산,2023-08-06,31,26.7,35.7,,2.8,64.6,8.5,22.67
296,북부산,2023-08-07,30.3,27.6,34.7,,4.3,68,9.8,23.34
296,북부산,2023-08-08,29,27,32.7,,5.2,69.9,10.3,25.69
296,북부산,2023-08-09,25.8,24.6,27,51.5,5.6,84.6,0,3.04
296,북부산,2023-08-10,25.7,25,27.3,179,5.3,85.4,.2,4.64
296,북부산,2023-08-11,27.2,23.9,31.1,,2.7,75.6,10.8,25.97
296,북부산,2023-08-12,27.3,23.9,31.1,0,1.9,75.3,8.1,24.17
296,북부산,2023-08-13,27,21.7,32.5,,1.7,73.9,8.7,22.65
296,북부산,2023-08-14,27.7,23.8,32.3,,2.3,73,4,17.29
296,북부산,2023-08-15,28.2,24.9,33.2,,3,65.3,9,23.86
296,북부산,2023-08-16,26.6,24.2,29.1,0,1.6,78.4,.8,12.38
296,북부산,2023-08-17,26.5,24.3,29.4,,2.1,78.4,2.4,12.38
296,북부산,2023-08-18,27,24.8,30.3,1,1.5,81.1,3.3,13.56
296,북부산,2023-08-19,26.8,25.3,28.9,29.5,1.2,92.3,.2,6.76
296,북부산,2023-08-20,28.8,25.8,32.5,1.5,1.3,82.3,9,24.09
296,북부산,2023-08-21,28.5,25,32.9,,1.4,77.3,11.1,24.18
296,북부산,2023-08-22,28.1,24.9,32,,2.8,81.4,8.7,23.52
296,북부산,2023-08-23,28.5,25.4,32.6,1,2.2,80.3,10,24.77
296,북부산,2023-08-24,26.3,24.3,29.9,123,3,89.4,.4,8.49
296,북부산,2023-08-25,26.9,23.5,31.8,4,1.7,78,6.5,18.51
296,북부산,2023-08-26,27.2,22.7,32.6,,1.4,74.8,9.6,22.47
296,북부산,2023-08-27,27.4,22.9,32.5,,2.6,71.3,9.1,20.81
296,북부산,2023-08-28,27.4,25,31.1,,3,75.3,3.5,15.41
296,북부산,2023-08-29,27,25,30.3,16.5,3.2,86.3,1.2,9.39
296,북부산,2023-08-30,27.2,25.5,28.6,3,1.7,87.3,0,4.91
296,북부산,2023-08-31,27.3,24.8,31.7,4,1.2,82.9,3.8,15.81
296,북부산,2023-09-01,24.6,23.8,26.1,49.5,1.3,93.4,0,3.84
296,북부산,2023-09-02,24.7,23.1,29.9,27.5,1.7,88.9,1.7,10.03
296,북부산,2023-09-03,26.6,22.1,31.8,,1.4,80.3,6.9,18.11
296,북부산,2023-09-04,27.1,22.5,31.8,,2.7,75.1,8,19.03
296,북부산,2023-09-05,26.8,24.4,30.8,,4.2,63.3,10.6,22.84
296,북부산,2023-09-06,26.7,23.7,30.1,,4.5,64.5,9.7,21.75
296,북부산,2023-09-07,25.4,22.4,29.2,,4.6,62,8.8,20.64
296,북부산,2023-09-08,24.9,21.3,29.4,,3.4,61.6,8.6,19.95
296,북부산,2023-09-09,23.6,17.4,30.1,,1.7,70.9,11,23.84
296,북부산,2023-09-10,24.4,18.3,30.7,,1.7,71.3,7.6,18.73
296,북부산,2023-09-11,25.3,20.2,30.6,,1.6,75.8,5.9,16.99
296,북부산,2023-09-12,25.9,21.8,30.6,,1.5,77.4,4.6,16.93
296,북부산,2023-09-13,26.5,22.8,30.8,0,1.8,76.5,.6,11.17
296,북부산,2023-09-14,23.8,22.1,26.3,20.5,2.6,86.1,0,5.32
296,북부산,2023-09-15,25,23.4,27.2,0,2.3,83.3,.1,7.74
296,북부산,2023-09-16,23.9,22.8,25.1,38.5,1.4,92.5,.2,2.94
296,북부산,2023-09-17,24,22.3,26.9,123,1.4,91.9,0,4.94
296,북부산,2023-09-18,25.1,21.9,30,.5,1.5,84.6,6.5,17.45
296,북부산,2023-09-19,24.7,21.1,31.1,,1.3,79.9,8.5,18.06
296,북부산,2023-09-20,23.9,20.4,26.6,44,2.1,87.8,0,5.17
296,북부산,2023-09-21,21.8,19.3,26.5,18.5,3.8,77,0,6.32
296,북부산,2023-09-22,22,18.7,26.7,,1.8,70.3,5.7,15.9
296,북부산,2023-09-23,20.8,15.2,26.2,,3,67.9,5.7,16.48
296,북부산,2023-09-24,22.7,20.6,26.3,,4.5,59.1,8.5,18.81
296,북부산,2023-09-25,23.8,21,27.6,0,3.3,67.1,3.7,15.39
296,북부산,2023-09-26,22.8,21.6,25,.5,1,87.1,0,3.89
296,북부산,2023-09-27,24.8,21,28.5,,1,77.3,3.1,11.19
296,북부산,2023-09-28,24.2,19.2,30,,1.5,70.5,7.7,17.77
296,북부산,2023-09-29,22.5,16.6,29.7,,1.4,71.9,9,19.56
296,북부산,2023-09-30,19.8,16,24.9,1,1,77,2.9,8.45
